"Time (s)","w","x","y","z","Direct (°)","Yaw (°)","Pitch (°)","Roll (°)"
1.443274994E-2,7.102597033E-1,-1.475974996E-1,6.769705833E-3,6.882588785E-1,8.948790114E1,-1.183197224E1,1.228573231E1,8.691952907E1
2.445475000E-2,7.103498969E-1,-1.481931188E-1,7.533796587E-3,6.880298531E-1,8.947321793E1,-1.182639613E1,1.239357726E1,8.688250760E1
3.447674995E-2,7.104143934E-1,-1.488322284E-1,8.156532078E-3,6.878182641E-1,8.946271695E1,-1.183543150E1,1.249345483E1,8.684823640E1
4.449775000E-2,7.103902024E-1,-1.491129475E-1,8.329428988E-3,6.877803306E-1,8.946665571E1,-1.184638509E1,1.252984871E1,8.684199186E1
5.451974995E-2,7.103042137E-1,-1.490886603E-1,8.159039816E-3,6.878765190E-1,8.948065524E1,-1.185606078E1,1.251528042E1,8.685739601E1
6.454175001E-2,7.102123427E-1,-1.490618233E-1,7.956355621E-3,6.879795166E-1,8.949561051E1,-1.186794740E1,1.249793143E1,8.687388096E1
7.456274994E-2,7.101050830E-1,-1.490864898E-1,7.753155128E-3,6.880871979E-1,8.951306838E1,-1.188418431E1,1.248477154E1,8.689108175E1
8.458475000E-2,7.099414847E-1,-1.489676041E-1,7.327651082E-3,6.882862838E-1,8.953969087E1,-1.190413368E1,1.244305124E1,8.692303019E1
9.460674995E-2,7.096984785E-1,-1.485934033E-1,6.586677875E-3,6.886251319E-1,8.957922399E1,-1.192483580E1,1.235683178E1,8.697764743E1
1.046277500E-1,7.093612734E-1,-1.486137338E-1,6.301443809E-3,6.889707664E-1,8.963405897E1,-1.194309077E1,1.234050415E1,8.703333335E1
1.146497499E-1,7.090947130E-1,-1.498922058E-1,7.250359030E-3,6.889590733E-1,8.967738730E1,-1.197716416E1,1.252241696E1,8.703087289E1
1.246717500E-1,7.091660834E-1,-1.515419388E-1,8.168928520E-3,6.885142818E-1,8.966578794E1,-1.205300038E1,1.272452961E1,8.695811449E1
1.346937499E-1,7.092560097E-1,-1.521248297E-1,7.984894306E-3,6.882951333E-1,8.965117114E1,-1.212109756E1,1.275251388E1,8.692192780E1
1.447147500E-1,7.092286011E-1,-1.515489194E-1,7.257497653E-3,6.884584234E-1,8.965562639E1,-1.212648454E1,1.264823272E1,8.694832706E1
1.547367499E-1,7.091512754E-1,-1.503872469E-1,6.574086504E-3,6.887995883E-1,8.966819469E1,-1.207545726E1,1.250339079E1,8.700416635E1
1.647587500E-1,7.089892728E-1,-1.493376428E-1,6.124358557E-3,6.891987091E-1,8.969452164E1,-1.201468436E1,1.238800362E1,8.706944040E1
1.747797499E-1,7.086973776E-1,-1.487702409E-1,5.911190334E-3,6.896234512E-1,8.974194203E1,-1.197592369E1,1.233160974E1,8.713855456E1
1.848017500E-1,7.083347731E-1,-1.484801125E-1,5.850477799E-3,6.900588011E-1,8.980082219E1,-1.194855057E1,1.231042816E1,8.720923599E1
1.948237499E-1,7.080014778E-1,-1.481724247E-1,5.835826501E-3,6.904671178E-1,8.985491633E1,-1.191654352E1,1.229117662E1,8.727560733E1
2.048447500E-1,7.076724887E-1,-1.478239282E-1,5.777995756E-3,6.908793891E-1,8.990828646E1,-1.188444690E1,1.226508000E1,8.734265523E1
2.148667499E-1,7.073008332E-1,-1.472714463E-1,5.431348464E-3,6.913806040E-1,8.996854821E1,-1.185644569E1,1.219997896E1,8.742416344E1
2.248887500E-1,7.068701925E-1,-1.461196888E-1,4.385369051E-3,6.920724709E-1,9.003833443E1,-1.183001231E1,1.203156897E1,8.753684012E1
2.349097499E-1,7.064313674E-1,-1.443732446E-1,2.763616272E-3,6.928949166E-1,9.010940328E1,-1.179719377E1,1.176953734E1,8.767130244E1
2.449317500E-1,7.060437744E-1,-1.421076882E-1,6.372392761E-4,6.937629836E-1,9.017213839E1,-1.176059565E1,1.142458495E1,8.781416595E1
2.549537499E-1,7.056747580E-1,-1.392142912E-1,-2.206909087E-3,6.947212129E-1,9.023183492E1,-1.172774254E1,1.097119829E1,8.797351646E1
2.649747500E-1,7.051732158E-1,-1.354419217E-1,-6.185808662E-3,6.959511370E-1,9.031292082E1,-1.170877244E1,1.035798162E1,8.818084976E1
2.749967499E-1,7.043995396E-1,-1.306178830E-1,-1.156586968E-2,6.975862948E-1,9.043789168E1,-1.171037961E1,9.551874579E0,8.846134003E1
2.850187500E-1,7.034687861E-1,-1.249411609E-1,-1.801017023E-2,6.994261558E-1,9.058805605E1,-1.172767649E1,8.594188107E0,8.878550409E1
2.950407499E-1,7.026836551E-1,-1.185385225E-1,-2.515051545E-2,7.011074131E-1,9.071457491E1,-1.174800914E1,7.519913173E0,8.909656260E1
3.050617500E-1,7.017045268E-1,-1.114150465E-1,-3.311270314E-2,7.029231563E-1,9.087216220E1,-1.178002692E1,6.324640691E0,8.944628561E1
3.150837499E-1,7.003678111E-1,-1.037302272E-1,-4.185282683E-2,7.049633029E-1,9.108695802E1,-1.183517614E1,5.027119811E0,8.985332193E1
3.251057500E-1,6.987405465E-1,-9.571061184E-2,-5.121733763E-2,7.070912721E-1,9.134790999E1,-1.192347310E1,3.656635585E0,9.029869445E1
3.351267499E-1,6.968241441E-1,-8.746367740E-2,-6.100181017E-2,7.092707551E-1,9.165448652E1,-1.203952154E1,2.238301139E0,9.077826179E1
3.451487500E-1,6.944713055E-1,-7.903085100E-2,-7.090840650E-2,7.116429813E-1,9.202979590E1,-1.216413295E1,8.019260846E-1,9.131389108E1
3.551707499E-1,6.917996161E-1,-7.036649154E-2,-8.100014274E-2,7.140734221E-1,9.245453312E1,-1.230134971E1,-6.633883632E-1,9.188685939E1
3.651917500E-1,6.892076205E-1,-6.076494752E-2,-9.202283635E-2,7.161230721E-1,9.286516430E1,-1.245834330E1,-2.281852861E0,9.244353026E1
3.752137499E-1,6.868129788E-1,-4.989482484E-2,-1.042150214E-1,7.175914946E-1,9.324329002E1,-1.263062225E1,-4.102688920E0,9.296518907E1
3.852357500E-1,6.844056680E-1,-3.727461751E-2,-1.178279977E-1,7.185513983E-1,9.362223156E1,-1.280552120E1,-6.183718170E0,9.348301100E1
3.952567499E-1,6.816403553E-1,-2.311395339E-2,-1.325438201E-1,7.192109702E-1,9.405608088E1,-1.298052457E1,-8.478994651E0,9.403893856E1
4.052787500E-1,6.785924046E-1,-7.574979326E-3,-1.487978576E-1,7.192455056E-1,9.453250749E1,-1.321080988E1,-1.101404704E1,9.461101604E1
4.153007499E-1,6.752827469E-1,9.177197040E-3,-1.670932935E-1,7.183235353E-1,9.504777805E1,-1.355894792E1,-1.381896135E1,9.518865459E1
4.253227500E-1,6.716506659E-1,2.704126522E-2,-1.868293983E-1,7.164139802E-1,9.561081567E1,-1.398908858E1,-1.684081407E1,9.577509513E1
4.353437499E-1,6.676443102E-1,4.629069505E-2,-2.081262904E-1,7.132963383E-1,9.622897828E1,-1.449974064E1,-2.011750764E1,9.637226694E1
4.453657500E-1,6.626861734E-1,6.614295124E-2,-2.295960478E-1,7.097590191E-1,9.698988233E1,-1.505409019E1,-2.346516057E1,9.707258775E1
4.553877499E-1,6.566530970E-1,8.572288612E-2,-2.502751830E-1,7.062723026E-1,9.790976861E1,-1.565068907E1,-2.672927145E1,9.791029899E1
4.654087500E-1,6.498335051E-1,1.041191531E-1,-2.691001677E-1,7.031789557E-1,9.894189990E1,-1.626211027E1,-2.974689184E1,9.886176557E1
4.754307499E-1,6.427353041E-1,1.205137503E-1,-2.852629995E-1,7.007088949E-1,1.000078241E2,-1.685487845E1,-3.238375044E1,9.986867579E1
4.854527500E-1,6.360674330E-1,1.345030164E-1,-2.984686502E-1,6.987443328E-1,1.010016020E2,-1.738622236E1,-3.458712879E1,1.008276385E2
4.954737499E-1,6.305335254E-1,1.458929124E-1,-3.086073223E-1,6.970683475E-1,1.018210079E2,-1.780123251E1,-3.633953837E1,1.016227513E2
5.054957500E-1,6.265573838E-1,1.545635834E-1,-3.155386560E-1,6.956804597E-1,1.024068264E2,-1.804459341E1,-3.762276265E1,1.021772562E2
5.155177499E-1,6.241512967E-1,1.605660058E-1,-3.191946053E-1,6.948154457E-1,1.027601561E2,-1.808144582E1,-3.843152860E1,1.024819530E2
5.255387500E-1,6.229808313E-1,1.641848502E-1,-3.197609009E-1,6.947597750E-1,1.029317224E2,-1.791525807E1,-3.879588833E1,1.025893979E2
5.355607499E-1,6.227164731E-1,1.658984936E-1,-3.177941657E-1,6.954917946E-1,1.029704435E2,-1.758229474E1,-3.879629437E1,1.025538847E2
5.455827500E-1,6.230060351E-1,1.662869664E-1,-3.141136868E-1,6.968104720E-1,1.029280302E2,-1.714489094E1,-3.854509821E1,1.024357131E2
5.556047499E-1,6.234903129E-1,1.659710020E-1,-3.096139102E-1,6.984645567E-1,1.028570680E2,-1.667065037E1,-3.816529476E1,1.022952146E2
5.656257500E-1,6.238539981E-1,1.655827821E-1,-3.050654276E-1,7.002311419E-1,1.028037534E2,-1.620791107E1,-3.777230274E1,1.021803620E2
5.756477499E-1,6.240382641E-1,1.655800689E-1,-3.010739261E-1,7.017933570E-1,1.027767333E2,-1.578415096E1,-3.745724775E1,1.020942504E2
5.856697500E-1,6.240404583E-1,1.662949690E-1,-2.980227840E-1,7.029239014E-1,1.027764115E2,-1.540988978E1,-3.728225212E1,1.020303250E2
5.956907499E-1,6.238266368E-1,1.679136872E-1,-2.961980941E-1,7.034999329E-1,1.028077651E2,-1.509941809E1,-3.728693949E1,1.019907189E2
6.057127500E-1,6.232868226E-1,1.705893693E-1,-2.957302325E-1,7.035313718E-1,1.028868901E2,-1.485856448E1,-3.749408046E1,1.019900354E2
6.157347499E-1,6.222908162E-1,1.744058929E-1,-2.966122818E-1,7.031059336E-1,1.030327687E2,-1.468690724E1,-3.790905030E1,1.020470694E2
6.257557500E-1,6.208226387E-1,1.792833896E-1,-2.987451546E-1,7.022734833E-1,1.032475344E2,-1.458262530E1,-3.851704670E1,1.021646446E2
6.357777499E-1,6.189735352E-1,1.849977595E-1,-3.019521768E-1,7.010510087E-1,1.035175695E2,-1.454254624E1,-3.928561326E1,1.023310578E2
6.457997500E-1,6.167633440E-1,1.913038289E-1,-3.060123777E-1,6.995442694E-1,1.038396799E2,-1.456588554E1,-4.017508037E1,1.025487834E2
6.558207500E-1,6.143525732E-1,1.978811186E-1,-3.106236012E-1,6.978015526E-1,1.041902157E2,-1.464081552E1,-4.113445775E1,1.027972556E2
6.658427500E-1,6.118663359E-1,2.042695693E-1,-3.153581252E-1,6.960192414E-1,1.045508522E2,-1.475588130E1,-4.208753192E1,1.030670429E2
6.758652916E-1,6.093884252E-1,2.100256592E-1,-3.198998169E-1,6.944055360E-1,1.049094095E2,-1.491206597E1,-4.296664254E1,1.033588097E2
6.858872917E-1,6.070966956E-1,2.149118909E-1,-3.238029312E-1,6.931075342E-1,1.052402602E2,-1.506940068E1,-4.371514434E1,1.036436979E2
6.959082916E-1,6.051816402E-1,2.187163920E-1,-3.267512824E-1,6.922081073E-1,1.055161726E2,-1.519606450E1,-4.428935252E1,1.038897948E2
7.059302917E-1,6.039061344E-1,2.213975902E-1,-3.286967967E-1,6.915482299E-1,1.056996617E2,-1.526706375E1,-4.468577808E1,1.040465874E2
7.159522916E-1,6.034557426E-1,2.229826120E-1,-3.297453208E-1,6.909326436E-1,1.057644000E2,-1.527425149E1,-4.491891259E1,1.040778388E2
7.259732917E-1,6.037358664E-1,2.236089457E-1,-3.300988169E-1,6.903164408E-1,1.057241389E2,-1.523364291E1,-4.501621385E1,1.039989849E2
7.359952916E-1,6.044455271E-1,2.235974713E-1,-3.299770231E-1,6.897571601E-1,1.056220941E2,-1.516424482E1,-4.502069870E1,1.038577556E2
7.460172917E-1,6.053587914E-1,2.232301931E-1,-3.296371193E-1,6.892374631E-1,1.054906707E2,-1.508718420E1,-4.497633638E1,1.036899004E2
7.560382916E-1,6.062798449E-1,2.228154259E-1,-3.293424706E-1,6.887028962E-1,1.053580102E2,-1.501912330E1,-4.493099565E1,1.035238684E2
7.660602917E-1,6.070456373E-1,2.226589979E-1,-3.293040116E-1,6.880969246E-1,1.052476230E2,-1.496797312E1,-4.492876267E1,1.033802765E2
7.760822916E-1,6.076328219E-1,2.229420930E-1,-3.297689388E-1,6.872637710E-1,1.051629266E2,-1.494574747E1,-4.500730337E1,1.032591289E2
7.861032917E-1,6.080671926E-1,2.237327574E-1,-3.308741661E-1,6.860905660E-1,1.051002415E2,-1.495877932E1,-4.518525034E1,1.031541141E2
7.961252916E-1,6.083525637E-1,2.249679182E-1,-3.324348587E-1,6.846778511E-1,1.050590446E2,-1.499200025E1,-4.544165204E1,1.030636827E2
8.061472917E-1,6.084373868E-1,2.265546680E-1,-3.341466477E-1,6.832443287E-1,1.050467972E2,-1.502466289E1,-4.574154878E1,1.029967287E2
8.161692916E-1,6.083231926E-1,2.283823766E-1,-3.357532750E-1,6.819488795E-1,1.050632852E2,-1.503883503E1,-4.605309507E1,1.029538173E2
8.261902917E-1,6.080741205E-1,2.302977349E-1,-3.372131628E-1,6.808054197E-1,1.050992415E2,-1.503918566E1,-4.635890803E1,1.029292961E2
8.362122916E-1,6.078163082E-1,2.323349766E-1,-3.386678297E-1,6.796204610E-1,1.051364505E2,-1.502749787E1,-4.667678904E1,1.028987044E2
8.462342917E-1,6.076654252E-1,2.345809400E-1,-3.402329950E-1,6.782006154E-1,1.051582225E2,-1.499789948E1,-4.702754856E1,1.028354573E2
8.562552916E-1,6.075676524E-1,2.370848000E-1,-3.419302065E-1,6.765620223E-1,1.051723291E2,-1.495193567E1,-4.741689172E1,1.027472175E2
8.662772917E-1,6.074896833E-1,2.396357748E-1,-3.438059151E-1,6.747803038E-1,1.051835776E2,-1.491788532E1,-4.782691807E1,1.026530482E2
8.762992916E-1,6.075304393E-1,2.419730968E-1,-3.457619661E-1,6.729075086E-1,1.051776979E2,-1.490157088E1,-4.822552526E1,1.025457718E2
8.863202917E-1,6.076721528E-1,2.439245697E-1,-3.475741226E-1,6.711390953E-1,1.051572518E2,-1.489676544E1,-4.857624823E1,1.024352117E2
8.963422916E-1,6.077909200E-1,2.454455072E-1,-3.490928158E-1,6.696872233E-1,1.051401141E2,-1.490324353E1,-4.885913378E1,1.023479714E2
9.063642917E-1,6.078303194E-1,2.465951573E-1,-3.503802229E-1,6.685557991E-1,1.051344285E2,-1.492817854E1,-4.908383281E1,1.022947341E2
9.163862916E-1,6.079325361E-1,2.474971894E-1,-3.515293514E-1,6.675255088E-1,1.051196769E2,-1.495641106E1,-4.927358634E1,1.022402510E2
9.264072917E-1,6.083041633E-1,2.483296266E-1,-3.525209456E-1,6.663537658E-1,1.050660326E2,-1.494742853E1,-4.944927340E1,1.021287824E2
9.364292916E-1,6.091496343E-1,2.491490245E-1,-3.533223468E-1,6.648495395E-1,1.049439173E2,-1.487109050E1,-4.961832742E1,1.019115999E2
9.464512917E-1,6.104899910E-1,2.499623744E-1,-3.539381123E-1,6.629847074E-1,1.047501181E2,-1.472397408E1,-4.978205314E1,1.015824618E2
9.564722916E-1,6.122330187E-1,2.508012969E-1,-3.543254945E-1,6.608502198E-1,1.044977190E2,-1.450592620E1,-4.993758044E1,1.011569551E2
9.664942917E-1,6.142017138E-1,2.517545374E-1,-3.545262768E-1,6.585492390E-1,1.042121235E2,-1.422898033E1,-5.009300299E1,1.006671691E2
9.765162916E-1,6.162467277E-1,2.528842468E-1,-3.547277335E-1,6.560927876E-1,1.039148686E2,-1.392159170E1,-5.026692356E1,1.001439356E2
9.865372917E-1,6.183709776E-1,2.542555683E-1,-3.550662254E-1,6.533753630E-1,1.036054561E2,-1.359020762E1,-5.047742884E1,9.958302916E1
9.965592916E-1,6.204821777E-1,2.558788489E-1,-3.556531255E-1,6.504143137E-1,1.032972916E2,-1.325362392E1,-5.073322639E1,9.900398311E1
1.006581292E0,6.226087760E-1,2.576082869E-1,-3.567574730E-1,6.470861088E-1,1.029862152E2,-1.295282622E1,-5.104410384E1,9.841354444E1
1.016603292E0,6.242904774E-1,2.596683669E-1,-3.582371383E-1,6.438166513E-1,1.027397414E2,-1.269416449E1,-5.141150254E1,9.789445194E1
1.026624292E0,6.257051739E-1,2.618952746E-1,-3.601144063E-1,6.404853690E-1,1.025320718E2,-1.247957959E1,-5.182541046E1,9.741910861E1
1.036646292E0,6.268780239E-1,2.642817030E-1,-3.622512621E-1,6.371444852E-1,1.023596749E2,-1.229211280E1,-5.227400191E1,9.698000106E1
1.046668292E0,6.280159638E-1,2.667993344E-1,-3.644284102E-1,6.337240406E-1,1.021922097E2,-1.208773908E1,-5.273921228E1,9.652764414E1
1.056689292E0,6.292444946E-1,2.693306741E-1,-3.665014451E-1,6.302292737E-1,1.020111906E2,-1.184970415E1,-5.319873865E1,9.603920663E1
1.066711292E0,6.305417828E-1,2.717432282E-1,-3.684826578E-1,6.267322572E-1,1.018197888E2,-1.159788795E1,-5.364000308E1,9.553133770E1
1.076733292E0,6.317471084E-1,2.740806187E-1,-3.704922512E-1,6.233063827E-1,1.016417221E2,-1.135924473E1,-5.407514693E1,9.504062165E1
1.086754292E0,6.327560993E-1,2.764273447E-1,-3.727243166E-1,6.199065697E-1,1.014924869E2,-1.115701071E1,-5.452861386E1,9.458771865E1
1.096776292E0,6.334597383E-1,2.788993048E-1,-3.753458454E-1,6.164895166E-1,1.013883209E2,-1.100787995E1,-5.502577174E1,9.419067458E1
1.106798292E0,6.339269263E-1,2.813439484E-1,-3.783600194E-1,6.130463396E-1,1.013191161E2,-1.092510454E1,-5.555393070E1,9.384849970E1
1.116819292E0,6.343681893E-1,2.833604486E-1,-3.814657521E-1,6.097276270E-1,1.012537200E2,-1.090695931E1,-5.604996102E1,9.354872478E1
1.126841292E0,6.349012837E-1,2.846785807E-1,-3.843963595E-1,6.067108188E-1,1.011746735E2,-1.095096449E1,-5.646439084E1,9.329123260E1
1.136863292E0,6.354026007E-1,2.853421091E-1,-3.870619264E-1,6.041742305E-1,1.011002980E2,-1.106233204E1,-5.679044719E1,9.310709842E1
1.146885292E0,6.358282351E-1,2.854894808E-1,-3.895459089E-1,6.020566529E-1,1.010371196E2,-1.123896845E1,-5.704839066E1,9.299676505E1
1.156906292E0,6.363027125E-1,2.850594407E-1,-3.919146619E-1,6.002190622E-1,1.009666574E2,-1.148057553E1,-5.724046196E1,9.293641573E1
1.166928292E0,6.370421934E-1,2.840038834E-1,-3.939601643E-1,5.985938231E-1,1.008567695E2,-1.174148556E1,-5.734602036E1,9.287237683E1
1.176950292E0,6.383205824E-1,2.821966529E-1,-3.954354041E-1,5.971120334E-1,1.006665935E2,-1.197367717E1,-5.733441725E1,9.274239171E1
1.186971292E0,6.402876443E-1,2.795049392E-1,-3.960878004E-1,5.958382872E-1,1.003734565E2,-1.214784111E1,-5.717178474E1,9.251804553E1
1.196993292E0,6.429326488E-1,2.760305110E-1,-3.959460711E-1,5.947028985E-1,9.997830206E1,-1.225461290E1,-5.687135648E1,9.219054943E1
1.207015292E0,6.460174425E-1,2.722085769E-1,-3.953338618E-1,5.935276099E-1,9.951599451E1,-1.230097290E1,-5.650269192E1,9.177842140E1
1.217036292E0,6.492587380E-1,2.685545610E-1,-3.946004750E-1,5.921419559E-1,9.902852563E1,-1.229109345E1,-5.614401040E1,9.130452395E1
1.227058292E0,6.525167632E-1,2.653473123E-1,-3.940566121E-1,5.903661511E-1,9.853675021E1,-1.223714070E1,-5.584902665E1,9.077831801E1
1.237080292E0,6.557398565E-1,2.626525587E-1,-3.937956072E-1,5.881700079E-1,9.804845275E1,-1.214582802E1,-5.563146798E1,9.020683637E1
1.247102292E0,6.588975115E-1,2.605123680E-1,-3.937401578E-1,5.856245779E-1,9.756831027E1,-1.200655108E1,-5.548660133E1,8.959297102E1
1.257123292E0,6.620888841E-1,2.587717348E-1,-3.938803487E-1,5.826951902E-1,9.708124358E1,-1.182506931E1,-5.540013350E1,8.892542512E1
1.267145292E0,6.652870818E-1,2.573710370E-1,-3.941343151E-1,5.794924407E-1,9.659129341E1,-1.160417891E1,-5.535741350E1,8.821636809E1
1.277167292E0,6.683708192E-1,2.563993677E-1,-3.946509670E-1,5.760124386E-1,9.611710392E1,-1.135977486E1,-5.537866142E1,8.748604864E1
1.287188292E0,6.713217782E-1,2.559027883E-1,-3.955552329E-1,5.721685564E-1,9.566167516E1,-1.109602066E1,-5.548003207E1,8.673066006E1
1.297210292E0,6.741477876E-1,2.557986276E-1,-3.967574454E-1,5.680451827E-1,9.522398813E1,-1.081212223E1,-5.564496920E1,8.595404735E1
1.307232292E0,6.768194500E-1,2.560151729E-1,-3.981518791E-1,5.637789365E-1,9.480879837E1,-1.051058888E1,-5.585561667E1,8.517028473E1
1.317253292E0,6.793294423E-1,2.565429779E-1,-3.995931328E-1,5.594841094E-1,9.441746900E1,-1.017906954E1,-5.609608771E1,8.438206032E1
1.327275292E0,6.818053484E-1,2.572455764E-1,-4.009923555E-1,5.551318256E-1,9.403023815E1,-9.810548027E0,-5.634688569E1,8.356924901E1
1.337297292E0,6.843432894E-1,2.579349565E-1,-4.021719351E-1,5.508189966E-1,9.363203511E1,-9.404868780E0,-5.657403128E1,8.272960769E1
1.347318292E0,6.870257466E-1,2.585658317E-1,-4.028853759E-1,5.466467325E-1,9.320974073E1,-8.938032613E0,-5.674868653E1,8.185106841E1
1.357340292E0,6.898395809E-1,2.591958059E-1,-4.030910472E-1,5.426384566E-1,9.276517671E1,-8.401982311E0,-5.687030179E1,8.093364048E1
1.367362292E0,6.926961836E-1,2.599249938E-1,-4.029788049E-1,5.387199218E-1,9.231216812E1,-7.810789864E0,-5.696495740E1,7.998791821E1
1.377384292E0,6.954577768E-1,2.607225965E-1,-4.028896485E-1,5.348291303E-1,9.187258532E1,-7.217578031E0,-5.706306690E1,7.905049050E1
1.387405292E0,6.978939437E-1,2.616796882E-1,-4.029866495E-1,5.311020897E-1,9.148344383E1,-6.655350665E0,-5.718673255E1,7.817324282E1
1.397427292E0,6.999472381E-1,2.627648273E-1,-4.033278862E-1,5.275937176E-1,9.115445788E1,-6.142385438E0,-5.733945730E1,7.737610430E1
1.407449292E0,7.016554340E-1,2.638571683E-1,-4.037975496E-1,5.244107191E-1,9.088005789E1,-5.686454496E0,-5.750011717E1,7.666968612E1
1.417470292E0,7.030203597E-1,2.649868882E-1,-4.041843154E-1,5.217082210E-1,9.066033402E1,-5.270220746E0,-5.764958033E1,7.605961954E1
1.427492292E0,7.039836997E-1,2.662639588E-1,-4.045142620E-1,5.194985987E-1,9.050500587E1,-4.887177020E0,-5.779970263E1,7.554929108E1
1.437514292E0,7.045477826E-1,2.675976063E-1,-4.049353565E-1,5.177173148E-1,9.041395667E1,-4.563852265E0,-5.795940678E1,7.514713026E1
1.447535292E0,7.048723976E-1,2.688877160E-1,-4.052791114E-1,5.163363312E-1,9.036152766E1,-4.282704732E0,-5.810449166E1,7.482720524E1
1.457557292E0,7.052429316E-1,2.698697692E-1,-4.052048171E-1,5.153754884E-1,9.030165306E1,-4.025924379E0,-5.817951050E1,7.455747602E1
1.467579292E0,7.056994031E-1,2.703884757E-1,-4.045059327E-1,5.150276716E-1,9.022784901E1,-3.807089529E0,-5.815019229E1,7.436219214E1
1.477601292E0,7.061897184E-1,2.705129090E-1,-4.032032000E-1,5.153116781E-1,9.014852017E1,-3.625199712E0,-5.802430694E1,7.424795279E1
1.487622292E0,7.066504046E-1,2.705960332E-1,-4.015106563E-1,5.159574310E-1,9.007393515E1,-3.436122276E0,-5.785318048E1,7.416905198E1
1.497644292E0,7.071178658E-1,2.708749136E-1,-3.998084768E-1,5.164922219E-1,8.999820365E1,-3.209026788E0,-5.769690910E1,7.405822156E1
1.507666292E0,7.076533204E-1,2.713280554E-1,-3.983278370E-1,5.166651714E-1,8.991139526E1,-2.949952191E0,-5.757857974E1,7.388844538E1
1.517687292E0,7.082945005E-1,2.719728232E-1,-3.969567947E-1,5.165027796E-1,8.980735984E1,-2.643003614E0,-5.748748533E1,7.365040449E1
1.527709292E0,7.090725418E-1,2.727989067E-1,-3.954057433E-1,5.161890280E-1,8.968099040E1,-2.269466867E0,-5.739169736E1,7.334995907E1
1.537731292E0,7.098780208E-1,2.738232700E-1,-3.937383033E-1,5.158139526E-1,8.955001674E1,-1.848713387E0,-5.729843883E1,7.301612374E1
1.547752292E0,7.104638198E-1,2.751625915E-1,-3.923196615E-1,5.153754990E-1,8.945466896E1,-1.419305394E0,-5.725454956E1,7.268952195E1
1.557774292E0,7.106188043E-1,2.769600914E-1,-3.914181193E-1,5.148842669E-1,8.942942945E1,-1.001618525E0,-5.729916822E1,7.239821674E1
1.567796292E0,7.102962439E-1,2.792317907E-1,-3.909445731E-1,5.144621767E-1,8.948195267E1,-5.935790784E-1,-5.742435230E1,7.215621259E1
1.577817292E0,7.097450475E-1,2.816454986E-1,-3.907634260E-1,5.140444172E-1,8.957164905E1,-2.080882299E-1,-5.759074956E1,7.194346451E1
1.587839292E0,7.090997581E-1,2.841179644E-1,-3.908459442E-1,5.135114492E-1,8.967656739E1,1.642687029E-1,-5.778925139E1,7.173148416E1
1.597861292E0,7.083723878E-1,2.867184355E-1,-3.912389109E-1,5.127702547E-1,8.979471568E1,5.384205601E-1,-5.803017406E1,7.150075466E1
1.607883292E0,7.077169727E-1,2.892997930E-1,-3.919058532E-1,5.117150136E-1,8.990107151E1,9.155243647E-1,-5.829823731E1,7.122705240E1
1.617904292E0,7.071277071E-1,2.917994278E-1,-3.928033387E-1,5.104205679E-1,8.999660876E1,1.284978763E0,-5.858398209E1,7.092431604E1
1.627926292E0,7.064497224E-1,2.940864053E-1,-3.938682157E-1,5.092246195E-1,9.010643153E1,1.593935855E0,-5.887130202E1,7.067030484E1
1.637948292E0,7.056061637E-1,2.960561699E-1,-3.948565698E-1,5.084869970E-1,9.024292815E1,1.813549869E0,-5.912711985E1,7.052718247E1
1.647969292E0,7.044602436E-1,2.977301321E-1,-3.957396569E-1,5.084118386E-1,9.042809114E1,1.920105064E0,-5.935081834E1,7.054208348E1
1.657991292E0,7.028668820E-1,2.992079797E-1,-3.966959584E-1,5.090038754E-1,9.068506142E1,1.897100877E0,-5.956958742E1,7.073690480E1
1.668013292E0,7.006688290E-1,3.006990088E-1,-3.978439543E-1,5.102582604E-1,9.103862219E1,1.752127492E0,-5.981221491E1,7.111973237E1
1.678033500E0,6.979361959E-1,3.022734728E-1,-3.992790281E-1,5.119493606E-1,9.147668332E1,1.507177405E0,-6.009347730E1,7.164966478E1
1.688055500E0,6.947844125E-1,3.041180928E-1,-4.007191227E-1,5.140146826E-1,9.197991968E1,1.234421414E0,-6.039700751E1,7.227106223E1
1.698077500E0,6.914962312E-1,3.061689374E-1,-4.019320036E-1,5.162792854E-1,9.250266892E1,9.845628802E-1,-6.069262723E1,7.291451028E1
1.708099500E0,6.882048469E-1,3.084968396E-1,-4.028063347E-1,5.186046640E-1,9.302365121E1,8.057964768E-1,-6.097432191E1,7.352612532E1
1.718120500E0,6.849461632E-1,3.111055609E-1,-4.034449438E-1,5.208591569E-1,9.353725333E1,7.035320688E-1,-6.125401906E1,7.408496433E1
1.728142500E0,6.818830672E-1,3.136741953E-1,-4.038141133E-1,5.230469471E-1,9.401806324E1,6.425757965E-1,-6.150282916E1,7.459860257E1
1.738164500E0,6.791818599E-1,3.158913435E-1,-4.038461739E-1,5.251978852E-1,9.444051256E1,5.916159155E-1,-6.168834801E1,7.507483529E1
1.748185500E0,6.767011280E-1,3.178484982E-1,-4.035940277E-1,5.274087087E-1,9.482721543E1,5.410496193E-1,-6.182350047E1,7.554047828E1
1.758207500E0,6.742529071E-1,3.197457175E-1,-4.032444407E-1,5.296598509E-1,9.520767802E1,4.890143500E-1,-6.194425508E1,7.600934906E1
1.768229500E0,6.717764900E-1,3.216221137E-1,-4.030214654E-1,5.318357610E-1,9.559135269E1,4.201547060E-1,-6.207739816E1,7.648346339E1
1.778250500E0,6.693662961E-1,3.234363327E-1,-4.030050624E-1,5.337833510E-1,9.596365188E1,3.393764729E-1,-6.222764117E1,7.693609415E1
1.788272500E0,6.671056340E-1,3.252391246E-1,-4.031756702E-1,5.353868595E-1,9.631186527E1,2.754840191E-1,-6.239696405E1,7.733088567E1
1.798294500E0,6.649856633E-1,3.270634667E-1,-4.036833132E-1,5.365290233E-1,9.663754894E1,2.253033396E-1,-6.260372673E1,7.765812895E1
1.808315500E0,6.628731948E-1,3.290253867E-1,-4.047522574E-1,5.371378609E-1,9.696126233E1,1.745499629E-1,-6.288114297E1,7.793021274E1
1.818337500E0,6.606060947E-1,3.312768556E-1,-4.064630981E-1,5.372549659E-1,9.730777317E1,1.194555394E-1,-6.325067821E1,7.816767543E1
1.828359500E0,6.581841155E-1,3.337786504E-1,-4.086560407E-1,5.370155402E-1,9.767694054E1,6.028715499E-2,-6.369276491E1,7.838488588E1
1.838381500E0,6.557987672E-1,3.362304405E-1,-4.109992975E-1,5.366159933E-1,9.803951100E1,-1.295236533E-2,-6.414741285E1,7.859252610E1
1.848402500E0,6.536492306E-1,3.383476559E-1,-4.131080624E-1,5.362884754E-1,9.836538671E1,-1.025070730E-1,-6.454983985E1,7.879928432E1
1.858424500E0,6.518725407E-1,3.400534784E-1,-4.146945830E-1,5.361475680E-1,9.863413471E1,-1.796535560E-1,-6.486287046E1,7.898689694E1
1.868446500E0,6.504579081E-1,3.414841216E-1,-4.155773804E-1,5.362729285E-1,9.884772984E1,-2.017465651E-1,-6.507885466E1,7.913679256E1
1.878467500E0,6.493696817E-1,3.427500970E-1,-4.157868818E-1,5.366216463E-1,9.901180916E1,-1.499651819E-1,-6.521032248E1,7.923476759E1
1.888489500E0,6.485590345E-1,3.439087086E-1,-4.155308028E-1,5.370587881E-1,9.913390570E1,-3.271467677E-2,-6.528392457E1,7.927591123E1
1.898511500E0,6.479771604E-1,3.449778477E-1,-4.150479264E-1,5.374487255E-1,9.922147702E1,1.292322564E-1,-6.532617247E1,7.926350570E1
1.908532500E0,6.476832809E-1,3.458418555E-1,-4.145221050E-1,5.376534222E-1,9.926568387E1,3.095340893E-1,-6.534611240E1,7.919482651E1
1.918554500E0,6.477284413E-1,3.464106983E-1,-4.139884126E-1,5.376440867E-1,9.925889156E1,4.948094046E-1,-6.533942092E1,7.907115069E1
1.928576500E0,6.479913691E-1,3.467499541E-1,-4.133786583E-1,5.375777317E-1,9.921933930E1,6.768821140E-1,-6.530459863E1,7.892488210E1
1.938597500E0,6.484020269E-1,3.469487160E-1,-4.126578656E-1,5.375081262E-1,9.915754075E1,8.635297259E-1,-6.524572055E1,7.876293791E1
1.948619500E0,6.490436864E-1,3.470150894E-1,-4.117899434E-1,5.373562131E-1,9.906092266E1,1.077548778E0,-6.515949944E1,7.855545148E1
1.958641500E0,6.498970705E-1,3.470760021E-1,-4.106304309E-1,5.371729639E-1,9.893231624E1,1.353661083E0,-6.504164409E1,7.828784435E1
1.968663500E0,6.510727147E-1,3.471563209E-1,-4.093301295E-1,5.366894553E-1,9.875494226E1,1.713740226E0,-6.490929857E1,7.790866142E1
1.978684500E0,6.524813045E-1,3.473650610E-1,-4.081767942E-1,5.357213843E-1,9.854211221E1,2.148345294E0,-6.480137053E1,7.741207426E1
1.988706500E0,6.539632878E-1,3.478915094E-1,-4.073554022E-1,5.341957369E-1,9.831782477E1,2.660918462E0,-6.475270438E1,7.680063593E1
1.998728500E0,6.554136083E-1,3.487665307E-1,-4.070080594E-1,5.321084932E-1,9.809796126E1,3.232693112E0,-6.478028717E1,7.609293144E1
2.008749500E0,6.568015777E-1,3.499436790E-1,-4.071215319E-1,5.295311397E-1,9.788720661E1,3.851941180E0,-6.487832767E1,7.530464037E1
2.018771500E0,6.580650454E-1,3.515510834E-1,-4.075817676E-1,5.265350994E-1,9.769506283E1,4.550707641E0,-6.504488688E1,7.442588507E1
2.028793500E0,6.592576801E-1,3.536145246E-1,-4.083681277E-1,5.230408253E-1,9.751343240E1,5.359062185E0,-6.527822652E1,7.342157786E1
2.038814500E0,6.606172689E-1,3.559716714E-1,-4.093290337E-1,5.189591401E-1,9.730606754E1,6.306260690E0,-6.554534215E1,7.224174364E1
2.048836500E0,6.622015163E-1,3.584703895E-1,-4.103653404E-1,5.143815393E-1,9.706402031E1,7.377052961E0,-6.582098646E1,7.090014051E1
2.058858500E0,6.639589398E-1,3.608866288E-1,-4.114810070E-1,5.095122454E-1,9.679498485E1,8.500755445E0,-6.608746524E1,6.946865260E1
2.068879500E0,6.657494801E-1,3.630851322E-1,-4.127158702E-1,5.045913743E-1,9.652030164E1,9.602708176E0,-6.634100243E1,6.803394950E1
2.078901500E0,6.674909616E-1,3.649617338E-1,-4.141912917E-1,4.997043050E-1,9.625257976E1,1.062713683E1,-6.658978222E1,6.664856688E1
2.088923500E0,6.692975915E-1,3.663273523E-1,-4.157590096E-1,4.949641701E-1,9.597424860E1,1.154001197E1,-6.680516317E1,6.534338229E1
2.098945500E0,6.713650314E-1,3.670235892E-1,-4.171136383E-1,4.904884593E-1,9.565498761E1,1.233003737E1,-6.694256219E1,6.413260375E1
2.108966500E0,6.738711041E-1,3.669802149E-1,-4.182265311E-1,4.861172199E-1,9.526690761E1,1.300861260E1,-6.699230257E1,6.298210633E1
2.118988500E0,6.768389692E-1,3.663410342E-1,-4.191646172E-1,4.816473254E-1,9.480575989E1,1.362149176E1,-6.697118817E1,6.183740623E1
2.129010500E0,6.800060836E-1,3.655807156E-1,-4.200169002E-1,4.769991707E-1,9.431176311E1,1.425330430E1,-6.692483802E1,6.064843895E1
2.139031500E0,6.832424558E-1,3.649829784E-1,-4.208315251E-1,4.720888943E-1,9.380491492E1,1.496481281E1,-6.687770351E1,5.937154371E1
2.149053500E0,6.866390493E-1,3.645764800E-1,-4.215294268E-1,4.668229195E-1,9.327070838E1,1.578849331E1,-6.681849326E1,5.796935181E1
2.159075500E0,6.902275057E-1,3.643456496E-1,-4.221742236E-1,4.610934875E-1,9.270375877E1,1.673073334E1,-6.674943755E1,5.642256509E1
2.169096500E0,6.938149401E-1,3.644268271E-1,-4.231344104E-1,4.547209893E-1,9.213428336E1,1.780778688E1,-6.671921850E1,5.470333127E1
2.179118500E0,6.970738293E-1,3.650354697E-1,-4.246645518E-1,4.477690247E-1,9.161458834E1,1.903275680E1,-6.677280337E1,5.282092216E1
2.189140500E0,6.998544149E-1,3.661848933E-1,-4.269441115E-1,4.402625973E-1,9.116935029E1,2.040498637E1,-6.693082886E1,5.077746310E1
2.199162500E0,7.022213503E-1,3.676061509E-1,-4.299047774E-1,4.323572288E-1,9.078900789E1,2.186979789E1,-6.716864995E1,4.862046309E1
2.209183500E0,7.042968824E-1,3.690051128E-1,-4.334006662E-1,4.242227500E-1,9.045446359E1,2.336410345E1,-6.745313432E1,4.640600885E1
2.219205500E0,7.060251455E-1,3.703992620E-1,-4.373817574E-1,4.159688061E-1,9.017515277E1,2.489055516E1,-6.778234526E1,4.414525410E1
2.229227500E0,7.073424558E-1,3.718293626E-1,-4.417357218E-1,4.077735516E-1,8.996180092E1,2.644837211E1,-6.814997326E1,4.186225236E1
2.239248500E0,7.081448475E-1,3.731993827E-1,-4.466186081E-1,3.997310899E-1,8.983165042E1,2.800320848E1,-6.857556540E1,3.958882814E1
2.249270500E0,7.082949325E-1,3.744233694E-1,-4.521961956E-1,3.919744261E-1,8.980728971E1,2.952060509E1,-6.908408031E1,3.736157605E1
2.259292500E0,7.077911406E-1,3.754389109E-1,-4.581970085E-1,3.848804055E-1,8.988904107E1,3.094131899E1,-6.965459862E1,3.527395391E1
2.269313500E0,7.068327424E-1,3.760339058E-1,-4.642285097E-1,3.787849386E-1,9.004440129E1,3.215452719E1,-7.024317918E1,3.345389345E1
2.279335500E0,7.056388170E-1,3.760310319E-1,-4.700822934E-1,3.737606866E-1,9.023764753E1,3.307905002E1,-7.082292158E1,3.197462599E1
2.289357500E0,7.042955653E-1,3.755356063E-1,-4.756248041E-1,3.697591278E-1,9.045467620E1,3.372553384E1,-7.138346412E1,3.083143873E1
2.299379500E0,7.029307239E-1,3.746094714E-1,-4.807338451E-1,3.666759594E-1,9.067477623E1,3.410228016E1,-7.190922757E1,3.001253842E1
2.309400500E0,7.016696691E-1,3.732331239E-1,-4.852161625E-1,3.645847381E-1,9.087776848E1,3.415484911E1,-7.237774148E1,2.957878427E1
2.319422500E0,7.003931254E-1,3.715460119E-1,-4.891185128E-1,3.635468298E-1,9.108289396E1,3.388347247E1,-7.280404520E1,2.954692866E1
2.329444500E0,6.988340819E-1,3.698618502E-1,-4.926545228E-1,3.634896260E-1,9.133292618E1,3.338219277E1,-7.322577685E1,2.984173100E1
2.339465500E0,6.970958510E-1,3.682160843E-1,-4.957745855E-1,3.642551076E-1,9.161106875E1,3.267876146E1,-7.362843783E1,3.042447481E1
2.349487500E0,6.955786909E-1,3.665026937E-1,-4.980607517E-1,3.657614781E-1,9.185330130E1,3.174294327E1,-7.394279688E1,3.131292348E1
2.359509500E0,6.946817006E-1,3.648629495E-1,-4.989961378E-1,3.678250089E-1,9.199628343E1,3.067469055E1,-7.409102973E1,3.240911135E1
2.369530500E0,6.956795904E-1,3.619534419E-1,-4.989572205E-1,3.688650035E-1,9.183720690E1,2.944401884E1,-7.399811451E1,3.346837658E1
2.379552500E0,6.979679114E-1,3.585350743E-1,-4.992061450E-1,3.675411710E-1,9.147160847E1,2.864210217E1,-7.382442737E1,3.383081086E1
2.389574500E0,6.987484605E-1,3.573368658E-1,-5.017499339E-1,3.637417274E-1,9.134664228E1,2.912895689E1,-7.397693250E1,3.285327327E1
2.399595500E0,6.968005596E-1,3.584842926E-1,-5.077061054E-1,3.580398910E-1,9.165825448E1,3.088178040E1,-7.463190974E1,3.061247270E1
2.409617500E0,6.927898550E-1,3.606695172E-1,-5.161747613E-1,3.514587554E-1,9.229728435E1,3.348513108E1,-7.563206709E1,2.751440730E1
2.419639500E0,6.878145776E-1,3.627217052E-1,-5.256456902E-1,3.450226893E-1,9.308527650E1,3.648122386E1,-7.675217868E1,2.402407502E1
2.429661500E0,6.824723276E-1,3.641261067E-1,-5.352975872E-1,3.392641338E-1,9.392571433E1,3.959930006E1,-7.788311963E1,2.042259650E1
2.439682500E0,6.769660841E-1,3.647836186E-1,-5.448542797E-1,3.343404652E-1,9.478597069E1,4.275453685E1,-7.899771884E1,1.680170604E1
2.449704500E0,6.714900284E-1,3.649402679E-1,-5.536712003E-1,3.307083341E-1,9.563565935E1,4.578907301E1,-8.004603538E1,1.338691121E1
2.459726500E0,6.669395912E-1,3.646640058E-1,-5.605198419E-1,3.286779624E-1,9.633740372E1,4.814339255E1,-8.088768619E1,1.077727184E1
2.469747500E0,6.641435798E-1,3.640523708E-1,-5.643890069E-1,3.283964109E-1,9.676668665E1,4.907605510E1,-8.140815503E1,9.738537276E0
2.479769500E0,6.630273943E-1,3.632048819E-1,-5.655485510E-1,3.295932655E-1,9.693766032E1,4.844346980E1,-8.163765685E1,1.039412644E1
2.489791500E0,6.629174121E-1,3.622646806E-1,-5.650749784E-1,3.316550682E-1,9.695449480E1,4.684221344E1,-8.168577522E1,1.209804631E1
2.499812500E0,6.631110137E-1,3.615038562E-1,-5.639837860E-1,3.339475407E-1,9.692485961E1,4.507757872E1,-8.165589251E1,1.400686195E1
2.509834500E0,6.632727100E-1,3.611423732E-1,-5.629191882E-1,3.358087244E-1,9.690010304E1,4.378128881E1,-8.160590778E1,1.544535941E1
2.519856500E0,6.631872468E-1,3.612326834E-1,-5.623556532E-1,3.368227671E-1,9.691318851E1,4.327399645E1,-8.158614490E1,1.605664551E1
2.529878500E0,6.620909335E-1,3.622015446E-1,-5.628020832E-1,3.371934802E-1,9.708093022E1,4.386283635E1,-8.169623932E1,1.558856156E1
2.539899500E0,6.592524486E-1,3.642798268E-1,-5.647938379E-1,3.371858727E-1,9.751422967E1,4.582047198E1,-8.203109921E1,1.381107969E1
2.549921500E0,6.549685902E-1,3.669502511E-1,-5.681787356E-1,3.369518418E-1,9.816546331E1,4.898714965E1,-8.255406088E1,1.085233667E1
2.559943500E0,6.498390237E-1,3.697220913E-1,-5.722782647E-1,3.369159748E-1,9.894106789E1,5.296389061E1,-8.317225485E1,7.109789394E0
2.569964500E0,6.445095337E-1,3.721917069E-1,-5.765684978E-1,3.371194809E-1,9.974217611E1,5.745532970E1,-8.380157761E1,2.848355040E0
2.579986500E0,6.396403188E-1,3.742215308E-1,-5.804900618E-1,3.374161842E-1,1.004699916E2,6.214400871E1,-8.435269772E1,-1.638550255E0
2.590008500E0,6.357396912E-1,3.758605479E-1,-5.834818875E-1,3.378060636E-1,1.010502648E2,6.640485533E1,-8.476015796E1,-5.719962452E0
2.600029500E0,6.330037391E-1,3.770925425E-1,-5.852585036E-1,3.384966292E-1,1.014558354E2,6.938045170E1,-8.502375743E1,-8.521761387E0
2.610051500E0,6.311818678E-1,3.778955242E-1,-5.859074808E-1,3.398778130E-1,1.017252550E2,7.055063256E1,-8.520829599E1,-9.490989112E0
2.620073500E0,6.299063461E-1,3.782424349E-1,-5.857283988E-1,3.421592114E-1,1.019135735E2,6.989249575E1,-8.537681036E1,-8.589365310E0
2.630094500E0,6.290444220E-1,3.781491956E-1,-5.848813420E-1,3.452828197E-1,1.020406863E2,6.744945650E1,-8.553828123E1,-5.864225083E0
2.640116500E0,6.285966222E-1,3.777509500E-1,-5.834472955E-1,3.489407763E-1,1.021066808E2,6.348740369E1,-8.565914627E1,-1.597125653E0
2.650138500E0,6.283397793E-1,3.773606386E-1,-5.816302078E-1,3.528375896E-1,1.021445192E2,5.881030568E1,-8.572428900E1,3.410356633E0
2.660160500E0,6.280857287E-1,3.771138582E-1,-5.797215983E-1,3.566741224E-1,1.021819363E2,5.419028635E1,-8.574462917E1,8.370273665E0
2.670181500E0,6.277958426E-1,3.769850364E-1,-5.778268657E-1,3.603758801E-1,1.022246193E2,4.983628502E1,-8.573229458E1,1.306376936E1
2.680203750E0,6.274748206E-1,3.770037812E-1,-5.759065394E-1,3.639712065E-1,1.022718717E2,4.580545156E1,-8.568902050E1,1.743933720E1
2.690225750E0,6.271345691E-1,3.771620742E-1,-5.739881097E-1,3.674081555E-1,1.023219376E2,4.219433369E1,-8.562070845E1,2.139489849E1
2.700246750E0,6.266348972E-1,3.775828894E-1,-5.721075805E-1,3.707464177E-1,1.023954292E2,3.912130505E1,-8.554611334E1,2.482871816E1
2.710268750E0,6.259336368E-1,3.782166411E-1,-5.703516269E-1,3.739764890E-1,1.024985065E2,3.652311550E1,-8.548211876E1,2.779822272E1
2.720290750E0,6.252384456E-1,3.788728253E-1,-5.686237325E-1,3.770934381E-1,1.026006183E2,3.414268436E1,-8.540920487E1,3.054227814E1
2.730311750E0,6.248488823E-1,3.793230801E-1,-5.666798777E-1,3.801998716E-1,1.026578066E2,3.165138188E1,-8.528489401E1,3.337851207E1
2.740333750E0,6.247857990E-1,3.794411440E-1,-5.644549772E-1,3.834812039E-1,1.026670652E2,2.884994863E1,-8.509913150E1,3.651215493E1
2.750355750E0,6.249005754E-1,3.791781371E-1,-5.621175235E-1,3.869718375E-1,1.026502193E2,2.576355267E1,-8.487209245E1,3.991621874E1
2.760377750E0,6.251064312E-1,3.785681985E-1,-5.598003636E-1,3.905786700E-1,1.026200007E2,2.256758360E1,-8.461767093E1,4.340929437E1
2.770398750E0,6.254084449E-1,3.777194242E-1,-5.574869441E-1,3.942089572E-1,1.025756550E2,1.948160444E1,-8.433429824E1,4.677339829E1
2.780420750E0,6.258867274E-1,3.767109765E-1,-5.551314832E-1,3.977233300E-1,1.025053990E2,1.671429632E1,-8.401671240E1,4.979427065E1
2.790442750E0,6.265230184E-1,3.756563043E-1,-5.526743114E-1,4.011263930E-1,1.024118791E2,1.434535400E1,-8.366704363E1,5.240353218E1
2.800463750E0,6.271810571E-1,3.746716960E-1,-5.501767471E-1,4.044384188E-1,1.023150982E2,1.235989846E1,-8.330662053E1,5.462878686E1
2.810485750E0,6.277312842E-1,3.739144172E-1,-5.476958835E-1,4.076403570E-1,1.022341231E2,1.077041783E1,-8.295816056E1,5.647034344E1
2.820507750E0,6.281966276E-1,3.734540524E-1,-5.452698635E-1,4.105872225E-1,1.021656041E2,9.626508243E0,-8.263260863E1,5.787053410E1
2.830528750E0,6.286321415E-1,3.733421210E-1,-5.428453133E-1,4.132265741E-1,1.021014473E2,8.943812506E0,-8.232853024E1,5.881359765E1
2.840550750E0,6.291013097E-1,3.735386464E-1,-5.404727461E-1,4.154391255E-1,1.020323003E2,8.699892672E0,-8.205009070E1,5.930618959E1
2.850572750E0,6.295878634E-1,3.739950178E-1,-5.382948445E-1,4.171157166E-1,1.019605552E2,8.830367549E0,-8.181204849E1,5.939618775E1
2.860593750E0,6.300389822E-1,3.746254082E-1,-5.364712768E-1,4.182167820E-1,1.018940027E2,9.222882053E0,-8.162850977E1,5.918268013E1
2.870615750E0,6.304756236E-1,3.752992151E-1,-5.350757473E-1,4.187421003E-1,1.018295562E2,9.781549681E0,-8.149834522E1,5.874838587E1
2.880637750E0,6.308792429E-1,3.760236246E-1,-5.339728591E-1,4.188919534E-1,1.017699574E2,1.044721876E1,-8.140572872E1,5.817336034E1
2.890659750E0,6.314141601E-1,3.765827078E-1,-5.331193380E-1,4.186709459E-1,1.016909321E2,1.114913743E1,-8.132761481E1,5.750876642E1
2.900680750E0,6.320999420E-1,3.768819873E-1,-5.324959492E-1,4.181600734E-1,1.015895541E2,1.181024753E1,-8.125520135E1,5.683066969E1
2.910702750E0,6.327848073E-1,3.769271740E-1,-5.322052993E-1,4.174529547E-1,1.014882386E2,1.234356451E1,-8.120494462E1,5.623486322E1
2.920724750E0,6.332167703E-1,3.768057121E-1,-5.323119255E-1,4.167708922E-1,1.014242984E2,1.264294298E1,-8.119722929E1,5.585680696E1
2.930745750E0,6.332266959E-1,3.764017767E-1,-5.330247130E-1,4.162093487E-1,1.014228289E2,1.253431343E1,-8.125501899E1,5.586749954E1
2.940767750E0,6.327377924E-1,3.755660258E-1,-5.343753299E-1,4.159759394E-1,1.014951960E2,1.181115014E1,-8.137528810E1,5.647945561E1
2.950789750E0,6.317955470E-1,3.741228650E-1,-5.361275113E-1,4.164538109E-1,1.016345614E2,1.022608555E1,-8.151546925E1,5.796270648E1
2.960810750E0,6.306885073E-1,3.718138341E-1,-5.378973998E-1,4.179150527E-1,1.017981247E2,7.631312503E0,-8.159697243E1,6.047029274E1
2.970832750E0,6.300427438E-1,3.684072729E-1,-5.390356175E-1,4.204317991E-1,1.018934477E2,4.255038746E0,-8.149820185E1,6.376423761E1
2.980854750E0,6.304386502E-1,3.636905506E-1,-5.389730558E-1,4.240097504E-1,1.018350145E2,5.598667090E-1,-8.111323285E1,6.736748580E1
2.990876750E0,6.320215384E-1,3.576096981E-1,-5.376051272E-1,4.285379867E-1,1.016011481E2,-3.008463807E0,-8.042018208E1,7.082136681E1
3.000897750E0,6.345198771E-1,3.503564889E-1,-5.352040950E-1,4.338104311E-1,1.012312325E2,-6.202604069E0,-7.947392523E1,7.387733589E1
3.010919750E0,6.376194196E-1,3.422105884E-1,-5.320534600E-1,4.396051380E-1,1.007709324E2,-8.935479388E0,-7.834174600E1,7.645348592E1
3.020941750E0,6.408911003E-1,3.336049922E-1,-5.284920197E-1,4.457156830E-1,1.002834025E2,-1.124542734E1,-7.710935123E1,7.860736970E1
3.030962750E0,6.440498380E-1,3.248356871E-1,-5.248477292E-1,4.519030932E-1,9.981105417E1,-1.322502147E1,-7.584663514E1,8.043352212E1
3.040984750E0,6.472062155E-1,3.160557083E-1,-5.210804226E-1,4.579391120E-1,9.933741565E1,-1.484020016E1,-7.457113925E1,8.188950326E1
3.051006750E0,6.504446634E-1,3.075843919E-1,-5.172349125E-1,4.634453765E-1,9.884972803E1,-1.604331561E1,-7.332793898E1,8.291762759E1
3.061027750E0,6.534774031E-1,3.000094863E-1,-5.137747616E-1,4.679712526E-1,9.839140165E1,-1.690544260E1,-7.222675256E1,8.359039932E1
3.071049750E0,6.559531195E-1,2.938521268E-1,-5.112415253E-1,4.711778586E-1,9.801607981E1,-1.754030939E1,-7.137231471E1,8.402545743E1
3.081071750E0,6.578553965E-1,2.891410469E-1,-5.096895835E-1,4.731175197E-1,9.772696498E1,-1.801426276E1,-7.076920491E1,8.429312222E1
3.091093750E0,6.593498289E-1,2.854958503E-1,-5.088468151E-1,4.741568716E-1,9.749938824E1,-1.838405534E1,-7.034853509E1,8.445418040E1
3.101114750E0,6.605162535E-1,2.824053167E-1,-5.086353117E-1,4.746110776E-1,9.732148579E1,-1.876148309E1,-7.004973678E1,8.460696300E1
3.111136750E0,6.614002099E-1,2.794514443E-1,-5.089416877E-1,4.747999271E-1,9.718650325E1,-1.922935423E1,-6.981698262E1,8.483055948E1
3.121158750E0,6.620462578E-1,2.763323878E-1,-5.095810765E-1,4.750391315E-1,9.708776123E1,-1.982912899E1,-6.959801036E1,8.517370111E1
3.131179750E0,6.625457612E-1,2.729099794E-1,-5.103283401E-1,4.755187838E-1,9.701136555E1,-2.054035449E1,-6.935442942E1,8.562547165E1
3.141201750E0,6.630558434E-1,2.693402573E-1,-5.107162281E-1,4.764259314E-1,9.693330538E1,-2.123028308E1,-6.905245485E1,8.609065382E1
3.151223750E0,6.638949872E-1,2.656873372E-1,-5.103672206E-1,4.776807274E-1,9.680478486E1,-2.175165248E1,-6.866795514E1,8.642344883E1
3.161244750E0,6.651969876E-1,2.621578337E-1,-5.091033630E-1,4.791658138E-1,9.660512096E1,-2.200877231E1,-6.820869758E1,8.653634691E1
3.171266750E0,6.668999205E-1,2.590115188E-1,-5.070328253E-1,4.807027934E-1,9.634350458E1,-2.198798170E1,-6.771294449E1,8.641938144E1
3.181288750E0,6.687868981E-1,2.564648797E-1,-5.044419321E-1,4.821701992E-1,9.605298814E1,-2.174667583E1,-6.722730977E1,8.613362033E1
3.191309750E0,6.705969683E-1,2.546355590E-1,-5.016352681E-1,4.835519099E-1,9.577368833E1,-2.136942894E1,-6.678747516E1,8.576896496E1
3.201331750E0,6.720128706E-1,2.535304370E-1,-4.991015155E-1,4.847872972E-1,9.555478030E1,-2.098545613E1,-6.643712646E1,8.544342796E1
3.211353750E0,6.727753808E-1,2.531347835E-1,-4.972982836E-1,4.857885483E-1,9.543673377E1,-2.070171735E1,-6.621709667E1,8.524806846E1
3.221375750E0,6.728094250E-1,2.534840860E-1,-4.964066354E-1,4.864706634E-1,9.543146072E1,-2.054103508E1,-6.614888187E1,8.519752489E1
3.231396750E0,6.722375133E-1,2.546323558E-1,-4.963896713E-1,4.866791006E-1,9.552001416E1,-2.045596967E1,-6.623869683E1,8.523347954E1
3.241418750E0,6.713519343E-1,2.565630819E-1,-4.969637325E-1,4.863014543E-1,9.565701265E1,-2.034892454E1,-6.646396756E1,8.524878724E1
3.251440750E0,6.703082518E-1,2.591867548E-1,-4.979360287E-1,4.853542882E-1,9.581827943E1,-2.017735736E1,-6.680010535E1,8.519740426E1
3.261461750E0,6.690043021E-1,2.623382538E-1,-4.993458302E-1,4.840099829E-1,9.601947439E1,-2.000038160E1,-6.723174053E1,8.514169573E1
3.271483750E0,6.674508430E-1,2.657190000E-1,-5.011282415E-1,4.824658172E-1,9.625875358E1,-1.986937329E1,-6.772234046E1,8.512832311E1
3.281505750E0,6.658117732E-1,2.691064371E-1,-5.030051987E-1,4.808972590E-1,9.651073482E1,-1.976263214E1,-6.822359210E1,8.513739408E1
3.291526750E0,6.642816424E-1,2.724150806E-1,-5.047155705E-1,4.793559804E-1,9.674552294E1,-1.962054913E1,-6.870361937E1,8.510992913E1
3.301548750E0,6.630396590E-1,2.755007251E-1,-5.061591106E-1,4.777872747E-1,9.693578287E1,-1.941236744E1,-6.914246403E1,8.499787644E1
3.311570750E0,6.620440135E-1,2.782498903E-1,-5.075033317E-1,4.761462976E-1,9.708810438E1,-1.918979030E1,-6.954622027E1,8.483648466E1
3.321592750E0,6.611256653E-1,2.807418122E-1,-5.088833565E-1,4.744835729E-1,9.722844195E1,-1.899802423E1,-6.993206846E1,8.468144691E1
3.331613750E0,6.602199927E-1,2.831722313E-1,-5.102402532E-1,4.728404569E-1,9.736669431E1,-1.880605429E1,-7.031048333E1,8.452376549E1
3.341635750E0,6.594500752E-1,2.855529698E-1,-5.114092066E-1,4.712172764E-1,9.748410825E1,-1.855652145E1,-7.066738635E1,8.430872339E1
3.351657750E0,6.590345915E-1,2.876655700E-1,-5.122867566E-1,4.695575335E-1,9.754742649E1,-1.822248969E1,-7.097570802E1,8.398534064E1
3.361678750E0,6.589409728E-1,2.894573379E-1,-5.130010403E-1,4.678046988E-1,9.756168942E1,-1.783794296E1,-7.124352806E1,8.357580461E1
3.371700750E0,6.589270539E-1,2.910771888E-1,-5.138649032E-1,4.658670501E-1,9.756380986E1,-1.747090003E1,-7.151478735E1,8.314897792E1
3.381722750E0,6.588223295E-1,2.925717477E-1,-5.150917664E-1,4.637190254E-1,9.757976265E1,-1.718470322E1,-7.181432039E1,8.276778147E1
3.391743750E0,6.586805791E-1,2.939222486E-1,-5.165662844E-1,4.614203890E-1,9.760135256E1,-1.695770506E1,-7.212861653E1,8.241619343E1
3.401765750E0,6.588135208E-1,2.950394878E-1,-5.180098877E-1,4.588923262E-1,9.758110440E1,-1.668089478E1,-7.242576638E1,8.197219450E1
3.411787750E0,6.593723248E-1,2.961407112E-1,-5.191668925E-1,4.560642516E-1,9.749595947E1,-1.621072925E1,-7.270118416E1,8.130700429E1
3.421808750E0,6.602437425E-1,2.975485529E-1,-5.200773803E-1,4.528384266E-1,9.736307075E1,-1.548415824E1,-7.298702245E1,8.037633789E1
3.431830750E0,6.611691819E-1,2.993901595E-1,-5.210865866E-1,4.490985892E-1,9.722179537E1,-1.456446890E1,-7.332827351E1,7.924044136E1
3.441852750E0,6.618234696E-1,3.016241321E-1,-5.226099212E-1,4.448500183E-1,9.712182068E1,-1.359323257E1,-7.376150484E1,7.803456942E1
3.451874750E0,6.620577850E-1,3.041047797E-1,-5.247720861E-1,4.402431360E-1,9.708599873E1,-1.266474049E1,-7.428459878E1,7.685441018E1
3.461895750E0,6.620747491E-1,3.066028445E-1,-5.272926152E-1,4.354472250E-1,9.708340489E1,-1.174955798E1,-7.484737759E1,7.566990886E1
3.471917750E0,6.622129908E-1,3.089043785E-1,-5.297818291E-1,4.305617309E-1,9.706226555E1,-1.075820018E1,-7.538919716E1,7.438586015E1
3.481939750E0,6.627804559E-1,3.108735530E-1,-5.318872434E-1,4.256474927E-1,9.697545501E1,-9.591840450E0,-7.585820179E1,7.290011268E1
3.491960750E0,6.638998235E-1,3.124963015E-1,-5.335425924E-1,4.206130200E-1,9.680404377E1,-8.195712102E0,-7.624412484E1,7.114807540E1
3.501982750E0,6.654289323E-1,3.138668117E-1,-5.348957802E-1,4.154254805E-1,9.656951935E1,-6.601978311E0,-7.656812429E1,6.916593875E1
3.512004750E0,6.672701279E-1,3.149246238E-1,-5.360070135E-1,4.102066365E-1,9.628656003E1,-4.900917901E0,-7.682822588E1,6.704978715E1
3.522025750E0,6.694509112E-1,3.155959704E-1,-5.367482607E-1,4.051369396E-1,9.595060000E1,-3.150136245E0,-7.700059367E1,6.486878868E1
3.532047750E0,6.719433494E-1,3.158817682E-1,-5.371741546E-1,4.001933250E-1,9.556553760E1,-1.394811192E0,-7.709167641E1,6.266533482E1
3.542069750E0,6.747109854E-1,3.158294324E-1,-5.375396415E-1,3.950543387E-1,9.513657884E1,3.789809596E-1,-7.713757084E1,6.039713211E1
3.552091750E0,6.775595855E-1,3.157328318E-1,-5.381082868E-1,3.894423383E-1,9.469353294E1,2.257329304E0,-7.719249347E1,5.797634748E1
3.562112750E0,6.803328587E-1,3.158153659E-1,-5.389596426E-1,3.833149346E-1,9.426068145E1,4.307085570E0,-7.727991091E1,5.535197812E1
3.572134750E0,6.829976564E-1,3.160794580E-1,-5.399763932E-1,3.768733578E-1,9.384332614E1,6.507611396E0,-7.738223431E1,5.256529850E1
3.582156750E0,6.854496125E-1,3.165066795E-1,-5.410767420E-1,3.704300108E-1,9.345804622E1,8.771060699E0,-7.748751790E1,4.973243921E1
3.592177750E0,6.876519434E-1,3.169559649E-1,-5.422753984E-1,3.641581488E-1,9.311094791E1,1.098893557E1,-7.759076598E1,4.696504228E1
3.602199750E0,6.897366741E-1,3.172470416E-1,-5.434759830E-1,3.581223197E-1,9.278146409E1,1.309332746E1,-7.767086633E1,4.432136439E1
3.612221750E0,6.919419552E-1,3.172942145E-1,-5.444630095E-1,3.522792598E-1,9.243194257E1,1.509263271E1,-7.769472050E1,4.178275402E1
3.622242750E0,6.944782577E-1,3.171544977E-1,-5.450717364E-1,3.464243987E-1,9.202868867E1,1.707755941E1,-7.763975860E1,3.924618239E1
3.632264750E0,6.973809112E-1,3.171110443E-1,-5.452540215E-1,3.402917793E-1,9.156549997E1,1.921665351E1,-7.750636774E1,3.654455191E1
3.642286750E0,7.005304609E-1,3.173380683E-1,-5.452169955E-1,3.336045918E-1,9.106084308E1,2.160950625E1,-7.732048928E1,3.356748482E1
3.652308750E0,7.037325677E-1,3.178867043E-1,-5.452543692E-1,3.261996012E-1,9.054551828E1,2.427689745E1,-7.711395674E1,3.028223795E1
3.662329750E0,7.066040114E-1,3.190178941E-1,-5.457375723E-1,3.179762664E-1,9.008144839E1,2.733082045E1,-7.693670193E1,2.658883782E1
3.672352125E0,7.087699801E-1,3.209915994E-1,-5.469061675E-1,3.090358661E-1,8.973014909E1,3.086928001E1,-7.681965518E1,2.242055513E1
3.682374125E0,7.102249526E-1,3.236256405E-1,-5.487568040E-1,2.995211519E-1,8.949355793E1,3.482420863E1,-7.674193824E1,1.784301370E1
3.692395125E0,7.110941259E-1,3.265687760E-1,-5.512138599E-1,2.895878773E-1,8.935198743E1,3.904155718E1,-7.667305883E1,1.299419246E1
3.702417125E0,7.111657124E-1,3.298133142E-1,-5.544488939E-1,2.793796366E-1,8.934031959E1,4.354236125E1,-7.662981296E1,7.864542563E0
3.712439125E0,7.103375479E-1,3.333261065E-1,-5.584941274E-1,2.690699063E-1,8.947522842E1,4.833352715E1,-7.660961287E1,2.459878051E0
3.722460125E0,7.089440466E-1,3.368489824E-1,-5.629092732E-1,2.589676860E-1,8.970187024E1,5.317266104E1,-7.655864633E1,-2.969922556E0
3.732482125E0,7.072609333E-1,3.402907573E-1,-5.672557301E-1,2.494094762E-1,8.997501586E1,5.781801235E1,-7.644346790E1,-8.159434608E0
3.742504125E0,7.055668196E-1,3.434566810E-1,-5.712355517E-1,2.406303509E-1,9.024929049E1,6.201515957E1,-7.625960613E1,-1.285067696E1
3.752526125E0,7.042018729E-1,3.460853167E-1,-5.744978653E-1,2.329741019E-1,9.046979883E1,6.545418239E1,-7.602063164E1,-1.672736656E1
3.762547125E0,7.035032678E-1,3.479108443E-1,-5.767599077E-1,2.266920931E-1,9.058249637E1,6.789499833E1,-7.575263626E1,-1.955234724E1
3.772569125E0,7.035834311E-1,3.487773308E-1,-5.780379371E-1,2.218034801E-1,9.056957017E1,6.932280632E1,-7.549273427E1,-2.132533901E1
3.782591125E0,7.042252854E-1,3.489370673E-1,-5.784975063E-1,2.182894023E-1,9.046602006E1,6.995462661E1,-7.526750299E1,-2.224412134E1
3.792612125E0,7.053266247E-1,3.486869890E-1,-5.780450810E-1,2.163230411E-1,9.028812478E1,6.988309985E1,-7.507843509E1,-2.235968556E1
3.802634125E0,7.070315280E-1,3.478506902E-1,-5.767424273E-1,2.155791703E-1,9.001219465E1,6.912854819E1,-7.491237771E1,-2.173660788E1
3.812656125E0,7.090084681E-1,3.468493232E-1,-5.749152350E-1,2.155806876E-1,8.969140255E1,6.804624566E1,-7.475005388E1,-2.073405669E1
3.822677125E0,7.109556525E-1,3.461134182E-1,-5.729430364E-1,2.156013395E-1,8.937455375E1,6.702974519E1,-7.456203121E1,-1.977029705E1
3.832699125E0,7.126556035E-1,3.458380939E-1,-5.711110183E-1,2.152913073E-1,8.909720930E1,6.629537140E1,-7.434899798E1,-1.907545089E1
3.842721125E0,7.138270751E-1,3.459608993E-1,-5.698834597E-1,2.144641754E-1,8.890568800E1,6.599710400E1,-7.415186854E1,-1.882815097E1
3.852742125E0,7.141900227E-1,3.466073582E-1,-5.694968783E-1,2.132355316E-1,8.884628429E1,6.623156556E1,-7.400297056E1,-1.910548972E1
3.862764125E0,7.137221505E-1,3.476638848E-1,-5.699833477E-1,2.117772928E-1,8.892285518E1,6.693917244E1,-7.391963124E1,-1.984383904E1
3.872786125E0,7.127811800E-1,3.487951694E-1,-5.710003722E-1,2.103412653E-1,8.907669464E1,6.785480131E1,-7.388957337E1,-2.078483691E1
3.882808125E0,7.117637761E-1,3.498115196E-1,-5.720670036E-1,2.091975474E-1,8.924279441E1,6.871688651E1,-7.388624784E1,-2.165807660E1
3.892829125E0,7.109422919E-1,3.504928445E-1,-5.729480624E-1,2.084379347E-1,8.937673081E1,6.935622237E1,-7.389976703E1,-2.230523412E1
3.902851125E0,7.103798422E-1,3.508474576E-1,-5.735748809E-1,2.080347158E-1,8.946834251E1,6.975347665E1,-7.392270436E1,-2.270823627E1
3.912873125E0,7.099305568E-1,3.510878105E-1,-5.740008696E-1,2.079878485E-1,8.954146896E1,7.000227048E1,-7.395512360E1,-2.294175852E1
3.922894125E0,7.094367854E-1,3.513096926E-1,-5.743843006E-1,2.082392756E-1,8.962178180E1,7.020111513E1,-7.400622874E1,-2.310149271E1
3.932916125E0,7.088251082E-1,3.515463893E-1,-5.747987727E-1,2.087787131E-1,8.972119374E1,7.039099528E1,-7.408183594E1,-2.322670246E1
3.942938125E0,7.080303451E-1,3.518372236E-1,-5.753042609E-1,2.095915993E-1,8.985023215E1,7.061104952E1,-7.418569879E1,-2.335454377E1
3.952960125E0,7.070217710E-1,3.521053092E-1,-5.760122963E-1,2.105987404E-1,9.001377566E1,7.088683848E1,-7.432555360E1,-2.352493272E1
3.962981125E0,7.057721591E-1,3.523725097E-1,-5.769206558E-1,2.118534943E-1,9.021608117E1,7.122372338E1,-7.450457066E1,-2.373661472E1
3.973003125E0,7.042030741E-1,3.527448981E-1,-5.780234070E-1,2.134433155E-1,9.046960496E1,7.165430368E1,-7.472529107E1,-2.400500839E1
3.983025125E0,7.022573437E-1,3.531724252E-1,-5.793995121E-1,2.154069161E-1,9.078321452E1,7.219720369E1,-7.500019135E1,-2.435033076E1
3.993046125E0,6.999634172E-1,3.535577212E-1,-5.810812662E-1,2.176986510E-1,9.115186194E1,7.284629748E1,-7.533200189E1,-2.477923807E1
4.003068125E0,6.973259728E-1,3.540000418E-1,-5.829495201E-1,2.204319374E-1,9.157428362E1,7.359076739E1,-7.571433825E1,-2.526128810E1
4.013090125E0,6.944161333E-1,3.544914635E-1,-5.848766531E-1,2.236989293E-1,9.203858235E1,7.437471932E1,-7.614247183E1,-2.573251344E1
4.023111125E0,6.913526685E-1,3.548779396E-1,-5.868275570E-1,2.274347205E-1,9.252544018E1,7.513545687E1,-7.661406167E1,-2.614938638E1
4.033133125E0,6.882197668E-1,3.551688477E-1,-5.886970964E-1,2.316125269E-1,9.302129465E1,7.582929303E1,-7.711743030E1,-2.646891077E1
4.043155125E0,6.851331845E-1,3.553734706E-1,-5.903782077E-1,2.361267073E-1,9.350783548E1,7.640775233E1,-7.763458998E1,-2.665007022E1
4.053176125E0,6.821735064E-1,3.554573534E-1,-5.918857057E-1,2.407505116E-1,9.397255427E1,7.687079957E1,-7.815056200E1,-2.671541931E1
4.063198125E0,6.793684018E-1,3.554282826E-1,-5.932305168E-1,2.453709652E-1,9.441138514E1,7.722320147E1,-7.865710814E1,-2.667881227E1
4.073220125E0,6.766988626E-1,3.554572270E-1,-5.943155979E-1,2.500353991E-1,9.482756801E1,7.746610868E1,-7.914263704E1,-2.652123252E1
4.083242125E0,6.742329558E-1,3.555958901E-1,-5.950071434E-1,2.548098573E-1,9.521077377E1,7.751380463E1,-7.959811335E1,-2.614592204E1
4.093263125E0,6.720402871E-1,3.557264610E-1,-5.953065546E-1,2.596744676E-1,9.555053778E1,7.727988453E1,-8.002589543E1,-2.547909253E1
4.103285125E0,6.700694583E-1,3.557583030E-1,-5.953740949E-1,2.645235890E-1,9.585514829E1,7.680496569E1,-8.043472226E1,-2.457957428E1
4.113307125E0,6.681091663E-1,3.558716991E-1,-5.952853969E-1,2.694825450E-1,9.615740688E1,7.620448323E1,-8.083497698E1,-2.353554766E1
4.123328125E0,6.659151067E-1,3.561941330E-1,-5.952365803E-1,2.745473107E-1,9.649486353E1,7.568958591E1,-8.124127905E1,-2.254744623E1
4.133350125E0,6.633966007E-1,3.566502357E-1,-5.954465664E-1,2.795513007E-1,9.688113152E1,7.542050760E1,-8.166543812E1,-2.179773429E1
4.143372125E0,6.605426269E-1,3.572079333E-1,-5.959669009E-1,2.844458564E-1,9.731746052E1,7.546299267E1,-8.211095199E1,-2.135947538E1
4.153393125E0,6.573671779E-1,3.578711561E-1,-5.967391998E-1,2.893077693E-1,9.780122685E1,7.581081392E1,-8.257875575E1,-2.121900604E1
4.163415125E0,6.540162295E-1,3.585279410E-1,-5.976379708E-1,2.941928630E-1,9.830980541E1,7.631267492E1,-8.306443915E1,-2.122977841E1
4.173437125E0,6.506464204E-1,3.590449037E-1,-5.986039028E-1,2.990306469E-1,9.881928611E1,7.684836218E1,-8.355998760E1,-2.128996908E1
4.183459125E0,6.473377242E-1,3.593846073E-1,-5.995875259E-1,3.037949266E-1,9.931764575E1,7.734456815E1,-8.405937870E1,-2.133184908E1
4.193480125E0,6.441042496E-1,3.595344815E-1,-6.005004267E-1,3.086482732E-1,9.980290328E1,7.763673179E1,-8.456793811E1,-2.117733826E1
4.203502125E0,6.410021256E-1,3.592348911E-1,-6.013644476E-1,3.137314676E-1,1.002668277E2,7.738473669E1,-8.510876912E1,-2.049758301E1
4.213524125E0,6.380404771E-1,3.582149479E-1,-6.022850928E-1,3.191222919E-1,1.007082850E2,7.619174219E1,-8.570623454E1,-1.891417365E1
4.223545125E0,6.352601127E-1,3.564367197E-1,-6.031718309E-1,3.249327618E-1,1.011214416E2,7.329266636E1,-8.635575803E1,-1.565454109E1
4.233567125E0,6.327992215E-1,3.539109328E-1,-6.039014034E-1,3.310821766E-1,1.014861054E2,6.728974197E1,-8.701574577E1,-9.326597479E0
4.243589125E0,6.308205639E-1,3.507855438E-1,-6.041750523E-1,3.376202803E-1,1.017786235E2,5.542949719E1,-8.759165673E1,2.842492428E0
4.253610125E0,6.295019787E-1,3.471593660E-1,-6.037497379E-1,3.445199512E-1,1.019732220E2,3.513830375E1,-8.790245813E1,2.343435154E1
4.263632125E0,6.289247249E-1,3.431136584E-1,-6.026275676E-1,3.515207218E-1,1.020583297E2,1.169559323E1,-8.776293798E1,4.715327923E1
4.273654125E0,6.289704226E-1,3.388544875E-1,-6.010236903E-1,3.582519845E-1,1.020515941E2,-5.221417155E0,-8.724337743E1,6.430683788E1
4.283676125E0,6.293386913E-1,3.347321569E-1,-5.992189939E-1,3.644499420E-1,1.019973016E2,-1.497060372E1,-8.657094512E1,7.425968965E1
4.293697125E0,6.297719082E-1,3.309488662E-1,-5.974242336E-1,3.700599931E-1,1.019334073E2,-2.067059804E1,-8.588646829E1,8.014299767E1
4.303719125E0,6.300038844E-1,3.277010827E-1,-5.957204367E-1,3.752656346E-1,1.018991818E2,-2.438204513E1,-8.524777624E1,8.405157110E1
4.313741125E0,6.298387742E-1,3.250971134E-1,-5.942463612E-1,3.801135970E-1,1.019235428E2,-2.715276712E1,-8.468870268E1,8.704636228E1
4.323762125E0,6.292493294E-1,3.230088635E-1,-5.931885174E-1,3.844969324E-1,1.020104778E2,-2.954889815E1,-8.422162986E1,8.967050641E1
4.333784125E0,6.282370569E-1,3.213989698E-1,-5.925333552E-1,3.884906730E-1,1.021596495E2,-3.180131338E1,-8.383877581E1,9.215810183E1
4.343806125E0,6.268218922E-1,3.202373078E-1,-5.922303299E-1,3.921805031E-1,1.023679304E2,-3.401876345E1,-8.352823914E1,9.462303653E1
4.353827125E0,6.252090061E-1,3.193440159E-1,-5.921669726E-1,3.955646527E-1,1.026049408E2,-3.613928069E1,-8.326473821E1,9.698678040E1
4.363849125E0,6.235707265E-1,3.186398580E-1,-5.921171235E-1,3.987799831E-1,1.028452814E2,-3.802451132E1,-8.301979839E1,9.911718332E1
4.373871125E0,6.219392114E-1,3.181328419E-1,-5.918754429E-1,4.020778159E-1,1.030842307E2,-3.961313811E1,-8.277021304E1,1.009782500E2
4.383893125E0,6.203762166E-1,3.177507175E-1,-5.913722306E-1,4.055202230E-1,1.033127740E2,-4.088129758E1,-8.250454739E1,1.025457293E2
4.393914125E0,6.189318546E-1,3.174089171E-1,-5.907386686E-1,4.089042672E-1,1.035236505E2,-4.189238737E1,-8.223632378E1,1.038554697E2
4.403936125E0,6.177319339E-1,3.169597792E-1,-5.900859193E-1,4.119980145E-1,1.036986064E2,-4.266826212E1,-8.197343355E1,1.048929869E2
4.413958125E0,6.169359696E-1,3.163202640E-1,-5.893637541E-1,4.147067714E-1,1.038145473E2,-4.312856460E1,-8.171347387E1,1.055609263E2
4.423979125E0,6.165939690E-1,3.156539013E-1,-5.883965050E-1,4.170900281E-1,1.038643351E2,-4.316160441E1,-8.146124630E1,1.057684299E2
4.434001125E0,6.168642778E-1,3.149742201E-1,-5.870109906E-1,4.191512830E-1,1.038249855E2,-4.263473736E1,-8.121031909E1,1.053845787E2
4.444023125E0,6.178287557E-1,3.142392845E-1,-5.852752780E-1,4.207066808E-1,1.036844970E2,-4.157874373E1,-8.096949986E1,1.044181545E2
4.454044125E0,6.193388984E-1,3.135079207E-1,-5.834560831E-1,4.215580261E-1,1.034642532E2,-4.019856689E1,-8.076472898E1,1.030594091E2
4.464066125E0,6.210363311E-1,3.129745418E-1,-5.819295769E-1,4.215670350E-1,1.032162952E2,-3.878622880E1,-8.063731373E1,1.016034401E2
4.474088125E0,6.227677868E-1,3.127165083E-1,-5.808470878E-1,4.206963022E-1,1.029629283E2,-3.742674454E1,-8.060382681E1,1.001381441E2
4.484109125E0,6.247273940E-1,3.126044398E-1,-5.799319533E-1,4.191338026E-1,1.026756366E2,-3.591785816E1,-8.062556236E1,9.846881501E1
4.494131125E0,6.270866482E-1,3.125165847E-1,-5.789427878E-1,4.170383877E-1,1.023289874E2,-3.409799725E1,-8.066521041E1,9.643942348E1
4.504153125E0,6.298362453E-1,3.124391609E-1,-5.777803356E-1,4.145576031E-1,1.019239159E2,-3.194099135E1,-8.070224714E1,9.403768736E1
4.514175125E0,6.328191042E-1,3.124176555E-1,-5.765662640E-1,4.117117215E-1,1.014831629E2,-2.955583512E1,-8.074285546E1,9.137865816E1
4.524196125E0,6.359588548E-1,3.124444082E-1,-5.754044124E-1,4.084660980E-1,1.010177255E2,-2.700524939E1,-8.079165162E1,8.852096794E1
4.534218125E0,6.393423827E-1,3.125155310E-1,-5.741770329E-1,4.048409001E-1,1.005143998E2,-2.419578171E1,-8.083349492E1,8.537361765E1
4.544240125E0,6.429891493E-1,3.127344102E-1,-5.728241507E-1,4.007925583E-1,9.996984863E1,-2.104457646E1,-8.086704508E1,8.185955712E1
4.554261125E0,6.468245231E-1,3.132483172E-1,-5.713894193E-1,3.962418683E-1,9.939477965E1,-1.751483399E1,-8.090281430E1,7.794803480E1
4.564283125E0,6.507494905E-1,3.140151581E-1,-5.700379174E-1,3.911219534E-1,9.880373179E1,-1.368042661E1,-8.094590775E1,7.370261987E1
4.574305125E0,6.546810644E-1,3.149159310E-1,-5.688842633E-1,3.854756771E-1,9.820905801E1,-9.646443136E0,-8.098976253E1,6.922173622E1
4.584326125E0,6.585036045E-1,3.159444722E-1,-5.679295634E-1,3.794840916E-1,9.762830245E1,-5.495795883E0,-8.102596497E1,6.460518620E1
4.594348125E0,6.622195551E-1,3.169743620E-1,-5.671930999E-1,3.732083100E-1,9.706126167E1,-1.306322447E0,-8.104380645E1,5.992533261E1
4.604370125E0,6.657522091E-1,3.179125930E-1,-5.668015978E-1,3.666627464E-1,9.651988254E1,2.820167935E0,-8.105285890E1,5.527649406E1
4.614392125E0,6.690542672E-1,3.186375715E-1,-5.667556051E-1,3.600340375E-1,9.601177081E1,6.742985835E0,-8.104881254E1,5.080566944E1
4.624413125E0,6.721523134E-1,3.191659033E-1,-5.669124124E-1,3.534893906E-1,9.553320098E1,1.043287352E1,-8.102132671E1,4.655985654E1
4.634435125E0,6.748436321E-1,3.197412605E-1,-5.673529629E-1,3.470767581E-1,9.511598297E1,1.395895761E1,-8.100375421E1,4.249536320E1
4.644457125E0,6.769721533E-1,3.204545854E-1,-5.681504340E-1,3.409145306E-1,9.478502576E1,1.732774093E1,-8.101868162E1,3.862389178E1
4.654478125E0,6.786265330E-1,3.212206781E-1,-5.691223087E-1,3.352359698E-1,9.452718301E1,2.045588615E1,-8.104557062E1,3.504299722E1
4.664500125E0,6.800420349E-1,3.217947919E-1,-5.701237283E-1,3.300758047E-1,9.430614423E1,2.323038672E1,-8.105923821E1,3.184720251E1
4.674521792E0,6.814618779E-1,3.220087399E-1,-5.709824177E-1,3.254215283E-1,9.408402954E1,2.556660946E1,-8.103460918E1,2.910529841E1
4.684542792E0,6.831350446E-1,3.218073517E-1,-5.715453415E-1,3.210957232E-1,9.382177019E1,2.749615822E1,-8.094846434E1,2.676539626E1
4.694564792E0,6.850529791E-1,3.214875098E-1,-5.718922417E-1,3.166819367E-1,9.352045241E1,2.934927495E1,-8.081265071E1,2.448586194E1
4.704586792E0,6.870421207E-1,3.215758917E-1,-5.720274067E-1,3.120043319E-1,9.320715848E1,3.146934537E1,-8.063790178E1,2.195492531E1
4.714608792E0,6.892222296E-1,3.220282328E-1,-5.718279467E-1,3.070561022E-1,9.286285380E1,3.378078287E1,-8.039948317E1,1.924456971E1
4.724629792E0,6.913916333E-1,3.228249031E-1,-5.714545994E-1,3.019954248E-1,9.251926020E1,3.617717093E1,-8.012396254E1,1.647258842E1
4.734651792E0,6.930393854E-1,3.239332914E-1,-5.715956965E-1,2.967184918E-1,9.225762651E1,3.877160600E1,-7.990244278E1,1.350969427E1
4.744673792E0,6.937215954E-1,3.252718332E-1,-5.727991154E-1,2.912897881E-1,9.214913555E1,4.165412799E1,-7.980885326E1,1.026092037E1
4.754694792E0,6.934835710E-1,3.266927510E-1,-5.750043439E-1,2.858711996E-1,9.218699947E1,4.478748319E1,-7.983260745E1,6.765113938E0
4.764716792E0,6.924916028E-1,3.282996733E-1,-5.777891232E-1,2.807746341E-1,9.234466824E1,4.812262863E1,-7.992666030E1,3.110941342E0
4.774738792E0,6.909890045E-1,3.300248281E-1,-5.808188072E-1,2.761653493E-1,9.258310357E1,5.153703602E1,-8.005091127E1,-5.686842310E-1
4.784759792E0,6.892137160E-1,3.317708035E-1,-5.838285137E-1,2.721338979E-1,9.286420028E1,5.488397146E1,-8.017629817E1,-4.126594662E0
4.794781792E0,6.875232270E-1,3.333591707E-1,-5.865511790E-1,2.685911813E-1,9.313126163E1,5.796684155E1,-8.026819407E1,-7.389026820E0
4.804803792E0,6.863505541E-1,3.347164678E-1,-5.884763628E-1,2.656753570E-1,9.331617329E1,6.041794149E1,-8.028318861E1,-9.980865214E0
4.814825792E0,6.859392009E-1,3.357076668E-1,-5.893086893E-1,2.636344380E-1,9.338097038E1,6.189058369E1,-8.022027462E1,-1.154531396E1
4.824846792E0,6.862684310E-1,3.360684755E-1,-5.892828638E-1,2.623726667E-1,9.332911223E1,6.236412875E1,-8.011784184E1,-1.209566849E1
4.834868792E0,6.869952745E-1,3.357706448E-1,-5.888329251E-1,2.618614465E-1,9.321454616E1,6.207678933E1,-8.003102843E1,-1.187747536E1
4.844890792E0,6.876874311E-1,3.351575451E-1,-5.881807764E-1,2.622950322E-1,9.310534673E1,6.130530749E1,-7.999393709E1,-1.112063508E1
4.854911792E0,6.882747053E-1,3.344756407E-1,-5.872696985E-1,2.636632032E-1,9.301261693E1,6.015668199E1,-7.999203211E1,-9.910262421E0
4.864933792E0,6.889079617E-1,3.339240227E-1,-5.859366780E-1,2.656664008E-1,9.291254676E1,5.872831122E1,-7.997690278E1,-8.350859706E0
4.874955792E0,6.896652562E-1,3.337070402E-1,-5.840522186E-1,2.681127725E-1,9.279276632E1,5.713394311E1,-7.991311170E1,-6.553332687E0
4.884976792E0,6.904345416E-1,3.338078766E-1,-5.818085522E-1,2.708713469E-1,9.267096710E1,5.550855346E1,-7.981418526E1,-4.666380267E0
4.894998792E0,6.910366093E-1,3.338426582E-1,-5.797696036E-1,2.736507208E-1,9.257555682E1,5.396155711E1,-7.973581408E1,-2.862427632E0
4.905020792E0,6.912249004E-1,3.337330764E-1,-5.782426233E-1,2.765245669E-1,9.254570255E1,5.252984187E1,-7.972475162E1,-1.180851237E0
4.915042792E0,6.907460700E-1,3.335758371E-1,-5.773404594E-1,2.797767442E-1,9.262160835E1,5.119173566E1,-7.981593816E1,4.328452250E-1
4.925063792E0,6.896314334E-1,3.332804087E-1,-5.769558905E-1,2.836451716E-1,9.279811859E1,4.974385449E1,-8.001084149E1,2.195450903E0
4.935085792E0,6.879953559E-1,3.327517924E-1,-5.769391266E-1,2.882357431E-1,9.305673468E1,4.799055897E1,-8.029365349E1,4.304551640E0
4.945107792E0,6.859337639E-1,3.319300132E-1,-5.772617186E-1,2.934046537E-1,9.338182659E1,4.585728962E1,-8.064714851E1,6.817398159E0
4.955128792E0,6.836151394E-1,3.309774628E-1,-5.777881643E-1,2.988060674E-1,9.374641440E1,4.344094030E1,-8.102834907E1,9.622407654E0
4.965150792E0,6.813292839E-1,3.300573655E-1,-5.782809769E-1,3.040453210E-1,9.410478898E1,4.088817682E1,-8.138007646E1,1.255423830E1
4.975172792E0,6.792405915E-1,3.292569441E-1,-5.785684711E-1,3.089994091E-1,9.443134270E1,3.828212719E1,-8.167186483E1,1.552754707E1
4.985193792E0,6.773056297E-1,3.285600671E-1,-5.786262334E-1,3.138425878E-1,9.473309492E1,3.557235405E1,-8.190904716E1,1.860670899E1
4.995215792E0,6.754840850E-1,3.276525717E-1,-5.784911000E-1,3.189250341E-1,9.501649305E1,3.241835356E1,-8.210284134E1,2.213496458E1
5.005237792E0,6.736714545E-1,3.263832034E-1,-5.781490257E-1,3.246299261E-1,9.529786839E1,2.852837264E1,-8.225280604E1,2.642532347E1
5.015259792E0,6.718647034E-1,3.247016179E-1,-5.776813748E-1,3.308337737E-1,9.557770572E1,2.395716584E1,-8.234665510E1,3.140756319E1
5.025280792E0,6.701559964E-1,3.228631513E-1,-5.770156442E-1,3.371992859E-1,9.584178837E1,1.913965173E1,-8.235847876E1,3.664021851E1
5.035302792E0,6.685235752E-1,3.211541493E-1,-5.762986736E-1,3.432436392E-1,9.609356870E1,1.462055017E1,-8.231007178E1,4.155976637E1
5.045324792E0,6.670278783E-1,3.194312494E-1,-5.757402490E-1,3.486556212E-1,9.632382523E1,1.050988612E1,-8.222738549E1,4.601328977E1
5.055345792E0,6.657833346E-1,3.173031180E-1,-5.752713758E-1,3.537149605E-1,9.651510244E1,6.485060953E0,-8.208852210E1,5.031372823E1
5.065367792E0,6.645800737E-1,3.146425771E-1,-5.750418230E-1,3.586923874E-1,9.669976430E1,2.314185921E0,-8.190765279E1,5.470544263E1
5.075389792E0,6.630955247E-1,3.115896491E-1,-5.754918460E-1,3.633528700E-1,9.692723081E1,-1.990711377E0,-8.174789792E1,5.916521681E1
5.085410792E0,6.613252728E-1,3.085629364E-1,-5.765360552E-1,3.674833455E-1,9.719795178E1,-6.154868362E0,-8.162627020E1,6.343636697E1
5.095432792E0,6.595013573E-1,3.058763066E-1,-5.777518443E-1,3.710800416E-1,9.747629090E1,-9.890963765E0,-8.151923768E1,6.726101558E1
5.105454792E0,6.578994294E-1,3.035461654E-1,-5.789190697E-1,3.740063922E-1,9.772026516E1,-1.302213813E1,-8.141575543E1,7.045166148E1
5.115476792E0,6.566662442E-1,3.014765444E-1,-5.798052914E-1,3.764665564E-1,9.790777102E1,-1.555863944E1,-8.129050226E1,7.302951769E1
5.125497792E0,6.558027185E-1,2.995698842E-1,-5.802459157E-1,3.788078349E-1,9.803891124E1,-1.760308722E1,-8.111952735E1,7.512149097E1
5.135519792E0,6.551867739E-1,2.974598338E-1,-5.805191221E-1,3.811107492E-1,9.813237268E1,-1.947479407E1,-8.090484667E1,7.702032042E1
5.145541792E0,6.548109505E-1,2.947264842E-1,-5.807739841E-1,3.834845862E-1,9.818936645E1,-2.140471653E1,-8.062398870E1,7.892936095E1
5.155562792E0,6.546994615E-1,2.911919336E-1,-5.808105991E-1,3.863094050E-1,9.820626907E1,-2.342084272E1,-8.022873505E1,8.089784224E1
5.165584792E0,6.550458243E-1,2.866543512E-1,-5.802264965E-1,3.899762651E-1,9.815375062E1,-2.537818789E1,-7.964937654E1,8.280236872E1
5.175606792E0,6.561864656E-1,2.812533801E-1,-5.783857118E-1,3.946970704E-1,9.798064921E1,-2.685579888E1,-7.883615374E1,8.425878498E1
5.185627792E0,6.584082156E-1,2.750677084E-1,-5.750807562E-1,4.001481541E-1,9.764282607E1,-2.763237302E1,-7.779879795E1,8.502525839E1
5.195649792E0,6.616313537E-1,2.682904425E-1,-5.704880668E-1,4.059649249E-1,9.715118383E1,-2.780573587E1,-7.659078731E1,8.518352432E1
5.205671792E0,6.654047084E-1,2.613046550E-1,-5.652242099E-1,4.116771400E-1,9.657323798E1,-2.765534276E1,-7.531903578E1,8.500032007E1
5.215693792E0,6.691191839E-1,2.546913930E-1,-5.601242726E-1,4.167405043E-1,9.600176131E1,-2.743100783E1,-7.412489030E1,8.471911896E1
5.225714792E0,6.722462272E-1,2.492644595E-1,-5.558959533E-1,4.206328501E-1,9.551866539E1,-2.721501338E1,-7.315566382E1,8.443605299E1
5.235736792E0,6.744232489E-1,2.456881413E-1,-5.532122843E-1,4.227845626E-1,9.518124366E1,-2.704170361E1,-7.254345831E1,8.418009877E1
5.245758792E0,6.755289504E-1,2.444793802E-1,-5.520471663E-1,4.232426778E-1,9.500952057E1,-2.682166252E1,-7.232534924E1,8.390832493E1
5.255779792E0,6.756077966E-1,2.454405075E-1,-5.521589292E-1,4.224138705E-1,9.499726620E1,-2.655768747E1,-7.244744114E1,8.364640543E1
5.265801792E0,6.747172021E-1,2.478883227E-1,-5.532964621E-1,4.209168461E-1,9.513561366E1,-2.636742938E1,-7.280768639E1,8.351492184E1
5.275823792E0,6.732868961E-1,2.512840416E-1,-5.547493166E-1,4.192781029E-1,9.535748254E1,-2.615647719E1,-7.328090712E1,8.342944915E1
5.285844792E0,6.719711663E-1,2.552432323E-1,-5.557573850E-1,4.176594005E-1,9.556123349E1,-2.568851501E1,-7.376341519E1,8.314170573E1
5.295866792E0,6.713355707E-1,2.595758967E-1,-5.556833224E-1,4.161069002E-1,9.565954268E1,-2.470105108E1,-7.417993971E1,8.238158920E1
5.305888792E0,6.714063985E-1,2.642268330E-1,-5.546294510E-1,4.144682097E-1,9.564859135E1,-2.317589399E1,-7.453440895E1,8.111098616E1
5.315910792E0,6.718576859E-1,2.691159834E-1,-5.532027486E-1,4.124933137E-1,9.557879140E1,-2.129878798E1,-7.487615332E1,7.948091436E1
5.325931792E0,6.725953506E-1,2.742444646E-1,-5.514101061E-1,4.103075676E-1,9.546461477E1,-1.909292253E1,-7.519495798E1,7.752704319E1
5.335953792E0,6.737576764E-1,2.793640739E-1,-5.488994710E-1,4.083082054E-1,9.528449841E1,-1.656713352E1,-7.541696206E1,7.527747463E1
5.345975792E0,6.755247462E-1,2.843251478E-1,-5.453366610E-1,4.067350111E-1,9.501017394E1,-1.372451912E1,-7.548151315E1,7.274796670E1
5.355996792E0,6.779025134E-1,2.893493682E-1,-5.407950219E-1,4.052972030E-1,9.464009066E1,-1.053748278E1,-7.541100953E1,6.990297268E1
5.366018792E0,6.804054250E-1,2.948683611E-1,-5.360570102E-1,4.034155358E-1,9.424933497E1,-7.085405733E0,-7.532562604E1,6.679951417E1
5.376040792E0,6.825304691E-1,3.013835579E-1,-5.316971189E-1,4.007722541E-1,9.391659861E1,-3.342444350E0,-7.532339888E1,6.342179280E1
5.386061792E0,6.840244906E-1,3.090325471E-1,-5.280579809E-1,3.971954196E-1,9.368212584E1,7.494177477E-1,-7.544385108E1,5.970559834E1
5.396083792E0,6.848224674E-1,3.176388703E-1,-5.252109402E-1,3.927813275E-1,9.355670636E1,5.207254278E0,-7.566802507E1,5.562780390E1
5.406105792E0,6.848794394E-1,3.269365810E-1,-5.230965698E-1,3.878434133E-1,9.354774704E1,9.983537183E0,-7.595763219E1,5.124349508E1
5.416126792E0,6.841596134E-1,3.367177161E-1,-5.215253880E-1,3.828292448E-1,9.366089740E1,1.499898326E1,-7.626976220E1,4.665814968E1
5.426148792E0,6.831270472E-1,3.466264191E-1,-5.198935674E-1,3.780188248E-1,9.382302506E1,2.017687403E1,-7.649985713E1,4.194884260E1
5.436170792E0,6.822958587E-1,3.562002917E-1,-5.177534716E-1,3.735307439E-1,9.395337782E1,2.529062122E1,-7.656290130E1,3.731566651E1
5.446192792E0,6.818660557E-1,3.650230337E-1,-5.151355886E-1,3.693944417E-1,9.402072826E1,3.002924406E1,-7.645393107E1,3.303296519E1
5.456213792E0,6.818404515E-1,3.732082204E-1,-5.119183352E-1,3.657168552E-1,9.402473929E1,3.428146886E1,-7.618464783E1,2.923273452E1
5.466235792E0,6.820946918E-1,3.808693268E-1,-5.082438992E-1,3.624551000E-1,9.398490541E1,3.802955678E1,-7.579804788E1,2.593713108E1
5.476257792E0,6.823826496E-1,3.878094534E-1,-5.046639722E-1,3.595443438E-1,9.393977315E1,4.123103110E1,-7.537912501E1,2.315728867E1
5.486278792E0,6.825648610E-1,3.941302058E-1,-5.013799846E-1,3.569099445E-1,9.391120618E1,4.399776500E1,-7.496923163E1,2.078056146E1
5.496300792E0,6.825989894E-1,4.002311307E-1,-4.983338633E-1,3.543121076E-1,9.390585481E1,4.656921519E1,-7.456604381E1,1.858293108E1
5.506322792E0,6.824943493E-1,4.060084942E-1,-4.956760409E-1,3.516587422E-1,9.392226174E1,4.896552228E1,-7.418466133E1,1.652365594E1
5.516344792E0,6.819584732E-1,4.113374575E-1,-4.938870758E-1,3.490123627E-1,9.400624949E1,5.122306233E1,-7.389287637E1,1.455364622E1
5.526365792E0,6.808221204E-1,4.162300717E-1,-4.932741368E-1,3.462863783E-1,9.418416024E1,5.345405015E1,-7.372619218E1,1.254931398E1
5.536387792E0,6.795683465E-1,4.203057036E-1,-4.933751733E-1,3.436725045E-1,9.438015737E1,5.544858876E1,-7.362952275E1,1.070653197E1
5.546409792E0,6.787724454E-1,4.234098875E-1,-4.932349244E-1,3.416304054E-1,9.450441618E1,5.692139383E1,-7.351376384E1,9.348447004E0
5.556430792E0,6.785830585E-1,4.256457673E-1,-4.926927579E-1,3.400066348E-1,9.453396556E1,5.790766317E1,-7.335755797E1,8.436891010E0
5.566452792E0,6.788240542E-1,4.271828655E-1,-4.919932861E-1,3.386081181E-1,9.449636261E1,5.855253069E1,-7.318601613E1,7.822110773E0
5.576474792E0,6.791247087E-1,4.282252756E-1,-4.916445289E-1,3.371918365E-1,9.444943499E1,5.907505153E1,-7.305088341E1,7.276072472E0
5.586495792E0,6.791580153E-1,4.290352484E-1,-4.918993540E-1,3.357203952E-1,9.444423525E1,5.963445407E1,-7.298467963E1,6.658407006E0
5.596517792E0,6.790302998E-1,4.296155157E-1,-4.925611543E-1,3.342632206E-1,9.446417271E1,6.018764123E1,-7.296720050E1,6.021141492E0
5.606539792E0,6.788044875E-1,4.300122414E-1,-4.934266425E-1,3.329323811E-1,9.449941606E1,6.069844205E1,-7.298152621E1,5.417579209E0
5.616560792E0,6.782691172E-1,4.305835867E-1,-4.944790467E-1,3.317217761E-1,9.458293325E1,6.130061811E1,-7.302802271E1,4.748441955E0
5.626582792E0,6.774192787E-1,4.310832797E-1,-4.958281673E-1,3.307941978E-1,9.471539191E1,6.190967012E1,-7.313022706E1,4.087705788E0
5.636604792E0,6.762334455E-1,4.312400871E-1,-4.974867090E-1,3.305257118E-1,9.489998455E1,6.238326879E1,-7.331669301E1,3.585336320E0
5.646626792E0,6.749017736E-1,4.309803834E-1,-4.992947193E-1,3.308600206E-1,9.510695434E1,6.266539899E1,-7.356435548E1,3.287119486E0
5.656647792E0,6.736062533E-1,4.305417428E-1,-5.010693307E-1,3.313878783E-1,9.530797785E1,6.285384791E1,-7.382174471E1,3.083437316E0
5.666669792E0,6.725084227E-1,4.299784949E-1,-5.027485429E-1,3.318052901E-1,9.547807494E1,6.299174879E1,-7.405869029E1,2.909631453E0
5.676691750E0,6.714132158E-1,4.294529685E-1,-5.043402160E-1,3.322880191E-1,9.564753722E1,6.311924900E1,-7.429021621E1,2.757107020E0
5.686712750E0,6.700992035E-1,4.290057325E-1,-5.060277494E-1,3.329519584E-1,9.585055633E1,6.328366291E1,-7.454803980E1,2.590959522E0
5.696734750E0,6.683491188E-1,4.284184846E-1,-5.082076424E-1,3.339042875E-1,9.612044696E1,6.348905096E1,-7.488882369E1,2.391528984E0
5.706756750E0,6.662556216E-1,4.275806105E-1,-5.107069452E-1,3.353456043E-1,9.644254899E1,6.361843955E1,-7.530667360E1,2.285480559E0
5.716778750E0,6.642547632E-1,4.262729651E-1,-5.130716337E-1,3.373639115E-1,9.674964353E1,6.342751094E1,-7.575183270E1,2.508934214E0
5.726799750E0,6.625039937E-1,4.246555455E-1,-5.150118981E-1,3.398806579E-1,9.701775534E1,6.288405782E1,-7.618199914E1,3.105565451E0
5.736821750E0,6.610662277E-1,4.230037209E-1,-5.166202271E-1,3.422906674E-1,9.723751969E1,6.221241880E1,-7.656171845E1,3.821526476E0
5.746843750E0,6.596734113E-1,4.213943699E-1,-5.182571422E-1,3.444810707E-1,9.745005992E1,6.157221512E1,-7.692776381E1,4.490579088E0
5.756864750E0,6.580019095E-1,4.197728805E-1,-5.202840000E-1,3.465958731E-1,9.770467101E1,6.102449092E1,-7.733765760E1,5.056234390E0
5.766886750E0,6.559460599E-1,4.182454418E-1,-5.228024796E-1,3.485441639E-1,9.801715157E1,6.067672224E1,-7.779961355E1,5.412203332E0
5.776908750E0,6.537976454E-1,4.167706393E-1,-5.253645022E-1,3.504895149E-1,9.834291236E1,6.034844463E1,-7.826862766E1,5.754220956E0
5.786929750E0,6.517413323E-1,4.152687838E-1,-5.275997972E-1,3.527371747E-1,9.865396023E1,5.980777480E1,-7.871873107E1,6.337868892E0
5.796951750E0,6.497014670E-1,4.137307873E-1,-5.295078430E-1,3.554383241E-1,9.896180491E1,5.898827631E1,-7.915981891E1,7.242594260E0
5.806973750E0,6.474294673E-1,4.122765419E-1,-5.313804380E-1,3.584661853E-1,9.930385215E1,5.805443637E1,-7.962085307E1,8.301400785E0
5.816995750E0,6.446819459E-1,4.107694022E-1,-5.337164377E-1,3.616635822E-1,9.971633389E1,5.711556193E1,-8.015548851E1,9.373666223E0
5.827016750E0,6.416192292E-1,4.091987473E-1,-5.362370826E-1,3.651453228E-1,1.001746648E2,5.600832674E1,-8.073493387E1,1.063502067E1
5.837038750E0,6.386065725E-1,4.077276537E-1,-5.384351251E-1,3.688190107E-1,1.006240132E2,5.464181137E1,-8.128408731E1,1.218742172E1
5.847060750E0,6.359869878E-1,4.062098666E-1,-5.401172005E-1,3.725419999E-1,1.010135480E2,5.286078123E1,-8.175963186E1,1.415992863E1
5.857081750E0,6.338141281E-1,4.045121652E-1,-5.414433353E-1,3.761496226E-1,1.013358281E2,5.066311109E1,-8.216429219E1,1.652482769E1
5.867103750E0,6.318568179E-1,4.028832159E-1,-5.425472192E-1,3.795847699E-1,1.016255031E2,4.829530649E1,-8.251587336E1,1.905320919E1
5.877125750E0,6.297261788E-1,4.012315388E-1,-5.439834416E-1,3.828058323E-1,1.019401532E2,4.587107705E1,-8.288927054E1,2.161477476E1
5.887146750E0,6.271315135E-1,3.994572777E-1,-5.459922921E-1,3.860472832E-1,1.023223871E2,4.319018995E1,-8.333253424E1,2.442112406E1
5.897168750E0,6.240519276E-1,3.973446037E-1,-5.486586071E-1,3.894227400E-1,1.027747295E2,3.985575514E1,-8.385435416E1,2.785921430E1
5.907190750E0,6.210996040E-1,3.943670816E-1,-5.514735266E-1,3.931751793E-1,1.032070442E2,3.486741925E1,-8.435512956E1,3.290596342E1
5.917212750E0,6.188372034E-1,3.905791652E-1,-5.535550014E-1,3.975741723E-1,1.035374589E2,2.779544936E1,-8.467804790E1,4.002729134E1
5.927233750E0,6.172250337E-1,3.866444935E-1,-5.547626034E-1,4.022160260E-1,1.037724526E2,1.994616094E1,-8.478205045E1,4.794252898E1
5.937255750E0,6.156029490E-1,3.834352112E-1,-5.556008726E-1,4.065933344E-1,1.040085106E2,1.289703898E1,-8.478678835E1,5.510577197E1
5.947277750E0,6.134028098E-1,3.813621921E-1,-5.566255310E-1,4.104485804E-1,1.043280859E2,6.962415322E0,-8.482920716E1,6.121363538E1
5.957298750E0,6.105042235E-1,3.804147573E-1,-5.580789809E-1,4.136630995E-1,1.047480589E2,1.813899940E0,-8.496824768E1,6.658009528E1
5.967320750E0,6.069090868E-1,3.803458050E-1,-5.600054290E-1,4.164042568E-1,1.052673124E2,-3.227639942E0,-8.520488612E1,7.187697470E1
5.977342750E0,6.029368201E-1,3.807198794E-1,-5.620693813E-1,4.190437558E-1,1.058389546E2,-8.691187940E0,-8.545921192E1,7.762956379E1
5.987363750E0,5.987517328E-1,3.812170752E-1,-5.642892242E-1,4.216012161E-1,1.064389014E2,-1.490728655E1,-8.569719879E1,8.414000211E1
5.997385750E0,5.944642657E-1,3.816950099E-1,-5.666245073E-1,4.240963464E-1,1.070510995E2,-2.195146286E1,-8.588893889E1,9.147241913E1
6.007407750E0,5.904932212E-1,3.817913260E-1,-5.688016765E-1,4.266354938E-1,1.076159670E2,-2.929678853E1,-8.596278409E1,9.907629541E1
6.017429750E0,5.871751104E-1,3.811176403E-1,-5.707209703E-1,4.292463804E-1,1.080863986E2,-3.613905907E1,-8.587782171E1,1.061123002E2
6.027450750E0,5.849854289E-1,3.795611466E-1,-5.717572875E-1,4.322256411E-1,1.083960787E2,-4.083960766E1,-8.559905289E1,1.109609550E2
6.037472750E0,5.839323108E-1,3.773536211E-1,-5.717954304E-1,4.355195384E-1,1.085448031E2,-4.309341101E1,-8.518396634E1,1.133341547E2
6.047494750E0,5.831391862E-1,3.753355773E-1,-5.717164999E-1,4.384199212E-1,1.086567189E2,-4.456661299E1,-8.480340148E1,1.149065772E2
6.057515750E0,5.818332450E-1,3.740484020E-1,-5.723417168E-1,4.404347724E-1,1.088408262E2,-4.665329726E1,-8.456405092E1,1.170733320E2
6.067537750E0,5.797959665E-1,3.732658299E-1,-5.739379760E-1,4.417061584E-1,1.091276134E2,-4.987123434E1,-8.443184245E1,1.203442934E2
6.077559750E0,5.771192623E-1,3.728751181E-1,-5.762896121E-1,4.424790895E-1,1.095036382E2,-5.406026664E1,-8.435739183E1,1.245738748E2
6.087580750E0,5.744280437E-1,3.728446248E-1,-5.785430987E-1,4.430658316E-1,1.098808248E2,-5.806836174E1,-8.429804950E1,1.286393144E2
6.097602750E0,5.723302265E-1,3.728066610E-1,-5.802784004E-1,4.435428496E-1,1.101742402E2,-6.110254577E1,-8.422983404E1,1.317195721E2
6.107624750E0,5.708577578E-1,3.726829390E-1,-5.815169066E-1,4.439221976E-1,1.103798770E2,-6.318726241E1,-8.416079832E1,1.338321848E2
6.117646750E0,5.698740241E-1,3.722875594E-1,-5.825247642E-1,4.441964313E-1,1.105171169E2,-6.465990969E1,-8.408122137E1,1.352956788E2
6.127667750E0,5.693099939E-1,3.714325263E-1,-5.833450683E-1,4.445588310E-1,1.105957529E2,-6.556905485E1,-8.396375586E1,1.361601848E2
6.137689750E0,5.694503481E-1,3.699257764E-1,-5.836321726E-1,4.452581262E-1,1.105761885E2,-6.540277483E1,-8.378571353E1,1.359203752E2
6.147711750E0,5.702578291E-1,3.681167705E-1,-5.833421812E-1,4.461032232E-1,1.104635862E2,-6.430953941E1,-8.358928072E1,1.347390172E2
6.157732750E0,5.713504598E-1,3.666643901E-1,-5.828018586E-1,4.466069466E-1,1.103110976E2,-6.298148168E1,-8.345264163E1,1.333222291E2
6.167754750E0,5.722577234E-1,3.660698666E-1,-5.823427951E-1,4.465319989E-1,1.101843716E2,-6.200647831E1,-8.342566109E1,1.322818469E2
6.177776750E0,5.727247473E-1,3.665742590E-1,-5.820829387E-1,4.458576125E-1,1.101190999E2,-6.160448822E1,-8.352769367E1,1.318589063E2
6.187797750E0,5.726865412E-1,3.681684741E-1,-5.820715907E-1,4.446063779E-1,1.101244406E2,-6.186003310E1,-8.375679143E1,1.321395154E2
6.197819750E0,5.724777668E-1,3.706243921E-1,-5.818268650E-1,4.431527120E-1,1.101536213E2,-6.216152630E1,-8.407190750E1,1.325286865E2
6.207841750E0,5.725519084E-1,3.734682928E-1,-5.810712563E-1,4.416582217E-1,1.101432590E2,-6.187715912E1,-8.442955120E1,1.323656459E2
6.217863750E0,5.731631852E-1,3.765045518E-1,-5.796416352E-1,4.401635469E-1,1.100577997E2,-6.049646381E1,-8.481345179E1,1.311253719E2
6.227884750E0,5.745483941E-1,3.795400943E-1,-5.775448717E-1,4.385037092E-1,1.098639758E2,-5.753263191E1,-8.521479623E1,1.282859386E2
6.237906750E0,5.766113084E-1,3.825956881E-1,-5.749965573E-1,4.364847961E-1,1.095748972E2,-5.286141163E1,-8.563048936E1,1.237060536E2
6.247928750E0,5.790034424E-1,3.856006530E-1,-5.724391076E-1,4.340282618E-1,1.092390389E2,-4.683626425E1,-8.603923985E1,1.177248961E2
6.257949750E0,5.814468849E-1,3.884200454E-1,-5.700932772E-1,4.313269649E-1,1.088952534E2,-3.973266339E1,-8.640298541E1,1.106244918E2
6.267971750E0,5.840406599E-1,3.911374055E-1,-5.677465565E-1,4.284528290E-1,1.085295082E2,-3.097612181E1,-8.670018536E1,1.018459810E2
6.277993750E0,5.867861003E-1,3.940349855E-1,-5.653691529E-1,4.251777713E-1,1.081414594E2,-2.006976753E1,-8.693696796E1,9.089736693E1
6.288014750E0,5.895429151E-1,3.974659602E-1,-5.628735010E-1,4.214656560E-1,1.077508424E2,-6.585494361E0,-8.709243967E1,7.738223423E1
6.298036750E0,5.922768179E-1,4.014938924E-1,-5.602246980E-1,4.173237956E-1,1.073625098E2,9.108808032E0,-8.710312271E1,6.167653490E1
6.308058750E0,5.948501148E-1,4.059086431E-1,-5.577739062E-1,4.126496469E-1,1.069961043E2,2.507652007E1,-8.694610215E1,4.568582244E1
6.318080750E0,5.977154261E-1,4.101679615E-1,-5.551290650E-1,4.078360553E-1,1.065870966E2,3.849194208E1,-8.654361238E1,3.222349815E1
6.328101750E0,6.011835744E-1,4.140494913E-1,-5.519709437E-1,4.030749261E-1,1.060905759E2,4.789278321E1,-8.591355188E1,2.274992254E1
6.338123750E0,6.052757384E-1,4.177763843E-1,-5.483065966E-1,3.980755933E-1,1.055026272E2,5.434545643E1,-8.511426006E1,1.619309111E1
6.348145750E0,6.096681775E-1,4.213833063E-1,-5.446397417E-1,3.925664313E-1,1.048689722E2,5.908941934E1,-8.423423803E1,1.128905668E1
6.358166750E0,6.139033141E-1,4.251019702E-1,-5.412279912E-1,3.866307536E-1,1.042554474E2,6.299129667E1,-8.333330743E1,7.201608842E0
6.368188750E0,6.180184903E-1,4.288754408E-1,-5.380875663E-1,3.802377089E-1,1.036568438E2,6.630702845E1,-8.241292970E1,3.666270620E0
6.378210750E0,6.221669098E-1,4.327915521E-1,-5.348474062E-1,3.735479187E-1,1.030509061E2,6.902887707E1,-8.144190464E1,7.174786600E-1
6.388231750E0,6.267337315E-1,4.367125155E-1,-5.310363617E-1,3.667253976E-1,1.023808956E2,7.093828865E1,-8.038211881E1,-1.420595712E0
6.398253750E0,6.315000765E-1,4.407182389E-1,-5.269235853E-1,3.596203241E-1,1.016782353E2,7.243327623E1,-7.926126167E1,-3.153137978E0
6.408275750E0,6.360536957E-1,4.451065846E-1,-5.229015800E-1,3.519799539E-1,1.010036420E2,7.397390395E1,-7.810421591E1,-4.936366356E0
6.418297750E0,6.401915469E-1,4.499572759E-1,-5.192567943E-1,3.436068502E-1,1.003877917E2,7.571752486E1,-7.692238036E1,-6.939500396E0
6.428318750E0,6.440551696E-1,4.554860126E-1,-5.156227271E-1,3.344529551E-1,9.981025552E1,7.756263994E1,-7.566305261E1,-9.039499231E0
6.438340750E0,6.480447376E-1,4.612032484E-1,-5.117906355E-1,3.246536127E-1,9.921130966E1,7.918203394E1,-7.432061748E1,-1.094211553E1
6.448362750E0,6.520965354E-1,4.669716623E-1,-5.078975878E-1,3.142412654E-1,9.860028241E1,8.060457733E1,-7.291696694E1,-1.268698086E1
6.458383750E0,6.565467790E-1,4.725532749E-1,-5.035051064E-1,3.035164518E-1,9.792592151E1,8.162543747E1,-7.144249211E1,-1.406074595E1
6.468405750E0,6.613431430E-1,4.778652634E-1,-4.986260503E-1,2.926465583E-1,9.719522174E1,8.229442820E1,-6.992048951E1,-1.510608201E1
6.478427750E0,6.662727016E-1,4.828977038E-1,-4.934839438E-1,2.817163843E-1,9.643992436E1,8.273808720E1,-6.838345584E1,-1.594528207E1
6.488448750E0,6.712292553E-1,4.878180677E-1,-4.880115405E-1,2.707941971E-1,9.567597930E1,8.302889586E1,-6.682859758E1,-1.662707857E1
6.498470750E0,6.761385202E-1,4.929130693E-1,-4.820730118E-1,2.597669800E-1,9.491474928E1,8.324514541E1,-6.522786209E1,-1.720837463E1
6.508492750E0,6.809639972E-1,4.979940280E-1,-4.757838716E-1,2.488365320E-1,9.416196162E1,8.337616252E1,-6.361415592E1,-1.768120824E1
6.518514750E0,6.856676487E-1,5.027104039E-1,-4.693286010E-1,2.384802294E-1,9.342372684E1,8.338035225E1,-6.205280120E1,-1.800169508E1
6.528535750E0,6.900895696E-1,5.072240877E-1,-4.628326666E-1,2.286611517E-1,9.272560100E1,8.334097847E1,-6.054671325E1,-1.824257427E1
6.538557750E0,6.940484020E-1,5.115241278E-1,-4.569151991E-1,2.187883578E-1,9.209712885E1,8.338653972E1,-5.910096728E1,-1.859443733E1
6.548579750E0,6.976210429E-1,5.155720692E-1,-4.515569965E-1,2.088218715E-1,9.152709963E1,8.349027941E1,-5.771018146E1,-1.903903649E1
6.558600750E0,7.010622909E-1,5.194694963E-1,-4.461738930E-1,1.989770841E-1,9.097541199E1,8.356117013E1,-5.633743237E1,-1.944818685E1
6.568622750E0,7.040920593E-1,5.232248464E-1,-4.411761381E-1,1.893507439E-1,9.048752101E1,8.367011903E1,-5.502510223E1,-1.989111568E1
6.578644750E0,7.065662900E-1,5.267593417E-1,-4.368283772E-1,1.801936246E-1,9.008755690E1,8.383400219E1,-5.381683006E1,-2.037756917E1
6.588666750E0,7.085599834E-1,5.299958825E-1,-4.330623877E-1,1.717673105E-1,8.976425583E1,8.401704732E1,-5.272835607E1,-2.085838993E1
6.598687750E0,7.100867952E-1,5.331113775E-1,-4.298002216E-1,1.638319019E-1,8.951604468E1,8.424338707E1,-5.172735875E1,-2.135895213E1
6.608709750E0,7.111197091E-1,5.364875824E-1,-4.267831922E-1,1.560319743E-1,8.934781778E1,8.455150578E1,-5.075123776E1,-2.190271484E1
6.618731750E0,7.119906948E-1,5.399227718E-1,-4.235803162E-1,1.487693347E-1,8.920576918E1,8.483305674E1,-4.980198504E1,-2.236177597E1
6.628752750E0,7.128249706E-1,5.434588134E-1,-4.199673988E-1,1.419872957E-1,8.906953997E1,8.506861360E1,-4.885570824E1,-2.271283795E1
6.638774750E0,7.136784653E-1,5.468717493E-1,-4.163389239E-1,1.351152310E-1,8.893000194E1,8.527779059E1,-4.790596668E1,-2.305423681E1
6.648796750E0,7.142183875E-1,5.501003296E-1,-4.133817693E-1,1.280513981E-1,8.884164049E1,8.554189556E1,-4.700153343E1,-2.349552749E1
6.658817750E0,7.143280747E-1,5.531026867E-1,-4.113098460E-1,1.209830976E-1,8.882368104E1,8.587562209E1,-4.617453156E1,-2.404524750E1
6.668839750E0,7.141271607E-1,5.558409147E-1,-4.097991871E-1,1.145775774E-1,8.885657518E1,8.622292124E1,-4.545267498E1,-2.459103147E1
6.678861667E0,7.141303428E-1,5.580554366E-1,-4.081471570E-1,1.095804996E-1,8.885605428E1,8.644341599E1,-4.484930227E1,-2.494711211E1
6.688883667E0,7.143832449E-1,5.598245664E-1,-4.062242756E-1,1.059940346E-1,8.881464675E1,8.653981846E1,-4.435289914E1,-2.510576751E1
6.698904667E0,7.144744718E-1,5.614056000E-1,-4.045081191E-1,1.035524466E-1,8.879970648E1,8.662301408E1,-4.397076955E1,-2.518101914E1
6.708926667E0,7.141996111E-1,5.629901530E-1,-4.032539975E-1,1.017208078E-1,8.884471453E1,8.676180423E1,-4.367313296E1,-2.526969135E1
6.718948667E0,7.134210745E-1,5.645501817E-1,-4.028795596E-1,1.000078755E-1,8.897210103E1,8.700396308E1,-4.345340640E1,-2.547144293E1
6.728969667E0,7.123991610E-1,5.657437435E-1,-4.034204249E-1,9.835371710E-2,8.913909112E1,8.729205873E1,-4.332050346E1,-2.577274998E1
6.738991667E0,7.118141838E-1,5.661046417E-1,-4.042500908E-1,9.709797282E-2,8.923457068E1,8.746423052E1,-4.326999411E1,-2.602384076E1
6.749013667E0,7.118490814E-1,5.658650474E-1,-4.047252017E-1,9.625545732E-2,8.922887698E1,8.748301456E1,-4.324675395E1,-2.614774508E1
6.759034667E0,7.122741323E-1,5.651541671E-1,-4.050281849E-1,9.601366085E-2,8.915950499E1,8.739380611E1,-4.327551168E1,-2.616363320E1
6.769056667E0,7.124806519E-1,5.642931913E-1,-4.058697732E-1,9.599073296E-2,8.912578382E1,8.734406985E1,-4.336807467E1,-2.622811900E1
6.779078667E0,7.123159209E-1,5.634374627E-1,-4.073583788E-1,9.593478302E-2,8.915268243E1,8.737680031E1,-4.350692315E1,-2.638943486E1
6.789100667E0,7.120904353E-1,5.623673806E-1,-4.091284358E-1,9.635405987E-2,8.918949116E1,8.740596469E1,-4.371293841E1,-2.653708464E1
6.799121667E0,7.119939822E-1,5.610644108E-1,-4.108321378E-1,9.740724639E-2,8.920523269E1,8.738395676E1,-4.397333325E1,-2.660571565E1
6.809143667E0,7.124787553E-1,5.592812461E-1,-4.120696694E-1,9.887876146E-2,8.912609355E1,8.721484279E1,-4.424947082E1,-2.653686782E1
6.819165667E0,7.139523355E-1,5.569555408E-1,-4.123058182E-1,1.003811702E-1,8.888519014E1,8.681813977E1,-4.447107511E1,-2.627849307E1
6.829186667E0,7.162451030E-1,5.542649334E-1,-4.116982661E-1,1.014289619E-1,8.850933397E1,8.624810104E1,-4.460303493E1,-2.590767883E1
6.839208667E0,7.183756051E-1,5.517178571E-1,-4.113223742E-1,1.017730698E-1,8.815894054E1,8.573730731E1,-4.468978439E1,-2.564153735E1
6.849230667E0,7.200247060E-1,5.497557686E-1,-4.111079152E-1,1.016035763E-1,8.788695951E1,8.535638831E1,-4.472703506E1,-2.548566808E1
6.859251667E0,7.215373142E-1,5.482657932E-1,-4.104999048E-1,1.013825161E-1,8.763689954E1,8.501196766E1,-4.471261048E1,-2.531105737E1
6.869273667E0,7.229362103E-1,5.470094536E-1,-4.096129928E-1,1.017901182E-1,8.740513095E1,8.467098749E1,-4.471723166E1,-2.505707522E1
6.879295667E0,7.241696799E-1,5.458476810E-1,-4.086955771E-1,1.029398000E-1,8.720036249E1,8.433812207E1,-4.477372948E1,-2.473892277E1
6.889317667E0,7.253418049E-1,5.448072333E-1,-4.076146896E-1,1.044726598E-1,8.700542121E1,8.400370155E1,-4.484205718E1,-2.437099139E1
6.899338667E0,7.262460023E-1,5.443398775E-1,-4.063039542E-1,1.057258753E-1,8.685480108E1,8.374668333E1,-4.485013787E1,-2.403639842E1
6.909360667E0,7.266345751E-1,5.447915600E-1,-4.048633380E-1,1.062542492E-1,8.679000880E1,8.364653858E1,-4.476077231E1,-2.381567276E1
6.919382667E0,7.265690368E-1,5.460998614E-1,-4.032471118E-1,1.061325713E-1,8.680093966E1,8.368612385E1,-4.457897276E1,-2.369123866E1
6.929403667E0,7.262609223E-1,5.478448568E-1,-4.015587617E-1,1.056480722E-1,8.685231398E1,8.379970231E1,-4.434926286E1,-2.362110172E1
6.939425667E0,7.257238028E-1,5.498037633E-1,-4.000240211E-1,1.049839221E-1,8.694181392E1,8.397247924E1,-4.411134828E1,-2.360389885E1
6.949447667E0,7.248536601E-1,5.518912335E-1,-3.989336610E-1,1.041889272E-1,8.708664913E1,8.422288519E1,-4.389500112E1,-2.366911419E1
6.959469667E0,7.235966724E-1,5.539711699E-1,-3.985739061E-1,1.032604321E-1,8.729553524E1,8.455996183E1,-4.372676884E1,-2.384674863E1
6.969490667E0,7.223507062E-1,5.559107732E-1,-3.983457178E-1,1.024369881E-1,8.750219662E1,8.488626390E1,-4.358123018E1,-2.402245986E1
6.979512667E0,7.216683066E-1,5.575317567E-1,-3.973768302E-1,1.021996592E-1,8.761521751E1,8.506260691E1,-4.343313930E1,-2.401978444E1
6.989534667E0,7.216792437E-1,5.589834417E-1,-3.952303123E-1,1.025160345E-1,8.761340699E1,8.506553175E1,-4.324099903E1,-2.379251360E1
6.999555667E0,7.220067669E-1,5.605845373E-1,-3.923332854E-1,1.025946384E-1,8.755917534E1,8.501085303E1,-4.296570745E1,-2.349441671E1
7.009577667E0,7.221578001E-1,5.625655867E-1,-3.894378180E-1,1.017162348E-1,8.753415806E1,8.503403948E1,-4.260305541E1,-2.330955044E1
7.019599667E0,7.216631015E-1,5.650596159E-1,-3.872593001E-1,9.970041427E-2,8.761607915E1,8.524044770E1,-4.219182243E1,-2.335803680E1
7.029620667E0,7.201796799E-1,5.681050102E-1,-3.863108801E-1,9.675656227E-2,8.786136573E1,8.568960052E1,-4.178691990E1,-2.368846135E1
7.039642667E0,7.181628268E-1,5.714253916E-1,-3.860102361E-1,9.333385885E-2,8.819398483E1,8.626020898E1,-4.138405417E1,-2.416074529E1
7.049664667E0,7.160046974E-1,5.749179113E-1,-3.856095249E-1,9.006642442E-2,8.854880325E1,8.684516740E1,-4.097715537E1,-2.461099411E1
7.059686667E0,7.140393477E-1,5.786072251E-1,-3.843389344E-1,8.743633463E-2,8.887094911E1,8.736048453E1,-4.054528385E1,-2.489623153E1
7.069707667E0,7.124212880E-1,5.824572238E-1,-3.820045364E-1,8.527643509E-2,8.913547797E1,8.778105850E1,-4.006349022E1,-2.500445663E1
7.079729667E0,7.107142353E-1,5.864837546E-1,-3.795299369E-1,8.294050923E-2,8.941388555E1,8.821724407E1,-3.955073065E1,-2.511629850E1
7.089751667E0,7.087463357E-1,5.903838554E-1,-3.778123685E-1,7.989681134E-2,8.973398982E1,8.871560936E1,-3.904170041E1,-2.537606038E1
7.099772667E0,7.070149221E-1,5.935933695E-1,-3.767206492E-1,7.654084746E-2,9.001488543E1,8.916029771E1,-3.857675785E1,-2.569865957E1
7.109794667E0,7.058509315E-1,5.959953395E-1,-3.756499296E-1,7.383196414E-2,9.020333884E1,8.946391902E1,-3.819302466E1,-2.591993084E1
7.119816667E0,7.051049534E-1,5.975979418E-1,-3.749534845E-1,7.150956742E-2,9.032395260E1,8.966795588E1,-3.789606890E1,-2.611065811E1
7.129838667E0,7.049345537E-1,5.986028070E-1,-3.740011343E-1,6.974913570E-2,9.035148603E1,8.973980768E1,-3.764713204E1,-2.618712379E1
7.139859667E0,7.053267301E-1,5.989469044E-1,-3.730097456E-1,6.812037074E-2,9.028810775E1,8.969316002E1,-3.742976535E1,-2.621065577E1
7.149881667E0,7.057781229E-1,5.990454015E-1,-3.722019170E-1,6.698940221E-2,9.021511651E1,8.962409018E1,-3.727514944E1,-2.620402681E1
7.159903667E0,7.060687043E-1,5.988003598E-1,-3.721365051E-1,6.648033150E-2,9.016810432E1,8.957501895E1,-3.723782096E1,-2.622368212E1
7.169924667E0,7.063601708E-1,5.979997172E-1,-3.728168606E-1,6.677824650E-2,9.012092960E1,8.950937768E1,-3.734065651E1,-2.624285699E1
7.179946667E0,7.066274872E-1,5.970884812E-1,-3.736658878E-1,6.735605872E-2,9.007764661E1,8.944270758E1,-3.748258258E1,-2.625473798E1
7.189968667E0,7.071155056E-1,5.961815653E-1,-3.742725495E-1,6.689686880E-2,8.999858614E1,8.935160382E1,-3.752251986E1,-2.632056707E1
7.199989667E0,7.079355147E-1,5.953139198E-1,-3.743053503E-1,6.575839813E-2,8.986561917E1,8.920639677E1,-3.746393148E1,-2.637017184E1
7.210011667E0,7.087748059E-1,5.942450019E-1,-3.746044981E-1,6.467339074E-2,8.972936518E1,8.905549543E1,-3.743666920E1,-2.643901224E1
7.220033667E0,7.092304977E-1,5.933652076E-1,-3.750575978E-1,6.512790235E-2,8.965531811E1,8.895228347E1,-3.753846021E1,-2.641128110E1
7.230055667E0,7.094155013E-1,5.922578307E-1,-3.761795574E-1,6.670286686E-2,8.962524243E1,8.888057718E1,-3.778830874E1,-2.636472782E1
7.240076667E0,7.097233418E-1,5.908904710E-1,-3.772420268E-1,6.949568563E-2,8.957517976E1,8.875607485E1,-3.814134857E1,-2.619450309E1
7.250098667E0,7.102303684E-1,5.897360689E-1,-3.773887821E-1,7.322534455E-2,8.949267634E1,8.856662676E1,-3.849403825E1,-2.583758925E1
7.260120667E0,7.109468859E-1,5.886105583E-1,-3.770658740E-1,7.689850561E-2,8.937598224E1,8.832945718E1,-3.880517230E1,-2.542338175E1
7.270141667E0,7.116260402E-1,5.875564235E-1,-3.766493367E-1,8.062900747E-2,8.926526220E1,8.809266698E1,-3.911028733E1,-2.499401667E1
7.280163667E0,7.121088535E-1,5.864544836E-1,-3.765702376E-1,8.465708715E-2,8.918648499E1,8.788197040E1,-3.946546860E1,-2.457881943E1
7.290185667E0,7.124424458E-1,5.851148987E-1,-3.769595797E-1,8.926167250E-2,8.913202300E1,8.767751667E1,-3.990978797E1,-2.415971569E1
7.300206667E0,7.126971813E-1,5.834777149E-1,-3.776822612E-1,9.472381977E-2,8.909041739E1,8.745249037E1,-4.045756133E1,-2.369036284E1
7.310228667E0,7.132326570E-1,5.811357937E-1,-3.788380015E-1,1.003096680E-1,8.900290879E1,8.714689116E1,-4.107043738E1,-2.321907020E1
7.320250667E0,7.139922697E-1,5.787054273E-1,-3.795037637E-1,1.062637112E-1,8.887865446E1,8.676467619E1,-4.167590294E1,-2.263837494E1
7.330272667E0,7.147888451E-1,5.764743206E-1,-3.797959467E-1,1.118452183E-1,8.874820615E1,8.637213550E1,-4.221384704E1,-2.204542255E1
7.340293667E0,7.155390590E-1,5.745257981E-1,-3.798208028E-1,1.168764562E-1,8.862521113E1,8.599784565E1,-4.267588686E1,-2.147677376E1
7.350315667E0,7.161960230E-1,5.726863199E-1,-3.799186889E-1,1.214725068E-1,8.851739296E1,8.564953850E1,-4.310392521E1,-2.095816295E1
7.360337667E0,7.167126380E-1,5.707918507E-1,-3.803443404E-1,1.259281241E-1,8.843253510E1,8.532536991E1,-4.354726190E1,-2.048766319E1
7.370358667E0,7.170796106E-1,5.688388290E-1,-3.811265227E-1,1.302370072E-1,8.837221787E1,8.502844987E1,-4.400840212E1,-2.006992761E1
7.380380667E0,7.175397699E-1,5.666866739E-1,-3.821590889E-1,1.340045140E-1,8.829653788E1,8.472392325E1,-4.445154626E1,-1.971609141E1
7.390402667E0,7.182210316E-1,5.645457510E-1,-3.827456360E-1,1.376681709E-1,8.818439969E1,8.436721529E1,-4.484828138E1,-1.930646244E1
7.400424667E0,7.194911901E-1,5.621021821E-1,-3.827495768E-1,1.409839267E-1,8.797502377E1,8.388547160E1,-4.517511609E1,-1.882031618E1
7.410445667E0,7.213464311E-1,5.593584960E-1,-3.821580984E-1,1.439882173E-1,8.766848709E1,8.327761423E1,-4.543206001E1,-1.825273933E1
7.420467667E0,7.236002128E-1,5.563365722E-1,-3.810080743E-1,1.473950103E-1,8.729494747E1,8.254598719E1,-4.567578658E1,-1.754461742E1
7.430489667E0,7.263180734E-1,5.527146617E-1,-3.792369583E-1,1.521442226E-1,8.684278657E1,8.161214433E1,-4.597841069E1,-1.657214615E1
7.440510667E0,7.292827459E-1,5.484853993E-1,-3.772383495E-1,1.581192338E-1,8.634740445E1,8.051644973E1,-4.635906859E1,-1.539329781E1
7.450532667E0,7.319811979E-1,5.442328666E-1,-3.755670584E-1,1.642057866E-1,8.589451397E1,7.944132800E1,-4.676484083E1,-1.423163345E1
7.460554667E0,7.343157118E-1,5.405262199E-1,-3.740634274E-1,1.693764463E-1,8.550114753E1,7.849265382E1,-4.709353835E1,-1.321456989E1
7.470575667E0,7.362974988E-1,5.378386471E-1,-3.723308073E-1,1.731052201E-1,8.516606589E1,7.773163161E1,-4.726480118E1,-1.238894762E1
7.480597667E0,7.378709460E-1,5.363572696E-1,-3.703773009E-1,1.751798355E-1,8.489926548E1,7.720535402E1,-4.726492076E1,-1.180137441E1
7.490619667E0,7.390193844E-1,5.358245809E-1,-3.684517326E-1,1.760280619E-1,8.470410193E1,7.688691939E1,-4.715754998E1,-1.142326915E1
7.500641667E0,7.396354449E-1,5.357881923E-1,-3.670036248E-1,1.765752544E-1,8.459925935E1,7.671967609E1,-4.706371458E1,-1.117944930E1
7.510662667E0,7.394567423E-1,5.359813408E-1,-3.666056426E-1,1.775614907E-1,8.462968222E1,7.669631514E1,-4.709784711E1,-1.104257897E1
7.520684667E0,7.384919377E-1,5.362774751E-1,-3.672659889E-1,1.793092151E-1,8.479378048E1,7.678707645E1,-4.728735672E1,-1.096956054E1
7.530706667E0,7.374622270E-1,5.361655436E-1,-3.683923951E-1,1.815570541E-1,8.496863481E1,7.683960771E1,-4.756473934E1,-1.087079624E1
7.540727667E0,7.368562606E-1,5.356176662E-1,-3.690465668E-1,1.842857043E-1,8.507139739E1,7.675010499E1,-4.784072892E1,-1.062471396E1
7.550749667E0,7.368493907E-1,5.348147951E-1,-3.688568797E-1,1.870044710E-1,8.507256185E1,7.652197866E1,-4.803979983E1,-1.024794391E1
7.560771667E0,7.374435559E-1,5.338702420E-1,-3.678243240E-1,1.893799728E-1,8.497180263E1,7.618402189E1,-4.813402608E1,-9.785246910E0
7.570793667E0,7.382810349E-1,5.328946110E-1,-3.665467003E-1,1.913321937E-1,8.482961749E1,7.582316392E1,-4.817187653E1,-9.332591252E0
7.580814667E0,7.388006634E-1,5.321456141E-1,-3.656938641E-1,1.930352214E-1,8.474129907E1,7.555496651E1,-4.822746604E1,-8.979357568E0
7.590836667E0,7.387775247E-1,5.316236095E-1,-3.657262065E-1,1.944953990E-1,8.474523341E1,7.542584937E1,-4.834645453E1,-8.782687427E0
7.600858667E0,7.383190513E-1,5.312263860E-1,-3.665647075E-1,1.957391525E-1,8.482315857E1,7.540764284E1,-4.852519442E1,-8.721282699E0
7.610879667E0,7.374355902E-1,5.311800667E-1,-3.679814738E-1,1.965355383E-1,8.497315412E1,7.552731148E1,-4.872193840E1,-8.812070732E0
7.620901667E0,7.361520711E-1,5.317691215E-1,-3.696776211E-1,1.965710048E-1,8.519069109E1,7.581815742E1,-4.888041774E1,-9.077417841E0
7.630923667E0,7.349185804E-1,5.326995290E-1,-3.712090110E-1,1.957799296E-1,8.539932660E1,7.617856457E1,-4.895556466E1,-9.441931356E0
7.640944667E0,7.339488235E-1,5.337674459E-1,-3.721957530E-1,1.946323973E-1,8.556306491E1,7.651671325E1,-4.894872378E1,-9.786641793E0
7.650966667E0,7.330963403E-1,5.350127957E-1,-3.726662014E-1,1.935225233E-1,8.570679366E1,7.683338947E1,-4.889225369E1,-1.007534510E1
7.660988667E0,7.322755936E-1,5.363646400E-1,-3.728714302E-1,1.924898201E-1,8.584498826E1,7.714025091E1,-4.881425471E1,-1.032982551E1
7.671010667E0,7.314156926E-1,5.377271897E-1,-3.730643521E-1,1.915814923E-1,8.598958357E1,7.744494831E1,-4.874370816E1,-1.056990626E1
7.681032125E0,7.306827799E-1,5.387674530E-1,-3.733067861E-1,1.909827331E-1,8.611267104E1,7.768591767E1,-4.870556565E1,-1.075556185E1
7.691054125E0,7.302471080E-1,5.394284156E-1,-3.731793182E-1,1.910320871E-1,8.618577203E1,7.780003493E1,-4.868770676E1,-1.079148493E1
7.701076125E0,7.300153424E-1,5.399953276E-1,-3.726311194E-1,1.913863314E-1,8.622463944E1,7.784405653E1,-4.865524114E1,-1.073169073E1
7.711097125E0,7.298684185E-1,5.406632656E-1,-3.719169885E-1,1.914498888E-1,8.624927150E1,7.789526070E1,-4.858351543E1,-1.068886354E1
7.721119125E0,7.297052681E-1,5.414188374E-1,-3.714130334E-1,1.909138230E-1,8.627661735E1,7.799764897E1,-4.848418336E1,-1.074342480E1
7.731141125E0,7.294525977E-1,5.421653108E-1,-3.713592013E-1,1.898633971E-1,8.631895399E1,7.815641885E1,-4.838744281E1,-1.090940489E1
7.741163125E0,7.292175448E-1,5.426423394E-1,-3.718048515E-1,1.885263727E-1,8.635832376E1,7.832193636E1,-4.831893846E1,-1.114712791E1
7.751184125E0,7.292147631E-1,5.425655689E-1,-3.727482455E-1,1.868880404E-1,8.635878959E1,7.843941812E1,-4.828164887E1,-1.143362129E1
7.761206125E0,7.293866168E-1,5.420673089E-1,-3.740785686E-1,1.849956679E-1,8.633000680E1,7.852235795E1,-4.826709448E1,-1.176132609E1
7.771228125E0,7.297624192E-1,5.413582303E-1,-3.753432270E-1,1.830178638E-1,8.626703897E1,7.855929584E1,-4.824327529E1,-1.207111145E1
7.781249125E0,7.302973892E-1,5.407253163E-1,-3.762922423E-1,1.807928053E-1,8.617733794E1,7.858082004E1,-4.817017834E1,-1.237054148E1
7.791271125E0,7.309049781E-1,5.405047987E-1,-3.766380203E-1,1.782591896E-1,8.607536939E1,7.862041729E1,-4.801098520E1,-1.265555870E1
7.801293125E0,7.316487646E-1,5.406164721E-1,-3.762603161E-1,1.756477920E-1,8.595041105E1,7.864465876E1,-4.777376702E1,-1.287924253E1
7.811314125E0,7.324152683E-1,5.409462185E-1,-3.754019639E-1,1.732582975E-1,8.582148296E1,7.865357190E1,-4.750591700E1,-1.303420384E1
7.821336125E0,7.329858945E-1,5.415101170E-1,-3.744311797E-1,1.711720706E-1,8.572540062E1,7.868962698E1,-4.724711781E1,-1.316271853E1
7.831358125E0,7.332984344E-1,5.421132753E-1,-3.738007946E-1,1.692913307E-1,8.567273816E1,7.876652526E1,-4.703458439E1,-1.331819755E1
7.841380125E0,7.333133544E-1,5.426056874E-1,-3.737698061E-1,1.677107396E-1,8.567022351E1,7.888211478E1,-4.690168603E1,-1.351277227E1
7.851401125E0,7.331644496E-1,5.428865171E-1,-3.741049104E-1,1.667026291E-1,8.569531757E1,7.898784684E1,-4.684969263E1,-1.368060404E1
7.861423125E0,7.329966419E-1,5.431583327E-1,-3.742623184E-1,1.662011448E-1,8.572359012E1,7.906435885E1,-4.682046751E1,-1.377347621E1
7.871445125E0,7.327623054E-1,5.437357077E-1,-3.740911547E-1,1.657311232E-1,8.576305899E1,7.916225248E1,-4.675808537E1,-1.384442781E1
7.881466125E0,7.323345992E-1,5.448639683E-1,-3.735342368E-1,1.651712445E-1,8.583505907E1,7.932343838E1,-4.664347494E1,-1.391756087E1
7.891488125E0,7.318623859E-1,5.464007741E-1,-3.724261488E-1,1.646887473E-1,8.591449501E1,7.950043305E1,-4.647729190E1,-1.394266689E1
7.901510125E0,7.316856642E-1,5.477348799E-1,-3.709568359E-1,1.643582739E-1,8.594420801E1,7.959794972E1,-4.629419268E1,-1.388871367E1
7.911531125E0,7.315864716E-1,5.488426571E-1,-3.694925806E-1,1.644023384E-1,8.596088208E1,7.964846812E1,-4.614484232E1,-1.378063370E1
7.921553125E0,7.313652428E-1,5.498106754E-1,-3.683110464E-1,1.648034500E-1,8.599806080E1,7.969840012E1,-4.605127614E1,-1.366351317E1
7.931575125E0,7.312014391E-1,5.505319660E-1,-3.672732329E-1,1.654372754E-1,8.602558058E1,7.971439072E1,-4.599329057E1,-1.352297813E1
7.941597125E0,7.311752026E-1,5.510698968E-1,-3.661790480E-1,1.661854030E-1,8.602998776E1,7.968876335E1,-4.594244407E1,-1.334971151E1
7.951618125E0,7.314446264E-1,5.513240739E-1,-3.649339985E-1,1.668940390E-1,8.598472144E1,7.959505522E1,-4.588000764E1,-1.313887202E1
7.961640125E0,7.321941659E-1,5.511141615E-1,-3.634034989E-1,1.676389424E-1,8.585868901E1,7.938467391E1,-4.580243486E1,-1.285192165E1
7.971662125E0,7.332102632E-1,5.505797184E-1,-3.617420913E-1,1.685449943E-1,8.568759750E1,7.909887259E1,-4.573021455E1,-1.250797414E1
7.981683125E0,7.341448907E-1,5.498524956E-1,-3.605331721E-1,1.694386129E-1,8.552998042E1,7.882498393E1,-4.570056827E1,-1.220874326E1
7.991705125E0,7.349750782E-1,5.488861421E-1,-3.598049694E-1,1.705173404E-1,8.538977942E1,7.855299978E1,-4.573215519E1,-1.193344017E1
8.001727125E0,7.359112862E-1,5.476067851E-1,-3.591167430E-1,1.720367764E-1,8.523145044E1,7.821934820E1,-4.580513943E1,-1.159415454E1
8.011749125E0,7.369958089E-1,5.461327728E-1,-3.583367418E-1,1.736976151E-1,8.504774106E1,7.783733232E1,-4.588213492E1,-1.121312278E1
8.021770125E0,7.381682288E-1,5.446418491E-1,-3.575551917E-1,1.750062116E-1,8.484878067E1,7.745778939E1,-4.593103796E1,-1.086565990E1
8.031792125E0,7.395316372E-1,5.430712046E-1,-3.566864609E-1,1.759013685E-1,8.461693296E1,7.706220345E1,-4.594031469E1,-1.054316788E1
8.041814125E0,7.411321217E-1,5.413405918E-1,-3.555811808E-1,1.767356232E-1,8.434411108E1,7.661547727E1,-4.592365946E1,-1.018570213E1
8.051835125E0,7.428694569E-1,5.394074318E-1,-3.543398402E-1,1.778422730E-1,8.404714731E1,7.611400527E1,-4.591556941E1,-9.768423009E0
8.061857125E0,7.445661836E-1,5.372700913E-1,-3.532019491E-1,1.794727870E-1,8.375629817E1,7.557541335E1,-4.595674562E1,-9.293634015E0
8.071879125E0,7.460193648E-1,5.350733133E-1,-3.523584221E-1,1.816460050E-1,8.350654097E1,7.504284665E1,-4.606441120E1,-8.791910452E0
8.081900125E0,7.471485843E-1,5.329291135E-1,-3.519899111E-1,1.840073033E-1,8.331204104E1,7.455949145E1,-4.622840075E1,-8.328981873E0
8.091922125E0,7.479990445E-1,5.308609360E-1,-3.521735344E-1,1.861662124E-1,8.316531007E1,7.414407805E1,-4.642790750E1,-7.956239699E0
8.101944125E0,7.490353301E-1,5.285576160E-1,-3.523776884E-1,1.881570820E-1,8.298623167E1,7.368826575E1,-4.661799197E1,-7.582299882E0
8.111966125E0,7.508112929E-1,5.255999398E-1,-3.521086862E-1,1.898594142E-1,8.267859293E1,7.307144701E1,-4.674528225E1,-7.128849890E0
8.121987125E0,7.532075520E-1,5.222881300E-1,-3.512661654E-1,1.910645191E-1,8.226200972E1,7.234799020E1,-4.678037541E1,-6.633121407E0
8.132009125E0,7.559249279E-1,5.189562847E-1,-3.499090896E-1,1.918996167E-1,8.178749263E1,7.158622940E1,-4.673445381E1,-6.118521948E0
8.142031125E0,7.588211750E-1,5.156110998E-1,-3.481115160E-1,1.927540177E-1,8.127922958E1,7.078735054E1,-4.664223902E1,-5.554129379E0
8.152052125E0,7.616511041E-1,5.122985472E-1,-3.460978028E-1,1.940466404E-1,8.078005484E1,6.996995347E1,-4.655469684E1,-4.923513612E0
8.162074125E0,7.641816009E-1,5.091047644E-1,-3.442241014E-1,1.958281877E-1,8.033152308E1,6.917779774E1,-4.650992307E1,-4.266032910E0
8.172096125E0,7.662675749E-1,5.061464560E-1,-3.428492923E-1,1.977477659E-1,7.996021344E1,6.846890578E1,-4.651938761E1,-3.666894954E0
8.182118125E0,7.678646243E-1,5.035146540E-1,-3.421358146E-1,1.994991993E-1,7.967496135E1,6.787879375E1,-4.657956072E1,-3.182911287E0
8.192139125E0,7.691129508E-1,5.011430877E-1,-3.418791877E-1,2.010957008E-1,7.945140140E1,6.737673464E1,-4.667244639E1,-2.784200090E0
8.202161125E0,7.702302216E-1,4.988707773E-1,-3.418173214E-1,2.025693654E-1,7.925086590E1,6.691101469E1,-4.677483836E1,-2.426459038E0
8.212183125E0,7.714622372E-1,4.965089943E-1,-3.415657469E-1,2.041022674E-1,7.902924267E1,6.641167955E1,-4.686019187E1,-2.033784040E0
8.222204125E0,7.729813993E-1,4.938992615E-1,-3.409318583E-1,2.057399042E-1,7.875524795E1,6.583424697E1,-4.691134395E1,-1.569094505E0
8.232226125E0,7.747956736E-1,4.910568200E-1,-3.399900184E-1,2.072722583E-1,7.842697739E1,6.519532302E1,-4.692081899E1,-1.067237864E0
8.242248125E0,7.767606229E-1,4.883016542E-1,-3.387112251E-1,2.085168758E-1,7.807013895E1,6.455902953E1,-4.687242545E1,-5.742124088E-1
8.252269125E0,7.787770545E-1,4.859009803E-1,-3.368838115E-1,2.095610640E-1,7.770252070E1,6.395788546E1,-4.674963607E1,-8.208634802E-2
8.262291125E0,7.808525972E-1,4.837151446E-1,-3.345864026E-1,2.105725251E-1,7.732259038E1,6.336877522E1,-4.657206266E1,4.303369305E-1
8.272313125E0,7.827500272E-1,4.816863639E-1,-3.323043193E-1,2.117886513E-1,7.697388097E1,6.280748447E1,-4.640681153E1,9.491567595E-1
8.282335125E0,7.841841370E-1,4.798239895E-1,-3.305930625E-1,2.133833827E-1,7.670943251E1,6.230488541E1,-4.632467404E1,1.444701448E0
8.292356125E0,7.851405965E-1,4.781008999E-1,-3.295378318E-1,2.153568878E-1,7.653263283E1,6.185819902E1,-4.633522044E1,1.914498184E0
8.302378125E0,7.858933392E-1,4.764578946E-1,-3.288651207E-1,2.172720406E-1,7.639324627E1,6.145263917E1,-4.638138526E1,2.336526381E0
8.312400125E0,7.866658698E-1,4.749299870E-1,-3.282672255E-1,2.187209018E-1,7.624997114E1,6.108940998E1,-4.640462075E1,2.685847665E0
8.322421125E0,7.875558427E-1,4.735789434E-1,-3.274425645E-1,2.196818499E-1,7.608463146E1,6.076221363E1,-4.637177106E1,2.981130423E0
8.332443125E0,7.886173111E-1,4.723568587E-1,-3.261633181E-1,2.204070707E-1,7.588703166E1,6.044028883E1,-4.627434001E1,3.276261382E0
8.342465125E0,7.898282111E-1,4.710990756E-1,-3.246026571E-1,2.210663950E-1,7.566107909E1,6.009968875E1,-4.614115757E1,3.588596918E0
8.352486125E0,7.910923847E-1,4.697958318E-1,-3.228050730E-1,2.219496032E-1,7.542457192E1,5.973136910E1,-4.599500740E1,3.950317032E0
8.362508125E0,7.924063760E-1,4.684285037E-1,-3.206583654E-1,2.232601806E-1,7.517807369E1,5.931892720E1,-4.583582099E1,4.396957421E0
8.372530125E0,7.937630409E-1,4.669488912E-1,-3.184342815E-1,2.247192623E-1,7.492284524E1,5.888081044E1,-4.567496912E1,4.873617184E0
8.382552125E0,7.950096814E-1,4.654169007E-1,-3.167056232E-1,2.259299516E-1,7.468765982E1,5.847355044E1,-4.555077504E1,5.279269305E0
8.392573125E0,7.960218169E-1,4.639299124E-1,-3.156906059E-1,2.268431685E-1,7.449624875E1,5.812564112E1,-4.548540493E1,5.584653010E0
8.402595125E0,7.968572307E-1,4.625162123E-1,-3.150494786E-1,2.276866323E-1,7.433794127E1,5.781372049E1,-4.545636335E1,5.845184396E0
8.412617125E0,7.977968947E-1,4.610293505E-1,-3.142447319E-1,2.285221092E-1,7.415953338E1,5.748183006E1,-4.540748289E1,6.122374834E0
8.422638125E0,7.990169406E-1,4.593652770E-1,-3.130755257E-1,2.292143501E-1,7.392734127E1,5.710785882E1,-4.530749856E1,6.421639189E0
8.432660125E0,8.004718287E-1,4.575154202E-1,-3.116577373E-1,2.297695295E-1,7.364963535E1,5.669718157E1,-4.516926775E1,6.734126602E0
8.442682125E0,8.020550329E-1,4.554393244E-1,-3.100991732E-1,2.304807997E-1,7.334641184E1,5.623756019E1,-4.502159519E1,7.090798430E0
8.452704125E0,8.037398743E-1,4.530167341E-1,-3.085690635E-1,2.314368799E-1,7.302253422E1,5.571348078E1,-4.488677714E1,7.498209203E0
8.462725125E0,8.054445457E-1,4.503279180E-1,-3.072343729E-1,2.325316864E-1,7.269358125E1,5.515066334E1,-4.477717813E1,7.924864899E0
8.472747125E0,8.070582432E-1,4.477268305E-1,-3.061142308E-1,2.334346616E-1,7.238099690E1,5.462299414E1,-4.467898509E1,8.302775234E0
8.482769125E0,8.085789015E-1,4.455100274E-1,-3.049114915E-1,2.339871225E-1,7.208536456E1,5.417396426E1,-4.455368165E1,8.612518558E0
8.492790125E0,8.100580451E-1,4.436395345E-1,-3.035514285E-1,2.341932627E-1,7.179679406E1,5.379373049E1,-4.439358435E1,8.862422396E0
8.502812125E0,8.113351578E-1,4.421212101E-1,-3.021761188E-1,2.344219726E-1,7.154682838E1,5.347370371E1,-4.423621249E1,9.090050720E0
8.512834125E0,8.122570569E-1,4.409382165E-1,-3.008166459E-1,2.352048292E-1,7.136591638E1,5.318991219E1,-4.411513607E1,9.363747478E0
8.522855125E0,8.128470707E-1,4.399311228E-1,-2.993882418E-1,2.368690818E-1,7.124992405E1,5.289844626E1,-4.403724850E1,9.742958991E0
8.532877125E0,8.132850396E-1,4.389579837E-1,-2.978686477E-1,2.390765863E-1,7.116371653E1,5.258844032E1,-4.397889732E1,1.019528988E1
8.542899125E0,8.137493504E-1,4.380714722E-1,-2.963264892E-1,2.410312517E-1,7.107222493E1,5.230410861E1,-4.390373569E1,1.060935627E1
8.552921125E0,8.141534544E-1,4.376271970E-1,-2.949127628E-1,2.422048729E-1,7.099251365E1,5.213176496E1,-4.380446107E1,1.088292426E1
8.562942125E0,8.144000134E-1,4.376697021E-1,-2.938074827E-1,2.426417671E-1,7.094384058E1,5.208242058E1,-4.370516140E1,1.100782311E1
8.572964125E0,8.144748030E-1,4.379753879E-1,-2.929586083E-1,2.428653772E-1,7.092907068E1,5.209471461E1,-4.362638261E1,1.107098704E1
8.582986125E0,8.144088854E-1,4.382810632E-1,-2.922819565E-1,2.433497288E-1,7.094208864E1,5.210231957E1,-4.358146185E1,1.115700223E1
8.593007125E0,8.142267267E-1,4.384601978E-1,-2.917862990E-1,2.442297550E-1,7.097805204E1,5.207897299E1,-4.357713229E1,1.129119549E1
8.603029125E0,8.139821907E-1,4.385377849E-1,-2.913470077E-1,2.454270627E-1,7.102630565E1,5.202771899E1,-4.359533914E1,1.146975460E1
8.613051125E0,8.138606602E-1,4.385035564E-1,-2.906721576E-1,2.466886653E-1,7.105027633E1,5.194751487E1,-4.358903816E1,1.167893523E1
8.623073125E0,8.139745621E-1,4.383406694E-1,-2.896512240E-1,2.478003096E-1,7.102781052E1,5.184111009E1,-4.353356241E1,1.189857995E1
8.633094125E0,8.142143355E-1,4.380597343E-1,-2.885646624E-1,2.487752926E-1,7.098049784E1,5.171931527E1,-4.346125080E1,1.211180432E1
8.643116125E0,8.144450895E-1,4.376489711E-1,-2.876827817E-1,2.497624139E-1,7.093493901E1,5.158272223E1,-4.341046323E1,1.232192876E1
8.653138125E0,8.146459403E-1,4.371175731E-1,-2.870459534E-1,2.507683960E-1,7.089526340E1,5.143356529E1,-4.338617597E1,1.252695998E1
8.663159125E0,8.148697822E-1,4.364830049E-1,-2.865966733E-1,2.516587482E-1,7.085102343E1,5.127825447E1,-4.337476772E1,1.271194906E1
8.673181125E0,8.151130117E-1,4.358434159E-1,-2.861859628E-1,2.524456720E-1,7.080292448E1,5.112776990E1,-4.336167648E1,1.288128697E1
8.683202917E0,8.153018296E-1,4.353618618E-1,-2.856933346E-1,2.532239557E-1,7.076556590E1,5.100137248E1,-4.334113722E1,1.304410911E1
8.693223917E0,8.153663564E-1,4.350594529E-1,-2.852242876E-1,2.540628887E-1,7.075279501E1,5.090275673E1,-4.332922645E1,1.320177946E1
8.703245917E0,8.153251368E-1,4.348102017E-1,-2.849355764E-1,2.549442636E-1,7.076095326E1,5.081647606E1,-4.334068869E1,1.335078694E1
8.713267917E0,8.152252487E-1,4.345176920E-1,-2.847539340E-1,2.559638802E-1,7.078071987E1,5.072037968E1,-4.337093631E1,1.351445725E1
8.723289917E0,8.151063525E-1,4.342636941E-1,-2.844616246E-1,2.570956495E-1,7.080424173E1,5.062262847E1,-4.339527320E1,1.369706759E1
8.733310917E0,8.150814858E-1,4.340357007E-1,-2.840558136E-1,2.580066958E-1,7.080916036E1,5.053524581E1,-4.339511044E1,1.385569664E1
8.743332917E0,8.151475721E-1,4.337551607E-1,-2.837317149E-1,2.586254958E-1,7.079608781E1,5.045394850E1,-4.338732210E1,1.397437437E1
8.753354917E0,8.151310716E-1,4.334618872E-1,-2.836867179E-1,2.592178065E-1,7.079935197E1,5.037947262E1,-4.340932837E1,1.407405926E1
8.763375917E0,8.149330025E-1,4.331772326E-1,-2.840797741E-1,2.598852229E-1,7.083852427E1,5.031524222E1,-4.348500318E1,1.415768133E1
8.773397917E0,8.146971487E-1,4.327123897E-1,-2.849308507E-1,2.604665966E-1,7.088514472E1,5.023751618E1,-4.360470036E1,1.421516138E1
8.783419917E0,8.146095044E-1,4.318830873E-1,-2.858210132E-1,2.611410937E-1,7.090246231E1,5.009661103E1,-4.372754285E1,1.430682374E1
8.793441917E0,8.147256611E-1,4.308032271E-1,-2.863077830E-1,2.620275262E-1,7.087951019E1,4.989373871E1,-4.381159343E1,1.446696981E1
8.803462917E0,8.150487167E-1,4.296577073E-1,-2.863028623E-1,2.629080160E-1,7.081564167E1,4.966664813E1,-4.383806042E1,1.465939671E1
8.813484917E0,8.155308134E-1,4.285671102E-1,-2.859713405E-1,2.635526731E-1,7.072023726E1,4.945025436E1,-4.381538021E1,1.483545945E1
8.823506917E0,8.160267132E-1,4.277182622E-1,-2.854899497E-1,2.639184235E-1,7.062198436E1,4.928223771E1,-4.376485426E1,1.496676221E1
8.833527917E0,8.163700625E-1,4.272311974E-1,-2.850021579E-1,2.641726322E-1,7.055388665E1,4.917864830E1,-4.371407881E1,1.505974484E1
8.843549917E0,8.165305788E-1,4.270164381E-1,-2.848031194E-1,2.642383602E-1,7.052203125E1,4.913549081E1,-4.369102531E1,1.509358120E1
8.853571917E0,8.165041738E-1,4.269514160E-1,-2.852059063E-1,2.639903892E-1,7.052727233E1,4.914598155E1,-4.372246039E1,1.504209601E1
8.863592917E0,8.162420625E-1,4.270734206E-1,-2.859097271E-1,2.638422430E-1,7.057928004E1,4.919058525E1,-4.379681961E1,1.497486741E1
8.873614917E0,8.158408878E-1,4.272613060E-1,-2.865474984E-1,2.640873059E-1,7.065881598E1,4.922718124E1,-4.388577436E1,1.495952832E1
8.883636917E0,8.154984446E-1,4.271891243E-1,-2.870725902E-1,2.646908066E-1,7.072664638E1,4.920229249E1,-4.397628473E1,1.501550076E1
8.893658917E0,8.153477696E-1,4.267683512E-1,-2.873327838E-1,2.655498015E-1,7.075647383E1,4.910164175E1,-4.404385747E1,1.514368767E1
8.903679917E0,8.153972079E-1,4.261789644E-1,-2.872031453E-1,2.664832278E-1,7.074668829E1,4.895968530E1,-4.406774220E1,1.531504190E1
8.913701917E0,8.155057360E-1,4.256700518E-1,-2.870421760E-1,2.671372204E-1,7.072520270E1,4.884262370E1,-4.407454719E1,1.544537190E1
8.923723917E0,8.156137584E-1,4.252419820E-1,-2.871286877E-1,2.673960442E-1,7.070381160E1,4.876277496E1,-4.409006498E1,1.550350022E1
8.933744917E0,8.157145947E-1,4.248809047E-1,-2.873376149E-1,2.674377485E-1,7.068383842E1,4.870672724E1,-4.410930053E1,1.552124255E1
8.943766917E0,8.158240079E-1,4.246236930E-1,-2.873733027E-1,2.674741634E-1,7.066216083E1,4.866367362E1,-4.411045410E1,1.554105346E1
8.953788917E0,8.160272822E-1,4.243032505E-1,-2.872511190E-1,2.674940146E-1,7.062187156E1,4.860705806E1,-4.409153246E1,1.557147771E1
8.963810917E0,8.163039552E-1,4.238228924E-1,-2.870334411E-1,2.676447949E-1,7.056700240E1,4.851596746E1,-4.406556297E1,1.563522866E1
8.973831917E0,8.165535277E-1,4.231706225E-1,-2.867671625E-1,2.682004800E-1,7.051747586E1,4.837734493E1,-4.405197355E1,1.576743071E1
8.983853917E0,8.166609390E-1,4.224729709E-1,-2.867880200E-1,2.689502514E-1,7.049615127E1,4.822949440E1,-4.408027836E1,1.591318750E1
8.993875917E0,8.166580308E-1,4.218330975E-1,-2.871306738E-1,2.695969105E-1,7.049672870E1,4.810330572E1,-4.414087563E1,1.602400367E1
9.003896917E0,8.166958155E-1,4.211819181E-1,-2.874025315E-1,2.702102947E-1,7.048922595E1,4.797488978E1,-4.419130269E1,1.613514796E1
9.013918917E0,8.168177885E-1,4.205448685E-1,-2.874393257E-1,2.707941128E-1,7.046500150E1,4.784449666E1,-4.421344055E1,1.625416314E1
9.023940917E0,8.168944957E-1,4.201449160E-1,-2.874185684E-1,2.712050446E-1,7.044976334E1,4.775954934E1,-4.422454319E1,1.633730733E1
9.033961917E0,8.168571958E-1,4.200328212E-1,-2.873484203E-1,2.715654423E-1,7.045717346E1,4.772300672E1,-4.423301193E1,1.639738906E1
9.043983917E0,8.166157997E-1,4.202661251E-1,-2.872838724E-1,2.719984379E-1,7.050511356E1,4.773991338E1,-4.425272747E1,1.644442486E1
9.054005917E0,8.160661837E-1,4.208732294E-1,-2.874707304E-1,2.725107961E-1,7.061415894E1,4.782031345E1,-4.431281010E1,1.646433293E1
9.064027917E0,8.153008391E-1,4.216999135E-1,-2.878684966E-1,2.731036758E-1,7.076576191E1,4.793815244E1,-4.440570249E1,1.646935687E1
9.074048917E0,8.144116460E-1,4.228029228E-1,-2.881115732E-1,2.737937672E-1,7.094154350E1,4.809371936E1,-4.449158092E1,1.647734363E1
9.084070917E0,8.135306082E-1,4.242209957E-1,-2.880009799E-1,2.743356914E-1,7.111534041E1,4.830017210E1,-4.453566809E1,1.646300967E1
9.094092917E0,8.127626505E-1,4.258391080E-1,-2.879057175E-1,2.742044883E-1,7.126653046E1,4.857139265E1,-4.455004758E1,1.634269013E1
9.104113917E0,8.121248001E-1,4.275409240E-1,-2.878289997E-1,2.735258397E-1,7.139189467E1,4.888227762E1,-4.453888120E1,1.614133910E1
9.114135917E0,8.116789708E-1,4.290176126E-1,-2.876023866E-1,2.727744457E-1,7.147940550E1,4.915547472E1,-4.450180240E1,1.595364109E1
9.124157917E0,8.113896326E-1,4.300381722E-1,-2.874455846E-1,2.721927771E-1,7.153614936E1,4.934700841E1,-4.447253655E1,1.581570536E1
9.134179917E0,8.111085132E-1,4.307189703E-1,-2.873476774E-1,2.720579071E-1,7.159124407E1,4.946349991E1,-4.446723706E1,1.575759023E1
9.144200917E0,8.109098961E-1,4.310060430E-1,-2.871840107E-1,2.723676233E-1,7.163014755E1,4.949294555E1,-4.447073741E1,1.578945976E1
9.154222917E0,8.109077256E-1,4.309328866E-1,-2.868780140E-1,2.728124200E-1,7.163057261E1,4.945290663E1,-4.445837302E1,1.587162769E1
9.164244917E0,8.111339699E-1,4.307561912E-1,-2.865177586E-1,2.727972472E-1,7.158625650E1,4.941508936E1,-4.441310820E1,1.590159421E1
9.174265917E0,8.115487791E-1,4.305319647E-1,-2.863860128E-1,2.720548726E-1,7.150494300E1,4.940796904E1,-4.435396602E1,1.582374681E1
9.184287917E0,8.120131110E-1,4.302516934E-1,-2.864614504E-1,2.710313363E-1,7.141382660E1,4.940941570E1,-4.430232203E1,1.570015303E1
9.194309917E0,8.123914632E-1,4.299075117E-1,-2.866678962E-1,2.702240978E-1,7.133950749E1,4.939392058E1,-4.427603255E1,1.560262854E1
9.204330917E0,8.126727934E-1,4.294385068E-1,-2.870607838E-1,2.697064080E-1,7.128420270E1,4.934964768E1,-4.428417715E1,1.554187403E1
9.214352917E0,8.128471128E-1,4.289209594E-1,-2.876641423E-1,2.693617311E-1,7.124991576E1,4.929508079E1,-4.432469730E1,1.549579080E1
9.224374917E0,8.128667954E-1,4.287194553E-1,-2.882327454E-1,2.690150733E-1,7.124604348E1,4.929206561E1,-4.436715467E1,1.543041193E1
9.234396917E0,8.128907348E-1,4.288165037E-1,-2.886430608E-1,2.683472986E-1,7.124133349E1,4.934888425E1,-4.438001126E1,1.531078507E1
9.244417917E0,8.130596172E-1,4.290468467E-1,-2.887616937E-1,2.673380080E-1,7.120809881E1,4.943544105E1,-4.434378456E1,1.515284807E1
9.254439917E0,8.132381934E-1,4.295784186E-1,-2.883806703E-1,2.663505495E-1,7.117294182E1,4.955736599E1,-4.425726231E1,1.500653978E1
9.264461917E0,8.133326024E-1,4.304328669E-1,-2.875928140E-1,2.655332378E-1,7.115434908E1,4.971378664E1,-4.413933859E1,1.488545779E1
9.274482917E0,8.133176192E-1,4.314546171E-1,-2.865872482E-1,2.650079827E-1,7.115730013E1,4.987862354E1,-4.401532528E1,1.480557861E1
9.284504917E0,8.133730844E-1,4.322550490E-1,-2.855810554E-1,2.646192202E-1,7.114637531E1,5.000055260E1,-4.389459689E1,1.475906271E1
9.294526917E0,8.136319714E-1,4.326411510E-1,-2.847095903E-1,2.641310543E-1,7.109536390E1,5.006189462E1,-4.377638043E1,1.471903169E1
9.304548917E0,8.139915683E-1,4.327625234E-1,-2.842281152E-1,2.633416438E-1,7.102445571E1,5.010300954E1,-4.368137545E1,1.463395622E1
9.314569917E0,8.144275775E-1,4.326541955E-1,-2.841327053E-1,2.622719147E-1,7.093839738E1,5.012864555E1,-4.361088511E1,1.450451285E1
9.324591917E0,8.150079185E-1,4.320913296E-1,-2.843698603E-1,2.611381012E-1,7.082371028E1,5.009126084E1,-4.356668831E1,1.437696434E1
9.334613917E0,8.156600356E-1,4.311584038E-1,-2.847468692E-1,2.602311643E-1,7.069464583E1,4.998722437E1,-4.354428215E1,1.429535247E1
9.344634917E0,8.163975423E-1,4.300967563E-1,-2.848747111E-1,2.595345401E-1,7.054843402E1,4.984643858E1,-4.350295264E1,1.426424576E1
9.354656917E0,8.172815724E-1,4.289441717E-1,-2.847270654E-1,2.588206989E-1,7.037282538E1,4.968430802E1,-4.342808899E1,1.425235574E1
9.364678917E0,8.182603276E-1,4.276527396E-1,-2.844414468E-1,2.581786970E-1,7.017795372E1,4.949310582E1,-4.333918779E1,1.426644225E1
9.374700917E0,8.192318967E-1,4.262577685E-1,-2.840262107E-1,2.578614999E-1,6.998404515E1,4.926821535E1,-4.325114907E1,1.433705790E1
9.384721917E0,8.200462371E-1,4.248769113E-1,-2.837962154E-1,2.578050442E-1,6.982115494E1,4.903984560E1,-4.319809424E1,1.443038372E1
9.394743917E0,8.205697642E-1,4.236810735E-1,-2.838585558E-1,2.580388117E-1,6.971625987E1,4.883690794E1,-4.319659772E1,1.453388243E1
9.404765917E0,8.209088566E-1,4.227226331E-1,-2.839841745E-1,2.583936249E-1,6.964824492E1,4.866898867E1,-4.321264065E1,1.463490001E1
9.414786917E0,8.211475764E-1,4.220821590E-1,-2.840804906E-1,2.585762050E-1,6.960032784E1,4.855944877E1,-4.322183168E1,1.469450907E1
9.424808917E0,8.212000913E-1,4.219634472E-1,-2.841535996E-1,2.585228471E-1,6.958978288E1,4.854430481E1,-4.322525115E1,1.469090307E1
9.434830917E0,8.209879452E-1,4.223318317E-1,-2.844842627E-1,2.582312542E-1,6.963237304E1,4.862506739E1,-4.325408017E1,1.461042731E1
9.444851917E0,8.205413783E-1,4.228154668E-1,-2.853530778E-1,2.579000432E-1,6.972195087E1,4.874010118E1,-4.334393932E1,1.448729988E1
9.454873917E0,8.199090702E-1,4.231857268E-1,-2.866508214E-1,2.578645766E-1,6.984861527E1,4.883541227E1,-4.349603950E1,1.438637004E1
9.464895917E0,8.191312711E-1,4.235313047E-1,-2.881823800E-1,2.580622664E-1,7.000415004E1,4.892340423E1,-4.368659891E1,1.430434544E1
9.474917917E0,8.183449163E-1,4.238335713E-1,-2.898037798E-1,2.582449940E-1,7.016108983E1,4.900822857E1,-4.388591671E1,1.421734435E1
9.484938917E0,8.175978845E-1,4.241541244E-1,-2.913012731E-1,2.584000312E-1,7.030989863E1,4.909482190E1,-4.407006348E1,1.413177760E1
9.494960917E0,8.167909620E-1,4.247409982E-1,-2.925984477E-1,2.585223203E-1,7.047032999E1,4.922210383E1,-4.423425498E1,1.403500970E1
9.504982917E0,8.156386250E-1,4.259556651E-1,-2.939415888E-1,2.586384349E-1,7.069888659E1,4.945590085E1,-4.441394718E1,1.389201471E1
9.515003917E0,8.139138917E-1,4.280258340E-1,-2.955337281E-1,2.588398125E-1,7.103977781E1,4.983726533E1,-4.464066811E1,1.368654262E1
9.525025917E0,8.117008450E-1,4.308436986E-1,-2.973354953E-1,2.590501253E-1,7.147511402E1,5.035320762E1,-4.490352705E1,1.341546493E1
9.535047917E0,8.092677074E-1,4.339791765E-1,-2.995310037E-1,2.588999139E-1,7.195110793E1,5.095698745E1,-4.519553965E1,1.304486377E1
9.545069917E0,8.067257677E-1,4.372341829E-1,-3.021622262E-1,2.582980358E-1,7.244549486E1,5.162365243E1,-4.551202759E1,1.257102150E1
9.555090917E0,8.040906625E-1,4.405037879E-1,-3.051483936E-1,2.574470910E-1,7.295494651E1,5.232631041E1,-4.585230816E1,1.203119649E1
9.565112917E0,8.013133327E-1,4.436709655E-1,-3.083129371E-1,2.568972643E-1,7.348859993E1,5.301572342E1,-4.622533831E1,1.151723304E1
9.575134917E0,7.985438211E-1,4.464425686E-1,-3.112884782E-1,2.571310528E-1,7.401745672E1,5.360494989E1,-4.661407846E1,1.114002970E1
9.585155917E0,7.960105216E-1,4.486284411E-1,-3.137468512E-1,2.581914043E-1,7.449838720E1,5.404178324E1,-4.698336008E1,1.094547693E1
9.595177917E0,7.938125213E-1,4.503758389E-1,-3.156172546E-1,2.596325315E-1,7.491352251E1,5.436441522E1,-4.730267835E1,1.087211699E1
9.605199917E0,7.920315219E-1,4.518558308E-1,-3.171521111E-1,2.606279979E-1,7.524846457E1,5.464866590E1,-4.755465892E1,1.078063952E1
9.615220917E0,7.906762900E-1,4.530634117E-1,-3.187134938E-1,2.607419209E-1,7.550248635E1,5.492865703E1,-4.775387970E1,1.058755808E1
9.625242917E0,7.894561598E-1,4.541076368E-1,-3.206697872E-1,2.602234093E-1,7.573056442E1,5.522939137E1,-4.795750589E1,1.029062497E1
9.635264917E0,7.880247896E-1,4.550899271E-1,-3.234521377E-1,2.594007660E-1,7.599738748E1,5.557611668E1,-4.823456430E1,9.892129567E0
9.645286917E0,7.863818001E-1,4.558442134E-1,-3.271049787E-1,2.584801313E-1,7.630268182E1,5.593553765E1,-4.860009345E1,9.426445731E0
9.655307917E0,7.846361830E-1,4.563868857E-1,-3.311596004E-1,2.576634729E-1,7.662591571E1,5.628119120E1,-4.901384331E1,8.953006931E0
9.665329917E0,7.827697309E-1,4.570382968E-1,-3.350956208E-1,2.570961974E-1,7.697025284E1,5.663866768E1,-4.942991951E1,8.505277147E0
9.675351917E0,7.807095297E-1,4.581748762E-1,-3.385825508E-1,2.567689482E-1,7.734882949E1,5.705936126E1,-4.981450516E1,8.077161872E0
9.685373542E0,7.784581083E-1,4.598526210E-1,-3.418175269E-1,2.563190938E-1,7.776076553E1,5.758193029E1,-5.016740658E1,7.598157607E0
9.695395542E0,7.759815173E-1,4.620208657E-1,-3.451030844E-1,2.555255108E-1,7.821178949E1,5.822686998E1,-5.050710597E1,7.015405395E0
9.705417542E0,7.732849198E-1,4.644933104E-1,-3.485591840E-1,2.545250710E-1,7.870040958E1,5.896289038E1,-5.085233814E1,6.350803819E0
9.715439542E0,7.704308616E-1,4.670100568E-1,-3.522570747E-1,2.534813043E-1,7.921480874E1,5.974040125E1,-5.121811891E1,5.640690204E0
9.725460542E0,7.675816082E-1,4.693253781E-1,-3.560409081E-1,2.525609436E-1,7.972557337E1,6.049568388E1,-5.159575423E1,4.942835185E0
9.735482542E0,7.649995448E-1,4.712498612E-1,-3.596116155E-1,2.517511130E-1,8.018609697E1,6.117002593E1,-5.195070750E1,4.303058165E0
9.745504542E0,7.628492126E-1,4.728348830E-1,-3.626035728E-1,2.510119416E-1,8.056794775E1,6.174349828E1,-5.224144042E1,3.751559689E0
9.755525542E0,7.611239946E-1,4.743732798E-1,-3.647134072E-1,2.502885963E-1,8.087322558E1,6.224675083E1,-5.243335382E1,3.289162148E0
9.765547542E0,7.597001265E-1,4.761242706E-1,-3.660614741E-1,2.493197877E-1,8.112446234E1,6.274728852E1,-5.252400306E1,2.848408300E0
9.775569542E0,7.583551573E-1,4.782594195E-1,-3.670837986E-1,2.478203504E-1,8.136118803E1,6.332412823E1,-5.254249413E1,2.332250220E0
9.785590542E0,7.567804457E-1,4.808779610E-1,-3.683589515E-1,2.456653188E-1,8.163762938E1,6.404923177E1,-5.254241506E1,1.654362158E0
9.795612542E0,7.548651454E-1,4.836689675E-1,-3.702801313E-1,2.431778750E-1,8.197282426E1,6.488138204E1,-5.258525755E1,8.437455874E-1
9.805634542E0,7.526445755E-1,4.861881689E-1,-3.730134388E-1,2.408489455E-1,8.236003717E1,6.573035018E1,-5.272037231E1,-1.533707981E-2
9.815656542E0,7.503642624E-1,4.881676799E-1,-3.763156022E-1,2.388144329E-1,8.275611744E1,6.652057780E1,-5.293103372E1,-8.568983191E-1
9.825677542E0,7.483277688E-1,4.895764963E-1,-3.797060475E-1,2.369467796E-1,8.310853808E1,6.720827747E1,-5.315840690E1,-1.640212198E0
9.835699542E0,7.466239614E-1,4.907436426E-1,-3.827413634E-1,2.350155899E-1,8.340244964E1,6.782447704E1,-5.333998937E1,-2.372793906E0
9.845721542E0,7.453377239E-1,4.917670893E-1,-3.850985998E-1,2.331004371E-1,8.362376989E1,6.834904485E1,-5.344824907E1,-3.010783532E0
9.855742542E0,7.442731998E-1,4.927637885E-1,-3.868308247E-1,2.315233652E-1,8.380657954E1,6.879449335E1,-5.351266195E1,-3.528666981E0
9.865764542E0,7.430715089E-1,4.939380524E-1,-3.884138919E-1,2.302272654E-1,8.401255503E1,6.925295056E1,-5.357884209E1,-4.013410057E0
9.875786542E0,7.416202243E-1,4.952259494E-1,-3.903432324E-1,2.288730028E-1,8.426076536E1,6.977732722E1,-5.367409858E1,-4.564531610E0
9.885808542E0,7.398420909E-1,4.965870608E-1,-3.926332182E-1,2.277592723E-1,8.456406825E1,7.035250267E1,-5.382110204E1,-5.145440625E0
9.895829542E0,7.378509684E-1,4.978221215E-1,-3.951600166E-1,2.271512830E-1,8.490265722E1,7.091680871E1,-5.402762205E1,-5.689340936E0
9.905851542E0,7.359439289E-1,4.986418092E-1,-3.978602651E-1,2.268263940E-1,8.522592570E1,7.141217116E1,-5.427373502E1,-6.185612265E0
9.915873542E0,7.341887445E-1,4.992763933E-1,-4.005095106E-1,2.264557757E-1,8.552257909E1,7.187213900E1,-5.451102023E1,-6.667659943E0
9.925894542E0,7.326968725E-1,4.999479137E-1,-4.028598349E-1,2.256356402E-1,8.577407714E1,7.232619909E1,-5.468243675E1,-7.171698632E0
9.935916542E0,7.315897380E-1,5.006105043E-1,-4.048188626E-1,2.242482713E-1,8.596033305E1,7.275422716E1,-5.477017525E1,-7.690651985E0
9.945938542E0,7.305559179E-1,5.014106517E-1,-4.067220140E-1,2.223791850E-1,8.613396224E1,7.322343249E1,-5.481272827E1,-8.276214903E0
9.955959542E0,7.293154519E-1,5.023881847E-1,-4.088701757E-1,2.202958663E-1,8.634192674E1,7.377115845E1,-5.485907085E1,-8.944642620E0
9.965981542E0,7.277977228E-1,5.033159527E-1,-4.114643669E-1,2.183589025E-1,8.659582856E1,7.436547101E1,-5.495813230E1,-9.660375623E0
9.976003542E0,7.259273299E-1,5.040801225E-1,-4.145747569E-1,2.169343390E-1,8.690790898E1,7.498456491E1,-5.514558989E1,-1.038320345E1
9.986025542E0,7.237622674E-1,5.046646097E-1,-4.180807056E-1,2.160794112E-1,8.726803953E1,7.561269704E1,-5.541422691E1,-1.109154339E1
9.996046542E0,7.215710106E-1,5.049549620E-1,-4.217483639E-1,2.156014238E-1,8.763132247E1,7.620244431E1,-5.572873434E1,-1.176157261E1
1.000606854E1,7.195136333E-1,5.049558760E-1,-4.253292576E-1,2.154406125E-1,8.797132062E1,7.672198717E1,-5.606140615E1,-1.236138782E1
1.001609054E1,7.177026886E-1,5.047439933E-1,-4.286361520E-1,2.154241542E-1,8.826973116E1,7.716351244E1,-5.638069470E1,-1.288669303E1
1.002611154E1,7.163144978E-1,5.041785854E-1,-4.317116576E-1,2.152266962E-1,8.849793829E1,7.750756808E1,-5.666877391E1,-1.336131878E1
1.003613354E1,7.152116412E-1,5.034398144E-1,-4.345400694E-1,2.149319633E-1,8.867890677E1,7.778618617E1,-5.692814232E1,-1.379139422E1
1.004615554E1,7.141277929E-1,5.029840752E-1,-4.369068309E-1,2.148045112E-1,8.885647169E1,7.805815952E1,-5.715079904E1,-1.416258322E1
1.005617754E1,7.131023811E-1,5.028517789E-1,-4.387813094E-1,2.146998817E-1,8.902420502E1,7.832891008E1,-5.732181648E1,-1.448824952E1
1.006619854E1,7.120873796E-1,5.030491921E-1,-4.403115798E-1,2.144733213E-1,8.918998989E1,7.862507699E1,-5.744357468E1,-1.480950044E1
1.007622054E1,7.108883229E-1,5.036204084E-1,-4.416840919E-1,2.142884441E-1,8.938552449E1,7.898161855E1,-5.754532185E1,-1.514609591E1
1.008624254E1,7.092784608E-1,5.044371379E-1,-4.432113172E-1,2.145485956E-1,8.964752160E1,7.941165862E1,-5.769048050E1,-1.549533754E1
1.009626354E1,7.070882155E-1,5.052793373E-1,-4.454486195E-1,2.151617901E-1,9.000300866E1,7.996375731E1,-5.792746498E1,-1.594543907E1
1.010628554E1,7.042825841E-1,5.060373721E-1,-4.487709054E-1,2.156777518E-1,9.045677158E1,8.069588089E1,-5.825575453E1,-1.660962918E1
1.011630754E1,7.009792827E-1,5.067368754E-1,-4.530138787E-1,2.159261653E-1,9.098875023E1,8.160273366E1,-5.864306803E1,-1.749082491E1
1.012632854E1,6.972892418E-1,5.075749602E-1,-4.576890231E-1,2.160467053E-1,9.158015586E1,8.265215744E1,-5.904851048E1,-1.851588691E1
1.013635054E1,6.933162481E-1,5.086838570E-1,-4.624355880E-1,2.161171538E-1,9.221360932E1,8.381392072E1,-5.944018404E1,-1.962820654E1
1.014637254E1,6.891849507E-1,5.100834366E-1,-4.670716057E-1,2.160628475E-1,9.286874952E1,8.506077274E1,-5.979348544E1,-2.080190723E1
1.015639454E1,6.851258721E-1,5.116996813E-1,-4.713401568E-1,2.158806889E-1,9.350898585E1,8.632039209E1,-6.008736859E1,-2.196901472E1
1.016641554E1,6.813162606E-1,5.135455065E-1,-4.750218066E-1,2.154839606E-1,9.410682778E1,8.754204464E1,-6.029656409E1,-2.308214578E1
1.017643754E1,6.777575282E-1,5.157056220E-1,-4.780586503E-1,2.148310427E-1,9.466268812E1,8.872169957E1,-6.041159270E1,-2.413161603E1
1.018645954E1,6.744508340E-1,5.180177626E-1,-4.805836193E-1,2.140397145E-1,9.517696236E1,8.983800463E1,-6.046012624E1,-2.510520028E1
1.019648054E1,6.713128114E-1,5.202434310E-1,-4.829126765E-1,2.132633063E-1,9.566306150E1,9.089752099E1,-6.048986774E1,-2.602585525E1
1.020650254E1,6.680755963E-1,5.222527069E-1,-4.855739457E-1,2.124737273E-1,9.616257681E1,9.198807086E1,-6.054360057E1,-2.700427683E1
1.021652454E1,6.644755389E-1,5.239326171E-1,-4.891516021E-1,2.114178223E-1,9.671579451E1,9.322157048E1,-6.064463036E1,-2.819268967E1
1.022654654E1,6.604019617E-1,5.252084601E-1,-4.939408591E-1,2.098759220E-1,9.733892823E1,9.465980736E1,-6.079226930E1,-2.968190958E1
1.023656754E1,6.557504670E-1,5.262883085E-1,-4.997396293E-1,2.080197748E-1,9.804684229E1,9.632229345E1,-6.096999997E1,-3.145079239E1
1.024658954E1,6.506216591E-1,5.272865810E-1,-5.061440293E-1,2.061030625E-1,9.882302256E1,9.815510387E1,-6.115966213E1,-3.340569876E1
1.025661154E1,6.452400545E-1,5.282091030E-1,-5.127789429E-1,2.042505821E-1,9.963264737E1,1.000750007E2,-6.134284938E1,-3.544739284E1
1.026663254E1,6.399997261E-1,5.289441714E-1,-5.191734354E-1,2.026755965E-1,1.004164019E2,1.019373595E2,-6.151594445E1,-3.742067434E1
1.027665454E1,6.352762234E-1,5.293215011E-1,-5.248874212E-1,2.018319220E-1,1.011190511E2,1.035920692E2,-6.171058815E1,-3.915251281E1
1.028667654E1,6.310132593E-1,5.295186583E-1,-5.297373491E-1,2.020165884E-1,1.017501628E2,1.050366418E2,-6.194367975E1,-4.059624244E1
1.029669854E1,6.270324052E-1,5.297894447E-1,-5.337110032E-1,2.032388470E-1,1.023369669E2,1.063242302E2,-6.220919117E1,-4.177808145E1
1.030671954E1,6.233071506E-1,5.301287181E-1,-5.369556449E-1,2.052567328E-1,1.028839112E2,1.074817659E2,-6.249884977E1,-4.274795424E1
1.031674154E1,6.198885565E-1,5.303603743E-1,-5.397402701E-1,2.076936425E-1,1.033840065E2,1.085254488E2,-6.280579365E1,-4.357543519E1
1.032676354E1,6.166634586E-1,5.304746818E-1,-5.422721946E-1,2.103892074E-1,1.038542203E2,1.095053695E2,-6.312707026E1,-4.432687374E1
1.033678454E1,6.132942184E-1,5.305728221E-1,-5.448710311E-1,2.132558885E-1,1.043438411E2,1.105420818E2,-6.346069564E1,-4.512108121E1
1.034680654E1,6.093794716E-1,5.308079719E-1,-5.478209187E-1,2.163137899E-1,1.049107035E2,1.117724750E2,-6.380589785E1,-4.607758540E1
1.035682854E1,6.047230246E-1,5.311269814E-1,-5.513654265E-1,2.195687699E-1,1.055821729E2,1.132791103E2,-6.416918091E1,-4.728446743E1
1.036684954E1,5.993294924E-1,5.314658881E-1,-5.555283089E-1,2.230168036E-1,1.063562177E2,1.150748531E2,-6.454733530E1,-4.876070197E1
1.037687154E1,5.932631490E-1,5.317648292E-1,-5.603451524E-1,2.264474517E-1,1.072221706E2,1.171614337E2,-6.491743500E1,-5.053137183E1
1.038689354E1,5.867313357E-1,5.319824439E-1,-5.656675723E-1,2.296983013E-1,1.081492093E2,1.194767725E2,-6.525513725E1,-5.255116607E1
1.039691554E1,5.800173638E-1,5.321804695E-1,-5.711008714E-1,2.328253235E-1,1.090964721E2,1.219009819E2,-6.554781448E1,-5.468684820E1
1.040693654E1,5.733287011E-1,5.323275884E-1,-5.763571471E-1,2.360803668E-1,1.100346521E2,1.243430110E2,-6.581513583E1,-5.682837415E1
1.041695854E1,5.667075787E-1,5.322589232E-1,-5.813295981E-1,2.399976003E-1,1.109580943E2,1.267919117E2,-6.611634672E1,-5.893639831E1
1.042698054E1,5.602022864E-1,5.317209161E-1,-5.860575077E-1,2.449138721E-1,1.118604233E2,1.292703371E2,-6.650188155E1,-6.103205664E1
1.043700154E1,5.538695328E-1,5.306109762E-1,-5.905190493E-1,2.509338961E-1,1.127342275E2,1.317962326E2,-6.699013706E1,-6.313503370E1
1.044702354E1,5.476611229E-1,5.290038194E-1,-5.946728873E-1,2.580435742E-1,1.135865926E2,1.344090122E2,-6.757362467E1,-6.527674161E1
1.045704554E1,5.414285523E-1,5.269778151E-1,-5.986423670E-1,2.660389789E-1,1.144381207E2,1.371889531E2,-6.822340019E1,-6.754512092E1
1.046706754E1,5.350069215E-1,5.246188771E-1,-6.025049360E-1,2.748280825E-1,1.153112384E2,1.402209014E2,-6.891513892E1,-7.002156198E1
1.047708854E1,5.282143457E-1,5.219539319E-1,-6.063385291E-1,2.844418840E-1,1.162302309E2,1.436111604E2,-6.963331958E1,-7.280370194E1
1.048711054E1,5.208102718E-1,5.189855135E-1,-6.102742176E-1,2.949168616E-1,1.172267627E2,1.475032668E2,-7.035425369E1,-7.602741348E1
1.049713254E1,5.126856555E-1,5.157113883E-1,-6.143645587E-1,3.061885831E-1,1.183142279E2,1.519881037E2,-7.104282822E1,-7.978540120E1
1.050715354E1,5.037806375E-1,5.121602634E-1,-6.186637059E-1,3.180441334E-1,1.194991165E2,1.571062646E2,-7.164447188E1,-8.413005627E1
1.051717554E1,4.940935426E-1,5.083535021E-1,-6.232508582E-1,3.301614155E-1,1.207800095E2,1.628218932E2,-7.209468212E1,-8.904884003E1
1.052719754E1,4.838468535E-1,5.042594784E-1,-6.280264807E-1,3.423407905E-1,1.221261020E2,1.689695855E2,-7.236285686E1,-9.439697696E1
1.053721854E1,4.732891259E-1,4.999294640E-1,-6.326382890E-1,3.547345191E-1,1.235039730E2,1.753579597E2,-7.246367638E1,-9.996402239E1
1.054724054E1,4.624845495E-1,4.954746000E-1,-6.367889370E-1,3.675770643E-1,1.249049050E2,-1.781338740E2,-7.241319688E1,-1.055944481E2
1.055726254E1,4.513555451E-1,4.909914766E-1,-6.404663812E-1,3.807997556E-1,1.263386247E2,-1.716221929E2,-7.219355005E1,-1.111649278E2
1.056728454E1,4.398287376E-1,4.865396209E-1,-6.437823794E-1,3.941752081E-1,1.278140911E2,-1.652615264E2,-7.178159925E1,-1.165328649E2
1.057730554E1,4.279299862E-1,4.821094445E-1,-6.467774556E-1,4.075845868E-1,1.293274732E2,-1.591858336E2,-7.118266116E1,-1.215749815E2
1.058732754E1,4.156529405E-1,4.776281966E-1,-6.494500136E-1,4.210921519E-1,1.308791160E2,-1.534368652E2,-7.041454610E1,-1.262486347E2
1.059734954E1,4.029539593E-1,4.730300966E-1,-6.517355160E-1,4.348695866E-1,1.324740498E2,-1.479980307E2,-6.949663477E1,-1.305568183E2
1.060737054E1,3.897000267E-1,4.683504161E-1,-6.534994775E-1,4.491327677E-1,1.341283290E2,-1.428353153E2,-6.844113921E1,-1.345021030E2
1.061739254E1,3.757669187E-1,4.636840435E-1,-6.546538376E-1,4.639233112E-1,1.358565580E2,-1.379566225E2,-6.725314311E1,-1.380549349E2
1.062741454E1,3.611131022E-1,4.590851480E-1,-6.552781167E-1,4.790080370E-1,1.376628576E2,-1.334195288E2,-6.593310832E1,-1.411686285E2
1.063743654E1,3.458102664E-1,4.545404428E-1,-6.554023761E-1,4.942227016E-1,1.395374694E2,-1.292366395E2,-6.449905077E1,-1.438448650E2
1.064745754E1,3.302991620E-1,4.496674558E-1,-6.549637644E-1,5.096313893E-1,1.414261312E2,-1.253006597E2,-6.299883152E1,-1.462293005E2
1.065747954E1,3.150664269E-1,4.441717912E-1,-6.537293359E-1,5.254355513E-1,1.432703521E2,-1.214827311E2,-6.148637657E1,-1.484692906E2
1.066750154E1,3.003866796E-1,4.380301208E-1,-6.515576247E-1,5.416366313E-1,1.450383411E2,-1.177400384E2,-5.999076259E1,-1.506154778E2
1.067752254E1,2.864444810E-1,4.311915523E-1,-6.483949990E-1,5.582179812E-1,1.467095770E2,-1.140370668E2,-5.852368621E1,-1.527140832E2
1.068754425E1,2.733058964E-1,4.235138822E-1,-6.442206381E-1,5.752562451E-1,1.482778359E2,-1.103227225E2,-5.707645779E1,-1.548219590E2
1.069756625E1,2.607268850E-1,4.149523821E-1,-6.392042780E-1,5.926668870E-1,1.497736054E2,-1.066164314E2,-5.560598952E1,-1.569213394E2
1.070758825E1,2.481678933E-1,4.056489922E-1,-6.335603725E-1,6.102974089E-1,1.512617520E2,-1.029854638E2,-5.405606281E1,-1.589232252E2
1.071760925E1,2.351997927E-1,3.956860883E-1,-6.276020514E-1,6.278768805E-1,1.527931997E2,-9.951538836E1,-5.238294965E1,-1.607423651E2
1.072763125E1,2.216379062E-1,3.852048414E-1,-6.214932872E-1,6.451666557E-1,1.543894933E2,-9.626325142E1,-5.058213098E1,-1.623222277E2
1.073765325E1,2.078932078E-1,3.740233247E-1,-6.150999053E-1,6.622228320E-1,1.560021653E2,-9.316796625E1,-4.868781504E1,-1.637456750E2
1.074767425E1,1.943789683E-1,3.620186167E-1,-6.081917208E-1,6.791628516E-1,1.575831061E2,-9.015961007E1,-4.673391208E1,-1.650923962E2
1.075769625E1,1.814526985E-1,3.489671075E-1,-6.008010812E-1,6.959418492E-1,1.590912264E2,-8.721493013E1,-4.472909698E1,-1.664245893E2
1.076771825E1,1.690870028E-1,3.350214108E-1,-5.931807413E-1,7.122548501E-1,1.605305206E2,-8.439603778E1,-4.267504819E1,-1.677025268E2
1.077773925E1,1.572921651E-1,3.206636127E-1,-5.857669948E-1,7.275376767E-1,1.619004828E2,-8.181368448E1,-4.060668773E1,-1.688511918E2
1.078776125E1,1.457189987E-1,3.068140950E-1,-5.785240378E-1,7.415800584E-1,1.632421660E2,-7.950766837E1,-3.858377904E1,-1.697666754E2
1.079778325E1,1.341708044E-1,2.939675986E-1,-5.712781200E-1,7.544683539E-1,1.645786515E2,-7.744206152E1,-3.664649733E1,-1.704278714E2
1.080780525E1,1.227615682E-1,2.818286214E-1,-5.642209779E-1,7.662616322E-1,1.658969851E2,-7.558591504E1,-3.478079003E1,-1.709006597E2
1.081782625E1,1.116935318E-1,2.697666253E-1,-5.575253504E-1,7.771204516E-1,1.671741010E2,-7.389566506E1,-3.294449177E1,-1.712815584E2
1.082784825E1,1.008908731E-1,2.576475098E-1,-5.510580430E-1,7.872571058E-1,1.684190536E2,-7.232580859E1,-3.112207002E1,-1.715968634E2
1.083787025E1,9.049764990E-2,2.453857166E-1,-5.449482778E-1,7.966350114E-1,1.696155257E2,-7.087791835E1,-2.931421417E1,-1.718734935E2
1.084789125E1,8.020283961E-2,2.332383837E-1,-5.393661173E-1,8.051406880E-1,1.707995499E2,-6.958317081E1,-2.752249405E1,-1.720632918E2
1.085791325E1,6.928693229E-2,2.217144976E-1,-5.342148557E-1,8.128077477E-1,1.720539360E2,-6.844472494E1,-2.575034875E1,-1.720706645E2
1.086793525E1,5.746613213E-2,2.111285790E-1,-5.293181295E-1,8.197224018E-1,1.734112365E2,-6.743650507E1,-2.401459781E1,-1.718625729E2
1.087795625E1,4.501017896E-2,2.015681565E-1,-5.244921468E-1,8.259857185E-1,1.748404703E2,-6.651676779E1,-2.234605976E1,-1.714764037E2
1.088797825E1,3.244498116E-2,1.930633018E-1,-5.197140850E-1,8.316075602E-1,1.762814264E2,-6.566568852E1,-2.078302768E1,-1.709716399E2
1.089800025E1,2.048829956E-2,1.852221335E-1,-5.150462372E-1,8.366601665E-1,1.776520495E2,-6.486252910E1,-1.933196030E1,-1.704525405E2
1.090802225E1,9.643198939E-3,1.777386550E-1,-5.105703789E-1,8.412097924E-1,1.788949537E2,-6.409927649E1,-1.799163004E1,-1.699929535E2
1.091804325E1,4.686729554E-5,1.704957507E-1,-5.061860635E-1,8.454034038E-1,1.799946294E2,-6.335518806E1,-1.675757250E1,-1.696199051E2
1.092806525E1,8.260276546E-3,-1.629482616E-1,5.019586082E-1,-8.493628473E-1,1.790534313E2,-6.262202412E1,-1.557572738E1,-1.693744328E2
1.093808725E1,1.520738373E-2,-1.545415142E-1,4.980015354E-1,-8.531589718E-1,1.782572950E2,-6.190055598E1,-1.439174641E1,-1.692980611E2
1.094810825E1,2.047443324E-2,-1.448760723E-1,4.940989374E-1,-8.570052511E-1,1.776536388E2,-6.115303384E1,-1.318443142E1,-1.694504624E2
1.095813025E1,2.342256315E-2,-1.337369237E-1,4.904084645E-1,-8.608516146E-1,1.773157265E2,-6.039906678E1,-1.196312062E1,-1.699035625E2
1.096815225E1,2.408966347E-2,-1.216511252E-1,4.871923018E-1,-8.644445492E-1,1.772392608E2,-5.969681927E1,-1.076893516E1,-1.706157394E2
1.097817425E1,2.375531252E-2,-1.095802256E-1,4.846347888E-1,-8.675004064E-1,1.772775856E2,-5.910531944E1,-9.619044897E0,-1.714002754E2
1.098819525E1,2.371135336E-2,-9.801812282E-2,4.826938000E-1,-8.699636790E-1,1.772826244E2,-5.863396898E1,-8.490983310E0,-1.721033037E2
1.099821725E1,2.440669206E-2,-8.690277661E-2,4.808928652E-1,-8.721205861E-1,1.772029214E2,-5.821590940E1,-7.360123898E0,-1.726921178E2
1.100823925E1,2.545804520E-2,-7.654297587E-2,4.789785343E-1,-8.741124040E-1,1.770824077E2,-5.781599179E1,-6.282263499E0,-1.731919679E2
1.101826025E1,2.567990621E-2,-6.717630241E-2,4.768260526E-1,-8.760506533E-1,1.770569760E2,-5.741206906E1,-5.348302653E0,-1.737115761E2
1.102828225E1,2.422154096E-2,-5.913550558E-2,4.753242971E-1,-8.774868493E-1,1.772241444E2,-5.711785572E1,-4.631969243E0,-1.743156047E2
1.103830425E1,2.140823882E-2,-5.192934278E-2,4.746913990E-1,-8.783581932E-1,1.775466091E2,-5.695379541E1,-4.065711376E0,-1.750015787E2
1.104832525E1,1.843911978E-2,-4.505354807E-2,4.746302860E-1,-8.788381194E-1,1.778869128E2,-5.687734739E1,-3.536593998E0,-1.756803350E2
1.105834725E1,1.663987082E-2,-3.948506429E-2,4.752219435E-1,-8.788220193E-1,1.780931233E2,-5.690734831E1,-3.071689865E0,-1.761656905E2
1.106836925E1,1.636882444E-2,-3.571117226E-2,4.764371847E-1,-8.783303763E-1,1.781241871E2,-5.703890789E1,-2.701636510E0,-1.763964356E2
1.107839125E1,1.696431726E-2,-3.222075992E-2,4.781018377E-1,-8.775491845E-1,1.780559392E2,-5.723455058E1,-2.311323258E0,-1.765238532E2
1.108841225E1,1.708414075E-2,-2.688469495E-2,4.802294316E-1,-8.765643391E-1,1.780422064E2,-5.748179288E1,-1.760616280E0,-1.768013097E2
1.109843425E1,1.579925193E-2,-1.908742261E-2,4.825436097E-1,-8.755213732E-1,1.781894638E2,-5.774672658E1,-1.041421702E0,-1.773580831E2
1.110845625E1,1.261649051E-2,-9.165548705E-3,4.851496337E-1,-8.742921182E-1,1.785542183E2,-5.805564319E1,-2.168628936E-1,-1.782261522E2
1.111847725E1,7.176048868E-3,2.759712420E-3,4.875238289E-1,-8.730758866E-1,1.791776783E2,-5.835448087E1,6.770150288E-1,-1.794361830E2
1.112849925E1,4.338596586E-4,-1.612871384E-2,-4.890978661E-1,8.720797458E-1,1.799502833E2,-5.858410798E1,1.587677267E0,1.790522786E2
1.113852125E1,9.024019588E-3,-2.922536233E-2,-4.900254551E-1,8.711713548E-1,1.789659095E2,-5.876824174E1,2.411523437E0,1.774549670E2
1.114854325E1,1.746540114E-2,-4.091373709E-2,-4.906336762E-1,8.702296677E-1,1.779985107E2,-5.893808124E1,3.099521152E0,1.759487655E2
1.115856425E1,2.499750659E-2,-5.035749714E-2,-4.910254733E-1,8.693291160E-1,1.771351983E2,-5.908693159E1,3.612350634E0,1.746579839E2
1.116858625E1,3.134992174E-2,-5.691421915E-2,-4.914446448E-1,8.684815008E-1,1.764069749E2,-5.922475024E1,3.901671175E0,1.736471855E2
1.117860825E1,3.638769240E-2,-6.035740593E-2,-4.919151722E-1,8.677859513E-1,1.758293569E2,-5.933838679E1,3.953985430E0,1.729447008E2
1.118862925E1,4.042388534E-2,-6.071044901E-2,-4.924516384E-1,8.672782925E-1,1.753665014E2,-5.942249986E1,3.755108142E0,1.725193751E2
1.119865125E1,4.472834298E-2,-5.945175445E-2,-4.925595975E-1,8.670927621E-1,1.748727989E2,-5.943016543E1,3.384574682E0,1.721620256E2
1.120867325E1,5.066742399E-2,-5.885560835E-2,-4.919368146E-1,8.671603656E-1,1.741914538E2,-5.935189010E1,2.993585741E0,1.716060122E2
1.121869425E1,5.854681947E-2,-6.001327692E-2,-4.904148709E-1,8.674468378E-1,1.732871900E2,-5.918003788E1,2.676238621E0,1.707576687E2
1.122871625E1,6.711093265E-2,-6.208540565E-2,-4.885699136E-1,8.677217617E-1,1.723038691E2,-5.897927696E1,2.416819495E0,1.697879907E2
1.123873825E1,7.288151056E-2,-6.098052602E-2,-4.880261350E-1,8.676405868E-1,1.716409828E2,-5.889992320E1,1.987541984E0,1.692746094E2
1.124876025E1,7.486898735E-2,-5.473880956E-2,-4.885266920E-1,8.676058578E-1,1.714126107E2,-5.888122655E1,1.251005274E0,1.694298041E2
1.125878125E1,7.541908801E-2,-4.645708027E-2,-4.892319353E-1,8.676437900E-1,1.713493950E2,-5.886878486E1,3.908485760E-1,1.698436724E2
1.126880325E1,7.565540539E-2,-3.754510808E-2,-4.901854445E-1,8.675164644E-1,1.713222375E2,-5.889297872E1,-5.172938494E-1,1.703238175E2
1.127882525E1,7.599553046E-2,-2.835688437E-2,-4.912088121E-1,8.672568398E-1,1.712831495E2,-5.893654733E1,-1.459707417E0,1.708090400E2
1.128884625E1,7.716978381E-2,-2.021360747E-2,-4.920942331E-1,8.668791619E-1,1.711481936E2,-5.898244882E1,-2.344286382E0,1.711518368E2
1.129886825E1,8.016709908E-2,-1.446810694E-2,-4.925029733E-1,8.664899779E-1,1.708036587E2,-5.898839516E1,-3.089288232E0,1.711758690E2
1.130889025E1,8.543267346E-2,-1.126720131E-2,-4.924758939E-1,8.660496276E-1,1.701981885E2,-5.895177294E1,-3.705675261E0,1.708274198E2
1.131891225E1,9.263742433E-2,-9.940060267E-3,-4.920872367E-1,8.655458885E-1,1.693692911E2,-5.887421803E1,-4.241711852E0,1.701764823E2
1.132893325E1,1.010057654E-1,-9.832480436E-3,-4.912164196E-1,8.651055382E-1,1.684058203E2,-5.873637031E1,-4.716131953E0,1.693360945E2
1.133895525E1,1.091211832E-1,-1.003663977E-2,-4.901474913E-1,8.647238142E-1,1.674706838E2,-5.857330843E1,-5.141349735E0,1.685004444E2
1.134897725E1,1.160043115E-1,-9.865502492E-3,-4.892912148E-1,8.643146104E-1,1.666768888E2,-5.843707109E1,-5.535702143E0,1.678092211E2
1.135899825E1,1.212463679E-1,-8.295174137E-3,-4.890598497E-1,8.637425091E-1,1.660719211E2,-5.837475050E1,-5.984745217E0,1.673639529E2
1.136902025E1,1.257841084E-1,-5.715007291E-3,-4.897903599E-1,8.626999225E-1,1.655479214E2,-5.843135032E1,-6.508753901E0,1.670517795E2
1.137904225E1,1.306886950E-1,-3.492561822E-3,-4.911034450E-1,8.612349402E-1,1.649812177E2,-5.856516350E1,-7.027603151E0,1.666871666E2
1.138906325E1,1.363313994E-1,-2.503965343E-3,-4.923602219E-1,8.596446553E-1,1.643287694E2,-5.869756933E1,-7.466314422E0,1.661793057E2
1.139908525E1,1.430308095E-1,-3.951604223E-3,-4.928214981E-1,8.582852509E-1,1.635534714E2,-5.874041504E1,-7.712021674E0,1.654222301E2
1.140910725E1,1.504591916E-1,-8.002675008E-3,-4.921142318E-1,8.573922434E-1,1.626929234E2,-5.865188016E1,-7.721807472E0,1.644359967E2
1.141912925E1,1.583511889E-1,-1.380132272E-2,-4.903304507E-1,8.569191872E-1,1.617775874E2,-5.844444711E1,-7.564116644E0,1.632962109E2
1.142915025E1,1.663036671E-1,-1.976944291E-2,-4.882296411E-1,8.564953164E-1,1.608540490E2,-5.820703601E1,-7.384301822E0,1.621380598E2
1.143917225E1,1.737076039E-1,-2.440454257E-2,-4.868071006E-1,8.557155154E-1,1.599930852E2,-5.805158827E1,-7.316918815E0,1.611140792E2
1.144919425E1,1.800855179E-1,-2.670000746E-2,-4.864632034E-1,8.545232653E-1,1.592505180E2,-5.801160452E1,-7.445230397E0,1.603307884E2
1.145921525E1,1.850884331E-1,-2.630144579E-2,-4.872815477E-1,8.529989824E-1,1.586674234E2,-5.808870282E1,-7.788120032E0,1.598443773E2
1.146923725E1,1.883054599E-1,-2.351376893E-2,-4.891889876E-1,8.512828049E-1,1.582921815E2,-5.827939518E1,-8.290966152E0,1.596816015E2
1.147925925E1,1.896605865E-1,-1.916248614E-2,-4.916017683E-1,8.496995796E-1,1.581340458E2,-5.852392971E1,-8.853599603E0,1.598021166E2
1.148928125E1,1.897045246E-1,-1.444787645E-2,-4.939333530E-1,8.484299268E-1,1.581289178E2,-5.876376981E1,-9.374494134E0,1.600789490E2
1.149930225E1,1.892171384E-1,-1.018251001E-2,-4.960032058E-1,8.473924400E-1,1.581857983E2,-5.898284373E1,-9.813835784E0,1.603851442E2
1.150932425E1,1.895352207E-1,-6.974102243E-3,-4.975721855E-1,8.464334728E-1,1.581486771E2,-5.914774573E1,-1.018392937E1,1.605462865E2
1.151934625E1,1.918548779E-1,-5.099579009E-3,-4.986144770E-1,8.453102803E-1,1.578778948E2,-5.924810410E1,-1.052717092E1,1.604226541E2
1.152936725E1,1.967403298E-1,-5.000449621E-3,-4.992289781E-1,8.438238874E-1,1.573071864E2,-5.929652758E1,-1.083596984E1,1.599317387E2
1.153938925E1,2.037331242E-1,-6.897584640E-3,-4.999988535E-1,8.416926477E-1,1.564893052E2,-5.937635633E1,-1.107661056E1,1.591145960E2
1.154941125E1,2.115682444E-1,-1.045279775E-2,-5.011086221E-1,8.390588701E-1,1.555714576E2,-5.951926846E1,-1.121530137E1,1.581221925E2
1.155943325E1,2.188767819E-1,-1.560436490E-2,-5.020985252E-1,8.365085432E-1,1.547138609E2,-5.967742010E1,-1.116815169E1,1.570937016E2
1.156945425E1,2.244786670E-1,-2.171970403E-2,-5.025613397E-1,8.346074885E-1,1.540555524E2,-5.979980598E1,-1.091623888E1,1.561814426E2
1.157947625E1,2.282058814E-1,-2.736348315E-2,-5.030331948E-1,8.331452458E-1,1.536170651E2,-5.993576300E1,-1.060253010E1,1.554888899E2
1.158949825E1,2.308313983E-1,-3.120653816E-2,-5.044800329E-1,8.314102918E-1,1.533079509E2,-6.018070534E1,-1.042852440E1,1.550205688E2
1.159951925E1,2.334104693E-1,-3.269803084E-2,-5.071336827E-1,8.290148968E-1,1.530041122E2,-6.054409754E1,-1.051694507E1,1.547008063E2
1.160954125E1,2.356787495E-1,-3.164549759E-2,-5.109977479E-1,8.260359365E-1,1.527367278E2,-6.102342227E1,-1.087004196E1,1.545702310E2
1.161956325E1,2.364776008E-1,-2.880806638E-2,-5.159491808E-1,8.228273812E-1,1.526425234E2,-6.162706983E1,-1.133894946E1,1.547083307E2
1.162958425E1,2.349823571E-1,-2.604070431E-2,-5.211687308E-1,8.200539078E-1,1.528188344E2,-6.228865297E1,-1.166688773E1,1.550869453E2
1.163960625E1,2.319086296E-1,-2.552786145E-2,-5.249854230E-1,8.185090994E-1,1.531810663E2,-6.281482322E1,-1.163684000E1,1.554824794E2
1.164962825E1,2.285798926E-1,-2.720812986E-2,-5.264756512E-1,8.184341412E-1,1.535730430E2,-6.306590599E1,-1.131175759E1,1.557459289E2
1.165965025E1,2.262822782E-1,-3.069219910E-2,-5.265059548E-1,8.189297249E-1,1.538434156E2,-6.314366959E1,-1.083658095E1,1.557792318E2
1.166967125E1,2.267764289E-1,-3.768446663E-2,-5.262310941E-1,8.186777500E-1,1.537852788E2,-6.322866261E1,-1.019336391E1,1.553189955E2
1.167969304E1,2.310880937E-1,-4.935832181E-2,-5.241516740E-1,8.181852641E-1,1.532777183E2,-6.315462449E1,-9.292922576E0,1.541761887E2
1.168971504E1,2.384982261E-1,-6.498548815E-2,-5.196039026E-1,8.178675190E-1,1.524041572E2,-6.285972960E1,-8.137558314E0,1.524638438E2
1.169973604E1,2.463929420E-1,-8.151491315E-2,-5.152681088E-1,8.167892972E-1,1.514716656E2,-6.267304866E1,-6.935725856E0,1.506533349E2
1.170975804E1,2.521788824E-1,-9.533065009E-2,-5.132154308E-1,8.148177309E-1,1.507870305E2,-6.277406379E1,-5.940174793E0,1.492324270E2
1.171978004E1,2.549987595E-1,-1.051789567E-1,-5.129373248E-1,8.129012294E-1,1.504529767E2,-6.302958149E1,-5.197927478E0,1.483562968E2
1.172980204E1,2.556009536E-1,-1.112064828E-1,-5.139661505E-1,8.112582609E-1,1.503816052E2,-6.335472836E1,-4.721134003E0,1.479384034E2
1.173982304E1,2.545496427E-1,-1.126648902E-1,-5.164907889E-1,8.097828683E-1,1.505061980E2,-6.373502220E1,-4.615978222E0,1.479701542E2
1.174984504E1,2.523462265E-1,-1.097873142E-1,-5.199078446E-1,8.086803700E-1,1.507672133E2,-6.409630684E1,-4.866127013E0,1.483867523E2
1.175986704E1,2.498247913E-1,-1.049947539E-1,-5.236257446E-1,8.077002450E-1,1.510657110E2,-6.444261722E1,-5.279873382E0,1.489549964E2
1.176988804E1,2.481670082E-1,-1.005861724E-1,-5.270718184E-1,8.065301432E-1,1.512618567E2,-6.476927485E1,-5.701863463E0,1.494121910E2
1.177991004E1,2.487118827E-1,-9.799728120E-2,-5.290123647E-1,8.054097956E-1,1.511973977E2,-6.494813956E1,-6.043724108E0,1.495270076E2
1.178993204E1,2.524949206E-1,-9.854750831E-2,-5.284628119E-1,8.045257866E-1,1.507496040E2,-6.487921699E1,-6.217346194E0,1.491057738E2
1.179995304E1,2.591885355E-1,-1.025809828E-1,-5.255128908E-1,8.038250320E-1,1.499561637E2,-6.458869693E1,-6.171193216E0,1.481594737E2
1.180997504E1,2.669445040E-1,-1.087248132E-1,-5.213183100E-1,8.032102570E-1,1.490349448E2,-6.420471927E1,-5.950449647E0,1.469669433E2
1.181999704E1,2.739045292E-1,-1.151334522E-1,-5.169878477E-1,8.027727938E-1,1.482065162E2,-6.382754380E1,-5.644660334E0,1.458380312E2
1.183001904E1,2.780205482E-1,-1.196667462E-1,-5.142286411E-1,8.024670184E-1,1.477157994E2,-6.361118598E1,-5.386574035E0,1.451240268E2
1.184004004E1,2.785222011E-1,-1.202427461E-1,-5.138209757E-1,8.024680931E-1,1.476559503E2,-6.357679510E1,-5.349981471E0,1.450351818E2
1.185006204E1,2.773223857E-1,-1.174557014E-1,-5.146804342E-1,8.027456512E-1,1.477990778E2,-6.359529440E1,-5.560151311E0,1.453320755E2
1.186008404E1,2.765324484E-1,-1.125701020E-1,-5.164109627E-1,8.026066720E-1,1.478932822E2,-6.365698682E1,-6.021966666E0,1.457179844E2
1.187010504E1,2.762390220E-1,-1.051612339E-1,-5.194871769E-1,8.017270672E-1,1.479282692E2,-6.381625491E1,-6.798850341E0,1.462130085E2
1.188012704E1,2.761184399E-1,-9.589752521E-2,-5.235423359E-1,8.002909134E-1,1.479426461E2,-6.405830117E1,-7.794909617E0,1.468097128E2
1.189014904E1,2.765325538E-1,-8.754163854E-2,-5.274367258E-1,7.985465607E-1,1.478932696E2,-6.432143694E1,-8.736743233E0,1.472984880E2
1.190017104E1,2.778492002E-1,-8.222692094E-2,-5.303058725E-1,7.967523904E-1,1.477362398E2,-6.454359083E1,-9.419465822E0,1.475062153E2
1.191019204E1,2.804717036E-1,-8.040331110E-2,-5.317681996E-1,7.950431250E-1,1.474232811E2,-6.467354743E1,-9.813615745E0,1.473586602E2
1.192021404E1,2.847776153E-1,-8.151971789E-2,-5.318183333E-1,7.933634677E-1,1.469088879E2,-6.468874667E1,-9.994310289E0,1.468474304E2
1.193023604E1,2.907745218E-1,-8.469133146E-2,-5.308213706E-1,7.915213975E-1,1.461913376E2,-6.461495304E1,-1.005704905E1,1.460266673E2
1.194025704E1,2.973856764E-1,-8.824477441E-2,-5.295514439E-1,7.895251542E-1,1.453987035E2,-6.451572874E1,-1.011468735E1,1.451146553E2
1.195027904E1,3.036747870E-1,-9.092156290E-2,-5.285665985E-1,7.874847831E-1,1.446430926E2,-6.443214167E1,-1.024315622E1,1.442889573E2
1.196030104E1,3.092957436E-1,-9.196309583E-2,-5.281869819E-1,7.854281855E-1,1.439664123E2,-6.438222790E1,-1.050207623E1,1.436341272E2
1.197032204E1,3.143071093E-1,-9.101559252E-2,-5.287764477E-1,7.831492000E-1,1.433620206E2,-6.440033163E1,-1.094337787E1,1.431692378E2
1.198034404E1,3.188931289E-1,-8.791714588E-2,-5.303425192E-1,7.805860605E-1,1.428080016E2,-6.448126399E1,-1.159493784E1,1.428852518E2
1.199036604E1,3.228807687E-1,-8.298231890E-2,-5.326448540E-1,7.779148354E-1,1.423255373E2,-6.460720717E1,-1.240703270E1,1.427802338E2
1.200038804E1,3.256515868E-1,-7.678576280E-2,-5.357503181E-1,7.752590782E-1,1.419898883E2,-6.481467772E1,-1.328989881E1,1.428888600E2
1.201040904E1,3.270897637E-1,-7.010921730E-2,-5.396270906E-1,7.725928264E-1,1.418155383E2,-6.513017611E1,-1.416299670E1,1.431804739E2
1.202043104E1,3.282303417E-1,-6.420088242E-2,-5.435545236E-1,7.698645766E-1,1.416772008E2,-6.548719901E1,-1.494965524E1,1.434638756E2
1.203045304E1,3.301403737E-1,-5.977790784E-2,-5.469034279E-1,7.670271454E-1,1.414454084E2,-6.580784092E1,-1.562899771E1,1.435733371E2
1.204047404E1,3.336780959E-1,-5.722397741E-2,-5.492649158E-1,7.639976299E-1,1.410156526E2,-6.603296379E1,-1.620753404E1,1.433857503E2
1.205049604E1,3.390116742E-1,-5.654107202E-2,-5.504648366E-1,7.608302310E-1,1.403666573E2,-6.613212609E1,-1.668990154E1,1.428766202E2
1.206051804E1,3.458141123E-1,-5.746130631E-2,-5.506079673E-1,7.575892859E-1,1.395369998E2,-6.611371919E1,-1.708270917E1,1.420951680E2
1.207054004E1,3.535898265E-1,-5.979792759E-2,-5.497611950E-1,7.544276400E-1,1.385859143E2,-6.598770334E1,-1.737074442E1,1.411045076E2
1.208056104E1,3.617084475E-1,-6.331004555E-2,-5.481008831E-1,7.514947673E-1,1.375896905E2,-6.578106221E1,-1.753877159E1,1.399891785E2
1.209058304E1,3.693625470E-1,-6.710370446E-2,-5.460412720E-1,7.489375705E-1,1.366473814E2,-6.553600238E1,-1.762954793E1,1.388967911E2
1.210060504E1,3.760305156E-1,-7.003107705E-2,-5.441613750E-1,7.467161787E-1,1.358239614E2,-6.530229149E1,-1.773746253E1,1.379618781E2
1.211062604E1,3.816715974E-1,-7.129183680E-2,-5.433340113E-1,7.443335541E-1,1.351254725E2,-6.517115766E1,-1.797611552E1,1.372510477E2
1.212064804E1,3.866140318E-1,-7.019247840E-2,-5.437840554E-1,7.415534215E-1,1.345120441E2,-6.514436448E1,-1.844330656E1,1.367716381E2
1.213067004E1,3.911687680E-1,-6.669313094E-2,-5.452606913E-1,7.383967806E-1,1.339455137E2,-6.518322265E1,-1.915263970E1,1.364871969E2
1.214069104E1,3.953764565E-1,-6.149794180E-2,-5.474506415E-1,7.349784183E-1,1.334210905E2,-6.527060534E1,-2.002919203E1,1.363485802E2
1.215071304E1,3.993023933E-1,-5.565820091E-2,-5.497347057E-1,7.316089043E-1,1.329308501E2,-6.535744357E1,-2.095169245E1,1.362781054E2
1.216073504E1,4.032618157E-1,-5.018225055E-2,-5.513957762E-1,7.285769653E-1,1.324355013E2,-6.537181965E1,-2.181373856E1,1.361682202E2
1.217075704E1,4.078605637E-1,-4.579415249E-2,-5.517612104E-1,7.260249526E-1,1.318589811E2,-6.523013034E1,-2.255610219E1,1.358922032E2
1.218077804E1,4.135639806E-1,-4.265994424E-2,-5.504709690E-1,7.239659737E-1,1.311421680E2,-6.487562123E1,-2.317502559E1,1.353751042E2
1.219080004E1,4.199326750E-1,-3.984541985E-2,-5.479293033E-1,7.223865100E-1,1.303393259E2,-6.434068421E1,-2.374202280E1,1.347240478E2
1.220082204E1,4.262967754E-1,-3.617921301E-2,-5.451672728E-1,7.209402725E-1,1.295344546E2,-6.374374484E1,-2.437078356E1,1.341018747E2
1.221084304E1,4.320695871E-1,-3.041421956E-2,-5.435253369E-1,7.190069544E-1,1.288020536E2,-6.324401858E1,-2.521052295E1,1.336743048E2
1.222086504E1,4.368518319E-1,-2.199035002E-2,-5.438441989E-1,7.161776259E-1,1.281936250E2,-6.295436480E1,-2.633768099E1,1.335400258E2
1.223088704E1,4.403331616E-1,-1.134041038E-2,-5.463440760E-1,7.123806163E-1,1.277497198E2,-6.293940848E1,-2.770953938E1,1.337274627E2
1.224090904E1,4.424461728E-1,5.784865692E-4,-5.505818363E-1,7.078846223E-1,1.274798779E2,-6.318681607E1,-2.921083043E1,1.341977617E2
1.225093004E1,4.439636806E-1,1.217340070E-2,-5.555023333E-1,7.029688141E-1,1.272858912E2,-6.358740584E1,-3.068786298E1,1.347566884E2
1.226095204E1,4.457219418E-1,2.195737011E-2,-5.602430951E-1,6.978377093E-1,1.270609247E2,-6.403211431E1,-3.201022796E1,1.352015966E2
1.227097404E1,4.482584866E-1,2.932737877E-2,-5.643031432E-1,6.926514764E-1,1.267359899E2,-6.443342140E1,-3.312959878E1,1.354128433E2
1.228099504E1,4.521595884E-1,3.400772308E-2,-5.673009010E-1,6.874334542E-1,1.262353489E2,-6.470770997E1,-3.404038944E1,1.352794743E2
1.229101704E1,4.576465812E-1,3.608556271E-2,-5.693720814E-1,6.819624771E-1,1.255293007E2,-6.485443372E1,-3.477535945E1,1.347736729E2
1.230103904E1,4.646951991E-1,3.611293709E-2,-5.703724580E-1,6.763353882E-1,1.246190047E2,-6.483286340E1,-3.537655646E1,1.339129811E2
1.231106104E1,4.731934262E-1,3.440272335E-2,-5.700328597E-1,6.707957855E-1,1.235164216E2,-6.459443290E1,-3.584722689E1,1.327101262E2
1.232108204E1,4.822272449E-1,3.198090221E-2,-5.688414315E-1,6.654723224E-1,1.223380636E2,-6.421859901E1,-3.624124993E1,1.313523831E2
1.233110404E1,4.913586916E-1,2.958896319E-2,-5.671433561E-1,6.603329410E-1,1.211401528E2,-6.375537918E1,-3.661383914E1,1.299472569E2
1.234112604E1,5.000368805E-1,2.814279945E-2,-5.656749388E-1,6.551206561E-1,1.199951200E2,-6.331121948E1,-3.705565629E1,1.286417966E2
1.235114704E1,5.076741950E-1,2.854237265E-2,-5.652758292E-1,6.495501387E-1,1.189819343E2,-6.300687398E1,-3.766411061E1,1.275917392E2
1.236116904E1,5.139399404E-1,3.122358656E-2,-5.662865107E-1,6.435917281E-1,1.181467492E2,-6.289294545E1,-3.848172573E1,1.268788243E2
1.237119104E1,5.188009419E-1,3.566670733E-2,-5.687396258E-1,6.372665451E-1,1.174962893E2,-6.299741016E1,-3.946329030E1,1.264930469E2
1.238121204E1,5.222714715E-1,4.127508310E-2,-5.725058471E-1,6.306870111E-1,1.170305180E2,-6.333030403E1,-4.054689939E1,1.264125783E2
1.239123404E1,5.244468231E-1,4.752299514E-2,-5.774199379E-1,6.239257452E-1,1.167379778E2,-6.389386764E1,-4.167877688E1,1.266079380E2
1.240125604E1,5.257668255E-1,5.372134249E-2,-5.831118487E-1,6.169795599E-1,1.165602401E2,-6.464573819E1,-4.280080958E1,1.269807010E2
1.241127804E1,5.264839173E-1,5.932059346E-2,-5.891883706E-1,6.100433635E-1,1.164636127E2,-6.553337538E1,-4.384999258E1,1.274579108E2
1.242129904E1,5.268101813E-1,6.444099301E-2,-5.952025362E-1,6.033675925E-1,1.164196322E2,-6.647185286E1,-4.481990886E1,1.279930580E2
1.243132104E1,5.278369365E-1,6.906509235E-2,-5.998398275E-1,5.973360676E-1,1.162811570E2,-6.718055457E1,-4.570431871E1,1.283425261E2
1.244134304E1,5.295061967E-1,7.424148399E-2,-6.024569361E-1,5.925851142E-1,1.160558068E2,-6.750923986E1,-4.655194628E1,1.285129481E2
1.245136404E1,5.313190064E-1,8.034221924E-2,-6.034749721E-1,5.891206538E-1,1.158107637E2,-6.753381666E1,-4.738653258E1,1.286101150E2
1.246138604E1,5.341360122E-1,8.620545700E-2,-6.030885909E-1,5.861325318E-1,1.154293263E2,-6.726099504E1,-4.818644709E1,1.284449623E2
1.247140804E1,5.384961247E-1,9.193932500E-2,-6.011033479E-1,5.833042886E-1,1.148373558E2,-6.661332237E1,-4.899399809E1,1.279091064E2
1.248143004E1,5.437125374E-1,9.791884591E-2,-5.982667174E-1,5.804011478E-1,1.141265464E2,-6.574129245E1,-4.983895117E1,1.271607529E2
1.249145104E1,5.472088964E-1,1.057874939E-1,-5.970597581E-1,5.769672504E-1,1.136485170E2,-6.521603569E1,-5.085080937E1,1.268628473E2
1.250147304E1,5.462294221E-1,1.167067941E-1,-6.005054527E-1,5.721942700E-1,1.137825637E2,-6.580000675E1,-5.214678432E1,1.277906977E2
1.251149504E1,5.400332387E-1,1.288676982E-1,-6.098434874E-1,5.655512589E-1,1.146281968E2,-6.795463646E1,-5.355563716E1,1.302108045E2
1.252151604E1,5.304061254E-1,1.383137342E-1,-6.228928260E-1,5.581605706E-1,1.159342016E2,-7.129542213E1,-5.460465793E1,1.335507636E2
1.253153804E1,5.201542641E-1,1.428128260E-1,-6.359108917E-1,5.519613369E-1,1.173148004E2,-7.479220370E1,-5.500457494E1,1.368024108E2
1.254156004E1,5.127666538E-1,1.431695991E-1,-6.456435684E-1,5.474642945E-1,1.183034170E2,-7.739078046E1,-5.497377959E1,1.389968258E2
1.255158204E1,5.123156325E-1,1.408967460E-1,-6.499578462E-1,5.433557854E-1,1.183636074E2,-7.839470287E1,-5.499292926E1,1.393669703E2
1.256160304E1,5.202175179E-1,1.366278181E-1,-6.484430464E-1,5.387282044E-1,1.173063134E2,-7.766377471E1,-5.527276861E1,1.377100632E2
1.257162504E1,5.325429423E-1,1.316809161E-1,-6.438631591E-1,5.333838996E-1,1.156451345E2,-7.600811220E1,-5.571466704E1,1.349701975E2
1.258164704E1,5.440707600E-1,1.275691749E-1,-6.400264261E-1,5.273321377E-1,1.140776291E2,-7.455128932E1,-5.619974357E1,1.324435618E2
1.259166804E1,5.530959313E-1,1.233989550E-1,-6.378733543E-1,5.215124871E-1,1.128406657E2,-7.358585522E1,-5.654494291E1,1.304570603E2
1.260169004E1,5.602530747E-1,1.180081623E-1,-6.365480467E-1,5.167178432E-1,1.118533973E2,-7.289354275E1,-5.663769521E1,1.287722151E2
1.261171204E1,5.660385291E-1,1.119883912E-1,-6.356373586E-1,5.128588369E-1,1.110511205E2,-7.237595096E1,-5.655954163E1,1.273229943E2
1.262173304E1,5.708520680E-1,1.068012732E-1,-6.350977315E-1,5.092860169E-1,1.103806711E2,-7.200792354E1,-5.649923959E1,1.261304558E2
1.263175504E1,5.746375215E-1,1.037366283E-1,-6.355010557E-1,5.051423996E-1,1.098514969E2,-7.191268325E1,-5.663344408E1,1.253310262E2
1.264177704E1,5.773006755E-1,1.029377769E-1,-6.368433486E-1,5.005579393E-1,1.094781807E2,-7.208673961E1,-5.696658949E1,1.249464984E2
1.265179904E1,5.786308168E-1,1.042535172E-1,-6.389520397E-1,4.960422549E-1,1.092914018E2,-7.250840757E1,-5.744368974E1,1.249970778E2
1.266182004E1,5.778027261E-1,1.075150722E-1,-6.425594095E-1,4.916319981E-1,1.094077079E2,-7.342016995E1,-5.802301141E1,1.257184061E2
1.267184204E1,5.745941234E-1,1.116633758E-1,-6.475551176E-1,4.878986777E-1,1.098575733E2,-7.484313375E1,-5.855304762E1,1.271064329E2
1.268186400E1,5.686775383E-1,1.161836674E-1,-6.531784766E-1,4.862767932E-1,1.106838843E2,-7.661498064E1,-5.885827506E1,1.291080210E2
1.269188500E1,5.599611301E-1,1.208921026E-1,-6.588569636E-1,4.875819309E-1,1.118937807E2,-7.856361659E1,-5.884359749E1,1.316233703E2
1.270190700E1,5.492382184E-1,1.249662909E-1,-6.641859901E-1,4.915056287E-1,1.133704655E2,-8.047903584E1,-5.847761141E1,1.343441097E2
1.271192900E1,5.374200841E-1,1.277469503E-1,-6.688323640E-1,4.975175289E-1,1.149836302E2,-8.216454581E1,-5.777929925E1,1.369647387E2
1.272195100E1,5.254678766E-1,1.290411536E-1,-6.724051102E-1,5.050775290E-1,1.166005084E2,-8.344778644E1,-5.682531325E1,1.392386377E2
1.273197200E1,5.143472574E-1,1.292697581E-1,-6.747209953E-1,5.133106676E-1,1.180923305E2,-8.427811330E1,-5.577068486E1,1.410522793E2
1.274199400E1,5.039410392E-1,1.300644791E-1,-6.758754818E-1,5.218419411E-1,1.194778372E2,-8.477182553E1,-5.478053152E1,1.426174259E2
1.275201600E1,4.937266662E-1,1.326917661E-1,-6.756936392E-1,5.310978948E-1,1.208283595E2,-8.496771824E1,-5.391660158E1,1.441281853E2
1.276203700E1,4.838850491E-1,1.364553743E-1,-6.739860385E-1,5.412744107E-1,1.221211007E2,-8.481304786E1,-5.312849231E1,1.454959780E2
1.277205900E1,4.741368834E-1,1.400778327E-1,-6.712786725E-1,5.522294935E-1,1.233936651E2,-8.441345550E1,-5.230399559E1,1.467123152E2
1.278208100E1,4.627147872E-1,1.431393376E-1,-6.689916581E-1,5.637875555E-1,1.248751460E2,-8.413115471E1,-5.130683783E1,1.481135424E2
1.279210300E1,4.477115628E-1,1.461080141E-1,-6.679470695E-1,5.762408956E-1,1.268060906E2,-8.419163210E1,-5.003902509E1,1.500348448E2
1.280212400E1,4.293339563E-1,1.486698260E-1,-6.676643906E-1,5.897406787E-1,1.291494025E2,-8.443911460E1,-4.847402770E1,1.523296045E2
1.281214600E1,4.094110093E-1,1.500944317E-1,-6.668353199E-1,6.043054125E-1,1.316643186E2,-8.451371372E1,-4.667097136E1,1.545711346E2
1.282216800E1,3.898407840E-1,1.501157158E-1,-6.643789594E-1,6.197500514E-1,1.341108142E2,-8.417008919E1,-4.475465927E1,1.564492049E2
1.283218900E1,3.718919164E-1,1.490173689E-1,-6.598742200E-1,6.356542068E-1,1.363353119E2,-8.336277008E1,-4.286324544E1,1.578696911E2
1.284221100E1,3.564629772E-1,1.470849781E-1,-6.534322849E-1,6.514033778E-1,1.382337329E2,-8.215964893E1,-4.110736747E1,1.588239937E2
1.285223300E1,3.437779348E-1,1.442047678E-1,-6.455104265E-1,6.665868853E-1,1.397855716E2,-8.067407372E1,-3.949972352E1,1.593481471E2
1.286225400E1,3.333969237E-1,1.396936431E-1,-6.363834211E-1,6.814311634E-1,1.410498297E2,-7.896271019E1,-3.793155989E1,1.594726949E2
1.287227600E1,3.242994106E-1,1.331429270E-1,-6.263990013E-1,6.962235587E-1,1.421537292E2,-7.711344074E1,-3.627604252E1,1.593147643E2
1.288229800E1,3.155505677E-1,1.248700275E-1,-6.158517313E-1,7.110289037E-1,1.432118915E2,-7.522020360E1,-3.448824361E1,1.590337901E2
1.289232000E1,3.071830485E-1,1.157986770E-1,-6.052964746E-1,7.251520808E-1,1.442209007E2,-7.340524112E1,-3.267117775E1,1.587332224E2
1.290234100E1,3.000095496E-1,1.071533890E-1,-5.953017709E-1,7.376505812E-1,1.450836466E2,-7.175852722E1,-3.101590176E1,1.584334015E2
1.291236300E1,2.942055492E-1,1.000029233E-1,-5.862020556E-1,7.482042785E-1,1.457801905E2,-7.031740034E1,-2.964159910E1,1.581830518E2
1.292238500E1,2.887112649E-1,9.498234854E-2,-5.787702175E-1,7.567358333E-1,1.464383659E2,-6.919406421E1,-2.855147190E1,1.581434091E2
1.293240600E1,2.823415907E-1,9.272346712E-2,-5.733631351E-1,7.635052283E-1,1.471999840E2,-6.843627735E1,-2.773340809E1,1.584713527E2
1.294242800E1,2.747331994E-1,9.370135830E-2,-5.696609138E-1,7.689136383E-1,1.481077695E2,-6.798378847E1,-2.720052234E1,1.592069098E2
1.295245000E1,2.658705812E-1,9.810715803E-2,-5.671857347E-1,7.732970581E-1,1.491626214E2,-6.776079867E1,-2.695740343E1,1.603385016E2
1.296247200E1,2.563856015E-1,1.049009350E-1,-5.648528224E-1,7.773053920E-1,1.502885919E2,-6.759362304E1,-2.691835551E1,1.616932072E2
1.297249300E1,2.474355707E-1,1.128338148E-1,-5.615298806E-1,7.814910587E-1,1.513483716E2,-6.729231920E1,-2.701618456E1,1.630302130E2
1.298251500E1,2.405025406E-1,1.210034335E-1,-5.573484074E-1,7.854167426E-1,1.521675948E2,-6.685051646E1,-2.726867525E1,1.641406286E2
1.299253700E1,2.364011675E-1,1.289083700E-1,-5.533318549E-1,7.882391274E-1,1.526515376E2,-6.640383939E1,-2.769972753E1,1.649419872E2
1.300255800E1,2.336639194E-1,1.375614973E-1,-5.503904685E-1,7.896508572E-1,1.529742430E2,-6.612432455E1,-2.832445013E1,1.656883366E2
1.301258000E1,2.294816876E-1,1.488341777E-1,-5.495062698E-1,7.894488895E-1,1.534668831E2,-6.624519771E1,-2.915652786E1,1.668444430E2
1.302260200E1,2.218559108E-1,1.635195516E-1,-5.510258112E-1,7.876623478E-1,1.543638740E2,-6.690249814E1,-3.013857224E1,1.687114061E2
1.303262400E1,2.115652941E-1,1.804861237E-1,-5.539501913E-1,7.847318352E-1,1.555718035E2,-6.795524840E1,-3.117539828E1,1.711192994E2
1.304264500E1,2.016336211E-1,1.972244707E-1,-5.559446013E-1,7.819028756E-1,1.567349900E2,-6.894569724E1,-3.218231122E1,1.734854446E2
1.305266700E1,1.944606489E-1,2.117590221E-1,-5.570069126E-1,7.791575984E-1,1.575735641E2,-6.975212652E1,-3.313538051E1,1.754019627E2
1.306268900E1,1.919615937E-1,2.223463104E-1,-5.573264700E-1,7.765952386E-1,1.578654345E2,-7.026606801E1,-3.400855801E1,1.765202543E2
1.307271000E1,1.937530455E-1,2.297318081E-1,-5.572807617E-1,7.740292963E-1,1.576562216E2,-7.054290530E1,-3.486103546E1,1.769337792E2
1.308273200E1,1.973075421E-1,2.362288396E-1,-5.579658904E-1,7.706748287E-1,1.572408892E2,-7.088590170E1,-3.575305924E1,1.771391404E2
1.309275400E1,1.998305157E-1,2.429631052E-1,-5.588860825E-1,7.672568246E-1,1.569459035E2,-7.131282493E1,-3.659788141E1,1.774967219E2
1.310277600E1,2.012672596E-1,2.472940943E-1,-5.589635695E-1,7.654389889E-1,1.567778506E2,-7.151343089E1,-3.712667241E1,1.777243349E2
1.311279700E1,2.022953266E-1,2.469418309E-1,-5.582039990E-1,7.658358226E-1,1.566575687E2,-7.134921579E1,-3.716251892E1,1.775431204E2
1.312281900E1,2.035388061E-1,2.423766740E-1,-5.577825094E-1,7.672706066E-1,1.565120490E2,-7.103287687E1,-3.679815170E1,1.769968693E2
1.313284100E1,2.059072694E-1,2.344145337E-1,-5.581887313E-1,7.688155626E-1,1.562347702E2,-7.068739122E1,-3.617924536E1,1.760989943E2
1.314286200E1,2.101301728E-1,2.237818637E-1,-5.586248142E-1,7.705228050E-1,1.557400384E2,-7.022329190E1,-3.542423588E1,1.748038804E2
1.315288400E1,2.161396180E-1,2.117626994E-1,-5.581984356E-1,7.725638294E-1,1.550352105E2,-6.957196823E1,-3.464555281E1,1.731899755E2
1.316290600E1,2.240704537E-1,1.996267567E-1,-5.560424662E-1,7.750860864E-1,1.541035529E2,-6.865195724E1,-3.396188095E1,1.713077781E2
1.317292700E1,2.335851680E-1,1.893011371E-1,-5.521719315E-1,7.776304285E-1,1.529835241E2,-6.753435047E1,-3.352982571E1,1.693377019E2
1.318294900E1,2.434866850E-1,1.831524177E-1,-5.478909918E-1,7.790922919E-1,1.518151617E2,-6.649266418E1,-3.351763338E1,1.676229478E2
1.319297100E1,2.510135642E-1,1.839322397E-1,-5.448011010E-1,7.786866285E-1,1.509250044E2,-6.586889765E1,-3.405276068E1,1.667065721E2
1.320299300E1,2.536976230E-1,1.920128337E-1,-5.432929708E-1,7.769178306E-1,1.506071462E2,-6.577959767E1,-3.503107716E1,1.669018221E2
1.321301400E1,2.509252876E-1,2.049030996E-1,-5.431145316E-1,7.746468741E-1,1.509354546E2,-6.617952066E1,-3.615824519E1,1.681219012E2
1.322303600E1,2.430675978E-1,2.202418445E-1,-5.440860270E-1,7.722577379E-1,1.518646730E2,-6.702197648E1,-3.720483322E1,1.701859549E2
1.323305800E1,2.311381430E-1,2.369995053E-1,-5.460851468E-1,7.695436916E-1,1.532718235E2,-6.827437821E1,-3.811232661E1,1.729258278E2
1.324307900E1,2.175351845E-1,2.540901999E-1,-5.484772545E-1,7.663480121E-1,1.548713927E2,-6.975877493E1,-3.890781782E1,1.759698549E2
1.325310100E1,2.055046405E-1,2.700438989E-1,-5.505661998E-1,7.627063348E-1,1.562819164E2,-7.121511303E1,-3.965893446E1,1.787998046E2
1.326312300E1,1.977600517E-1,2.833814166E-1,-5.517382404E-1,7.590591362E-1,1.571879931E2,-7.237051480E1,-4.042334039E1,-1.790605565E2
1.327314500E1,1.949146969E-1,2.937486457E-1,-5.517862562E-1,7.558120797E-1,1.575205191E2,-7.311008034E1,-4.123432117E1,-1.777491618E2
1.328316600E1,1.963657286E-1,3.011823067E-1,-5.505555156E-1,7.534044831E-1,1.573509666E2,-7.337718274E1,-4.207051256E1,-1.772396174E2
1.329318800E1,2.010269593E-1,3.058765068E-1,-5.482316542E-1,7.519771801E-1,1.568059615E2,-7.320322880E1,-4.287826963E1,-1.774152652E2
1.330321000E1,2.077268542E-1,3.081083088E-1,-5.453700940E-1,7.513256109E-1,1.560216535E2,-7.270722491E1,-4.359492164E1,-1.781068835E2
1.331323100E1,2.157820442E-1,3.080155226E-1,-5.423336453E-1,7.512913877E-1,1.550771757E2,-7.196847430E1,-4.417646344E1,-1.792119567E2
1.332325300E1,2.243555772E-1,3.066723341E-1,-5.397123326E-1,7.512171881E-1,1.540700266E2,-7.119055723E1,-4.466255363E1,1.795126459E2
1.333327500E1,2.327294816E-1,3.050438431E-1,-5.376494340E-1,7.508117355E-1,1.530843576E2,-7.048884664E1,-4.509796306E1,1.782579808E2
1.334329700E1,2.406119538E-1,3.034833771E-1,-5.359732750E-1,7.501575321E-1,1.521546777E2,-6.986653429E1,-4.549945942E1,1.770824526E2
1.335331800E1,2.478456174E-1,3.023741458E-1,-5.344382130E-1,7.493451094E-1,1.512998731E2,-6.930991000E1,-4.589631287E1,1.760251225E2
1.336334000E1,2.543093845E-1,3.021517896E-1,-5.329252149E-1,7.483459341E-1,1.505346664E2,-6.882937132E1,-4.632627457E1,1.751341861E2
1.337336200E1,2.599726355E-1,3.030560502E-1,-5.315379513E-1,7.470197624E-1,1.498631231E2,-6.846114521E1,-4.681504563E1,1.744457251E2
1.338338300E1,2.649014566E-1,3.050056159E-1,-5.303461860E-1,7.453400419E-1,1.492778052E2,-6.821307718E1,-4.736172486E1,1.739521996E2
1.339340500E1,2.693481598E-1,3.075828219E-1,-5.292165556E-1,7.434878144E-1,1.487490355E2,-6.802785947E1,-4.794098055E1,1.735754048E2
1.340342700E1,2.734997719E-1,3.103496677E-1,-5.281218439E-1,7.415983922E-1,1.482547394E2,-6.786754001E1,-4.852043803E1,1.732501825E2
1.341344800E1,2.772646656E-1,3.130780756E-1,-5.270288181E-1,7.398289832E-1,1.478059620E2,-6.771455911E1,-4.906920088E1,1.729636758E2
1.342347000E1,2.806518181E-1,3.156282865E-1,-5.259513023E-1,7.382334089E-1,1.474017778E2,-6.756252155E1,-4.957302356E1,1.727031863E2
1.343349200E1,2.837028074E-1,3.182510112E-1,-5.249369857E-1,7.366614368E-1,1.470373505E2,-6.743740955E1,-5.006192234E1,1.724937067E2
1.344351400E1,2.860172805E-1,3.218228617E-1,-5.241904912E-1,7.347438185E-1,1.467606682E2,-6.745848780E1,-5.060326968E1,1.724942916E2
1.345353500E1,2.872134924E-1,3.266531961E-1,-5.235964209E-1,7.325659222E-1,1.466175896E2,-6.764763578E1,-5.120182406E1,1.727810504E2
1.346355700E1,2.873751677E-1,3.321162706E-1,-5.228615484E-1,7.305682459E-1,1.465982476E2,-6.790667747E1,-5.179306655E1,1.732597535E2
1.347357900E1,2.869027015E-1,3.374520301E-1,-5.222227181E-1,7.287636021E-1,1.466547683E2,-6.821510144E1,-5.232588540E1,1.738271246E2
1.348360000E1,2.863947266E-1,3.420748018E-1,-5.219222743E-1,7.270213568E-1,1.467155277E2,-6.855218356E1,-5.278228502E1,1.743681437E2
1.349362200E1,2.860916487E-1,3.459398153E-1,-5.222812179E-1,7.250514552E-1,1.467517746E2,-6.896835954E1,-5.317681640E1,1.748781169E2
1.350364400E1,2.864960266E-1,3.485326051E-1,-5.230611032E-1,7.230851151E-1,1.467034119E2,-6.934559495E1,-5.348945118E1,1.752069129E2
1.351366600E1,2.882826315E-1,3.491763561E-1,-5.236542780E-1,7.216336619E-1,1.464896648E2,-6.946159325E1,-5.369491051E1,1.751194761E2
1.352368700E1,2.910898856E-1,3.486696245E-1,-5.242221225E-1,7.203382996E-1,1.461535657E2,-6.943040167E1,-5.385352381E1,1.747662538E2
1.353370900E1,2.940889499E-1,3.479899118E-1,-5.246936298E-1,7.191045138E-1,1.457941703E2,-6.935521808E1,-5.400764639E1,1.743570955E2
1.354373100E1,2.965045755E-1,3.476822292E-1,-5.251024648E-1,7.179619760E-1,1.455044395E2,-6.932180198E1,-5.415809811E1,1.740576773E2
1.355375200E1,2.977280142E-1,3.481976220E-1,-5.257558041E-1,7.167267361E-1,1.453576132E2,-6.946122360E1,-5.431041166E1,1.740331607E2
1.356377400E1,2.976082750E-1,3.496486747E-1,-5.267233061E-1,7.153584387E-1,1.453719859E2,-6.980731701E1,-5.446520248E1,1.743264917E2
1.357379600E1,2.964910463E-1,3.516975700E-1,-5.278983076E-1,7.139504811E-1,1.455060628E2,-7.029612623E1,-5.460947119E1,1.748447806E2
1.358381800E1,2.948764006E-1,3.536672292E-1,-5.290304035E-1,7.128072900E-1,1.456997481E2,-7.079170004E1,-5.470522870E1,1.754158105E2
1.359383900E1,2.931234921E-1,3.551255523E-1,-5.299629025E-1,7.121122252E-1,1.459099044E2,-7.120241736E1,-5.473273913E1,1.759213987E2
1.360386100E1,2.909791658E-1,3.565687026E-1,-5.313066705E-1,7.112686771E-1,1.461668273E2,-7.171765602E1,-5.472906715E1,1.765216723E2
1.361388300E1,2.883545130E-1,3.583335018E-1,-5.333504292E-1,7.099197251E-1,1.464810625E2,-7.243758104E1,-5.472246005E1,1.773023120E2
1.362390400E1,2.853389059E-1,3.604489627E-1,-5.361445703E-1,7.079598123E-1,1.468417846E2,-7.337488026E1,-5.471933729E1,1.782626080E2
1.363392600E1,2.823507576E-1,3.626419370E-1,-5.394474607E-1,7.055248414E-1,1.471988890E2,-7.443591586E1,-5.471933912E1,1.792898728E2
1.364394800E1,2.799102654E-1,3.645418010E-1,-5.429272205E-1,7.028438171E-1,1.474903017E2,-7.549198640E1,-5.472341820E1,-1.797645819E2
1.365397000E1,2.785257836E-1,3.655436422E-1,-5.464103098E-1,7.001692203E-1,1.476555229E2,-7.642138379E1,-5.471248944E1,-1.790633500E2
1.366399100E1,2.790624394E-1,3.641521113E-1,-5.490546979E-1,6.986102505E-1,1.475914877E2,-7.683844205E1,-5.461128566E1,-1.790138484E2
1.367401300E1,2.817959365E-1,3.594824828E-1,-5.501018890E-1,6.991074779E-1,1.472651578E2,-7.647115904E1,-5.435730323E1,-1.798532334E2
1.368403488E1,2.856462408E-1,3.525363134E-1,-5.500494900E-1,7.011204746E-1,1.468050373E2,-7.559982875E1,-5.395742399E1,1.787612557E2
1.369405587E1,2.893996916E-1,3.449066064E-1,-5.494292042E-1,7.038572170E-1,1.463559603E2,-7.457392409E1,-5.346942158E1,1.772664291E2
1.370407788E1,2.920508337E-1,3.384529334E-1,-5.491604549E-1,7.061010942E-1,1.460384472E2,-7.381204112E1,-5.300895025E1,1.761209264E2
1.371409987E1,2.936618759E-1,3.339562440E-1,-5.495795210E-1,7.072470459E-1,1.458453701E2,-7.343648940E1,-5.267039336E1,1.754303926E2
1.372412188E1,2.942876723E-1,3.321293572E-1,-5.508139073E-1,7.068868589E-1,1.457703440E2,-7.351591529E1,-5.253746588E1,1.752683623E2
1.373414287E1,2.940656638E-1,3.328223041E-1,-5.526886308E-1,7.051878984E-1,1.457969621E2,-7.398730353E1,-5.260409426E1,1.755757804E2
1.374416488E1,2.941995643E-1,3.341759661E-1,-5.544050296E-1,7.031415425E-1,1.457809081E2,-7.447839449E1,-5.276471630E1,1.759068486E2
1.375418687E1,2.949510005E-1,3.355643886E-1,-5.557148483E-1,7.011286511E-1,1.456908017E2,-7.487180323E1,-5.297424571E1,1.761301414E2
1.376420788E1,2.955455661E-1,3.374316731E-1,-5.571381368E-1,6.988488016E-1,1.456194904E2,-7.534549495E1,-5.322061551E1,1.764482921E2
1.377422987E1,2.960532460E-1,3.392364223E-1,-5.589157012E-1,6.963363648E-1,1.455585893E2,-7.589998737E1,-5.345437353E1,1.768138257E2
1.378425188E1,2.971032504E-1,3.399873527E-1,-5.610740835E-1,6.937824765E-1,1.454325992E2,-7.642460725E1,-5.362458982E1,1.770295238E2
1.379427287E1,2.993316596E-1,3.384567477E-1,-5.628709722E-1,6.921156319E-1,1.451650690E2,-7.660943363E1,-5.365592314E1,1.767760254E2
1.380429488E1,3.026857058E-1,3.345713773E-1,-5.637618934E-1,6.918206882E-1,1.447620311E2,-7.632915984E1,-5.353423524E1,1.759891710E2
1.381431687E1,3.065818870E-1,3.294293248E-1,-5.638604011E-1,6.924920454E-1,1.442932813E2,-7.574603923E1,-5.332085745E1,1.748993033E2
1.382433888E1,3.108747542E-1,3.239463675E-1,-5.633708970E-1,6.935623646E-1,1.437760897E2,-7.500742413E1,-5.309474588E1,1.736689511E2
1.383435987E1,3.150210347E-1,3.193479672E-1,-5.628791382E-1,6.942230164E-1,1.432758327E2,-7.436901509E1,-5.294286199E1,1.725743558E2
1.384438188E1,3.184058692E-1,3.161120059E-1,-5.628676847E-1,6.941691317E-1,1.428669080E2,-7.398613993E1,-5.287409707E1,1.717894224E2
1.385440387E1,3.206867091E-1,3.140259793E-1,-5.636784321E-1,6.934077699E-1,1.425910816E2,-7.391725274E1,-5.284689235E1,1.713613745E2
1.386442488E1,3.217385259E-1,3.124595389E-1,-5.655978944E-1,6.920638755E-1,1.424638076E2,-7.417232738E1,-5.279083386E1,1.712613837E2
1.387444687E1,3.215543442E-1,3.105298033E-1,-5.680733474E-1,6.909897209E-1,1.424860978E2,-7.455520556E1,-5.260604615E1,1.713272422E2
1.388446888E1,3.197069635E-1,3.083499157E-1,-5.707756874E-1,6.905960694E-1,1.427095916E2,-7.501242214E1,-5.226524139E1,1.715833782E2
1.389449087E1,3.158435516E-1,3.066683828E-1,-5.738355065E-1,6.905868603E-1,1.431765085E2,-7.563801230E1,-5.181759838E1,1.721639344E2
1.390451188E1,3.104798383E-1,3.053522421E-1,-5.771065866E-1,6.908765145E-1,1.438236997E2,-7.636688361E1,-5.128633862E1,1.729682243E2
1.391453387E1,3.047950924E-1,3.034535161E-1,-5.800771913E-1,6.917559296E-1,1.445083268E2,-7.697555500E1,-5.066389229E1,1.736929419E2
1.392455588E1,3.001198268E-1,2.997626322E-1,-5.819206102E-1,6.938578772E-1,1.450703993E2,-7.716251894E1,-4.993165506E1,1.739713714E2
1.393457687E1,2.974271279E-1,2.935456876E-1,-5.817654571E-1,6.977943296E-1,1.453937284E2,-7.669053393E1,-4.908960688E1,1.735526396E2
1.394459888E1,2.972322619E-1,2.849434315E-1,-5.791260528E-1,7.036144512E-1,1.454171161E2,-7.550967665E1,-4.818062169E1,1.723955821E2
1.395462087E1,2.996472763E-1,2.747649887E-1,-5.738511008E-1,7.109224618E-1,1.451271621E2,-7.370357739E1,-4.727165776E1,1.706100067E2
1.396464288E1,3.055457278E-1,2.630045533E-1,-5.680808917E-1,7.174639056E-1,1.444180016E2,-7.171644418E1,-4.643075489E1,1.683124678E2
1.397466387E1,3.138963461E-1,2.507993002E-1,-5.639940277E-1,7.214425892E-1,1.434115999E2,-7.006656825E1,-4.572077462E1,1.659053627E2
1.398468588E1,3.214074413E-1,2.410140137E-1,-5.613320854E-1,7.235438414E-1,1.425038753E2,-6.890156673E1,-4.520246323E1,1.639736122E2
1.399470787E1,3.262111073E-1,2.350213640E-1,-5.594039092E-1,7.248576219E-1,1.419220686E2,-6.815300347E1,-4.488463511E1,1.627617596E2
1.400472888E1,3.279670925E-1,2.330077667E-1,-5.586132238E-1,7.253249672E-1,1.417091347E2,-6.787544174E1,-4.478320715E1,1.623298915E2
1.401475087E1,3.270117921E-1,2.345189525E-1,-5.592867621E-1,7.247499156E-1,1.418249931E2,-6.808774051E1,-4.488789599E1,1.626161209E2
1.402477288E1,3.239905163E-1,2.384925363E-1,-5.607819004E-1,7.236540343E-1,1.421911461E2,-6.861656035E1,-4.511691590E1,1.634144096E2
1.403479487E1,3.206286940E-1,2.430201931E-1,-5.628577276E-1,7.220315703E-1,1.425981002E2,-6.929855997E1,-4.538752745E1,1.643515487E2
1.404481588E1,3.169232274E-1,2.479000185E-1,-5.652706557E-1,7.201211380E-1,1.430460872E2,-7.008457684E1,-4.567032319E1,1.653964044E2
1.405483787E1,3.115993850E-1,2.540477580E-1,-5.673481266E-1,7.186665870E-1,1.436887134E2,-7.093157842E1,-4.594906076E1,1.667294606E2
1.406485988E1,3.041494870E-1,2.610834473E-1,-5.688146367E-1,7.181771146E-1,1.445859953E2,-7.178706191E1,-4.613856549E1,1.683561009E2
1.407488087E1,2.956742826E-1,2.667629459E-1,-5.694920630E-1,7.190917644E-1,1.456040506E2,-7.245819944E1,-4.608936469E1,1.699191242E2
1.408490288E1,2.883240197E-1,2.684336364E-1,-5.692936462E-1,7.216075309E-1,1.464847118E2,-7.269964708E1,-4.569973735E1,1.708985133E2
1.409492487E1,2.841036029E-1,2.652878483E-1,-5.684572314E-1,7.250958569E-1,1.469894518E2,-7.245655973E1,-4.504968822E1,1.710102511E2
1.410494688E1,2.847607565E-1,2.583826246E-1,-5.665227437E-1,7.288358840E-1,1.469109032E2,-7.168943339E1,-4.436958319E1,1.701467034E2
1.411496787E1,2.909599679E-1,2.491146906E-1,-5.626616815E-1,7.325954671E-1,1.461691267E2,-7.034247007E1,-4.382234759E1,1.683269054E2
1.412498988E1,3.009910864E-1,2.388168879E-1,-5.569948480E-1,7.362931788E-1,1.449657204E2,-6.857468186E1,-4.339147999E1,1.658864717E2
1.413501187E1,3.123288837E-1,2.279160165E-1,-5.502654399E-1,7.400763220E-1,1.436007280E2,-6.662314914E1,-4.292794522E1,1.632136036E2
1.414503288E1,3.222418857E-1,2.173009744E-1,-5.435048536E-1,7.440046823E-1,1.424028821E2,-6.479282333E1,-4.234753745E1,1.607807597E2
1.415505487E1,3.286346143E-1,2.085238300E-1,-5.379060451E-1,7.477794594E-1,1.416281538E2,-6.339081589E1,-4.171369238E1,1.590291169E2
1.416507688E1,3.309255695E-1,2.029589287E-1,-5.342108623E-1,7.509425593E-1,1.413500732E2,-6.255963499E1,-4.117712896E1,1.581470181E2
1.417509887E1,3.297251008E-1,2.015588631E-1,-5.327461224E-1,7.528858240E-1,1.414958178E2,-6.231789150E1,-4.090609070E1,1.581136392E2
1.418511988E1,3.259811330E-1,2.046209897E-1,-5.331267189E-1,7.534204779E-1,1.419499455E2,-6.256276516E1,-4.098867121E1,1.587954825E2
1.419514187E1,3.200693000E-1,2.118315041E-1,-5.350623235E-1,7.525898267E-1,1.426657682E2,-6.324434503E1,-4.140356347E1,1.601189148E2
1.420516388E1,3.121673559E-1,2.219680636E-1,-5.382655788E-1,7.507009735E-1,1.436202119E2,-6.431680834E1,-4.201469381E1,1.619885058E2
1.421518487E1,3.029443400E-1,2.332897607E-1,-5.420476263E-1,7.483213836E-1,1.447309337E2,-6.562564235E1,-4.265419708E1,1.641804934E2
1.422520688E1,2.935319793E-1,2.441219433E-1,-5.458934208E-1,7.458175657E-1,1.458609414E2,-6.699966231E1,-4.320535387E1,1.664066883E2
1.423522887E1,2.852013176E-1,2.530316080E-1,-5.492748730E-1,7.435942352E-1,1.468582346E2,-6.823340349E1,-4.359952381E1,1.683544310E2
1.424525088E1,2.788494082E-1,2.591783781E-1,-5.517315391E-1,7.420659483E-1,1.476169084E2,-6.914836300E1,-4.381681182E1,1.697936437E2
1.425527187E1,2.747708155E-1,2.622738007E-1,-5.530250364E-1,7.415367946E-1,1.481032865E2,-6.964974350E1,-4.385864975E1,1.706281119E2
1.426529388E1,2.731159405E-1,2.622428017E-1,-5.531239761E-1,7.420851462E-1,1.483004641E2,-6.970878043E1,-4.373682450E1,1.708219193E2
1.427531587E1,2.743807885E-1,2.590426653E-1,-5.522577846E-1,7.433865355E-1,1.481497668E2,-6.935389401E1,-4.348743719E1,1.703334906E2
1.428533688E1,2.784894319E-1,2.532551865E-1,-5.505962294E-1,7.450834519E-1,1.476598601E2,-6.866227778E1,-4.316195871E1,1.692453573E2
1.429535887E1,2.845069693E-1,2.459240794E-1,-5.482884366E-1,7.469651612E-1,1.469412399E2,-6.775388146E1,-4.279499456E1,1.677767474E2
1.430538088E1,2.914435187E-1,2.377534492E-1,-5.456363461E-1,7.488757411E-1,1.461112057E2,-6.675427828E1,-4.238739672E1,1.661301374E2
1.431540187E1,2.984930427E-1,2.293045339E-1,-5.429466080E-1,7.506865804E-1,1.452657715E2,-6.576989502E1,-4.194394563E1,1.644698190E2
1.432542388E1,3.047686874E-1,2.214109244E-1,-5.405169370E-1,7.522864115E-1,1.445115037E2,-6.490668037E1,-4.149801760E1,1.629829039E2
1.433544587E1,3.092635434E-1,2.152682952E-1,-5.388310420E-1,7.534432793E-1,1.439702924E2,-6.430321304E1,-4.112214834E1,1.618997482E2
1.434546788E1,3.118498005E-1,2.113895628E-1,-5.380057646E-1,7.540649032E-1,1.436585131E2,-6.397989573E1,-4.087090325E1,1.612672470E2
1.435548887E1,3.130531352E-1,2.097504930E-1,-5.380734313E-1,7.539758469E-1,1.435133534E2,-6.391330670E1,-4.078215176E1,1.610138575E2
1.436551088E1,3.134373248E-1,2.101812654E-1,-5.388916386E-1,7.531114361E-1,1.434669955E2,-6.405356415E1,-4.087396859E1,1.610482479E2
1.437553287E1,3.134434571E-1,2.121004959E-1,-5.398301331E-1,7.518977122E-1,1.434662555E2,-6.426613575E1,-4.109946441E1,1.612394611E2
1.438555388E1,3.131282408E-1,2.148632007E-1,-5.406186374E-1,7.506770974E-1,1.435042914E2,-6.448826999E1,-4.138776673E1,1.615209617E2
1.439557587E1,3.124464734E-1,2.180360471E-1,-5.413031549E-1,7.495521980E-1,1.435865433E2,-6.471893985E1,-4.169117306E1,1.618719165E2
1.440559788E1,3.113751005E-1,2.214305648E-1,-5.420220010E-1,7.484825953E-1,1.437157600E2,-6.497856731E1,-4.199133090E1,1.622914352E2
1.441561987E1,3.102009947E-1,2.246859031E-1,-5.428389755E-1,7.474070709E-1,1.438573124E2,-6.525942919E1,-4.227130812E1,1.627236407E2
1.442564088E1,3.093651384E-1,2.275504031E-1,-5.438078156E-1,7.461816934E-1,1.439580501E2,-6.554940096E1,-4.253638345E1,1.631004531E2
1.443566287E1,3.092873985E-1,2.298052806E-1,-5.446069831E-1,7.449389725E-1,1.439674178E2,-6.577049235E1,-4.278599792E1,1.633325478E2
1.444568488E1,3.104217599E-1,2.310280555E-1,-5.450442883E-1,7.437681120E-1,1.438307009E2,-6.585783768E1,-4.300403127E1,1.633184659E2
1.445570587E1,3.127729640E-1,2.311814173E-1,-5.451291404E-1,7.426724625E-1,1.435471562E2,-6.580893419E1,-4.318745329E1,1.630530188E2
1.446572788E1,3.156776616E-1,2.306879515E-1,-5.449206926E-1,7.417493412E-1,1.431965431E2,-6.566776102E1,-4.333508319E1,1.626506772E2
1.447574987E1,3.186251171E-1,2.298637066E-1,-5.445636456E-1,7.410068401E-1,1.428404037E2,-6.548656384E1,-4.344709284E1,1.622067800E2
1.448577188E1,3.215867129E-1,2.288939920E-1,-5.442480500E-1,7.402590497E-1,1.424821805E2,-6.530690946E1,-4.354527744E1,1.617521436E2
1.449579287E1,3.247767658E-1,2.280918004E-1,-5.440181495E-1,7.392824651E-1,1.420958981E2,-6.514059988E1,-4.367900506E1,1.612868287E2
1.450581488E1,3.284697780E-1,2.275248200E-1,-5.438011143E-1,7.379839839E-1,1.416481529E2,-6.496753331E1,-4.387312789E1,1.607762432E2
1.451583687E1,3.325667888E-1,2.270598349E-1,-5.437047877E-1,7.363615831E-1,1.411507132E2,-6.480494278E1,-4.410955847E1,1.602293078E2
1.452585788E1,3.367787552E-1,2.264523197E-1,-5.436363517E-1,7.346828952E-1,1.406385210E2,-6.463725284E1,-4.433974976E1,1.596568952E2
1.453587987E1,3.408965445E-1,2.255653708E-1,-5.434719896E-1,7.331766090E-1,1.401369884E2,-6.444499599E1,-4.453091051E1,1.590665057E2
1.454590188E1,3.445721501E-1,2.247411681E-1,-5.433120633E-1,7.318287738E-1,1.396886392E2,-6.426875407E1,-4.469756698E1,1.585340683E2
1.455592387E1,3.477151881E-1,2.242314231E-1,-5.431723255E-1,7.306012258E-1,1.393047413E2,-6.412219986E1,-4.486074006E1,1.580906510E2
1.456594488E1,3.504772186E-1,2.241229687E-1,-5.431215490E-1,7.293514242E-1,1.389669866E2,-6.401523544E1,-4.504259560E1,1.577285951E2
1.457596687E1,3.531427538E-1,2.243089101E-1,-5.431084941E-1,7.280169707E-1,1.386406782E2,-6.392570919E1,-4.525046139E1,1.574006642E2
1.458598888E1,3.557992486E-1,2.247736634E-1,-5.431514417E-1,7.265468254E-1,1.383151271E2,-6.385338700E1,-4.548957715E1,1.570959002E2
1.459600987E1,3.583059746E-1,2.255524634E-1,-5.432016702E-1,7.250344279E-1,1.380076070E2,-6.379534904E1,-4.575241957E1,1.568312345E2
1.460603188E1,3.606198577E-1,2.263807754E-1,-5.432330696E-1,7.236041114E-1,1.377234630E2,-6.374108024E1,-4.600672948E1,1.565920531E2
1.461605387E1,3.627847095E-1,2.269837282E-1,-5.433018533E-1,7.222801735E-1,1.374573733E2,-6.369177642E1,-4.622771147E1,1.563580503E2
1.462607588E1,3.646375271E-1,2.275694640E-1,-5.434730748E-1,7.210330061E-1,1.372294456E2,-6.367163234E1,-4.642822934E1,1.561702917E2
1.463609687E1,3.662200569E-1,2.282234777E-1,-5.437259770E-1,7.198326638E-1,1.370346272E2,-6.367814987E1,-4.661980637E1,1.560282428E2
1.464611888E1,3.676067199E-1,2.290155645E-1,-5.440639315E-1,7.186179601E-1,1.368638140E2,-6.371155851E1,-4.681539297E1,1.559277185E2
1.465614087E1,3.687697832E-1,2.301264079E-1,-5.444971800E-1,7.173378971E-1,1.367204668E2,-6.378047848E1,-4.703288382E1,1.558862494E2
1.466616188E1,3.700923197E-1,2.312819902E-1,-5.449042343E-1,7.159746467E-1,1.365573780E2,-6.384018071E1,-4.726615105E1,1.558250683E2
1.467618387E1,3.719698038E-1,2.320430886E-1,-5.450397680E-1,7.146511408E-1,1.363256968E2,-6.381603300E1,-4.748804762E1,1.556410620E2
1.468620550E1,3.743738495E-1,2.321460955E-1,-5.447245939E-1,7.136017791E-1,1.360287636E2,-6.366629228E1,-4.766169767E1,1.553037431E2
1.469622750E1,3.771601039E-1,2.313353482E-1,-5.438688548E-1,7.130504878E-1,1.356842330E2,-6.337201640E1,-4.774494748E1,1.548067388E2
1.470624850E1,3.799784952E-1,2.298731054E-1,-5.428618823E-1,7.127942034E-1,1.353352988E2,-6.302968852E1,-4.775323733E1,1.542475450E2
1.471627050E1,3.823169920E-1,2.284974849E-1,-5.421251027E-1,7.125468646E-1,1.350454470E2,-6.276065744E1,-4.774484326E1,1.537804584E2
1.472629250E1,3.841091920E-1,2.276505862E-1,-5.416614031E-1,7.122066236E-1,1.348231021E2,-6.257919929E1,-4.776403092E1,1.534444178E2
1.473631350E1,3.856006636E-1,2.274581437E-1,-5.414624700E-1,7.116132171E-1,1.346379295E2,-6.247600642E1,-4.784236059E1,1.532133695E2
1.474633550E1,3.867767187E-1,2.281129476E-1,-5.416242190E-1,7.106415742E-1,1.344918290E2,-6.247416416E1,-4.800372828E1,1.531095810E2
1.475635750E1,3.874000600E-1,2.296022697E-1,-5.418622434E-1,7.096402599E-1,1.344143601E2,-6.253062595E1,-4.821968543E1,1.531426870E2
1.476637950E1,3.875296194E-1,2.314006652E-1,-5.419279187E-1,7.089348059E-1,1.343982556E2,-6.258393599E1,-4.842797883E1,1.532505938E2
1.477640050E1,3.874464321E-1,2.329608783E-1,-5.418142697E-1,7.085561481E-1,1.344085960E2,-6.260693470E1,-4.858862264E1,1.533576649E2
1.478642250E1,3.871624993E-1,2.344661636E-1,-5.419044956E-1,7.081458380E-1,1.344438867E2,-6.267659745E1,-4.873634724E1,1.535058542E2
1.479644450E1,3.866444303E-1,2.361490240E-1,-5.422006826E-1,7.076426889E-1,1.345082670E2,-6.280157413E1,-4.889412729E1,1.537161751E2
1.480646550E1,3.862114978E-1,2.376850870E-1,-5.424348715E-1,7.071851427E-1,1.345620557E2,-6.290840930E1,-4.903969241E1,1.539007013E2
1.481648750E1,3.860711488E-1,2.388305962E-1,-5.424585159E-1,7.068576617E-1,1.345794908E2,-6.295209036E1,-4.915605229E1,1.540011554E2
1.482650950E1,3.860386957E-1,2.396281094E-1,-5.422968301E-1,7.067294510E-1,1.345835222E2,-6.294569744E1,-4.923548613E1,1.540472744E2
1.483653150E1,3.857049349E-1,2.404044122E-1,-5.423213174E-1,7.066294365E-1,1.346249791E2,-6.298767947E1,-4.929748270E1,1.541492552E2
1.484655250E1,3.848473202E-1,2.414077495E-1,-5.426522650E-1,7.065008992E-1,1.347314759E2,-6.311846429E1,-4.935730183E1,1.543654471E2
1.485657450E1,3.837316826E-1,2.425691059E-1,-5.432870386E-1,7.062218976E-1,1.348699518E2,-6.332471487E1,-4.942613975E1,1.546547067E2
1.486659650E1,3.827910387E-1,2.436610254E-1,-5.439762450E-1,7.058258963E-1,1.349866529E2,-6.353303221E1,-4.950150169E1,1.549205571E2
1.487661750E1,3.824417151E-1,2.441843944E-1,-5.443448719E-1,7.055500979E-1,1.350299793E2,-6.363643433E1,-4.954616679E1,1.550377018E2
1.488663950E1,3.829093133E-1,2.437333705E-1,-5.441563595E-1,7.055978713E-1,1.349719819E2,-6.356536945E1,-4.952423229E1,1.549250640E2
1.489666150E1,3.837407442E-1,2.426036137E-1,-5.435898743E-1,7.059720932E-1,1.348688273E2,-6.338413926E1,-4.944109962E1,1.546818598E2
1.490668350E1,3.844783562E-1,2.413275757E-1,-5.431094002E-1,7.063778409E-1,1.347772804E2,-6.322014911E1,-4.933781228E1,1.544494073E2
1.491670450E1,3.849255026E-1,2.402811537E-1,-5.427476960E-1,7.067688267E-1,1.347217691E2,-6.309953156E1,-4.924265672E1,1.542838895E2
1.492672650E1,3.851699228E-1,2.395143972E-1,-5.423710085E-1,7.071851006E-1,1.346914206E2,-6.299371161E1,-4.916292007E1,1.541650270E2
1.493674850E1,3.852582309E-1,2.390048418E-1,-5.419712035E-1,7.076157887E-1,1.346804550E2,-6.289809148E1,-4.909925305E1,1.540838747E2
1.494676950E1,3.851458885E-1,2.387113733E-1,-5.416714973E-1,7.080052888E-1,1.346944050E2,-6.283677837E1,-4.904834930E1,1.540538394E2
1.495679150E1,3.846652880E-1,2.386450131E-1,-5.415033524E-1,7.084175271E-1,1.347540750E2,-6.282304299E1,-4.900053499E1,1.541011329E2
1.496681350E1,3.842176569E-1,2.383184698E-1,-5.413149455E-1,7.089141329E-1,1.348096399E2,-6.279651092E1,-4.892587448E1,1.541242397E2
1.497683550E1,3.838621061E-1,2.376752457E-1,-5.408709495E-1,7.096612279E-1,1.348537669E2,-6.270824962E1,-4.881414812E1,1.540917608E2
1.498685650E1,3.834839751E-1,2.371045352E-1,-5.401600586E-1,7.105972989E-1,1.349006884E2,-6.257253561E1,-4.869939266E1,1.540456327E2
1.499687850E1,3.825725600E-1,2.372997805E-1,-5.394950445E-1,7.115280172E-1,1.350137515E2,-6.248994732E1,-4.863222422E1,1.541288873E2
1.500690050E1,3.810210924E-1,2.383271626E-1,-5.389224269E-1,7.124504853E-1,1.352061084E2,-6.247545332E1,-4.861413803E1,1.543640362E2
1.501692150E1,3.789337592E-1,2.401015871E-1,-5.384400562E-1,7.133320814E-1,1.354646942E2,-6.252257259E1,-4.864329410E1,1.547310571E2
1.502694350E1,3.763168192E-1,2.426692574E-1,-5.378221834E-1,7.143141452E-1,1.357885526E2,-6.259103948E1,-4.871763448E1,1.552144595E2
1.503696550E1,3.737602019E-1,2.455101025E-1,-5.369430213E-1,7.153462267E-1,1.361045871E2,-6.261804335E1,-4.881830540E1,1.556880781E2
1.504698750E1,3.715994383E-1,2.483868989E-1,-5.360660928E-1,7.161362061E-1,1.363714147E2,-6.263282327E1,-4.895215043E1,1.561118461E2
1.505700850E1,3.698675190E-1,2.510699356E-1,-5.352592652E-1,7.167004049E-1,1.365851059E2,-6.263933918E1,-4.909828596E1,1.564706997E2
1.506703050E1,3.689407414E-1,2.526197068E-1,-5.343586397E-1,7.173052649E-1,1.366993902E2,-6.255761724E1,-4.917450586E1,1.566316164E2
1.507705250E1,3.686415409E-1,2.529394223E-1,-5.334180169E-1,7.180460800E-1,1.367362761E2,-6.240057518E1,-4.915874739E1,1.566155180E2
1.508707350E1,3.684115245E-1,2.528526736E-1,-5.326540737E-1,7.187615438E-1,1.367646296E2,-6.226115791E1,-4.910874165E1,1.565760714E2
1.509709550E1,3.680038380E-1,2.529798833E-1,-5.320967975E-1,7.193380706E-1,1.368148773E2,-6.217619599E1,-4.907637645E1,1.565936925E2
1.510711750E1,3.675541733E-1,2.534357963E-1,-5.316090215E-1,7.197680949E-1,1.368702887E2,-6.211726263E1,-4.907959358E1,1.566462985E2
1.511713950E1,3.672040489E-1,2.542336361E-1,-5.312978091E-1,7.198952625E-1,1.369134265E2,-6.209921596E1,-4.913318795E1,1.567245299E2
1.512716050E1,3.673341140E-1,2.548912323E-1,-5.307756729E-1,7.199814106E-1,1.368974023E2,-6.201552966E1,-4.919849757E1,1.567093591E2
1.513718250E1,3.679998340E-1,2.551356103E-1,-5.298657119E-1,7.202252196E-1,1.368153707E2,-6.182054599E1,-4.924352315E1,1.565584874E2
1.514720450E1,3.688861928E-1,2.550066725E-1,-5.287257766E-1,7.206549383E-1,1.367061154E2,-6.155957750E1,-4.925508496E1,1.563312601E2
1.515722550E1,3.696807979E-1,2.546457269E-1,-5.275557801E-1,7.212326346E-1,1.366081348E2,-6.128970694E1,-4.923307258E1,1.560979537E2
1.516724750E1,3.700962815E-1,2.543268755E-1,-5.262860326E-1,7.220592186E-1,1.365568893E2,-6.101953163E1,-4.918562876E1,1.559118574E2
1.517726950E1,3.701226654E-1,2.545042189E-1,-5.251454651E-1,7.228133100E-1,1.365536348E2,-6.080704998E1,-4.917015166E1,1.558247946E2
1.518729150E1,3.700111660E-1,2.555001700E-1,-5.242142515E-1,7.231948022E-1,1.365673882E2,-6.066552510E1,-4.924280811E1,1.558301602E2
1.519731250E1,3.701423691E-1,2.568715441E-1,-5.232071104E-1,7.233712711E-1,1.365512044E2,-6.050999474E1,-4.937165165E1,1.558207072E2
1.520733450E1,3.703557059E-1,2.584469301E-1,-5.223314464E-1,7.233336866E-1,1.365248875E2,-6.038181638E1,-4.953332753E1,1.558242610E2
1.521735650E1,3.701398508E-1,2.604127645E-1,-5.217270396E-1,7.231753620E-1,1.365515150E2,-6.033736681E1,-4.971805677E1,1.559371331E2
1.522737750E1,3.697819398E-1,2.621911719E-1,-5.211099465E-1,7.231607792E-1,1.365956608E2,-6.029193390E1,-4.987202725E1,1.560562145E2
1.523739950E1,3.695816896E-1,2.635808588E-1,-5.204640671E-1,7.232230406E-1,1.366203574E2,-6.022177399E1,-4.999278368E1,1.561241469E2
1.524742150E1,3.697051798E-1,2.646386393E-1,-5.197463273E-1,7.232898012E-1,1.366051278E2,-6.011209238E1,-5.009656342E1,1.561174295E2
1.525744350E1,3.702414247E-1,2.653486452E-1,-5.186698968E-1,7.235281311E-1,1.365389853E2,-5.990256611E1,-5.017825940E1,1.559971790E2
1.526746450E1,3.709089360E-1,2.659916585E-1,-5.175421104E-1,7.237576734E-1,1.364566307E2,-5.967429778E1,-5.025960309E1,1.558486615E2
1.527748650E1,3.713328911E-1,2.668906930E-1,-5.167899999E-1,7.237467574E-1,1.364043127E2,-5.953756298E1,-5.036509681E1,1.557840558E2
1.528750850E1,3.717517887E-1,2.677160758E-1,-5.161656575E-1,7.236723682E-1,1.363526095E2,-5.942300671E1,-5.046613275E1,1.557258369E2
1.529752950E1,3.724201007E-1,2.681155120E-1,-5.156271367E-1,7.235646935E-1,1.362701024E2,-5.929908766E1,-5.053902593E1,1.556103554E2
1.530755150E1,3.734882810E-1,2.679186125E-1,-5.151094786E-1,7.234559441E-1,1.361381797E2,-5.914066093E1,-5.057254484E1,1.553990667E2
1.531757350E1,3.749086719E-1,2.672023373E-1,-5.145256078E-1,7.234015325E-1,1.359626634E2,-5.893614456E1,-5.056894109E1,1.550966640E2
1.532759550E1,3.764016186E-1,2.663198034E-1,-5.140661017E-1,7.232783584E-1,1.357780641E2,-5.874733589E1,-5.055522608E1,1.547838294E2
1.533761650E1,3.777018805E-1,2.656972101E-1,-5.136072069E-1,7.231555108E-1,1.356171914E2,-5.857617753E1,-5.055741695E1,1.545159145E2
1.534763850E1,3.786952291E-1,2.656490152E-1,-5.130712465E-1,7.230342649E-1,1.354942289E2,-5.842199734E1,-5.060075589E1,1.543227244E2
1.535766050E1,3.793933389E-1,2.662379542E-1,-5.124802001E-1,7.228706614E-1,1.354077805E2,-5.828969993E1,-5.069404365E1,1.542081063E2
1.536768150E1,3.798987534E-1,2.670608293E-1,-5.118178203E-1,7.227710368E-1,1.353451773E2,-5.815963757E1,-5.079828486E1,1.541297256E2
1.537770350E1,3.802215877E-1,2.678751275E-1,-5.111013028E-1,7.228068721E-1,1.353051820E2,-5.802794921E1,-5.088737894E1,1.540721231E2
1.538772550E1,3.804340394E-1,2.686845998E-1,-5.102379667E-1,7.230046778E-1,1.352788587E2,-5.787334434E1,-5.096343889E1,1.540170278E2
1.539774750E1,3.804219222E-1,2.697189362E-1,-5.093479412E-1,7.232534074E-1,1.352803601E2,-5.773130405E1,-5.104905886E1,1.540063600E2
1.540776850E1,3.800147204E-1,2.712492461E-1,-5.087575060E-1,7.233107061E-1,1.353308110E2,-5.768148583E1,-5.117510665E1,1.541113983E2
1.541779050E1,3.796449661E-1,2.727767954E-1,-5.082443470E-1,7.232912764E-1,1.353766144E2,-5.764502964E1,-5.130628325E1,1.542177741E2
1.542781250E1,3.798829905E-1,2.736799391E-1,-5.074098183E-1,7.234110788E-1,1.353471300E2,-5.749664171E1,-5.139618393E1,1.541660527E2
1.543783350E1,3.805327895E-1,2.743207609E-1,-5.065042301E-1,7.234614232E-1,1.352666225E2,-5.730470507E1,-5.148120527E1,1.540299570E2
1.544785550E1,3.811270074E-1,2.753274594E-1,-5.058513122E-1,7.232230090E-1,1.351929809E2,-5.717438497E1,-5.161291971E1,1.539471960E2
1.545787750E1,3.817313511E-1,2.763849133E-1,-5.052067288E-1,7.229514569E-1,1.351180643E2,-5.704601916E1,-5.175141739E1,1.538661705E2
1.546789950E1,3.825353338E-1,2.771732385E-1,-5.043652986E-1,7.228120456E-1,1.350183685E2,-5.686031861E1,-5.186550636E1,1.537198071E2
1.547792050E1,3.831616149E-1,2.783006667E-1,-5.035949385E-1,7.225843894E-1,1.349406832E2,-5.670693007E1,-5.200904493E1,1.536268093E2
1.548794250E1,3.835155431E-1,2.798221153E-1,-5.027893120E-1,7.223698831E-1,1.348967715E2,-5.657218922E1,-5.217851901E1,1.535952680E2
1.549796450E1,3.838346895E-1,2.812973603E-1,-5.016396092E-1,7.224267708E-1,1.348571692E2,-5.637046116E1,-5.232842823E1,1.535336988E2
1.550798550E1,3.840408192E-1,2.827351790E-1,-5.003336259E-1,7.226616657E-1,1.348315879E2,-5.614295886E1,-5.246119147E1,1.534714768E2
1.551800750E1,3.840464669E-1,2.843226822E-1,-4.990495800E-1,7.229234819E-1,1.348308870E2,-5.593489691E1,-5.259895502E1,1.534500225E2
1.552802950E1,3.841474191E-1,2.860032035E-1,-4.975939543E-1,7.232103650E-1,1.348183576E2,-5.568974937E1,-5.274790115E1,1.534028723E2
1.553805150E1,3.845985379E-1,2.876232335E-1,-4.960530761E-1,7.233866442E-1,1.347623615E2,-5.540475269E1,-5.290990410E1,1.532890250E2
1.554807250E1,3.854495355E-1,2.890219399E-1,-4.945981458E-1,7.233723458E-1,1.346566984E2,-5.510543803E1,-5.307534418E1,1.531062954E2
1.555809450E1,3.864692047E-1,2.902265074E-1,-4.932987479E-1,7.232333771E-1,1.345300388E2,-5.481971084E1,-5.323455961E1,1.528982816E2
1.556811650E1,3.875793106E-1,2.909990486E-1,-4.921591919E-1,7.231052929E-1,1.343920787E2,-5.454705119E1,-5.335484558E1,1.526635784E2
1.557813750E1,3.886710299E-1,2.912934759E-1,-4.909412429E-1,7.232286672E-1,1.342563355E2,-5.424672341E1,-5.341493489E1,1.523947540E2
1.558815950E1,3.895501710E-1,2.917516965E-1,-4.896923474E-1,7.234176959E-1,1.341469748E2,-5.395699218E1,-5.347874609E1,1.521650358E2
1.559818150E1,3.901118515E-1,2.929030535E-1,-4.884547579E-1,7.234863636E-1,1.340770814E2,-5.370549742E1,-5.360317791E1,1.520252519E2
1.560820350E1,3.904343697E-1,2.944382209E-1,-4.871256887E-1,7.235852296E-1,1.340369403E2,-5.345941360E1,-5.375377074E1,1.519352009E2
1.561822450E1,3.905659522E-1,2.960585143E-1,-4.857204284E-1,7.237977340E-1,1.340205616E2,-5.321174057E1,-5.389949462E1,1.518717267E2
1.562824650E1,3.906052014E-1,2.978718403E-1,-4.842935047E-1,7.239887751E-1,1.340156759E2,-5.296959831E1,-5.406144317E1,1.518305094E2
1.563826850E1,3.908660272E-1,3.000147125E-1,-4.830775260E-1,7.237755753E-1,1.339832062E2,-5.276158429E1,-5.428432285E1,1.517910981E2
1.564828950E1,3.915677511E-1,3.021866239E-1,-4.819362736E-1,7.232533969E-1,1.338958306E2,-5.253843375E1,-5.454154895E1,1.516875004E2
1.565831150E1,3.927319630E-1,3.038733724E-1,-4.806081105E-1,7.227991066E-1,1.337508054E2,-5.223310483E1,-5.476366072E1,1.514607264E2
1.566833350E1,3.939436744E-1,3.054227907E-1,-4.794619533E-1,7.222476677E-1,1.335997800E2,-5.195510203E1,-5.497920379E1,1.512334212E2
1.567835550E1,3.948473133E-1,3.073089991E-1,-4.784529051E-1,7.216228723E-1,1.334870965E2,-5.173141732E1,-5.522057432E1,1.510859236E2
1.568837675E1,3.957375812E-1,3.092395566E-1,-4.770894756E-1,7.212131628E-1,1.333760339E2,-5.143610798E1,-5.545284460E1,1.509047297E2
1.569839875E1,3.966207790E-1,3.112973659E-1,-4.756368950E-1,7.208019255E-1,1.332658074E2,-5.112344958E1,-5.569635401E1,1.507191661E2
1.570842075E1,3.975216995E-1,3.134446004E-1,-4.742575762E-1,7.202837826E-1,1.331533218E2,-5.082345011E1,-5.595452435E1,1.505392391E2
1.571844175E1,3.987489630E-1,3.153063320E-1,-4.728253209E-1,7.197342404E-1,1.330000132E2,-5.047908144E1,-5.619652616E1,1.502797822E2
1.572846375E1,4.002992611E-1,3.169357924E-1,-4.714090393E-1,7.190867278E-1,1.328062239E2,-5.010481684E1,-5.643074007E1,1.499503713E2
1.573848575E1,4.018232806E-1,3.188227068E-1,-4.703793918E-1,7.180761413E-1,1.326155797E2,-4.981264438E1,-5.670932854E1,1.496739225E2
1.574850775E1,4.034509708E-1,3.206356851E-1,-4.695040966E-1,7.169282508E-1,1.324118133E2,-4.953854791E1,-5.699145466E1,1.493873435E2
1.575852875E1,4.050820749E-1,3.222777896E-1,-4.684308903E-1,7.159735193E-1,1.322074590E2,-4.921594259E1,-5.724487710E1,1.490660607E2
1.576855075E1,4.066838764E-1,3.239170122E-1,-4.671819475E-1,7.151412349E-1,1.320066188E2,-4.885487751E1,-5.748849671E1,1.487260552E2
1.577857275E1,4.082633085E-1,3.255430376E-1,-4.658489269E-1,7.143721182E-1,1.318084297E2,-4.847337286E1,-5.772509432E1,1.483751678E2
1.578859375E1,4.097862111E-1,3.270426172E-1,-4.643759841E-1,7.137740017E-1,1.316171887E2,-4.806087078E1,-5.793633929E1,1.480083420E2
1.579861575E1,4.112911697E-1,3.285095172E-1,-4.627518764E-1,7.132893340E-1,1.314280602E2,-4.761336941E1,-5.813520151E1,1.476217623E2
1.580863775E1,4.128734151E-1,3.301205700E-1,-4.612964298E-1,7.125739650E-1,1.312290670E2,-4.719157396E1,-5.836259916E1,1.472402646E2
1.581865975E1,4.145845666E-1,3.318597333E-1,-4.602268113E-1,7.114633218E-1,1.310136852E2,-4.683548761E1,-5.862938831E1,1.468767889E2
1.582868075E1,4.163894527E-1,3.334117541E-1,-4.594354568E-1,7.101939535E-1,1.307863051E2,-4.652194765E1,-5.889058340E1,1.465132021E2
1.583870275E1,4.182592449E-1,3.345814029E-1,-4.589686488E-1,7.088457707E-1,1.305505299E2,-4.626213052E1,-5.912277678E1,1.461533960E2
1.584872475E1,4.200574508E-1,3.354726139E-1,-4.586790420E-1,7.075475108E-1,1.303235707E2,-4.604000085E1,-5.932430009E1,1.458122355E2
1.585874575E1,4.218350995E-1,3.360314231E-1,-4.582477691E-1,7.065033858E-1,1.300990014E2,-4.578367105E1,-5.947692225E1,1.454431617E2
1.586876775E1,4.235730037E-1,3.365392979E-1,-4.578241880E-1,7.054957179E-1,1.298792548E2,-4.552966521E1,-5.962087739E1,1.450777634E2
1.587878975E1,4.250453090E-1,3.375037811E-1,-4.574516995E-1,7.043902587E-1,1.296929373E2,-4.531273673E1,-5.980789985E1,1.447827211E2
1.588881175E1,4.264228050E-1,3.384804658E-1,-4.568330944E-1,7.034899494E-1,1.295184888E2,-4.504975295E1,-5.997914024E1,1.444752986E2
1.589883275E1,4.279560757E-1,3.392043538E-1,-4.562858860E-1,7.025647734E-1,1.293241653E2,-4.478234171E1,-6.013104192E1,1.441338928E2
1.590885475E1,4.295140867E-1,3.400077991E-1,-4.560819374E-1,7.013570027E-1,1.291265464E2,-4.458351168E1,-6.031034245E1,1.438265942E2
1.591887675E1,4.310857427E-1,3.407841704E-1,-4.561283569E-1,6.999844485E-1,1.289270323E2,-4.443436254E1,-6.049911644E1,1.435418015E2
1.592889775E1,4.324055818E-1,3.415361650E-1,-4.563964003E-1,6.986278573E-1,1.287593569E2,-4.435689695E1,-6.068136522E1,1.433302756E2
1.593891975E1,4.329712662E-1,3.429522201E-1,-4.570953584E-1,6.971250798E-1,1.286874550E2,-4.445251944E1,-6.092442890E1,1.433407029E2
1.594894175E1,4.330544536E-1,3.449227328E-1,-4.580604580E-1,6.954657689E-1,1.286768796E2,-4.466103333E1,-6.122230400E1,1.434995176E2
1.595896375E1,4.333315269E-1,3.466675755E-1,-4.586459146E-1,6.940384238E-1,1.286416524E2,-4.476752978E1,-6.148506501E1,1.435685121E2
1.596898475E1,4.338461189E-1,3.480506190E-1,-4.588529874E-1,6.928869087E-1,1.285762133E2,-4.476382905E1,-6.169821827E1,1.435316137E2
1.597900675E1,4.342530783E-1,3.492240610E-1,-4.591189445E-1,6.918645209E-1,1.285244488E2,-4.478407901E1,-6.188203107E1,1.435174115E2
1.598902875E1,4.343424507E-1,3.501614807E-1,-4.594060594E-1,6.911437045E-1,1.285130792E2,-4.484328950E1,-6.201896169E1,1.435645413E2
1.599904975E1,4.339703994E-1,3.513462708E-1,-4.599570451E-1,6.904093167E-1,1.285604062E2,-4.501552393E1,-6.217298345E1,1.437499283E2
1.600907175E1,4.328570799E-1,3.535207215E-1,-4.610524312E-1,6.892666840E-1,1.287019705E2,-4.540453996E1,-6.243417091E1,1.441961388E2
1.601909375E1,4.313942576E-1,3.561324774E-1,-4.626301563E-1,6.877804913E-1,1.288878484E2,-4.595776727E1,-6.275210042E1,1.448031694E2
1.602911575E1,4.300839964E-1,3.580387952E-1,-4.646080078E-1,6.862764389E-1,1.290542182E2,-4.659181005E1,-6.300777424E1,1.454167646E2
1.603913675E1,4.290482060E-1,3.589527496E-1,-4.668119087E-1,6.849505728E-1,1.291856559E2,-4.724335310E1,-6.316362676E1,1.459720849E2
1.604915875E1,4.280483984E-1,3.595253514E-1,-4.690600268E-1,6.837389352E-1,1.293124596E2,-4.790180435E1,-6.327863099E1,1.465169811E2
1.605918075E1,4.273573903E-1,3.596974212E-1,-4.709762491E-1,6.827626983E-1,1.294000600E2,-4.844225524E1,-6.334529605E1,1.469364153E2
1.606920175E1,4.276007567E-1,3.585924994E-1,-4.723231781E-1,6.822608031E-1,1.293692116E2,-4.871371189E1,-6.328308623E1,1.470201891E2
1.607922375E1,4.287246867E-1,3.559862437E-1,-4.729497121E-1,6.824862466E-1,1.292266945E2,-4.868066704E1,-6.305499388E1,1.467470705E2
1.608924575E1,4.305294043E-1,3.523351359E-1,-4.730552583E-1,6.831713963E-1,1.289976757E2,-4.843267035E1,-6.271521176E1,1.462166631E2
1.609926775E1,4.328580176E-1,3.487381132E-1,-4.730275678E-1,6.835646264E-1,1.287018513E2,-4.810935352E1,-6.240915883E1,1.455729460E2
1.610928875E1,4.359689081E-1,3.457248242E-1,-4.727912504E-1,6.832817051E-1,1.283060739E2,-4.767460092E1,-6.221456005E1,1.447763709E2
1.611931075E1,4.401813171E-1,3.427215557E-1,-4.723902337E-1,6.823706588E-1,1.277690991E2,-4.709370024E1,-6.207984583E1,1.437406002E2
1.612933275E1,4.453207565E-1,3.388294628E-1,-4.724630635E-1,6.809278352E-1,1.271122750E2,-4.652366782E1,-6.191279682E1,1.425491024E2
1.613935375E1,4.504530941E-1,3.339570237E-1,-4.732864548E-1,6.793854818E-1,1.264544846E2,-4.613341363E1,-6.166140495E1,1.414302615E2
1.614937575E1,4.550200002E-1,3.286975554E-1,-4.744280918E-1,6.781096546E-1,1.258675578E2,-4.589130798E1,-6.134636840E1,1.404671455E2
1.615939775E1,4.591499699E-1,3.241881798E-1,-4.754640613E-1,6.767697220E-1,1.253354596E2,-4.568610187E1,-6.109473425E1,1.396123173E2
1.616941975E1,4.629319014E-1,3.214277983E-1,-4.762147125E-1,6.749799034E-1,1.248470797E2,-4.545704208E1,-6.102422071E1,1.388461089E2
1.617944075E1,4.663487886E-1,3.200006796E-1,-4.765125485E-1,6.730930311E-1,1.244049034E2,-4.516248415E1,-6.107132580E1,1.381351328E2
1.618946275E1,4.693762283E-1,3.188817545E-1,-4.762936483E-1,6.716730722E-1,1.240123724E2,-4.479531634E1,-6.110306847E1,1.374512661E2
1.619948475E1,4.715115773E-1,3.184085087E-1,-4.762398057E-1,6.704390757E-1,1.237350778E2,-4.455383449E1,-6.116974598E1,1.369851953E2
1.620950675E1,4.722729601E-1,3.191917868E-1,-4.767993262E-1,6.691317226E-1,1.236361185E2,-4.458042108E1,-6.134482063E1,1.369017039E2
1.621952775E1,4.723571695E-1,3.207903904E-1,-4.776243349E-1,6.677178644E-1,1.236251708E2,-4.473122762E1,-6.159577606E1,1.370083919E2
1.622954975E1,4.721661916E-1,3.229343953E-1,-4.787338138E-1,6.660227708E-1,1.236499983E2,-4.497273830E1,-6.191463714E1,1.372205690E2
1.623957175E1,4.719639921E-1,3.250517371E-1,-4.795977716E-1,6.645129653E-1,1.236762816E2,-4.516667821E1,-6.221560233E1,1.374098389E2
1.624959275E1,4.725481474E-1,3.258453833E-1,-4.800229279E-1,6.634010472E-1,1.236003403E2,-4.518651105E1,-6.237486207E1,1.373505594E2
1.625961475E1,4.741006477E-1,3.248208514E-1,-4.802964030E-1,6.625974122E-1,1.233983811E2,-4.507660304E1,-6.235859959E1,1.370250827E2
1.626963675E1,4.758808357E-1,3.229115043E-1,-4.808955731E-1,6.618195605E-1,1.231665667E2,-4.502282527E1,-6.226583343E1,1.366726494E2
1.627965875E1,4.773139761E-1,3.210055184E-1,-4.818210547E-1,6.610411292E-1,1.229797600E2,-4.508317588E1,-6.217231881E1,1.364356282E2
1.628967975E1,4.782177310E-1,3.195949846E-1,-4.828185494E-1,6.603432196E-1,1.228618724E2,-4.521562311E1,-6.211272650E1,1.363315224E2
1.629970175E1,4.787228399E-1,3.187253950E-1,-4.838101963E-1,6.596714620E-1,1.227959563E2,-4.538659357E1,-6.209564699E1,1.363231645E2
1.630972375E1,4.791378915E-1,3.181820062E-1,-4.845799136E-1,6.590671711E-1,1.227417770E2,-4.551519744E1,-6.210026883E1,1.363140545E2
1.631974475E1,4.796399131E-1,3.179351785E-1,-4.850509626E-1,6.584741965E-1,1.226762264E2,-4.556443488E1,-6.212917993E1,1.362562205E2
1.632976675E1,4.801148554E-1,3.180847418E-1,-4.849762521E-1,6.581108591E-1,1.226141927E2,-4.549137508E1,-6.217269981E1,1.361468512E2
1.633978875E1,4.801128640E-1,3.188497282E-1,-4.845613374E-1,6.580477758E-1,1.226144528E2,-4.539067446E1,-6.224228973E1,1.361120841E2
1.634981075E1,4.797629082E-1,3.198561897E-1,-4.838478808E-1,6.583393161E-1,1.226601634E2,-4.526109128E1,-6.230230717E1,1.361217614E2
1.635983175E1,4.794165559E-1,3.206419808E-1,-4.828398915E-1,6.589493390E-1,1.227053934E2,-4.506830030E1,-6.231761790E1,1.360912316E2
1.636985375E1,4.793242438E-1,3.208322317E-1,-4.818856026E-1,6.596220132E-1,1.227174468E2,-4.486530832E1,-6.227797971E1,1.360010215E2
1.637987575E1,4.792842464E-1,3.206351003E-1,-4.815356678E-1,6.600023885E-1,1.227226691E2,-4.479527458E1,-6.222996681E1,1.359649360E2
1.638989675E1,4.787808023E-1,3.206707091E-1,-4.822529703E-1,6.598267626E-1,1.227883909E2,-4.501219223E1,-6.224674200E1,1.361609251E2
1.639991875E1,4.779318173E-1,3.211585484E-1,-4.836667969E-1,6.591697565E-1,1.228991747E2,-4.541943738E1,-6.233970079E1,1.365246273E2
1.640994075E1,4.770558793E-1,3.221481353E-1,-4.853684548E-1,6.580696816E-1,1.230134145E2,-4.589274454E1,-6.250952605E1,1.369423080E2
1.641996275E1,4.768469152E-1,3.228157730E-1,-4.863451343E-1,6.571722066E-1,1.230406585E2,-4.613195624E1,-6.263738366E1,1.371224074E2
1.642998375E1,4.774452003E-1,3.226050019E-1,-4.863410408E-1,6.568442514E-1,1.229626469E2,-4.606275798E1,-6.264853169E1,1.369863780E2
1.644000575E1,4.780201992E-1,3.222762459E-1,-4.859225331E-1,6.568972406E-1,1.228876445E2,-4.590373808E1,-6.261879831E1,1.368019243E2
1.645002775E1,4.777365088E-1,3.228994608E-1,-4.855532951E-1,6.570705905E-1,1.229246522E2,-4.584819902E1,-6.265647373E1,1.368317878E2
1.646004875E1,4.764453401E-1,3.246924194E-1,-4.854130831E-1,6.572280933E-1,1.230930045E2,-4.595342172E1,-6.279037356E1,1.371360999E2
1.647007075E1,4.746237006E-1,3.270677420E-1,-4.855623567E-1,6.572581546E-1,1.233302959E2,-4.618617092E1,-6.298084361E1,1.376086765E2
1.648009275E1,4.730894289E-1,3.293393676E-1,-4.861520807E-1,6.567938227E-1,1.235299487E2,-4.649243188E1,-6.320217643E1,1.380763753E2
1.649011475E1,4.721678353E-1,3.312813416E-1,-4.870712876E-1,6.557986619E-1,1.236497846E2,-4.680994648E1,-6.343998697E1,1.384489945E2
1.650013575E1,4.720594442E-1,3.323934705E-1,-4.881380665E-1,6.545194945E-1,1.236638745E2,-4.707142064E1,-6.363411958E1,1.386435821E2
1.651015775E1,4.729700374E-1,3.322566829E-1,-4.891905365E-1,6.531443587E-1,1.235454771E2,-4.721009656E1,-6.373644614E1,1.385774645E2
1.652017975E1,4.746334365E-1,3.313382187E-1,-4.900478034E-1,6.517601403E-1,1.233290284E2,-4.721243768E1,-6.377844821E1,1.382959190E2
1.653020075E1,4.767007236E-1,3.303157573E-1,-4.906479535E-1,6.503171323E-1,1.230597163E2,-4.710491785E1,-6.381896517E1,1.378863611E2
1.654022275E1,4.790880528E-1,3.292404753E-1,-4.908790341E-1,6.489323923E-1,1.227482835E2,-4.687092166E1,-6.385193261E1,1.373535902E2
1.655024475E1,4.815013972E-1,3.281697609E-1,-4.907875912E-1,6.477564795E-1,1.224329868E2,-4.655739025E1,-6.386751510E1,1.367713291E2
1.656026675E1,4.838347942E-1,3.273084690E-1,-4.905634332E-1,6.466224131E-1,1.221276811E2,-4.622090861E1,-6.389553639E1,1.361934217E2
1.657028775E1,4.863962637E-1,3.267005955E-1,-4.903329216E-1,6.451812912E-1,1.217920153E2,-4.585069753E1,-6.396869881E1,1.355656443E2
1.658030975E1,4.892007519E-1,3.262676526E-1,-4.902094419E-1,6.433714687E-1,1.214238743E2,-4.546949921E1,-6.408511261E1,1.348950278E2
1.659033175E1,4.918633263E-1,3.258922559E-1,-4.902450507E-1,6.415018450E-1,1.210737473E2,-4.513867566E1,-6.420912685E1,1.342737885E2
1.660035275E1,4.937412002E-1,3.258575216E-1,-4.906876821E-1,6.397359131E-1,1.208264443E2,-4.499602651E1,-6.435209820E1,1.338892103E2
1.661037475E1,4.948839277E-1,3.263101524E-1,-4.911621977E-1,6.382564323E-1,1.206758066E2,-4.494735241E1,-6.451203088E1,1.336855568E2
1.662039675E1,4.958463774E-1,3.272347910E-1,-4.911330953E-1,6.370573703E-1,1.205488462E2,-4.479458454E1,-6.468730033E1,1.334622959E2
1.663041875E1,4.970970113E-1,3.285852129E-1,-4.906972600E-1,6.357219368E-1,1.203837501E2,-4.449563118E1,-6.490771887E1,1.331169646E2
1.664043975E1,4.985027563E-1,3.301902756E-1,-4.899508130E-1,6.343639864E-1,1.201980150E2,-4.409064626E1,-6.514921040E1,1.326884392E2
1.665046175E1,4.995369662E-1,3.319497643E-1,-4.890595494E-1,6.333189027E-1,1.200612587E2,-4.369288521E1,-6.537670270E1,1.323248027E2
1.666048375E1,4.995273672E-1,3.342936243E-1,-4.885379505E-1,6.324956799E-1,1.200625284E2,-4.351303454E1,-6.563761900E1,1.322659053E2
1.667050575E1,4.988209228E-1,3.369659505E-1,-4.884162673E-1,6.317288390E-1,1.201559530E2,-4.352155676E1,-6.592422268E1,1.324352526E2
1.668052675E1,4.982231646E-1,3.394858420E-1,-4.884546051E-1,6.308210275E-1,1.202349700E2,-4.355886617E1,-6.620976249E1,1.326002880E2
1.669054888E1,4.980690757E-1,3.418483309E-1,-4.883222746E-1,6.297684521E-1,1.202553338E2,-4.349347050E1,-6.649238020E1,1.326288121E2
1.670057087E1,4.982894142E-1,3.438640040E-1,-4.880111044E-1,6.287372083E-1,1.202262141E2,-4.333434194E1,-6.674281807E1,1.325329757E2
1.671059188E1,4.992053442E-1,3.447721895E-1,-4.875368628E-1,6.278806210E-1,1.201051202E2,-4.305185577E1,-6.688424336E1,1.322278788E2
1.672061387E1,5.006895718E-1,3.447258807E-1,-4.868576558E-1,6.272508786E-1,1.199087356E2,-4.265240709E1,-6.692437527E1,1.317418766E2
1.673063588E1,5.018709743E-1,3.448651181E-1,-4.862792482E-1,6.266784981E-1,1.197522799E2,-4.231876288E1,-6.697554369E1,1.313477264E2
1.674065787E1,5.021725245E-1,3.458611745E-1,-4.861513325E-1,6.259869210E-1,1.197123251E2,-4.220822540E1,-6.711287568E1,1.312450751E2
1.675067888E1,5.021831508E-1,3.472631368E-1,-4.862425489E-1,6.251308289E-1,1.197109170E2,-4.218511672E1,-6.729960301E1,1.312482325E2
1.676070087E1,5.024013819E-1,3.487078254E-1,-4.862397039E-1,6.241526901E-1,1.196819965E2,-4.210296611E1,-6.749840110E1,1.311810791E2
1.677072288E1,5.029857954E-1,3.496670192E-1,-4.860699206E-1,6.232771262E-1,1.196045280E2,-4.193270543E1,-6.764596421E1,1.309917235E2
1.678074387E1,5.038641515E-1,3.497252450E-1,-4.856382737E-1,6.228712363E-1,1.194880376E2,-4.167621033E1,-6.767725712E1,1.306888839E2
1.679076588E1,5.046822218E-1,3.492436962E-1,-4.850752550E-1,6.229177664E-1,1.193794804E2,-4.141597620E1,-6.762585830E1,1.303882553E2
1.680078787E1,5.050674598E-1,3.489590469E-1,-4.846402890E-1,6.231037025E-1,1.193283388E2,-4.125395763E1,-6.758217375E1,1.302233000E2
1.681080988E1,5.048537648E-1,3.494238424E-1,-4.845559110E-1,6.230820495E-1,1.193567092E2,-4.125165657E1,-6.762304048E1,1.302643651E2
1.682083087E1,5.044084991E-1,3.502154972E-1,-4.846759768E-1,6.229048062E-1,1.194158098E2,-4.132728094E1,-6.770626386E1,1.303950040E2
1.683085288E1,5.041495752E-1,3.506143486E-1,-4.846540868E-1,6.229069715E-1,1.194501689E2,-4.135094278E1,-6.774032442E1,1.304585345E2
1.684087487E1,5.043827000E-1,3.501346700E-1,-4.843908850E-1,6.231928431E-1,1.194192336E2,-4.126362956E1,-6.767432797E1,1.303615601E2
1.685089588E1,5.047773789E-1,3.489607381E-1,-4.839437649E-1,6.238786408E-1,1.193668492E2,-4.113021652E1,-6.751595062E1,1.302024456E2
1.686091787E1,5.046131589E-1,3.478760889E-1,-4.837311341E-1,6.247815264E-1,1.193886473E2,-4.114568233E1,-6.735190362E1,1.302290472E2
1.687093988E1,5.036857228E-1,3.473622451E-1,-4.839641956E-1,6.256347841E-1,1.195117070E2,-4.137435159E1,-6.724622900E1,1.305179688E2
1.688096187E1,5.022260721E-1,3.474839283E-1,-4.843837622E-1,6.264153648E-1,1.197052293E2,-4.171142181E1,-6.720232147E1,1.309685017E2
1.689098288E1,5.005407302E-1,3.481676766E-1,-4.847756858E-1,6.270812586E-1,1.199284382E2,-4.205913334E1,-6.721414635E1,1.314707136E2
1.690100487E1,4.989714924E-1,3.489848513E-1,-4.849239268E-1,6.277625466E-1,1.201360444E2,-4.232420029E1,-6.723292261E1,1.319064296E2
1.691102688E1,4.976511265E-1,3.495247525E-1,-4.848820328E-1,6.285421685E-1,1.203105579E2,-4.251023860E1,-6.721821066E1,1.322492004E2
1.692104787E1,4.965976608E-1,3.497376889E-1,-4.848381052E-1,6.292903225E-1,1.204496856E2,-4.266160418E1,-6.717766549E1,1.325208679E2
1.693106988E1,4.958626513E-1,3.494471549E-1,-4.845315027E-1,6.302667491E-1,1.205466987E2,-4.270924071E1,-6.707448006E1,1.326694723E2
1.694109187E1,4.956313442E-1,3.482582291E-1,-4.838979987E-1,6.315921041E-1,1.205772190E2,-4.261925952E1,-6.686538876E1,1.326380329E2
1.695111388E1,4.953015872E-1,3.469048886E-1,-4.833761417E-1,6.329935711E-1,1.206207214E2,-4.257733050E1,-6.663702423E1,1.326487527E2
1.696113487E1,4.946724717E-1,3.457708328E-1,-4.830537710E-1,6.343505627E-1,1.207036899E2,-4.262431915E1,-6.643206688E1,1.327645051E2
1.697115688E1,4.941899167E-1,3.443837694E-1,-4.823255683E-1,6.360331228E-1,1.207673066E2,-4.255624951E1,-6.617731673E1,1.327847024E2
1.698117887E1,4.938496072E-1,3.428685112E-1,-4.814839747E-1,6.377515499E-1,1.208121586E2,-4.244391791E1,-6.590800147E1,1.327536319E2
1.699119988E1,4.932416758E-1,3.419422921E-1,-4.810410957E-1,6.390521227E-1,1.208922577E2,-4.245184689E1,-6.572418898E1,1.328451902E2
1.700122187E1,4.920156977E-1,3.419027531E-1,-4.811511885E-1,6.399349411E-1,1.210536923E2,-4.265815261E1,-6.565209788E1,1.331663851E2
1.701124388E1,4.902511830E-1,3.423333516E-1,-4.815027512E-1,6.407939729E-1,1.212858151E2,-4.298771101E1,-6.562237053E1,1.336543917E2
1.702126587E1,4.884547790E-1,3.425747213E-1,-4.817859411E-1,6.418230514E-1,1.215218616E2,-4.330838648E1,-6.556151769E1,1.341383357E2
1.703128688E1,4.865982577E-1,3.427688023E-1,-4.819166437E-1,6.430304269E-1,1.217655219E2,-4.360001673E1,-6.548064568E1,1.346134603E2
1.704130887E1,4.843997727E-1,3.432697492E-1,-4.816029974E-1,6.446558833E-1,1.220536907E2,-4.382549373E1,-6.538931915E1,1.351111444E2
1.705133088E1,4.819912437E-1,3.440521422E-1,-4.809327150E-1,6.465417072E-1,1.223689315E2,-4.398799932E1,-6.529871885E1,1.356109811E2
1.706135287E1,4.797513389E-1,3.450862152E-1,-4.804180599E-1,6.480376358E-1,1.226616744E2,-4.415954791E1,-6.526053326E1,1.360926646E2
1.707137388E1,4.778806194E-1,3.460061017E-1,-4.800182654E-1,6.492243962E-1,1.229058536E2,-4.430891320E1,-6.523780671E1,1.364989202E2
1.708139587E1,4.764696377E-1,3.463241103E-1,-4.799327389E-1,6.501543981E-1,1.230898376E2,-4.447739291E1,-6.518601139E1,1.368286589E2
1.709141788E1,4.758421028E-1,3.455910870E-1,-4.800555601E-1,6.509129254E-1,1.231716132E2,-4.459914881E1,-6.506147437E1,1.369820984E2
1.710143887E1,4.756938776E-1,3.442072268E-1,-4.800538005E-1,6.517553092E-1,1.231909241E2,-4.463177640E1,-6.487654673E1,1.369925940E2
1.711146088E1,4.752923393E-1,3.431838381E-1,-4.798509687E-1,6.527366196E-1,1.232432282E2,-4.464640047E1,-6.470988892E1,1.370410105E2
1.712148287E1,4.743865719E-1,3.427228412E-1,-4.794957498E-1,6.538978812E-1,1.233611654E2,-4.468543647E1,-6.457448230E1,1.371959044E2
1.713150488E1,4.732034466E-1,3.421230546E-1,-4.788051685E-1,6.555729444E-1,1.235151181E2,-4.468146599E1,-6.438478435E1,1.373661962E2
1.714152587E1,4.718170893E-1,3.415045971E-1,-4.782671165E-1,6.572852655E-1,1.236953750E2,-4.473853104E1,-6.418977386E1,1.376017713E2
1.715154788E1,4.705764968E-1,3.413757173E-1,-4.778770000E-1,6.585240878E-1,1.238565506E2,-4.480612759E1,-6.407454553E1,1.378312170E2
1.716156987E1,4.693666188E-1,3.418534781E-1,-4.776320583E-1,6.593168806E-1,1.240136195E2,-4.489862280E1,-6.404638263E1,1.380841876E2
1.717159088E1,4.679276095E-1,3.424016611E-1,-4.777650527E-1,6.599586401E-1,1.242002859E2,-4.510814199E1,-6.403488524E1,1.384405988E2
1.718161287E1,4.666673134E-1,3.425673193E-1,-4.782419654E-1,6.604194105E-1,1.243636376E2,-4.537771445E1,-6.400548401E1,1.387933052E2
1.719163488E1,4.660334037E-1,3.422438897E-1,-4.783717724E-1,6.609405352E-1,1.244457546E2,-4.548840876E1,-6.393291607E1,1.389457914E2
1.720165687E1,4.658751844E-1,3.416077304E-1,-4.778572384E-1,6.617529579E-1,1.244662456E2,-4.538931713E1,-6.381364776E1,1.388975009E2
1.721167788E1,4.657766451E-1,3.410421987E-1,-4.771506939E-1,6.626232060E-1,1.244790065E2,-4.523847833E1,-6.369609737E1,1.388128329E2
1.722169987E1,4.656621216E-1,3.406070588E-1,-4.764858010E-1,6.634055885E-1,1.244938363E2,-4.509974791E1,-6.359642699E1,1.387411679E2
1.723172188E1,4.654637574E-1,3.403940276E-1,-4.759341199E-1,6.640498663E-1,1.245195205E2,-4.499714378E1,-6.352608186E1,1.387086550E2
1.724174287E1,4.650954045E-1,3.406385215E-1,-4.755808028E-1,6.644354994E-1,1.245672067E2,-4.495913093E1,-6.351428038E1,1.387503439E2
1.725176488E1,4.646906156E-1,3.411945016E-1,-4.754848134E-1,6.645021020E-1,1.246195979E2,-4.498367441E1,-6.355414058E1,1.388407312E2
1.726178687E1,4.642278011E-1,3.418008789E-1,-4.756460988E-1,6.643985472E-1,1.246794838E2,-4.507514029E1,-6.361141152E1,1.389791071E2
1.727180888E1,4.638379217E-1,3.422161886E-1,-4.759789799E-1,6.642186012E-1,1.247299195E2,-4.519889437E1,-6.365871231E1,1.391196977E2
1.728182987E1,4.636299902E-1,3.424504198E-1,-4.763290727E-1,6.639921673E-1,1.247568133E2,-4.530538829E1,-6.369524794E1,1.392179874E2
1.729185188E1,4.637707712E-1,3.424129249E-1,-4.764660342E-1,6.638149714E-1,1.247386051E2,-4.532024103E1,-6.370688838E1,1.392037559E2
1.730187387E1,4.643803832E-1,3.418262407E-1,-4.764195041E-1,6.637244400E-1,1.246597422E2,-4.523648465E1,-6.366771210E1,1.390472878E2
1.731189588E1,4.654999932E-1,3.403722429E-1,-4.761700948E-1,6.638664538E-1,1.245148289E2,-4.504751602E1,-6.353898818E1,1.387308148E2
1.732191687E1,4.670301556E-1,3.381110487E-1,-4.757604432E-1,6.642406546E-1,1.243166209E2,-4.477952310E1,-6.332446405E1,1.382872710E2
1.733193888E1,4.685571780E-1,3.357533487E-1,-4.756274331E-1,6.644564043E-1,1.241186389E2,-4.458176316E1,-6.311351445E1,1.378826539E2
1.734196087E1,4.698660590E-1,3.336394261E-1,-4.757365987E-1,6.645188132E-1,1.239487950E2,-4.446765253E1,-6.293416858E1,1.375652349E2
1.735198188E1,4.709355036E-1,3.318561772E-1,-4.760080402E-1,6.644603872E-1,1.238099215E2,-4.441833241E1,-6.279152363E1,1.373291699E2
1.736200387E1,4.716176820E-1,3.306136933E-1,-4.766340842E-1,6.641471623E-1,1.237212898E2,-4.449048376E1,-6.271414261E1,1.372328904E2
1.737202588E1,4.719238262E-1,3.297438667E-1,-4.774183528E-1,6.637985341E-1,1.236815022E2,-4.463906350E1,-6.267002740E1,1.372455485E2
1.738204787E1,4.719354903E-1,3.289539768E-1,-4.780830665E-1,6.637037564E-1,1.236799862E2,-4.479472931E1,-6.261112357E1,1.373094590E2
1.739206888E1,4.718479091E-1,3.281726743E-1,-4.786513588E-1,6.637432901E-1,1.236913694E2,-4.493998303E1,-6.254163128E1,1.373829646E2
1.740209087E1,4.717946988E-1,3.275247824E-1,-4.790770525E-1,6.637939717E-1,1.236982850E2,-4.504758188E1,-6.248252740E1,1.374336585E2
1.741211288E1,4.719001923E-1,3.268451803E-1,-4.793066949E-1,6.638881699E-1,1.236845740E2,-4.509282337E1,-6.241775944E1,1.374249105E2
1.742213387E1,4.719585657E-1,3.260613596E-1,-4.793326310E-1,6.642133329E-1,1.236769869E2,-4.509899854E1,-6.232531083E1,1.373995021E2
1.743215588E1,4.714928641E-1,3.254866873E-1,-4.795287403E-1,6.646842607E-1,1.237375094E2,-4.520177259E1,-6.223682096E1,1.375125045E2
1.744217787E1,4.701774293E-1,3.254488710E-1,-4.802456266E-1,6.651168032E-1,1.239083711E2,-4.551302899E1,-6.219304237E1,1.378826200E2
1.745219988E1,4.685969225E-1,3.256411924E-1,-4.814310857E-1,6.652810917E-1,1.241134835E2,-4.595704762E1,-6.218761075E1,1.383710427E2
1.746222087E1,4.673472474E-1,3.259122019E-1,-4.828914687E-1,6.649688889E-1,1.242755241E2,-4.642545552E1,-6.222678979E1,1.388243763E2
1.747224288E1,4.666378949E-1,3.259930184E-1,-4.844922271E-1,6.642626974E-1,1.243674492E2,-4.686679682E1,-6.228290194E1,1.391758976E2
1.748226487E1,4.667391421E-1,3.252066162E-1,-4.860161992E-1,6.634632454E-1,1.243543309E2,-4.720192939E1,-6.227747873E1,1.393215226E2
1.749228588E1,4.675815839E-1,3.233158822E-1,-4.873679593E-1,6.628022880E-1,1.242451478E2,-4.741567437E1,-6.217256797E1,1.392555652E2
1.750230787E1,4.687454902E-1,3.205195231E-1,-4.886504036E-1,6.623939061E-1,1.240942113E2,-4.757869516E1,-6.197293198E1,1.390856330E2
1.751232988E1,4.696123455E-1,3.173135651E-1,-4.901113977E-1,6.622440530E-1,1.239817280E2,-4.781509371E1,-6.171516077E1,1.389870304E2
1.752235187E1,4.699850711E-1,3.140469262E-1,-4.916943544E-1,6.623633496E-1,1.239333451E2,-4.813094082E1,-6.142650933E1,1.390019010E2
1.753237288E1,4.703458060E-1,3.105275063E-1,-4.932998016E-1,6.625727773E-1,1.238865082E2,-4.845079879E1,-6.110860867E1,1.390102009E2
1.754239487E1,4.710278685E-1,3.067163354E-1,-4.944876683E-1,6.629780193E-1,1.237979232E2,-4.864376686E1,-6.075367219E1,1.388912103E2
1.755241688E1,4.716443083E-1,3.031847035E-1,-4.954780982E-1,6.634245230E-1,1.237178296E2,-4.880042565E1,-6.041905865E1,1.387700154E2
1.756243787E1,4.719901758E-1,3.000604419E-1,-4.965576476E-1,6.637918644E-1,1.236728782E2,-4.900328722E1,-6.012291238E1,1.387248416E2
1.757245988E1,4.716274917E-1,2.976238061E-1,-4.976441512E-1,6.643326611E-1,1.237200150E2,-4.927515414E1,-5.986532550E1,1.388411021E2
1.758248187E1,4.702436420E-1,2.959870438E-1,-4.990269366E-1,6.650073479E-1,1.238997739E2,-4.970566120E1,-5.965461180E1,1.392143416E2
1.759250388E1,4.678589628E-1,2.948397328E-1,-5.008682376E-1,6.658143020E-1,1.242091866E2,-5.032453697E1,-5.946155474E1,1.398450488E2
1.760252487E1,4.648659571E-1,2.937062460E-1,-5.030943393E-1,6.667325870E-1,1.245969053E2,-5.107481381E1,-5.924815127E1,1.406278674E2
1.761254688E1,4.620075683E-1,2.920313513E-1,-5.054013524E-1,6.677097090E-1,1.249665434E2,-5.181688851E1,-5.897948531E1,1.413609456E2
1.762256887E1,4.595723445E-1,2.899602552E-1,-5.074607317E-1,6.687300631E-1,1.252809698E2,-5.245396974E1,-5.867588719E1,1.419575314E2
1.763259088E1,4.577331087E-1,2.873788766E-1,-5.094293794E-1,6.696085193E-1,1.255181488E2,-5.300546216E1,-5.834549388E1,1.423994948E2
1.764261187E1,4.562412683E-1,2.841955778E-1,-5.113757525E-1,6.705010315E-1,1.257103438E2,-5.350763919E1,-5.796543977E1,1.427374483E2
1.765263388E1,4.542490711E-1,2.810485570E-1,-5.132079603E-1,6.717790926E-1,1.259667429E2,-5.401735002E1,-5.754931239E1,1.431443679E2
1.766265587E1,4.514443142E-1,2.781577994E-1,-5.152626929E-1,6.732982863E-1,1.263272251E2,-5.463004003E1,-5.711807378E1,1.437189663E2
1.767267688E1,4.478492829E-1,2.755623122E-1,-5.175967011E-1,6.749741187E-1,1.267884406E2,-5.535126095E1,-5.667893769E1,1.444595653E2
1.768269887E1,4.437581831E-1,2.733670936E-1,-5.203070385E-1,6.764833025E-1,1.273121700E2,-5.617756768E1,-5.626732438E1,1.453265023E2
1.769272125E1,4.396030623E-1,2.715469398E-1,-5.231982280E-1,6.776982592E-1,1.278428846E2,-5.703655864E1,-5.589923645E1,1.462241398E2
1.770274325E1,4.355948865E-1,2.701203954E-1,-5.256265187E-1,6.789763308E-1,1.283536931E2,-5.778220660E1,-5.556124427E1,1.470549095E2
1.771276425E1,4.317927982E-1,2.687123535E-1,-5.277586434E-1,6.803084451E-1,1.288372209E2,-5.844049171E1,-5.522310925E1,1.478082297E2
1.772278625E1,4.286318372E-1,2.661434083E-1,-5.296202803E-1,6.818685002E-1,1.292384712E2,-5.896165617E1,-5.478300093E1,1.483460954E2
1.773280825E1,4.259470935E-1,2.623355037E-1,-5.313035622E-1,6.837146059E-1,1.295787478E2,-5.937490859E1,-5.422702583E1,1.487005685E2
1.774282925E1,4.235897992E-1,2.575823929E-1,-5.329787730E-1,6.856797659E-1,1.298771302E2,-5.973501884E1,-5.358774115E1,1.489324287E2
1.775285125E1,4.214193313E-1,2.524771346E-1,-5.348061866E-1,6.874906369E-1,1.301515434E2,-6.010040162E1,-5.293066582E1,1.491179310E2
1.776287325E1,4.189242168E-1,2.480558459E-1,-5.369552544E-1,6.889483489E-1,1.304666252E2,-6.055849244E1,-5.234301817E1,1.494158580E2
1.777289525E1,4.162733908E-1,2.442390378E-1,-5.391053232E-1,6.902385904E-1,1.308009328E2,-6.103164453E1,-5.181296615E1,1.497643539E2
1.778291625E1,4.137102302E-1,2.406147671E-1,-5.407804707E-1,6.917404933E-1,1.311237605E2,-6.140326631E1,-5.129160439E1,1.500590011E2
1.779293825E1,4.114082853E-1,2.368125840E-1,-5.420980128E-1,6.933921124E-1,1.314133363E2,-6.168175871E1,-5.075566371E1,1.502643326E2
1.780296025E1,4.095307591E-1,2.323419940E-1,-5.430354325E-1,6.952799224E-1,1.316492775E2,-6.184688909E1,-5.016254156E1,1.503267066E2
1.781298125E1,4.080516470E-1,2.271481957E-1,-5.436951571E-1,6.973471516E-1,1.318349981E2,-6.192397820E1,-4.950950578E1,1.502597141E2
1.782300325E1,4.066281267E-1,2.218516434E-1,-5.442545722E-1,6.994443472E-1,1.320136115E2,-6.198062623E1,-4.884780174E1,1.501698450E2
1.783302525E1,4.044984148E-1,2.177199246E-1,-5.451361789E-1,7.012884720E-1,1.322806019E2,-6.215514236E1,-4.827797330E1,1.502772108E2
1.784304725E1,4.014253616E-1,2.151763307E-1,-5.463535801E-1,7.028902629E-1,1.326653700E2,-6.246208115E1,-4.782785406E1,1.506374367E2
1.785306825E1,3.977465845E-1,2.137712391E-1,-5.478028417E-1,7.042808877E-1,1.331252361E2,-6.285520515E1,-4.746660267E1,1.511645377E2
1.786309025E1,3.935751845E-1,2.132062079E-1,-5.495176389E-1,7.054588499E-1,1.336457169E2,-6.332959911E1,-4.716961360E1,1.518261468E2
1.787311225E1,3.894871087E-1,2.126841770E-1,-5.510558303E-1,7.066843960E-1,1.341548208E2,-6.376322787E1,-4.687461360E1,1.524586993E2
1.788313325E1,3.860030606E-1,2.116878782E-1,-5.522002331E-1,7.080006632E-1,1.345879488E2,-6.408480343E1,-4.655645535E1,1.529428775E2
1.789315525E1,3.831043584E-1,2.104963868E-1,-5.531765227E-1,7.091671299E-1,1.349477863E2,-6.434498115E1,-4.625322720E1,1.533190042E2
1.790317725E1,3.805492268E-1,2.094125385E-1,-5.541504521E-1,7.101027267E-1,1.352645857E2,-6.459183786E1,-4.598615168E1,1.536534559E2
1.791319925E1,3.779176408E-1,2.088189001E-1,-5.552803669E-1,7.107999409E-1,1.355904879E2,-6.487951906E1,-4.577098089E1,1.540397036E2
1.792322025E1,3.749027503E-1,2.088752504E-1,-5.566728567E-1,7.112905724E-1,1.359633953E2,-6.524276894E1,-4.560537909E1,1.545367090E2
1.793324225E1,3.714607541E-1,2.092740545E-1,-5.582768709E-1,7.117221034E-1,1.363885320E2,-6.566635879E1,-4.545059756E1,1.551251134E2
1.794326425E1,3.679558433E-1,2.093143258E-1,-5.597012868E-1,7.124117734E-1,1.368207921E2,-6.604708883E1,-4.524522476E1,1.556795891E2
1.795328525E1,3.646005854E-1,2.089795323E-1,-5.607890759E-1,7.133789909E-1,1.372339918E2,-6.634776697E1,-4.499874287E1,1.561597853E2
1.796330725E1,3.615301348E-1,2.090021757E-1,-5.617466839E-1,7.141811824E-1,1.376116068E2,-6.662270932E1,-4.480592235E1,1.566169072E2
1.797332925E1,3.589533713E-1,2.094417673E-1,-5.625422479E-1,7.147257934E-1,1.379281342E2,-6.686253790E1,-4.468751012E1,1.570284254E2
1.798335125E1,3.570450884E-1,2.097414419E-1,-5.632574693E-1,7.150303887E-1,1.381623294E2,-6.706197815E1,-4.460052968E1,1.573395452E2
1.799337225E1,3.556797202E-1,2.095036178E-1,-5.638779026E-1,7.152914252E-1,1.383297828E2,-6.721090082E1,-4.449380585E1,1.575363089E2
1.800339425E1,3.546539923E-1,2.085505933E-1,-5.645168488E-1,7.155753685E-1,1.384555203E2,-6.733116749E1,-4.433750705E1,1.576392019E2
1.801341625E1,3.537047189E-1,2.073066290E-1,-5.650885708E-1,7.159553224E-1,1.385718391E2,-6.742777692E1,-4.415433951E1,1.577057573E2
1.802343725E1,3.528371260E-1,2.062291870E-1,-5.656345411E-1,7.162632894E-1,1.386781101E2,-6.752183318E1,-4.399395904E1,1.577721076E2
1.803345925E1,3.522154600E-1,2.054485431E-1,-5.661494070E-1,7.163867797E-1,1.387542349E2,-6.761139816E1,-4.388191746E1,1.578275074E2
1.804348125E1,3.517298018E-1,2.051701210E-1,-5.665965007E-1,7.163516713E-1,1.388136918E2,-6.769912707E1,-4.383037140E1,1.578981545E2
1.805350325E1,3.514991953E-1,2.053159069E-1,-5.669532738E-1,7.161408317E-1,1.388419199E2,-6.777533274E1,-4.383925004E1,1.579624413E2
1.806352425E1,3.520231650E-1,2.054691318E-1,-5.672468898E-1,7.156068312E-1,1.387777781E2,-6.781833941E1,-4.390290173E1,1.579307847E2
1.807354625E1,3.531238931E-1,2.055950455E-1,-5.674466027E-1,7.148695774E-1,1.386429883E2,-6.782656078E1,-4.400372960E1,1.578199724E2
1.808356825E1,3.546024046E-1,2.058103738E-1,-5.675703880E-1,7.139769914E-1,1.384618427E2,-6.781231772E1,-4.413979385E1,1.576639134E2
1.809359025E1,3.567337707E-1,2.056685707E-1,-5.676101957E-1,7.129235731E-1,1.382005187E2,-6.775248192E1,-4.428463998E1,1.573948460E2
1.810361125E1,3.587318264E-1,2.052178523E-1,-5.676343037E-1,7.120311979E-1,1.379553329E2,-6.768421773E1,-4.438690327E1,1.571175412E2
1.811363325E1,3.598780942E-1,2.048824266E-1,-5.677013382E-1,7.114958065E-1,1.378145809E2,-6.765250080E1,-4.443924247E1,1.569564119E2
1.812365525E1,3.607421046E-1,2.045507309E-1,-5.676004387E-1,7.112340745E-1,1.377084436E2,-6.759836609E1,-4.446565989E1,1.568180560E2
1.813367625E1,3.615892141E-1,2.046246143E-1,-5.676846059E-1,7.107152890E-1,1.376043456E2,-6.759043282E1,-4.453918880E1,1.567248419E2
1.814369825E1,3.622382018E-1,2.058428479E-1,-5.680653395E-1,7.097281150E-1,1.375245691E2,-6.767633065E1,-4.472742467E1,1.567617534E2
1.815372025E1,3.629503571E-1,2.078599750E-1,-5.682512281E-1,7.086267757E-1,1.374370030E2,-6.774860148E1,-4.499817518E1,1.568360191E2
1.816374225E1,3.642413888E-1,2.096107129E-1,-5.680727362E-1,7.075909853E-1,1.372781921E2,-6.772823615E1,-4.527304711E1,1.567919240E2
1.817376325E1,3.664011619E-1,2.105293246E-1,-5.674499112E-1,7.067023611E-1,1.370123239E2,-6.757213696E1,-4.551155223E1,1.565433373E2
1.818378525E1,3.688313492E-1,2.114340067E-1,-5.666636617E-1,7.057983955E-1,1.367128768E2,-6.737481053E1,-4.576348970E1,1.562453018E2
1.819380725E1,3.705591487E-1,2.134839556E-1,-5.660384448E-1,7.047772300E-1,1.364997889E2,-6.726335641E1,-4.608906077E1,1.561305883E2
1.820382825E1,3.711505112E-1,2.170565332E-1,-5.656469428E-1,7.036883662E-1,1.364268204E2,-6.728067254E1,-4.649885530E1,1.562904162E2
1.821385025E1,3.705513937E-1,2.218452898E-1,-5.654859945E-1,7.026392890E-1,1.365007456E2,-6.742552772E1,-4.695666577E1,1.567139847E2
1.822387225E1,3.692698450E-1,2.271385862E-1,-5.654065161E-1,7.016861275E-1,1.366588124E2,-6.763586854E1,-4.742015467E1,1.572760318E2
1.823389425E1,3.679572552E-1,2.324730813E-1,-5.650560545E-1,7.009103410E-1,1.368206181E2,-6.780795360E1,-4.787801384E1,1.578306809E2
1.824391525E1,3.668272982E-1,2.379484416E-1,-5.643994277E-1,7.001938446E-1,1.369598378E2,-6.793077779E1,-4.835654245E1,1.583547035E2
1.825393725E1,3.655875486E-1,2.441041785E-1,-5.635731598E-1,6.993884604E-1,1.371125082E2,-6.806387835E1,-4.889603957E1,1.589408604E2
1.826395925E1,3.639974956E-1,2.512431170E-1,-5.625787260E-1,6.984897421E-1,1.373082002E2,-6.823453687E1,-4.951147104E1,1.596487059E2
1.827398025E1,3.627213522E-1,2.584794043E-1,-5.614109105E-1,6.974521078E-1,1.374651641E2,-6.838364536E1,-5.015901662E1,1.603216512E2
1.828400225E1,3.626564566E-1,2.645707618E-1,-5.600491037E-1,6.962955877E-1,1.374731440E2,-6.841011625E1,-5.077328895E1,1.607314041E2
1.829402425E1,3.635957202E-1,2.693894953E-1,-5.586429163E-1,6.950866686E-1,1.373576271E2,-6.833398360E1,-5.132823614E1,1.608988985E2
1.830404625E1,3.650908796E-1,2.730681355E-1,-5.570546755E-1,6.941416098E-1,1.371736486E2,-6.814150210E1,-5.179909019E1,1.608741762E2
1.831406725E1,3.669772040E-1,2.756945690E-1,-5.552844130E-1,6.935268559E-1,1.369413720E2,-6.783778717E1,-5.218145756E1,1.606821626E2
1.832408925E1,3.692282356E-1,2.775232049E-1,-5.534164963E-1,6.930957252E-1,1.366639431E2,-6.745215197E1,-5.250197150E1,1.603552074E2
1.833411125E1,3.718150405E-1,2.789177493E-1,-5.514649392E-1,6.927083114E-1,1.363448017E2,-6.700687504E1,-5.279746844E1,1.599299010E2
1.834413225E1,3.743863460E-1,2.805527520E-1,-5.496266201E-1,6.921240612E-1,1.360272193E2,-6.659378550E1,-5.312055642E1,1.595332386E2
1.835415425E1,3.766890496E-1,2.830005882E-1,-5.479355726E-1,6.912181885E-1,1.357425101E2,-6.626183802E1,-5.351696679E1,1.592540727E2
1.836417625E1,3.785214260E-1,2.864557447E-1,-5.462596875E-1,6.901195887E-1,1.355157472E2,-6.600442892E1,-5.399049108E1,1.591252047E2
1.837419825E1,3.797416089E-1,2.907594437E-1,-5.446720157E-1,6.889032834E-1,1.353646435E2,-6.583966526E1,-5.451618522E1,1.591637422E2
1.838421925E1,3.805256035E-1,2.953358012E-1,-5.433380996E-1,6.875759316E-1,1.352675129E2,-6.576879631E1,-5.504874197E1,1.593162787E2
1.839424125E1,3.812264529E-1,2.994477110E-1,-5.421954353E-1,6.863100615E-1,1.351806546E2,-6.572154961E1,-5.553038406E1,1.594617094E2
1.840426325E1,3.821002835E-1,3.027898612E-1,-5.410444997E-1,6.852653676E-1,1.350723203E2,-6.562097022E1,-5.593977411E1,1.595113637E2
1.841428425E1,3.834121147E-1,3.053745800E-1,-5.397966790E-1,6.843690200E-1,1.349096046E2,-6.543050026E1,-5.629513183E1,1.594145339E2
1.842430625E1,3.854410956E-1,3.074171743E-1,-5.383801340E-1,6.834301252E-1,1.346577465E2,-6.512857381E1,-5.663916702E1,1.591383958E2
1.843432825E1,3.876303504E-1,3.098993392E-1,-5.371525965E-1,6.820354228E-1,1.343857340E2,-6.488347814E1,-5.705130796E1,1.588965219E2
1.844435025E1,3.893791074E-1,3.134951081E-1,-5.363620375E-1,6.800150715E-1,1.341682577E2,-6.482963850E1,-5.757127015E1,1.588742019E2
1.845437125E1,3.904909413E-1,3.182907662E-1,-5.360975871E-1,6.773529922E-1,1.340298987E2,-6.501605302E1,-5.819784891E1,1.591309345E2
1.846439325E1,3.911424262E-1,3.239525420E-1,-5.363827316E-1,6.740592371E-1,1.339487936E2,-6.543446257E1,-5.890703417E1,1.596273577E2
1.847441525E1,3.920399434E-1,3.295017120E-1,-5.369145089E-1,6.704149255E-1,1.338370194E2,-6.591663669E1,-5.963125671E1,1.601304976E2
1.848443725E1,3.944154662E-1,3.334193774E-1,-5.368016080E-1,6.671672158E-1,1.335409537E2,-6.604789701E1,-6.026615226E1,1.601610139E2
1.849445825E1,3.989321964E-1,3.346372422E-1,-5.354341219E-1,6.649671293E-1,1.329771162E2,-6.551982595E1,-6.072109037E1,1.593838459E2
1.850448025E1,4.044755396E-1,3.339058048E-1,-5.333557976E-1,6.636549925E-1,1.322834681E2,-6.458001653E1,-6.100420161E1,1.581153889E2
1.851450225E1,4.091840485E-1,3.329722731E-1,-5.316588601E-1,6.625985080E-1,1.316928234E2,-6.376399695E1,-6.120473769E1,1.570017750E2
1.852452325E1,4.124340763E-1,3.326930503E-1,-5.306127332E-1,6.615615269E-1,1.312843367E2,-6.325175137E1,-6.138760403E1,1.562799870E2
1.853454525E1,4.142661261E-1,3.335218575E-1,-5.303398429E-1,6.602169476E-1,1.310537811E2,-6.310795182E1,-6.161791305E1,1.560119763E2
1.854456725E1,4.154533817E-1,3.350146673E-1,-5.303190540E-1,6.587301122E-1,1.309042573E2,-6.311960765E1,-6.188629639E1,1.559533567E2
1.855458925E1,4.173985852E-1,3.359193388E-1,-5.293161802E-1,6.578457448E-1,1.306590842E2,-6.278102694E1,-6.210884609E1,1.555589535E2
1.856461025E1,4.202744649E-1,3.355856728E-1,-5.273689431E-1,6.577488598E-1,1.302961664E2,-6.203948201E1,-6.221973779E1,1.547365026E2
1.857463225E1,4.233762517E-1,3.336547781E-1,-5.251281427E-1,6.585343611E-1,1.299041427E2,-6.110099395E1,-6.214095027E1,1.536799969E2
1.858465425E1,4.252121895E-1,3.311404131E-1,-5.237333033E-1,6.597302990E-1,1.296718099E2,-6.045217111E1,-6.192378221E1,1.529284503E2
1.859467525E1,4.244300493E-1,3.298873556E-1,-5.242022608E-1,6.604888369E-1,1.297708145E2,-6.055999275E1,-6.173275220E1,1.530265900E2
1.860469725E1,4.209317977E-1,3.311013429E-1,-5.267376571E-1,6.601029193E-1,1.302131405E2,-6.154135255E1,-6.171037475E1,1.541139146E2
1.861471925E1,4.158732381E-1,3.346152837E-1,-5.303892706E-1,6.586116901E-1,1.308513590E2,-6.307874660E1,-6.187393256E1,1.558530185E2
1.862474125E1,4.116005802E-1,3.382117797E-1,-5.336916237E-1,6.567883963E-1,1.313891590E2,-6.450126092E1,-6.208005761E1,1.574363182E2
1.863476225E1,4.095143955E-1,3.396731163E-1,-5.360787158E-1,6.553927456E-1,1.316513329E2,-6.538432708E1,-6.216580796E1,1.583049556E2
1.864478425E1,4.095722526E-1,3.377489019E-1,-5.377438114E-1,6.549868398E-1,1.316440656E2,-6.565871327E1,-6.199810440E1,1.583409982E2
1.865480625E1,4.108701964E-1,3.326496917E-1,-5.387907707E-1,6.559225104E-1,1.314809782E2,-6.543884130E1,-6.153771126E1,1.577390310E2
1.866482725E1,4.124501237E-1,3.256607959E-1,-5.395036636E-1,6.578492852E-1,1.312823181E2,-6.499647677E1,-6.086890429E1,1.568646445E2
1.867484925E1,4.136496125E-1,3.184417573E-1,-5.401228429E-1,6.601182292E-1,1.311313902E2,-6.457733535E1,-6.014196554E1,1.560472145E2
1.868487125E1,4.138835275E-1,3.124582956E-1,-5.412166801E-1,6.619326510E-1,1.311019469E2,-6.444671993E1,-5.950280800E1,1.555923446E2
1.869489300E1,4.136117752E-1,3.077472895E-1,-5.425144658E-1,6.632458520E-1,1.311361525E2,-6.448849609E1,-5.898194602E1,1.553724979E2
1.870491400E1,4.139689065E-1,3.032314338E-1,-5.427483703E-1,6.649094934E-1,1.310911992E2,-6.425879662E1,-5.849612409E1,1.549388675E2
1.871493600E1,4.151600291E-1,2.983864850E-1,-5.421593260E-1,6.668363947E-1,1.309412106E2,-6.378276954E1,-5.800731006E1,1.542538572E2
1.872495800E1,4.163727836E-1,2.933079267E-1,-5.414449685E-1,6.689107572E-1,1.307884060E2,-6.328595048E1,-5.748806998E1,1.535486020E2
1.873497900E1,4.164582574E-1,2.885188962E-1,-5.414005141E-1,6.709730025E-1,1.307776330E2,-6.304266075E1,-5.694193743E1,1.531402692E2
1.874500100E1,4.145410605E-1,2.846350430E-1,-5.430987160E-1,6.724451287E-1,1.310191636E2,-6.335692564E1,-5.641606084E1,1.533234316E2
1.875502300E1,4.103944533E-1,2.824400984E-1,-5.468809110E-1,6.728485899E-1,1.315407677E2,-6.432909397E1,-5.599129752E1,1.542100634E2
1.876504500E1,4.045887882E-1,2.824299094E-1,-5.521460533E-1,6.720684728E-1,1.322692779E2,-6.580887262E1,-5.573157090E1,1.556747797E2
1.877506600E1,3.991286218E-1,2.834002984E-1,-5.570275856E-1,6.708956525E-1,1.329525686E2,-6.722601088E1,-5.557991121E1,1.571144251E2
1.878508800E1,3.961629799E-1,2.834592513E-1,-5.603031228E-1,6.699000807E-1,1.333229482E2,-6.810648418E1,-5.545908027E1,1.579200770E2
1.879511000E1,3.967080756E-1,2.812415685E-1,-5.612036323E-1,6.697584146E-1,1.332549100E2,-6.815494040E1,-5.528508695E1,1.577400346E2
1.880513100E1,3.999037656E-1,2.766422304E-1,-5.601830253E-1,6.706272824E-1,1.328556749E2,-6.752226765E1,-5.499342889E1,1.567522376E2
1.881515300E1,4.036940317E-1,2.705784052E-1,-5.587170631E-1,6.720519302E-1,1.323813714E2,-6.670823741E1,-5.456630307E1,1.555184282E2
1.882517500E1,4.064302261E-1,2.641370602E-1,-5.577945107E-1,6.737294380E-1,1.320384329E2,-6.607564534E1,-5.402983197E1,1.544877945E2
1.883519700E1,4.075938058E-1,2.580839299E-1,-5.578739154E-1,6.753048134E-1,1.318924584E2,-6.577652021E1,-5.345048789E1,1.538408164E2
1.884521800E1,4.078568654E-1,2.525511445E-1,-5.582169907E-1,6.769523548E-1,1.318594453E2,-6.561384953E1,-5.287070881E1,1.534033702E2
1.885524000E1,4.076716300E-1,2.481173698E-1,-5.583606377E-1,6.785831428E-1,1.318826922E2,-6.548359186E1,-5.237206908E1,1.531026724E2
1.886526200E1,4.066028702E-1,2.458781498E-1,-5.589152481E-1,6.795820231E-1,1.320167794E2,-6.556430563E1,-5.206436038E1,1.531371963E2
1.887528400E1,4.041719980E-1,2.464275656E-1,-5.602766019E-1,6.797121831E-1,1.323214986E2,-6.597400084E1,-5.198930926E1,1.536523552E2
1.888530500E1,4.000772947E-1,2.497235124E-1,-5.625935195E-1,6.790175715E-1,1.328339787E2,-6.676268226E1,-5.211968550E1,1.547072632E2
1.889532700E1,3.948094760E-1,2.546403532E-1,-5.656826411E-1,6.777071943E-1,1.334918158E2,-6.784524816E1,-5.235563235E1,1.561415096E2
1.890534900E1,3.899680886E-1,2.588994503E-1,-5.685279854E-1,6.765145860E-1,1.340949724E2,-6.884838712E1,-5.253396285E1,1.574518664E2
1.891537000E1,3.870165132E-1,2.606514421E-1,-5.704112436E-1,6.759511143E-1,1.344620299E2,-6.945600670E1,-5.255076549E1,1.581961108E2
1.892539200E1,3.861307445E-1,2.595101476E-1,-5.712634950E-1,6.761772005E-1,1.345720876E2,-6.961340231E1,-5.238355502E1,1.582995006E2
1.893541400E1,3.868246607E-1,2.560811011E-1,-5.709151724E-1,6.773809040E-1,1.344858715E2,-6.933879782E1,-5.205645809E1,1.578678450E2
1.894543600E1,3.883873816E-1,2.517511867E-1,-5.697767017E-1,6.790662721E-1,1.342916105E2,-6.882994891E1,-5.167442495E1,1.571711371E2
1.895545700E1,3.902040688E-1,2.480124241E-1,-5.683995956E-1,6.805531392E-1,1.340656045E2,-6.830229266E1,-5.136644234E1,1.564784885E2
1.896547900E1,3.916920633E-1,2.460692120E-1,-5.673862905E-1,6.812489415E-1,1.338803489E2,-6.794987781E1,-5.123770910E1,1.560207438E2
1.897550100E1,3.927294658E-1,2.460263487E-1,-5.668075721E-1,6.811488006E-1,1.337511166E2,-6.778737922E1,-5.129402262E1,1.558220410E2
1.898552200E1,3.932811048E-1,2.473521937E-1,-5.665147464E-1,6.805937055E-1,1.336823720E2,-6.776082291E1,-5.147089048E1,1.558276246E2
1.899554400E1,3.933108605E-1,2.494700729E-1,-5.665694530E-1,6.797575121E-1,1.336786634E2,-6.786216456E1,-5.170534179E1,1.560029626E2
1.900556600E1,3.930503719E-1,2.519167922E-1,-5.668637117E-1,6.787598329E-1,1.337111278E2,-6.804247814E1,-5.196123073E1,1.562704907E2
1.901558800E1,3.929851180E-1,2.543553562E-1,-5.671996748E-1,6.776065371E-1,1.337192597E2,-6.822712474E1,-5.223298841E1,1.565180236E2
1.902560900E1,3.935561868E-1,2.568518405E-1,-5.673043254E-1,6.762443720E-1,1.336480850E2,-6.834336717E1,-5.255350483E1,1.566636427E2
1.903563100E1,3.951903571E-1,2.594491295E-1,-5.669657703E-1,6.745817948E-1,1.334443067E2,-6.832878990E1,-5.295457487E1,1.566292321E2
1.904565300E1,3.980721689E-1,2.621500365E-1,-5.662121320E-1,6.724727875E-1,1.330845687E2,-6.817748373E1,-5.345256320E1,1.563876801E2
1.905567400E1,4.020055973E-1,2.651070910E-1,-5.650561809E-1,6.699411633E-1,1.325927639E2,-6.790177706E1,-5.404943155E1,1.559733263E2
1.906569600E1,4.065462986E-1,2.683690358E-1,-5.636476016E-1,6.670829643E-1,1.320238750E2,-6.754989515E1,-5.472072075E1,1.554609970E2
1.907571800E1,4.114113409E-1,2.716656570E-1,-5.620386246E-1,6.641168060E-1,1.314129522E2,-6.712763480E1,-5.541586644E1,1.548671324E2
1.908574000E1,4.165611695E-1,2.747161510E-1,-5.602247191E-1,6.611778325E-1,1.307646614E2,-6.661691562E1,-5.609957901E1,1.541673909E2
1.909576100E1,4.220602585E-1,2.773697377E-1,-5.580709941E-1,6.583979739E-1,1.300705426E2,-6.597085436E1,-5.675338243E1,1.533179090E2
1.910578300E1,4.277059869E-1,2.798645888E-1,-5.557314120E-1,6.556721792E-1,1.293558717E2,-6.524220434E1,-5.739210540E1,1.523824112E2
1.911580500E1,4.332384878E-1,2.826230684E-1,-5.535456237E-1,6.526989192E-1,1.286534820E2,-6.454237307E1,-5.805648240E1,1.514750510E2
1.912582600E1,4.384822617E-1,2.861554168E-1,-5.518175819E-1,6.491114322E-1,1.279858330E2,-6.397837340E1,-5.880593854E1,1.507042242E2
1.913584800E1,4.434407963E-1,2.903877612E-1,-5.503738416E-1,6.450765036E-1,1.273527511E2,-6.350957624E1,-5.962802397E1,1.500448570E2
1.914587000E1,4.482488666E-1,2.940536730E-1,-5.490894796E-1,6.411756863E-1,1.267372231E2,-6.303958988E1,-6.038175594E1,1.493581004E2
1.915589200E1,4.525150338E-1,2.961011459E-1,-5.479706704E-1,6.381868215E-1,1.261896785E2,-6.255083288E1,-6.091100643E1,1.486316429E2
1.916591300E1,4.558171657E-1,2.964411234E-1,-5.471199573E-1,6.364064438E-1,1.257649511E2,-6.210653958E1,-6.117393367E1,1.479592976E2
1.917593500E1,4.576242223E-1,2.958412473E-1,-5.470442195E-1,6.354530294E-1,1.255321823E2,-6.192170702E1,-6.124297849E1,1.475806990E2
1.918595700E1,4.576400906E-1,2.950464737E-1,-5.480283168E-1,6.349630934E-1,1.255301372E2,-6.212944628E1,-6.119762386E1,1.476527427E2
1.919597800E1,4.559903892E-1,2.943811540E-1,-5.496758265E-1,6.350345639E-1,1.257426485E2,-6.263367204E1,-6.106607299E1,1.481206136E2
1.920600000E1,4.535208157E-1,2.935944620E-1,-5.513436405E-1,6.357212414E-1,1.260603975E2,-6.319343374E1,-6.085383772E1,1.487197745E2
1.921602200E1,4.512937341E-1,2.924458550E-1,-5.527859268E-1,6.365824280E-1,1.263465621E2,-6.365511071E1,-6.060649279E1,1.492084143E2
1.922604400E1,4.496850942E-1,2.914381660E-1,-5.538939253E-1,6.372194987E-1,1.265530366E2,-6.399184330E1,-6.040938767E1,1.495508442E2
1.923606500E1,4.489104562E-1,2.908177750E-1,-5.545380029E-1,6.374888802E-1,1.266523972E2,-6.417308854E1,-6.030352689E1,1.497179268E2
1.924608700E1,4.488745787E-1,2.903219173E-1,-5.544422031E-1,6.378233260E-1,1.266569980E2,-6.412707640E1,-6.023838487E1,1.496694819E2
1.925610900E1,4.487995257E-1,2.898170402E-1,-5.533383350E-1,6.390631493E-1,1.266666224E2,-6.383646656E1,-6.012322551E1,1.494912546E2
1.926613100E1,4.485450009E-1,2.888988500E-1,-5.511460877E-1,6.415473267E-1,1.266992580E2,-6.327671352E1,-5.989552117E1,1.491674239E2
1.927615200E1,4.487628790E-1,2.870260864E-1,-5.480220053E-1,6.449029113E-1,1.266713216E2,-6.242757845E1,-5.955000454E1,1.485757183E2
1.928617400E1,4.497015842E-1,2.847335929E-1,-5.448161052E-1,6.479743102E-1,1.265509210E2,-6.151040560E1,-5.920554393E1,1.478364948E2
1.929619600E1,4.503370322E-1,2.834581239E-1,-5.436407350E-1,6.490784312E-1,1.264693807E2,-6.114261142E1,-5.904997653E1,1.474892468E2
1.930621700E1,4.491810706E-1,2.841005262E-1,-5.459486964E-1,6.476598947E-1,1.266176912E2,-6.178830812E1,-5.914418428E1,1.480211082E2
1.931623900E1,4.447388560E-1,2.875111967E-1,-5.503778455E-1,6.454679425E-1,1.271867359E2,-6.328806070E1,-5.939609687E1,1.495963487E2
1.932626100E1,4.354636412E-1,2.942040741E-1,-5.546607661E-1,6.451099050E-1,1.283704005E2,-6.527030009E1,-5.961624597E1,1.522533090E2
1.933628300E1,4.217478028E-1,3.018772239E-1,-5.593893264E-1,6.465929578E-1,1.301100343E2,-6.773620860E1,-5.956742319E1,1.557964398E2
1.934630400E1,4.078601633E-1,3.062192976E-1,-5.643113829E-1,6.491782454E-1,1.318590314E2,-7.002012560E1,-5.908183816E1,1.590229637E2
1.935632600E1,3.993253528E-1,3.044776107E-1,-5.675838433E-1,6.524425083E-1,1.329279804E2,-7.110359085E1,-5.827802495E1,1.605086038E2
1.936634800E1,3.988184526E-1,2.965346157E-1,-5.671799079E-1,6.567480196E-1,1.329913300E2,-7.043067595E1,-5.734137324E1,1.596714922E2
1.937636900E1,4.056085417E-1,2.838538512E-1,-5.618948196E-1,6.627087852E-1,1.321414658E2,-6.804407922E1,-5.630923673E1,1.567904460E2
1.938639100E1,4.163603187E-1,2.689143739E-1,-5.536619596E-1,6.691693597E-1,1.307899770E2,-6.489273651E1,-5.517942967E1,1.529748397E2
1.939641300E1,4.272371664E-1,2.540159371E-1,-5.455398720E-1,6.747819607E-1,1.294152977E2,-6.202877352E1,-5.399449951E1,1.493789965E2
1.940643500E1,4.353065704E-1,2.413602395E-1,-5.395220712E-1,6.790945421E-1,1.283903939E2,-6.003494980E1,-5.289467345E1,1.467483285E2
1.941645600E1,4.385286864E-1,2.332740926E-1,-5.371214078E-1,6.817450837E-1,1.279799137E2,-5.923553688E1,-5.210644909E1,1.455620176E2
1.942647800E1,4.360946217E-1,2.311357196E-1,-5.388431171E-1,6.826755175E-1,1.282900663E2,-5.967309031E1,-5.177199783E1,1.459658017E2
1.943650000E1,4.284866413E-1,2.345906021E-1,-5.438213132E-1,6.823671396E-1,1.292568862E2,-6.112196409E1,-5.183125988E1,1.477657085E2
1.944652100E1,4.176014591E-1,2.412642606E-1,-5.503095255E-1,6.815864113E-1,1.306335001E2,-6.313741435E1,-5.204602053E1,1.504070033E2
1.945654300E1,4.056485918E-1,2.486696937E-1,-5.567045722E-1,6.809498464E-1,1.321364448E2,-6.525265727E1,-5.221505488E1,1.532702669E2
1.946656500E1,3.940701887E-1,2.556653119E-1,-5.621646121E-1,6.806724253E-1,1.335840066E2,-6.718162389E1,-5.228967177E1,1.559769368E2
1.947658700E1,3.839241041E-1,2.616939549E-1,-5.665200253E-1,6.805685649E-1,1.348460729E2,-6.880102883E1,-5.229805236E1,1.583056890E2
1.948660800E1,3.757621350E-1,2.663516348E-1,-5.697996928E-1,6.805790806E-1,1.358571495E2,-7.005846633E1,-5.225705947E1,1.601413561E2
1.949663000E1,3.694973116E-1,2.692182421E-1,-5.720694376E-1,6.809771470E-1,1.366307629E2,-7.093437099E1,-5.213126599E1,1.614570360E2
1.950665200E1,3.647436844E-1,2.697603033E-1,-5.735535440E-1,6.820761366E-1,1.372163811E2,-7.144870579E1,-5.184980890E1,1.622695162E2
1.951667300E1,3.613418964E-1,2.679421409E-1,-5.743826042E-1,6.839032341E-1,1.376347413E2,-7.163060743E1,-5.140638501E1,1.626092599E2
1.952669500E1,3.594113705E-1,2.642684741E-1,-5.748432481E-1,6.859597791E-1,1.378718986E2,-7.157573311E1,-5.087448595E1,1.625470376E2
1.953671700E1,3.588240647E-1,2.594327449E-1,-5.750685336E-1,6.879215779E-1,1.379440093E2,-7.136861332E1,-5.032117947E1,1.621885889E2
1.954673900E1,3.592284848E-1,2.540616980E-1,-5.748767022E-1,6.898726609E-1,1.378943556E2,-7.102727913E1,-4.977946210E1,1.616270183E2
1.955676000E1,3.603662706E-1,2.483601988E-1,-5.742696611E-1,6.918582094E-1,1.377546167E2,-7.057786854E1,-4.924911636E1,1.609190665E2
1.956678200E1,3.618787313E-1,2.425581267E-1,-5.735449566E-1,6.937258417E-1,1.375687595E2,-7.010738183E1,-4.873308523E1,1.601600496E2
1.957680400E1,3.633367805E-1,2.371525721E-1,-5.730454849E-1,6.952438658E-1,1.373894778E2,-6.971995194E1,-4.826010010E1,1.594755395E2
1.958682500E1,3.641135574E-1,2.329612261E-1,-5.731892161E-1,6.961354297E-1,1.372939206E2,-6.954621229E1,-4.788130561E1,1.590423820E2
1.959684700E1,3.638828561E-1,2.303568564E-1,-5.741336743E-1,6.963444675E-1,1.373223041E2,-6.963228921E1,-4.761656394E1,1.589369448E2
1.960686900E1,3.627483367E-1,2.290610726E-1,-5.754300482E-1,6.962937332E-1,1.374618459E2,-6.986903186E1,-4.743074252E1,1.590805008E2
1.961689100E1,3.612572971E-1,2.281530820E-1,-5.766903865E-1,6.963243002E-1,1.376451379E2,-7.012433146E1,-4.725690341E1,1.592955434E2
1.962691200E1,3.597288311E-1,2.268653904E-1,-5.777212352E-1,6.966817582E-1,1.378329129E2,-7.031909356E1,-4.703346607E1,1.594630307E2
1.963693400E1,3.583405350E-1,2.250108974E-1,-5.785105086E-1,6.973433584E-1,1.380033650E2,-7.043854660E1,-4.675470559E1,1.595450590E2
1.964695600E1,3.571127973E-1,2.229396327E-1,-5.793063254E-1,6.979774156E-1,1.381540229E2,-7.054550500E1,-4.646627422E1,1.595891039E2
1.965697800E1,3.560595476E-1,2.210720216E-1,-5.802253796E-1,6.983461162E-1,1.382832088E2,-7.067923800E1,-4.621646907E1,1.596377238E2
1.966699900E1,3.554185362E-1,2.193612178E-1,-5.810237884E-1,6.985483789E-1,1.383618047E2,-7.078405936E1,-4.601173777E1,1.596388409E2
1.967702100E1,3.555469471E-1,2.173173696E-1,-5.815097205E-1,6.987174405E-1,1.383460616E2,-7.079468863E1,-4.582336786E1,1.594947895E2
1.968704267E1,3.565462383E-1,2.146320885E-1,-5.816748730E-1,6.989007055E-1,1.382235209E2,-7.069679863E1,-4.562689373E1,1.591691087E2
1.969706367E1,3.582060023E-1,2.117536695E-1,-5.816943869E-1,6.989137499E-1,1.380198774E2,-7.054865787E1,-4.545730405E1,1.587386360E2
1.970708567E1,3.602246045E-1,2.091330838E-1,-5.815718028E-1,6.987673950E-1,1.377720192E2,-7.037596367E1,-4.533782713E1,1.582762917E2
1.971710767E1,3.628232211E-1,2.062601860E-1,-5.810236409E-1,6.987328241E-1,1.374526375E2,-7.010065787E1,-4.522346569E1,1.576928415E2
1.972712967E1,3.661340563E-1,2.027975695E-1,-5.801943595E-1,6.987084316E-1,1.370452177E2,-6.973701285E1,-4.509275474E1,1.569579431E2
1.973715067E1,3.696564370E-1,1.992063419E-1,-5.793937169E-1,6.985513081E-1,1.366111391E2,-6.937452012E1,-4.496420910E1,1.561927153E2
1.974717267E1,3.730759267E-1,1.960888238E-1,-5.786462847E-1,6.982348380E-1,1.361891136E2,-6.904428749E1,-4.487723659E1,1.554824789E2
1.975719467E1,3.759654831E-1,1.941953977E-1,-5.781626286E-1,6.976146366E-1,1.358320037E2,-6.881629890E1,-4.488495018E1,1.549492016E2
1.976721567E1,3.779417699E-1,1.938899384E-1,-5.783187194E-1,6.965014329E-1,1.355875014E2,-6.877861854E1,-4.501005323E1,1.546929258E2
1.977723767E1,3.792421371E-1,1.946912554E-1,-5.787541596E-1,6.952080620E-1,1.354265064E2,-6.884327151E1,-4.520870543E1,1.546223606E2
1.978725967E1,3.804569884E-1,1.956359138E-1,-5.788405817E-1,6.942064738E-1,1.352760151E2,-6.884890684E1,-4.540369487E1,1.545467791E2
1.979728167E1,3.816892780E-1,1.962858814E-1,-5.786992422E-1,6.934640992E-1,1.351232805E2,-6.880276314E1,-4.556138849E1,1.544297609E2
1.980730267E1,3.827216439E-1,1.967641217E-1,-5.785011099E-1,6.929246828E-1,1.349952605E2,-6.874691635E1,-4.568379934E1,1.543203846E2
1.981732467E1,3.837079961E-1,1.972463870E-1,-5.782066509E-1,6.924876726E-1,1.348728910E2,-6.867404777E1,-4.579965533E1,1.542093210E2
1.982734667E1,3.844814856E-1,1.984229795E-1,-5.781706365E-1,6.917521996E-1,1.347768919E2,-6.867588693E1,-4.598112138E1,1.541956961E2
1.983736767E1,3.846056397E-1,2.010425747E-1,-5.785202867E-1,6.906336328E-1,1.347614798E2,-6.881330609E1,-4.627767210E1,1.544012451E2
1.984738967E1,3.841556378E-1,2.048451688E-1,-5.789090282E-1,6.894397390E-1,1.348173376E2,-6.901542033E1,-4.665543745E1,1.547739069E2
1.985741167E1,3.834930472E-1,2.089557931E-1,-5.791998836E-1,6.883298860E-1,1.348995628E2,-6.922198876E1,-4.704585552E1,1.551939694E2
1.986743367E1,3.829156564E-1,2.127884378E-1,-5.793652889E-1,6.873373910E-1,1.349711951E2,-6.939961506E1,-4.740964154E1,1.555767009E2
1.987745467E1,3.827238988E-1,2.161117800E-1,-5.793322668E-1,6.864345106E-1,1.349949808E2,-6.951433952E1,-4.774349408E1,1.558583197E2
1.988747667E1,3.829275840E-1,2.189369044E-1,-5.791436808E-1,6.855842085E-1,1.349697155E2,-6.957177056E1,-4.805094972E1,1.560398402E2
1.989749867E1,3.834044861E-1,2.213621815E-1,-5.787036887E-1,6.849101434E-1,1.349105511E2,-6.955812844E1,-4.832958583E1,1.561346180E2
1.990751967E1,3.840873915E-1,2.236771604E-1,-5.782322973E-1,6.841731215E-1,1.348258078E2,-6.952856126E1,-4.861214850E1,1.561919799E2
1.991754167E1,3.848966321E-1,2.262201959E-1,-5.778068881E-1,6.832410650E-1,1.347253536E2,-6.951379446E1,-4.893089092E1,1.562558108E2
1.992756367E1,3.861679601E-1,2.286569897E-1,-5.771477641E-1,6.822688953E-1,1.345674644E2,-6.943323346E1,-4.926738847E1,1.562309360E2
1.993758567E1,3.879825084E-1,2.306889630E-1,-5.761742667E-1,6.813775316E-1,1.343419534E2,-6.925401746E1,-4.959339845E1,1.560733890E2
1.994760667E1,3.900874274E-1,2.324369193E-1,-5.750020364E-1,6.805714099E-1,1.340801210E2,-6.901105053E1,-4.990538836E1,1.558341546E2
1.995762867E1,3.924807678E-1,2.340757257E-1,-5.736006853E-1,6.798159803E-1,1.337821033E2,-6.870381742E1,-5.022039359E1,1.555234642E2
1.996765067E1,3.950784993E-1,2.358535114E-1,-5.721061264E-1,6.789556261E-1,1.334582601E2,-6.837176101E1,-5.056284445E1,1.551835223E2
1.997767167E1,3.976577916E-1,2.378761913E-1,-5.705986496E-1,6.780120530E-1,1.331363257E2,-6.804323238E1,-5.092957508E1,1.548590790E2
1.998769367E1,4.003221890E-1,2.397403043E-1,-5.691291997E-1,6.770218971E-1,1.328033568E2,-6.770852078E1,-5.128704041E1,1.545083724E2
1.999771567E1,4.032248108E-1,2.409620361E-1,-5.676031677E-1,6.761462858E-1,1.324401352E2,-6.732249150E1,-5.159087579E1,1.540627588E2
2.000773767E1,4.061660813E-1,2.415204818E-1,-5.661340971E-1,6.754178934E-1,1.320715591E2,-6.691628945E1,-5.182655701E1,1.535592783E2
2.001775867E1,4.090129323E-1,2.416103600E-1,-5.646382844E-1,6.749195491E-1,1.317143124E2,-6.648697397E1,-5.200121707E1,1.530250714E2
2.002778067E1,4.119332032E-1,2.415339477E-1,-5.629894575E-1,6.745481511E-1,1.313473328E2,-6.601347504E1,-5.215567839E1,1.524489928E2
2.003780267E1,4.148608813E-1,2.419867840E-1,-5.613683949E-1,6.739424271E-1,1.309788884E2,-6.556083691E1,-5.236810742E1,1.519102217E2
2.004782467E1,4.174412905E-1,2.435934640E-1,-5.600720843E-1,6.728478629E-1,1.306536989E2,-6.522729852E1,-5.269277985E1,1.515334844E2
2.005784567E1,4.194036689E-1,2.462262407E-1,-5.591957354E-1,6.713966415E-1,1.304061113E2,-6.504221032E1,-5.310035973E1,1.513585720E2
2.006786767E1,4.208412768E-1,2.492380966E-1,-5.586657388E-1,6.698251752E-1,1.302245756E2,-6.496722771E1,-5.352449733E1,1.513202633E2
2.007788967E1,4.221402848E-1,2.519177300E-1,-5.583319990E-1,6.682817155E-1,1.300604269E2,-6.492912324E1,-5.391001730E1,1.512964878E2
2.008791067E1,4.234768457E-1,2.540805377E-1,-5.579627926E-1,6.669243341E-1,1.298914185E2,-6.486278728E1,-5.424016028E1,1.512237880E2
2.009793267E1,4.246987355E-1,2.561585038E-1,-5.576037436E-1,6.656515308E-1,1.297368083E2,-6.480099733E1,-5.455294818E1,1.511617166E2
2.010795467E1,4.255432951E-1,2.586006186E-1,-5.574542487E-1,6.642916839E-1,1.296298859E2,-6.481831809E1,-5.488651038E1,1.512056875E2
2.011797667E1,4.260235479E-1,2.613923626E-1,-5.574555763E-1,6.628886680E-1,1.295690643E2,-6.490348348E1,-5.523789297E1,1.513488244E2
2.012799767E1,4.263333378E-1,2.643088613E-1,-5.575072273E-1,6.614880333E-1,1.295298229E2,-6.501749531E1,-5.559276308E1,1.515355418E2
2.013801967E1,4.264848241E-1,2.672433778E-1,-5.576478292E-1,6.600912762E-1,1.295106316E2,-6.516499434E1,-5.594155346E1,1.517609863E2
2.014804167E1,4.269523485E-1,2.696816151E-1,-5.574125233E-1,6.589954266E-1,1.294513932E2,-6.519354961E1,-5.624437588E1,1.518587723E2
2.015806267E1,4.279586888E-1,2.713334660E-1,-5.566228284E-1,6.583315716E-1,1.293238340E2,-6.503352939E1,-5.647842473E1,1.517469974E2
2.016808467E1,4.290368052E-1,2.726840302E-1,-5.557077254E-1,6.578448598E-1,1.291871022E2,-6.482634514E1,-5.667896158E1,1.515834638E2
2.017810667E1,4.295573926E-1,2.744734695E-1,-5.552545098E-1,6.571432096E-1,1.291210511E2,-6.477399372E1,-5.690476311E1,1.515940373E2
2.018812867E1,4.293942210E-1,2.771285839E-1,-5.554010650E-1,6.560107870E-1,1.291417559E2,-6.493864206E1,-5.720043288E1,1.518530761E2
2.019814967E1,4.290643798E-1,2.803083635E-1,-5.559425150E-1,6.544150230E-1,1.291836040E2,-6.523476561E1,-5.755921248E1,1.522339484E2
2.020817167E1,4.292775586E-1,2.830351276E-1,-5.562691215E-1,6.528220407E-1,1.291565581E2,-6.543480952E1,-5.790096161E1,1.524720096E2
2.021819367E1,4.302721188E-1,2.844053006E-1,-5.560979420E-1,6.517167185E-1,1.290303386E2,-6.540655848E1,-5.813021672E1,1.524121650E2
2.022821467E1,4.318479052E-1,2.840437965E-1,-5.555603695E-1,6.512903610E-1,1.288302197E2,-6.516823500E1,-5.819265542E1,1.520654838E2
2.023823667E1,4.334838667E-1,2.823365646E-1,-5.550546389E-1,6.513770255E-1,1.286222817E2,-6.486681082E1,-5.810627595E1,1.515994147E2
2.024825867E1,4.344996585E-1,2.805692103E-1,-5.551232224E-1,6.514056326E-1,1.284930787E2,-6.473674954E1,-5.798727988E1,1.513000215E2
2.025828067E1,4.350755214E-1,2.795036537E-1,-5.556975154E-1,6.509894220E-1,1.284198010E2,-6.478576095E1,-5.793524177E1,1.511916176E2
2.026830167E1,4.360916398E-1,2.787157289E-1,-5.559926592E-1,6.503951936E-1,1.282904461E2,-6.475670723E1,-5.793843928E1,1.510019378E2
2.027832367E1,4.378526826E-1,2.774841242E-1,-5.555603906E-1,6.501079417E-1,1.280660922E2,-6.449316031E1,-5.791882602E1,1.505683450E2
2.028834567E1,4.398586408E-1,2.753150156E-1,-5.545177408E-1,6.505660569E-1,1.278102756E2,-6.403356787E1,-5.778354019E1,1.499478312E2
2.029836667E1,4.415862085E-1,2.718539691E-1,-5.532762948E-1,6.519066954E-1,1.275897373E2,-6.349937058E1,-5.746735843E1,1.492546911E2
2.030838867E1,4.425302979E-1,2.679482417E-1,-5.525435086E-1,6.535031338E-1,1.274691282E2,-6.312533619E1,-5.706042839E1,1.487255177E2
2.031841067E1,4.423669367E-1,2.653547986E-1,-5.527335699E-1,6.545103592E-1,1.274900024E2,-6.308349888E1,-5.675949859E1,1.485837338E2
2.032843267E1,4.415887584E-1,2.646478168E-1,-5.534201526E-1,6.547418929E-1,1.275894116E2,-6.325844557E1,-5.664920071E1,1.487344071E2
2.033845367E1,4.407672531E-1,2.651975803E-1,-5.541345416E-1,6.544686759E-1,1.276943097E2,-6.348747106E1,-5.668000758E1,1.489867619E2
2.034847567E1,4.403455423E-1,2.653012510E-1,-5.544725699E-1,6.544243269E-1,1.277481397E2,-6.359214834E1,-5.667401017E1,1.490999236E2
2.035849767E1,4.403732433E-1,2.635397340E-1,-5.542557138E-1,6.553005072E-1,1.277446041E2,-6.347700650E1,-5.646559199E1,1.489406361E2
2.036851867E1,4.398502852E-1,2.606963496E-1,-5.540527241E-1,6.569587328E-1,1.278113417E2,-6.336113012E1,-5.609195719E1,1.487927397E2
2.037854067E1,4.381268584E-1,2.584052785E-1,-5.544921998E-1,6.586426258E-1,1.280311434E2,-6.347749851E1,-5.571739199E1,1.489451321E2
2.038856267E1,4.356641654E-1,2.575056329E-1,-5.556946283E-1,6.596144163E-1,1.283448734E2,-6.384815451E1,-5.547726045E1,1.493928497E2
2.039858467E1,4.332105866E-1,2.579793214E-1,-5.574618878E-1,6.595541041E-1,1.286570295E2,-6.438760523E1,-5.541645574E1,1.499976042E2
2.040860567E1,4.312850130E-1,2.590215286E-1,-5.594874654E-1,6.586917480E-1,1.289017241E2,-6.497699222E1,-5.546982800E1,1.505924280E2
2.041862767E1,4.304261656E-1,2.591553238E-1,-5.610192293E-1,6.578976803E-1,1.290107826E2,-6.536650496E1,-5.548218988E1,1.509020346E2
2.042864967E1,4.308428398E-1,2.570076785E-1,-5.616488295E-1,6.579302914E-1,1.289578785E2,-6.539786777E1,-5.530070311E1,1.507412760E2
2.043867167E1,4.322897411E-1,2.520226757E-1,-5.614902309E-1,6.590439797E-1,1.287740783E2,-6.509733980E1,-5.484934001E1,1.501246009E2
2.044869267E1,4.339699674E-1,2.455261078E-1,-5.607868527E-1,6.609880453E-1,1.285604612E2,-6.463178703E1,-5.422401706E1,1.493171210E2
2.045871467E1,4.350847621E-1,2.396089852E-1,-5.599593836E-1,6.631247114E-1,1.284186249E2,-6.421303624E1,-5.361420243E1,1.486435354E2
2.046873667E1,4.356545243E-1,2.350674411E-1,-5.594959896E-1,6.647652142E-1,1.283461008E2,-6.395686471E1,-5.313232109E1,1.481977464E2
2.047875767E1,4.354476254E-1,2.323738992E-1,-5.596705829E-1,6.657000735E-1,1.283724392E2,-6.393056327E1,-5.282532693E1,1.480617842E2
2.048877967E1,4.342137659E-1,2.314606191E-1,-5.604723424E-1,6.661494959E-1,1.285294497E2,-6.413306328E1,-5.266511404E1,1.482595924E2
2.049880167E1,4.321313322E-1,2.315783353E-1,-5.615679497E-1,6.665399021E-1,1.287942079E2,-6.446436325E1,-5.256605257E1,1.486797266E2
2.050882367E1,4.294315421E-1,2.322192940E-1,-5.624820411E-1,6.672905691E-1,1.291370204E2,-6.480122680E1,-5.246774891E1,1.492074110E2
2.051884467E1,4.260837652E-1,2.334931930E-1,-5.633438072E-1,6.682644669E-1,1.295614370E2,-6.517541140E1,-5.238535941E1,1.498670730E2
2.052886667E1,4.223612080E-1,2.354358677E-1,-5.642859157E-1,6.691504568E-1,1.300324992E2,-6.560419073E1,-5.234925987E1,1.506351702E2
2.053888867E1,4.186533285E-1,2.379303500E-1,-5.651924312E-1,6.698329513E-1,1.305008087E2,-6.604469066E1,-5.237154829E1,1.514381783E2
2.054890967E1,4.153894028E-1,2.404337359E-1,-5.662719489E-1,6.700591850E-1,1.309123172E2,-6.650506069E1,-5.243445376E1,1.521970312E2
2.055893167E1,4.129203140E-1,2.421636533E-1,-5.672976768E-1,6.700946305E-1,1.312231663E2,-6.689368331E1,-5.247076301E1,1.527804192E2
2.056895367E1,4.113564025E-1,2.427129215E-1,-5.679753876E-1,6.702837118E-1,1.314198592E2,-6.712542373E1,-5.243419631E1,1.531100883E2
2.057897567E1,4.101600326E-1,2.427333733E-1,-5.687016094E-1,6.703937046E-1,1.315702236E2,-6.733053448E1,-5.237010589E1,1.533508089E2
2.058899667E1,4.093794097E-1,2.425197625E-1,-5.692498661E-1,6.704828662E-1,1.316682875E2,-6.747071798E1,-5.230613791E1,1.534967701E2
2.059901867E1,4.094243699E-1,2.419889651E-1,-5.691647295E-1,6.707193627E-1,1.316626405E2,-6.742986288E1,-5.224846675E1,1.534398385E2
2.060904067E1,4.099244738E-1,2.414640050E-1,-5.688397562E-1,6.708787727E-1,1.315998191E2,-6.731977813E1,-5.221812180E1,1.532966293E2
2.061906167E1,4.103787431E-1,2.410191661E-1,-5.685114533E-1,6.710393416E-1,1.315427419E2,-6.721431321E1,-5.219268134E1,1.531659946E2
2.062908367E1,4.105339278E-1,2.407854935E-1,-5.683401791E-1,6.711733686E-1,1.315232406E2,-6.716280626E1,-5.217275472E1,1.531091831E2
2.063910567E1,4.102743875E-1,2.410738306E-1,-5.684721303E-1,6.711168918E-1,1.315558549E2,-6.721262824E1,-5.218892727E1,1.531809797E2
2.064912767E1,4.097805950E-1,2.419057040E-1,-5.688835046E-1,6.707704447E-1,1.316178943E2,-6.735236605E1,-5.225670713E1,1.533559456E2
2.065914867E1,4.095718628E-1,2.428098066E-1,-5.692610034E-1,6.702508795E-1,1.316441145E2,-6.747645852E1,-5.235343902E1,1.534942545E2
2.066917067E1,4.099122829E-1,2.434077018E-1,-5.694010995E-1,6.697066372E-1,1.316013507E2,-6.751549350E1,-5.245100803E1,1.535085991E2
2.067919267E1,4.104656604E-1,2.437386810E-1,-5.693111160E-1,6.693237858E-1,1.315318196E2,-6.748619149E1,-5.252750814E1,1.534490075E2
2.068921550E1,4.107876834E-1,2.440761297E-1,-5.690718694E-1,6.692065964E-1,1.314913491E2,-6.743536543E1,-5.258071511E1,1.534071450E2
2.069923650E1,4.106317401E-1,2.447911089E-1,-5.688312109E-1,6.692458773E-1,1.315109482E2,-6.741999694E1,-5.263742483E1,1.534620931E2
2.070925850E1,4.098521393E-1,2.462363664E-1,-5.687848073E-1,6.692330331E-1,1.316089065E2,-6.750281201E1,-5.273224187E1,1.536826477E2
2.071928050E1,4.084432650E-1,2.485402396E-1,-5.690181744E-1,6.690442889E-1,1.317858388E2,-6.770975833E1,-5.288178653E1,1.540902604E2
2.072930150E1,4.067353799E-1,2.514975575E-1,-5.694159142E-1,6.686409541E-1,1.320001585E2,-6.799704814E1,-5.308489397E1,1.546132208E2
2.073932350E1,4.055695032E-1,2.544273641E-1,-5.697014064E-1,6.679972137E-1,1.321463599E2,-6.824158455E1,-5.332348841E1,1.550513112E2
2.074934550E1,4.057785726E-1,2.564478524E-1,-5.693875283E-1,6.673650742E-1,1.321201486E2,-6.825929594E1,-5.355034350E1,1.551612042E2
2.075936750E1,4.075092487E-1,2.571114124E-1,-5.682647362E-1,6.670120943E-1,1.319030691E2,-6.797145211E1,-5.372040958E1,1.548569408E2
2.076938850E1,4.100973391E-1,2.568591214E-1,-5.665359568E-1,6.669936972E-1,1.315781007E2,-6.746928843E1,-5.383457909E1,1.542876579E2
2.077941050E1,4.127371332E-1,2.565405439E-1,-5.646569976E-1,6.670813943E-1,1.312462128E2,-6.692714529E1,-5.393762939E1,1.536866646E2
2.078943250E1,4.150573383E-1,2.567507934E-1,-5.628058026E-1,6.671252902E-1,1.309541452E2,-6.642666127E1,-5.407280695E1,1.531744764E2
2.079945350E1,4.165496950E-1,2.581249387E-1,-5.612480657E-1,6.669770808E-1,1.307661077E2,-6.607581262E1,-5.428220566E1,1.529033177E2
2.080947550E1,4.165807256E-1,2.612580090E-1,-5.604020520E-1,6.664491389E-1,1.307621964E2,-6.602412435E1,-5.460078548E1,1.530602161E2
2.081949750E1,4.154404321E-1,2.656007149E-1,-5.600896806E-1,6.657063955E-1,1.309058887E2,-6.620487184E1,-5.498401472E1,1.535477652E2
2.082951950E1,4.138929052E-1,2.702792785E-1,-5.600386724E-1,6.648297200E-1,1.311007664E2,-6.649020191E1,-5.538336417E1,1.541601647E2
2.083954050E1,4.123061606E-1,2.750410927E-1,-5.602518722E-1,6.636821456E-1,1.313004265E2,-6.685474395E1,-5.579895494E1,1.548263723E2
2.084956250E1,4.111150486E-1,2.795040857E-1,-5.606285175E-1,6.622367194E-1,1.314502007E2,-6.723626453E1,-5.621822507E1,1.554396604E2
2.085958450E1,4.108855800E-1,2.831473857E-1,-5.608844753E-1,6.606126538E-1,1.314790446E2,-6.750985337E1,-5.661793930E1,1.558343538E2
2.086960550E1,4.118683602E-1,2.857041716E-1,-5.606669238E-1,6.590828075E-1,1.313554871E2,-6.755738003E1,-5.697652479E1,1.558990797E2
2.087962750E1,4.142133793E-1,2.869152929E-1,-5.595861206E-1,6.580047228E-1,1.310604220E2,-6.725486961E1,-5.726274752E1,1.555302350E2
2.088964950E1,4.174493722E-1,2.871478381E-1,-5.578023184E-1,6.573725622E-1,1.306526798E2,-6.667891702E1,-5.748328637E1,1.548447187E2
2.089967150E1,4.209411016E-1,2.868720818E-1,-5.556797505E-1,6.570640156E-1,1.302119651E2,-6.597497061E1,-5.765089257E1,1.540249915E2
2.090969250E1,4.244994230E-1,2.861082650E-1,-5.533039642E-1,6.571126215E-1,1.297620347E2,-6.517720628E1,-5.775400627E1,1.531145399E2
2.091971450E1,4.279344228E-1,2.851019669E-1,-5.509310124E-1,6.573157377E-1,1.293269106E2,-6.437273284E1,-5.781457674E1,1.521991345E2
2.092973650E1,4.307042505E-1,2.847757081E-1,-5.490504621E-1,6.572216448E-1,1.289754761E2,-6.375343785E1,-5.791685987E1,1.515023030E2
2.093975750E1,4.323520974E-1,2.859417955E-1,-5.481340527E-1,6.563976845E-1,1.287661540E2,-6.349259111E1,-5.814178882E1,1.512195275E2
2.094977950E1,4.329614355E-1,2.884682146E-1,-5.481110721E-1,6.549081517E-1,1.286887048E2,-6.356690309E1,-5.848049950E1,1.513225707E2
2.095980150E1,4.328586498E-1,2.917098341E-1,-5.487625570E-1,6.529919346E-1,1.287017710E2,-6.388489110E1,-5.887499490E1,1.516889237E2
2.096982350E1,4.325092103E-1,2.948141708E-1,-5.497367709E-1,6.510067759E-1,1.287461867E2,-6.429933734E1,-5.924754231E1,1.521347338E2
2.097984450E1,4.324488350E-1,2.970294513E-1,-5.503303249E-1,6.495368835E-1,1.287538599E2,-6.456567271E1,-5.952410189E1,1.524150945E2
2.098986650E1,4.324339677E-1,2.984759733E-1,-5.503411567E-1,6.488740295E-1,1.287557494E2,-6.464929889E1,-5.969131175E1,1.525463481E2
2.099988850E1,4.318624143E-1,2.996881798E-1,-5.500839977E-1,6.489140269E-1,1.288283764E2,-6.469173516E1,-5.977610382E1,1.527127218E2
2.100991050E1,4.303461287E-1,3.012272458E-1,-5.501679226E-1,6.491375000E-1,1.290209433E2,-6.489847700E1,-5.983718426E1,1.531093625E2
2.101993150E1,4.281703187E-1,3.032534555E-1,-5.506651290E-1,6.492114466E-1,1.292970002E2,-6.528003439E1,-5.991791136E1,1.537154611E2
2.102995350E1,4.260990540E-1,3.054263995E-1,-5.514099270E-1,6.489232465E-1,1.295595004E2,-6.572927681E1,-6.003229325E1,1.543556076E2
2.103997550E1,4.247333064E-1,3.072497038E-1,-5.520898926E-1,6.483795732E-1,1.297324325E2,-6.610085859E1,-6.015913709E1,1.548441362E2
2.104999650E1,4.243420678E-1,3.080942739E-1,-5.522351834E-1,6.481110451E-1,1.297819489E2,-6.621704732E1,-6.023072626E1,1.550092789E2
2.106001850E1,4.246114915E-1,3.076904755E-1,-5.518705604E-1,6.484369878E-1,1.297478509E2,-6.608264699E1,-6.019210138E1,1.548757934E2
2.107004050E1,4.250562251E-1,3.062311409E-1,-5.514163439E-1,6.492224364E-1,1.296915553E2,-6.584745918E1,-6.004182373E1,1.546007704E2
2.108006250E1,4.253220768E-1,3.040587870E-1,-5.512287272E-1,6.502278179E-1,1.296578969E2,-6.564768737E1,-5.980451718E1,1.543264110E2
2.109008350E1,4.251783561E-1,3.015788137E-1,-5.515947831E-1,6.511657538E-1,1.296760934E2,-6.559431165E1,-5.952018582E1,1.541673565E2
2.110010550E1,4.245877523E-1,2.992017947E-1,-5.525980677E-1,6.517967343E-1,1.297508555E2,-6.573164495E1,-5.923698518E1,1.541754315E2
2.111012750E1,4.240268620E-1,2.966678524E-1,-5.539207096E-1,6.521972137E-1,1.298218350E2,-6.593467418E1,-5.895098813E1,1.542052109E2
2.112014850E1,4.242809759E-1,2.931710021E-1,-5.549721154E-1,6.527191919E-1,1.297896800E2,-6.596839316E1,-5.861035014E1,1.539827117E2
2.113017050E1,4.258995203E-1,2.880210998E-1,-5.551988444E-1,6.537641597E-1,1.295847732E2,-6.564100649E1,-5.815880383E1,1.532985289E2
2.114019250E1,4.285273447E-1,2.817473833E-1,-5.546724197E-1,6.552260126E-1,1.292517240E2,-6.504182987E1,-5.762921444E1,1.522836833E2
2.115021450E1,4.311913732E-1,2.756017301E-1,-5.538994149E-1,6.567443002E-1,1.289136171E2,-6.442154022E1,-5.710560842E1,1.512701581E2
2.116023550E1,4.333538332E-1,2.701676737E-1,-5.532327993E-1,6.581392028E-1,1.286388162E2,-6.391382263E1,-5.662697965E1,1.504273125E2
2.117025750E1,4.347884697E-1,2.655687149E-1,-5.526935514E-1,6.595164354E-1,1.284563307E2,-6.353055725E1,-5.619165439E1,1.497933773E2
2.118027950E1,4.353550498E-1,2.617569750E-1,-5.524393849E-1,6.608782422E-1,1.283842232E2,-6.330277091E1,-5.579112827E1,1.493958972E2
2.119030050E1,4.350200351E-1,2.586098277E-1,-5.528219518E-1,6.620169131E-1,1.284268625E2,-6.329581764E1,-5.542513636E1,1.492616327E2
2.120032250E1,4.339004778E-1,2.560188291E-1,-5.538223283E-1,6.629220272E-1,1.285692996E2,-6.348723973E1,-5.508965790E1,1.493551957E2
2.121034450E1,4.324719525E-1,2.536773399E-1,-5.549668471E-1,6.637980073E-1,1.287509219E2,-6.373326298E1,-5.476535691E1,1.495264423E2
2.122036650E1,4.310821391E-1,2.514464756E-1,-5.560706203E-1,6.646265090E-1,1.289274899E2,-6.396959713E1,-5.445510124E1,1.496919313E2
2.123038750E1,4.294774505E-1,2.497475256E-1,-5.571360189E-1,6.654132958E-1,1.291311952E2,-6.422437038E1,-5.418644058E1,1.499210055E2
2.124040950E1,4.275678927E-1,2.483075679E-1,-5.581214649E-1,6.663554148E-1,1.293733775E2,-6.448369841E1,-5.391964189E1,1.502027866E2
2.125043150E1,4.255838404E-1,2.463629545E-1,-5.590476419E-1,6.675697814E-1,1.296247516E2,-6.471394567E1,-5.358826234E1,1.504487556E2
2.126045250E1,4.235510347E-1,2.438990287E-1,-5.599324096E-1,6.690242481E-1,1.298820339E2,-6.491722303E1,-5.319399947E1,1.506555482E2
2.127047450E1,4.217829638E-1,2.408798392E-1,-5.606434691E-1,6.706376400E-1,1.301055906E2,-6.505047551E1,-5.275226231E1,1.507621926E2
2.128049650E1,4.205582291E-1,2.372700037E-1,-5.609884411E-1,6.724028659E-1,1.302603283E2,-6.506283299E1,-5.227331854E1,1.507099996E2
2.129051850E1,4.199181870E-1,2.332380992E-1,-5.608439301E-1,6.743313371E-1,1.303411552E2,-6.493796180E1,-5.177404295E1,1.504985592E2
2.130053950E1,4.193717005E-1,2.293720215E-1,-5.605556772E-1,6.762345308E-1,1.304101467E2,-6.479088820E1,-5.129546695E1,1.502764483E2
2.131056150E1,4.181506536E-1,2.263957270E-1,-5.605424115E-1,6.780023066E-1,1.305642291E2,-6.475944211E1,-5.087544062E1,1.502407205E2
2.132058350E1,4.159618834E-1,2.244452446E-1,-5.610625984E-1,6.795652803E-1,1.308401890E2,-6.490612838E1,-5.051685797E1,1.504603863E2
2.133060550E1,4.128172755E-1,2.233465289E-1,-5.622240286E-1,6.808835810E-1,1.312361301E2,-6.524212461E1,-5.020483631E1,1.509263381E2
2.134062650E1,4.089300927E-1,2.230304486E-1,-5.636650926E-1,6.821402947E-1,1.317247148E2,-6.568192602E1,-4.993149451E1,1.515690797E2
2.135064850E1,4.050776495E-1,2.230547358E-1,-5.648360901E-1,6.834610610E-1,1.322080137E2,-6.607158887E1,-4.968539229E1,1.522014102E2
2.136067050E1,4.021097422E-1,2.227275708E-1,-5.655177100E-1,6.847554013E-1,1.325797299E2,-6.631459053E1,-4.944905255E1,1.526403046E2
2.137069150E1,4.004410009E-1,2.215992892E-1,-5.655769790E-1,6.860491199E-1,1.327884991E2,-6.635726681E1,-4.920187319E1,1.527885983E2
2.138071350E1,3.998395338E-1,2.196657077E-1,-5.652337035E-1,6.873036103E-1,1.328637053E2,-6.625543281E1,-4.893454728E1,1.526999116E2
2.139073550E1,3.995501535E-1,2.174165622E-1,-5.650246762E-1,6.883579558E-1,1.328998812E2,-6.616059619E1,-4.866251997E1,1.525592425E2
2.140075750E1,3.989549663E-1,2.156409787E-1,-5.651552682E-1,6.891541835E-1,1.329742708E2,-6.615860872E1,-4.843148075E1,1.525229349E2
2.141077850E1,3.976901288E-1,2.150099560E-1,-5.657996935E-1,6.895535776E-1,1.331322871E2,-6.631372108E1,-4.829220525E1,1.527002119E2
2.142080050E1,3.962213217E-1,2.149762491E-1,-5.663812252E-1,6.899320458E-1,1.333156669E2,-6.648032747E1,-4.819885176E1,1.529412983E2
2.143082250E1,3.951311618E-1,2.145926917E-1,-5.667024895E-1,6.904127622E-1,1.334516909E2,-6.657190992E1,-4.808688777E1,1.530847145E2
2.144084350E1,3.946882827E-1,2.133167907E-1,-5.668480963E-1,6.909417052E-1,1.335069311E2,-6.658006271E1,-4.792219887E1,1.530633265E2
2.145086550E1,3.950903742E-1,2.108946745E-1,-5.664405574E-1,6.917890149E-1,1.334567788E2,-6.641981526E1,-4.767859906E1,1.528037335E2
2.146088750E1,3.962146203E-1,2.076459112E-1,-5.658199029E-1,6.926363140E-1,1.333165033E2,-6.617434023E1,-4.739334256E1,1.523760037E2
2.147090950E1,3.978460405E-1,2.040409648E-1,-5.651526761E-1,6.933168170E-1,1.331128141E2,-6.589877809E1,-4.710628568E1,1.518572011E2
2.148093050E1,3.997736688E-1,2.005768942E-1,-5.645150154E-1,6.937381169E-1,1.328719396E2,-6.562805617E1,-4.685724060E1,1.513158958E2
2.149095250E1,4.015970047E-1,1.977233840E-1,-5.639936589E-1,6.939283046E-1,1.326438940E2,-6.540191172E1,-4.666953819E1,1.508422955E2
2.150097450E1,4.033767186E-1,1.954175510E-1,-5.632489873E-1,6.941540220E-1,1.324211122E2,-6.515058075E1,-4.652734515E1,1.503964050E2
2.151099550E1,4.049521888E-1,1.939068604E-1,-5.624441300E-1,6.943128946E-1,1.322237378E2,-6.491350921E1,-4.645138362E1,1.500270124E2
2.152101750E1,4.059726800E-1,1.934954650E-1,-5.618473728E-1,6.943150546E-1,1.320958107E2,-6.475710569E1,-4.645911535E1,1.498192948E2
2.153103950E1,4.064464738E-1,1.940346497E-1,-5.614419622E-1,6.942151034E-1,1.320363951E2,-6.467391010E1,-4.653508768E1,1.497603110E2
2.154106150E1,4.059827425E-1,1.956541845E-1,-5.615497739E-1,6.939448051E-1,1.320945490E2,-6.474142050E1,-4.667767228E1,1.499354641E2
2.155108250E1,4.044973822E-1,1.982998686E-1,-5.621313582E-1,6.935902026E-1,1.322807313E2,-6.495735158E1,-4.687290004E1,1.503516362E2
2.156110450E1,4.026133549E-1,2.014538648E-1,-5.627811151E-1,6.932505622E-1,1.325166922E2,-6.521572502E1,-4.709490774E1,1.508629498E2
2.157112650E1,4.010730667E-1,2.045546506E-1,-5.632145955E-1,6.928832840E-1,1.327094436E2,-6.542437138E1,-4.732795666E1,1.513114484E2
2.158114850E1,4.004460059E-1,2.071662168E-1,-5.630278217E-1,6.926216364E-1,1.327878732E2,-6.547358529E1,-4.755284160E1,1.515583926E2
2.159116950E1,4.009823772E-1,2.091649047E-1,-5.620626589E-1,6.924945110E-1,1.327207880E2,-6.531726705E1,-4.776938248E1,1.515463059E2
2.160119150E1,4.027274991E-1,2.106455234E-1,-5.603569759E-1,6.924154540E-1,1.325024026E2,-6.495974664E1,-4.799194593E1,1.512752424E2
2.161121350E1,4.055549941E-1,2.117249358E-1,-5.580470441E-1,6.923014573E-1,1.321481788E2,-6.443185985E1,-4.822721345E1,1.507777286E2
2.162123450E1,4.088271174E-1,2.127707572E-1,-5.555476622E-1,6.920663517E-1,1.317376452E2,-6.384459958E1,-4.848211638E1,1.501958898E2
2.163125650E1,4.117685670E-1,2.142170579E-1,-5.531227117E-1,6.918185914E-1,1.313680361E2,-6.328881548E1,-4.875660223E1,1.496851821E2
2.164127850E1,4.139095848E-1,2.163639552E-1,-5.508202083E-1,6.917098947E-1,1.310986668E2,-6.280040297E1,-4.905173905E1,1.493348434E2
2.165130050E1,4.150458006E-1,2.193605645E-1,-5.489098919E-1,6.916038321E-1,1.309555984E2,-6.244507117E1,-4.938198961E1,1.492072055E2
2.166132150E1,4.157811683E-1,2.226898810E-1,-5.471415260E-1,6.914994028E-1,1.308629600E2,-6.214004062E1,-4.972603281E1,1.491656919E2
2.167134350E1,4.170319603E-1,2.256334801E-1,-5.449950924E-1,6.914868852E-1,1.307053119E2,-6.172844147E1,-5.005007485E1,1.489905290E2
2.168136550E1,4.189655629E-1,2.281688238E-1,-5.424140615E-1,6.915155556E-1,1.304614073E2,-6.118843680E1,-5.036019381E1,1.486488439E2
2.169138629E1,4.212107044E-1,2.308248866E-1,-5.394899448E-1,6.915577235E-1,1.301779041E2,-6.056376615E1,-5.069051492E1,1.482323121E2
2.170140829E1,4.234157854E-1,2.341282407E-1,-5.362675126E-1,6.916069932E-1,1.298991422E2,-5.988870979E1,-5.107578820E1,1.478256435E2
2.171143029E1,4.249222402E-1,2.387410131E-1,-5.332876778E-1,6.914101252E-1,1.297085169E2,-5.931407414E1,-5.156809920E1,1.476115096E2
2.172145229E1,4.254090258E-1,2.449291925E-1,-5.307967885E-1,6.908630697E-1,1.296468877E2,-5.891494733E1,-5.218892792E1,1.476786146E2
2.173147329E1,4.252719958E-1,2.521510339E-1,-5.285366427E-1,6.900815512E-1,1.296642378E2,-5.861786308E1,-5.289708312E1,1.479182484E2
2.174149529E1,4.252814157E-1,2.593746666E-1,-5.261939522E-1,6.891881434E-1,1.296630452E2,-5.830054036E1,-5.361768336E1,1.481248877E2
2.175151729E1,4.258671515E-1,2.660797876E-1,-5.235517874E-1,6.882821758E-1,1.295888728E2,-5.787849644E1,-5.431172906E1,1.481760207E2
2.176153929E1,4.269548563E-1,2.724360592E-1,-5.202766190E-1,6.876048970E-1,1.294510754E2,-5.728360927E1,-5.497742581E1,1.480532056E2
2.177156029E1,4.284109140E-1,2.787173726E-1,-5.160599111E-1,6.873594654E-1,1.292664901E2,-5.645795452E1,-5.562190620E1,1.477537884E2
2.178158229E1,4.299338377E-1,2.853940551E-1,-5.113283900E-1,6.872047970E-1,1.290732772E2,-5.551336779E1,-5.629679473E1,1.473894654E2
2.179160429E1,4.310708121E-1,2.930766564E-1,-5.067211599E-1,6.866715340E-1,1.289289284E2,-5.462633884E1,-5.707261969E1,1.471332255E2
2.180162529E1,4.318171591E-1,3.016115407E-1,-5.022239437E-1,6.858101261E-1,1.288341260E2,-5.379324680E1,-5.793370000E1,1.469759206E2
2.181164729E1,4.324799288E-1,3.105682307E-1,-4.978041090E-1,6.846163061E-1,1.287499082E2,-5.297578764E1,-5.885052312E1,1.468367899E2
2.182166929E1,4.339894076E-1,3.190717051E-1,-4.934036303E-1,6.829342781E-1,1.285579885E2,-5.205922015E1,-5.977712527E1,1.464884538E2
2.183169129E1,4.371321822E-1,3.263761175E-1,-4.885962502E-1,6.809314915E-1,1.281579085E2,-5.084225449E1,-6.064999642E1,1.456754522E2
2.184171229E1,4.410119788E-1,3.332978839E-1,-4.839919704E-1,6.783602703E-1,1.276630656E2,-4.953808669E1,-6.153213547E1,1.446619670E2
2.185173429E1,4.441072328E-1,3.405758807E-1,-4.801828278E-1,6.754268602E-1,1.272675322E2,-4.844291921E1,-6.244578668E1,1.438553377E2
2.186175629E1,4.461573503E-1,3.485049726E-1,-4.763663411E-1,6.727280183E-1,1.270051810E2,-4.741593716E1,-6.337602643E1,1.432302168E2
2.187177729E1,4.473385474E-1,3.580876697E-1,-4.722633243E-1,6.697975585E-1,1.268538886E2,-4.638926535E1,-6.445085339E1,1.427541836E2
2.188179929E1,4.491334236E-1,3.682995298E-1,-4.677101844E-1,6.662446529E-1,1.266238022E2,-4.511607353E1,-6.562776460E1,1.420194521E2
2.189182129E1,4.527675988E-1,3.776855196E-1,-4.623709664E-1,6.622449802E-1,1.261572213E2,-4.328068150E1,-6.677071436E1,1.405851428E2
2.190184329E1,4.581751659E-1,3.859519733E-1,-4.561611946E-1,6.580529282E-1,1.254611663E2,-4.078771772E1,-6.781312504E1,1.383641616E2
2.191186429E1,4.645894000E-1,3.937229540E-1,-4.495806938E-1,6.534646642E-1,1.246326961E2,-3.781313110E1,-6.879764320E1,1.355727452E2
2.192188629E1,4.720074402E-1,4.010133051E-1,-4.433900383E-1,6.479218216E-1,1.236706342E2,-3.449971329E1,-6.975430449E1,1.322778185E2
2.193190829E1,4.804371050E-1,4.082433441E-1,-4.382501458E-1,6.406670424E-1,1.225720922E2,-3.092576909E1,-7.076918721E1,1.284988269E2
2.194192929E1,4.897351844E-1,4.157577663E-1,-4.349735049E-1,6.309541536E-1,1.213536450E2,-2.718152742E1,-7.193250629E1,1.242641132E2
2.195195129E1,4.997213586E-1,4.232044565E-1,-4.342566549E-1,6.185448728E-1,1.200368661E2,-2.335012984E1,-7.324705467E1,1.195946482E2
2.196197329E1,5.102969986E-1,4.296663336E-1,-4.362488455E-1,6.038796398E-1,1.186327706E2,-1.945659850E1,-7.461533712E1,1.144882025E2
2.197199529E1,5.217275875E-1,4.339305957E-1,-4.399050721E-1,5.882074764E-1,1.171035877E2,-1.531324846E1,-7.581362696E1,1.088072225E2
2.198201629E1,5.337639174E-1,4.352090350E-1,-4.449959488E-1,5.724226901E-1,1.154797558E2,-1.126713255E1,-7.672835810E1,1.029325749E2
2.199203829E1,5.467479837E-1,4.316423438E-1,-4.518108133E-1,5.573316185E-1,1.137116083E2,-8.211376248E0,-7.721029704E1,9.765876839E1
2.200206029E1,5.619380287E-1,4.214944107E-1,-4.596131901E-1,5.434370834E-1,1.116201368E2,-6.631863580E0,-7.707396420E1,9.336660941E1
2.201208129E1,5.783112726E-1,4.063332146E-1,-4.673793844E-1,5.310423334E-1,1.093362920E2,-6.472496393E0,-7.644412707E1,9.021972927E1
2.202210329E1,5.934832029E-1,3.891829955E-1,-4.741809506E-1,5.210246255E-1,1.071908431E2,-7.410013598E0,-7.555434902E1,8.830667494E1
2.203212529E1,6.078888640E-1,3.685989515E-1,-4.813564805E-1,5.127395297E-1,1.051259797E2,-9.744760592E0,-7.441074765E1,8.769930625E1
2.204214729E1,6.221725627E-1,3.441985709E-1,-4.875515299E-1,5.066775853E-1,1.030500787E2,-1.287772289E1,-7.283867926E1,8.783578801E1
2.205216829E1,6.372750324E-1,3.189989281E-1,-4.876115891E-1,5.043365070E-1,1.008221513E2,-1.487708338E1,-7.060488818E1,8.727994820E1
2.206219029E1,6.532843864E-1,2.939922229E-1,-4.851168013E-1,5.014476356E-1,9.842061860E1,-1.602775182E1,-6.823026671E1,8.591438176E1
2.207221229E1,6.645528521E-1,2.746447437E-1,-4.868652738E-1,4.958850945E-1,9.670393887E1,-1.744009995E1,-6.685016229E1,8.502103810E1
2.208223429E1,6.664371165E-1,2.629355590E-1,-4.974579043E-1,4.891441645E-1,9.641465656E1,-2.037051058E1,-6.696640772E1,8.610956091E1
2.209225529E1,6.570145668E-1,2.577023744E-1,-5.166636120E-1,4.847472682E-1,9.785483565E1,-2.596035374E1,-6.824111564E1,9.059389492E1
2.210227729E1,6.350698408E-1,2.586726686E-1,-5.430488984E-1,4.846366328E-1,1.011496708E2,-3.559300192E1,-7.013105137E1,1.000910371E2
2.211229929E1,6.025809057E-1,2.638207797E-1,-5.732793577E-1,4.885137582E-1,1.058900682E2,-4.995838889E1,-7.155984325E1,1.151819401E2
2.212232029E1,5.639459407E-1,2.697962862E-1,-6.027503624E-1,4.958497149E-1,1.113417449E2,-6.646554018E1,-7.133287165E1,1.330154227E2
2.213234229E1,5.231125481E-1,2.743308445E-1,-6.285521784E-1,5.059822473E-1,1.169174648E2,-8.035368097E1,-6.926373886E1,1.485930672E2
2.214236429E1,4.839792209E-1,2.758947876E-1,-6.501264336E-1,5.167027822E-1,1.221087693E2,-8.965529028E1,-6.612159341E1,1.595527324E2
2.215238629E1,4.509119100E-1,2.742392594E-1,-6.670311131E-1,5.258715657E-1,1.263955876E2,-9.506701305E1,-6.286995528E1,1.662495303E2
2.216240729E1,4.272533982E-1,2.686183450E-1,-6.774082151E-1,5.351792441E-1,1.294132405E2,-9.714024057E1,-6.003926469E1,1.692226192E2
2.217242929E1,4.118988166E-1,2.577158404E-1,-6.822092048E-1,5.463629736E-1,1.313516571E2,-9.680826321E1,-5.752385901E1,1.694338773E2
2.218245129E1,4.014476415E-1,2.423865047E-1,-6.840111722E-1,5.587640305E-1,1.326625824E2,-9.533859241E1,-5.509110723E1,1.681988468E2
2.219247329E1,3.959236595E-1,2.238592137E-1,-6.844003141E-1,5.698488677E-1,1.333528144E2,-9.351589843E1,-5.285143890E1,1.661249380E2
2.220249429E1,3.961161864E-1,2.052467861E-1,-6.834394081E-1,5.778202697E-1,1.333287881E2,-9.168323005E1,-5.113570550E1,1.635945339E2
2.221251629E1,4.006185761E-1,1.897695572E-1,-6.810269857E-1,5.828331210E-1,1.327662913E2,-8.996611889E1,-5.007383011E1,1.610413879E2
2.222253829E1,4.071454055E-1,1.785416789E-1,-6.768836554E-1,5.866719719E-1,1.319487213E2,-8.824301745E1,-4.952338208E1,1.586793794E2
2.223255929E1,4.171973446E-1,1.720654784E-1,-6.677335746E-1,5.920064985E-1,1.306844597E2,-8.566478862E1,-4.954193640E1,1.559756953E2
2.224258129E1,4.316556734E-1,1.715055786E-1,-6.614688881E-1,5.888276778E-1,1.288546414E2,-8.402001606E1,-5.062659018E1,1.536618481E2
2.225260329E1,4.429637677E-1,1.750190031E-1,-6.587919943E-1,5.823612449E-1,1.274137307E2,-8.341084965E1,-5.195161282E1,1.524224656E2
2.226262529E1,4.439408423E-1,1.824120661E-1,-6.571005570E-1,5.812584041E-1,1.272888119E2,-8.337711026E1,-5.270105532E1,1.528666262E2
2.227264629E1,4.369632208E-1,1.952729241E-1,-6.583275360E-1,5.809789284E-1,1.281794348E2,-8.452649843E1,-5.334346240E1,1.551782413E2
2.228266829E1,4.269968029E-1,2.134878015E-1,-6.619048551E-1,5.779089045E-1,1.294457597E2,-8.679701029E1,-5.429332290E1,1.588151435E2
2.229269029E1,4.174775579E-1,2.345183414E-1,-6.648841948E-1,5.732736363E-1,1.306491254E2,-8.940731897E1,-5.549075899E1,1.628770051E2
2.230271129E1,4.098719747E-1,2.551262958E-1,-6.664358732E-1,5.681362041E-1,1.316064146E2,-9.192814744E1,-5.674097131E1,1.667525362E2
2.231273329E1,4.034954463E-1,2.727140071E-1,-6.691579695E-1,5.612895803E-1,1.324062433E2,-9.476705715E1,-5.779508467E1,1.704982346E2
2.232275529E1,3.961185940E-1,2.861869216E-1,-6.737219675E-1,5.543336381E-1,1.333284876E2,-9.783774790E1,-5.832427583E1,1.741476708E2
2.233277729E1,3.828946989E-1,2.979048413E-1,-6.799065117E-1,5.498830837E-1,1.349737947E2,-1.011103747E2,-5.802625807E1,1.782685451E2
2.234279829E1,3.625732693E-1,3.076019039E-1,-6.887146973E-1,5.473515648E-1,1.374833727E2,-1.045605169E2,-5.673596742E1,-1.772004380E2
2.235282029E1,3.439325927E-1,3.112727258E-1,-6.969731194E-1,5.468528517E-1,1.397666982E2,-1.067829724E2,-5.507121192E1,-1.742124872E2
2.236284229E1,3.347301234E-1,3.072559415E-1,-7.010345794E-1,5.496363560E-1,1.408877445E2,-1.069066626E2,-5.381091938E1,-1.738911633E2
2.237286429E1,3.380070514E-1,2.945021998E-1,-6.995780053E-1,5.564263714E-1,1.404890014E2,-1.047248569E2,-5.319338233E1,-1.765644522E2
2.238288529E1,3.520495173E-1,2.740406003E-1,-6.936528117E-1,5.655162875E-1,1.387745518E2,-1.007675414E2,-5.297274293E1,1.782870027E2
2.239290729E1,3.722150668E-1,2.490024220E-1,-6.848869416E-1,5.747901431E-1,1.362954176E2,-9.589410039E1,-5.275915914E1,1.717521916E2
2.240292929E1,3.932718957E-1,2.241746407E-1,-6.745919838E-1,5.831025869E-1,1.336835197E2,-9.100026651E1,-5.237560259E1,1.651769231E2
2.241295029E1,4.120719717E-1,2.030942833E-1,-6.641416095E-1,5.898011015E-1,1.313298811E2,-8.671701990E1,-5.189848897E1,1.594785388E2
2.242297229E1,4.267037032E-1,1.877870959E-1,-6.551992705E-1,5.944525646E-1,1.294829000E2,-8.346282790E1,-5.148203699E1,1.551983436E2
2.243299429E1,4.355157558E-1,1.791071421E-1,-6.492177687E-1,5.972963916E-1,1.283637665E2,-8.147444354E1,-5.121017538E1,1.526612131E2
2.244301629E1,4.373652806E-1,1.768350265E-1,-6.469340627E-1,5.990971210E-1,1.281282077E2,-8.080744832E1,-5.105736991E1,1.519829917E2
2.245303729E1,4.325152900E-1,1.795491782E-1,-6.482700546E-1,6.003654725E-1,1.287454140E2,-8.132955855E1,-5.092883223E1,1.529593748E2
2.246305929E1,4.221069783E-1,1.855346840E-1,-6.526069864E-1,6.012542441E-1,1.300646371E2,-8.279908715E1,-5.071870626E1,1.552141690E2
2.247308129E1,4.076755075E-1,1.932994611E-1,-6.587957664E-1,6.020167333E-1,1.318822056E2,-8.485344037E1,-5.034390577E1,1.582805811E2
2.248310329E1,3.911160950E-1,2.013263073E-1,-6.656993570E-1,6.027772310E-1,1.339520721E2,-8.710467813E1,-4.976852126E1,1.616378068E2
2.249312429E1,3.744741274E-1,2.081732736E-1,-6.722159763E-1,6.037870168E-1,1.360163711E2,-8.916320203E1,-4.901135826E1,1.647675876E2
2.250314629E1,3.595763017E-1,2.128757661E-1,-6.775714077E-1,6.052155527E-1,1.378516449E2,-9.075909196E1,-4.815469203E1,1.672911043E2
2.251316829E1,3.479459526E-1,2.149834878E-1,-6.814529217E-1,6.069082649E-1,1.392765365E2,-9.179146679E1,-4.732142082E1,1.690005372E2
2.252318929E1,3.401596384E-1,2.148158487E-1,-6.837797439E-1,6.087617358E-1,1.402267992E2,-9.228612561E1,-4.661311104E1,1.699071372E2
2.253321129E1,3.364333618E-1,2.133002481E-1,-6.847225689E-1,6.103037099E-1,1.406805529E2,-9.237272695E1,-4.614395893E1,1.701479135E2
2.254323329E1,3.382082077E-1,2.105663295E-1,-6.838916227E-1,6.112031658E-1,1.404645081E2,-9.198944773E1,-4.605391360E1,1.695880927E2
2.255325529E1,3.461618976E-1,2.063512443E-1,-6.809049073E-1,6.115224808E-1,1.394945231E2,-9.103172572E1,-4.636774483E1,1.680937315E2
2.256327629E1,3.585778428E-1,2.005488033E-1,-6.762395884E-1,6.114753712E-1,1.379742357E2,-8.958399930E1,-4.690571056E1,1.658267544E2
2.257329829E1,3.725933032E-1,1.931193887E-1,-6.708481003E-1,6.114261121E-1,1.362487157E2,-8.785503437E1,-4.739715644E1,1.631230788E2
2.258332029E1,3.860643000E-1,1.841211840E-1,-6.655060083E-1,6.116825967E-1,1.345803416E2,-8.604988918E1,-4.765511791E1,1.602850492E2
2.259334229E1,3.975274525E-1,1.744558369E-1,-6.608468217E-1,6.122242996E-1,1.331526034E2,-8.440397632E1,-4.764814701E1,1.576501593E2
2.260336329E1,4.069979863E-1,1.649752405E-1,-6.571960617E-1,6.125593987E-1,1.319672160E2,-8.305196221E1,-4.748235254E1,1.553581166E2
2.261338529E1,4.157794403E-1,1.562731386E-1,-6.538995460E-1,6.124717438E-1,1.308631777E2,-8.185940753E1,-4.732257494E1,1.532666485E2
2.262340729E1,4.245728323E-1,1.488711194E-1,-6.503449861E-1,6.120676819E-1,1.297527438E2,-8.069079474E1,-4.726295963E1,1.512804605E2
2.263342929E1,4.330806794E-1,1.432315760E-1,-6.463892937E-1,6.116425888E-1,1.286735455E2,-7.951880778E1,-4.731486319E1,1.494490561E2
2.264345029E1,4.406437207E-1,1.396784913E-1,-6.422681116E-1,6.114039112E-1,1.277100795E2,-7.839851042E1,-4.746146323E1,1.478870590E2
2.265347229E1,4.465983539E-1,1.383469249E-1,-6.382866463E-1,6.115555977E-1,1.269487072E2,-7.739868486E1,-4.767430533E1,1.467052844E2
2.266349429E1,4.501735341E-1,1.396258499E-1,-6.350800930E-1,6.119817550E-1,1.264903635E2,-7.667307615E1,-4.796102178E1,1.460832369E2
2.267351629E1,4.507832936E-1,1.439917155E-1,-6.334793979E-1,6.121803721E-1,1.264120993E2,-7.642450798E1,-4.836752524E1,1.462088584E2
2.268353729E1,4.486541981E-1,1.512114707E-1,-6.338019055E-1,6.116695575E-1,1.266852571E2,-7.672981523E1,-4.891179269E1,1.470797705E2
2.269355912E1,4.443012663E-1,1.606707618E-1,-6.358227416E-1,6.103365423E-1,1.272427147E2,-7.755033722E1,-4.956304962E1,1.485898700E2
2.270358113E1,4.382341011E-1,1.719580461E-1,-6.390640660E-1,6.082584076E-1,1.280174720E2,-7.880335125E1,-5.029189497E1,1.506300591E2
2.271360212E1,4.312986475E-1,1.846098768E-1,-6.430595662E-1,6.052892675E-1,1.288999923E2,-8.039530095E1,-5.109480394E1,1.530440959E2
2.272362413E1,4.247830134E-1,1.979867596E-1,-6.470583117E-1,6.013952201E-1,1.297261407E2,-8.213879712E1,-5.198553902E1,1.555701338E2
2.273364612E1,4.200061264E-1,2.110317993E-1,-6.503847095E-1,5.967076950E-1,1.303300514E2,-8.381246297E1,-5.295662851E1,1.578904164E2
2.274366813E1,4.178363593E-1,2.223445614E-1,-6.524885538E-1,5.918059796E-1,1.306038740E2,-8.516172582E1,-5.394345968E1,1.596791310E2
2.275368912E1,4.186160127E-1,2.306297467E-1,-6.533421539E-1,5.871240337E-1,1.305055172E2,-8.602351319E1,-5.486671194E1,1.607006174E2
2.276371113E1,4.224037869E-1,2.353434502E-1,-6.528876423E-1,5.830319593E-1,1.300271162E2,-8.626674458E1,-5.568898382E1,1.608143180E2
2.277373312E1,4.292244272E-1,2.367065004E-1,-6.507517032E-1,5.798781791E-1,1.291632992E2,-8.574999884E1,-5.642461656E1,1.599368416E2
2.278375513E1,4.388599976E-1,2.355477781E-1,-6.468209406E-1,5.775307261E-1,1.279376658E2,-8.447396469E1,-5.711898836E1,1.581338649E2
2.279377612E1,4.505224415E-1,2.331834032E-1,-6.416488690E-1,5.752755431E-1,1.264455836E2,-8.268206674E1,-5.782696381E1,1.557020317E2
2.280379813E1,4.632159290E-1,2.307719712E-1,-6.360233184E-1,5.724069074E-1,1.248103580E2,-8.067701429E1,-5.858597144E1,1.529858168E2
2.281382012E1,4.761685248E-1,2.289867361E-1,-6.302611488E-1,5.688581164E-1,1.231290803E2,-7.859351947E1,-5.940010611E1,1.501841548E2
2.282384213E1,4.890060993E-1,2.279408620E-1,-6.244741758E-1,5.647548020E-1,1.214494474E2,-7.646283767E1,-6.025068586E1,1.473575845E2
2.283386312E1,5.013943699E-1,2.277328041E-1,-6.189517796E-1,5.600359091E-1,1.198154125E2,-7.436915800E1,-6.113445250E1,1.445949107E2
2.284388513E1,5.131070607E-1,2.285668692E-1,-6.138167972E-1,5.547137763E-1,1.182579760E2,-7.235833884E1,-6.206576128E1,1.419616366E2
2.285390712E1,5.240097023E-1,2.306894477E-1,-6.091086781E-1,5.488014059E-1,1.167967984E2,-7.045195462E1,-6.307032735E1,1.395013992E2
2.286392913E1,5.329578899E-1,2.351650426E-1,-6.054494677E-1,5.422953753E-1,1.155889475E2,-6.894978828E1,-6.421279882E1,1.376110100E2
2.287395012E1,5.388627628E-1,2.428379818E-1,-6.037329740E-1,5.349422524E-1,1.147874886E2,-6.827735190E1,-6.556997168E1,1.367646363E2
2.288397213E1,5.414657581E-1,2.533459181E-1,-6.044717556E-1,5.265402722E-1,1.144330496E2,-6.874901690E1,-6.713090640E1,1.372247628E2
2.289399412E1,5.406758385E-1,2.658974709E-1,-6.072878710E-1,5.178509441E-1,1.145406841E2,-7.048665232E1,-6.876176477E1,1.391316469E2
2.290401513E1,5.368980927E-1,2.792515839E-1,-6.111761180E-1,5.101203243E-1,1.150545456E2,-7.332375659E1,-7.025108281E1,1.423456069E2
2.291403712E1,5.308178263E-1,2.930405576E-1,-6.151585316E-1,5.039243938E-1,1.158785425E2,-7.698189324E1,-7.151646509E1,1.466149564E2
2.292405913E1,5.234089596E-1,3.071920364E-1,-6.190738895E-1,4.984210678E-1,1.168776064E2,-8.138783368E1,-7.260752716E1,1.517664139E2
2.293408112E1,5.157460093E-1,3.211206742E-1,-6.225755867E-1,4.932414519E-1,1.179053353E2,-8.624630923E1,-7.352868447E1,1.574066362E2
2.294410213E1,5.080090794E-1,3.345225712E-1,-6.250981177E-1,4.891561065E-1,1.189373874E2,-9.111894822E1,-7.423382224E1,1.631472907E2
2.295412412E1,5.003528541E-1,3.468216011E-1,-6.265330598E-1,4.866396841E-1,1.199533052E2,-9.557782636E1,-7.469394307E1,1.685521571E2
2.296414613E1,4.939425348E-1,3.568723917E-1,-6.263790237E-1,4.861195443E-1,1.207999119E2,-9.873845060E1,-7.496240093E1,1.726581002E2
2.297416812E1,4.897706909E-1,3.640746664E-1,-6.240709252E-1,4.879650506E-1,1.213489783E2,-9.989445548E1,-7.515326891E1,1.747232243E2
2.298418913E1,4.876806097E-1,3.691762263E-1,-6.195830235E-1,4.919283064E-1,1.216235031E2,-9.918615374E1,-7.536017406E1,1.749296301E2
2.299421112E1,4.866820364E-1,3.730516080E-1,-6.140951877E-1,4.968501612E-1,1.217545325E2,-9.750637011E1,-7.556698408E1,1.741423064E2
2.300423313E1,4.858867175E-1,3.763721475E-1,-6.088472728E-1,5.015606695E-1,1.218588319E2,-9.575737688E1,-7.574479364E1,1.732138095E2
2.301425512E1,4.843262410E-1,3.803334665E-1,-6.042949707E-1,5.055710580E-1,1.220633220E2,-9.463083086E1,-7.591199828E1,1.729072555E2
2.302427613E1,4.812717588E-1,3.856063007E-1,-6.006834810E-1,5.087873841E-1,1.224630089E2,-9.453112156E1,-7.606444786E1,1.736885122E2
2.303429812E1,4.764649133E-1,3.918365848E-1,-5.979863671E-1,5.117202121E-1,1.230904534E2,-9.532665548E1,-7.613437797E1,1.754507839E2
2.304432013E1,4.698232220E-1,3.983321517E-1,-5.964538445E-1,5.146265126E-1,1.239543558E2,-9.686590159E1,-7.603428284E1,1.780069372E2
2.305434212E1,4.616921571E-1,4.043064043E-1,-5.961908271E-1,5.176227426E-1,1.250072934E2,-9.881392726E1,-7.571250988E1,-1.790427776E2
2.306436313E1,4.524184043E-1,4.093354716E-1,-5.971531029E-1,5.207401052E-1,1.262020951E2,-1.008682565E2,-7.515912371E1,-1.760403701E2
2.307438512E1,4.428431935E-1,4.124945676E-1,-5.997553968E-1,5.234802773E-1,1.274291415E2,-1.028124548E2,-7.437831782E1,-1.733568254E2
2.308440713E1,4.338168479E-1,4.132331384E-1,-6.040775667E-1,5.254822605E-1,1.285799361E2,-1.044765015E2,-7.341782741E1,-1.712684630E2
2.309442912E1,4.253405161E-1,4.123329555E-1,-6.099214906E-1,5.263675235E-1,1.296555623E2,-1.060926714E2,-7.234991668E1,-1.695084123E2
2.310445013E1,4.184290599E-1,4.099848387E-1,-6.163588633E-1,5.262425633E-1,1.305291057E2,-1.074340433E2,-7.131744724E1,-1.682913183E2
2.311447212E1,4.141207142E-1,4.063130263E-1,-6.218486378E-1,5.260400161E-1,1.310720883E2,-1.080557713E2,-7.047823607E1,-1.679710013E2
2.312449413E1,4.133138602E-1,4.009445609E-1,-6.258922592E-1,5.259979483E-1,1.311736460E2,-1.078009148E2,-6.991295369E1,-1.687349352E2
2.313451612E1,4.160778031E-1,3.932751200E-1,-6.283870786E-1,5.266341603E-1,1.308255815E2,-1.064937014E2,-6.957668266E1,-1.707625072E2
2.314453713E1,4.214001177E-1,3.832970222E-1,-6.295372661E-1,5.283826539E-1,1.301539713E2,-1.041795385E2,-6.933002760E1,-1.739377252E2
2.315455912E1,4.282559242E-1,3.713424163E-1,-6.298311034E-1,5.310503492E-1,1.292861449E2,-1.011509269E2,-6.904487860E1,-1.779304662E2
2.316458113E1,4.358085921E-1,3.580966628E-1,-6.295259708E-1,5.343544566E-1,1.283264860E2,-9.774829950E1,-6.865517409E1,1.776554056E2
2.317460312E1,4.437642417E-1,3.441688574E-1,-6.289218800E-1,5.376601077E-1,1.273113952E2,-9.431641005E1,-6.816792930E1,1.731619777E2
2.318462413E1,4.522984833E-1,3.300270724E-1,-6.285778774E-1,5.398128739E-1,1.262175037E2,-9.121421448E1,-6.765559638E1,1.688652766E2
2.319464612E1,4.614637739E-1,3.161911155E-1,-6.289147045E-1,5.399450939E-1,1.250367949E2,-8.867205264E1,-6.720461904E1,1.649481702E2
2.320466813E1,4.712117341E-1,3.027320779E-1,-6.296619997E-1,5.383667102E-1,1.237740368E2,-8.653765181E1,-6.683415206E1,1.612993456E2
2.321469012E1,4.811318852E-1,2.897959457E-1,-6.298002414E-1,5.365465090E-1,1.224812933E2,-8.442626514E1,-6.649308759E1,1.577120670E2
2.322471113E1,4.910125817E-1,2.774072484E-1,-6.286801994E-1,5.354559593E-1,1.211856852E2,-8.210116765E1,-6.612894413E1,1.540582038E2
2.323473312E1,5.002368120E-1,2.660707576E-1,-6.265473160E-1,5.351709070E-1,1.199686628E2,-7.972832170E1,-6.573168686E1,1.505606084E2
2.324475513E1,5.079786019E-1,2.564469041E-1,-6.241288034E-1,5.354026264E-1,1.189414420E2,-7.763486433E1,-6.532533295E1,1.475763908E2
2.325477612E1,5.140517784E-1,2.484778623E-1,-6.220754932E-1,5.357532197E-1,1.181318089E2,-7.599164308E1,-6.493174053E1,1.452237184E2
2.326479813E1,5.183814188E-1,2.419310237E-1,-6.210374164E-1,5.357822378E-1,1.175525145E2,-7.494110867E1,-6.457035031E1,1.435722921E2
2.327482012E1,5.213675006E-1,2.362743898E-1,-6.212142013E-1,5.352039211E-1,1.171519490E2,-7.444257969E1,-6.424650684E1,1.424975161E2
2.328484213E1,5.238091311E-1,2.311081345E-1,-6.221079463E-1,5.340361370E-1,1.168237818E2,-7.424643363E1,-6.397097189E1,1.417095803E2
2.329486312E1,5.263762900E-1,2.261976684E-1,-6.232992902E-1,5.322223108E-1,1.164781186E2,-7.416173474E1,-6.376063573E1,1.409859499E2
2.330488513E1,5.297420586E-1,2.210298115E-1,-6.243665959E-1,5.297977656E-1,1.160239431E2,-7.399135280E1,-6.359960466E1,1.400849251E2
2.331490712E1,5.339648946E-1,2.156452987E-1,-6.244605834E-1,5.276623787E-1,1.154525194E2,-7.348757945E1,-6.343862485E1,1.388603774E2
2.332492913E1,5.392720153E-1,2.093194150E-1,-6.233274865E-1,5.261499917E-1,1.147318090E2,-7.254056698E1,-6.319582433E1,1.371760921E2
2.333495012E1,5.447573993E-1,2.020515281E-1,-6.217345885E-1,5.252244753E-1,1.139838266E2,-7.145533525E1,-6.282727272E1,1.353401651E2
2.334497213E1,5.496531476E-1,1.940751738E-1,-6.203383266E-1,5.247823845E-1,1.133135586E2,-7.049773144E1,-6.232992565E1,1.336319164E2
2.335499412E1,5.539466589E-1,1.857935710E-1,-6.190687792E-1,5.247644181E-1,1.127236123E2,-6.966947568E1,-6.174602202E1,1.320805242E2
2.336501613E1,5.581988492E-1,1.778711225E-1,-6.175208308E-1,5.248274750E-1,1.121373451E2,-6.883678682E1,-6.117568291E1,1.305682233E2
2.337503712E1,5.630488293E-1,1.708235794E-1,-6.155368944E-1,5.243181988E-1,1.114661841E2,-6.791321898E1,-6.072544005E1,1.289782878E2
2.338505913E1,5.686123344E-1,1.645505267E-1,-6.133875737E-1,5.228373746E-1,1.106929676E2,-6.694336341E1,-6.041518543E1,1.273033456E2
2.339508112E1,5.744581366E-1,1.586940536E-1,-6.113588773E-1,5.206289298E-1,1.098766120E2,-6.601418968E1,-6.018572337E1,1.256286809E2
2.340510313E1,5.801040415E-1,1.525506446E-1,-6.096549645E-1,5.181972278E-1,1.090842786E2,-6.520759126E1,-5.993175732E1,1.240334036E2
2.341512412E1,5.851740913E-1,1.459282157E-1,-6.081012420E-1,5.162258143E-1,1.083694206E2,-6.451687193E1,-5.958192712E1,1.225690678E2
2.342514613E1,5.897883705E-1,1.393279771E-1,-6.062436197E-1,5.149816814E-1,1.077160165E2,-6.382658997E1,-5.916127087E1,1.211898196E2
2.343516812E1,5.944599008E-1,1.332226267E-1,-6.038970939E-1,5.139820688E-1,1.070517216E2,-6.304735774E1,-5.875236636E1,1.197922550E2
2.344519013E1,5.995104288E-1,1.281165571E-1,-6.010970891E-1,5.126946644E-1,1.063303145E2,-6.214581216E1,-5.844052108E1,1.183269837E2
2.345521112E1,6.045919532E-1,1.242737128E-1,-5.982956513E-1,5.109470400E-1,1.056010303E2,-6.122948236E1,-5.825999896E1,1.169047488E2
2.346523313E1,6.089138438E-1,1.215424074E-1,-5.961004116E-1,5.090341790E-1,1.049779837E2,-6.048327914E1,-5.817754047E1,1.157288540E2
2.347525512E1,6.121793605E-1,1.193497176E-1,-5.945872133E-1,5.074034542E-1,1.045054954E2,-5.995850920E1,-5.811445272E1,1.148501441E2
2.348527613E1,6.144846456E-1,1.173412095E-1,-5.935936013E-1,5.062471765E-1,1.041710335E2,-5.962318840E1,-5.802893678E1,1.142271356E2
2.349529812E1,6.162541811E-1,1.157488805E-1,-5.927727704E-1,5.054240064E-1,1.039137841E2,-5.935843157E1,-5.795179135E1,1.137447425E2
2.350532013E1,6.179382216E-1,1.149806699E-1,-5.920227672E-1,5.044213118E-1,1.036685434E2,-5.908408049E1,-5.795853731E1,1.133016163E2
2.351534212E1,6.198173547E-1,1.150263360E-1,-5.912887166E-1,5.029642373E-1,1.033944041E2,-5.876024683E1,-5.806950183E1,1.128279214E2
2.352536313E1,6.218545279E-1,1.154970531E-1,-5.905773410E-1,5.011744661E-1,1.030966225E2,-5.840468530E1,-5.824156365E1,1.123226159E2
2.353538512E1,6.238953836E-1,1.159157188E-1,-5.898359990E-1,4.994112737E-1,1.027976852E2,-5.804100909E1,-5.840483487E1,1.118084109E2
2.354540713E1,6.258458607E-1,1.159658314E-1,-5.888452531E-1,4.981268011E-1,1.025114033E2,-5.765081918E1,-5.849385331E1,1.112889955E2
2.355542912E1,6.279085328E-1,1.151828483E-1,-5.874052849E-1,4.974122382E-1,1.022080282E2,-5.720019384E1,-5.845836956E1,1.107021870E2
2.356545013E1,6.303981208E-1,1.136260070E-1,-5.854468684E-1,4.969300203E-1,1.018409974E2,-5.664706260E1,-5.832688232E1,1.099755597E2
2.357547212E1,6.332250047E-1,1.119981060E-1,-5.831998302E-1,4.963470345E-1,1.014230793E2,-5.601425876E1,-5.818701929E1,1.091543618E2
2.358549413E1,6.362388574E-1,1.107856887E-1,-5.808446433E-1,4.955260824E-1,1.009761422E2,-5.532595183E1,-5.809290683E1,1.082879638E2
2.359551612E1,6.395378440E-1,1.100516592E-1,-5.784008425E-1,4.942999621E-1,1.004852674E2,-5.456855796E1,-5.806140324E1,1.073505615E2
2.360553713E1,6.428193871E-1,1.099106991E-1,-5.764602963E-1,4.923377839E-1,9.999524638E1,-5.386949821E1,-5.814061746E1,1.064425260E2
2.361555912E1,6.456180643E-1,1.104455215E-1,-5.753356287E-1,4.898652391E-1,9.957593673E1,-5.332353693E1,-5.833162217E1,1.056877955E2
2.362558113E1,6.480244649E-1,1.110246403E-1,-5.745990493E-1,4.874155115E-1,9.921435987E1,-5.288106002E1,-5.853275700E1,1.050419835E2
2.363560312E1,6.505860608E-1,1.106126127E-1,-5.734755408E-1,4.854159016E-1,9.882839413E1,-5.241173013E1,-5.860284077E1,1.043371261E2
2.364562413E1,6.537699602E-1,1.087200506E-1,-5.715009609E-1,4.838919138E-1,9.834710500E1,-5.182064023E1,-5.848220310E1,1.034428379E2
2.365564612E1,6.574048414E-1,1.057923198E-1,-5.691203805E-1,4.824197559E-1,9.779549943E1,-5.118633884E1,-5.825058493E1,1.024288559E2
2.366566813E1,6.613911694E-1,1.025015992E-1,-5.667282729E-1,4.804938188E-1,9.718788447E1,-5.054628764E1,-5.801220077E1,1.013342160E2
2.367569012E1,6.658754571E-1,9.929152662E-2,-5.641426058E-1,4.780105792E-1,9.650095367E1,-4.982120042E1,-5.780312528E1,1.001066999E2
2.368571113E1,6.708784566E-1,9.613601315E-2,-5.612971667E-1,4.750003670E-1,9.573019849E1,-4.899960538E1,-5.761344476E1,9.873680754E1
2.369573637E1,6.762512104E-1,9.313819211E-2,-5.580585186E-1,4.717840145E-1,9.489722119E1,-4.807170849E1,-5.742184141E1,9.725720585E1
2.370575837E1,6.813856448E-1,9.073411480E-2,-5.548461069E-1,4.686433789E-1,9.409596533E1,-4.714124713E1,-5.726411189E1,9.583341118E1
2.371578037E1,6.852919096E-1,8.933835869E-2,-5.528219834E-1,4.655979214E-1,9.348286298E1,-4.646187836E1,-5.723320198E1,9.474677176E1
2.372580137E1,6.880557840E-1,8.867073153E-2,-5.520511386E-1,4.625540233E-1,9.304719262E1,-4.604547667E1,-5.732155514E1,9.397555507E1
2.373582337E1,6.906901201E-1,8.823855775E-2,-5.511032560E-1,4.598327804E-1,9.263047459E1,-4.559714889E1,-5.739794906E1,9.322612656E1
2.374584538E1,6.935089961E-1,8.783116631E-2,-5.497119042E-1,4.573266340E-1,9.218295553E1,-4.505776148E1,-5.743649123E1,9.241307953E1
2.375586637E1,6.965004319E-1,8.726395402E-2,-5.480649318E-1,4.548593364E-1,9.170619369E1,-4.447350307E1,-5.744130389E1,9.154866077E1
2.376588837E1,6.995633488E-1,8.638776319E-2,-5.459467155E-1,4.528691411E-1,9.121603620E1,-4.384749730E1,-5.736183469E1,9.066892761E1
2.377591037E1,7.024399555E-1,8.520779895E-2,-5.436842938E-1,4.513593567E-1,9.075381751E1,-4.326329281E1,-5.721726690E1,8.985563853E1
2.378593238E1,7.050858714E-1,8.412576290E-2,-5.415823883E-1,4.499613247E-1,9.032703622E1,-4.272776381E1,-5.708006853E1,8.910946340E1
2.379595337E1,7.076649214E-1,8.349219040E-2,-5.396242246E-1,4.483806493E-1,8.990951378E1,-4.217818057E1,-5.699455802E1,8.836721834E1
2.380597537E1,7.099718713E-1,8.384278896E-2,-5.379738173E-1,4.466480766E-1,8.953474651E1,-4.160547004E1,-5.701246070E1,8.766531629E1
2.381599737E1,7.116202977E-1,8.550541892E-2,-5.370834019E-1,4.447773677E-1,8.926619883E1,-4.107988162E1,-5.718879524E1,8.709850846E1
2.382601938E1,7.124215515E-1,8.824015933E-2,-5.371814776E-1,4.428378961E-1,8.913543496E1,-4.067633672E1,-5.751707123E1,8.672707469E1
2.383604037E1,7.126557088E-1,9.151861516E-2,-5.378693352E-1,4.409568085E-1,8.909719208E1,-4.036175777E1,-5.792382509E1,8.649051725E1
2.384606237E1,7.127943403E-1,9.473463044E-2,-5.385004421E-1,4.392799856E-1,8.907454450E1,-4.005537311E1,-5.831080498E1,8.627801053E1
2.385608437E1,7.132867736E-1,9.715624084E-2,-5.385655379E-1,4.378696783E-1,8.899406117E1,-3.970954817E1,-5.858198005E1,8.599205725E1
2.386610638E1,7.143164422E-1,9.843293210E-2,-5.378076744E-1,4.368363008E-1,8.882558581E1,-3.930761004E1,-5.868556155E1,8.559995865E1
2.387612737E1,7.157455154E-1,9.859631436E-2,-5.363301955E-1,4.362762956E-1,8.859133958E1,-3.888587542E1,-5.862547153E1,8.514912691E1
2.388614938E1,7.172437831E-1,9.759359868E-2,-5.346438580E-1,4.361109641E-1,8.834522318E1,-3.856758139E1,-5.843679330E1,8.474660945E1
2.389617137E1,7.187383315E-1,9.569741197E-2,-5.329659076E-1,4.361245143E-1,8.809917450E1,-3.835894544E1,-5.816797569E1,8.439811480E1
2.390619338E1,7.201412736E-1,9.371455026E-2,-5.315931216E-1,4.359160138E-1,8.786770904E1,-3.821178586E1,-5.792434556E1,8.407991330E1
2.391621437E1,7.216160761E-1,9.207539610E-2,-5.304269393E-1,4.352465533E-1,8.762386328E1,-3.803740849E1,-5.774488825E1,8.371605973E1
2.392623638E1,7.232912132E-1,9.092740024E-2,-5.290486110E-1,4.343842604E-1,8.734623616E1,-3.775330073E1,-5.759779312E1,8.326590948E1
2.393625837E1,7.248174875E-1,9.028480832E-2,-5.277119869E-1,4.335993491E-1,8.709266587E1,-3.744113555E1,-5.748861037E1,8.283644555E1
2.394627937E1,7.256571897E-1,9.029454424E-2,-5.269043268E-1,4.331747934E-1,8.695290849E1,-3.722000597E1,-5.745087588E1,8.258196716E1
2.395630137E1,7.256014611E-1,9.088571701E-2,-5.267218942E-1,4.333663192E-1,8.696218936E1,-3.714079713E1,-5.747468510E1,8.257146418E1
2.396632338E1,7.248437661E-1,9.132082000E-2,-5.272251065E-1,4.339305601E-1,8.708829487E1,-3.726510273E1,-5.751856021E1,8.278186263E1
2.397634537E1,7.239225097E-1,9.117516049E-2,-5.279064524E-1,4.346701635E-1,8.724142600E1,-3.750327619E1,-5.752106957E1,8.307409499E1
2.398636638E1,7.234557755E-1,9.083935548E-2,-5.280434929E-1,4.353505823E-1,8.731892460E1,-3.763320059E1,-5.747172200E1,8.324161534E1
2.399638837E1,7.235614061E-1,9.048213986E-2,-5.278546540E-1,4.354781924E-1,8.730139005E1,-3.763831459E1,-5.742384099E1,8.323157657E1
2.400641038E1,7.243556002E-1,9.001081166E-2,-5.271539205E-1,4.351042023E-1,8.716946453E1,-3.749222391E1,-5.735425290E1,8.301663139E1
2.401643237E1,7.255467755E-1,8.934103501E-2,-5.258238291E-1,4.348672317E-1,8.697129574E1,-3.724183793E1,-5.721649737E1,8.270017453E1
2.402645338E1,7.262239068E-1,8.842971478E-2,-5.249093900E-1,4.350277269E-1,8.685848421E1,-3.714691138E1,-5.707072805E1,8.255447468E1
2.403647537E1,7.260059233E-1,8.737161815E-2,-5.248481507E-1,4.356788957E-1,8.689481353E1,-3.729982581E1,-5.695238608E1,8.268477431E1
2.404649738E1,7.253593801E-1,8.618457323E-2,-5.250422158E-1,4.367568540E-1,8.700249554E1,-3.756072825E1,-5.682173800E1,8.295191850E1
2.405651937E1,7.246415982E-1,8.496577067E-2,-5.251097772E-1,4.381038884E-1,8.712191762E1,-3.782125609E1,-5.666589864E1,8.324367376E1
2.406654038E1,7.242240915E-1,8.378844060E-2,-5.247879018E-1,4.394049616E-1,8.719132078E1,-3.798738977E1,-5.648716871E1,8.344363034E1
2.407656237E1,7.243906348E-1,8.262394425E-2,-5.240071103E-1,4.402818057E-1,8.716364118E1,-3.801264313E1,-5.629723293E1,8.346651068E1
2.408658438E1,7.249384174E-1,8.153961121E-2,-5.228070420E-1,4.410082909E-1,8.707254975E1,-3.792706208E1,-5.609104560E1,8.337431350E1
2.409660637E1,7.254735454E-1,8.050161862E-2,-5.214443501E-1,4.419314439E-1,8.698348902E1,-3.782233787E1,-5.586733323E1,8.328770911E1
2.410662738E1,7.258208881E-1,7.938099714E-2,-5.201700612E-1,4.430641299E-1,8.692564211E1,-3.776492450E1,-5.563336311E1,8.326162139E1
2.411664937E1,7.258684929E-1,7.811768750E-2,-5.192654634E-1,4.442699723E-1,8.691771154E1,-3.780577674E1,-5.541122133E1,8.332609347E1
2.412667138E1,7.253610027E-1,7.721582924E-2,-5.189901180E-1,4.455765668E-1,8.700222542E1,-3.795179629E1,-5.525749696E1,8.352952096E1
2.413669337E1,7.243662950E-1,7.672561924E-2,-5.193155339E-1,4.468984184E-1,8.716768691E1,-3.818409230E1,-5.517764318E1,8.384894414E1
2.414671438E1,7.234332480E-1,7.609834770E-2,-5.196785868E-1,4.480933658E-1,8.732266377E1,-3.842491219E1,-5.509519244E1,8.415298813E1
2.415673637E1,7.226479890E-1,7.542382953E-2,-5.199730669E-1,4.491316745E-1,8.745292341E1,-3.864109652E1,-5.501132933E1,8.441385165E1
2.416675838E1,7.217360787E-1,7.501757606E-2,-5.206891418E-1,4.498358851E-1,8.760399811E1,-3.889029145E1,-5.499395000E1,8.469283916E1
2.417678037E1,7.207965201E-1,7.497896955E-2,-5.216421242E-1,4.502445620E-1,8.775943635E1,-3.912947385E1,-5.503611309E1,8.496053913E1
2.418680138E1,7.198980441E-1,7.513779994E-2,-5.226613825E-1,4.504732403E-1,8.790787317E1,-3.934963225E1,-5.510691786E1,8.520701171E1
2.419682337E1,7.187005573E-1,7.543824375E-2,-5.239526987E-1,4.508350394E-1,8.810540000E1,-3.962764880E1,-5.520013967E1,8.553372003E1
2.420684538E1,7.170163904E-1,7.561709391E-2,-5.255644574E-1,4.516098460E-1,8.838261136E1,-4.002372397E1,-5.528304149E1,8.600673637E1
2.421686637E1,7.147264151E-1,7.534052629E-2,-5.276765203E-1,4.528216205E-1,8.875843525E1,-4.060961099E1,-5.533789051E1,8.667160108E1
2.422688838E1,7.122424695E-1,7.469576380E-2,-5.297440761E-1,4.544254556E-1,8.916467410E1,-4.125565905E1,-5.533581901E1,8.740640010E1
2.423691037E1,7.100247761E-1,7.403568093E-2,-5.313455931E-1,4.561309806E-1,8.952613757E1,-4.181136428E1,-5.529325386E1,8.806425661E1
2.424693238E1,7.082655561E-1,7.360508765E-2,-5.327918833E-1,4.572472082E-1,8.981205828E1,-4.226274051E1,-5.528829454E1,8.857959315E1
2.425695337E1,7.067471737E-1,7.375365529E-2,-5.343693977E-1,4.577316441E-1,9.005826207E1,-4.264130706E1,-5.537080191E1,8.900558502E1
2.426697538E1,7.050634598E-1,7.429621167E-2,-5.362975739E-1,4.579853154E-1,9.033065780E1,-4.304857574E1,-5.551766644E1,8.946678625E1
2.427699737E1,7.031601398E-1,7.470670090E-2,-5.382862940E-1,4.585111922E-1,9.063780892E1,-4.350854201E1,-5.564029744E1,8.999688291E1
2.428701938E1,7.014504002E-1,7.446159591E-2,-5.397117636E-1,4.594931400E-1,9.091302811E1,-4.393673881E1,-5.564848087E1,9.049201440E1
2.429704037E1,6.998713474E-1,7.345148346E-2,-5.409617759E-1,4.605925616E-1,9.116663381E1,-4.439672834E1,-5.557528393E1,9.097000105E1
2.430706238E1,6.981877073E-1,7.205616990E-2,-5.423618942E-1,4.617199477E-1,9.143643253E1,-4.492266763E1,-5.547514032E1,9.148456070E1
2.431708437E1,6.966880170E-1,7.028463249E-2,-5.435844690E-1,4.628193272E-1,9.167623312E1,-4.543291678E1,-5.533339869E1,9.195169832E1
2.432710638E1,6.957975384E-1,6.823201774E-2,-5.441729443E-1,4.637737847E-1,9.181839034E1,-4.580487112E1,-5.514057372E1,9.224810286E1
2.433712737E1,6.954871585E-1,6.626898613E-2,-5.443805597E-1,4.642800632E-1,9.186789967E1,-4.604407187E1,-5.496026969E1,9.237699390E1
2.434714938E1,6.951433139E-1,6.476670386E-2,-5.448329640E-1,4.644762251E-1,9.192272284E1,-4.627767471E1,-5.484915939E1,9.250490151E1
2.435717137E1,6.944070085E-1,6.349523881E-2,-5.456856158E-1,4.647520341E-1,9.204003546E1,-4.659058558E1,-5.477317329E1,9.273607700E1
2.436719238E1,6.932977245E-1,6.203910734E-2,-5.466749709E-1,4.654416198E-1,9.221655480E1,-4.698080091E1,-5.466338993E1,9.307031744E1
2.437721437E1,6.921288870E-1,6.022099766E-2,-5.476045407E-1,4.663263032E-1,9.240226825E1,-4.739821383E1,-5.450745933E1,9.342262067E1
2.438723638E1,6.911382043E-1,5.842904010E-2,-5.480406763E-1,4.675099342E-1,9.255944947E1,-4.772244081E1,-5.430908170E1,9.371764350E1
2.439725837E1,6.903846292E-1,5.680425802E-2,-5.479345295E-1,4.689457825E-1,9.267887337E1,-4.792861886E1,-5.408102353E1,9.393761698E1
2.440727938E1,6.896064298E-1,5.545140740E-2,-5.478708245E-1,4.703249960E-1,9.280207511E1,-4.811844587E1,-5.388064988E1,9.415755041E1
2.441730137E1,6.886171906E-1,5.456107630E-2,-5.480329002E-1,4.716878249E-1,9.295850609E1,-4.832275076E1,-5.373030933E1,9.442651555E1
2.442732338E1,6.872226883E-1,5.384078666E-2,-5.487842521E-1,4.729291655E-1,9.317867863E1,-4.863687433E1,-5.362954920E1,9.480300871E1
2.443734537E1,6.850829771E-1,5.339550520E-2,-5.506869294E-1,4.738714847E-1,9.351573365E1,-4.916811979E1,-5.362355555E1,9.538117955E1
2.444736638E1,6.826253101E-1,5.363468857E-2,-5.528456067E-1,4.748766028E-1,9.390172754E1,-4.971621971E1,-5.367912390E1,9.603688248E1
2.445738837E1,6.803279697E-1,5.419652713E-2,-5.547856051E-1,4.758461489E-1,9.426144586E1,-5.019323512E1,-5.375059512E1,9.664592200E1
2.446741038E1,6.780124956E-1,5.475672197E-2,-5.569845958E-1,4.765174744E-1,9.462294603E1,-5.071217701E1,-5.384948482E1,9.726523943E1
2.447743237E1,6.757078005E-1,5.503881083E-2,-5.592088115E-1,4.771533228E-1,9.498172175E1,-5.125726931E1,-5.392505085E1,9.788490069E1
2.448745338E1,6.737576764E-1,5.453663113E-2,-5.608967506E-1,4.779864712E-1,9.528449841E1,-5.174484321E1,-5.389636737E1,9.840721682E1
2.449747537E1,6.720742786E-1,5.324759084E-2,-5.620991791E-1,4.790880739E-1,9.554527764E1,-5.218754573E1,-5.376170359E1,9.885148845E1
2.450749738E1,6.707478435E-1,5.142482393E-2,-5.627517809E-1,4.803782627E-1,9.575038003E1,-5.254604863E1,-5.354616067E1,9.919104025E1
2.451751937E1,6.699966707E-1,4.909235412E-2,-5.627897763E-1,4.816243237E-1,9.586638430E1,-5.278730794E1,-5.326617544E1,9.937122792E1
2.452754038E1,6.696626675E-1,4.654291232E-2,-5.624859186E-1,4.826958968E-1,9.591793069E1,-5.294940554E1,-5.296652719E1,9.943888600E1
2.453756237E1,6.696041150E-1,4.426862623E-2,-5.618152779E-1,4.837708627E-1,9.592696488E1,-5.301015470E1,-5.267598221E1,9.943000126E1
2.454758438E1,6.693382105E-1,4.246061072E-2,-5.615188592E-1,4.846443562E-1,9.596798379E1,-5.311410594E1,-5.245252464E1,9.947941487E1
2.455760537E1,6.680293717E-1,4.163822034E-2,-5.625200786E-1,4.853597673E-1,9.616969527E1,-5.344081860E1,-5.237082955E1,9.980807215E1
2.456762738E1,6.658844133E-1,4.188945771E-2,-5.641852163E-1,4.863520095E-1,9.649957803E1,-5.387116406E1,-5.238316451E1,1.003524341E2
2.457764937E1,6.632206534E-1,4.277983096E-2,-5.661922282E-1,4.875803320E-1,9.690807370E1,-5.435928148E1,-5.244212005E1,1.010293434E2
2.458767138E1,6.602789193E-1,4.412433650E-2,-5.683073045E-1,4.889903653E-1,9.735770354E1,-5.486198547E1,-5.252655665E1,1.017764732E2
2.459769237E1,6.572860716E-1,4.553501259E-2,-5.701874965E-1,4.907012745E-1,9.781355969E1,-5.533101210E1,-5.258360380E1,1.025283671E2
2.460771438E1,6.544586555E-1,4.623361768E-2,-5.716747113E-1,4.926807803E-1,9.824276983E1,-5.576843964E1,-5.254505086E1,1.032216719E2
2.461773637E1,6.519289174E-1,4.589391408E-2,-5.727896640E-1,4.947671336E-1,9.862561532E1,-5.618173150E1,-5.239626727E1,1.038205614E2
2.462775838E1,6.497996902E-1,4.472484479E-2,-5.734512010E-1,4.969042001E-1,9.894699785E1,-5.653352617E1,-5.215792866E1,1.042989800E2
2.463777937E1,6.481285940E-1,4.314650854E-2,-5.736971910E-1,4.989380963E-1,9.919869194E1,-5.680006926E1,-5.187947963E1,1.046506966E2
2.464780138E1,6.467559027E-1,4.174523119E-2,-5.737910310E-1,5.007275356E-1,9.940508992E1,-5.700444275E1,-5.162934132E1,1.049300067E2
2.465782337E1,6.452063528E-1,4.084333078E-2,-5.743024830E-1,5.022123480E-1,9.963770229E1,-5.725931626E1,-5.145428992E1,1.052667944E2
2.466784538E1,6.427614563E-1,4.057458140E-2,-5.757996444E-1,5.036528009E-1,1.000039122E2,-5.770572815E1,-5.135907391E1,1.058382162E2
2.467786637E1,6.394069148E-1,4.071613159E-2,-5.779351620E-1,5.054622388E-1,1.005047823E2,-5.830117327E1,-5.128185974E1,1.066293513E2
2.468788838E1,6.359168291E-1,4.032397624E-2,-5.798113501E-1,5.077425414E-1,1.010239656E2,-5.888888957E1,-5.111175679E1,1.074218656E2
2.469790742E1,6.329714440E-1,3.872454549E-2,-5.809941171E-1,5.101896664E-1,1.014606158E2,-5.937788568E1,-5.080676395E1,1.080396379E2
2.470792842E1,6.306643519E-1,3.620568123E-2,-5.813443152E-1,5.128260097E-1,1.018016915E2,-5.972194080E1,-5.038988516E1,1.084623483E2
2.471795042E1,6.289913327E-1,3.294880459E-2,-5.809444470E-1,5.155462938E-1,1.020485119E2,-5.992842856E1,-4.988842979E1,1.087004552E2
2.472797242E1,6.276662464E-1,2.950890525E-2,-5.801471972E-1,5.182601188E-1,1.022436969E2,-6.005154737E1,-4.936417074E1,1.088421481E2
2.473799442E1,6.267260134E-1,2.610162758E-2,-5.787127714E-1,5.211763646E-1,1.023820306E2,-6.004228531E1,-4.881573710E1,1.088790753E2
2.474801542E1,6.258502229E-1,2.270714147E-2,-5.768856844E-1,5.244033592E-1,1.025107624E2,-5.996547573E1,-4.823675904E1,1.088859423E2
2.475803742E1,6.241517524E-1,1.978105437E-2,-5.756227120E-1,5.279222364E-1,1.027600892E2,-6.000768547E1,-4.768352681E1,1.090815754E2
2.476805942E1,6.213975138E-1,1.738793523E-2,-5.751490446E-1,5.317578789E-1,1.031634794E2,-6.020980246E1,-4.716247487E1,1.095145861E2
2.477808142E1,6.182029486E-1,1.531083317E-2,-5.748041780E-1,5.359020125E-1,1.036299546E2,-6.043593836E1,-4.664394876E1,1.100332607E2
2.478810242E1,6.151345369E-1,1.350467213E-2,-5.742586713E-1,5.400501422E-1,1.040766067E2,-6.060330727E1,-4.614364361E1,1.105187329E2
2.479812442E1,6.121580948E-1,1.192357525E-2,-5.738534294E-1,5.438865486E-1,1.045085772E2,-6.077188054E1,-4.568814322E1,1.109910322E2
2.480814642E1,6.088789541E-1,1.083913684E-2,-5.738839859E-1,5.475456010E-1,1.049830238E2,-6.099733039E1,-4.529365751E1,1.115415093E2
2.481816842E1,6.053292569E-1,1.003514356E-2,-5.740053266E-1,5.513561871E-1,1.054949226E2,-6.123266992E1,-4.490960554E1,1.121437897E2
2.482818942E1,6.015493353E-1,9.168435764E-3,-5.741850830E-1,5.553069721E-1,1.060381172E2,-6.148572339E1,-4.450599604E1,1.127774689E2
2.483821142E1,5.977421406E-1,8.139694412E-3,-5.743883783E-1,5.592101773E-1,1.065832781E2,-6.174480166E1,-4.408907690E1,1.134018311E2
2.484823342E1,5.942841155E-1,6.477865249E-3,-5.741864738E-1,5.631112501E-1,1.070767697E2,-6.194455375E1,-4.361074337E1,1.139198277E2
2.485825542E1,5.910822418E-1,3.949770835E-3,-5.736530633E-1,5.670346778E-1,1.075323099E2,-6.211175596E1,-4.304962872E1,1.143424185E2
2.486827642E1,5.881256885E-1,6.760354501E-4,-5.728509877E-1,5.709198948E-1,1.079517722E2,-6.225273679E1,-4.242221755E1,1.146785264E2
2.487829842E1,5.855832628E-1,-3.064223401E-3,-5.719360007E-1,5.744320352E-1,1.083115889E2,-6.237466234E1,-4.178305140E1,1.149178532E2
2.488832042E1,5.833745098E-1,-6.508421714E-3,-5.712939777E-1,5.772823475E-1,1.086235212E2,-6.251048963E1,-4.122687357E1,1.151185620E2
2.489834142E1,5.815095179E-1,-9.220613563E-3,-5.707698817E-1,5.796406262E-1,1.088864315E2,-6.261807117E1,-4.077777773E1,1.152922226E2
2.490836342E1,5.799534807E-1,-1.151224308E-2,-5.700147998E-1,5.818973125E-1,1.091054584E2,-6.265902659E1,-4.037339748E1,1.154219136E2
2.491838542E1,5.786069805E-1,-1.392217881E-2,-5.688534223E-1,5.843165344E-1,1.092947508E2,-6.263429525E1,-3.994225281E1,1.154975793E2
2.492840742E1,5.765573414E-1,-1.625681919E-2,-5.680849588E-1,5.870235800E-1,1.095824663E2,-6.269261713E1,-3.949276916E1,1.156981623E2
2.493842842E1,5.730641836E-1,-1.806715277E-2,-5.686803252E-1,5.898083336E-1,1.100716436E2,-6.298688930E1,-3.908468412E1,1.161867386E2
2.494845042E1,5.688780795E-1,-1.921750885E-2,-5.701569822E-1,5.923930260E-1,1.106559443E2,-6.340774650E1,-3.875055170E1,1.168318771E2
2.495847242E1,5.649391273E-1,-1.999682516E-2,-5.719098064E-1,5.944434622E-1,1.112038714E2,-6.384263137E1,-3.849266850E1,1.174573200E2
2.496849442E1,5.615161762E-1,-2.072280462E-2,-5.738468334E-1,5.957934627E-1,1.116785672E2,-6.428319919E1,-3.829828463E1,1.180083737E2
2.497851542E1,5.587534121E-1,-2.141363362E-2,-5.757020112E-1,5.965762521E-1,1.120607367E2,-6.468620468E1,-3.815574333E1,1.184557167E2
2.498853742E1,5.569527723E-1,-2.241042766E-2,-5.771855592E-1,5.967898102E-1,1.123093550E2,-6.501176967E1,-3.803782516E1,1.187312378E2
2.499855942E1,5.561139025E-1,-2.418584258E-2,-5.781875795E-1,5.965330305E-1,1.124250561E2,-6.526202237E1,-3.789533815E1,1.188113266E2
2.500858142E1,5.561274172E-1,-2.674967752E-2,-5.785714530E-1,5.960385361E-1,1.124231927E2,-6.542059755E1,-3.770754436E1,1.187072801E2
2.501860242E1,5.569486841E-1,-2.981489137E-2,-5.782856552E-1,5.954031368E-1,1.123099191E2,-6.547151396E1,-3.749174434E1,1.184376582E2
2.502862442E1,5.581973055E-1,-3.300075058E-2,-5.775984298E-1,5.947326015E-1,1.121375583E2,-6.545458931E1,-3.727019595E1,1.180859351E2
2.503864642E1,5.594341588E-1,-3.579116698E-2,-5.769537937E-1,5.940342163E-1,1.119666498E2,-6.543108780E1,-3.708599150E1,1.177556334E2
2.504866742E1,5.602966401E-1,-3.754394904E-2,-5.766129732E-1,5.934438351E-1,1.118473703E2,-6.542460186E1,-3.698372703E1,1.175378894E2
2.505868942E1,5.604095475E-1,-3.783288676E-2,-5.770590766E-1,5.928850140E-1,1.118317492E2,-6.550107727E1,-3.700736867E1,1.175231797E2
2.506871142E1,5.595993455E-1,-3.650302725E-2,-5.785256183E-1,5.923041172E-1,1.119438113E2,-6.569552550E1,-3.717441197E1,1.177524840E2
2.507873342E1,5.583156249E-1,-3.385786996E-2,-5.806686802E-1,5.915751571E-1,1.121212163E2,-6.595765189E1,-3.746912634E1,1.181361192E2
2.508875442E1,5.570418102E-1,-3.039704472E-2,-5.831388437E-1,5.905333397E-1,1.122970699E2,-6.624317818E1,-3.786220124E1,1.185701609E2
2.509877642E1,5.561474317E-1,-2.658593701E-2,-5.856236744E-1,5.890994420E-1,1.124204331E2,-6.651300331E1,-3.832071210E1,1.189689410E2
2.510879842E1,5.559548509E-1,-2.280344702E-2,-5.876582082E-1,5.874113462E-1,1.124469845E2,-6.669829829E1,-3.880213534E1,1.192498989E2
2.511882042E1,5.567805182E-1,-1.957289108E-2,-5.887402863E-1,5.856596283E-1,1.123331196E2,-6.672534724E1,-3.924754442E1,1.193201289E2
2.512884142E1,5.586973674E-1,-1.723645946E-2,-5.886965590E-1,5.839490458E-1,1.120684804E2,-6.657133396E1,-3.961874269E1,1.191420486E2
2.513886342E1,5.614474268E-1,-1.557654798E-2,-5.878335601E-1,5.822250092E-1,1.116880877E2,-6.628190246E1,-3.993642136E1,1.187727426E2
2.514888542E1,5.649348362E-1,-1.406573097E-2,-5.862915123E-1,5.804421027E-1,1.112044673E2,-6.586126263E1,-4.024852372E1,1.182534716E2
2.515890742E1,5.690031332E-1,-1.242107665E-2,-5.840725229E-1,5.787405198E-1,1.106385192E2,-6.530281370E1,-4.056430212E1,1.176176449E2
2.516892842E1,5.737755519E-1,-1.105170447E-2,-5.810654085E-1,5.770811516E-1,1.099721433E2,-6.459900289E1,-4.084741200E1,1.168213026E2
2.517895042E1,5.790480642E-1,-9.934328295E-3,-5.772524884E-1,5.756597655E-1,1.092327673E2,-6.375390694E1,-4.107727307E1,1.158947217E2
2.518897242E1,5.844844105E-1,-8.895260966E-3,-5.727961125E-1,5.746332439E-1,1.084668513E2,-6.280073777E1,-4.125091113E1,1.149042433E2
2.519899342E1,5.895957113E-1,-7.524055396E-3,-5.684682212E-1,5.737283672E-1,1.077433522E2,-6.186324032E1,-4.142960190E1,1.139734034E2
2.520901542E1,5.940297573E-1,-4.979523711E-3,-5.645995198E-1,5.730018951E-1,1.071130069E2,-6.096849169E1,-4.168779391E1,1.132016468E2
2.521903742E1,5.976855546E-1,-9.234795977E-4,-5.614229119E-1,5.723420645E-1,1.065913662E2,-6.013807807E1,-4.207105025E1,1.126229317E2
2.522905942E1,6.003979822E-1,4.533715421E-3,-5.593047588E-1,5.715592039E-1,1.062031873E2,-5.943862594E1,-4.259357884E1,1.122712420E2
2.523908042E1,6.021911817E-1,1.127725333E-2,-5.579595999E-1,5.708936854E-1,1.059460176E2,-5.883299729E1,-4.322561441E1,1.121285663E2
2.524910242E1,6.032724117E-1,1.891337720E-2,-5.568458273E-1,5.706377750E-1,1.057907437E2,-5.825114695E1,-4.390341908E1,1.121288585E2
2.525912442E1,6.039142108E-1,2.697952536E-2,-5.554389655E-1,5.710054773E-1,1.056985006E2,-5.762380652E1,-4.456241957E1,1.121924425E2
2.526914642E1,6.044329094E-1,3.507785264E-2,-5.530787631E-1,5.723060052E-1,1.056239090E2,-5.685217419E1,-4.513318438E1,1.122270758E2
2.527916742E1,6.051716633E-1,4.287350233E-2,-5.492544002E-1,5.746726311E-1,1.055176087E2,-5.585354094E1,-4.556644926E1,1.121415606E2
2.528918942E1,6.052282850E-1,5.127417002E-2,-5.451572629E-1,5.778175684E-1,1.055094582E2,-5.481933518E1,-4.598380507E1,1.121636828E2
2.529921142E1,6.036750432E-1,6.136734979E-2,-5.427511204E-1,5.807164747E-1,1.057328817E2,-5.405724010E1,-4.659916638E1,1.125613728E2
2.530923342E1,6.008495349E-1,7.338278410E-2,-5.424308043E-1,5.825493404E-1,1.061384693E2,-5.361074436E1,-4.750504136E1,1.132989597E2
2.531925442E1,5.972999300E-1,8.676628404E-2,-5.439182298E-1,5.829728293E-1,1.066464737E2,-5.345264440E1,-4.867095080E1,1.142668653E2
2.532927642E1,5.935193596E-1,1.003591906E-1,-5.463162591E-1,5.824099140E-1,1.071856951E2,-5.348545306E1,-4.994249545E1,1.153292301E2
2.533929842E1,5.896198025E-1,1.133711871E-1,-5.488765115E-1,5.815754528E-1,1.077399343E2,-5.362642596E1,-5.118050527E1,1.164268306E2
2.534932042E1,5.853635460E-1,1.253981486E-1,-5.516415766E-1,5.807894289E-1,1.083426459E2,-5.392075726E1,-5.232418352E1,1.176091301E2
2.535934142E1,5.813244150E-1,1.358401146E-1,-5.539314992E-1,5.803182571E-1,1.089125021E2,-5.422822155E1,-5.329167547E1,1.187184913E2
2.536936342E1,5.777290856E-1,1.448855869E-1,-5.559074277E-1,5.798310742E-1,1.094180468E2,-5.453764502E1,-5.412976117E1,1.197179754E2
2.537938542E1,5.746141385E-1,1.528605293E-1,-5.581198844E-1,5.787525784E-1,1.098547709E2,-5.492441383E1,-5.491936415E1,1.206398357E2
2.538940642E1,5.728042425E-1,1.593917525E-1,-5.600044597E-1,5.769616162E-1,1.101079869E2,-5.521941850E1,-5.563634435E1,1.212691247E2
2.539942842E1,5.736864889E-1,1.632496853E-1,-5.603408969E-1,5.746750369E-1,1.099846040E2,-5.508960083E1,-5.615538495E1,1.211946374E2
2.540945042E1,5.780629009E-1,1.634675424E-1,-5.579021538E-1,5.725966397E-1,1.093711751E2,-5.423713668E1,-5.632612286E1,1.201206869E2
2.541947242E1,5.853704087E-1,1.601015897E-1,-5.528039235E-1,5.710662846E-1,1.083416760E2,-5.275225847E1,-5.610360305E1,1.181859699E2
2.542949342E1,5.943608939E-1,1.539933102E-1,-5.461497158E-1,5.698609967E-1,1.070658298E2,-5.098495793E1,-5.556108943E1,1.157895594E2
2.543951542E1,6.039903820E-1,1.461283500E-1,-5.389611283E-1,5.686502574E-1,1.056875491E2,-4.922939336E1,-5.481010249E1,1.132714396E2
2.544953742E1,6.134525194E-1,1.374732207E-1,-5.321185242E-1,5.671216742E-1,1.043208731E2,-4.768653982E1,-5.397758529E1,1.108745574E2
2.545955942E1,6.227589018E-1,1.282855449E-1,-5.254134242E-1,5.653802296E-1,1.029642296E2,-4.630636063E1,-5.307971120E1,1.085827188E2
2.546958042E1,6.322212433E-1,1.184408419E-1,-5.182159226E-1,5.636668390E-1,1.015716147E2,-4.497314652E1,-5.207132751E1,1.063015434E2
2.547960242E1,6.417070527E-1,1.083395067E-1,-5.106228307E-1,5.619065469E-1,1.001615436E2,-4.369614067E1,-5.099526033E1,1.040644960E2
2.548962442E1,6.507902781E-1,9.859797916E-2,-5.028401622E-1,5.602699111E-1,9.879757603E1,-4.249933150E1,-4.990431782E1,1.019629237E2
2.549964642E1,6.588527753E-1,8.971529903E-2,-4.953795167E-1,5.589841213E-1,9.757512500E1,-4.145706259E1,-4.885642251E1,1.001306087E2
2.550966742E1,6.652861598E-1,8.221444547E-2,-4.888254500E-1,5.582873444E-1,9.659143492E1,-4.063318963E1,-4.792054400E1,9.869144916E1
2.551968942E1,6.691171714E-1,7.705177263E-2,-4.844486894E-1,5.582605074E-1,9.600207163E1,-4.016198221E1,-4.725112157E1,9.784845906E1
2.552971142E1,6.695795803E-1,7.526457767E-2,-4.837986586E-1,5.585134148E-1,9.593075021E1,-4.018249744E1,-4.705062052E1,9.775982940E1
2.553973242E1,6.670842866E-1,7.718436661E-2,-4.869828108E-1,5.584700352E-1,9.631514892E1,-4.063793480E1,-4.738564463E1,9.832944001E1
2.554975442E1,6.627895070E-1,8.238130484E-2,-4.929228823E-1,5.576293899E-1,9.697406992E1,-4.135491364E1,-4.818355848E1,9.930855273E1
2.555977642E1,6.575803409E-1,8.988325422E-2,-5.009204365E-1,5.555068588E-1,9.776880826E1,-4.228262048E1,-4.934553927E1,1.005261758E2
2.556979842E1,6.520689029E-1,9.844812604E-2,-5.102172726E-1,5.520800461E-1,9.860445898E1,-4.339981327E1,-5.072315599E1,1.018710351E2
2.557981942E1,6.467712179E-1,1.064182637E-1,-5.192839027E-1,5.483669878E-1,9.940278888E1,-4.459302735E1,-5.203887436E1,1.032248326E2
2.558984142E1,6.420308775E-1,1.121313744E-1,-5.269696544E-1,5.454593610E-1,1.001131517E2,-4.577065459E1,-5.303355231E1,1.044882425E2
2.559986342E1,6.383177454E-1,1.143970836E-1,-5.323025163E-1,5.441671333E-1,1.006670158E2,-4.678187818E1,-5.351943202E1,1.055041030E2
2.560988542E1,6.365376101E-1,1.125165544E-1,-5.344436815E-1,5.445454645E-1,1.009317607E2,-4.740649491E1,-5.341060003E1,1.060018762E2
2.561990642E1,6.377793985E-1,1.067147668E-1,-5.329289449E-1,5.457436415E-1,1.007471331E2,-4.743624517E1,-5.277442969E1,1.056997841E2
2.562992842E1,6.421266720E-1,9.803283207E-2,-5.280239579E-1,5.470408424E-1,1.000988330E2,-4.687490206E1,-5.175513936E1,1.046085195E2
2.563995042E1,6.485908237E-1,8.761531123E-2,-5.209177885E-1,5.479947889E-1,9.912911982E1,-4.597677525E1,-5.051134017E1,1.030235898E2
2.564997242E1,6.556717577E-1,7.677351914E-2,-5.130881052E-1,5.485807882E-1,9.805878835E1,-4.503542406E1,-4.920637160E1,1.013341510E2
2.565999342E1,6.619759042E-1,6.699730474E-2,-5.056662559E-1,5.491819814E-1,9.709851773E1,-4.421770706E1,-4.799318055E1,9.986004185E1
2.567001542E1,6.658159457E-1,6.014821005E-2,-5.005442969E-1,5.500242018E-1,9.651009399E1,-4.374094270E1,-4.711378808E1,9.897288028E1
2.568003742E1,6.662554530E-1,5.739709559E-2,-4.992893534E-1,5.509260601E-1,9.644257490E1,-4.374774839E1,-4.676510830E1,9.886982049E1
2.569005842E1,6.634661851E-1,5.882102687E-2,-5.023203440E-1,5.513865460E-1,9.687047475E1,-4.425527465E1,-4.700484507E1,9.951309144E1
2.570008013E1,6.581836519E-1,6.365213045E-2,-5.090861566E-1,5.509753772E-1,9.767701111E1,-4.521929147E1,-4.775577424E1,1.007575071E2
2.571010212E1,6.517754185E-1,7.002564010E-2,-5.175508242E-1,5.499329750E-1,9.864881010E1,-4.644245577E1,-4.873547449E1,1.023061352E2
2.572012413E1,6.454691015E-1,7.568703660E-2,-5.259469612E-1,5.486536179E-1,9.959828759E1,-4.776114885E1,-4.964233253E1,1.038745415E2
2.573014512E1,6.404320790E-1,7.888035580E-2,-5.323886223E-1,5.478933415E-1,1.003519078E2,-4.890672313E1,-5.020626823E1,1.051482115E2
2.574016713E1,6.377743935E-1,7.871703676E-2,-5.354545526E-1,5.480291281E-1,1.007478778E2,-4.958938072E1,-5.028899613E1,1.058121991E2
2.575018912E1,6.377566128E-1,7.576254268E-2,-5.352570946E-1,5.486587124E-1,1.007505231E2,-4.974303634E1,-4.998383502E1,1.057977656E2
2.576021113E1,6.399349411E-1,7.114982299E-2,-5.327641507E-1,5.491659814E-1,1.004260632E2,-4.948606097E1,-4.946551282E1,1.052405327E2
2.577023212E1,6.431983294E-1,6.619103553E-2,-5.291740821E-1,5.494446142E-1,9.993854716E1,-4.901896842E1,-4.889137161E1,1.044286499E2
2.578025413E1,6.458364429E-1,6.243891234E-2,-5.263109624E-1,5.495392181E-1,9.954316382E1,-4.864400592E1,-4.845601879E1,1.037821248E2
2.579027612E1,6.465827319E-1,6.110121352E-2,-5.252065464E-1,5.498686852E-1,9.943110550E1,-4.851629380E1,-4.827727321E1,1.035912885E2
2.580029813E1,6.452497798E-1,6.250405030E-2,-5.257927037E-1,5.507160213E-1,9.963118863E1,-4.861191030E1,-4.836386466E1,1.038898006E2
2.581031912E1,6.421456223E-1,6.640636378E-2,-5.279579348E-1,5.518147475E-1,1.000960003E2,-4.891277262E1,-4.870656698E1,1.046120000E2
2.582034113E1,6.377496191E-1,7.240177405E-2,-5.315459592E-1,5.527134895E-1,1.007515636E2,-4.940237134E1,-4.929007277E1,1.056610401E2
2.583036312E1,6.328329574E-1,7.982686865E-2,-5.356200422E-1,5.534087229E-1,1.014811127E2,-4.994474068E1,-5.002009184E1,1.068551267E2
2.584038513E1,6.281303200E-1,8.781963915E-2,-5.394204657E-1,5.538643066E-1,1.021753695E2,-5.042977247E1,-5.079896093E1,1.080160161E2
2.585040612E1,6.242021416E-1,9.569673762E-2,-5.423547925E-1,5.541344758E-1,1.027526986E2,-5.075730636E1,-5.154858693E1,1.089973421E2
2.586042813E1,6.212060881E-1,1.029964243E-1,-5.439734633E-1,5.546057645E-1,1.031914740E2,-5.085591347E1,-5.219336917E1,1.097348023E2
2.587045012E1,6.185733773E-1,1.097857337E-1,-5.448037141E-1,5.554304598E-1,1.035759408E2,-5.083997806E1,-5.274591336E1,1.103616115E2
2.588047113E1,6.158201054E-1,1.164474224E-1,-5.451017766E-1,5.568389943E-1,1.039769304E2,-5.076534315E1,-5.323088911E1,1.109892440E2
2.589049312E1,6.129176021E-1,1.233578618E-1,-5.448783561E-1,5.587685797E-1,1.043984702E2,-5.061365340E1,-5.368643183E1,1.116233875E2
2.590051513E1,6.094498384E-1,1.312306613E-1,-5.451127980E-1,5.605366453E-1,1.049005334E2,-5.054856948E1,-5.424833491E1,1.124052451E2
2.591053712E1,6.050502988E-1,1.407652689E-1,-5.465174049E-1,5.616209981E-1,1.055350771E2,-5.070141734E1,-5.503022433E1,1.134627224E2
2.592055813E1,5.998786724E-1,1.519396418E-1,-5.487418102E-1,5.620874346E-1,1.062775826E2,-5.102639364E1,-5.601292990E1,1.147597693E2
2.593058012E1,5.942615090E-1,1.641177208E-1,-5.514603241E-1,5.619698449E-1,1.070799907E2,-5.149570406E1,-5.712763048E1,1.162236880E2
2.594060213E1,5.884155291E-1,1.766344708E-1,-5.545062136E-1,5.613290877E-1,1.079107004E2,-5.211303964E1,-5.830536037E1,1.178122149E2
2.595062412E1,5.828036551E-1,1.885626189E-1,-5.571767222E-1,5.606586367E-1,1.087040412E2,-5.274631828E1,-5.941640964E1,1.193739886E2
2.596064513E1,5.778562269E-1,1.991577887E-1,-5.589781207E-1,5.603230418E-1,1.094001962E2,-5.326232768E1,-6.036619769E1,1.207534362E2
2.597066712E1,5.736229480E-1,2.083320513E-1,-5.602502074E-1,5.600662483E-1,1.099934933E2,-5.369815749E1,-6.117593408E1,1.219472372E2
2.598068913E1,5.699979743E-1,2.161685834E-1,-5.612662836E-1,5.597800787E-1,1.104998310E2,-5.409762677E1,-6.186694974E1,1.229910790E2
2.599071112E1,5.674085273E-1,2.222830375E-1,-5.615614380E-1,5.597201749E-1,1.108605771E2,-5.429812275E1,-6.238745249E1,1.237164627E2
2.600073213E1,5.663828860E-1,2.265855037E-1,-5.606907368E-1,5.599065038E-1,1.110032468E2,-5.411362655E1,-6.273092670E1,1.239296662E2
2.601075412E1,5.669997588E-1,2.296091291E-1,-5.583717224E-1,5.603676631E-1,1.109174526E2,-5.343804559E1,-6.293920757E1,1.235734372E2
2.602077613E1,5.689012129E-1,2.319924913E-1,-5.547069274E-1,5.610981954E-1,1.106527210E2,-5.231429842E1,-6.306083098E1,1.227464576E2
2.603079812E1,5.712725204E-1,2.344650783E-1,-5.503121070E-1,5.619878739E-1,1.103219796E2,-5.095914731E1,-6.316236062E1,1.217173357E2
2.604081913E1,5.732205484E-1,2.375992022E-1,-5.459780622E-1,5.629145138E-1,1.100497778E2,-4.963863577E1,-6.330719017E1,1.207875939E2
2.605084112E1,5.742361886E-1,2.417142730E-1,-5.424529631E-1,5.635352671E-1,1.099076809E2,-4.856420416E1,-6.356259311E1,1.201552910E2
2.606086313E1,5.740486049E-1,2.471236419E-1,-5.402898287E-1,5.634580001E-1,1.099339348E2,-4.787597677E1,-6.399984115E1,1.199410585E2
2.607088412E1,5.725295077E-1,2.540767550E-1,-5.396434014E-1,5.625299670E-1,1.101463899E2,-4.762656336E1,-6.465881416E1,1.202020993E2
2.608090613E1,5.699718749E-1,2.622405680E-1,-5.400620356E-1,5.609769333E-1,1.105034709E2,-4.772137401E1,-6.548631017E1,1.208437292E2
2.609092812E1,5.671440248E-1,2.707699837E-1,-5.408288659E-1,5.590486801E-1,1.108973819E2,-4.795282967E1,-6.637713986E1,1.216157377E2
2.610095013E1,5.647328267E-1,2.789924124E-1,-5.412249619E-1,5.570598316E-1,1.112325192E2,-4.808012962E1,-6.723888542E1,1.222552732E2
2.611097112E1,5.634451018E-1,2.863571317E-1,-5.405052834E-1,5.553225928E-1,1.114112281E2,-4.780227068E1,-6.799195994E1,1.224478989E2
2.612099313E1,5.634761707E-1,2.925388099E-1,-5.384026614E-1,5.541104007E-1,1.114069187E2,-4.698698406E1,-6.858366224E1,1.220620821E2
2.613101512E1,5.646624141E-1,2.974685055E-1,-5.350318092E-1,5.535428730E-1,1.112422959E2,-4.566467386E1,-6.899479203E1,1.211345114E2
2.614103713E1,5.666608214E-1,3.015021486E-1,-5.306501174E-1,5.535363257E-1,1.109645972E2,-4.394243595E1,-6.925757566E1,1.197947763E2
2.615105812E1,5.688142481E-1,3.054330376E-1,-5.260795235E-1,5.535354229E-1,1.106648380E2,-4.211195313E1,-6.949131094E1,1.183418997E2
2.616108013E1,5.701945495E-1,3.101723875E-1,-5.224953345E-1,5.528743153E-1,1.104724132E2,-4.057816991E1,-6.985443831E1,1.171841313E2
2.617110212E1,5.707456150E-1,3.156280442E-1,-5.199398867E-1,5.516256352E-1,1.103955277E2,-3.936093470E1,-7.034310130E1,1.163405474E2
2.618112413E1,5.710189406E-1,3.212640051E-1,-5.177030692E-1,5.501912482E-1,1.103573796E2,-3.821470600E1,-7.086516681E1,1.155649741E2
2.619114512E1,5.713531335E-1,3.269033482E-1,-5.153840548E-1,5.486976798E-1,1.103107243E2,-3.697835205E1,-7.138319303E1,1.146962210E2
2.620116713E1,5.720051821E-1,3.324172624E-1,-5.126954968E-1,5.472223347E-1,1.102196562E2,-3.552431244E1,-7.186785158E1,1.136050692E2
2.621118912E1,5.728778168E-1,3.377857804E-1,-5.098149915E-1,5.457110066E-1,1.100977011E2,-3.391261805E1,-7.232428010E1,1.123427482E2
2.622121013E1,5.734573149E-1,3.433361937E-1,-5.071599824E-1,5.441101218E-1,1.100166631E2,-3.233211549E1,-7.280314645E1,1.111205517E2
2.623123212E1,5.738189730E-1,3.490127789E-1,-5.048730996E-1,5.422407866E-1,1.099660679E2,-3.079832482E1,-7.331734735E1,1.099277744E2
2.624125413E1,5.744213292E-1,3.547312001E-1,-5.026537941E-1,5.399492690E-1,1.098817648E2,-2.910489594E1,-7.385145016E1,1.085348484E2
2.625127612E1,5.754585184E-1,3.604357075E-1,-5.001827086E-1,5.373554282E-1,1.097365023E2,-2.710092652E1,-7.437241174E1,1.068015059E2
2.626129713E1,5.772518892E-1,3.655743514E-1,-4.970709909E-1,5.348421892E-1,1.094850272E2,-2.468624148E1,-7.477882054E1,1.046206611E2
2.627131912E1,5.798944557E-1,3.699162407E-1,-4.931995448E-1,5.325772584E-1,1.091137609E2,-2.187880834E1,-7.502204064E1,1.020078115E2
2.628134113E1,5.830781813E-1,3.736246892E-1,-4.885644556E-1,5.307816815E-1,1.086653239E2,-1.881493774E1,-7.509838475E1,9.913992067E1
2.629136312E1,5.865339647E-1,3.768916126E-1,-4.834386876E-1,5.293557746E-1,1.081771367E2,-1.566969741E1,-7.504436035E1,9.619766381E1
2.630138413E1,5.897000122E-1,3.804015337E-1,-4.787247997E-1,5.276089800E-1,1.077285539E2,-1.262862823E1,-7.501965831E1,9.334834239E1
2.631140612E1,5.920819414E-1,3.849029699E-1,-4.749604276E-1,5.250727934E-1,1.073902226E2,-9.661324646E0,-7.515783490E1,9.057657174E1
2.632142813E1,5.937850376E-1,3.902880648E-1,-4.718311163E-1,5.219864376E-1,1.071478629E2,-6.633174653E0,-7.541671533E1,8.776684795E1
2.633145012E1,5.953185559E-1,3.958915542E-1,-4.686321046E-1,5.188925586E-1,1.069293109E2,-3.465437169E0,-7.565493029E1,8.484324823E1
2.634147113E1,5.971165642E-1,4.012933630E-1,-4.649452511E-1,5.159858354E-1,1.066726706E2,-1.335689143E-1,-7.578390542E1,8.176646082E1
2.635149312E1,5.995227515E-1,4.061544830E-1,-4.606277411E-1,5.132573090E-1,1.063285502E2,3.297303939E0,-7.575144921E1,7.856938867E1
2.636151513E1,6.025092772E-1,4.104137724E-1,-4.557456056E-1,5.107241991E-1,1.059003529E2,6.685399608E0,-7.555749448E1,7.538929039E1
2.637153712E1,6.057562809E-1,4.141940075E-1,-4.505444316E-1,5.084410938E-1,1.054334341E2,9.869086519E0,-7.524568166E1,7.240265270E1
2.638155813E1,6.087396509E-1,4.178646029E-1,-4.456943145E-1,5.061440431E-1,1.050031456E2,1.279540118E1,-7.493309950E1,6.966126923E1
2.639158012E1,6.109871579E-1,4.219329526E-1,-4.418274268E-1,5.034438789E-1,1.046781696E2,1.558656633E1,-7.473988911E1,6.704146202E1
2.640160213E1,6.128668072E-1,4.260729006E-1,-4.387858257E-1,5.003230049E-1,1.044058366E2,1.827715261E1,-7.461884251E1,6.447618461E1
2.641162312E1,6.148103670E-1,4.300281669E-1,-4.359249444E-1,4.970447387E-1,1.041237150E2,2.088458244E1,-7.447394451E1,6.195990915E1
2.642164513E1,6.169417331E-1,4.337443578E-1,-4.326776794E-1,4.940027478E-1,1.038137081E2,2.336422932E1,-7.424164496E1,5.958198698E1
2.643166712E1,6.194170808E-1,4.369809419E-1,-4.289209189E-1,4.913217235E-1,1.034528418E2,2.560358914E1,-7.389570138E1,5.744616592E1
2.644168913E1,6.220351745E-1,4.399066698E-1,-4.246499479E-1,4.891082395E-1,1.030701870E2,2.759487491E1,-7.345942468E1,5.558827043E1
2.645171012E1,6.247366453E-1,4.425627589E-1,-4.200831735E-1,4.872088233E-1,1.026742789E2,2.935894947E1,-7.296454808E1,5.397198569E1
2.646173213E1,6.273055905E-1,4.452180367E-1,-4.158221008E-1,4.851398240E-1,1.022967751E2,3.103959530E1,-7.249316216E1,5.241949159E1
2.647175412E1,6.294608117E-1,4.481084109E-1,-4.121483852E-1,4.828162682E-1,1.019792932E2,3.271402412E1,-7.209555861E1,5.086262760E1
2.648177613E1,6.314964571E-1,4.508094286E-1,-4.086492748E-1,4.806129627E-1,1.016787702E2,3.422605909E1,-7.170463015E1,4.946110447E1
2.649179712E1,6.334184166E-1,4.532701684E-1,-4.052837265E-1,4.786152231E-1,1.013944403E2,3.555791852E1,-7.131825108E1,4.823669726E1
2.650181913E1,6.351050703E-1,4.557219559E-1,-4.019448321E-1,4.768642534E-1,1.011444445E2,3.678281114E1,-7.094215805E1,4.714530641E1
2.651184112E1,6.368005063E-1,4.581795044E-1,-3.982067780E-1,4.753819119E-1,1.008926941E2,3.792614945E1,-7.052328173E1,4.617383206E1
2.652186313E1,6.385226950E-1,4.607464003E-1,-3.939878943E-1,4.741044567E-1,1.006365028E2,3.903141541E1,-7.005563225E1,4.528492436E1
2.653188412E1,6.400755746E-1,4.637672941E-1,-3.894218970E-1,4.728358998E-1,1.004050897E2,4.022285961E1,-6.956855419E1,4.436695479E1
2.654190613E1,6.413387104E-1,4.674462240E-1,-3.847008441E-1,4.713640528E-1,1.002165673E2,4.158343452E1,-6.908672243E1,4.333265165E1
2.655192812E1,6.424395597E-1,4.716091631E-1,-3.801928910E-1,4.693713761E-1,1.000520544E2,4.310776240E1,-6.862604636E1,4.212996076E1
2.656195013E1,6.432080285E-1,4.762285683E-1,-3.760179664E-1,4.670119481E-1,9.993709563E1,4.475825155E1,-6.820595389E1,4.080702659E1
2.657197112E1,6.435661818E-1,4.809337476E-1,-3.721488120E-1,4.647909041E-1,9.988348471E1,4.636009497E1,-6.783056906E1,3.955265627E1
2.658199313E1,6.436543530E-1,4.852314196E-1,-3.683874165E-1,4.631956458E-1,9.987028339E1,4.771837546E1,-6.747949071E1,3.856456951E1
2.659201512E1,6.436790195E-1,4.887829765E-1,-3.648298747E-1,4.622419786E-1,9.986659001E1,4.875673749E1,-6.715207504E1,3.788261609E1
2.660203613E1,6.438384926E-1,4.916722694E-1,-3.614252945E-1,4.616297640E-1,9.984270920E1,4.955242505E1,-6.682980489E1,3.740809680E1
2.661205812E1,6.443758860E-1,4.940149704E-1,-3.575279648E-1,4.614139510E-1,9.976220468E1,5.012383440E1,-6.644194874E1,3.715584373E1
2.662208013E1,6.455438911E-1,4.957229451E-1,-3.526481026E-1,4.617045641E-1,9.958706638E1,5.043078327E1,-6.593096875E1,3.718091409E1
2.663210212E1,6.470119396E-1,4.972688282E-1,-3.470406119E-1,4.622358778E-1,9.936661614E1,5.064811073E1,-6.533864647E1,3.732558340E1
2.664212313E1,6.483672558E-1,4.990893772E-1,-3.413422158E-1,4.626177704E-1,9.916277445E1,5.095231706E1,-6.474332735E1,3.740343925E1
2.665214512E1,6.494163435E-1,5.012380498E-1,-3.360693658E-1,4.626836354E-1,9.900477776E1,5.138067688E1,-6.420110481E1,3.735176995E1
2.666216713E1,6.500041656E-1,5.037263208E-1,-3.316362707E-1,4.623545949E-1,9.891616811E1,5.194636166E1,-6.375745382E1,3.713823604E1
2.667218912E1,6.502010546E-1,5.064061649E-1,-3.281679433E-1,4.616244640E-1,9.888647551E1,5.261241215E1,-6.341727968E1,3.677892942E1
2.668221013E1,6.503420148E-1,5.089661750E-1,-3.253593511E-1,4.605973242E-1,9.886521343E1,5.328468986E1,-6.313156272E1,3.635372559E1
2.669223212E1,6.507632936E-1,5.110640765E-1,-3.223107853E-1,4.598220962E-1,9.880164862E1,5.380276310E1,-6.280962733E1,3.606825789E1
2.670225375E1,6.515163208E-1,5.124432795E-1,-3.186815307E-1,4.597504992E-1,9.868795248E1,5.405500747E1,-6.242981492E1,3.606275458E1
2.671227575E1,6.522145571E-1,5.132817067E-1,-3.144172390E-1,4.607599689E-1,9.858244234E1,5.405650980E1,-6.202279815E1,3.638100241E1
2.672229675E1,6.529645603E-1,5.134661308E-1,-3.094330475E-1,4.628617901E-1,9.846901655E1,5.379144538E1,-6.157311915E1,3.703191995E1
2.673231875E1,6.537348993E-1,5.133794242E-1,-3.040852552E-1,4.654076494E-1,9.835241442E1,5.343246457E1,-6.109753207E1,3.780810563E1
2.674234075E1,6.539570975E-1,5.139907853E-1,-2.989715148E-1,4.677281706E-1,9.831876242E1,5.327766595E1,-6.067375663E1,3.842749920E1
2.675236275E1,6.536343580E-1,5.154628272E-1,-2.946168814E-1,4.693197831E-1,9.836763864E1,5.340651062E1,-6.034000447E1,3.875883044E1
2.676238375E1,6.527791141E-1,5.176773807E-1,-2.913175523E-1,4.701315314E-1,9.849707126E1,5.378972147E1,-6.012163844E1,3.880264371E1
2.677240575E1,6.514867548E-1,5.200569075E-1,-2.884454975E-1,4.710679185E-1,9.869241835E1,5.420366265E1,-5.997430573E1,3.883345775E1
2.678242775E1,6.500902400E-1,5.217065140E-1,-2.853899563E-1,4.730301283E-1,9.890318814E1,5.436069834E1,-5.983982705E1,3.915607563E1
2.679244875E1,6.488009205E-1,5.219654011E-1,-2.823826733E-1,4.763081890E-1,9.909748538E1,5.409413253E1,-5.972925712E1,3.988877242E1
2.680247075E1,6.479024498E-1,5.207041250E-1,-2.793527258E-1,4.806784642E-1,9.923271674E1,5.339930539E1,-5.960628230E1,4.100288424E1
2.681249275E1,6.474611302E-1,5.185794286E-1,-2.753978236E-1,4.858246365E-1,9.929909131E1,5.245391782E1,-5.937233035E1,4.239172895E1
2.682251475E1,6.470639962E-1,5.167449870E-1,-2.709981562E-1,4.907574457E-1,9.935879243E1,5.161248416E1,-5.908151717E1,4.370635142E1
2.683253575E1,6.460860629E-1,5.167943515E-1,-2.674027245E-1,4.939555907E-1,9.950569269E1,5.134494664E1,-5.887895096E1,4.444217995E1
2.684255775E1,6.440203036E-1,5.196260508E-1,-2.655846570E-1,4.946628728E-1,9.981547824E1,5.188853231E1,-5.888848453E1,4.434053546E1
2.685257975E1,6.407305998E-1,5.247216258E-1,-2.656886543E-1,4.934988348E-1,1.003073598E2,5.308353004E1,-5.913391372E1,4.356556297E1
2.686260175E1,6.368098260E-1,5.305240773E-1,-2.661047175E-1,4.921440033E-1,1.008913090E2,5.446960966E1,-5.944084394E1,4.264776396E1
2.687262275E1,6.335175776E-1,5.347465277E-1,-2.644215304E-1,4.927300868E-1,1.013797550E2,5.534330165E1,-5.954220423E1,4.235456173E1
2.688264475E1,6.317412671E-1,5.360598446E-1,-2.597502055E-1,4.960571485E-1,1.016425856E2,5.531899104E1,-5.931910746E1,4.304336465E1
2.689266675E1,6.315097334E-1,5.345156578E-1,-2.528867704E-1,5.015344476E-1,1.016768081E2,5.449353401E1,-5.882131814E1,4.453678786E1
2.690268875E1,6.320662983E-1,5.311345112E-1,-2.452707927E-1,5.081640046E-1,1.015945293E2,5.322881230E1,-5.819662860E1,4.643158089E1
2.691270975E1,6.324626420E-1,5.279306026E-1,-2.387179587E-1,5.140953358E-1,1.015359072E2,5.211526933E1,-5.764769809E1,4.809044602E1
2.692273175E1,6.318457491E-1,5.270406508E-1,-2.344237638E-1,5.177301117E-1,1.016271396E2,5.167827651E1,-5.734862338E1,4.899419273E1
2.693275375E1,6.294617864E-1,5.294255197E-1,-2.334943099E-1,5.186203058E-1,1.019791495E2,5.209523474E1,-5.746820362E1,4.896902014E1
2.694277575E1,6.252765780E-1,5.346314879E-1,-2.356029273E-1,5.173871996E-1,1.025950192E2,5.323998128E1,-5.797934010E1,4.817225044E1
2.695279675E1,6.202006012E-1,5.409339590E-1,-2.379783237E-1,5.158564893E-1,1.033384302E2,5.467504517E1,-5.856992360E1,4.716749380E1
2.696281875E1,6.156176109E-1,5.459753122E-1,-2.381050171E-1,5.159766342E-1,1.040063786E2,5.574696547E1,-5.893520367E1,4.666015115E1
2.697284075E1,6.124892874E-1,5.482961916E-1,-2.352297380E-1,5.185510638E-1,1.044605738E2,5.603745523E1,-5.895811203E1,4.702110571E1
2.698286175E1,6.109594279E-1,5.478906546E-1,-2.301873734E-1,5.230279152E-1,1.046821836E2,5.558820263E1,-5.869290661E1,4.811648452E1
2.699288375E1,6.101954346E-1,5.459304574E-1,-2.245967941E-1,5.283727652E-1,1.047927290E2,5.475792853E1,-5.832119636E1,4.954376427E1
2.700290575E1,6.096945220E-1,5.432417202E-1,-2.200902213E-1,5.335927762E-1,1.048651636E2,5.380164396E1,-5.800726907E1,5.096424848E1
2.701292775E1,6.089075534E-1,5.406427032E-1,-2.172361947E-1,5.382801827E-1,1.049788924E2,5.290390425E1,-5.784248101E1,5.221270833E1
2.702294875E1,6.075386685E-1,5.387027997E-1,-2.164477642E-1,5.420760517E-1,1.051765107E2,5.218390574E1,-5.789079597E1,5.317226068E1
2.703297075E1,6.055353840E-1,5.380471844E-1,-2.170826432E-1,5.447083357E-1,1.054652449E2,5.179201722E1,-5.810957828E1,5.375682983E1
2.704299275E1,6.034090228E-1,5.382994227E-1,-2.181068643E-1,5.464069907E-1,1.057711139E2,5.165562724E1,-5.837261956E1,5.406651871E1
2.705301475E1,6.014321381E-1,5.387475807E-1,-2.181520774E-1,5.481241666E-1,1.060549280E2,5.157951238E1,-5.854041154E1,5.438232794E1
2.706303575E1,5.994418849E-1,5.388386706E-1,-2.163756193E-1,5.509120068E-1,1.063401279E2,5.137524071E1,-5.855206447E1,5.498569906E1
2.707305775E1,5.971932583E-1,5.384326173E-1,-2.137645483E-1,5.547569874E-1,1.066617141E2,5.099309625E1,-5.850831775E1,5.586885568E1
2.708307975E1,5.947206344E-1,5.375981519E-1,-2.111852033E-1,5.591926429E-1,1.070145614E2,5.046953293E1,-5.847742821E1,5.691466501E1
2.709310175E1,5.924477760E-1,5.363484557E-1,-2.088289837E-1,5.636722259E-1,1.073381942E2,4.985557368E1,-5.843972107E1,5.800375243E1
2.710312275E1,5.902665199E-1,5.355145065E-1,-2.074085823E-1,5.672664973E-1,1.076481529E2,4.937970781E1,-5.847494090E1,5.886155957E1
2.711314475E1,5.877707508E-1,5.356456886E-1,-2.074180021E-1,5.697255144E-1,1.080020540E2,4.914923204E1,-5.866821572E1,5.938935852E1
2.712316675E1,5.850124266E-1,5.362138492E-1,-2.083398169E-1,5.716902977E-1,1.083922642E2,4.901370932E1,-5.896575036E1,5.977463267E1
2.713318775E1,5.822227961E-1,5.366759788E-1,-2.092139109E-1,5.737814706E-1,1.087859307E2,4.884119548E1,-5.925910833E1,6.020294707E1
2.714320975E1,5.796834383E-1,5.365259993E-1,-2.092041539E-1,5.764900059E-1,1.091434391E2,4.851486778E1,-5.944573910E1,6.082837348E1
2.715323175E1,5.775894315E-1,5.351833376E-1,-2.079742562E-1,5.802722468E-1,1.094376518E2,4.788965307E1,-5.946867413E1,6.179980939E1
2.716325375E1,5.758052993E-1,5.329013808E-1,-2.061026411E-1,5.847958398E-1,1.096879053E2,4.703421473E1,-5.938705625E1,6.301480526E1
2.717327475E1,5.740755821E-1,5.307534510E-1,-2.041177352E-1,5.891297265E-1,1.099301594E2,4.623815337E1,-5.928552767E1,6.417188353E1
2.718329675E1,5.721486533E-1,5.296051706E-1,-2.028111303E-1,5.924793644E-1,1.101996116E2,4.570823042E1,-5.927579359E1,6.503049609E1
2.719331875E1,5.696166728E-1,5.302205252E-1,-2.030772349E-1,5.942748709E-1,1.105530010E2,4.559261334E1,-5.949059372E1,6.541778434E1
2.720334075E1,5.665919238E-1,5.320079835E-1,-2.042921494E-1,5.951519850E-1,1.109741790E2,4.574452915E1,-5.985437372E1,6.551769341E1
2.721336175E1,5.638097735E-1,5.335399688E-1,-2.052978259E-1,5.960759651E-1,1.113606388E2,4.585604847E1,-6.017615436E1,6.564539447E1
2.722338375E1,5.616101571E-1,5.337437699E-1,-2.052119517E-1,5.979964850E-1,1.116655517E2,4.566030116E1,-6.032551074E1,6.609971680E1
2.723340575E1,5.597020126E-1,5.323578761E-1,-2.042307099E-1,6.013473162E-1,1.119296151E2,4.504309487E1,-6.032882193E1,6.700980004E1
2.724342775E1,5.576599016E-1,5.298849203E-1,-2.029336301E-1,6.058509717E-1,1.122117633E2,4.410254855E1,-6.027306303E1,6.827763346E1
2.725344875E1,5.556722088E-1,5.267453911E-1,-2.018431331E-1,6.107593568E-1,1.124859453E2,4.298148784E1,-6.019782552E1,6.969565707E1
2.726347075E1,5.537991344E-1,5.237825098E-1,-2.014394084E-1,6.151264289E-1,1.127439162E2,4.191751504E1,-6.016928010E1,7.098380241E1
2.727349275E1,5.516240093E-1,5.222269012E-1,-2.020859094E-1,6.181837718E-1,1.130430034E2,4.118790271E1,-6.029812154E1,7.188976752E1
2.728351475E1,5.486568474E-1,5.226948787E-1,-2.040926263E-1,6.197676741E-1,1.134501684E2,4.088586100E1,-6.067462052E1,7.235370852E1
2.729353575E1,5.452792306E-1,5.242814652E-1,-2.064004086E-1,6.206436226E-1,1.139125053E2,4.084043219E1,-6.114877347E1,7.258725438E1
2.730355775E1,5.423099588E-1,5.257103909E-1,-2.081930194E-1,6.214371898E-1,1.143179468E2,4.081855328E1,-6.154628313E1,7.279329722E1
2.731357975E1,5.400341686E-1,5.262219693E-1,-2.094033926E-1,6.225783025E-1,1.146280702E2,4.063315606E1,-6.181155501E1,7.312876327E1
2.732360075E1,5.384714714E-1,5.250987453E-1,-2.101853115E-1,6.246134658E-1,1.148407084E2,4.006523919E1,-6.192412133E1,7.379292989E1
2.733362275E1,5.374319774E-1,5.223363460E-1,-2.112875464E-1,6.274466455E-1,1.149820141E2,3.906533569E1,-6.195538332E1,7.479167656E1
2.734364475E1,5.366111201E-1,5.181896335E-1,-2.127892070E-1,6.310695095E-1,1.150935206E2,3.767487663E1,-6.193293449E1,7.611058282E1
2.735366675E1,5.356334396E-1,5.131930403E-1,-2.147138850E-1,6.353169425E-1,1.152262401E2,3.600850538E1,-6.189628692E1,7.767651321E1
2.736368775E1,5.344587227E-1,5.080802799E-1,-2.169642000E-1,6.396364887E-1,1.153855785E2,3.427975076E1,-6.187122341E1,7.929381995E1
2.737370975E1,5.338083072E-1,5.028254529E-1,-2.188817552E-1,6.436661542E-1,1.154737404E2,3.261943237E1,-6.176144280E1,8.080950588E1
2.738373175E1,5.338738087E-1,4.977689480E-1,-2.205009318E-1,6.469807456E-1,1.154648638E2,3.115429617E1,-6.158610417E1,8.207699254E1
2.739375375E1,5.342790296E-1,4.933296942E-1,-2.221289908E-1,6.494847531E-1,1.154099396E2,2.992334905E1,-6.142334601E1,8.307695536E1
2.740377475E1,5.343458850E-1,4.898527373E-1,-2.243809074E-1,6.512849188E-1,1.154008764E2,2.886976263E1,-6.138545527E1,8.389147134E1
2.741379675E1,5.335258022E-1,4.879663918E-1,-2.279985611E-1,6.521163813E-1,1.155120198E2,2.801113950E1,-6.160715795E1,8.450657093E1
2.742381875E1,5.319612005E-1,4.872426778E-1,-2.324904563E-1,6.523497326E-1,1.157238775E2,2.727660100E1,-6.201336332E1,8.501509819E1
2.743384075E1,5.300279193E-1,4.867563137E-1,-2.372537140E-1,6.525714303E-1,1.159853175E2,2.651625368E1,-6.247245100E1,8.556707873E1
2.744386175E1,5.278154837E-1,4.858570896E-1,-2.415736606E-1,6.534491595E-1,1.162840513E2,2.561970181E1,-6.287053913E1,8.631689264E1
2.745388375E1,5.259543421E-1,4.833526079E-1,-2.446590944E-1,6.556554838E-1,1.165349773E2,2.443019188E1,-6.302248294E1,8.740794821E1
2.746390575E1,5.248145807E-1,4.789573871E-1,-2.466478145E-1,6.590404078E-1,1.166884765E2,2.294747029E1,-6.289754468E1,8.878488178E1
2.747392775E1,5.240320244E-1,4.734962513E-1,-2.481747948E-1,6.630241859E-1,1.167937951E2,2.131488034E1,-6.262075279E1,9.029697163E1
2.748394875E1,5.232081852E-1,4.678050254E-1,-2.500956480E-1,6.669810532E-1,1.169046054E2,1.962479523E1,-6.234252118E1,9.182997540E1
2.749397075E1,5.223160207E-1,4.625316855E-1,-2.530742606E-1,6.702267820E-1,1.170245316E2,1.796091295E1,-6.217430479E1,9.325464504E1
2.750399275E1,5.216380096E-1,4.578771245E-1,-2.567996522E-1,6.725297227E-1,1.171156196E2,1.642243074E1,-6.210235592E1,9.447225072E1
2.751401475E1,5.213709356E-1,4.538059391E-1,-2.608985702E-1,6.739173128E-1,1.171514877E2,1.505268051E1,-6.209260413E1,9.545144624E1
2.752403575E1,5.214442395E-1,4.502731376E-1,-2.655544166E-1,6.744115584E-1,1.171416436E2,1.380188743E1,-6.216334933E1,9.623327811E1
2.753405775E1,5.212188645E-1,4.472724400E-1,-2.704260128E-1,6.746467115E-1,1.171719078E2,1.259643359E1,-6.230128370E1,9.698872464E1
2.754407975E1,5.204163779E-1,4.444879558E-1,-2.751367766E-1,6.752015431E-1,1.172796291E2,1.135851972E1,-6.245021467E1,9.785297382E1
2.755410175E1,5.192615964E-1,4.414897923E-1,-2.798051354E-1,6.761385940E-1,1.174345323E2,1.001749700E1,-6.257328297E1,9.885553796E1
2.756412275E1,5.178915341E-1,4.382216045E-1,-2.845438267E-1,6.773367815E-1,1.176181485E2,8.572667866E0,-6.266949305E1,9.997145806E1
2.757414475E1,5.166147638E-1,4.346029867E-1,-2.889540466E-1,6.787745527E-1,1.177891015E2,7.108767580E0,-6.269169584E1,1.011170295E2
2.758416675E1,5.158748970E-1,4.303104250E-1,-2.926573111E-1,6.804834599E-1,1.178880955E2,5.690647760E0,-6.257162573E1,1.022085962E2
2.759418775E1,5.155114594E-1,4.256111199E-1,-2.961250853E-1,6.822117810E-1,1.179367045E2,4.301477776E0,-6.237799617E1,1.032424336E2
2.760420975E1,5.150359113E-1,4.212717015E-1,-2.999782134E-1,6.835797465E-1,1.180002893E2,2.932166706E0,-6.224471816E1,1.042377822E2
2.761423175E1,5.144170585E-1,4.173020689E-1,-3.042456555E-1,6.845938524E-1,1.180830033E2,1.567144367E0,-6.217570961E1,1.052112479E2
2.762425375E1,5.137142546E-1,4.137948295E-1,-3.088461000E-1,6.851901091E-1,1.181768947E2,2.342041031E-1,-6.217452685E1,1.061380717E2
2.763427475E1,5.129109936E-1,4.110723169E-1,-3.138627498E-1,6.851510232E-1,1.182841503E2,-1.034833568E0,-6.228360134E1,1.069874837E2
2.764429675E1,5.120057952E-1,4.090943337E-1,-3.194689866E-1,6.844205867E-1,1.184049453E2,-2.282975343E0,-6.251418369E1,1.077865227E2
2.765431875E1,5.111525059E-1,4.072396669E-1,-3.253899813E-1,6.833741489E-1,1.185187438E2,-3.559882928E0,-6.277814223E1,1.085807014E2
2.766434075E1,5.105745567E-1,4.044897694E-1,-3.310377275E-1,6.827266364E-1,1.185957835E2,-4.910606626E0,-6.291735654E1,1.094238250E2
2.767436175E1,5.102503368E-1,4.003523556E-1,-3.361565729E-1,6.829064612E-1,1.186389880E2,-6.363362413E0,-6.285496030E1,1.103585977E2
2.768438375E1,5.100702328E-1,3.949855655E-1,-3.407254388E-1,6.839011795E-1,1.186629839E2,-7.882594907E0,-6.260430944E1,1.113649037E2
2.769440575E1,5.099904751E-1,3.887632221E-1,-3.448168375E-1,6.854736942E-1,1.186736094E2,-9.406536347E0,-6.221223279E1,1.123855842E2
2.770442750E1,5.097956671E-1,3.825811659E-1,-3.487550799E-1,6.871025909E-1,1.186995596E2,-1.087995802E1,-6.180354376E1,1.133774362E2
2.771444850E1,5.093690884E-1,3.773318523E-1,-3.529266986E-1,6.881907066E-1,1.187563717E2,-1.226799716E1,-6.150904753E1,1.143035504E2
2.772447050E1,5.090580973E-1,3.732242230E-1,-3.576468058E-1,6.882239499E-1,1.187977792E2,-1.356043459E1,-6.138405236E1,1.150950481E2
2.773449250E1,5.089123219E-1,3.700092805E-1,-3.628380140E-1,6.873499402E-1,1.188171857E2,-1.478724141E1,-6.139691336E1,1.157788097E2
2.774451350E1,5.085694362E-1,3.671987582E-1,-3.683010061E-1,6.862044521E-1,1.188628250E2,-1.603922516E1,-6.146915584E1,1.164900982E2
2.775453550E1,5.078954238E-1,3.643445093E-1,-3.738487758E-1,6.852243692E-1,1.189525072E2,-1.736106950E1,-6.153009689E1,1.172937460E2
2.776455750E1,5.071330400E-1,3.611773419E-1,-3.793988417E-1,6.844147599E-1,1.190538981E2,-1.873127808E1,-6.154620040E1,1.181436937E2
2.777457950E1,5.064839680E-1,3.576983738E-1,-3.849083607E-1,6.836456747E-1,1.191401778E2,-2.010848986E1,-6.151929121E1,1.189813225E2
2.778460050E1,5.059075993E-1,3.540733958E-1,-3.904947688E-1,6.827909893E-1,1.192167612E2,-2.149828169E1,-6.147691509E1,1.198093688E2
2.779462250E1,5.053595322E-1,3.501717435E-1,-3.961986203E-1,6.819225008E-1,1.192895564E2,-2.292444079E1,-6.140508800E1,1.206485227E2
2.780464450E1,5.050594256E-1,3.454423560E-1,-4.016939846E-1,6.813416540E-1,1.193294055E2,-2.434316558E1,-6.122147671E1,1.214476884E2
2.781466650E1,5.052124292E-1,3.396903728E-1,-4.063818442E-1,6.813403791E-1,1.193090902E2,-2.562524328E1,-6.086886932E1,1.221071653E2
2.782468750E1,5.058410442E-1,3.332476765E-1,-4.101622927E-1,6.817900491E-1,1.192256026E2,-2.671392181E1,-6.038478645E1,1.225856597E2
2.783470950E1,5.068761339E-1,3.266393509E-1,-4.135060920E-1,6.821993319E-1,1.190880526E2,-2.766110923E1,-5.986661249E1,1.229115502E2
2.784473150E1,5.080895996E-1,3.204547382E-1,-4.168787513E-1,6.821773576E-1,1.189266750E2,-2.854029077E1,-5.941074200E1,1.231547367E2
2.785475350E1,5.091236251E-1,3.151746495E-1,-4.206343884E-1,6.815606701E-1,1.187890551E2,-2.943083609E1,-5.908507455E1,1.234131783E2
2.786477450E1,5.097427992E-1,3.109353614E-1,-4.248656686E-1,6.804195495E-1,1.187066015E2,-3.037492404E1,-5.890114728E1,1.237502691E2
2.787479650E1,5.098131686E-1,3.074585520E-1,-4.293855283E-1,6.791082083E-1,1.186972284E2,-3.138006728E1,-5.880484323E1,1.241981123E2
2.788481850E1,5.092970436E-1,3.044412907E-1,-4.342701478E-1,6.777474498E-1,1.187659650E2,-3.248719392E1,-5.876123967E1,1.247850547E2
2.789484050E1,5.081845564E-1,3.018127340E-1,-4.395160238E-1,6.763751274E-1,1.189140411E2,-3.370440251E1,-5.875838303E1,1.255182666E2
2.790486150E1,5.065460872E-1,2.994272856E-1,-4.448794842E-1,6.751567147E-1,1.191319221E2,-3.499053027E1,-5.876245356E1,1.263683177E2
2.791488350E1,5.047009403E-1,2.970288665E-1,-4.502151172E-1,6.740600958E-1,1.193769957E2,-3.629583842E1,-5.874632544E1,1.272580521E2
2.792490550E1,5.031317446E-1,2.945840174E-1,-4.554036419E-1,6.728196983E-1,1.195851765E2,-3.754425912E1,-5.872218417E1,1.280719149E2
2.793492650E1,5.021526154E-1,2.922784530E-1,-4.604046657E-1,6.711509096E-1,1.197149633E2,-3.868599932E1,-5.872801107E1,1.287378851E2
2.794494850E1,5.019150389E-1,2.900954096E-1,-4.651580769E-1,6.689946294E-1,1.197464419E2,-3.969653945E1,-5.876903925E1,1.292216104E2
2.795497050E1,5.023649143E-1,2.876566981E-1,-4.693994934E-1,6.667437348E-1,1.196868296E2,-4.054655339E1,-5.878253063E1,1.295135620E2
2.796499250E1,5.031852343E-1,2.845806631E-1,-4.732759814E-1,6.647015778E-1,1.195780838E2,-4.130961651E1,-5.871705138E1,1.296924347E2
2.797501350E1,5.038737452E-1,2.809834612E-1,-4.773234802E-1,6.628134832E-1,1.194867649E2,-4.213542080E1,-5.859450137E1,1.299093258E2
2.798503550E1,5.041105525E-1,2.771859985E-1,-4.816642157E-1,6.610900723E-1,1.194553467E2,-4.306797056E1,-5.844233329E1,1.302396440E2
2.799505750E1,5.041168271E-1,2.734380689E-1,-4.860408920E-1,6.594408292E-1,1.194545142E2,-4.402497618E1,-5.828518815E1,1.306128061E2
2.800507950E1,5.042940810E-1,2.699160464E-1,-4.902123131E-1,6.576661255E-1,1.194309938E2,-4.491427543E1,-5.815207421E1,1.309259817E2
2.801510050E1,5.049392807E-1,2.668485356E-1,-4.939545950E-1,6.556196273E-1,1.193453565E2,-4.565939309E1,-5.807450145E1,1.311037047E2
2.802512250E1,5.061573984E-1,2.642208060E-1,-4.970209890E-1,6.534235342E-1,1.191835735E2,-4.620494769E1,-5.804216971E1,1.311055660E2
2.803514450E1,5.078339737E-1,2.617463962E-1,-4.994948931E-1,6.512282998E-1,1.189606816E2,-4.658640952E1,-5.802013551E1,1.309604744E2
2.804516550E1,5.095368908E-1,2.593600627E-1,-5.017981973E-1,6.490787104E-1,1.187340256E2,-4.693043856E1,-5.800124129E1,1.307944153E2
2.805518750E1,5.108129129E-1,2.570060347E-1,-5.043159236E-1,6.470575319E-1,1.185640147E2,-4.735778227E1,-5.797508195E1,1.307336609E2
2.806520950E1,5.116253251E-1,2.545406864E-1,-5.071417117E-1,6.451789731E-1,1.184556948E2,-4.789321990E1,-5.792801867E1,1.307916042E2
2.807523150E1,5.120937925E-1,2.519146533E-1,-5.100722980E-1,6.435256734E-1,1.183932058E2,-4.848516511E1,-5.784773282E1,1.309233330E2
2.808525250E1,5.124455080E-1,2.490911516E-1,-5.131180821E-1,6.419214380E-1,1.183462769E2,-4.911390022E1,-5.774529643E1,1.310823106E2
2.809527450E1,5.130359485E-1,2.460423961E-1,-5.158133942E-1,6.404638682E-1,1.182674696E2,-4.965369899E1,-5.761029149E1,1.311532484E2
2.810529650E1,5.140876019E-1,2.428390354E-1,-5.177039648E-1,6.393166257E-1,1.181270230E2,-4.999298933E1,-5.743618039E1,1.310521980E2
2.811531850E1,5.152297499E-1,2.400984893E-1,-5.194232928E-1,6.380363204E-1,1.179743740E2,-5.028169754E1,-5.731241042E1,1.309258260E2
2.812533950E1,5.162427494E-1,2.381724099E-1,-5.212239432E-1,6.364690055E-1,1.178388834E2,-5.058377802E1,-5.728134890E1,1.308492355E2
2.813536150E1,5.173357436E-1,2.367900144E-1,-5.226604553E-1,6.349176222E-1,1.176925849E2,-5.079707716E1,-5.729526961E1,1.307354427E2
2.814538350E1,5.181736335E-1,2.362555080E-1,-5.242155054E-1,6.331488770E-1,1.175803560E2,-5.104235224E1,-5.739858867E1,1.307019261E2
2.815540550E1,5.181755143E-1,2.370474684E-1,-5.268398843E-1,6.306680872E-1,1.175801040E2,-5.155685520E1,-5.767060765E1,1.309651027E2
2.816542650E1,5.174251634E-1,2.384594616E-1,-5.306420463E-1,6.275566066E-1,1.176806110E2,-5.237861690E1,-5.804117696E1,1.315123407E2
2.817544850E1,5.165000770E-1,2.395509596E-1,-5.349829399E-1,6.242085927E-1,1.178044499E2,-5.334895870E1,-5.839672631E1,1.321529707E2
2.818547050E1,5.157940856E-1,2.400361119E-1,-5.391004763E-1,6.210554499E-1,1.178989049E2,-5.427619638E1,-5.868040935E1,1.327244895E2
2.819549250E1,5.158824939E-1,2.395099718E-1,-5.425440213E-1,6.181797863E-1,1.178870793E2,-5.500808210E1,-5.885912519E1,1.330468373E2
2.820551350E1,5.169359649E-1,2.379045035E-1,-5.450003502E-1,6.157542668E-1,1.177461088E2,-5.545302864E1,-5.891940660E1,1.330425444E2
2.821553550E1,5.185937269E-1,2.353435029E-1,-5.464524672E-1,6.140550323E-1,1.175240627E2,-5.563404317E1,-5.884837950E1,1.327803565E2
2.822555750E1,5.204552373E-1,2.319230860E-1,-5.473326093E-1,6.129968408E-1,1.172744143E2,-5.568054507E1,-5.865609560E1,1.323883222E2
2.823557950E1,5.224893865E-1,2.281433250E-1,-5.478395832E-1,6.122313118E-1,1.170012335E2,-5.563867151E1,-5.841167741E1,1.319135211E2
2.824560050E1,5.245107125E-1,2.248257569E-1,-5.483814441E-1,6.112444381E-1,1.167293790E2,-5.560678543E1,-5.822373034E1,1.314630542E2
2.825562250E1,5.262478422E-1,2.223634115E-1,-5.497374347E-1,6.094313597E-1,1.164954292E2,-5.576683890E1,-5.817109585E1,1.311787610E2
2.826564450E1,5.276832796E-1,2.207416008E-1,-5.519868963E-1,6.067405363E-1,1.163018868E2,-5.613544164E1,-5.825675585E1,1.310700839E2
2.827566550E1,5.288535501E-1,2.195826784E-1,-5.548208188E-1,6.035488186E-1,1.161439470E2,-5.664958348E1,-5.841845341E1,1.310883441E2
2.828568750E1,5.300973747E-1,2.181985653E-1,-5.577368012E-1,6.002631478E-1,1.159759314E2,-5.718073102E1,-5.856833686E1,1.310946732E2
2.829570950E1,5.312554753E-1,2.165123648E-1,-5.603352281E-1,5.974231351E-1,1.158193569E2,-5.765589592E1,-5.865618628E1,1.310753876E2
2.830573150E1,5.321008726E-1,2.144439344E-1,-5.625238613E-1,5.953565750E-1,1.157049750E2,-5.807251388E1,-5.864724125E1,1.310603908E2
2.831575250E1,5.328832629E-1,2.118453283E-1,-5.639948706E-1,5.941942729E-1,1.155990538E2,-5.834163375E1,-5.852207560E1,1.309621574E2
2.832577450E1,5.338191021E-1,2.089755599E-1,-5.648067770E-1,5.935988117E-1,1.154722776E2,-5.845706149E1,-5.833201372E1,1.307552353E2
2.833579650E1,5.351350189E-1,2.063398646E-1,-5.652040531E-1,5.929577503E-1,1.152938629E2,-5.845217426E1,-5.817064576E1,1.304422536E2
2.834581850E1,5.372042369E-1,2.043457286E-1,-5.651243956E-1,5.918520935E-1,1.150129576E2,-5.828099407E1,-5.810950429E1,1.299611901E2
2.835583950E1,5.399398360E-1,2.032283525E-1,-5.647205234E-1,5.901305476E-1,1.146409134E2,-5.797911329E1,-5.817826488E1,1.293503682E2
2.836586150E1,5.427768379E-1,2.030326014E-1,-5.645494283E-1,5.877542951E-1,1.142542579E2,-5.770691908E1,-5.837686340E1,1.287712795E2
2.837588350E1,5.450593584E-1,2.034135246E-1,-5.647568751E-1,5.853058003E-1,1.139425599E2,-5.755214478E1,-5.862414407E1,1.283531041E2
2.838590550E1,5.461400115E-1,2.038850636E-1,-5.655739339E-1,5.833422550E-1,1.137947950E2,-5.762876537E1,-5.882991961E1,1.282349416E2
2.839592650E1,5.455788842E-1,2.042167171E-1,-5.673307410E-1,5.820439476E-1,1.138715371E2,-5.805408088E1,-5.895622515E1,1.285358057E2
2.840594850E1,5.437303866E-1,2.042010806E-1,-5.699259332E-1,5.812430943E-1,1.141241093E2,-5.877960279E1,-5.899841270E1,1.291690261E2
2.841597050E1,5.413725589E-1,2.038368686E-1,-5.730762204E-1,5.804737945E-1,1.144457523E2,-5.967499424E1,-5.899689642E1,1.299481215E2
2.842599250E1,5.393025823E-1,2.033519902E-1,-5.763379861E-1,5.793402734E-1,1.147276496E2,-6.057348253E1,-5.901043898E1,1.306776495E2
2.843601350E1,5.380458238E-1,2.027176802E-1,-5.793160824E-1,5.777587788E-1,1.148985831E2,-6.134541290E1,-5.905274147E1,1.312139526E2
2.844603550E1,5.377305075E-1,2.016331364E-1,-5.816613227E-1,5.760729628E-1,1.149414442E2,-6.190164334E1,-5.907768962E1,1.314815208E2
2.845605750E1,5.381520721E-1,1.999771656E-1,-5.831338704E-1,5.747663986E-1,1.148841385E2,-6.220162199E1,-5.903811288E1,1.314860698E2
2.846607850E1,5.387871540E-1,1.979958001E-1,-5.840288587E-1,5.739479780E-1,1.147977735E2,-6.235311980E1,-5.893839948E1,1.313707054E2
2.847610050E1,5.397144373E-1,1.956320784E-1,-5.840160882E-1,5.739002993E-1,1.146715971E2,-6.227647155E1,-5.875426066E1,1.310832780E2
2.848612250E1,5.411553735E-1,1.929775224E-1,-5.824535992E-1,5.750289722E-1,1.144753504E2,-6.181619256E1,-5.846612768E1,1.305227796E2
2.849614450E1,5.426496874E-1,1.906816360E-1,-5.798583438E-1,5.770061256E-1,1.142716053E2,-6.113305833E1,-5.814308739E1,1.298698221E2
2.850616550E1,5.435042648E-1,1.894075790E-1,-5.773594993E-1,5.791233225E-1,1.141549811E2,-6.052805105E1,-5.788420470E1,1.294017611E2
2.851618750E1,5.434166824E-1,1.895646392E-1,-5.756551440E-1,5.808481415E-1,1.141669370E2,-6.016499339E1,-5.776395388E1,1.292550814E2
2.852620950E1,5.425512969E-1,1.912160581E-1,-5.748893989E-1,5.818735163E-1,1.142850277E2,-6.005507428E1,-5.781590941E1,1.294091018E2
2.853623150E1,5.409998622E-1,1.944300925E-1,-5.751557670E-1,5.819897666E-1,1.144965405E2,-6.021328332E1,-5.806308336E1,1.298597533E2
2.854625250E1,5.387515794E-1,1.989579916E-1,-5.765203345E-1,5.811943725E-1,1.148026124E2,-6.066962150E1,-5.848123687E1,1.306165539E2
2.855627450E1,5.359608548E-1,2.039214152E-1,-5.787592172E-1,5.798273105E-1,1.151818046E2,-6.138469665E1,-5.896616237E1,1.316060493E2
2.856629650E1,5.327991247E-1,2.086219057E-1,-5.814844114E-1,5.783407490E-1,1.156104476E2,-6.227002522E1,-5.942205043E1,1.327333160E2
2.857631850E1,5.296521907E-1,2.125846367E-1,-5.840992018E-1,5.771520367E-1,1.160360845E2,-6.315455097E1,-5.978307296E1,1.338337844E2
2.858633950E1,5.271415293E-1,2.154924321E-1,-5.860003619E-1,5.764447019E-1,1.163749557E2,-6.383176910E1,-6.002565458E1,1.346911411E2
2.859636150E1,5.259240702E-1,2.172794795E-1,-5.866549657E-1,5.762198959E-1,1.165390559E2,-6.410645985E1,-6.016635271E1,1.350999396E2
2.860638350E1,5.261920978E-1,2.181919167E-1,-5.859816697E-1,5.763156799E-1,1.165029412E2,-6.393724205E1,-6.024698410E1,1.350192647E2
2.861640450E1,5.276012645E-1,2.186301807E-1,-5.843359828E-1,5.765322014E-1,1.163129505E2,-6.343850186E1,-6.030647325E1,1.345767114E2
2.862642650E1,5.297876586E-1,2.188854220E-1,-5.819685943E-1,5.768247164E-1,1.160177822E2,-6.270204610E1,-6.036077851E1,1.338864285E2
2.863644850E1,5.323257313E-1,2.191953910E-1,-5.792488371E-1,5.771079537E-1,1.156745396E2,-6.185217860E1,-6.042343975E1,1.330858465E2
2.864647050E1,5.349385856E-1,2.197558387E-1,-5.764090879E-1,5.773220571E-1,1.153205069E2,-6.096686493E1,-6.050826388E1,1.322643619E2
2.865649150E1,5.374405174E-1,2.206325037E-1,-5.736546122E-1,5.774074361E-1,1.149808537E2,-6.010824252E1,-6.062175698E1,1.314835562E2
2.866651350E1,5.397566764E-1,2.219001018E-1,-5.711994845E-1,5.771950792E-1,1.146658474E2,-5.933043123E1,-6.078293852E1,1.307843015E2
2.867653550E1,5.419032680E-1,2.237231532E-1,-5.689222587E-1,5.767288823E-1,1.143734065E2,-5.860064695E1,-6.100439236E1,1.301530902E2
2.868655750E1,5.440265907E-1,2.259965858E-1,-5.667265448E-1,5.760048350E-1,1.140836614E2,-5.788018078E1,-6.128004670E1,1.295413037E2
2.869657904E1,5.462584521E-1,2.286506255E-1,-5.644569686E-1,5.750728668E-1,1.137785923E2,-5.711729745E1,-6.160141530E1,1.288969610E2
2.870660104E1,5.486089818E-1,2.315624354E-1,-5.620045594E-1,5.740712891E-1,1.134567289E2,-5.628274961E1,-6.194642098E1,1.281966515E2
2.871662304E1,5.509514589E-1,2.346970862E-1,-5.595419823E-1,5.729595000E-1,1.131353769E2,-5.542656120E1,-6.231370546E1,1.274829946E2
2.872664504E1,5.530630621E-1,2.381286720E-1,-5.573785108E-1,5.716162339E-1,1.128451867E2,-5.464148188E1,-6.271876042E1,1.268412788E2
2.873666604E1,5.549826429E-1,2.416876784E-1,-5.554566567E-1,5.701309341E-1,1.125809614E2,-5.391294930E1,-6.314148110E1,1.262524404E2
2.874668804E1,5.570649685E-1,2.450879807E-1,-5.534133142E-1,5.686337753E-1,1.122938744E2,-5.312065525E1,-6.354762637E1,1.255861122E2
2.875671004E1,5.593927561E-1,2.483280829E-1,-5.511437697E-1,5.671450472E-1,1.119723736E2,-5.222783561E1,-6.393390436E1,1.248079247E2
2.876673104E1,5.619663085E-1,2.513242813E-1,-5.487017180E-1,5.656469138E-1,1.116162191E2,-5.124653546E1,-6.429317607E1,1.239205114E2
2.877675304E1,5.649252927E-1,2.540787359E-1,-5.458520958E-1,5.642242666E-1,1.112057927E2,-5.010204286E1,-6.461480353E1,1.228597450E2
2.878677504E1,5.684381600E-1,2.566421388E-1,-5.422445469E-1,5.630131230E-1,1.107172289E2,-4.868693551E1,-6.488406267E1,1.215396787E2
2.879679704E1,5.723091794E-1,2.592112843E-1,-5.379637336E-1,5.620202275E-1,1.101771813E2,-4.703991904E1,-6.511131383E1,1.200180923E2
2.880681804E1,5.760594159E-1,2.621742815E-1,-5.334998871E-1,5.610687947E-1,1.096522849E2,-4.532240090E1,-6.534703198E1,1.184699084E2
2.881684004E1,5.792153772E-1,2.658291614E-1,-5.293050219E-1,5.600721007E-1,1.092092493E2,-4.368507690E1,-6.563421774E1,1.170608635E2
2.882686204E1,5.815628559E-1,2.700647721E-1,-5.257359214E-1,5.589735175E-1,1.088789183E2,-4.224099070E1,-6.598164055E1,1.158856310E2
2.883688404E1,5.830870005E-1,2.747520075E-1,-5.228619278E-1,5.577959885E-1,1.086640800E2,-4.101586635E1,-6.638517655E1,1.149600516E2
2.884690504E1,5.837984050E-1,2.798156984E-1,-5.205660203E-1,5.566809857E-1,1.085637038E2,-3.999308865E1,-6.683085941E1,1.142770360E2
2.885692704E1,5.837756892E-1,2.851059708E-1,-5.187741892E-1,5.556922615E-1,1.085669098E2,-3.916316179E1,-6.730293896E1,1.138210350E2
2.886694904E1,5.833276432E-1,2.903828933E-1,-5.173648302E-1,5.547435610E-1,1.086301334E2,-3.847221393E1,-6.778361495E1,1.135072964E2
2.887697104E1,5.826219192E-1,2.955456715E-1,-5.161815574E-1,5.538601801E-1,1.087296669E2,-3.787074371E1,-6.825769894E1,1.132808004E2
2.888699204E1,5.818932806E-1,3.004695824E-1,-5.150693232E-1,5.530116837E-1,1.088323672E2,-3.729455943E1,-6.871039814E1,1.130632827E2
2.889701404E1,5.813350693E-1,3.050361829E-1,-5.137603369E-1,5.523159420E-1,1.089110016E2,-3.665837120E1,-6.911317741E1,1.127732866E2
2.890703604E1,5.809521572E-1,3.090684562E-1,-5.121671017E-1,5.519567323E-1,1.089649196E2,-3.596138413E1,-6.943495214E1,1.124147901E2
2.891705804E1,5.808471931E-1,3.123877523E-1,-5.101479516E-1,5.520683556E-1,1.089796964E2,-3.517363326E1,-6.964488944E1,1.119571161E2
2.892707904E1,5.809227493E-1,3.150960983E-1,-5.077768647E-1,5.526353703E-1,1.089690598E2,-3.432867370E1,-6.975553411E1,1.114408018E2
2.893710104E1,5.809356567E-1,3.174279359E-1,-5.055975987E-1,5.532849270E-1,1.089672426E2,-3.357776477E1,-6.983362924E1,1.109928880E2
2.894712304E1,5.806751181E-1,3.196637841E-1,-5.038383471E-1,5.538757284E-1,1.090039183E2,-3.298684657E1,-6.992444805E1,1.106874174E2
2.895714404E1,5.800400863E-1,3.219900477E-1,-5.024956222E-1,5.544131481E-1,1.090932757E2,-3.255642510E1,-7.004588767E1,1.105425467E2
2.896716604E1,5.790092494E-1,3.245351590E-1,-5.015580761E-1,5.548556149E-1,1.092382227E2,-3.227396544E1,-7.021236343E1,1.105529609E2
2.897718804E1,5.776384904E-1,3.272623972E-1,-5.010044351E-1,5.551825652E-1,1.094307651E2,-3.212888298E1,-7.042088144E1,1.107025395E2
2.898721004E1,5.760528864E-1,3.298152476E-1,-5.008540394E-1,5.554550419E-1,1.096532003E2,-3.214647419E1,-7.063612783E1,1.109902429E2
2.899723104E1,5.745990796E-1,3.318159269E-1,-5.008583700E-1,5.557652361E-1,1.098568793E2,-3.224157403E1,-7.080569099E1,1.113076784E2
2.900725304E1,5.735266208E-1,3.331585306E-1,-5.005558662E-1,5.563419637E-1,1.100069686E2,-3.226479650E1,-7.088520242E1,1.115244447E2
2.901727504E1,5.729043252E-1,3.338162480E-1,-4.998987389E-1,5.571791239E-1,1.100939950E2,-3.218949344E1,-7.087030366E1,1.116108047E2
2.902729704E1,5.726324095E-1,3.338827768E-1,-4.991088859E-1,5.581260635E-1,1.101320071E2,-3.207646257E1,-7.078830223E1,1.116175940E2
2.903731804E1,5.725513407E-1,3.333251476E-1,-4.982698528E-1,5.592910650E-1,1.101433384E2,-3.198887847E1,-7.063436248E1,1.116167708E2
2.904734004E1,5.725986650E-1,3.319949404E-1,-4.975008941E-1,5.607164358E-1,1.101367238E2,-3.198711504E1,-7.039816946E1,1.116590057E2
2.905736204E1,5.726793851E-1,3.299893089E-1,-4.968191582E-1,5.624197918E-1,1.101254409E2,-3.208220585E1,-7.008874015E1,1.117666740E2
2.906738404E1,5.726344415E-1,3.274083623E-1,-4.964509212E-1,5.642961847E-1,1.101317231E2,-3.234126736E1,-6.973163904E1,1.120030111E2
2.907740504E1,5.723923118E-1,3.243271432E-1,-4.965271543E-1,5.662506565E-1,1.101655640E2,-3.278941520E1,-6.934438378E1,1.123886401E2
2.908742704E1,5.720579071E-1,3.210010351E-1,-4.968468435E-1,5.682000441E-1,1.102122902E2,-3.332104175E1,-6.894499164E1,1.128338650E2
2.909744904E1,5.716126766E-1,3.178327248E-1,-4.972523436E-1,5.700715240E-1,1.102744813E2,-3.385807292E1,-6.856711762E1,1.132907830E2
2.910747104E1,5.710061436E-1,3.150339844E-1,-4.978500912E-1,5.717088003E-1,1.103591659E2,-3.441196164E1,-6.824331689E1,1.137714157E2
2.911749204E1,5.699740278E-1,3.127135580E-1,-4.988900963E-1,5.731043905E-1,1.105031707E2,-3.508077655E1,-6.799387777E1,1.143810622E2
2.912751404E1,5.681577191E-1,3.108011342E-1,-5.007795922E-1,5.742989489E-1,1.107562849E2,-3.603105158E1,-6.782405131E1,1.152818371E2
2.913753604E1,5.654501055E-1,3.090841243E-1,-5.037111900E-1,5.753331641E-1,1.111328935E2,-3.734697661E1,-6.771360357E1,1.165425327E2
2.914755704E1,5.621360826E-1,3.070667548E-1,-5.073949616E-1,5.764229291E-1,1.115926976E2,-3.895373635E1,-6.758566576E1,1.180707824E2
2.915757904E1,5.589337124E-1,3.040995535E-1,-5.110504210E-1,5.778788183E-1,1.120358222E2,-4.058099204E1,-6.733178043E1,1.195778971E2
2.916760104E1,5.564326302E-1,2.999586888E-1,-5.139358153E-1,5.798942845E-1,1.123811048E2,-4.194734128E1,-6.690123785E1,1.207883936E2
2.917762304E1,5.547844065E-1,2.948116103E-1,-5.159364630E-1,5.823314129E-1,1.126082670E2,-4.298052629E1,-6.632289445E1,1.216297365E2
2.918764404E1,5.537912239E-1,2.892433900E-1,-5.172807262E-1,5.848710476E-1,1.127450048E2,-4.374123431E1,-6.568162035E1,1.221778124E2
2.919766604E1,5.532873676E-1,2.835278980E-1,-5.181581814E-1,5.873645724E-1,1.128143325E2,-4.429992046E1,-6.501918380E1,1.225097295E2
2.920768804E1,5.531274638E-1,2.776262434E-1,-5.186727944E-1,5.898746688E-1,1.128363285E2,-4.471698385E1,-6.433128964E1,1.226894807E2
2.921771004E1,5.528525662E-1,2.718056266E-1,-5.191169063E-1,5.924469067E-1,1.128741362E2,-4.511707145E1,-6.364375243E1,1.228705828E2
2.922773104E1,5.519667448E-1,2.663475255E-1,-5.200658005E-1,5.949145837E-1,1.129959104E2,-4.567637009E1,-6.300247172E1,1.232325880E2
2.923775304E1,5.502605377E-1,2.613295849E-1,-5.217423389E-1,5.972478516E-1,1.132302224E2,-4.645585448E1,-6.241755723E1,1.238390003E2
2.924777504E1,5.478765855E-1,2.565334105E-1,-5.240086908E-1,5.995304828E-1,1.135570811E2,-4.740671878E1,-6.185824589E1,1.246321226E2
2.925779704E1,5.450187315E-1,2.518425506E-1,-5.267031388E-1,6.017588315E-1,1.139481126E2,-4.846721042E1,-6.130918199E1,1.255402125E2
2.926781804E1,5.419323230E-1,2.474460231E-1,-5.295603791E-1,6.038589194E-1,1.143694449E2,-4.954464935E1,-6.078763231E1,1.264791940E2
2.927784004E1,5.389738487E-1,2.434105045E-1,-5.322640573E-1,6.057669256E-1,1.147723769E2,-5.053507929E1,-6.030247096E1,1.273432736E2
2.928786204E1,5.365344945E-1,2.396505104E-1,-5.344753233E-1,6.074820284E-1,1.151039260E2,-5.133644160E1,-5.984797074E1,1.280220510E2
2.929788404E1,5.346250262E-1,2.362003483E-1,-5.361452025E-1,6.090434480E-1,1.153630296E2,-5.194678937E1,-5.942745323E1,1.285204487E2
2.930790504E1,5.328470535E-1,2.330687427E-1,-5.375338674E-1,6.105818580E-1,1.156039573E2,-5.246688056E1,-5.903277368E1,1.289556770E2
2.931792704E1,5.308797941E-1,2.301285785E-1,-5.389386218E-1,6.121703859E-1,1.158701635E2,-5.299403721E1,-5.864712706E1,1.294227993E2
2.932794904E1,5.286444385E-1,2.272992500E-1,-5.404139407E-1,6.138590125E-1,1.161721787E2,-5.354749986E1,-5.825879991E1,1.299403683E2
2.933797004E1,5.263912838E-1,2.244109792E-1,-5.418431719E-1,6.155955312E-1,1.164760978E2,-5.408226578E1,-5.785839624E1,1.304417696E2
2.934799204E1,5.243782607E-1,2.214336310E-1,-5.430134318E-1,6.173581177E-1,1.167472050E2,-5.453334733E1,-5.744726699E1,1.308562196E2
2.935801404E1,5.228338000E-1,2.182204395E-1,-5.436836510E-1,6.192194384E-1,1.169549402E2,-5.483705004E1,-5.700994128E1,1.311157460E2
2.936803604E1,5.217726583E-1,2.147300694E-1,-5.437511071E-1,6.212720426E-1,1.170975336E2,-5.497703248E1,-5.653683636E1,1.312119730E2
2.937805704E1,5.209390410E-1,2.111936327E-1,-5.433565072E-1,6.235250814E-1,1.172094768E2,-5.500516043E1,-5.604538814E1,1.312187877E2
2.938807904E1,5.199780086E-1,2.080183945E-1,-5.427214174E-1,6.259430461E-1,1.173384473E2,-5.499163895E1,-5.557042252E1,1.312382771E2
2.939810104E1,5.186055702E-1,2.055842665E-1,-5.420444336E-1,6.284672736E-1,1.175224754E2,-5.499238839E1,-5.514695570E1,1.313524978E2
2.940812304E1,5.167541013E-1,2.039746888E-1,-5.413459655E-1,6.311133791E-1,1.177704524E2,-5.501339635E1,-5.478041432E1,1.315767685E2
2.941814404E1,5.143922867E-1,2.031695471E-1,-5.407522534E-1,6.338057093E-1,1.180863135E2,-5.508019363E1,-5.447456148E1,1.319254030E2
2.942816604E1,5.115110755E-1,2.032256551E-1,-5.403326710E-1,6.364718030E-1,1.184709315E2,-5.520526039E1,-5.423951868E1,1.324066994E2
2.943818804E1,5.081281165E-1,2.041500303E-1,-5.400780935E-1,6.390964559E-1,1.189215505E2,-5.538574688E1,-5.407647853E1,1.330167515E2
2.944821004E1,5.041574145E-1,2.059433049E-1,-5.402463332E-1,6.415190198E-1,1.194491288E2,-5.567936787E1,-5.399556394E1,1.337933082E2
2.945823104E1,4.995045816E-1,2.085077405E-1,-5.411698022E-1,6.435487172E-1,1.200655424E2,-5.616166529E1,-5.399867186E1,1.347797527E2
2.946825304E1,4.941730737E-1,2.116139948E-1,-5.428149307E-1,6.452630982E-1,1.207695267E2,-5.683266422E1,-5.405515563E1,1.359674220E2
2.947827504E1,4.884154560E-1,2.148782577E-1,-5.448574618E-1,6.468446377E-1,1.215270256E2,-5.761702686E1,-5.411736401E1,1.372714925E2
2.948829604E1,4.827790104E-1,2.178579872E-1,-5.466872778E-1,6.485331879E-1,1.222658772E2,-5.835685670E1,-5.413841045E1,1.385242896E2
2.949831804E1,4.776543277E-1,2.203577905E-1,-5.479060909E-1,6.504519285E-1,1.229353716E2,-5.894200203E1,-5.410411293E1,1.396115882E2
2.950834004E1,4.730832227E-1,2.224702222E-1,-5.483925182E-1,6.526599439E-1,1.235307559E2,-5.934192927E1,-5.402422149E1,1.405173194E2
2.951836204E1,4.687899446E-1,2.245531194E-1,-5.483085617E-1,6.551103090E-1,1.240884443E2,-5.960818841E1,-5.392989605E1,1.413196305E2
2.952838304E1,4.647325096E-1,2.265915307E-1,-5.477681337E-1,6.577462151E-1,1.246141762E2,-5.976647448E1,-5.382430369E1,1.420356630E2
2.953840504E1,4.609772465E-1,2.284740934E-1,-5.467866706E-1,6.605481165E-1,1.250996291E2,-5.981484324E1,-5.370197531E1,1.426505880E2
2.954842704E1,4.575641209E-1,2.302476223E-1,-5.454840906E-1,6.633764124E-1,1.255399279E2,-5.977634884E1,-5.357835692E1,1.431725694E2
2.955844904E1,4.543156420E-1,2.321453474E-1,-5.439912282E-1,6.661677665E-1,1.259581798E2,-5.969187252E1,-5.347362336E1,1.436559522E2
2.956847004E1,4.511193304E-1,2.342856381E-1,-5.424793470E-1,6.688181079E-1,1.263689565E2,-5.960504386E1,-5.340166432E1,1.441418290E2
2.957849204E1,4.477965993E-1,2.367764431E-1,-5.411182461E-1,6.712719395E-1,1.267951926E2,-5.956291646E1,-5.336994264E1,1.446809034E2
2.958851404E1,4.441826124E-1,2.397369852E-1,-5.401969371E-1,6.733612220E-1,1.272578912E2,-5.963654557E1,-5.339364621E1,1.453337782E2
2.959853604E1,4.401671136E-1,2.430484737E-1,-5.396182503E-1,6.752722444E-1,1.277709117E2,-5.981247694E1,-5.344564363E1,1.461030555E2
2.960855704E1,4.359351696E-1,2.462534465E-1,-5.390143281E-1,6.773354802E-1,1.283103698E2,-5.999753104E1,-5.346977822E1,1.468982761E2
2.961857904E1,4.315740666E-1,2.493205885E-1,-5.382874320E-1,6.795806428E-1,1.288650082E2,-6.016526427E1,-5.346455050E1,1.476936645E2
2.962860104E1,4.270564091E-1,2.524417734E-1,-5.375746866E-1,6.818426010E-1,1.294382060E2,-6.034896573E1,-5.345606820E1,1.485178279E2
2.963862304E1,4.227104158E-1,2.555116550E-1,-5.370095922E-1,6.838496971E-1,1.299883480E2,-6.055507359E1,-5.346200474E1,1.493266683E2
2.964864404E1,4.189584612E-1,2.583921181E-1,-5.365452393E-1,6.854390126E-1,1.304623035E2,-6.074694283E1,-5.349494826E1,1.500427127E2
2.965866604E1,4.160006480E-1,2.608604694E-1,-5.362081699E-1,6.865682426E-1,1.308353043E2,-6.091230400E1,-5.354491659E1,1.506239595E2
2.966868804E1,4.136665555E-1,2.626862393E-1,-5.360794007E-1,6.873825197E-1,1.311292577E2,-6.106915583E1,-5.357628374E1,1.510886290E2
2.967870904E1,4.116876767E-1,2.635879500E-1,-5.358631663E-1,6.883933697E-1,1.313782076E2,-6.116061902E1,-5.352544275E1,1.514278880E2
2.968873104E1,4.100262163E-1,2.633180943E-1,-5.352272020E-1,6.899812417E-1,1.315870366E2,-6.111111867E1,-5.334871335E1,1.515967386E2
2.969875354E1,4.087050918E-1,2.618725838E-1,-5.343671955E-1,6.919788232E-1,1.317529668E2,-6.096096165E1,-5.305546798E1,1.516121086E2
2.970877554E1,4.077554811E-1,2.594875253E-1,-5.335242270E-1,6.940846905E-1,1.318721692E2,-6.076830290E1,-5.268430879E1,1.515116857E2
2.971879654E1,4.072813817E-1,2.565575712E-1,-5.327190430E-1,6.960679842E-1,1.319316610E2,-6.054672729E1,-5.228806379E1,1.513111166E2
2.972881854E1,4.077529312E-1,2.530533347E-1,-5.317744268E-1,6.977948143E-1,1.318724892E2,-6.023865284E1,-5.188967090E1,1.509248899E2
2.973884054E1,4.093759221E-1,2.489370943E-1,-5.305414734E-1,6.992620304E-1,1.316687255E2,-5.980818391E1,-5.149246896E1,1.503108078E2
2.974886254E1,4.120172967E-1,2.442939446E-1,-5.287942337E-1,7.006702093E-1,1.313367573E2,-5.922663062E1,-5.108545591E1,1.494789739E2
2.975888354E1,4.151966442E-1,2.394996036E-1,-5.266270111E-1,7.020795578E-1,1.309365986E2,-5.855131886E1,-5.067855474E1,1.485364423E2
2.976890554E1,4.183859594E-1,2.348778856E-1,-5.243197029E-1,7.034731223E-1,1.305345435E2,-5.787117954E1,-5.028179563E1,1.476058996E2
2.977892754E1,4.211938141E-1,2.304957513E-1,-5.220927899E-1,7.049018688E-1,1.301800381E2,-5.724762925E1,-4.988549221E1,1.467664372E2
2.978894954E1,4.233787805E-1,2.265302386E-1,-5.201733381E-1,7.062960971E-1,1.299038229E2,-5.673403003E1,-4.950437499E1,1.460790067E2
2.979897054E1,4.248914519E-1,2.232766389E-1,-5.186340825E-1,7.075545809E-1,1.297124143E2,-5.634340139E1,-4.917301224E1,1.455673276E2
2.980899254E1,4.259905575E-1,2.208463779E-1,-5.174872563E-1,7.084955515E-1,1.295732428E2,-5.605920825E1,-4.892295668E1,1.451942954E2
2.981901454E1,4.269826416E-1,2.191547614E-1,-5.166148270E-1,7.090601190E-1,1.294475543E2,-5.583891551E1,-4.876035252E1,1.448972186E2
2.982903654E1,4.281655877E-1,2.178629289E-1,-5.158246052E-1,7.093201124E-1,1.292976001E2,-5.562786864E1,-4.865849266E1,1.445986167E2
2.983905754E1,4.295230850E-1,2.168050219E-1,-5.150103492E-1,7.094151641E-1,1.291254045E2,-5.540589177E1,-4.859273482E1,1.442841631E2
2.984907954E1,4.308685178E-1,2.159402529E-1,-5.140687043E-1,7.095460511E-1,1.289546178E2,-5.516342777E1,-4.854112624E1,1.439718075E2
2.985910154E1,4.320884689E-1,2.152088365E-1,-5.129194440E-1,7.098578851E-1,1.287996544E2,-5.489164878E1,-4.848554562E1,1.436697721E2
2.986912254E1,4.330668974E-1,2.147892014E-1,-5.116505078E-1,7.103044415E-1,1.286752976E2,-5.461277070E1,-4.844240340E1,1.434101710E2
2.987914454E1,4.339132167E-1,2.148388714E-1,-5.102291264E-1,7.107951889E-1,1.285676794E2,-5.431497979E1,-4.843497193E1,1.431807142E2
2.988916654E1,4.347727068E-1,2.154096978E-1,-5.086277253E-1,7.112448641E-1,1.284583365E2,-5.398502171E1,-4.847728700E1,1.429589095E2
2.989918854E1,4.355981212E-1,2.165803898E-1,-5.070385151E-1,7.115189767E-1,1.283532813E2,-5.365869260E1,-4.858450205E1,1.427682313E2
2.990920954E1,4.361415732E-1,2.185381320E-1,-5.056720089E-1,7.115598486E-1,1.282840876E2,-5.338602228E1,-4.877218853E1,1.426688457E2
2.991923154E1,4.363891544E-1,2.210452794E-1,-5.044279183E-1,7.115166797E-1,1.282525582E2,-5.315021018E1,-4.900864427E1,1.426452612E2
2.992925354E1,4.365487539E-1,2.236718183E-1,-5.032138045E-1,7.114576425E-1,1.282322310E2,-5.292391004E1,-4.925489661E1,1.426407401E2
2.993927554E1,4.365953262E-1,2.263894682E-1,-5.020673892E-1,7.113794601E-1,1.282262990E2,-5.271555994E1,-4.950813660E1,1.426609762E2
2.994929654E1,4.366633302E-1,2.290209383E-1,-5.008194315E-1,7.113750979E-1,1.282176371E2,-5.248734705E1,-4.974876534E1,1.426651187E2
2.995931854E1,4.370122744E-1,2.314556985E-1,-4.992221292E-1,7.114954166E-1,1.281731854E2,-5.217919258E1,-4.996857100E1,1.425887728E2
2.996934054E1,4.377927603E-1,2.337705720E-1,-4.973254367E-1,7.115870333E-1,1.280737297E2,-5.179007752E1,-5.018779638E1,1.424140376E2
2.997936254E1,4.389462564E-1,2.361178248E-1,-4.951230005E-1,7.116373356E-1,1.279266651E2,-5.132086709E1,-5.041906441E1,1.421542411E2
2.998938354E1,4.403701876E-1,2.385643861E-1,-4.923557016E-1,7.118615990E-1,1.277449941E2,-5.072954499E1,-5.065000091E1,1.418065815E2
2.999940554E1,4.418084910E-1,2.413705865E-1,-4.891503706E-1,7.122340085E-1,1.275613460E2,-5.005291115E1,-5.089998618E1,1.414298285E2
3.000942754E1,4.428510144E-1,2.451757726E-1,-4.860846088E-1,7.123858425E-1,1.274281419E2,-4.941750028E1,-5.124644295E1,1.411561961E2
3.001944954E1,4.433215839E-1,2.502746246E-1,-4.833477505E-1,7.121822311E-1,1.273679918E2,-4.886726085E1,-5.172430964E1,1.410378186E2
3.002947054E1,4.433349023E-1,2.564926334E-1,-4.809066894E-1,7.116140073E-1,1.273662892E2,-4.839136863E1,-5.232149921E1,1.410471501E2
3.003949254E1,4.429647687E-1,2.635920804E-1,-4.787214806E-1,7.107230229E-1,1.274136028E2,-4.798217447E1,-5.301522693E1,1.411621687E2
3.004951454E1,4.424573417E-1,2.710309992E-1,-4.765876700E-1,7.096744726E-1,1.274784508E2,-4.759014564E1,-5.374829326E1,1.413081546E2
3.005953554E1,4.420909486E-1,2.782762426E-1,-4.743175248E-1,7.086189153E-1,1.275252637E2,-4.716173150E1,-5.446558678E1,1.414035615E2
3.006955754E1,4.419930310E-1,2.849880966E-1,-4.718572763E-1,7.076543952E-1,1.275377727E2,-4.667503283E1,-5.513100975E1,1.414082174E2
3.007957954E1,4.420784626E-1,2.911347193E-1,-4.692248579E-1,7.068488425E-1,1.275268588E2,-4.613674748E1,-5.573525517E1,1.413355510E2
3.008960154E1,4.423418804E-1,2.966564042E-1,-4.662832344E-1,7.063346509E-1,1.274932039E2,-4.551844922E1,-5.626247955E1,1.411706134E2
3.009962254E1,4.429862952E-1,3.015061315E-1,-4.630205046E-1,7.060236177E-1,1.274108514E2,-4.479834714E1,-5.671638947E1,1.408723224E2
3.010964454E1,4.440970649E-1,3.060236625E-1,-4.596534140E-1,7.055820557E-1,1.272688326E2,-4.400665083E1,-5.715185059E1,1.404525859E2
3.011966654E1,4.457624976E-1,3.103092120E-1,-4.563249351E-1,7.048202514E-1,1.270557331E2,-4.315930501E1,-5.759161701E1,1.399079846E2
3.012968854E1,4.479903168E-1,3.141868485E-1,-4.529590456E-1,7.038603780E-1,1.267703646E2,-4.223866176E1,-5.800884376E1,1.392224206E2
3.013970954E1,4.505898606E-1,3.175429546E-1,-4.496283119E-1,7.028297085E-1,1.264369298E2,-4.127717874E1,-5.838100374E1,1.384368345E2
3.014973154E1,4.531224121E-1,3.204808797E-1,-4.464750164E-1,7.018775795E-1,1.261116163E2,-4.034680053E1,-5.870369819E1,1.376561744E2
3.015975354E1,4.553203597E-1,3.231920917E-1,-4.436444446E-1,7.010064147E-1,1.258289027E2,-3.950415314E1,-5.899475565E1,1.369556751E2
3.016977554E1,4.570355362E-1,3.257688604E-1,-4.410700360E-1,7.003216443E-1,1.256080382E2,-3.875388189E1,-5.925548215E1,1.363645526E2
3.017979654E1,4.583350500E-1,3.282574264E-1,-4.386961938E-1,6.998012572E-1,1.254405532E2,-3.808059612E1,-5.949327728E1,1.358680345E2
3.018981854E1,4.592690031E-1,3.309256380E-1,-4.364970766E-1,6.993071486E-1,1.253201047E2,-3.746897885E1,-5.974328790E1,1.354564115E2
3.019984054E1,4.598637583E-1,3.339403757E-1,-4.345555663E-1,6.986919943E-1,1.252433671E2,-3.692852761E1,-6.003327604E1,1.351332747E2
3.020986254E1,4.602390866E-1,3.371862520E-1,-4.330886241E-1,6.977963211E-1,1.251949272E2,-3.649287036E1,-6.036850446E1,1.348957440E2
3.021988354E1,4.604350062E-1,3.405923180E-1,-4.323029120E-1,6.964989357E-1,1.251696376E2,-3.620272570E1,-6.075506074E1,1.347583681E2
3.022990554E1,4.603638202E-1,3.440328996E-1,-4.322248060E-1,6.949016966E-1,1.251788267E2,-3.608195139E1,-6.117535948E1,1.347476698E2
3.023992754E1,4.601717675E-1,3.470233054E-1,-4.325597865E-1,6.933315895E-1,1.252036162E2,-3.607429709E1,-6.155900539E1,1.348083171E2
3.024994854E1,4.601263016E-1,3.489397542E-1,-4.329556824E-1,6.921519308E-1,1.252094844E2,-3.609764377E1,-6.181986574E1,1.348495333E2
3.025997054E1,4.604359123E-1,3.495096771E-1,-4.331680894E-1,6.915252915E-1,1.251695206E2,-3.608377993E1,-6.191885887E1,1.347994919E2
3.026999254E1,4.610113433E-1,3.489876488E-1,-4.331128744E-1,6.914401127E-1,1.250952262E2,-3.601773878E1,-6.187825151E1,1.346674413E2
3.028001454E1,4.617164600E-1,3.476941331E-1,-4.328950884E-1,6.917575628E-1,1.250041538E2,-3.592881577E1,-6.173776776E1,1.344944786E2
3.029003554E1,4.623737718E-1,3.461050125E-1,-4.328307881E-1,6.921555239E-1,1.249192219E2,-3.588880803E1,-6.156720619E1,1.343519499E2
3.030005754E1,4.628011619E-1,3.446427039E-1,-4.333189145E-1,6.922941659E-1,1.248639808E2,-3.598623663E1,-6.143428498E1,1.343191330E2
3.031007954E1,4.629937940E-1,3.433175332E-1,-4.343821847E-1,6.921575048E-1,1.248390781E2,-3.622439569E1,-6.134130415E1,1.343978879E2
3.032010154E1,4.630223907E-1,3.417712022E-1,-4.356074410E-1,6.921336286E-1,1.248353810E2,-3.652177556E1,-6.122236734E1,1.345299795E2
3.033012254E1,4.629390453E-1,3.397779250E-1,-4.364884629E-1,6.926155989E-1,1.248461561E2,-3.677541170E1,-6.102203434E1,1.346502579E2
3.034014454E1,4.626437961E-1,3.374907103E-1,-4.368814296E-1,6.936824726E-1,1.248843223E2,-3.696238703E1,-6.074621738E1,1.347639318E2
3.035016654E1,4.619192075E-1,3.353114917E-1,-4.370298444E-1,6.951270979E-1,1.249779601E2,-3.714427078E1,-6.044855052E1,1.349417327E2
3.036018854E1,4.606023924E-1,3.337673049E-1,-4.373764706E-1,6.965246664E-1,1.251480288E2,-3.741123567E1,-6.021178071E1,1.352619148E2
3.037020954E1,4.586926555E-1,3.331203719E-1,-4.382890131E-1,6.975204067E-1,1.253944418E2,-3.782875004E1,-6.008846997E1,1.357616999E2
3.038023154E1,4.563994665E-1,3.332438358E-1,-4.398445111E-1,6.979863612E-1,1.256899708E2,-3.839520779E1,-6.007611925E1,1.364072831E2
3.039025354E1,4.538211752E-1,3.340375347E-1,-4.419908077E-1,6.979322447E-1,1.260217756E2,-3.909789881E1,-6.016258171E1,1.371779978E2
3.040027554E1,4.508141767E-1,3.353516103E-1,-4.446660157E-1,6.975513952E-1,1.264081346E2,-3.995133020E1,-6.031641837E1,1.381037127E2
3.041029654E1,4.472201253E-1,3.368788066E-1,-4.479116128E-1,6.970523133E-1,1.268690611E2,-4.099455626E1,-6.049055129E1,1.392254312E2
3.042031854E1,4.430764052E-1,3.380872779E-1,-4.516353343E-1,6.967107658E-1,1.273993335E2,-4.221466731E1,-6.061193072E1,1.405196739E2
3.043034054E1,4.387361332E-1,3.384752291E-1,-4.555755272E-1,6.967037589E-1,1.279534615E2,-4.351573545E1,-6.062043252E1,1.418669639E2
3.044036154E1,4.344444566E-1,3.382031501E-1,-4.594777986E-1,6.969625721E-1,1.285001019E2,-4.480389485E1,-6.053601362E1,1.431790851E2
3.045038354E1,4.304521280E-1,3.374616975E-1,-4.633418269E-1,6.972410047E-1,1.290074865E2,-4.604427639E1,-6.039794545E1,1.444022411E2
3.046040554E1,4.269605145E-1,3.362083398E-1,-4.671940436E-1,6.974227420E-1,1.294503583E2,-4.721747114E1,-6.021615018E1,1.454938210E2
3.047042754E1,4.240433520E-1,3.341755657E-1,-4.709479264E-1,6.976547287E-1,1.298197485E2,-4.829080601E1,-5.996078687E1,1.464152259E2
3.048044854E1,4.216459233E-1,3.310471737E-1,-4.743039957E-1,6.983252324E-1,1.301229096E2,-4.919491753E1,-5.957964965E1,1.471232992E2
3.049047054E1,4.197930109E-1,3.266436868E-1,-4.770522916E-1,6.996418684E-1,1.303569598E2,-4.987678584E1,-5.904746050E1,1.475779920E2
3.050049254E1,4.183987299E-1,3.211455197E-1,-4.793152665E-1,7.014732964E-1,1.305329323E2,-5.037821312E1,-5.839047463E1,1.478211480E2
3.051051454E1,4.172084081E-1,3.150187535E-1,-4.813085227E-1,7.035925348E-1,1.306830647E2,-5.078281021E1,-5.766139592E1,1.479517829E2
3.052053554E1,4.158869358E-1,3.088880940E-1,-4.833722642E-1,7.056752635E-1,1.308496330E2,-5.120468355E1,-5.693013165E1,1.481002679E2
3.053055754E1,4.142519226E-1,3.031760950E-1,-4.858448565E-1,7.074139580E-1,1.310555694E2,-5.173361476E1,-5.624966195E1,1.483529641E2
3.054057954E1,4.121863898E-1,2.981655933E-1,-4.888725175E-1,7.086630220E-1,1.313154908E2,-5.240848194E1,-5.565049210E1,1.487547282E2
3.055060154E1,4.097160787E-1,2.938510415E-1,-4.923336799E-1,7.095011542E-1,1.316259989E2,-5.319868378E1,-5.512579285E1,1.492853171E2
3.056062254E1,4.071180206E-1,2.898937053E-1,-4.959578874E-1,7.101002716E-1,1.319521571E2,-5.402226241E1,-5.464019534E1,1.498530532E2
3.057064454E1,4.044776153E-1,2.862226621E-1,-4.995134482E-1,7.106060233E-1,1.322832081E2,-5.482635015E1,-5.418073733E1,1.504186486E2
3.058066654E1,4.019325463E-1,2.827341148E-1,-5.030293067E-1,7.109664526E-1,1.326019060E2,-5.560723318E1,-5.374535283E1,1.509590560E2
3.059068854E1,3.994245875E-1,2.794660271E-1,-5.066823637E-1,7.110779415E-1,1.329155768E2,-5.640654512E1,-5.334137928E1,1.515046773E2
3.060070954E1,3.966124444E-1,2.765577260E-1,-5.106721530E-1,7.109348319E-1,1.332668478E2,-5.728876566E1,-5.296872627E1,1.521366560E2
3.061073154E1,3.935244607E-1,2.735208664E-1,-5.149123894E-1,7.107672244E-1,1.336520396E2,-5.822075837E1,-5.256849968E1,1.528105772E2
3.062075354E1,3.906542077E-1,2.695835816E-1,-5.188328155E-1,7.110038052E-1,1.340095755E2,-5.903779154E1,-5.206590007E1,1.533464407E2
3.063077554E1,3.886138787E-1,2.642848060E-1,-5.217689230E-1,7.119621403E-1,1.342634433E2,-5.956490308E1,-5.143071813E1,1.535637818E2
3.064079654E1,3.876035556E-1,2.579122763E-1,-5.237333981E-1,7.134059859E-1,1.343890648E2,-5.981459487E1,-5.071393008E1,1.534642409E2
3.065081854E1,3.871456300E-1,2.512861279E-1,-5.251861895E-1,7.149496143E-1,1.344459833E2,-5.993556178E1,-4.999255534E1,1.532227708E2
3.066084054E1,3.868058843E-1,2.449484325E-1,-5.263927589E-1,7.164440994E-1,1.344882048E2,-6.001876005E1,-4.930641581E1,1.529641467E2
3.067086154E1,3.866387510E-1,2.388807509E-1,-5.274854265E-1,7.177781946E-1,1.345089727E2,-6.008645719E1,-4.866140688E1,1.526914033E2
3.068088354E1,3.866382347E-1,2.331204885E-1,-5.285732893E-1,7.188713258E-1,1.345090368E2,-6.015974649E1,-4.806475176E1,1.524166867E2
3.069090554E1,3.863662294E-1,2.281120625E-1,-5.299044027E-1,7.196439513E-1,1.345428326E2,-6.031128182E1,-4.754377327E1,1.522466680E2
3.070092704E1,3.855969125E-1,2.239624630E-1,-5.315361496E-1,7.201564254E-1,1.346383954E2,-6.055887270E1,-4.709583471E1,1.522201866E2
3.071094804E1,3.841818215E-1,2.207518952E-1,-5.333547755E-1,7.205593177E-1,1.348140877E2,-6.088554232E1,-4.671398122E1,1.523510815E2
3.072097004E1,3.820999042E-1,2.186413180E-1,-5.354960356E-1,7.207216989E-1,1.350723673E2,-6.131744119E1,-4.641771543E1,1.526606052E2
3.073099204E1,3.793156201E-1,2.177946615E-1,-5.379341571E-1,7.206330009E-1,1.354174059E2,-6.185382817E1,-4.621933008E1,1.531615479E2
3.074101404E1,3.760762134E-1,2.180671831E-1,-5.406059301E-1,7.202489588E-1,1.358183100E2,-6.247214999E1,-4.611588986E1,1.538085203E2
3.075103504E1,3.729006591E-1,2.188371744E-1,-5.431471638E-1,7.197545341E-1,1.362107599E2,-6.307491200E1,-4.606256942E1,1.544677481E2
3.076105704E1,3.705160957E-1,2.191404104E-1,-5.449484885E-1,7.195320620E-1,1.365051005E2,-6.350100489E1,-4.598694282E1,1.549352535E2
3.077107904E1,3.691601157E-1,2.187587812E-1,-5.457649046E-1,7.197263906E-1,1.366723425E2,-6.369065637E1,-4.587661518E1,1.551472410E2
3.078110104E1,3.684252538E-1,2.184072765E-1,-5.459302888E-1,7.200842911E-1,1.367629373E2,-6.373866186E1,-4.579192195E1,1.552312922E2
3.079112204E1,3.678406875E-1,2.188109485E-1,-5.456750580E-1,7.204539084E-1,1.368349832E2,-6.372340174E1,-4.578510824E1,1.553158370E2
3.080114404E1,3.671988543E-1,2.203707612E-1,-5.453761104E-1,7.205322383E-1,1.369140665E2,-6.373228703E1,-4.589713029E1,1.554835326E2
3.081116604E1,3.663871270E-1,2.231744960E-1,-5.451558931E-1,7.202490747E-1,1.370140523E2,-6.379608483E1,-4.613368530E1,1.557653267E2
3.082118804E1,3.653547821E-1,2.270162866E-1,-5.447867500E-1,7.198519671E-1,1.371411635E2,-6.387257651E1,-4.646195444E1,1.561385991E2
3.083120904E1,3.643070536E-1,2.314232981E-1,-5.438910767E-1,7.196569536E-1,1.372701123E2,-6.387350329E1,-4.683423159E1,1.565159573E2
3.084123104E1,3.632913778E-1,2.362654125E-1,-5.422995801E-1,7.197979981E-1,1.373950621E2,-6.376201160E1,-4.723563208E1,1.568680143E2
3.085125304E1,3.619411824E-1,2.419787129E-1,-5.403568212E-1,7.200411643E-1,1.375610827E2,-6.363105804E1,-4.769939955E1,1.573006533E2
3.086127404E1,3.601256859E-1,2.486453855E-1,-5.383414748E-1,7.201899216E-1,1.377841700E2,-6.354548333E1,-4.823516902E1,1.578617488E2
3.087129604E1,3.578027202E-1,2.561224893E-1,-5.363983365E-1,7.201773618E-1,1.380693706E2,-6.353649509E1,-4.882974849E1,1.585628406E2
3.088131804E1,3.551269853E-1,2.639768495E-1,-5.345048893E-1,7.200733434E-1,1.383975456E2,-6.358439036E1,-4.944653471E1,1.593539891E2
3.089134004E1,3.529121684E-1,2.711534568E-1,-5.321348772E-1,7.202508660E-1,1.386689197E2,-6.351156250E1,-5.001304491E1,1.599996693E2
3.090136104E1,3.518290366E-1,2.771020630E-1,-5.289135092E-1,7.208891800E-1,1.388015439E2,-6.318238387E1,-5.050625492E1,1.603245957E2
3.091138304E1,3.520423207E-1,2.821621188E-1,-5.247741935E-1,7.218467353E-1,1.387754329E2,-6.257879223E1,-5.097224874E1,1.603163624E2
3.092140504E1,3.534358852E-1,2.868695530E-1,-5.197931420E-1,7.229136195E-1,1.386047724E2,-6.173482721E1,-5.146161329E1,1.600303659E2
3.093142704E1,3.559110642E-1,2.912492744E-1,-5.139198206E-1,7.241460988E-1,1.383014165E2,-6.063701167E1,-5.196490996E1,1.594674810E2
3.094144804E1,3.589640344E-1,2.957081054E-1,-5.073104045E-1,7.254913208E-1,1.379268251E2,-5.935055566E1,-5.249307028E1,1.587352633E2
3.095147004E1,3.619326477E-1,3.008927789E-1,-5.003600309E-1,7.267104184E-1,1.375621319E2,-5.800963496E1,-5.308401314E1,1.580075969E2
3.096149204E1,3.643640783E-1,3.074442747E-1,-4.935020432E-1,7.274425302E-1,1.372630955E2,-5.674816056E1,-5.379656634E1,1.574343068E2
3.097151404E1,3.660208077E-1,3.156788259E-1,-4.871144513E-1,7.273893198E-1,1.370591631E2,-5.566989956E1,-5.466959873E1,1.571097836E2
3.098153504E1,3.672342998E-1,3.249671273E-1,-4.809437522E-1,7.267932791E-1,1.369096997E2,-5.468451937E1,-5.564997172E1,1.569165700E2
3.099155704E1,3.685391030E-1,3.343902617E-1,-4.742855354E-1,7.262336322E-1,1.367489037E2,-5.357498963E1,-5.664463401E1,1.566301802E2
3.100157904E1,3.710218685E-1,3.425716236E-1,-4.667534879E-1,7.260363217E-1,1.364426953E2,-5.211333385E1,-5.754256636E1,1.559213190E2
3.101160104E1,3.751796129E-1,3.491978826E-1,-4.586215748E-1,7.259252648E-1,1.359291711E2,-5.028393857E1,-5.833304827E1,1.546939031E2
3.102162204E1,3.800203787E-1,3.548597532E-1,-4.504288702E-1,7.257912062E-1,1.353301101E2,-4.828899879E1,-5.903173919E1,1.532065116E2
3.103164404E1,3.852645530E-1,3.591192902E-1,-4.421014037E-1,7.260516632E-1,1.346796700E2,-4.612795121E1,-5.955662265E1,1.514820421E2
3.104166604E1,3.907605652E-1,3.622715268E-1,-4.338904495E-1,7.265017283E-1,1.339963355E2,-4.389393862E1,-5.993714109E1,1.496124127E2
3.105168704E1,3.962096681E-1,3.651347045E-1,-4.260988722E-1,7.267284572E-1,1.333171213E2,-4.170958871E1,-6.026821762E1,1.477410151E2
3.106170904E1,4.015489573E-1,3.681294804E-1,-4.185704441E-1,7.266620760E-1,1.326499059E2,-3.955534208E1,-6.059424699E1,1.458808406E2
3.107173104E1,4.068052383E-1,3.716919283E-1,-4.113987087E-1,7.260204534E-1,1.319913955E2,-3.744254335E1,-6.097760967E1,1.440429223E2
3.108175304E1,4.118884011E-1,3.759860533E-1,-4.042734112E-1,7.249451187E-1,1.313529669E2,-3.530082314E1,-6.142234147E1,1.421989526E2
3.109177404E1,4.169628395E-1,3.805474316E-1,-3.969112063E-1,7.237313316E-1,1.307140264E2,-3.304701065E1,-6.186301581E1,1.402651951E2
3.110179604E1,4.222195314E-1,3.852860172E-1,-3.895114686E-1,7.221954478E-1,1.300504094E2,-3.069459215E1,-6.230353641E1,1.382153232E2
3.111181804E1,4.280133638E-1,3.899838601E-1,-3.821093154E-1,7.202150622E-1,1.293169017E2,-2.820485697E1,-6.272787771E1,1.359676926E2
3.112184004E1,4.349754648E-1,3.942791376E-1,-3.749963525E-1,7.174386491E-1,1.284325347E2,-2.556164748E1,-6.312192685E1,1.334092267E2
3.113186104E1,4.426316084E-1,3.982910981E-1,-3.682709779E-1,7.140153135E-1,1.274561819E2,-2.284009516E1,-6.348129379E1,1.306538938E2
3.114188304E1,4.497727175E-1,4.025438112E-1,-3.621634662E-1,7.102820299E-1,1.265417946E2,-2.022411289E1,-6.384719842E1,1.279938898E2
3.115190504E1,4.555520831E-1,4.073834904E-1,-3.567479768E-1,7.065705574E-1,1.257990763E2,-1.782430629E1,-6.425351995E1,1.256249297E2
3.116192704E1,4.604296325E-1,4.123162311E-1,-3.510467305E-1,7.033959935E-1,1.251703313E2,-1.543364392E1,-6.459632840E1,1.233755748E2
3.117194804E1,4.654808164E-1,4.170643133E-1,-3.449015646E-1,7.003055653E-1,1.245173118E2,-1.289178628E1,-6.485495803E1,1.209881237E2
3.118197004E1,4.715057505E-1,4.215110824E-1,-3.380606016E-1,6.969402659E-1,1.237358349E2,-1.004793048E1,-6.500316447E1,1.182517866E2
3.119199204E1,4.782740918E-1,4.264677652E-1,-3.311723288E-1,6.926067480E-1,1.228545184E2,-6.948341951E0,-6.516637961E1,1.151905863E2
3.120201404E1,4.853551312E-1,4.323523503E-1,-3.253319978E-1,6.867756999E-1,1.219285155E2,-3.750845684E0,-6.545858550E1,1.119123129E2
3.121203504E1,4.922704280E-1,4.388888155E-1,-3.210245952E-1,6.796981377E-1,1.210201605E2,-6.022779280E-1,-6.587916765E1,1.085624472E2
3.122205704E1,4.989241826E-1,4.457402704E-1,-3.187536597E-1,6.714062194E-1,1.201423000E2,2.402007450E0,-6.643590002E1,1.051946295E2
3.123207904E1,5.059360800E-1,4.519822713E-1,-3.184680200E-1,6.620564363E-1,1.192129777E2,5.243443581E0,-6.703222489E1,1.017526304E2
3.124210104E1,5.139563935E-1,4.567242238E-1,-3.201412394E-1,6.517371808E-1,1.181445513E2,7.862682438E0,-6.757889300E1,9.821568039E1
3.125212204E1,5.228255919E-1,4.596424927E-1,-3.247020131E-1,6.402739282E-1,1.169560436E2,1.002860076E1,-6.814351345E1,9.474013616E1
3.126214404E1,5.325802166E-1,4.589144585E-1,-3.335326102E-1,6.281017603E-1,1.156400880E2,1.108885436E1,-6.871017126E1,9.181686895E1
3.127216604E1,5.435513310E-1,4.518634225E-1,-3.469921589E-1,6.164154138E-1,1.141485557E2,1.024977526E1,-6.911329975E1,9.011941264E1
3.128218804E1,5.544557691E-1,4.384718356E-1,-3.644424873E-1,6.062202229E-1,1.126535246E2,7.226685926E0,-6.935054060E1,9.010439989E1
3.129220904E1,5.639118690E-1,4.197052480E-1,-3.846835402E-1,5.982219825E-1,1.113464728E2,2.133154356E0,-6.939177846E1,9.190522849E1
3.130223104E1,5.722834428E-1,3.954913870E-1,-4.062711468E-1,5.924710154E-1,1.101807777E2,-4.602071985E0,-6.900934568E1,9.515026256E1
3.131225304E1,5.806302742E-1,3.659929802E-1,-4.268998336E-1,5.887904302E-1,1.090102300E2,-1.193402140E1,-6.793042225E1,9.885456060E1
3.132227404E1,5.900146585E-1,3.332215559E-1,-4.415794703E-1,5.880932701E-1,1.076839032E2,-1.801584877E1,-6.592432183E1,1.015518168E2
3.133229604E1,6.002567435E-1,3.016161769E-1,-4.484437220E-1,5.895911054E-1,1.062234245E2,-2.184437463E1,-6.338323301E1,1.025615072E2
3.134231804E1,6.111662451E-1,2.699925851E-1,-4.570011022E-1,5.871369359E-1,1.046522441E2,-2.533082231E1,-6.112229708E1,1.028200263E2
3.135234004E1,6.176364528E-1,2.411748039E-1,-4.758906875E-1,5.778303296E-1,1.037125192E2,-3.033526532E1,-6.006259201E1,1.039985473E2
3.136236104E1,6.137407353E-1,2.216165272E-1,-5.030996287E-1,5.666560200E-1,1.042790465E2,-3.700624031E1,-6.030863222E1,1.074355749E2
3.137238304E1,5.980699167E-1,2.107673384E-1,-5.351523070E-1,5.581232522E-1,1.065364194E2,-4.557629739E1,-6.109060813E1,1.138900354E2
3.138240504E1,5.705378475E-1,2.057036369E-1,-5.710614325E-1,5.532280419E-1,1.104245200E2,-5.647046993E1,-6.154918023E1,1.237021446E2
3.139242704E1,5.328780071E-1,2.044899341E-1,-6.066803664E-1,5.533208789E-1,1.155997656E2,-6.832189289E1,-6.079392548E1,1.355700141E2
3.140244804E1,4.888765214E-1,2.032182161E-1,-6.387696071E-1,5.582789572E-1,1.214664694E2,-7.885652537E1,-5.837124283E1,1.469186862E2
3.141247004E1,4.434137327E-1,1.980971001E-1,-6.643271399E-1,5.681648324E-1,1.273562111E2,-8.616233605E1,-5.451299115E1,1.555081828E2
3.142249204E1,4.001325914E-1,1.881144083E-1,-6.811599590E-1,5.835476260E-1,1.328270647E2,-8.988725032E1,-4.987640078E1,1.609141958E2
3.143251404E1,3.606306156E-1,1.738102947E-1,-6.891176001E-1,6.040302463E-1,1.377221413E2,-9.082528198E1,-4.499192834E1,1.639005569E2
3.144253504E1,3.244809897E-1,1.566285630E-1,-6.899971837E-1,6.277606290E-1,1.421317322E2,-9.009420462E1,-4.012313424E1,1.655162221E2
3.145255704E1,2.883901692E-1,1.397880731E-1,-6.895182691E-1,6.495035664E-1,1.464767954E2,-8.929372038E1,-3.540035935E1,1.671092660E2
3.146257904E1,2.507236360E-1,1.260462618E-1,-6.932625108E-1,6.638050669E-1,1.509593253E2,-8.953218945E1,-3.099577657E1,1.693719248E2
3.147260104E1,2.154464288E-1,1.176747175E-1,-7.000638321E-1,6.705566127E-1,1.551165608E2,-9.050790609E1,-2.735275966E1,1.719631520E2
3.148262204E1,1.852383706E-1,1.181862117E-1,-7.069450637E-1,6.722704511E-1,1.586499395E2,-9.173582461E1,-2.488591984E1,1.748164189E2
3.149264404E1,1.608438168E-1,1.247728369E-1,-7.120424722E-1,6.719795957E-1,1.614882445E2,-9.281905220E1,-2.337484096E1,1.775974056E2
3.150266604E1,1.466314148E-1,1.268577993E-1,-7.114833942E-1,6.754241522E-1,1.631364755E2,-9.276390730E1,-2.233475281E1,1.789120735E2
3.151268804E1,1.486950509E-1,1.163013203E-1,-7.016389441E-1,6.870710545E-1,1.628973791E2,-9.071781468E1,-2.162159844E1,1.774645376E2
3.152270904E1,1.709805764E-1,9.164301158E-2,-6.822291824E-1,7.049330996E-1,1.603103266E2,-8.678121607E1,-2.125382530E1,1.728490681E2
3.153273104E1,2.083778965E-1,6.154221707E-2,-6.576560735E-1,7.213042000E-1,1.559453805E2,-8.214187234E1,-2.127614542E1,1.663655164E2
3.154275304E1,2.482289641E-1,3.786437045E-2,-6.350050505E-1,7.305596058E-1,1.512545278E2,-7.815377128E1,-2.175124691E1,1.602010729E2
3.155277504E1,2.668184849E-1,3.735540511E-2,-6.316094476E-1,7.269677038E-1,1.490499290E2,-7.748899928E1,-2.303930459E1,1.582668766E2
3.156279604E1,2.507962761E-1,6.537503040E-2,-6.409229528E-1,7.225268590E-1,1.509507266E2,-7.923298230E1,-2.457932123E1,1.621590820E2
3.157281804E1,2.164562673E-1,1.030602346E-1,-6.476463656E-1,7.232422807E-1,1.549980453E2,-8.109049570E1,-2.543261438E1,1.685284783E2
3.158284004E1,1.827212765E-1,1.364267987E-1,-6.486873927E-1,7.260890263E-1,1.589433865E2,-8.226462676E1,-2.579636500E1,1.743687479E2
3.159286204E1,1.482032393E-1,1.704059252E-1,-6.520776852E-1,7.237349773E-1,1.629543680E2,-8.415115631E1,-2.609989393E1,-1.795076954E2
3.160288304E1,1.103623868E-1,2.044927579E-1,-6.579840813E-1,7.162819604E-1,1.673275880E2,-8.678071087E1,-2.598796432E1,-1.729063511E2
3.161290504E1,8.090903113E-2,2.227098902E-1,-6.588360377E-1,7.139951146E-1,1.707183625E2,-8.793198531E1,-2.512782291E1,-1.686665038E2
3.162292704E1,7.582687984E-2,2.137896573E-1,-6.542017599E-1,7.215013840E-1,1.713025313E2,-8.669586795E1,-2.406113832E1,-1.692507896E2
3.163294904E1,9.833053633E-2,1.824076196E-1,-6.499034557E-1,7.312210163E-1,1.687139131E2,-8.446012199E1,-2.323923862E1,-1.741727464E2
3.164297004E1,1.347442333E-1,1.413804864E-1,-6.481151228E-1,7.360722871E-1,1.645123392E2,-8.254177959E1,-2.250673728E1,1.790633812E2
3.165299204E1,1.738393339E-1,9.945381306E-2,-6.445958610E-1,7.378245634E-1,1.599777568E2,-8.075430580E1,-2.176935417E1,1.720583773E2
3.166301404E1,2.105937460E-1,6.328960433E-2,-6.370258444E-1,7.388118112E-1,1.556857009E2,-7.884317639E1,-2.121235061E1,1.656822271E2
3.167303604E1,2.388845231E-1,3.789791935E-2,-6.292655770E-1,7.385952185E-1,1.523585733E2,-7.731342573E1,-2.089313471E1,1.609337630E2
3.168305704E1,2.517327791E-1,2.611363943E-2,-6.259899029E-1,7.376214999E-1,1.508398543E2,-7.671703691E1,-2.071307592E1,1.587722189E2
3.169307904E1,2.469284177E-1,2.739418713E-2,-6.266393437E-1,7.386467220E-1,1.514083482E2,-7.684820453E1,-2.048360714E1,1.593439466E2
3.170310067E1,2.298840214E-1,3.628890018E-2,-6.291583765E-1,7.416171897E-1,1.534195126E2,-7.735103133E1,-2.006535924E1,1.616758836E2
3.171312267E1,2.081235403E-1,4.821744876E-2,-6.321495173E-1,7.448130799E-1,1.559751809E2,-7.798615101E1,-1.956988449E1,1.646725744E2
3.172314367E1,1.856724620E-1,6.286872590E-2,-6.349576986E-1,7.472630340E-1,1.585993182E2,-7.865260382E1,-1.925343642E1,1.679149020E2
3.173316567E1,1.637320560E-1,8.121636595E-2,-6.366237003E-1,7.492035803E-1,1.611528301E2,-7.923986348E1,-1.927888768E1,1.713521774E2
3.174318767E1,1.430558237E-1,1.018406102E-1,-6.364762495E-1,7.510403400E-1,1.635505752E2,-7.966371193E1,-1.957716447E1,1.748091651E2
3.175320967E1,1.241251663E-1,1.223393621E-1,-6.352774667E-1,7.523620441E-1,1.657395239E2,-8.001726679E1,-1.998626244E1,1.780892121E2
3.176323067E1,1.074107377E-1,1.406254467E-1,-6.342593674E-1,7.525971392E-1,1.676678453E2,-8.042916677E1,-2.036021602E1,-1.789786104E2
3.177325267E1,9.447154981E-2,1.540303362E-1,-6.338039286E-1,7.520919038E-1,1.691581899E2,-8.083395878E1,-2.057558963E1,-1.767456364E2
3.178327467E1,8.800200856E-2,1.602641501E-1,-6.338126530E-1,7.515666698E-1,1.699026510E2,-8.107451333E1,-2.063736149E1,-1.756564790E2
3.179329567E1,8.999563879E-2,1.586411382E-1,-6.341471514E-1,7.513928562E-1,1.696732876E2,-8.106259475E1,-2.064303293E1,-1.759581573E2
3.180331767E1,9.971577680E-2,1.505831665E-1,-6.344220332E-1,7.515918104E-1,1.685543922E2,-8.079560532E1,-2.066344300E1,-1.774778054E2
3.181333967E1,1.152305164E-1,1.384463493E-1,-6.341291547E-1,7.519539572E-1,1.667661579E2,-8.030812879E1,-2.075377320E1,-1.798597096E2
3.182336167E1,1.347173858E-1,1.242920467E-1,-6.330256238E-1,7.521178874E-1,1.645154440E2,-7.965784674E1,-2.094819302E1,1.772205397E2
3.183338367E1,1.568352932E-1,1.094591588E-1,-6.307011197E-1,7.520888060E-1,1.619534944E2,-7.883480055E1,-2.125248167E1,1.739742608E2
3.184340467E1,1.790755530E-1,9.583289301E-2,-6.274586152E-1,7.516938479E-1,1.593681640E2,-7.793901245E1,-2.164156689E1,1.707783550E2
3.185342667E1,1.978274235E-1,8.597613599E-2,-6.244703615E-1,7.506723980E-1,1.571801173E2,-7.719920913E1,-2.209568904E1,1.681904674E2
3.186344867E1,2.105286713E-1,8.188795491E-2,-6.225734372E-1,7.492491411E-1,1.556933290E2,-7.675982042E1,-2.263430901E1,1.666245229E2
3.187346967E1,2.170781440E-1,8.390491342E-2,-6.222287392E-1,7.474412731E-1,1.549250479E2,-7.668095748E1,-2.330168485E1,1.661349297E2
3.188349167E1,2.189880074E-1,9.061814774E-2,-6.236591611E-1,7.449038431E-1,1.547007985E2,-7.697976081E1,-2.408875935E1,1.664932360E2
3.189351367E1,2.176359997E-1,1.007973282E-1,-6.266694997E-1,7.414579379E-1,1.548595566E2,-7.762608780E1,-2.497644579E1,1.674867838E2
3.190353567E1,2.138068321E-1,1.136865931E-1,-6.303547359E-1,7.375737265E-1,1.553089276E2,-7.848977799E1,-2.592872905E1,1.689695665E2
3.191355667E1,2.106462610E-1,1.266329880E-1,-6.339031844E-1,7.333204983E-1,1.556795451E2,-7.938385699E1,-2.692243064E1,1.704194249E2
3.192357867E1,2.115485407E-1,1.373455368E-1,-6.362069312E-1,7.291256225E-1,1.555737677E2,-8.003750856E1,-2.799935323E1,1.712885528E2
3.193360067E1,2.146544263E-1,1.481531267E-1,-6.370272353E-1,7.253760702E-1,1.552094919E2,-8.046861209E1,-2.923645051E1,1.719196858E2
3.194362267E1,2.172299359E-1,1.603256634E-1,-6.375091213E-1,7.215879115E-1,1.549072286E2,-8.092980217E1,-3.055400323E1,1.727227345E2
3.195364467E1,2.186555531E-1,1.717603352E-1,-6.378640188E-1,7.182044046E-1,1.547398411E2,-8.139679004E1,-3.171289209E1,1.735909535E2
3.196366567E1,2.195472750E-1,1.808318543E-1,-6.376255519E-1,7.159137445E-1,1.546351126E2,-8.170924478E1,-3.260864728E1,1.742942774E2
3.197368767E1,2.205218787E-1,1.880034778E-1,-6.366276831E-1,7.146537223E-1,1.545206254E2,-8.183091587E1,-3.333240465E1,1.747935332E2
3.198370967E1,2.222126206E-1,1.937853510E-1,-6.346590038E-1,7.143365462E-1,1.543219517E2,-8.172747202E1,-3.398075431E1,1.750539448E2
3.199373167E1,2.235226501E-1,1.991384223E-1,-6.320395772E-1,7.147779712E-1,1.541679603E2,-8.149930618E1,-3.455727892E1,1.752769531E2
3.200375267E1,2.233873798E-1,2.040430300E-1,-6.292374229E-1,7.159083286E-1,1.541838632E2,-8.123516782E1,-3.497924086E1,1.755855332E2
3.201377467E1,2.218785437E-1,2.075177004E-1,-6.263878745E-1,7.178749638E-1,1.543612142E2,-8.091045346E1,-3.516321553E1,1.758902504E2
3.202379667E1,2.189877335E-1,2.095107406E-1,-6.237869925E-1,7.204439407E-1,1.547008306E2,-8.057344083E1,-3.510557706E1,1.762043272E2
3.203381867E1,2.154536570E-1,2.103825482E-1,-6.211476304E-1,7.235293218E-1,1.551157126E2,-8.018400248E1,-3.489630228E1,1.764758201E2
3.204383967E1,2.123952499E-1,2.106201510E-1,-6.180549157E-1,7.270045612E-1,1.554744859E2,-7.968353995E1,-3.466571608E1,1.766211862E2
3.205386167E1,2.102806160E-1,2.109119547E-1,-6.146034471E-1,7.304523842E-1,1.557224049E2,-7.911810657E1,-3.451351821E1,1.766642541E2
3.206388367E1,2.085281711E-1,2.119854139E-1,-6.114598190E-1,7.332769606E-1,1.559277735E2,-7.864288705E1,-3.446489814E1,1.767614846E2
3.207390567E1,2.059557593E-1,2.144695070E-1,-6.095136883E-1,7.349000568E-1,1.562290920E2,-7.845232763E1,-3.449212882E1,1.771298815E2
3.208392667E1,2.013348631E-1,2.191364486E-1,-6.088036614E-1,7.353922477E-1,1.567699419E2,-7.860554372E1,-3.457254816E1,1.779609044E2
3.209394867E1,1.947501346E-1,2.257339266E-1,-6.089644305E-1,7.350366548E-1,1.575397450E2,-7.903488091E1,-3.468311614E1,1.792078152E2
3.210397067E1,1.873487054E-1,2.329959761E-1,-6.097423138E-1,7.340488380E-1,1.584038041E2,-7.962850186E1,-3.478717282E1,-1.793659129E2
3.211399267E1,1.798301502E-1,2.397233086E-1,-6.111757914E-1,7.325695468E-1,1.592802666E2,-8.032283436E1,-3.482303543E1,-1.779371253E2
3.212401367E1,1.731158200E-1,2.442777181E-1,-6.128854151E-1,7.312528793E-1,1.600619418E2,-8.094301788E1,-3.471243155E1,-1.767749242E2
3.213403567E1,1.681347369E-1,2.453717871E-1,-6.142460629E-1,7.309070222E-1,1.606412272E2,-8.128525206E1,-3.441896766E1,-1.761314668E2
3.214405767E1,1.649711101E-1,2.429085777E-1,-6.152997973E-1,7.315640916E-1,1.610088876E2,-8.134726699E1,-3.394658442E1,-1.760219994E2
3.215407967E1,1.637492730E-1,2.373503146E-1,-6.165024365E-1,7.326497944E-1,1.611508302E2,-8.124303746E1,-3.334595197E1,-1.763821839E2
3.216410067E1,1.651921914E-1,2.290601980E-1,-6.176218568E-1,7.340205996E-1,1.609832011E2,-8.096440548E1,-3.270559033E1,-1.772455935E2
3.217412267E1,1.692953136E-1,2.185867483E-1,-6.183824810E-1,7.356372263E-1,1.605063007E2,-8.051459730E1,-3.207166709E1,-1.785623199E2
3.218414467E1,1.739180431E-1,2.077111966E-1,-6.189823782E-1,7.372038457E-1,1.599685979E2,-8.004949588E1,-3.143664218E1,-1.799521175E2
3.219416667E1,1.774206781E-1,1.976553168E-1,-6.197332454E-1,7.385019054E-1,1.595608850E2,-7.969179148E1,-3.078677868E1,1.788618587E2
3.220418767E1,1.792704611E-1,1.889938444E-1,-6.207359610E-1,7.394798387E-1,1.593454618E2,-7.947745837E1,-3.013727800E1,1.779787026E2
3.221420967E1,1.798980909E-1,1.815940379E-1,-6.218145832E-1,7.402749180E-1,1.592723521E2,-7.935617799E1,-2.951066348E1,1.773318085E2
3.222423167E1,1.797843787E-1,1.751427463E-1,-6.228711625E-1,7.409684022E-1,1.592855985E2,-7.928718189E1,-2.891525717E1,1.768403969E2
3.223425367E1,1.791655365E-1,1.693246478E-1,-6.241280448E-1,7.414128407E-1,1.593576831E2,-7.928840515E1,-2.834134270E1,1.764621854E2
3.224427467E1,1.782613602E-1,1.635199520E-1,-6.255102717E-1,7.417688552E-1,1.594629894E2,-7.932096177E1,-2.774884233E1,1.761196426E2
3.225429667E1,1.773577107E-1,1.571767459E-1,-6.267891968E-1,7.422769143E-1,1.595682168E2,-7.932681983E1,-2.710799576E1,1.757308896E2
3.226431867E1,1.764276772E-1,1.504593391E-1,-6.277555819E-1,7.430735109E-1,1.596764984E2,-7.927981379E1,-2.643048021E1,1.753051241E2
3.227434067E1,1.753498559E-1,1.438024129E-1,-6.284370964E-1,7.440699888E-1,1.598019636E2,-7.920023196E1,-2.574653766E1,1.748914223E2
3.228436167E1,1.744485034E-1,1.375535737E-1,-6.289250515E-1,7.450502402E-1,1.599068680E2,-7.911009499E1,-2.511260992E1,1.744912222E2
3.229438367E1,1.739341222E-1,1.323673618E-1,-6.294866583E-1,7.456355124E-1,1.599667268E2,-7.906620739E1,-2.460587554E1,1.741457618E2
3.230440567E1,1.739176217E-1,1.281692407E-1,-6.302076644E-1,7.457637863E-1,1.599686469E2,-7.907551319E1,-2.422848140E1,1.738398091E2
3.231442767E1,1.742378745E-1,1.243309272E-1,-6.310583564E-1,7.456194545E-1,1.599313797E2,-7.911610489E1,-2.391090888E1,1.735364340E2
3.232444967E1,1.748629123E-1,1.201266105E-1,-6.320607771E-1,7.453132155E-1,1.598586389E2,-7.917397596E1,-2.358517264E1,1.731819059E2
3.233447067E1,1.758394126E-1,1.148953225E-1,-6.330751885E-1,7.450472267E-1,1.597449791E2,-7.921312958E1,-2.319389812E1,1.727158566E2
3.234449267E1,1.773475111E-1,1.082877504E-1,-6.340539648E-1,7.448471135E-1,1.595694044E2,-7.922173898E1,-2.271896741E1,1.720941844E2
3.235451467E1,1.797225493E-1,1.005200019E-1,-6.349630723E-1,7.445921461E-1,1.592928010E2,-7.920308668E1,-2.220534589E1,1.713034810E2
3.236453667E1,1.831242214E-1,9.180002967E-2,-6.355896695E-1,7.443547751E-1,1.588964199E2,-7.913266215E1,-2.168153536E1,1.703403161E2
3.237455767E1,1.871262754E-1,8.258761367E-2,-6.359211544E-1,7.441554626E-1,1.584297516E2,-7.902386755E1,-2.115616414E1,1.692805591E2
3.238457967E1,1.913727390E-1,7.354195167E-2,-6.362054139E-1,7.437814515E-1,1.579341870E2,-7.892911580E1,-2.066498020E1,1.682147254E2
3.239460167E1,1.956004894E-1,6.488962514E-2,-6.366130160E-1,7.431377005E-1,1.574403907E2,-7.887764370E1,-2.021155672E1,1.671880562E2
3.240462367E1,1.994139573E-1,5.649968382E-2,-6.372940037E-1,7.422252002E-1,1.569946181E2,-7.889132360E1,-1.975760362E1,1.662304009E2
3.241464467E1,2.025603881E-1,4.842561205E-2,-6.382818416E-1,7.410941473E-1,1.566265527E2,-7.897487427E1,-1.929045207E1,1.653688162E2
3.242466667E1,2.054105898E-1,4.057390705E-2,-6.393446165E-1,7.398639862E-1,1.562929287E2,-7.908736160E1,-1.882596470E1,1.645547447E2
3.243468867E1,2.087955086E-1,3.307653061E-2,-6.402679697E-1,7.384898936E-1,1.558964494E2,-7.919016555E1,-1.843469238E1,1.637146713E2
3.244471067E1,2.128796436E-1,2.665474174E-2,-6.409727914E-1,7.369705629E-1,1.554176794E2,-7.926932607E1,-1.819111733E1,1.628837298E2
3.245473167E1,2.166125900E-1,2.186331942E-2,-6.414617370E-1,7.356139401E-1,1.549796968E2,-7.932566914E1,-1.806304537E1,1.621994876E2
3.246475367E1,2.188897631E-1,1.867345626E-2,-6.418500570E-1,7.346884164E-1,1.547123364E2,-7.937694231E1,-1.796446926E1,1.617649670E2
3.247477567E1,2.193990235E-1,1.696739398E-2,-6.423793793E-1,7.341150085E-1,1.546525256E2,-7.945873953E1,-1.786569768E1,1.616062567E2
3.248479767E1,2.184703177E-1,1.679056688E-2,-6.431095102E-1,7.337567182E-1,1.547615935E2,-7.957701077E1,-1.779673579E1,1.616971550E2
3.249481867E1,2.163463483E-1,1.823232627E-2,-6.440331162E-1,7.335415375E-1,1.550109468E2,-7.972941313E1,-1.778323912E1,1.620213934E2
3.250484067E1,2.133107637E-1,2.103877955E-2,-6.451545385E-1,7.333699998E-1,1.553671153E2,-7.991731854E1,-1.782406795E1,1.625345354E2
3.251486267E1,2.099530296E-1,2.430598217E-2,-6.464070375E-1,7.331349679E-1,1.557608006E2,-8.012984634E1,-1.788270513E1,1.631146499E2
3.252488467E1,2.070777506E-1,2.692151022E-2,-6.476593679E-1,7.327560045E-1,1.560976886E2,-8.034217961E1,-1.791980239E1,1.636026073E2
3.253490567E1,2.055072115E-1,2.818852878E-2,-6.487493697E-1,7.321860737E-1,1.562816153E2,-8.052251697E1,-1.793415616E1,1.638671376E2
3.254492767E1,2.055507492E-1,2.804746328E-2,-6.495109632E-1,7.315037584E-1,1.562765175E2,-8.064186325E1,-1.794166813E1,1.638712265E2
3.255494967E1,2.067757684E-1,2.712644927E-2,-6.500380306E-1,7.307246528E-1,1.561330587E2,-8.071792754E1,-1.796693875E1,1.637033926E2
3.256497167E1,2.087090022E-1,2.617062197E-2,-6.503936868E-1,7.298929691E-1,1.559065856E2,-8.076427375E1,-1.804052178E1,1.634638272E2
3.257499367E1,2.108609781E-1,2.551606034E-2,-6.505114662E-1,7.291922777E-1,1.556543750E2,-8.077290760E1,-1.815249649E1,1.632206231E2
3.258501467E1,2.124797543E-1,2.535063396E-2,-6.506160325E-1,7.286346749E-1,1.554645762E2,-8.078244737E1,-1.826594998E1,1.630622298E2
3.259503667E1,2.133018075E-1,2.577652786E-2,-6.508418553E-1,7.281776977E-1,1.553681657E2,-8.081534139E1,-1.837236119E1,1.630239010E2
3.260505867E1,2.135614110E-1,2.686071339E-2,-6.511126488E-1,7.278203135E-1,1.553377157E2,-8.085892337E1,-1.849395597E1,1.630873437E2
3.261508067E1,2.135275039E-1,2.847352577E-2,-6.514094259E-1,7.275033060E-1,1.553416930E2,-8.090931737E1,-1.863975371E1,1.632178816E2
3.262510167E1,2.135521176E-1,3.033487811E-2,-6.518040257E-1,7.270673390E-1,1.553388058E2,-8.097631457E1,-1.881413695E1,1.633643273E2
3.263512367E1,2.139928261E-1,3.200812907E-2,-6.521225927E-1,7.265801003E-1,1.552871093E2,-8.102982369E1,-1.900266012E1,1.634568962E2
3.264514567E1,2.149756274E-1,3.301524909E-2,-6.521949377E-1,7.261799371E-1,1.551718052E2,-8.104034597E1,-1.916938901E1,1.634436904E2
3.265516767E1,2.166272149E-1,3.300648255E-2,-6.521063872E-1,7.257689842E-1,1.549779801E2,-8.101914684E1,-1.929537117E1,1.632888280E2
3.266518867E1,2.192297196E-1,3.169628454E-2,-6.518013494E-1,7.253196778E-1,1.546724105E2,-8.095532006E1,-1.937614123E1,1.629433467E2
3.267521067E1,2.230345685E-1,2.907093627E-2,-6.511148405E-1,7.248862396E-1,1.542253388E2,-8.082282114E1,-1.942596110E1,1.623786040E2
3.268523267E1,2.278366540E-1,2.573579293E-2,-6.501099542E-1,7.244205590E-1,1.536605202E2,-8.063601708E1,-1.948285846E1,1.616600973E2
3.269525467E1,2.329843436E-1,2.253589883E-2,-6.489767308E-1,7.239058196E-1,1.530543271E2,-8.043009870E1,-1.957439702E1,1.609154559E2
3.270527567E1,2.377099325E-1,2.005045702E-2,-6.478858018E-1,7.234196135E-1,1.524971639E2,-8.023504039E1,-1.969588058E1,1.602629037E2
3.271529767E1,2.414119853E-1,1.862045660E-2,-6.470022774E-1,7.230224638E-1,1.520602163E2,-8.007813609E1,-1.983509849E1,1.597879948E2
3.272531967E1,2.439632394E-1,1.820004178E-2,-6.463690632E-1,7.227432620E-1,1.517588546E2,-7.996565853E1,-1.997977981E1,1.595007758E2
3.273534167E1,2.457121018E-1,1.830810630E-2,-6.458630481E-1,7.226004474E-1,1.515521587E2,-7.987657859E1,-2.011171049E1,1.593304674E2
3.274536267E1,2.469745474E-1,1.859677007E-2,-6.453448526E-1,7.226255880E-1,1.514028931E2,-7.978770672E1,-2.022114399E1,1.592184525E2
3.275538467E1,2.478885651E-1,1.924840249E-2,-6.448934177E-1,7.226986495E-1,1.512947931E2,-7.971070276E1,-2.033722947E1,1.591672952E2
3.276540667E1,2.485807217E-1,2.057250896E-2,-6.445027375E-1,7.227728069E-1,1.512129150E2,-7.964380562E1,-2.049712690E1,1.591874556E2
3.277542867E1,2.490284266E-1,2.258908815E-2,-6.441180000E-1,7.229015023E-1,1.511599461E2,-7.957899091E1,-2.069950460E1,1.592810791E2
3.278545067E1,2.492530061E-1,2.513707587E-2,-6.438871195E-1,7.229457354E-1,1.511333733E2,-7.954050235E1,-2.093613355E1,1.594387250E2
3.279547167E1,2.494032806E-1,2.795404479E-2,-6.438700501E-1,7.228056604E-1,1.511155915E2,-7.953787366E1,-2.119709439E1,1.596292270E2
3.280549367E1,2.496898371E-1,3.054198773E-2,-6.437604683E-1,7.226996611E-1,1.510816818E2,-7.952119721E1,-2.144612897E1,1.597876944E2
3.281551567E1,2.504422426E-1,3.254033840E-2,-6.433563221E-1,7.227118837E-1,1.509926333E2,-7.945529678E1,-2.167132954E1,1.598503502E2
3.282553767E1,2.520051742E-1,3.381498554E-2,-6.427540015E-1,7.226460081E-1,1.508076003E2,-7.935231151E1,-2.189008385E1,1.597770265E2
3.283555867E1,2.542322769E-1,3.445228804E-2,-6.420281906E-1,7.224809821E-1,1.505438026E2,-7.922442317E1,-2.210040567E1,1.595896906E2
3.284558067E1,2.565036970E-1,3.488772820E-2,-6.413559695E-1,7.222541900E-1,1.502745909E2,-7.910411848E1,-2.229751121E1,1.593842674E2
3.285560267E1,2.584437796E-1,3.550808767E-2,-6.407432808E-1,7.220760984E-1,1.500445169E2,-7.899537662E1,-2.248684574E1,1.592250805E2
3.286562467E1,2.599565354E-1,3.643970161E-2,-6.401548265E-1,7.220087267E-1,1.498650337E2,-7.889355281E1,-2.267133359E1,1.591296145E2
3.287564567E1,2.608480677E-1,3.779219398E-2,-6.396141245E-1,7.220968558E-1,1.497592212E2,-7.880414034E1,-2.284649024E1,1.591253599E2
3.288566767E1,2.609608105E-1,3.980464277E-2,-6.391928457E-1,7.223210349E-1,1.497458383E2,-7.874072348E1,-2.302371072E1,1.592473447E2
3.289568967E1,2.604999979E-1,4.244678656E-2,-6.388680621E-1,7.226241339E-1,1.498005354E2,-7.869923128E1,-2.321586516E1,1.594732676E2
3.290571167E1,2.601156187E-1,4.518725894E-2,-6.385727813E-1,7.228573746E-1,1.498461547E2,-7.866382615E1,-2.342406937E1,1.597001074E2
3.291573267E1,2.604738880E-1,4.739918877E-2,-6.381458969E-1,7.229635636E-1,1.498036343E2,-7.860161395E1,-2.363923582E1,1.598128266E2
3.292575467E1,2.617629283E-1,4.873899494E-2,-6.374685971E-1,7.230065323E-1,1.496506124E2,-7.848968519E1,-2.384153823E1,1.597639093E2
3.293577667E1,2.636357235E-1,4.924654836E-2,-6.365092294E-1,7.231369768E-1,1.494281940E2,-7.832464605E1,-2.400630329E1,1.595881664E2
3.294579867E1,2.654916389E-1,4.937682427E-2,-6.354073001E-1,7.234180752E-1,1.492076638E2,-7.813496955E1,-2.413141021E1,1.593812313E2
3.295581967E1,2.668213509E-1,4.991957031E-2,-6.344343611E-1,7.237454087E-1,1.490495882E2,-7.797137030E1,-2.425631776E1,1.592589364E2
3.296584167E1,2.674423215E-1,5.149611533E-2,-6.337346392E-1,7.240187099E-1,1.489757468E2,-7.786120959E1,-2.442761007E1,1.592890051E2
3.297586367E1,2.676202444E-1,5.381526674E-2,-6.332414578E-1,7.242158939E-1,1.489545871E2,-7.779144655E1,-2.463803035E1,1.594226482E2
3.298588567E1,2.677327975E-1,5.616033847E-2,-6.327099228E-1,7.244607461E-1,1.489412009E2,-7.771715551E1,-2.484508821E1,1.595631701E2
3.299590767E1,2.679822226E-1,5.812693149E-2,-6.320771933E-1,7.247656364E-1,1.489115349E2,-7.762433663E1,-2.502588742E1,1.596593419E2
3.300592867E1,2.682919809E-1,5.988894371E-2,-6.313685572E-1,7.251251701E-1,1.488746900E2,-7.751821565E1,-2.519093962E1,1.597319700E2
3.301595067E1,2.685243154E-1,6.190826245E-2,-6.305690947E-1,7.255650778E-1,1.488470523E2,-7.740021461E1,-2.537133963E1,1.598273791E2
3.302597267E1,2.687833077E-1,6.437530715E-2,-6.297261788E-1,7.259865041E-1,1.488162412E2,-7.727870019E1,-2.559397918E1,1.599507761E2
3.303599467E1,2.689777312E-1,6.749025428E-2,-6.289974177E-1,7.262632825E-1,1.487931101E2,-7.718196474E1,-2.587466525E1,1.601312796E2
3.304601567E1,2.691922165E-1,7.101988426E-2,-6.284301211E-1,7.263383460E-1,1.487675906E2,-7.711634588E1,-2.620000461E1,1.603457354E2
3.305603767E1,2.696357488E-1,7.436836708E-2,-6.278637939E-1,7.263285047E-1,1.487148141E2,-7.704969284E1,-2.652708240E1,1.605246604E2
3.306605967E1,2.706301826E-1,7.697375881E-2,-6.270635095E-1,7.263784698E-1,1.485964604E2,-7.693511351E1,-2.682254899E1,1.605862724E2
3.307608167E1,2.723675390E-1,7.882097089E-2,-6.259465338E-1,7.264943947E-1,1.483896042E2,-7.675567869E1,-2.709717543E1,1.605064913E2
3.308610267E1,2.749747009E-1,8.015472898E-2,-6.244605413E-1,7.266450697E-1,1.480789870E2,-7.650284927E1,-2.738128582E1,1.602875153E2
3.309612467E1,2.784521109E-1,8.109253851E-2,-6.225543236E-1,7.268524743E-1,1.476643129E2,-7.616852424E1,-2.768354557E1,1.599345672E2
3.310614667E1,2.825612390E-1,8.161779361E-2,-6.204385307E-1,7.270169524E-1,1.471737458E2,-7.578841752E1,-2.798878969E1,1.594772016E2
3.311616867E1,2.871599659E-1,8.149752758E-2,-6.181648979E-1,7.271653936E-1,1.466239930E2,-7.537001034E1,-2.826490358E1,1.589143489E2
3.312618967E1,2.922205380E-1,8.065876315E-2,-6.156735555E-1,7.273564874E-1,1.460181135E2,-7.490372404E1,-2.850009807E1,1.582411477E2
3.313621167E1,2.972144759E-1,7.957942450E-2,-6.131341236E-1,7.275969352E-1,1.454192507E2,-7.442767639E1,-2.870291777E1,1.575523856E2
3.314623367E1,3.013727894E-1,7.902121057E-2,-6.107514569E-1,7.279511162E-1,1.449198506E2,-7.398982103E1,-2.889296569E1,1.569893221E2
3.315625567E1,3.042757589E-1,7.946592304E-2,-6.086520170E-1,7.284532749E-1,1.445708057E2,-7.361860647E1,-2.908919101E1,1.566347224E2
3.316627767E1,3.058862954E-1,8.104683025E-2,-6.067909176E-1,7.291568533E-1,1.443770130E2,-7.330833252E1,-2.930179387E1,1.565006765E2
3.317629867E1,3.065707602E-1,8.366438135E-2,-6.050893018E-1,7.299873991E-1,1.442946208E2,-7.304215431E1,-2.954804795E1,1.565396392E2
3.318632067E1,3.064969189E-1,8.737406267E-2,-6.035843642E-1,7.308292402E-1,1.443035104E2,-7.282613871E1,-2.984824914E1,1.567400214E2
3.319634267E1,3.054973853E-1,9.223186628E-2,-6.023552357E-1,7.316644011E-1,1.444238194E2,-7.267874548E1,-3.019877350E1,1.571276160E2
3.320636467E1,3.037544867E-1,9.760337675E-2,-6.013542270E-1,7.325162311E-1,1.446335069E2,-7.258822277E1,-3.055200405E1,1.576391424E2
3.321638567E1,3.017821196E-1,1.027323743E-1,-6.006043713E-1,7.332448447E-1,1.448706543E2,-7.254569431E1,-3.087449842E1,1.581701754E2
3.322640767E1,2.996352855E-1,1.076025480E-1,-6.001417464E-1,7.338052714E-1,1.451286023E2,-7.255572119E1,-3.116911946E1,1.587157448E2
3.323642967E1,2.972570021E-1,1.122641580E-1,-5.998280896E-1,7.343305265E-1,1.454141469E2,-7.259674828E1,-3.143186118E1,1.592795337E2
3.324645167E1,2.952006784E-1,1.162022120E-1,-5.995048865E-1,7.348111480E-1,1.456608574E2,-7.262706020E1,-3.164952090E1,1.597596412E2
3.325647267E1,2.939004271E-1,1.194110834E-1,-5.990195445E-1,7.352135872E-1,1.458167722E2,-7.261295143E1,-3.184947629E1,1.601022237E2
3.326649467E1,2.934227979E-1,1.220421004E-1,-5.982402071E-1,7.356068384E-1,1.458740290E2,-7.253200198E1,-3.204766883E1,1.603041362E2
3.327651667E1,2.937339049E-1,1.238224887E-1,-5.973397607E-1,7.359168917E-1,1.458367354E2,-7.240725730E1,-3.221948408E1,1.603566289E2
3.328653867E1,2.945517856E-1,1.247218392E-1,-5.965939090E-1,7.360431004E-1,1.457386751E2,-7.228659207E1,-3.234777036E1,1.602996007E2
3.329656067E1,2.949850552E-1,1.255342829E-1,-5.961783200E-1,7.360681357E-1,1.456867176E2,-7.222461569E1,-3.244779706E1,1.602921785E2
3.330658167E1,2.942169921E-1,1.271831941E-1,-5.961336865E-1,7.361287217E-1,1.457788185E2,-7.225567434E1,-3.254975005E1,1.604889869E2
3.331660367E1,2.922193368E-1,1.299994465E-1,-5.965144411E-1,7.361239802E-1,1.460182574E2,-7.239638798E1,-3.268483211E1,1.609200221E2
3.332662567E1,2.892603541E-1,1.340522242E-1,-5.974182171E-1,7.358328509E-1,1.463726406E2,-7.266368947E1,-3.288119643E1,1.615681761E2
3.333664767E1,2.850973834E-1,1.393539184E-1,-5.985977809E-1,7.355139257E-1,1.468706605E2,-7.302597037E1,-3.311428589E1,1.624507658E2
3.334666867E1,2.799470807E-1,1.451237377E-1,-5.998294804E-1,7.353729445E-1,1.474859073E2,-7.343180459E1,-3.331771182E1,1.634786817E2
3.335669067E1,2.748836637E-1,1.502384474E-1,-6.009895092E-1,7.353087759E-1,1.480898372E2,-7.381969672E1,-3.345951962E1,1.644490484E2
3.336671267E1,2.711243123E-1,1.541509394E-1,-6.020400616E-1,7.350352639E-1,1.485376381E2,-7.414824591E1,-3.357775645E1,1.651899896E2
3.337673467E1,2.691978009E-1,1.568247144E-1,-6.028268800E-1,7.345326838E-1,1.487669262E2,-7.437850065E1,-3.370693332E1,1.656347690E2
3.338675567E1,2.686855481E-1,1.584271165E-1,-6.033267627E-1,7.339658087E-1,1.488278715E2,-7.451364308E1,-3.383275178E1,1.658372261E2
3.339677767E1,2.689418220E-1,1.591605981E-1,-6.037889029E-1,7.333329106E-1,1.487973824E2,-7.460854121E1,-3.393165447E1,1.658914116E2
3.340679967E1,2.697983935E-1,1.591848747E-1,-6.044556660E-1,7.324631893E-1,1.486954591E2,-7.471035486E1,-3.401130415E1,1.658390380E2
3.341682167E1,2.711254081E-1,1.588578362E-1,-6.053249659E-1,7.313254140E-1,1.485375077E2,-7.483047931E1,-3.409671396E1,1.657212369E2
3.342684267E1,2.727214460E-1,1.583236038E-1,-6.062240214E-1,7.301021228E-1,1.483474537E2,-7.494649565E1,-3.418351451E1,1.655611629E2
3.343686467E1,2.743419081E-1,1.575461841E-1,-6.069805362E-1,7.290339531E-1,1.481543999E2,-7.503147260E1,-3.424643059E1,1.653722558E2
3.344688667E1,2.760880731E-1,1.563543345E-1,-6.074940745E-1,7.282030490E-1,1.479462666E2,-7.506216746E1,-3.427455633E1,1.651253700E2
3.345690867E1,2.783520121E-1,1.545273950E-1,-6.077716958E-1,7.274992177E-1,1.476762555E2,-7.502873278E1,-3.427642314E1,1.647632007E2
3.346693067E1,2.813921275E-1,1.521664550E-1,-6.077979533E-1,7.268049959E-1,1.473133824E2,-7.492853770E1,-3.428084221E1,1.642662923E2
3.347695167E1,2.852353301E-1,1.493768605E-1,-6.076220956E-1,7.260322756E-1,1.468541682E2,-7.477329793E1,-3.430065008E1,1.636426021E2
3.348697367E1,2.895392187E-1,1.462427365E-1,-6.072474101E-1,7.252797647E-1,1.463392565E2,-7.457140177E1,-3.431745397E1,1.629343220E2
3.349699567E1,2.937384989E-1,1.430499020E-1,-6.068622300E-1,7.245500131E-1,1.458361847E2,-7.437060895E1,-3.431978081E1,1.622321745E2
3.350701767E1,2.973329296E-1,1.402591485E-1,-6.068168379E-1,7.236668891E-1,1.454050342E2,-7.424813576E1,-3.432282233E1,1.616416297E2
3.351703867E1,2.997535285E-1,1.385532548E-1,-6.072658282E-1,7.226196031E-1,1.451143998E2,-7.425217243E1,-3.435388671E1,1.612816528E2
3.352706067E1,3.005659512E-1,1.381927306E-1,-6.081032018E-1,7.216462638E-1,1.450168027E2,-7.437521461E1,-3.440248367E1,1.612120405E2
3.353708267E1,2.996002615E-1,1.389181622E-1,-6.092876126E-1,7.209091365E-1,1.451328090E2,-7.460706472E1,-3.442869730E1,1.614293441E2
3.354710467E1,2.971431424E-1,1.404903661E-1,-6.108379844E-1,7.203091761E-1,1.454278117E2,-7.494234954E1,-3.443046414E1,1.618863884E2
3.355712567E1,2.939297402E-1,1.426772185E-1,-6.126297101E-1,7.196758354E-1,1.458132580E2,-7.534523009E1,-3.443721920E1,1.624821028E2
3.356714767E1,2.906549722E-1,1.450468829E-1,-6.144719489E-1,7.189612356E-1,1.462056554E2,-7.576423265E1,-3.445541912E1,1.631013410E2
3.357716967E1,2.879729365E-1,1.468981833E-1,-6.162683740E-1,7.181266226E-1,1.465267249E2,-7.615654986E1,-3.446621739E1,1.636169950E2
3.358719167E1,2.860897520E-1,1.479300646E-1,-6.179943296E-1,7.171836923E-1,1.467520014E2,-7.650628007E1,-3.445715087E1,1.639825623E2
3.359721267E1,2.844079242E-1,1.487538247E-1,-6.197608305E-1,7.161570793E-1,1.469530787E2,-7.685565300E1,-3.444341038E1,1.643131550E2
3.360723467E1,2.821389908E-1,1.501993773E-1,-6.216605575E-1,7.151055998E-1,1.472241841E2,-7.725336169E1,-3.444439725E1,1.647603104E2
3.361725667E1,2.791519382E-1,1.526049930E-1,-6.237435812E-1,7.139536632E-1,1.475808075E2,-7.772069682E1,-3.448178764E1,1.653678184E2
3.362727867E1,2.758414087E-1,1.558311446E-1,-6.260878943E-1,7.124900506E-1,1.479756742E2,-7.826548287E1,-3.457316877E1,1.660902322E2
3.363730067E1,2.728949857E-1,1.591992468E-1,-6.285834303E-1,7.106805389E-1,1.483267835E2,-7.884274235E1,-3.470520062E1,1.667987994E2
3.364732167E1,2.711467133E-1,1.616304245E-1,-6.310323518E-1,7.086276713E-1,1.485349713E2,-7.937385957E1,-3.483927261E1,1.673103322E2
3.365734367E1,2.715514285E-1,1.618458792E-1,-6.332609086E-1,7.064320523E-1,1.484867865E2,-7.977217369E1,-3.493117522E1,1.674113623E2
3.366736567E1,2.746992291E-1,1.590576544E-1,-6.350619699E-1,7.042281725E-1,1.481118180E2,-7.996657491E1,-3.495464562E1,1.669635701E2
3.367738767E1,2.805978912E-1,1.533872385E-1,-6.364084563E-1,7.019411581E-1,1.474082161E2,-7.996190848E1,-3.492386063E1,1.659756889E2
3.368740867E1,2.886639762E-1,1.457577949E-1,-6.373176692E-1,6.994668641E-1,1.464440258E2,-7.980791901E1,-3.487910943E1,1.645868117E2
3.369743067E1,2.979388117E-1,1.374374802E-1,-6.378783277E-1,6.967457793E-1,1.453323093E2,-7.957696312E1,-3.486294882E1,1.630043016E2
3.370745329E1,3.077939250E-1,1.291782784E-1,-6.382021208E-1,6.937390231E-1,1.441473353E2,-7.931837723E1,-3.489689990E1,1.613580756E2
3.371747529E1,3.177585779E-1,1.212766294E-1,-6.384239397E-1,6.904609677E-1,1.429451456E2,-7.906679027E1,-3.497387877E1,1.597250304E2
3.372749629E1,3.272207351E-1,1.139040497E-1,-6.385482729E-1,6.871743353E-1,1.417996561E2,-7.883042754E1,-3.506016898E1,1.581799420E2
3.373751829E1,3.354734884E-1,1.073945954E-1,-6.386089222E-1,6.841802443E-1,1.407973338E2,-7.862605235E1,-3.512955804E1,1.568231847E2
3.374754029E1,3.422737665E-1,1.020336638E-1,-6.386340628E-1,6.816041762E-1,1.399690702E2,-7.846166267E1,-3.518851555E1,1.557037089E2
3.375756229E1,3.478754304E-1,9.803753144E-2,-6.386342525E-1,6.793508266E-1,1.392851562E2,-7.833432108E1,-3.527728970E1,1.548118859E2
3.376758329E1,3.526163819E-1,9.559242417E-2,-6.386313865E-1,6.772545056E-1,1.387051431E2,-7.824177247E1,-3.544101831E1,1.541267780E2
3.377760529E1,3.567770977E-1,9.453685635E-2,-6.387475010E-1,6.751108536E-1,1.381952041E2,-7.819682235E1,-3.569191938E1,1.536125864E2
3.378762729E1,3.606417003E-1,9.412415441E-2,-6.390333410E-1,6.728406663E-1,1.377207795E2,-7.819395360E1,-3.598583743E1,1.531858148E2
3.379764929E1,3.640428561E-1,9.364285847E-2,-6.396289392E-1,6.705062472E-1,1.373026194E2,-7.825133570E1,-3.624796001E1,1.528192587E2
3.380767129E1,3.666873496E-1,9.282784379E-2,-6.405795824E-1,6.682672907E-1,1.369770759E2,-7.837822443E1,-3.643087130E1,1.525279205E2
3.381769229E1,3.684206071E-1,9.190489103E-2,-6.417649414E-1,6.663013826E-1,1.367635101E2,-7.855840950E1,-3.653769883E1,1.523393646E2
3.382771429E1,3.693994150E-1,9.118348449E-2,-6.428627193E-1,6.647986894E-1,1.366428352E2,-7.873557358E1,-3.659705053E1,1.522421231E2
3.383773629E1,3.698531680E-1,9.106998303E-2,-6.438280086E-1,6.636266698E-1,1.365868759E2,-7.890355499E1,-3.666366699E1,1.522397244E2
3.384775829E1,3.703333575E-1,9.177231812E-2,-6.448199768E-1,6.622976427E-1,1.365276445E2,-7.908728700E1,-3.680960859E1,1.522982428E2
3.385777929E1,3.713253047E-1,9.328003733E-2,-6.457907452E-1,6.605835514E-1,1.364052490E2,-7.927300937E1,-3.707323977E1,1.523630358E2
3.386780129E1,3.732077726E-1,9.506377625E-2,-6.465218244E-1,6.585501978E-1,1.361728290E2,-7.940966006E1,-3.742933378E1,1.523409191E2
3.387782329E1,3.762854198E-1,9.619659924E-2,-6.469604888E-1,6.561993309E-1,1.357924361E2,-7.946944800E1,-3.781630488E1,1.521237733E2
3.388784529E1,3.803330556E-1,9.643698379E-2,-6.470253317E-1,6.537621262E-1,1.352913712E2,-7.943441684E1,-3.818946857E1,1.517098554E2
3.389786629E1,3.847525847E-1,9.622323605E-2,-6.467359304E-1,6.514900633E-1,1.347432374E2,-7.932076864E1,-3.853873696E1,1.511965495E2
3.390788829E1,3.891485642E-1,9.601355548E-2,-6.460690408E-1,6.495687781E-1,1.341969381E2,-7.913522332E1,-3.887095747E1,1.506594465E2
3.391791029E1,3.931999827E-1,9.638143425E-2,-6.452437845E-1,6.478926717E-1,1.336924824E2,-7.893072612E1,-3.922070768E1,1.501906263E2
3.392793229E1,3.968992221E-1,9.779581926E-2,-6.446134994E-1,6.460500010E-1,1.332310471E2,-7.878026509E1,-3.964695091E1,1.498489232E2
3.393795329E1,4.004603252E-1,1.005630127E-1,-6.443232762E-1,6.437127580E-1,1.327860824E2,-7.871403826E1,-4.020461493E1,1.496441399E2
3.394797529E1,4.041481429E-1,1.045824945E-1,-6.443632104E-1,6.407206163E-1,1.323244872E2,-7.872864112E1,-4.090848261E1,1.495406102E2
3.395799729E1,4.086105564E-1,1.089580960E-1,-6.444576193E-1,6.370557055E-1,1.317648361E2,-7.875092969E1,-4.171986077E1,1.493799130E2
3.396801929E1,4.140475314E-1,1.130396179E-1,-6.444420882E-1,6.328357628E-1,1.310813014E2,-7.873402396E1,-4.258866539E1,1.490756727E2
3.397804129E1,4.203735627E-1,1.165674355E-1,-6.441165881E-1,6.283405907E-1,1.302836514E2,-7.863102512E1,-4.347415254E1,1.485980807E2
3.398806229E1,4.278736892E-1,1.192537071E-1,-6.432565395E-1,6.236374133E-1,1.293346108E2,-7.837997640E1,-4.436343564E1,1.478670958E2
3.399808429E1,4.373197779E-1,1.206202765E-1,-6.416480471E-1,6.184575972E-1,1.281340059E2,-7.790419644E1,-4.526810602E1,1.467253977E2
3.400810629E1,4.495626260E-1,1.199495937E-1,-6.390263867E-1,6.124956410E-1,1.265687481E2,-7.710563892E1,-4.617862529E1,1.449740510E2
3.401812829E1,4.647966729E-1,1.168433920E-1,-6.351972402E-1,6.056698904E-1,1.246058723E2,-7.591982442E1,-4.705534822E1,1.425163595E2
3.402814929E1,4.825503216E-1,1.111511230E-1,-6.300312167E-1,5.982066476E-1,1.222957991E2,-7.432565952E1,-4.781890675E1,1.393670571E2
3.403817129E1,5.020022249E-1,1.027691263E-1,-6.232659731E-1,5.907382735E-1,1.197348904E2,-7.230999869E1,-4.834678450E1,1.356013972E2
3.404819329E1,5.217865562E-1,9.232395714E-2,-6.152434048E-1,5.836870952E-1,1.170956667E2,-7.003575539E1,-4.857548781E1,1.315022025E2
3.405821529E1,5.407873749E-1,8.142998725E-2,-6.065049090E-1,5.771221256E-1,1.145254901E2,-6.769601554E1,-4.858782170E1,1.274081401E2
3.406823629E1,5.584083341E-1,7.201473954E-2,-5.975643191E-1,5.708859574E-1,1.121084105E2,-6.540701755E1,-4.855523838E1,1.235687586E2
3.407825829E1,5.736143876E-1,6.646166044E-2,-5.892673538E-1,5.650782297E-1,1.099946909E2,-6.329250789E1,-4.868892457E1,1.203036658E2
3.408828029E1,5.825288695E-1,7.010700459E-2,-5.845797181E-1,5.603673901E-1,1.087427857E2,-6.186166583E1,-4.943251391E1,1.186176786E2
3.409830229E1,5.809338616E-1,8.216437501E-2,-5.894193142E-1,5.552924064E-1,1.089674954E2,-6.245164743E1,-5.090285059E1,1.196032953E2
3.410832429E1,5.699072858E-1,9.488370384E-2,-5.999090748E-1,5.534544153E-1,1.105124785E2,-6.474701957E1,-5.207469587E1,1.227394007E2
3.411834529E1,5.527403502E-1,1.077113501E-1,-6.103354886E-1,5.571057838E-1,1.128895673E2,-6.755090416E1,-5.262950940E1,1.270556973E2
3.412836729E1,5.323752973E-1,1.215180887E-1,-6.202703226E-1,5.630938724E-1,1.156678300E2,-7.054938975E1,-5.287165130E1,1.319656364E2
3.413838929E1,5.135428381E-1,1.333682441E-1,-6.282907204E-1,5.689794098E-1,1.181997882E2,-7.316163412E1,-5.285177820E1,1.363534008E2
3.414841129E1,4.986332139E-1,1.416760412E-1,-6.326984589E-1,5.753134990E-1,1.201807694E2,-7.481498638E1,-5.255951099E1,1.395445250E2
3.415843229E1,4.866752021E-1,1.466642682E-1,-6.335880314E-1,5.832692461E-1,1.217554290E2,-7.551033570E1,-5.197970991E1,1.416847133E2
3.416845429E1,4.757566974E-1,1.496044745E-1,-6.325352452E-1,5.925986459E-1,1.231827401E2,-7.567969264E1,-5.118524524E1,1.432987085E2
3.417847629E1,4.658007636E-1,1.506431415E-1,-6.349036452E-1,5.976903277E-1,1.244758832E2,-7.650942562E1,-5.049356170E1,1.449304665E2
3.418849829E1,4.611274894E-1,1.505719555E-1,-6.335719313E-1,6.027238731E-1,1.250802274E2,-7.634311050E1,-4.998013108E1,1.454091890E2
3.419851929E1,4.588493838E-1,1.508450460E-1,-6.293610607E-1,6.087754704E-1,1.253742295E2,-7.550614983E1,-4.957234563E1,1.453397487E2
3.420854129E1,4.526872459E-1,1.546246700E-1,-6.283696193E-1,6.134468743E-1,1.261675480E2,-7.555865841E1,-4.934250302E1,1.463448834E2
3.421856329E1,4.415883685E-1,1.622466957E-1,-6.313278855E-1,6.165230990E-1,1.275894614E2,-7.669523058E1,-4.925586272E1,1.486428243E2
3.422858529E1,4.302287708E-1,1.701274820E-1,-6.343316914E-1,6.193408793E-1,1.290358412E2,-7.787467274E1,-4.916092862E1,1.509952649E2
3.423860729E1,4.221691449E-1,1.753137150E-1,-6.364952788E-1,6.212183212E-1,1.300567788E2,-7.871393708E1,-4.904577829E1,1.526290474E2
3.424862829E1,4.172670871E-1,1.779040392E-1,-6.386998329E-1,6.215310086E-1,1.306756658E2,-7.939762370E1,-4.895225256E1,1.536537665E2
3.425865029E1,4.144754695E-1,1.788225033E-1,-6.398328245E-1,6.219698206E-1,1.310274227E2,-7.973684141E1,-4.883650436E1,1.541733007E2
3.426867229E1,4.086785603E-1,1.812732372E-1,-6.394374239E-1,6.254930758E-1,1.317562980E2,-7.986396002E1,-4.854007846E1,1.550370780E2
3.427869429E1,3.903067385E-1,1.873089609E-1,-6.449366182E-1,6.297878502E-1,1.340528262E2,-8.163547427E1,-4.767829014E1,1.582021235E2
3.428871529E1,3.654242507E-1,1.860353253E-1,-6.527161257E-1,6.370382040E-1,1.371326117E2,-8.354503898E1,-4.556620100E1,1.614497878E2
3.429873729E1,3.464402986E-1,1.706579001E-1,-6.565953005E-1,6.478717142E-1,1.394605165E2,-8.380476342E1,-4.253737456E1,1.622372507E2
3.430875929E1,3.421981340E-1,1.413784634E-1,-6.554380534E-1,6.582655485E-1,1.399782940E2,-8.250285345E1,-3.939836790E1,1.599299023E2
3.431878129E1,3.529082593E-1,1.063259621E-1,-6.499576777E-1,6.646093025E-1,1.386693985E2,-8.046574991E1,-3.687572143E1,1.555670286E2
3.432880229E1,3.728638543E-1,7.358357169E-2,-6.411455513E-1,6.667012297E-1,1.362153052E2,-7.820683902E1,-3.518627240E1,1.504699934E2
3.433882429E1,3.949826679E-1,4.637504143E-2,-6.309952415E-1,6.660955163E-1,1.334702138E2,-7.607140411E1,-3.407272775E1,1.456259991E2
3.434884629E1,4.153429570E-1,2.379063158E-2,-6.214724772E-1,6.638495213E-1,1.309181681E2,-7.429777180E1,-3.321862719E1,1.414043013E2
3.435886829E1,4.329275810E-1,3.576939813E-3,-6.128739933E-1,6.610191602E-1,1.286930084E2,-7.287180312E1,-3.237029372E1,1.377428781E2
3.436888929E1,4.449113525E-1,-1.345742551E-2,-6.066611263E-1,6.586616446E-1,1.271646655E2,-7.199962726E1,-3.147275513E1,1.350629639E2
3.437891129E1,4.484911056E-1,-2.341044593E-2,-6.040050741E-1,6.583963197E-1,1.267061680E2,-7.174567144E1,-3.072746971E1,1.339520219E2
3.438893329E1,4.443218656E-1,-2.370425161E-2,-6.053885865E-1,6.599399796E-1,1.272400798E2,-7.203682990E1,-3.044347019E1,1.344774348E2
3.439895529E1,4.350849412E-1,-1.510570446E-2,-6.104522354E-1,6.616803283E-1,1.284186021E2,-7.279363256E1,-3.074425122E1,1.362600723E2
3.440897729E1,4.220695624E-1,-5.934697739E-4,-6.181279562E-1,6.631550571E-1,1.300693666E2,-7.396070279E1,-3.139927740E1,1.389515120E2
3.441899829E1,4.065242242E-1,1.698452667E-2,-6.276497090E-1,6.637058111E-1,1.320266436E2,-7.552366867E1,-3.219856483E1,1.422292664E2
3.442902029E1,3.918264485E-1,3.491571371E-2,-6.371676264E-1,6.627746923E-1,1.338636116E2,-7.720498018E1,-3.306572697E1,1.454819966E2
3.443904229E1,3.815351469E-1,5.011983106E-2,-6.445804774E-1,6.606322521E-1,1.351423887E2,-7.860037125E1,-3.392324275E1,1.480181779E2
3.444906429E1,3.769879551E-1,6.103445291E-2,-6.495203620E-1,6.574786247E-1,1.357055320E2,-7.956659564E1,-3.474885916E1,1.495474347E2
3.445908529E1,3.787133522E-1,6.689488790E-2,-6.512641457E-1,6.541835946E-1,1.354919850E2,-7.989967450E1,-3.550738836E1,1.498907546E2
3.446910729E1,3.861891179E-1,6.777702144E-2,-6.497977725E-1,6.511736248E-1,1.345648360E2,-7.955616197E1,-3.616828323E1,1.490756474E2
3.447912929E1,3.972660367E-1,6.559739717E-2,-6.461487405E-1,6.483583312E-1,1.331852478E2,-7.874427202E1,-3.675876275E1,1.475079787E2
3.448915129E1,4.097989395E-1,6.218354459E-2,-6.412043673E-1,6.457978785E-1,1.316155898E2,-7.766335034E1,-3.728972540E1,1.455936887E2
3.449917229E1,4.223682676E-1,5.912901496E-2,-6.359576536E-1,6.431692217E-1,1.300316067E2,-7.651997895E1,-3.782680071E1,1.436559689E2
3.450919429E1,4.349739896E-1,5.671431664E-2,-6.312111388E-1,6.396512032E-1,1.284327224E2,-7.545499399E1,-3.843860038E1,1.417551138E2
3.451921629E1,4.480120856E-1,5.503535479E-2,-6.272980146E-1,6.346285949E-1,1.267675744E2,-7.451383249E1,-3.919252559E1,1.398630418E2
3.452923829E1,4.621382078E-1,5.399782582E-2,-6.239035496E-1,6.278988232E-1,1.249496631E2,-7.361792843E1,-4.012592546E1,1.378651582E2
3.453926029E1,4.778435828E-1,5.333498233E-2,-6.203275159E-1,6.196891808E-1,1.229106851E2,-7.261903768E1,-4.121917781E1,1.356238959E2
3.454928129E1,4.940564639E-1,5.355867673E-2,-6.164365399E-1,6.107746166E-1,1.207848965E2,-7.149782375E1,-4.241793232E1,1.332763163E2
3.455930329E1,5.092237186E-1,5.514805546E-2,-6.126456627E-1,6.019262703E-1,1.187757283E2,-7.035350962E1,-4.365683337E1,1.310681733E2
3.456932529E1,5.229160496E-1,5.747045218E-2,-6.089968625E-1,5.936149961E-1,1.169438832E2,-6.921343135E1,-4.484078376E1,1.290291528E2
3.457934729E1,5.359382746E-1,5.877314805E-2,-6.046412597E-1,5.862805726E-1,1.151848694E2,-6.793019439E1,-4.580865375E1,1.269107746E2
3.458936829E1,5.484275291E-1,5.868139436E-2,-5.994508753E-1,5.800366381E-1,1.134815967E2,-6.649653093E1,-4.651757152E1,1.246825896E2
3.459939029E1,5.596811479E-1,5.930251246E-2,-5.946017961E-1,5.741854866E-1,1.119325003E2,-6.512135579E1,-4.719546766E1,1.226386524E2
3.460941229E1,5.671896034E-1,6.451211582E-2,-5.922627303E-1,5.686466376E-1,1.108910403E2,-6.420899670E1,-4.817797483E1,1.214855214E2
3.461943429E1,5.670893890E-1,7.548325659E-2,-5.973849000E-1,5.619993945E-1,1.109049833E2,-6.486506828E1,-4.967485153E1,1.222614030E2
3.462945529E1,5.600053073E-1,8.595497828E-2,-6.064364415E-1,5.578895261E-1,1.118876704E2,-6.672143375E1,-5.081609625E1,1.245164683E2
3.463947729E1,5.473510689E-1,9.754898625E-2,-6.130385346E-1,5.613152062E-1,1.136290513E2,-6.847397962E1,-5.131609859E1,1.276494250E2
3.464949929E1,5.290570153E-1,1.137065285E-1,-6.205994685E-1,5.674730748E-1,1.161164735E2,-7.075865972E1,-5.178692879E1,1.320527449E2
3.465952129E1,5.095234117E-1,1.321408857E-1,-6.283162192E-1,5.728379195E-1,1.187358207E2,-7.330449785E1,-5.234225080E1,1.368672735E2
3.466954229E1,4.938403375E-1,1.477079717E-1,-6.319467699E-1,5.787464651E-1,1.208133802E2,-7.493209514E1,-5.266777667E1,1.405992492E2
3.467956429E1,4.833328990E-1,1.579272127E-1,-6.303997487E-1,5.865531336E-1,1.221933878E2,-7.517678636E1,-5.262233049E1,1.426986870E2
3.468958629E1,4.752823189E-1,1.648368935E-1,-6.251670067E-1,5.967425820E-1,1.232445333E2,-7.445271319E1,-5.227831569E1,1.438240086E2
3.469960829E1,4.667510117E-1,1.715403498E-1,-6.202764550E-1,6.066090170E-1,1.243527930E2,-7.383972222E1,-5.191951801E1,1.450337386E2
3.470962962E1,4.577497567E-1,1.799384254E-1,-6.217478226E-1,6.095219069E-1,1.255160031E2,-7.471606088E1,-5.205139139E1,1.470737135E2
3.471965063E1,4.480558024E-1,1.928771286E-1,-6.193585599E-1,6.151743156E-1,1.267619710E2,-7.495333316E1,-5.240289809E1,1.492060549E2
3.472967262E1,4.332487189E-1,2.077246836E-1,-6.186255630E-1,6.216498101E-1,1.286521812E2,-7.587045666E1,-5.258932890E1,1.523801055E2
3.473969463E1,4.175154268E-1,2.216883981E-1,-6.188781490E-1,6.273157374E-1,1.306443498E2,-7.707684343E1,-5.264766147E1,1.557248804E2
3.474971662E1,4.061398660E-1,2.328516021E-1,-6.204262660E-1,6.292072458E-1,1.320748465E2,-7.837564498E1,-5.284300676E1,1.584193629E2
3.475973763E1,4.016431344E-1,2.380058034E-1,-6.211568605E-1,6.294442796E-1,1.326381220E2,-7.898143281E1,-5.299562553E1,1.595848661E2
3.476975962E1,3.956248805E-1,2.404879578E-1,-6.226534530E-1,6.308321964E-1,1.333900961E2,-7.962983492E1,-5.275828207E1,1.607356983E2
3.477978163E1,3.805898563E-1,2.403070846E-1,-6.281787152E-1,6.346615537E-1,1.352595510E2,-8.118479990E1,-5.155305216E1,1.630591301E2
3.478980362E1,3.648399689E-1,2.276421884E-1,-6.330966834E-1,6.436299289E-1,1.372045311E2,-8.169328332E1,-4.902472315E1,1.639399823E2
3.479982463E1,3.571607815E-1,2.013454841E-1,-6.352867390E-1,6.544515854E-1,1.381481361E2,-8.077094925E1,-4.583536276E1,1.623139825E2
3.480984662E1,3.584769433E-1,1.698724936E-1,-6.354118309E-1,6.624873035E-1,1.379866214E2,-7.939810523E1,-4.289349702E1,1.592889586E2
3.481986863E1,3.657827939E-1,1.421087840E-1,-6.328615040E-1,6.674536037E-1,1.370884698E2,-7.791786115E1,-4.074409992E1,1.559785583E2
3.482989062E1,3.758724966E-1,1.201199091E-1,-6.284540605E-1,6.703257428E-1,1.358435026E2,-7.645413754E1,-3.930705314E1,1.528624916E2
3.483991263E1,3.845837444E-1,1.026572686E-1,-6.244586446E-1,6.720181073E-1,1.347641979E2,-7.533132381E1,-3.819124994E1,1.503606148E2
3.484993362E1,3.881733072E-1,8.897699161E-2,-6.226064592E-1,6.736214578E-1,1.343182302E2,-7.481671515E1,-3.710172773E1,1.488832987E2
3.485995563E1,3.865024902E-1,7.788842972E-2,-6.227270624E-1,6.758404366E-1,1.345259032E2,-7.480310782E1,-3.591974124E1,1.483104979E2
3.486997762E1,3.821239173E-1,6.770579327E-2,-6.234197038E-1,6.787820549E-1,1.350693896E2,-7.495840870E1,-3.463608975E1,1.481367576E2
3.487999963E1,3.776356678E-1,5.784273529E-2,-6.236883267E-1,6.819519510E-1,1.356253857E2,-7.505905218E1,-3.336329799E1,1.479742506E2
3.489002062E1,3.744099061E-1,5.015251594E-2,-6.239623444E-1,6.840856035E-1,1.360243077E2,-7.515538359E1,-3.240175072E1,1.478195249E2
3.490004263E1,3.728868876E-1,4.540640148E-2,-6.244268448E-1,6.848246907E-1,1.362124607E2,-7.526261249E1,-3.186178790E1,1.476856344E2
3.491006462E1,3.726285590E-1,4.179243566E-2,-6.246916535E-1,6.849538813E-1,1.362443621E2,-7.532005992E1,-3.152077449E1,1.474816339E2
3.492008663E1,3.726538576E-1,3.786879587E-2,-6.248340888E-1,6.850382488E-1,1.362412381E2,-7.535731297E1,-3.116984891E1,1.472210742E2
3.493010762E1,3.718790300E-1,3.492395342E-2,-6.253721354E-1,6.851247341E-1,1.363369026E2,-7.546871690E1,-3.086253704E1,1.471298070E2
3.494012963E1,3.700453365E-1,3.461661860E-2,-6.266829867E-1,6.849353788E-1,1.365631733E2,-7.570981253E1,-3.074529601E1,1.473618957E2
3.495015162E1,3.689103956E-1,3.616208032E-2,-6.281503503E-1,6.841232196E-1,1.367031315E2,-7.596096918E1,-3.085992935E1,1.476503126E2
3.496017363E1,3.698208413E-1,3.739542354E-2,-6.289264845E-1,6.828511540E-1,1.365908629E2,-7.607478338E1,-3.108112764E1,1.476692925E2
3.497019562E1,3.724219973E-1,3.699854775E-2,-6.288257325E-1,6.815505654E-1,1.362698682E2,-7.602748405E1,-3.125245124E1,1.473579872E2
3.498021663E1,3.758025433E-1,3.507899060E-2,-6.279125157E-1,6.806377174E-1,1.358521528E2,-7.584068753E1,-3.131175529E1,1.468235654E2
3.499023862E1,3.783592555E-1,3.343334583E-2,-6.270176748E-1,6.801289206E-1,1.355358237E2,-7.566698452E1,-3.132915604E1,1.463971347E2
3.500026063E1,3.788663347E-1,3.427929630E-2,-6.269504717E-1,6.798664617E-1,1.354730430E2,-7.564526034E1,-3.144444218E1,1.463959608E2
3.501028262E1,3.773775921E-1,3.835034469E-2,-6.278280112E-1,6.796671387E-1,1.356573220E2,-7.579371705E1,-3.173473730E1,1.468700895E2
3.502030363E1,3.746064579E-1,4.480073019E-2,-6.294199609E-1,6.793331460E-1,1.360000167E2,-7.607898811E1,-3.217038371E1,1.476795242E2
3.503032562E1,3.714494588E-1,5.217744021E-2,-6.314872217E-1,6.786211487E-1,1.363899261E2,-7.646413170E1,-3.268014005E1,1.486226924E2
3.504034763E1,3.688879314E-1,5.925787895E-2,-6.336136777E-1,6.774539444E-1,1.367059011E2,-7.687053784E1,-3.321305343E1,1.494928973E2
3.505036962E1,3.677949477E-1,6.527185491E-2,-6.354203445E-1,6.758013138E-1,1.368406198E2,-7.721701559E1,-3.375414583E1,1.501234355E2
3.506039063E1,3.687933960E-1,6.979819463E-2,-6.366291372E-1,6.736638891E-1,1.367175558E2,-7.743781735E1,-3.430584288E1,1.504001388E2
3.507041262E1,3.714994765E-1,7.324646012E-2,-6.374025951E-1,6.710745553E-1,1.363837527E2,-7.756045453E1,-3.488262478E1,1.503968141E2
3.508043463E1,3.748960489E-1,7.640652545E-2,-6.380083507E-1,6.682516015E-1,1.359642237E2,-7.764588794E1,-3.548509744E1,1.502904004E2
3.509045662E1,3.785582940E-1,7.931063298E-2,-6.383211435E-1,6.655444884E-1,1.355111828E2,-7.767589638E1,-3.607565830E1,1.501207874E2
3.510047763E1,3.823849222E-1,8.149135306E-2,-6.381235169E-1,6.632792323E-1,1.350370226E2,-7.760692830E1,-3.659256320E1,1.498511215E2
3.511049962E1,3.861127267E-1,8.278970781E-2,-6.375025463E-1,6.615537403E-1,1.345743258E2,-7.745445795E1,-3.700146007E1,1.495015871E2
3.512052163E1,3.892337008E-1,8.383341129E-2,-6.367817720E-1,6.602863845E-1,1.341863471E2,-7.728872171E1,-3.733123544E1,1.491918712E2
3.513054362E1,3.916147133E-1,8.511870051E-2,-6.361138498E-1,6.593571624E-1,1.338899821E2,-7.714414268E1,-3.762351906E1,1.489825046E2
3.514056563E1,3.934852747E-1,8.670247371E-2,-6.354724802E-1,6.586551645E-1,1.336569241E2,-7.701384035E1,-3.790195985E1,1.488515745E2
3.515058662E1,3.950462781E-1,8.869955998E-2,-6.348625310E-1,6.580428867E-1,1.334622793E2,-7.689733794E1,-3.819475029E1,1.487858308E2
3.516060863E1,3.961999532E-1,9.143602841E-2,-6.344337711E-1,6.573879774E-1,1.333183338E2,-7.682745145E1,-3.853137904E1,1.488292505E2
3.517063062E1,3.967563759E-1,9.516798433E-2,-6.342518442E-1,6.566979492E-1,1.332488803E2,-7.682411291E1,-3.892335001E1,1.490271409E2
3.518065263E1,3.966128132E-1,9.974690225E-2,-6.342832858E-1,6.560743549E-1,1.332668018E2,-7.688509621E1,-3.934678377E1,1.493805386E2
3.519067362E1,3.954506560E-1,1.049961869E-1,-6.347250058E-1,6.555293962E-1,1.334118334E2,-7.705433314E1,-3.976654680E1,1.499274121E2
3.520069563E1,3.931360565E-1,1.106540220E-1,-6.355287884E-1,6.552120936E-1,1.337004494E2,-7.732613439E1,-4.014335637E1,1.506633031E2
3.521071762E1,3.901763783E-1,1.160780896E-1,-6.363843483E-1,6.552123044E-1,1.340690508E2,-7.762609080E1,-4.044485347E1,1.514636895E2
3.522073963E1,3.874037795E-1,1.206352808E-1,-6.370794131E-1,6.553588174E-1,1.344138977E2,-7.788694338E1,-4.067237040E1,1.521711140E2
3.523076062E1,3.854807031E-1,1.239789799E-1,-6.375952694E-1,6.553671624E-1,1.346528277E2,-7.808280036E1,-4.084877991E1,1.526807524E2
3.524078263E1,3.847245886E-1,1.259761083E-1,-6.377211621E-1,6.553081569E-1,1.347467131E2,-7.816104649E1,-4.098036585E1,1.529303031E2
3.525080462E1,3.851710923E-1,1.266242847E-1,-6.373917844E-1,6.552413962E-1,1.346912754E2,-7.810532857E1,-4.106757836E1,1.529093807E2
3.526082663E1,3.867064810E-1,1.260800635E-1,-6.366294533E-1,6.551830861E-1,1.345005568E2,-7.792398282E1,-4.111621801E1,1.526436413E2
3.527084762E1,3.890833735E-1,1.246463753E-1,-6.354771795E-1,6.551688615E-1,1.342050475E2,-7.763631428E1,-4.113504628E1,1.521874095E2
3.528086963E1,3.916718644E-1,1.228876716E-1,-6.341294076E-1,6.552647035E-1,1.338828645E2,-7.730246631E1,-4.113148193E1,1.516689166E2
3.529089162E1,3.937825048E-1,1.211673637E-1,-6.327993795E-1,6.556057452E-1,1.336198728E2,-7.698231243E1,-4.109022615E1,1.512089541E2
3.530091363E1,3.951300239E-1,1.195502312E-1,-6.316294252E-1,6.562196562E-1,1.334518329E2,-7.670918381E1,-4.099961236E1,1.508550535E2
3.531093562E1,3.955945559E-1,1.182646681E-1,-6.307729169E-1,6.569961803E-1,1.333938797E2,-7.651787408E1,-4.087868167E1,1.506486091E2
3.532095663E1,3.947841879E-1,1.179903764E-1,-6.304401254E-1,6.578518140E-1,1.334949698E2,-7.646509910E1,-4.076937959E1,1.506985889E2
3.533097862E1,3.926236772E-1,1.191262550E-1,-6.304950638E-1,6.588865823E-1,1.337642978E2,-7.653245566E1,-4.069830405E1,1.510335403E2
3.534100063E1,3.896538522E-1,1.213748104E-1,-6.306757684E-1,6.600652506E-1,1.341340744E2,-7.665736317E1,-4.067148956E1,1.515522180E2
3.535102262E1,3.862521590E-1,1.245580144E-1,-6.311212395E-1,6.610450173E-1,1.345570043E2,-7.685853239E1,-4.070925011E1,1.522082770E2
3.536104363E1,3.826708781E-1,1.284799472E-1,-6.317670135E-1,6.617599753E-1,1.350015571E2,-7.711902582E1,-4.081081260E1,1.529557046E2
3.537106562E1,3.788646805E-1,1.328158254E-1,-6.326596206E-1,6.622411238E-1,1.354732479E2,-7.744473582E1,-4.094217185E1,1.537793492E2
3.538108763E1,3.748724045E-1,1.370981980E-1,-6.337663968E-1,6.625820496E-1,1.359671462E2,-7.781995123E1,-4.105936758E1,1.546369016E2
3.539110962E1,3.710148089E-1,1.410466834E-1,-6.348247042E-1,6.629114483E-1,1.364435664E2,-7.818222524E1,-4.115221059E1,1.554522548E2
3.540113063E1,3.680258281E-1,1.443335897E-1,-6.357085657E-1,6.630229794E-1,1.368121672E2,-7.848558370E1,-4.124706615E1,1.561086957E2
3.541115262E1,3.661882571E-1,1.469925079E-1,-6.362624175E-1,6.629249985E-1,1.370385432E2,-7.869457831E1,-4.136653773E1,1.565666661E2
3.542117462E1,3.657543869E-1,1.486920796E-1,-6.364258208E-1,6.626284638E-1,1.370919673E2,-7.878203133E1,-4.149894676E1,1.567662202E2
3.543119662E1,3.670308991E-1,1.489488592E-1,-6.360777511E-1,6.621991034E-1,1.369347575E2,-7.870343375E1,-4.162005954E1,1.566238111E2
3.544121862E1,3.697109434E-1,1.478905097E-1,-6.352779303E-1,6.617130554E-1,1.366044170E2,-7.847760478E1,-4.171766862E1,1.561863722E2
3.545123962E1,3.731384200E-1,1.459125792E-1,-6.341117059E-1,6.613467044E-1,1.361813951E2,-7.814349566E1,-4.177602607E1,1.555642693E2
3.546126162E1,3.768243199E-1,1.433794272E-1,-6.327512478E-1,6.611139801E-1,1.357257762E2,-7.775410258E1,-4.179384663E1,1.548541888E2
3.547128362E1,3.803301475E-1,1.407970055E-1,-6.314982220E-1,6.608594447E-1,1.352917315E2,-7.738931421E1,-4.179363765E1,1.541678285E2
3.548130562E1,3.830446574E-1,1.390522735E-1,-6.306726706E-1,6.604493559E-1,1.349551925E2,-7.714229032E1,-4.182253047E1,1.536667742E2
3.549132662E1,3.847579057E-1,1.387056788E-1,-6.304181669E-1,6.597689582E-1,1.347425768E2,-7.705558733E1,-4.192399048E1,1.534283819E2
3.550134862E1,3.855695170E-1,1.398362048E-1,-6.307149018E-1,6.587722379E-1,1.346417978E2,-7.712537671E1,-4.211410825E1,1.534467426E2
3.551137062E1,3.857492839E-1,1.420062407E-1,-6.313875865E-1,6.575571759E-1,1.346194708E2,-7.730521909E1,-4.236638799E1,1.536464468E2
3.552139262E1,3.856659596E-1,1.445365267E-1,-6.321220797E-1,6.563480250E-1,1.346298199E2,-7.751377803E1,-4.263367332E1,1.539112947E2
3.553141362E1,3.857823270E-1,1.466355241E-1,-6.326608007E-1,6.552941430E-1,1.346153667E2,-7.767255884E1,-4.286845954E1,1.541068705E2
3.554143562E1,3.862960444E-1,1.478203985E-1,-6.329609284E-1,6.544349058E-1,1.345515522E2,-7.775471548E1,-4.303917592E1,1.541671499E2
3.555145762E1,3.868510025E-1,1.483899288E-1,-6.332661137E-1,6.536824475E-1,1.344825981E2,-7.782063648E1,-4.315379688E1,1.541734042E2
3.556147962E1,3.871595069E-1,1.490028704E-1,-6.336801222E-1,6.529587124E-1,1.344442586E2,-7.791370648E1,-4.325574438E1,1.542193692E2
3.557150062E1,3.872552224E-1,1.502557909E-1,-6.341672766E-1,6.521415271E-1,1.344323625E2,-7.804368852E1,-4.340455422E1,1.543478053E2
3.558152262E1,3.873476715E-1,1.525895672E-1,-6.347413799E-1,6.509850387E-1,1.344208718E2,-7.822417933E1,-4.366164142E1,1.545736086E2
3.559154463E1,3.879152736E-1,1.556776668E-1,-6.354223886E-1,6.492492945E-1,1.343503126E2,-7.844446425E1,-4.403736465E1,1.548195363E2
3.560156662E1,3.894516000E-1,1.585815215E-1,-6.359895799E-1,6.470677842E-1,1.341592387E2,-7.862464535E1,-4.447518653E1,1.549353294E2
3.561158863E1,3.920003464E-1,1.604171221E-1,-6.362042548E-1,6.448614388E-1,1.338419516E2,-7.868459802E1,-4.488436159E1,1.548199106E2
3.562160962E1,3.954650386E-1,1.605609482E-1,-6.359240415E-1,6.429839126E-1,1.334100390E2,-7.857172224E1,-4.518999356E1,1.544153128E2
3.563163163E1,3.994957630E-1,1.591779626E-1,-6.353022701E-1,6.414487031E-1,1.329066800E2,-7.832709618E1,-4.538238362E1,1.537855787E2
3.564165362E1,4.036513685E-1,1.570085800E-1,-6.347178619E-1,6.399587172E-1,1.323867149E2,-7.806179534E1,-4.550956799E1,1.530755843E2
3.565167563E1,4.076468687E-1,1.548700278E-1,-6.343376341E-1,6.383220918E-1,1.318857995E2,-7.784233378E1,-4.563380976E1,1.524014481E2
3.566169662E1,4.115414377E-1,1.531752188E-1,-6.340594649E-1,6.365058682E-1,1.313965953E2,-7.765901622E1,-4.579726590E1,1.517822369E2
3.567171863E1,4.150940061E-1,1.524244991E-1,-6.338038864E-1,6.346308287E-1,1.309495267E2,-7.751392699E1,-4.602501050E1,1.512804239E2
3.568174062E1,4.184239970E-1,1.525183180E-1,-6.333952306E-1,6.328269752E-1,1.305297445E2,-7.736479055E1,-4.631026735E1,1.508588196E2
3.569176263E1,4.218172503E-1,1.529202514E-1,-6.326851194E-1,6.311854292E-1,1.301012573E2,-7.715903721E1,-4.661854837E1,1.504264665E2
3.570178362E1,4.251443436E-1,1.532960959E-1,-6.317743471E-1,6.297727300E-1,1.296803995E2,-7.690988957E1,-4.690936784E1,1.499792302E2
3.571180613E1,4.279365301E-1,1.535840011E-1,-6.308265909E-1,6.287606578E-1,1.293266435E2,-7.665985810E1,-4.714207948E1,1.495829748E2
3.572182812E1,4.302958475E-1,1.534969257E-1,-6.298712904E-1,6.281292769E-1,1.290273263E2,-7.640586737E1,-4.729824542E1,1.492061158E2
3.573185013E1,4.326766387E-1,1.531530074E-1,-6.287448738E-1,6.277062068E-1,1.287249066E2,-7.610773909E1,-4.742197368E1,1.487895667E2
3.574187112E1,4.350837400E-1,1.532122237E-1,-6.276840797E-1,6.270893350E-1,1.284187550E2,-7.583184531E1,-4.759069115E1,1.484052899E2
3.575189313E1,4.375125681E-1,1.538968993E-1,-6.268346100E-1,6.260806029E-1,1.281094388E2,-7.561352221E1,-4.783371783E1,1.480831163E2
3.576191512E1,4.402168258E-1,1.547822360E-1,-6.260429236E-1,6.247574131E-1,1.277645674E2,-7.540318128E1,-4.812406300E1,1.477440583E2
3.577193713E1,4.430144071E-1,1.557015852E-1,-6.253606926E-1,6.232330038E-1,1.274072581E2,-7.521158406E1,-4.843161538E1,1.474019205E2
3.578195912E1,4.455069138E-1,1.568061066E-1,-6.248245636E-1,6.217151008E-1,1.270884489E2,-7.506105025E1,-4.873826730E1,1.471226823E2
3.579198013E1,4.476373791E-1,1.580285548E-1,-6.244469067E-1,6.202530846E-1,1.268155972E2,-7.495494833E1,-4.903296790E1,1.469106364E2
3.580200212E1,4.494150120E-1,1.593041713E-1,-6.241595495E-1,6.189290361E-1,1.265876842E2,-7.487795266E1,-4.930658680E1,1.467545967E2
3.581202413E1,4.506770203E-1,1.608253354E-1,-6.238355246E-1,6.179439325E-1,1.264257417E2,-7.481361550E1,-4.955762416E1,1.466801978E2
3.582204612E1,4.514232355E-1,1.628233700E-1,-6.234527258E-1,6.172619491E-1,1.263299320E2,-7.476429285E1,-4.980846972E1,1.467044172E2
3.583206713E1,4.520141238E-1,1.652681822E-1,-6.229630216E-1,6.166740111E-1,1.262540367E2,-7.470957767E1,-5.008608583E1,1.467741252E2
3.584208912E1,4.527448185E-1,1.680590201E-1,-6.223616282E-1,6.159904366E-1,1.261601490E2,-7.463763415E1,-5.040667546E1,1.468423933E2
3.585211113E1,4.536367195E-1,1.711357400E-1,-6.218318423E-1,6.150215754E-1,1.260454948E2,-7.458602200E1,-5.077565407E1,1.469189174E2
3.586213312E1,4.542382920E-1,1.747439317E-1,-6.216875315E-1,6.137074683E-1,1.259681294E2,-7.464570349E1,-5.119395739E1,1.471145196E2
3.587215413E1,4.545479660E-1,1.787042603E-1,-6.219432364E-1,6.120764063E-1,1.259282933E2,-7.481899354E1,-5.164373738E1,1.474203262E2
3.588217612E1,4.549387832E-1,1.825343341E-1,-6.224299272E-1,6.101580187E-1,1.258780090E2,-7.504480973E1,-5.210004830E1,1.477336305E2
3.589219813E1,4.556550478E-1,1.858689085E-1,-6.228991902E-1,6.081346118E-1,1.257858218E2,-7.524718080E1,-5.253461288E1,1.479662497E2
3.590222012E1,4.566761184E-1,1.886641086E-1,-6.233351361E-1,6.060579312E-1,1.256543388E2,-7.541874075E1,-5.294023259E1,1.481134298E2
3.591224213E1,4.579566187E-1,1.909905303E-1,-6.237386500E-1,6.039441034E-1,1.254893395E2,-7.556115808E1,-5.332014287E1,1.481852679E2
3.592226312E1,4.597389615E-1,1.926112874E-1,-6.237937360E-1,6.020151739E-1,1.252594711E2,-7.558169929E1,-5.365609599E1,1.480918415E2
3.593228513E1,4.624234102E-1,1.930632912E-1,-6.231511440E-1,6.004780467E-1,1.249128067E2,-7.536322578E1,-5.391848105E1,1.476958901E2
3.594230712E1,4.657533537E-1,1.925283424E-1,-6.219645627E-1,5.993052632E-1,1.244820226E2,-7.495412839E1,-5.410869919E1,1.470616380E2
3.595232913E1,4.694264147E-1,1.913373989E-1,-6.206789574E-1,5.981525838E-1,1.240058594E2,-7.448168606E1,-5.425491663E1,1.463082561E2
3.596235012E1,4.736334762E-1,1.895540393E-1,-6.192556162E-1,5.968777628E-1,1.234591739E2,-7.393405194E1,-5.437843089E1,1.454108609E2
3.597237213E1,4.782008353E-1,1.875091585E-1,-6.177087426E-1,5.954832184E-1,1.228640770E2,-7.333368372E1,-5.449795463E1,1.444228704E2
3.598239412E1,4.825561326E-1,1.856861176E-1,-6.163142930E-1,5.939839602E-1,1.222950389E2,-7.278232280E1,-5.462709396E1,1.434952162E2
3.599241613E1,4.866845218E-1,1.841026184E-1,-6.151370894E-1,5.923264721E-1,1.217542065E2,-7.229530291E1,-5.477100737E1,1.426383035E2
3.600243712E1,4.904506483E-1,1.829720924E-1,-6.141796605E-1,5.905613937E-1,1.212595886E2,-7.188415711E1,-5.494111570E1,1.418885422E2
3.601245913E1,4.937997369E-1,1.822784395E-1,-6.135177864E-1,5.886699116E-1,1.208187305E2,-7.156751886E1,-5.513623104E1,1.412611542E2
3.602248112E1,4.971948816E-1,1.814114999E-1,-6.129049501E-1,5.867150934E-1,1.203708245E2,-7.125245035E1,-5.531974136E1,1.406145581E2
3.603250313E1,5.008973795E-1,1.800517794E-1,-6.119719664E-1,5.849559867E-1,1.198812241E2,-7.083481206E1,-5.545843162E1,1.398455706E2
3.604252512E1,5.048340058E-1,1.782250296E-1,-6.108644526E-1,5.832864394E-1,1.193593322E2,-7.035364506E1,-5.555634357E1,1.389840307E2
3.605254613E1,5.094332174E-1,1.755252711E-1,-6.094553149E-1,5.815779115E-1,1.187478320E2,-6.975354924E1,-5.560033535E1,1.379225538E2
3.606256812E1,5.149076689E-1,1.717494824E-1,-6.075132092E-1,5.799137037E-1,1.180174327E2,-6.897359086E1,-5.557087237E1,1.365924756E2
3.607259013E1,5.203714283E-1,1.677878894E-1,-6.054947545E-1,5.783051165E-1,1.172856611E2,-6.818283564E1,-5.551045509E1,1.352464011E2
3.608261212E1,5.250773795E-1,1.645259130E-1,-6.037742147E-1,5.767855514E-1,1.166530949E2,-6.751453088E1,-5.547194055E1,1.340999635E2
3.609263313E1,5.286343549E-1,1.625229051E-1,-6.027117980E-1,5.752134397E-1,1.161735399E2,-6.706829701E1,-5.550737046E1,1.332840094E2
3.610265512E1,5.306563499E-1,1.622580543E-1,-6.026954451E-1,5.734409540E-1,1.159003750E2,-6.694832139E1,-5.566350219E1,1.329263936E2
3.611267713E1,5.312886843E-1,1.634387982E-1,-6.035614364E-1,5.716061700E-1,1.158148651E2,-6.710985876E1,-5.591181982E1,1.329723017E2
3.612269912E1,5.309913041E-1,1.651797792E-1,-6.047850647E-1,5.700866839E-1,1.158550845E2,-6.741094576E1,-5.616091637E1,1.332464871E2
3.613272013E1,5.301696592E-1,1.668739771E-1,-6.059565996E-1,5.691131259E-1,1.159661625E2,-6.773482934E1,-5.635226979E1,1.336054839E2
3.614274212E1,5.296564620E-1,1.679687205E-1,-6.066353114E-1,5.685456779E-1,1.160355074E2,-6.792767578E1,-5.647162765E1,1.338281637E2
3.615276413E1,5.298756981E-1,1.684437787E-1,-6.067304158E-1,5.680992703E-1,1.160058867E2,-6.794122049E1,-5.655018921E1,1.338292749E2
3.616278612E1,5.303173852E-1,1.688346696E-1,-6.066775425E-1,5.676271532E-1,1.159461965E2,-6.790748885E1,-5.662975020E1,1.337718962E2
3.617280713E1,5.303504784E-1,1.696673860E-1,-6.067409525E-1,5.672800660E-1,1.159417234E2,-6.792808477E1,-5.672726852E1,1.338225249E2
3.618282912E1,5.300408149E-1,1.708634925E-1,-6.070411434E-1,5.668892488E-1,1.159835749E2,-6.802688298E1,-5.684923352E1,1.339788886E2
3.619285113E1,5.297644185E-1,1.721556938E-1,-6.075963228E-1,5.661615387E-1,1.160209222E2,-6.818475017E1,-5.700327419E1,1.341639485E2
3.620287312E1,5.298688611E-1,1.732281625E-1,-6.081537570E-1,5.651372833E-1,1.160068105E2,-6.832023350E1,-5.716957863E1,1.342724047E2
3.621289513E1,5.309050664E-1,1.734249250E-1,-6.082378610E-1,5.640128225E-1,1.158667461E2,-6.828172965E1,-5.729470870E1,1.341166903E2
3.622291612E1,5.330169277E-1,1.726219643E-1,-6.078153599E-1,5.627213074E-1,1.155809519E2,-6.804977763E1,-5.737612999E1,1.336587890E2
3.623293813E1,5.359029003E-1,1.713062029E-1,-6.070818573E-1,5.611719801E-1,1.151896708E2,-6.769306260E1,-5.745171410E1,1.330003637E2
3.624296012E1,5.396708904E-1,1.692213459E-1,-6.058146069E-1,5.595606441E-1,1.146775245E2,-6.715213948E1,-5.748600998E1,1.320828942E2
3.625298213E1,5.441594547E-1,1.659748584E-1,-6.039618314E-1,5.581873220E-1,1.140655152E2,-6.642825199E1,-5.741497736E1,1.309105148E2
3.626300312E1,5.483947984E-1,1.621792186E-1,-6.020903217E-1,5.571789096E-1,1.134860820E2,-6.572493300E1,-5.725562104E1,1.297575364E2
3.627302513E1,5.515950778E-1,1.589046824E-1,-6.005155258E-1,5.566625415E-1,1.130469781E2,-6.516751211E1,-5.707632874E1,1.288557225E2
3.628304712E1,5.540660086E-1,1.565416562E-1,-5.987880318E-1,5.567390505E-1,1.127071843E2,-6.463089981E1,-5.691292590E1,1.281217709E2
3.629306913E1,5.558314633E-1,1.554807357E-1,-5.971241585E-1,5.570637423E-1,1.124639940E2,-6.415409991E1,-5.682740807E1,1.275875163E2
3.630309012E1,5.560207643E-1,1.564723246E-1,-5.963870523E-1,5.573865255E-1,1.124378974E2,-6.397333911E1,-5.689156382E1,1.275256165E2
3.631311213E1,5.549583373E-1,1.588413146E-1,-5.965924760E-1,5.575553551E-1,1.125843096E2,-6.407491978E1,-5.706559929E1,1.278476208E2
3.632313412E1,5.533565849E-1,1.617471713E-1,-5.974373518E-1,5.574074232E-1,1.128048103E2,-6.435504921E1,-5.729990999E1,1.283592542E2
3.633315613E1,5.520574063E-1,1.644065531E-1,-5.985086404E-1,5.567678468E-1,1.129834511E2,-6.467227993E1,-5.755371767E1,1.288312242E2
3.634317812E1,5.516586807E-1,1.661355854E-1,-5.994051038E-1,5.556843520E-1,1.130382401E2,-6.489640751E1,-5.777622206E1,1.290791890E2
3.635319913E1,5.523346078E-1,1.663718185E-1,-5.997046415E-1,5.546180608E-1,1.129453506E2,-6.491639229E1,-5.788910801E1,1.289961827E2
3.636322112E1,5.538963404E-1,1.646228929E-1,-5.991245323E-1,5.542093817E-1,1.127305379E2,-6.468118320E1,-5.779824840E1,1.285628045E2
3.637324313E1,5.555666197E-1,1.610955178E-1,-5.978959727E-1,5.549004217E-1,1.125004980E2,-6.430570132E1,-5.747170799E1,1.279644400E2
3.638326512E1,5.564404749E-1,1.569846195E-1,-5.966760532E-1,5.565136520E-1,1.123800229E2,-6.400330325E1,-5.700915483E1,1.274981381E2
3.639328613E1,5.562725810E-1,1.537309039E-1,-5.958228957E-1,5.585005196E-1,1.124031764E2,-6.385613374E1,-5.657394616E1,1.273052775E2
3.640330812E1,5.552822604E-1,1.521883082E-1,-5.954434265E-1,5.603101750E-1,1.125396832E2,-6.385541033E1,-5.628653013E1,1.273847715E2
3.641333013E1,5.539920132E-1,1.523443779E-1,-5.955603840E-1,5.614195279E-1,1.127173696E2,-6.396583291E1,-5.619435014E1,1.276386153E2
3.642335212E1,5.528793756E-1,1.537737251E-1,-5.961173335E-1,5.615355612E-1,1.128704494E2,-6.414849456E1,-5.629036313E1,1.279572508E2
3.643337313E1,5.523100441E-1,1.557949615E-1,-5.968927091E-1,5.607142995E-1,1.129487271E2,-6.434022552E1,-5.651731718E1,1.282259661E2
3.644339512E1,5.526693657E-1,1.573152405E-1,-5.974289435E-1,5.593632625E-1,1.128993279E2,-6.442362196E1,-5.675709893E1,1.282814374E2
3.645341713E1,5.534180539E-1,1.580873707E-1,-5.978890185E-1,5.579119021E-1,1.127963535E2,-6.446918657E1,-5.694662191E1,1.282242472E2
3.646343912E1,5.537099261E-1,1.585741247E-1,-5.987446416E-1,5.565649257E-1,1.127561928E2,-6.463478954E1,-5.709529890E1,1.282769342E2
3.647346113E1,5.537672595E-1,1.586044704E-1,-5.997628252E-1,5.554017433E-1,1.127483028E2,-6.485558777E1,-5.718623437E1,1.283685254E2
3.648348212E1,5.541288449E-1,1.579395196E-1,-6.002903773E-1,5.546601619E-1,1.126985346E2,-6.495077770E1,-5.719104694E1,1.283231685E2
3.649350413E1,5.551616194E-1,1.563787164E-1,-5.998578874E-1,5.545375065E-1,1.125563051E2,-6.479270639E1,-5.708439333E1,1.280174235E2
3.650352612E1,5.568630700E-1,1.540657606E-1,-5.985264895E-1,5.549172672E-1,1.123217309E2,-6.439927416E1,-5.688566909E1,1.274684257E2
3.651354813E1,5.586996168E-1,1.517187501E-1,-5.968039689E-1,5.555729479E-1,1.120681696E2,-6.391892454E1,-5.666272063E1,1.268610979E2
3.652356912E1,5.602559037E-1,1.498365562E-1,-5.952018829E-1,5.562347654E-1,1.118530059E2,-6.348669444E1,-5.647234705E1,1.263428089E2
3.653359113E1,5.608322900E-1,1.490551957E-1,-5.944334194E-1,5.566853292E-1,1.117732486E2,-6.329190826E1,-5.637798974E1,1.261326086E2
3.654361312E1,5.600000920E-1,1.498483151E-1,-5.949024296E-1,5.568092914E-1,1.118883918E2,-6.344041304E1,-5.642521497E1,1.263633725E2
3.655363513E1,5.584797794E-1,1.517679776E-1,-5.961355199E-1,5.564973963E-1,1.120985412E2,-6.378963486E1,-5.659254555E1,1.268412953E2
3.656365612E1,5.569346237E-1,1.542554636E-1,-5.976081519E-1,5.557818793E-1,1.123118590E2,-6.419288545E1,-5.683745933E1,1.273754522E2
3.657367813E1,5.556553158E-1,1.564899630E-1,-5.988089577E-1,5.551449386E-1,1.124882736E2,-6.452759191E1,-5.705700028E1,1.278286158E2
3.658370012E1,5.546661471E-1,1.575459102E-1,-5.994522872E-1,5.551412118E-1,1.126245542E2,-6.473084377E1,-5.713085313E1,1.281228683E2
3.659372213E1,5.536408610E-1,1.570587348E-1,-5.996899533E-1,5.560452836E-1,1.127656968E2,-6.485518901E1,-5.700196662E1,1.283121616E2
3.660374312E1,5.522977415E-1,1.553880337E-1,-6.001700902E-1,5.573308305E-1,1.129504182E2,-6.505824700E1,-5.673580119E1,1.285258959E2
3.661376513E1,5.513644199E-1,1.529937134E-1,-6.003362752E-1,5.587366183E-1,1.130786634E2,-6.516680981E1,-5.640551509E1,1.285974493E2
3.662378712E1,5.515709583E-1,1.502855887E-1,-5.998189016E-1,5.598222180E-1,1.130502917E2,-6.505531490E1,-5.609378659E1,1.283828791E2
3.663380912E1,5.526991352E-1,1.479469444E-1,-5.989379482E-1,5.602754751E-1,1.128952346E2,-6.480817418E1,-5.587821014E1,1.279887241E2
3.664383112E1,5.539989444E-1,1.465291876E-1,-5.982808156E-1,5.600663421E-1,1.127164156E2,-6.459471327E1,-5.579443868E1,1.276292367E2
3.665385213E1,5.545691680E-1,1.460406846E-1,-5.984026410E-1,5.594992373E-1,1.126379095E2,-6.458791299E1,-5.580510099E1,1.275154782E2
3.666387412E1,5.536186280E-1,1.463540253E-1,-5.997561239E-1,5.589093100E-1,1.127687562E2,-6.493621288E1,-5.586008641E1,1.278259520E2
3.667389612E1,5.510536317E-1,1.473412309E-1,-6.020138041E-1,5.587575205E-1,1.131213469E2,-6.557913583E1,-5.590812484E1,1.285428668E2
3.668391812E1,5.476928739E-1,1.483392262E-1,-6.045114685E-1,5.591009010E-1,1.135822440E2,-6.632601272E1,-5.589857973E1,1.294249001E2
3.669393913E1,5.441913921E-1,1.491970199E-1,-6.071981404E-1,5.593803406E-1,1.140611530E2,-6.712415139E1,-5.587133686E1,1.303413188E2
3.670396088E1,5.418641426E-1,1.494210515E-1,-6.089779386E-1,5.596450076E-1,1.143787410E2,-6.765305628E1,-5.581341017E1,1.309298283E2
3.671398287E1,5.414367505E-1,1.484023200E-1,-6.093885753E-1,5.598826546E-1,1.144370033E2,-6.776662764E1,-5.569676847E1,1.309877541E2
3.672400487E1,5.423166819E-1,1.463401801E-1,-6.089167624E-1,5.600869931E-1,1.143170298E2,-6.760997314E1,-5.552547044E1,1.306787249E2
3.673402587E1,5.439514429E-1,1.433125612E-1,-6.078921304E-1,5.603977306E-1,1.140939240E2,-6.729327287E1,-5.528064343E1,1.301383406E2
3.674404788E1,5.460720649E-1,1.393728213E-1,-6.064942248E-1,5.608433459E-1,1.138040894E2,-6.687850596E1,-5.495604176E1,1.294382020E2
3.675406987E1,5.484605353E-1,1.350345408E-1,-6.050111826E-1,5.611757074E-1,1.134770735E2,-6.644495214E1,-5.460770830E1,1.286734734E2
3.676409187E1,5.509753400E-1,1.309241694E-1,-6.036615983E-1,5.611396432E-1,1.131320977E2,-6.604441133E1,-5.430542666E1,1.279194892E2
3.677411387E1,5.534716023E-1,1.274513534E-1,-6.023625482E-1,5.608784282E-1,1.127889861E2,-6.566088462E1,-5.407156751E1,1.272107181E2
3.678413487E1,5.556017078E-1,1.249302554E-1,-6.013575566E-1,5.604180123E-1,1.124956621E2,-6.535671752E1,-5.392597394E1,1.266391954E2
3.679415687E1,5.571179655E-1,1.235710406E-1,-6.009838615E-1,5.596142050E-1,1.122865615E2,-6.520748798E1,-5.389534693E1,1.262817380E2
3.680417887E1,5.581566946E-1,1.231859027E-1,-6.012271332E-1,5.584015779E-1,1.121431670E2,-6.520104255E1,-5.397225833E1,1.261025346E2
3.681420088E1,5.588183319E-1,1.234234002E-1,-6.020127083E-1,5.568387567E-1,1.120517663E2,-6.532046824E1,-5.412381931E1,1.260621885E2
3.682422187E1,5.590811650E-1,1.238378933E-1,-6.032179185E-1,5.551760583E-1,1.120154441E2,-6.554902667E1,-5.429172306E1,1.261358866E2
3.683424387E1,5.590908095E-1,1.238811782E-1,-6.042360599E-1,5.540485107E-1,1.120141111E2,-6.575962787E1,-5.438201757E1,1.262226853E2
3.684426587E1,5.593878814E-1,1.230297275E-1,-6.042539302E-1,5.539187618E-1,1.119730475E2,-6.575575927E1,-5.432338220E1,1.261331588E2
3.685428788E1,5.596226970E-1,1.223028840E-1,-6.036715239E-1,5.544774871E-1,1.119405825E2,-6.562975938E1,-5.422166655E1,1.260096657E2
3.686430887E1,5.587089444E-1,1.235887001E-1,-6.038259500E-1,5.549452417E-1,1.120668808E2,-6.570030636E1,-5.428157587E1,1.262417566E2
3.687433087E1,5.568425123E-1,1.270320555E-1,-6.047280190E-1,5.550616524E-1,1.123245671E2,-6.596122371E1,-5.453773413E1,1.268055637E2
3.688435287E1,5.546009046E-1,1.319229233E-1,-6.059701077E-1,5.548103583E-1,1.126335390E2,-6.631228282E1,-5.493766618E1,1.275395996E2
3.689437488E1,5.517568149E-1,1.380694511E-1,-6.076773922E-1,5.542827001E-1,1.130247570E2,-6.680878058E1,-5.545077883E1,1.284955662E2
3.690439587E1,5.485295827E-1,1.446419360E-1,-6.097295855E-1,5.535557149E-1,1.134676109E2,-6.743045345E1,-5.600067607E1,1.295935267E2
3.691441787E1,5.453473755E-1,1.508753917E-1,-6.120537945E-1,5.524698794E-1,1.139031895E2,-6.814416204E1,-5.654011809E1,1.307177264E2
3.692443987E1,5.427405649E-1,1.563067718E-1,-6.143569512E-1,5.509686367E-1,1.142592069E2,-6.884978627E1,-5.704658707E1,1.317204718E2
3.693446188E1,5.416172401E-1,1.602755087E-1,-6.157767732E-1,5.493463472E-1,1.144124012E2,-6.927819849E1,-5.747150903E1,1.323048207E2
3.694448387E1,5.422754567E-1,1.625854299E-1,-6.159296609E-1,5.478448565E-1,1.143226524E2,-6.929875798E1,-5.779538688E1,1.323477476E2
3.695450488E1,5.443721461E-1,1.635765342E-1,-6.149807035E-1,5.465349644E-1,1.140364625E2,-6.895892826E1,-5.803344957E1,1.319344322E2
3.696452687E1,5.475026142E-1,1.634966869E-1,-6.131650383E-1,5.454707034E-1,1.136083000E2,-6.833624725E1,-5.818820864E1,1.311716906E2
3.697454888E1,5.512175187E-1,1.627304362E-1,-6.108264994E-1,5.445815765E-1,1.130988400E2,-6.754456567E1,-5.828096949E1,1.302005741E2
3.698457087E1,5.548279903E-1,1.619835940E-1,-6.084468040E-1,5.438012658E-1,1.126022640E2,-6.674768128E1,-5.835775954E1,1.292399313E2
3.699459188E1,5.580005384E-1,1.618271449E-1,-6.062562637E-1,5.430476939E-1,1.121647318E2,-6.602233538E1,-5.846735862E1,1.284061918E2
3.700461387E1,5.604971320E-1,1.629320878E-1,-6.046040862E-1,5.419870435E-1,1.118196306E2,-6.546198077E1,-5.869041122E1,1.278122261E2
3.701463588E1,5.622796249E-1,1.656514024E-1,-6.037740461E-1,5.402391109E-1,1.115728079E2,-6.513177131E1,-5.908856770E1,1.275104344E2
3.702465787E1,5.635276385E-1,1.696795243E-1,-6.037373152E-1,5.377237416E-1,1.113997795E2,-6.501765385E1,-5.964680310E1,1.274523012E2
3.703467888E1,5.643566829E-1,1.744396736E-1,-6.042784807E-1,5.347147780E-1,1.112847397E2,-6.507277790E1,-6.029729710E1,1.275734385E2
3.704470087E1,5.651269099E-1,1.791507008E-1,-6.049093979E-1,5.316212480E-1,1.111777908E2,-6.516179169E1,-6.094828887E1,1.277173579E2
3.705472288E1,5.660072312E-1,1.834276155E-1,-6.053824331E-1,5.286796087E-1,1.110554710E2,-6.521021703E1,-6.155208940E1,1.278024435E2
3.706474487E1,5.672611460E-1,1.869648951E-1,-6.054052978E-1,5.260640978E-1,1.108810858E2,-6.511673810E1,-6.207444587E1,1.277193494E2
3.707476688E1,5.691894328E-1,1.896206313E-1,-6.048240295E-1,5.236939434E-1,1.106125565E2,-6.480625705E1,-6.251420008E1,1.273708466E2
3.708478787E1,5.716752170E-1,1.917483939E-1,-6.037671341E-1,5.214261427E-1,1.102657469E2,-6.431345216E1,-6.290878802E1,1.268062279E2
3.709480988E1,5.747911415E-1,1.934013933E-1,-6.022166358E-1,5.191784433E-1,1.098299860E2,-6.362069937E1,-6.326761044E1,1.260035007E2
3.710483187E1,5.784078099E-1,1.947617249E-1,-6.000922660E-1,5.171087328E-1,1.093227316E2,-6.271452168E1,-6.358844668E1,1.249824939E2
3.711485388E1,5.817140432E-1,1.965238214E-1,-5.979820366E-1,5.151742952E-1,1.088576203E2,-6.182042682E1,-6.392209186E1,1.240246966E2
3.712487487E1,5.842594600E-1,1.988292962E-1,-5.962696522E-1,5.133909777E-1,1.084986171E2,-6.108370026E1,-6.427750650E1,1.232893641E2
3.713489688E1,5.860406701E-1,2.012924213E-1,-5.949732363E-1,5.119030254E-1,1.082469147E2,-6.052017432E1,-6.461418075E1,1.227743892E2
3.714491887E1,5.866989037E-1,2.041620105E-1,-5.943518442E-1,5.107328761E-1,1.081537987E2,-6.024327745E1,-6.495230251E1,1.226166626E2
3.715494088E1,5.861223796E-1,2.077615200E-1,-5.945612297E-1,5.096984633E-1,1.082353588E2,-6.031534931E1,-6.533492752E1,1.228865122E2
3.716496187E1,5.845877312E-1,2.122035449E-1,-5.954834871E-1,5.085530780E-1,1.084522591E2,-6.069012448E1,-6.579134915E1,1.235211116E2
3.717498388E1,5.826608642E-1,2.172619886E-1,-5.968027045E-1,5.070798744E-1,1.087241758E2,-6.123829702E1,-6.632038221E1,1.243488173E2
3.718500587E1,5.807121072E-1,2.225339482E-1,-5.983526338E-1,5.051991687E-1,1.089987119E2,-6.188768266E1,-6.689527932E1,1.252544627E2
3.719502788E1,5.787210190E-1,2.275474001E-1,-6.000651445E-1,5.032155563E-1,1.092787278E2,-6.263144128E1,-6.745092341E1,1.262233368E2
3.720504987E1,5.767557351E-1,2.314907014E-1,-6.016992200E-1,5.017200781E-1,1.095546393E2,-6.338471373E1,-6.787342304E1,1.271627850E2
3.721507088E1,5.749764269E-1,2.336383573E-1,-6.029482629E-1,5.012669521E-1,1.098040373E2,-6.400675930E1,-6.806257897E1,1.279267054E2
3.722509287E1,5.736069204E-1,2.338402829E-1,-6.035930676E-1,5.019653122E-1,1.099957355E2,-6.437390250E1,-6.800395988E1,1.283885620E2
3.723511488E1,5.729225820E-1,2.323088771E-1,-6.036107271E-1,5.034345092E-1,1.100914424E2,-6.443795280E1,-6.775129222E1,1.284774369E2
3.724513687E1,5.731040690E-1,2.293630653E-1,-6.030168780E-1,5.052870291E-1,1.100660664E2,-6.419677836E1,-6.736439325E1,1.281777277E2
3.725515788E1,5.741013108E-1,2.255995625E-1,-6.018487781E-1,5.072381279E-1,1.099265586E2,-6.369604863E1,-6.691289073E1,1.275573595E2
3.726517987E1,5.752734911E-1,2.219787056E-1,-6.005269897E-1,5.090708494E-1,1.097624256E2,-6.315583504E1,-6.648279457E1,1.268980928E2
3.727520188E1,5.759264248E-1,2.190072264E-1,-5.996930300E-1,5.106003638E-1,1.096709277E2,-6.283525964E1,-6.612186035E1,1.264840152E2
3.728522387E1,5.757149898E-1,2.167268290E-1,-5.995781377E-1,5.119450431E-1,1.097005625E2,-6.282272536E1,-6.582189459E1,1.264198568E2
3.729524488E1,5.747264856E-1,2.149924019E-1,-5.999039328E-1,5.134032319E-1,1.098390399E2,-6.301939927E1,-6.554918791E1,1.266260186E2
3.730526687E1,5.731801914E-1,2.136821407E-1,-6.003906447E-1,5.151071552E-1,1.100554215E2,-6.331790650E1,-6.528550696E1,1.269985972E2
3.731528888E1,5.711502333E-1,2.129424635E-1,-6.010450166E-1,5.169021869E-1,1.103390520E2,-6.370939095E1,-6.505524442E1,1.275247043E2
3.732531087E1,5.692449007E-1,2.124659723E-1,-6.014738819E-1,5.186979377E-1,1.106048257E2,-6.402135447E1,-6.484796881E1,1.279944342E2
3.733533288E1,5.678032546E-1,2.122720757E-1,-6.014228210E-1,5.204137912E-1,1.108056367E2,-6.415359529E1,-6.467798824E1,1.282995480E2
3.734535387E1,5.663592061E-1,2.130084865E-1,-6.013422151E-1,5.217780135E-1,1.110065393E2,-6.428343512E1,-6.461368118E1,1.286444730E2
3.735537588E1,5.645170727E-1,2.146289696E-1,-6.015804080E-1,5.228344454E-1,1.112624746E2,-6.454710678E1,-6.464015150E1,1.291672687E2
3.736539787E1,5.623143967E-1,2.163225775E-1,-6.020965594E-1,5.239148351E-1,1.115679894E2,-6.492451478E1,-6.466272643E1,1.298142538E2
3.737541988E1,5.600084979E-1,2.176394347E-1,-6.025754108E-1,5.252870126E-1,1.118872291E2,-6.529776350E1,-6.462749671E1,1.304573914E2
3.738544087E1,5.577716026E-1,2.187130203E-1,-6.027466746E-1,5.270216860E-1,1.121963422E2,-6.557527751E1,-6.454497842E1,1.310238766E2
3.739546288E1,5.554598875E-1,2.201167211E-1,-6.026572811E-1,5.289774289E-1,1.125152069E2,-6.579260164E1,-6.447235316E1,1.315838514E2
3.740548487E1,5.529339518E-1,2.223997737E-1,-6.027270341E-1,5.305870921E-1,1.128629438E2,-6.609103889E1,-6.449415750E1,1.322646548E2
3.741550688E1,5.502010118E-1,2.257427985E-1,-6.032501397E-1,5.314210636E-1,1.132383914E2,-6.656314554E1,-6.465500080E1,1.331276090E2
3.742552787E1,5.475162859E-1,2.299163270E-1,-6.040045051E-1,5.315476445E-1,1.136064278E2,-6.713184042E1,-6.493497457E1,1.340826273E2
3.743554988E1,5.448581230E-1,2.348562116E-1,-6.049658536E-1,5.310259119E-1,1.139700624E2,-6.780533584E1,-6.532227815E1,1.351394247E2
3.744557187E1,5.421518963E-1,2.401614883E-1,-6.064417520E-1,5.297377975E-1,1.143395035E2,-6.868356354E1,-6.578493854E1,1.363512499E2
3.745559388E1,5.401496049E-1,2.444639018E-1,-6.080130076E-1,5.280114416E-1,1.146123526E2,-6.952744411E1,-6.620508033E1,1.373921913E2
3.746561487E1,5.402993664E-1,2.459608103E-1,-6.085321514E-1,5.265628827E-1,1.145919593E2,-6.974852387E1,-6.643494561E1,1.375856893E2
3.747563688E1,5.430242366E-1,2.444463898E-1,-6.072166639E-1,5.259835400E-1,1.142205000E2,-6.903015095E1,-6.643631391E1,1.366583999E2
3.748565887E1,5.471654944E-1,2.439511011E-1,-6.014391529E-1,5.285534935E-1,1.136544590E2,-6.687351087E1,-6.635612899E1,1.347198416E2
3.749568088E1,5.546243940E-1,2.447535666E-1,-5.898856164E-1,5.334066155E-1,1.126303043E2,-6.275259154E1,-6.626775623E1,1.311766918E2
3.750570287E1,5.667080068E-1,2.419241222E-1,-5.774503995E-1,5.355984775E-1,1.109580348E2,-5.789649437E1,-6.601330910E1,1.262932986E2
3.751572388E1,5.782113161E-1,2.365763614E-1,-5.672476590E-1,5.365942376E-1,1.093503315E2,-5.388828820E1,-6.548726224E1,1.219260115E2
3.752574587E1,5.832195813E-1,2.320278419E-1,-5.601542917E-1,5.405971372E-1,1.086453781E2,-5.167662987E1,-6.472287225E1,1.197736706E2
3.753576788E1,5.796549075E-1,2.293678911E-1,-5.578915749E-1,5.478573309E-1,1.091474513E2,-5.174817101E1,-6.390825348E1,1.204336226E2
3.754578987E1,5.693229198E-1,2.294065082E-1,-5.586649591E-1,5.577971001E-1,1.105939512E2,-5.323058330E1,-6.313149589E1,1.230516527E2
3.755581088E1,5.549826627E-1,2.324772222E-1,-5.597749595E-1,5.697372628E-1,1.125809587E2,-5.507411401E1,-6.240359756E1,1.265540590E2
3.756583287E1,5.388600930E-1,2.378410514E-1,-5.599510807E-1,5.826801056E-1,1.147878518E2,-5.674994529E1,-6.171979355E1,1.302499420E2
3.757585488E1,5.229490453E-1,2.437750116E-1,-5.582946042E-1,5.961586058E-1,1.169394473E2,-5.788700192E1,-6.099488259E1,1.335686814E2
3.758587687E1,5.092350403E-1,2.480457096E-1,-5.539486319E-1,6.101588722E-1,1.187742208E2,-5.812866479E1,-6.009746450E1,1.359497810E2
3.759589788E1,4.988885053E-1,2.507316229E-1,-5.443295620E-1,6.260584231E-1,1.201470174E2,-5.685729631E1,-5.898860046E1,1.369491647E2
3.760591987E1,4.943649525E-1,2.525055521E-1,-5.350840081E-1,6.368118701E-1,1.207442334E2,-5.522520717E1,-5.828250574E1,1.368711763E2
3.761594188E1,4.995210136E-1,2.511204592E-1,-5.303930427E-1,6.372601598E-1,1.200633689E2,-5.379078634E1,-5.820547774E1,1.353514134E2
3.762596387E1,5.018902091E-1,2.514027377E-1,-5.230991302E-1,6.413034387E-1,1.197497316E2,-5.205959633E1,-5.794376117E1,1.341675415E2
3.763598588E1,4.953963017E-1,2.532474631E-1,-5.232489623E-1,6.454911548E-1,1.206082274E2,-5.264010291E1,-5.771151381E1,1.354832570E2
3.764600687E1,4.794236260E-1,2.617426978E-1,-5.326241599E-1,6.464946186E-1,1.227044702E2,-5.596689771E1,-5.811778779E1,1.397781099E2
3.765602888E1,4.615868901E-1,2.742714702E-1,-5.437486204E-1,6.450195843E-1,1.250208918E2,-6.005524670E1,-5.884771950E1,1.449355965E2
3.766605087E1,4.490801078E-1,2.851046643E-1,-5.513140429E-1,6.427248991E-1,1.266306401E2,-6.310899358E1,-5.950303827E1,1.487986152E2
3.767607288E1,4.403095383E-1,2.958910649E-1,-5.562265848E-1,6.396779981E-1,1.277527349E2,-6.544027271E1,-6.027020516E1,1.518255679E2
3.768609387E1,4.283228903E-1,3.104916394E-1,-5.631386890E-1,6.348301833E-1,1.292776529E2,-6.893559209E1,-6.123839438E1,1.562062011E2
3.769611588E1,4.124162587E-1,3.215020821E-1,-5.709319784E-1,6.329185603E-1,1.312865779E2,-7.283204905E1,-6.138917635E1,1.611215199E2
3.770613763E1,3.996551202E-1,3.171560044E-1,-5.751264117E-1,6.394664947E-1,1.328867597E2,-7.410329222E1,-5.991991760E1,1.630259409E2
3.771615962E1,3.962616351E-1,2.974247676E-1,-5.729459235E-1,6.528768527E-1,1.333106355E2,-7.199486412E1,-5.739830620E1,1.608662476E2
3.772618063E1,4.004563318E-1,2.728961026E-1,-5.662825489E-1,6.666982478E-1,1.327865818E2,-6.865127195E1,-5.482750991E1,1.570196960E2
3.773620262E1,4.067985475E-1,2.522940908E-1,-5.599378887E-1,6.762634330E-1,1.319922348E2,-6.601392935E1,-5.282544824E1,1.537059008E2
3.774622463E1,4.136291502E-1,2.353605935E-1,-5.538966332E-1,6.831652850E-1,1.311339657E2,-6.388052584E1,-5.124189760E1,1.509040906E2
3.775624662E1,4.193108088E-1,2.218687340E-1,-5.480994817E-1,6.888683331E-1,1.304178328E2,-6.214610983E1,-4.993589310E1,1.486893536E2
3.776626863E1,4.191284078E-1,2.161675930E-1,-5.455235717E-1,6.928254059E-1,1.304408551E2,-6.155285416E1,-4.918479734E1,1.481497667E2
3.777628962E1,4.100837995E-1,2.212416626E-1,-5.480836450E-1,6.946133384E-1,1.315798019E2,-6.254616782E1,-4.918949733E1,1.499593135E2
3.778631163E1,3.958491861E-1,2.326571365E-1,-5.535364357E-1,6.948176874E-1,1.333621077E2,-6.450828739E1,-4.960036905E1,1.531705812E2
3.779633362E1,3.828272639E-1,2.435780910E-1,-5.582660391E-1,6.945876288E-1,1.349821596E2,-6.634485403E1,-4.997924771E1,1.561663415E2
3.780635563E1,3.760447191E-1,2.497245766E-1,-5.595400962E-1,6.950848141E-1,1.358222048E2,-6.711135614E1,-5.017317219E1,1.576734983E2
3.781637662E1,3.774900715E-1,2.488320433E-1,-5.571939814E-1,6.965046045E-1,1.356434034E2,-6.654677211E1,-5.011166404E1,1.571960682E2
3.782639863E1,3.853915204E-1,2.405904589E-1,-5.520224155E-1,6.991858921E-1,1.346639031E2,-6.489653928E1,-4.963414595E1,1.550407487E2
3.783642062E1,3.969140683E-1,2.271716505E-1,-5.448042725E-1,7.028801266E-1,1.332291936E2,-6.262674604E1,-4.874913363E1,1.519125206E2
3.784644263E1,4.095314966E-1,2.127701671E-1,-5.370203291E-1,7.061317455E-1,1.316491849E2,-6.033795719E1,-4.776047311E1,1.486395938E2
3.785646362E1,4.212803416E-1,2.013920143E-1,-5.299261083E-1,7.079141462E-1,1.301691056E2,-5.839627549E1,-4.702333629E1,1.458160148E2
3.786648563E1,4.319487205E-1,1.937408756E-1,-5.237587284E-1,7.082101014E-1,1.288174109E2,-5.677579752E1,-4.662649464E1,1.434607002E2
3.787650762E1,4.413917219E-1,1.889138918E-1,-5.193778058E-1,7.069169518E-1,1.276145755E2,-5.556488942E1,-4.651803372E1,1.415584309E2
3.788652963E1,4.491852431E-1,1.859458370E-1,-5.182594287E-1,7.036078552E-1,1.266171560E2,-5.500220590E1,-4.665675176E1,1.401985279E2
3.789655162E1,4.574838839E-1,1.812787795E-1,-5.181755670E-1,6.995288727E-1,1.255502681E2,-5.460427331E1,-4.669671388E1,1.387545742E2
3.790657263E1,4.682206881E-1,1.727932386E-1,-5.176161413E-1,6.949716393E-1,1.241622812E2,-5.404856451E1,-4.645969560E1,1.367590821E2
3.791659462E1,4.820085344E-1,1.601434205E-1,-5.162376338E-1,6.895800353E-1,1.223666701E2,-5.329416683E1,-4.593286045E1,1.341041100E2
3.792661663E1,4.985497289E-1,1.423593470E-1,-5.124677668E-1,6.845135732E-1,1.201918057E2,-5.219212958E1,-4.490028896E1,1.307489957E2
3.793663862E1,5.161854560E-1,1.200441501E-1,-5.058444317E-1,6.806345774E-1,1.178465490E2,-5.086734458E1,-4.328528942E1,1.270190679E2
3.794665963E1,5.347289209E-1,9.470181911E-2,-4.961000171E-1,6.774816244E-1,1.153489413E2,-4.937125617E1,-4.121417122E1,1.230442697E2
3.795668162E1,5.551776076E-1,6.884057609E-2,-4.835065598E-1,6.732459873E-1,1.125541023E2,-4.769352017E1,-3.901746948E1,1.187812421E2
3.796670363E1,5.776842170E-1,4.688373282E-2,-4.700186200E-1,6.657066510E-1,1.094243458E2,-4.590881555E1,-3.726240412E1,1.143516211E2
3.797672562E1,6.006624787E-1,3.272344539E-2,-4.584225469E-1,6.542037119E-1,1.061652821E2,-4.414097005E1,-3.640791316E1,1.100762044E2
3.798674762E1,6.207701994E-1,2.773854795E-2,-4.515118756E-1,6.403218393E-1,1.032551993E2,-4.263038413E1,-3.659061957E1,1.064784045E2
3.799676862E1,6.357755957E-1,3.129247559E-2,-4.501825008E-1,6.262156039E-1,1.010449346E2,-4.148071595E1,-3.770685997E1,1.038674749E2
3.800679063E1,6.462821050E-1,4.110255497E-2,-4.549604151E-1,6.112618434E-1,9.947625701E1,-4.080834304E1,-3.966624282E1,1.020924450E2
3.801681262E1,6.556312994E-1,5.339550520E-2,-4.631451855E-1,5.939638377E-1,9.806492847E1,-4.034512339E1,-4.212381458E1,1.004551777E2
3.802683462E1,6.671929939E-1,6.481822838E-2,-4.689235185E-1,5.751197578E-1,9.629842671E1,-3.937598974E1,-4.444958994E1,9.815831852E1
3.803685562E1,6.803179914E-1,7.677925111E-2,-4.713495332E-1,5.559693625E-1,9.426300598E1,-3.765336628E1,-4.661119926E1,9.522386929E1
3.804687763E1,6.950349333E-1,8.899987735E-2,-4.711013936E-1,5.357882503E-1,9.193999798E1,-3.519830016E1,-4.861065423E1,9.156099986E1
3.805689962E1,7.123199354E-1,9.769584694E-2,-4.680923826E-1,5.137562486E-1,8.915202699E1,-3.220296245E1,-5.010729134E1,8.697116748E1
3.806692162E1,7.311645711E-1,1.038679789E-1,-4.621779364E-1,4.909189577E-1,8.603177359E1,-2.870945064E1,-5.106302916E1,8.169470983E1
3.807694362E1,7.493703132E-1,1.114632625E-1,-4.552338217E-1,4.677416576E-1,8.292827623E1,-2.477813001E1,-5.186421097E1,7.613704079E1
3.808696463E1,7.656034143E-1,1.218495842E-1,-4.499417475E-1,4.433469879E-1,8.007859134E1,-2.058756810E1,-5.284430228E1,7.046195065E1
3.809698662E1,7.790381964E-1,1.349352850E-1,-4.478028476E-1,4.175697541E-1,7.765480453E1,-1.622894833E1,-5.413511239E1,6.471756414E1
3.810700862E1,7.892576271E-1,1.502586463E-1,-4.495019240E-1,3.904391534E-1,7.576762077E1,-1.167683635E1,-5.577949481E1,5.883776120E1
3.811703062E1,7.961775074E-1,1.670942260E-1,-4.549685599E-1,3.621940635E-1,7.446676787E1,-6.830046485E0,-5.772689210E1,5.269092963E1
3.812705162E1,8.002815146E-1,1.846875218E-1,-4.629987779E-1,3.332750877E-1,7.368601313E1,-1.481241480E0,-5.978717972E1,4.606988422E1
3.813707362E1,8.020820280E-1,2.026152949E-1,-4.725486005E-1,3.038243030E-1,7.334123227E1,4.595845278E0,-6.178314257E1,3.874223740E1
3.814709562E1,8.022974827E-1,2.207714618E-1,-4.823321695E-1,2.737415684E-1,7.329988147E1,1.165397830E1,-6.348485968E1,3.045404761E1
3.815711762E1,8.019192358E-1,2.394372158E-1,-4.902597705E-1,2.433940883E-1,7.337246262E1,1.976113961E1,-6.453561119E1,2.121593196E1
3.816713962E1,8.019137567E-1,2.585031435E-1,-4.946407246E-1,2.131688131E-1,7.337351354E1,2.838355077E1,-6.462575606E1,1.159808045E1
3.817716062E1,8.033137696E-1,2.772054282E-1,-4.941312114E-1,1.835168404E-1,7.310456107E1,3.640780219E1,-6.358927835E1,2.692059546E0
3.818718262E1,8.065189321E-1,2.950311322E-1,-4.881271083E-1,1.556142990E-1,7.248559457E1,4.283974955E1,-6.154476343E1,-4.455378846E0
3.819720463E1,8.116895075E-1,3.112190097E-1,-4.769179538E-1,1.298154544E-1,7.147733834E1,4.734589824E1,-5.876201865E1,-9.558200166E0
3.820722662E1,8.187252073E-1,3.259570408E-1,-4.605560045E-1,1.064388313E-1,7.008523006E1,5.017890985E1,-5.543939358E1,-1.282849712E1
3.821724863E1,8.269254668E-1,3.399998966E-1,-4.396363004E-1,8.552328918E-2,6.843161525E1,5.187842492E1,-5.174368811E1,-1.473710890E1
3.822726962E1,8.351925290E-1,3.538886819E-1,-4.156591611E-1,6.666118363E-2,6.672821811E1,5.298013421E1,-4.785867762E1,-1.581373112E1
3.823729163E1,8.424208821E-1,3.680050774E-1,-3.904794708E-1,4.924509430E-2,6.520670263E1,5.389314764E1,-4.395880626E1,-1.649845023E1
3.824731362E1,8.477255266E-1,3.828340200E-1,-3.656909750E-1,3.270578586E-2,6.406971962E1,5.489696291E1,-4.016964362E1,-1.708897636E1
3.825733563E1,8.506598323E-1,3.984947227E-1,-3.425610078E-1,1.522179796E-2,6.343298188E1,5.615083428E1,-3.650816899E1,-1.790567161E1
3.826735662E1,8.509924974E-1,4.155105276E-1,-3.211436389E-1,-5.446215765E-3,6.336043299E1,5.774866911E1,-3.282369156E1,-1.918454042E1
3.827737863E1,8.486029397E-1,4.339983797E-1,-3.008745767E-1,-3.151075411E-2,6.387991803E1,5.965850986E1,-2.890081709E1,-2.106327696E1
3.828740062E1,8.438196938E-1,4.525574072E-1,-2.813862955E-1,-6.310192442E-2,6.490860900E1,6.160744896E1,-2.469350660E1,-2.342400305E1
3.829742263E1,8.366743279E-1,4.700918607E-1,-2.632869899E-1,-9.833487746E-2,6.641882942E1,6.342493826E1,-2.037225158E1,-2.607722915E1
3.830744462E1,8.272446448E-1,4.863859272E-1,-2.461199779E-1,-1.360884228E-1,6.836654386E1,6.504196142E1,-1.595128048E1,-2.889329376E1
3.831746563E1,8.157368061E-1,5.018071113E-1,-2.278285934E-1,-1.756626066E-1,7.067943824E1,6.640410389E1,-1.126802411E1,-3.169301870E1
3.832748762E1,8.027240509E-1,5.161296009E-1,-2.064532502E-1,-2.159200962E-1,7.321795380E1,6.740308111E1,-6.232570313E0,-3.426975955E1
3.833750963E1,7.893329856E-1,5.290678826E-1,-1.797391024E-1,-2.544299245E-1,7.575355682E1,6.793849566E1,-8.323422525E-1,-3.629271337E1
3.834753162E1,7.758236352E-1,5.408656811E-1,-1.473119810E-1,-2.895880880E-1,7.824046807E1,6.810750514E1,4.857640188E0,-3.765350278E1
3.835755363E1,7.611037008E-1,5.518164228E-1,-1.112838645E-1,-3.222356058E-1,8.087681088E1,6.811467880E1,1.073300860E1,-3.862691983E1
3.836757462E1,7.441038327E-1,5.609447137E-1,-7.539894182E-2,-3.549161246E-1,8.383563482E1,6.797747308E1,1.661668129E1,-3.975331034E1
3.837759663E1,7.247652254E-1,5.663803717E-1,-4.293244469E-2,-3.899812384E-1,8.710135828E1,6.745385246E1,2.230417347E1,-4.157261499E1
3.838761862E1,7.039119763E-1,5.667219930E-1,-1.457345298E-2,-4.279272262E-1,9.051657768E1,6.620976933E1,2.767881781E1,-4.434268255E1
3.839764063E1,6.824561537E-1,5.614662599E-1,9.906722110E-3,-4.678792776E-1,9.392825003E1,6.399624189E1,3.261005786E1,-4.815227447E1
3.840766262E1,6.613667136E-1,5.503908478E-1,3.017575269E-2,-5.086781013E-1,9.719162076E1,6.063752297E1,3.685972973E1,-5.307564610E1
3.841768363E1,6.420327425E-1,5.328486762E-1,4.668321918E-2,-5.492604061E-1,1.001128729E2,5.594595565E1,4.018739748E1,-5.910404947E1
3.842770562E1,6.252376369E-1,5.086066308E-1,6.036731044E-2,-5.888573782E-1,1.026007370E2,4.992039872E1,4.241388803E1,-6.609212260E1
3.843772763E1,6.111500113E-1,4.772309363E-1,7.155647686E-2,-6.273961608E-1,1.046545944E2,4.273064681E1,4.333707977E1,-7.383369570E1
3.844774962E1,5.997357933E-1,4.380676631E-1,8.037347113E-2,-6.647961026E-1,1.062980449E2,3.475512578E1,4.275439296E1,-8.192262995E1
3.845777163E1,5.901161439E-1,3.908933067E-1,8.640845729E-2,-7.010699248E-1,1.076694989E2,2.659554534E1,4.054681445E1,-8.984398807E1
3.846779262E1,5.814238569E-1,3.366530628E-1,8.994359797E-2,-7.352014595E-1,1.088984968E2,1.889950024E1,3.684170999E1,-9.697768563E1
3.847781463E1,5.736391232E-1,2.785315998E-1,9.181503395E-2,-7.648061224E-1,1.099912305E2,1.220635750E1,3.209892847E1,-1.027331463E2
3.848783662E1,5.672136360E-1,2.197851044E-1,9.242572598E-2,-7.883024320E-1,1.108876964E2,6.667769238E0,2.683126446E1,-1.069349903E2
3.849785863E1,5.628794437E-1,1.624796387E-1,9.286537819E-2,-8.050734006E-1,1.114896694E2,2.056078641E0,2.147899440E1,-1.096901685E2
3.850787962E1,5.607404069E-1,1.089009501E-1,9.461357942E-2,-8.153275602E-1,1.117859654E2,-1.921446324E0,1.648039255E1,-1.112418955E2
3.851790163E1,5.605603977E-1,6.120075779E-2,9.804212150E-2,-8.200086842E-1,1.118108763E2,-5.410203256E0,1.213919321E1,-1.118624455E2
3.852792362E1,5.630274424E-1,1.958281930E-2,1.025904843E-1,-8.198120060E-1,1.114691496E2,-8.498166683E0,8.489663054E0,-1.116711878E2
3.853794563E1,5.683465749E-1,-1.685008350E-2,1.077137261E-1,-8.155342378E-1,1.107299846E2,-1.128714875E1,5.448661566E0,-1.107934837E2
3.854796762E1,5.750297479E-1,-4.780363783E-2,1.142613628E-1,-8.087026235E-1,1.097965690E2,-1.389453734E1,3.100613830E0,-1.095482777E2
3.855798863E1,5.810740802E-1,-7.322623490E-2,1.236534324E-1,-8.010621902E-1,1.089477535E2,-1.645764967E1,1.511986089E0,-1.083059456E2
3.856801062E1,5.858610033E-1,-9.564926183E-2,1.355985052E-1,-7.932409468E-1,1.082723215E2,-1.909935450E1,4.089767679E-1,-1.071721579E2
3.857803263E1,5.904774635E-1,-1.171468612E-1,1.471449623E-1,-7.848321131E-1,1.076182044E2,-2.167443933E1,-5.792512353E-1,-1.059763290E2
3.858805462E1,5.965791892E-1,-1.372119642E-1,1.543949156E-1,-7.755182075E-1,1.067494180E2,-2.378794436E1,-1.639064238E0,-1.045150954E2
3.859807663E1,6.054966774E-1,-1.553434814E-1,1.546194257E-1,-7.650719689E-1,1.054708182E2,-2.516658482E1,-2.892074421E0,-1.026363983E2
3.860809762E1,6.179880708E-1,-1.731391654E-1,1.469559705E-1,-7.526735514E-1,1.036612777E2,-2.588588211E1,-4.531114906E0,-1.001822356E2
3.861811963E1,6.344165120E-1,-1.921131854E-1,1.296001367E-1,-7.374361802E-1,1.012465567E2,-2.597700752E1,-6.828708916E0,-9.701231433E1
3.862814162E1,6.533056652E-1,-2.104683802E-1,9.977162138E-2,-7.203751886E-1,9.841739793E1,-2.515997370E1,-9.954709682E0,-9.336364214E1
3.863816363E1,6.710135504E-1,-2.233257821E-1,5.962478834E-2,-7.044936107E-1,9.570932124E1,-2.324979301E1,-1.357070306E1,-8.998424650E1
3.864818462E1,6.826154451E-1,-2.272037453E-1,1.916599487E-2,-6.942963019E-1,9.390327446E1,-2.060037594E1,-1.681769465E1,-8.789436063E1
3.865820663E1,6.840492410E-1,-2.225361082E-1,-1.034151954E-2,-6.945842890E-1,9.367823771E1,-1.785123534E1,-1.886190959E1,-8.788694456E1
3.866822862E1,6.766855824E-1,-2.084730641E-1,-2.595497762E-2,-7.056641196E-1,9.482963493E1,-1.507109556E1,-1.922936678E1,-8.983440168E1
3.867825063E1,6.711304499E-1,-1.807698142E-1,-2.818785443E-2,-7.184090829E-1,9.569125293E1,-1.222379831E1,-1.731163844E1,-9.202965162E1
3.868827262E1,6.765856799E-1,-1.385298896E-1,-2.084396101E-2,-7.229154292E-1,9.484518254E1,-9.299360623E0,-1.320855528E1,-9.271308828E1
3.869829363E1,6.939732213E-1,-8.244278919E-2,-4.506528069E-3,-7.152509972E-1,9.210909483E1,-6.247414696E0,-7.133946726E0,-9.134025144E1
3.870831588E1,7.163825334E-1,-1.366831780E-2,2.244229331E-2,-6.972127347E-1,8.848676469E1,-2.916580776E0,7.503144565E-1,-8.846521844E1
3.871833787E1,7.363619624E-1,5.949733001E-2,5.389488839E-2,-6.718083319E-1,8.515514845E1,8.827242385E-1,9.167074525E0,-8.467977512E1
3.872835988E1,7.530136765E-1,1.249821618E-1,8.311042162E-2,-6.406578491E-1,8.229577884E1,4.892153680E0,1.657727052E1,-8.006860343E1
3.873838187E1,7.665653950E-1,1.781940859E-1,1.037605967E-1,-6.081596049E-1,7.990708353E1,9.126605052E0,2.207496923E1,-7.507004709E1
3.874840288E1,7.702463322E-1,2.273223096E-1,1.237172743E-1,-5.828715800E-1,7.924797115E1,1.337787441E1,2.710257926E1,-7.099378977E1
3.875842487E1,7.664214952E-1,2.737114492E-1,1.463020003E-1,-5.623840075E-1,7.993275835E1,1.752856818E1,3.214879872E1,-6.745357338E1
3.876844688E1,7.632115596E-1,3.191678948E-1,1.580105897E-1,-5.391406422E-1,8.050370840E1,2.300048914E1,3.582728054E1,-6.294992284E1
3.877846887E1,7.619017514E-1,3.586269018E-1,1.540340873E-1,-5.168810055E-1,8.073571971E1,2.911458857E1,3.726141398E1,-5.829983640E1
3.878849088E1,7.615985997E-1,3.866420911E-1,1.387370045E-1,-5.012260117E-1,8.078933940E1,3.417673933E1,3.679215552E1,-5.502433244E1
3.879851187E1,7.604584221E-1,4.072946791E-1,1.172738062E-1,-4.919968844E-1,8.099074391E1,3.819287668E1,3.539001663E1,-5.319731574E1
3.880853388E1,7.580624475E-1,4.244889074E-1,9.376117521E-2,-4.861679858E-1,8.141263201E1,4.160728325E1,3.370379192E1,-5.221646931E1
3.881855587E1,7.549228023E-1,4.388349044E-1,6.960389766E-2,-4.823595544E-1,8.196275027E1,4.453548566E1,3.190035243E1,-5.180344172E1
3.882857788E1,7.508850604E-1,4.514729952E-1,4.837876583E-2,-4.795865342E-1,8.266579436E1,4.706401634E1,3.037746721E1,-5.164740031E1
3.883859987E1,7.445386934E-1,4.657182085E-1,3.486981579E-2,-4.770249962E-1,8.376101705E1,4.950513568E1,2.975170290E1,-5.133070944E1
3.884862088E1,7.334596567E-1,4.865711204E-1,4.599839612E-2,-4.724083779E-1,8.564556228E1,5.207602189E1,3.181622746E1,-4.971559615E1
3.885864287E1,7.219788973E-1,5.017330277E-1,6.777322822E-2,-4.716114232E-1,8.756379106E1,5.358103416E1,3.482750771E1,-4.830861599E1
3.886866488E1,7.138397402E-1,5.161534876E-1,8.915103702E-2,-4.648337990E-1,8.890361562E1,5.539427045E1,3.738229147E1,-4.600138985E1
3.887868687E1,7.063711922E-1,5.258483165E-1,1.018163336E-1,-4.627706686E-1,9.011914537E1,5.669083171E1,3.908957566E1,-4.477775807E1
3.888870888E1,7.014779010E-1,5.216136119E-1,9.895072721E-2,-4.754543834E-1,9.090860641E1,5.562396097E1,3.940741063E1,-4.686228671E1
3.889872987E1,7.014363758E-1,5.030418559E-1,9.023855215E-2,-4.967825959E-1,9.091528294E1,5.221407462E1,3.878487683E1,-5.104058661E1
3.890875188E1,7.060799154E-1,4.790503525E-1,7.611510107E-2,-5.159150208E-1,9.016629013E1,4.847817940E1,3.699786285E1,-5.517627945E1
3.891877387E1,7.135991766E-1,4.593632434E-1,6.567176528E-2,-5.248321033E-1,8.894297216E1,4.585856391E1,3.516294974E1,-5.739813046E1
3.892879588E1,7.210430476E-1,4.447214915E-1,5.745656479E-2,-5.282219954E-1,8.771867270E1,4.416303668E1,3.355111255E1,-5.850694853E1
3.893881687E1,7.249351826E-1,4.346407450E-1,4.579809322E-2,-5.324086526E-1,8.707308789E1,4.325337792E1,3.195238259E1,-5.963730404E1
3.894883888E1,7.253304252E-1,4.288277253E-1,3.247808751E-2,-5.375386932E-1,8.700731549E1,4.297984468E1,3.053986098E1,-6.081425987E1
3.895886087E1,7.248442929E-1,4.257224297E-1,2.184372113E-2,-5.411876093E-1,8.708820724E1,4.299585714E1,2.950226729E1,-6.165052868E1
3.896888287E1,7.253339550E-1,4.250553084E-1,1.572933030E-2,-5.412681098E-1,8.700672791E1,4.321494491E1,2.887862867E1,-6.181660926E1
3.897890487E1,7.268052804E-1,4.277943477E-1,1.325653256E-2,-5.371874730E-1,8.676153243E1,4.379868829E1,2.861236766E1,-6.123082813E1
3.898892588E1,7.290664167E-1,4.341174287E-1,1.220458936E-2,-5.290135553E-1,8.638362906E1,4.487561833E1,2.849642475E1,-5.995723591E1
3.899894787E1,7.324415785E-1,4.420928558E-1,9.906174201E-3,-5.176728078E-1,8.581705475E1,4.630756802E1,2.817916699E1,-5.825084669E1
3.900896987E1,7.371706235E-1,4.488586894E-1,4.172559076E-3,-5.050623864E-1,8.501809884E1,4.776265211E1,2.735839991E1,-5.653196880E1
3.901899187E1,7.428597104E-1,4.529020262E-1,-5.264900022E-3,-4.929620894E-1,8.404881566E1,4.898741746E1,2.602127745E1,-5.511763357E1
3.902901387E1,7.483335324E-1,4.553290103E-1,-1.648991233E-2,-4.820794781E-1,8.310754241E1,5.001735205E1,2.447710748E1,-5.402367406E1
3.903903487E1,7.525487757E-1,4.578173813E-1,-2.703136598E-2,-4.725915798E-1,8.237670862E1,5.096777363E1,2.308127189E1,-5.313919335E1
3.904905687E1,7.549033410E-1,4.614756224E-1,-3.481755370E-2,-4.647032175E-1,8.196615073E1,5.190147849E1,2.210657828E1,-5.236981248E1
3.905907887E1,7.549498711E-1,4.680461897E-1,-3.795079257E-2,-4.577589342E-1,8.195802038E1,5.298697671E1,2.178981362E1,-5.150032574E1
3.906910087E1,7.526439643E-1,4.779087840E-1,-3.662360938E-2,-4.514298789E-1,8.236014353E1,5.430858266E1,2.210811779E1,-5.046562566E1
3.907912288E1,7.488673433E-1,4.891865642E-1,-3.286099163E-2,-4.458861459E-1,8.301528259E1,5.572831519E1,2.276957308E1,-4.938749664E1
3.908914387E1,7.444753045E-1,5.000728423E-1,-2.851586228E-2,-4.414415078E-1,8.377189733E1,5.708699068E1,2.351862214E1,-4.841183841E1
3.909916587E1,7.399261107E-1,5.100128815E-1,-2.433367265E-2,-4.379544778E-1,8.454975657E1,5.833815221E1,2.424973344E1,-4.756570724E1
3.910918787E1,7.361090919E-1,5.180731712E-1,-2.111015523E-2,-4.350838875E-1,8.519796764E1,5.937956698E1,2.481765760E1,-4.687055129E1
3.911920988E1,7.338729381E-1,5.227085448E-1,-2.136735638E-2,-4.333010864E-1,8.557586709E1,6.005457908E1,2.493681312E1,-4.655175322E1
3.912923187E1,7.329647262E-1,5.241228456E-1,-2.736752924E-2,-4.327920684E-1,8.572896649E1,6.044569907E1,2.442825985E1,-4.674664615E1
3.913925288E1,7.315582437E-1,5.230416525E-1,-4.041665716E-2,-4.354497222E-1,8.596562665E1,6.067903608E1,2.335221918E1,-4.773230513E1
3.914927487E1,7.292672991E-1,5.192825329E-1,-5.843043095E-2,-4.417021334E-1,8.634999145E1,6.070709588E1,2.193247401E1,-4.945724771E1
3.915929688E1,7.263638027E-1,5.138108394E-1,-7.762176661E-2,-4.498542611E-1,8.683516263E1,6.059971488E1,2.045775766E1,-5.150317986E1
3.916931887E1,7.227865573E-1,5.086660789E-1,-9.564424372E-2,-4.579198087E-1,8.742994880E1,6.057164379E1,1.912291513E1,-5.347555320E1
3.917933988E1,7.187961359E-1,5.053644002E-1,-1.109377545E-1,-4.643615752E-1,8.808964715E1,6.074813662E1,1.805081529E1,-5.508998718E1
3.918936187E1,7.148714740E-1,5.047057082E-1,-1.220715821E-1,-4.683261080E-1,8.873466604E1,6.113790210E1,1.734968723E1,-5.616005768E1
3.919938388E1,7.114494028E-1,5.067899541E-1,-1.279840263E-1,-4.697059958E-1,8.929406917E1,6.167082058E1,1.709615851E1,-5.661175687E1
3.920940587E1,7.086621158E-1,5.113239856E-1,-1.286988790E-1,-4.688094796E-1,8.974766922E1,6.229292954E1,1.727864642E1,-5.647987676E1
3.921942788E1,7.064538527E-1,5.174795961E-1,-1.256693846E-1,-4.662028867E-1,9.010576279E1,6.296780659E1,1.775465774E1,-5.591541614E1
3.922944887E1,7.047202580E-1,5.238996991E-1,-1.212458622E-1,-4.628151336E-1,9.038610290E1,6.363251116E1,1.830338747E1,-5.517325909E1
3.923947088E1,7.033183906E-1,5.292503047E-1,-1.177835618E-1,-4.597437873E-1,9.061230202E1,6.421087535E1,1.872101507E1,-5.453373738E1
3.924949287E1,7.019124561E-1,5.327268507E-1,-1.168131938E-1,-4.581218923E-1,9.083871458E1,6.464461596E1,1.891241400E1,-5.423141677E1
3.925951488E1,7.000042680E-1,5.339658206E-1,-1.190305184E-1,-4.590273225E-1,9.114530715E1,6.489701348E1,1.887872278E1,-5.444144399E1
3.926953687E1,6.974422559E-1,5.330557647E-1,-1.241488106E-1,-4.626152732E-1,9.155569130E1,6.496762946E1,1.866451077E1,-5.516689709E1
3.927955788E1,6.943097863E-1,5.304332614E-1,-1.314061186E-1,-4.683020105E-1,9.205551683E1,6.489679755E1,1.832054128E1,-5.629053856E1
3.928957987E1,6.909226653E-1,5.266354299E-1,-1.397369701E-1,-4.751362379E-1,9.259361946E1,6.472760246E1,1.789973847E1,-5.763224314E1
3.929960188E1,6.875298019E-1,5.223218686E-1,-1.481172387E-1,-4.822279931E-1,9.313022407E1,6.451246945E1,1.746279386E1,-5.901864412E1
3.930962387E1,6.840844129E-1,5.181679384E-1,-1.559191472E-1,-4.891008480E-1,9.367271222E1,6.431139838E1,1.707055182E1,-6.034770736E1
3.931964588E1,6.805012564E-1,5.146634912E-1,-1.626851283E-1,-4.955534462E-1,9.423434917E1,6.415961077E1,1.677844725E1,-6.156294271E1
3.932966687E1,6.768932122E-1,5.120489746E-1,-1.680080856E-1,-5.013929132E-1,9.479731574E1,6.405974441E1,1.662033012E1,-6.261456964E1
3.933968888E1,6.735234031E-1,5.105316459E-1,-1.716294271E-1,-5.062281682E-1,9.532082262E1,6.401982938E1,1.660058358E1,-6.343633971E1
3.934971087E1,6.706574332E-1,5.100896309E-1,-1.736072312E-1,-5.097917528E-1,9.576434778E1,6.403742253E1,1.669141584E1,-6.399699171E1
3.935973288E1,6.682083641E-1,5.105106041E-1,-1.745304474E-1,-5.122650984E-1,9.614212872E1,6.411483053E1,1.684527152E1,-6.435339784E1
3.936975487E1,6.659107340E-1,5.113085810E-1,-1.751550110E-1,-5.142443513E-1,9.649553519E1,6.422759635E1,1.701367224E1,-6.462758071E1
3.937977588E1,6.636360001E-1,5.120421469E-1,-1.758312993E-1,-5.162202640E-1,9.684446412E1,6.433530343E1,1.717415449E1,-6.490563296E1
3.938979787E1,6.613300933E-1,5.125465814E-1,-1.764980414E-1,-5.184466819E-1,9.719721535E1,6.441092691E1,1.733807122E1,-6.521788302E1
3.939981988E1,6.589731098E-1,5.127594125E-1,-1.771002461E-1,-5.210256949E-1,9.755679348E1,6.444214280E1,1.751245178E1,-6.557507611E1
3.940984187E1,6.566461454E-1,5.123617886E-1,-1.779582822E-1,-5.240535614E-1,9.791082482E1,6.440667277E1,1.765584487E1,-6.601185342E1
3.941986288E1,6.542497336E-1,5.110553416E-1,-1.798793988E-1,-5.276580705E-1,9.827442953E1,6.431399549E1,1.769517616E1,-6.659455525E1
3.942988487E1,6.516088279E-1,5.087874092E-1,-1.833549227E-1,-5.319043497E-1,9.867397859E1,6.418898478E1,1.759586504E1,-6.736077478E1
3.943990688E1,6.487541691E-1,5.053945562E-1,-1.883173664E-1,-5.368714085E-1,9.910452542E1,6.401231694E1,1.735675163E1,-6.831933574E1
3.944992887E1,6.457679437E-1,5.008637384E-1,-1.943850269E-1,-5.425252765E-1,9.955344461E1,6.376723421E1,1.700212895E1,-6.944495399E1
3.945995088E1,6.426485238E-1,4.953435655E-1,-2.009926729E-1,-5.488530832E-1,1.000208041E2,6.344424550E1,1.658314243E1,-7.070270634E1
3.946997187E1,6.395654528E-1,4.893082527E-1,-2.072261180E-1,-5.555094482E-1,1.004811519E2,6.305029102E1,1.617436230E1,-7.199074283E1
3.947999388E1,6.366296798E-1,4.836036240E-1,-2.123388784E-1,-5.619095236E-1,1.009180803E2,6.264181505E1,1.585003947E1,-7.318151898E1
3.949001587E1,6.339954149E-1,4.789043031E-1,-2.158342746E-1,-5.675526520E-1,1.013089679E2,6.226333145E1,1.566015704E1,-7.417365432E1
3.950003788E1,6.316391901E-1,4.753512290E-1,-2.180775090E-1,-5.722894995E-1,1.016576744E2,6.194976841E1,1.558004963E1,-7.496644655E1
3.951005987E1,6.294177192E-1,4.728101638E-1,-2.195829839E-1,-5.762528152E-1,1.019856481E2,6.171433208E1,1.557488092E1,-7.560774333E1
3.952008088E1,6.273854456E-1,4.710902458E-1,-2.205612860E-1,-5.794947034E-1,1.022850244E2,6.154643301E1,1.561873350E1,-7.611717759E1
3.953010287E1,6.255795941E-1,4.701491488E-1,-2.211317015E-1,-5.819885601E-1,1.025505185E2,6.144848600E1,1.569830059E1,-7.649740597E1
3.954012488E1,6.239477261E-1,4.699910876E-1,-2.212521677E-1,-5.838195298E-1,1.027900101E2,6.141627800E1,1.582382739E1,-7.675674984E1
3.955014687E1,6.224025844E-1,4.701655018E-1,-2.213075803E-1,-5.853053287E-1,1.030164061E2,6.142138092E1,1.595581221E1,-7.696350513E1
3.956016888E1,6.210329554E-1,4.703496519E-1,-2.214593406E-1,-5.865534062E-1,1.032167887E2,6.143717830E1,1.606354448E1,-7.714352655E1
3.957018987E1,6.197481179E-1,4.708643281E-1,-2.216644903E-1,-5.874214114E-1,1.034045139E2,6.149902839E1,1.616707783E1,-7.727249603E1
3.958021188E1,6.182002394E-1,4.715355589E-1,-2.225005152E-1,-5.881974126E-1,1.036303496E2,6.162425129E1,1.623706381E1,-7.742491775E1
3.959023387E1,6.164183114E-1,4.717021443E-1,-2.243655344E-1,-5.892247433E-1,1.038899005E2,6.176171894E1,1.621670663E1,-7.767592458E1
3.960025588E1,6.145390388E-1,4.714654160E-1,-2.272995345E-1,-5.902518067E-1,1.041631327E2,6.192999426E1,1.609302876E1,-7.799322088E1
3.961027687E1,6.124516417E-1,4.709562504E-1,-2.312000041E-1,-5.913118322E-1,1.044660310E2,6.213771236E1,1.588851091E1,-7.837580864E1
3.962029888E1,6.105502887E-1,4.703243954E-1,-2.356383096E-1,-5.920286902E-1,1.047413939E2,6.237718282E1,1.561387138E1,-7.874622509E1
3.963032087E1,6.089156943E-1,4.702525245E-1,-2.404060559E-1,-5.918524031E-1,1.049777163E2,6.271736145E1,1.529958909E1,-7.901302729E1
3.964034288E1,6.075041410E-1,4.708963808E-1,-2.451603679E-1,-5.908399225E-1,1.051814918E2,6.314932294E1,1.498563627E1,-7.916373569E1
3.965036487E1,6.065583512E-1,4.719912927E-1,-2.498724488E-1,-5.889609462E-1,1.053178736E2,6.364043416E1,1.464589529E1,-7.919488785E1
3.966038588E1,6.059327596E-1,4.738153135E-1,-2.547679001E-1,-5.860356658E-1,1.054080151E2,6.423973287E1,1.427646240E1,-7.909666393E1
3.967040787E1,6.056841150E-1,4.761876542E-1,-2.597254021E-1,-5.821809776E-1,1.054438273E2,6.491582627E1,1.387660664E1,-7.888117742E1
3.968042988E1,6.059027017E-1,4.786938850E-1,-2.650494657E-1,-5.774796520E-1,1.054123448E2,6.564283562E1,1.339621151E1,-7.858481274E1
3.969045187E1,6.067054451E-1,4.814636389E-1,-2.705759818E-1,-5.717428614E-1,1.052966709E2,6.642407713E1,1.283986648E1,-7.817509338E1
3.970047388E1,6.081181376E-1,4.848056522E-1,-2.758132967E-1,-5.648740907E-1,1.050928878E2,6.725753525E1,1.225448500E1,-7.760923779E1
3.971049487E1,6.103873160E-1,4.886180243E-1,-2.805938241E-1,-5.567286301E-1,1.047649726E2,6.811873143E1,1.162547627E1,-7.686162138E1
3.972051688E1,6.137624831E-1,4.922615877E-1,-2.850055349E-1,-5.474905836E-1,1.042758899E2,6.893729357E1,1.090410282E1,-7.597006350E1
3.973053887E1,6.182518442E-1,4.953797380E-1,-2.890449310E-1,-5.374167650E-1,1.036228261E2,6.966743571E1,1.008131345E1,-7.497291721E1
3.974056088E1,6.237634640E-1,4.975566438E-1,-2.930270285E-1,-5.267749465E-1,1.028170271E2,7.028035488E1,9.128060959E0,-7.393117603E1
3.975058287E1,6.301139246E-1,4.984512844E-1,-2.974667459E-1,-5.157677649E-1,1.018829436E2,7.077186649E1,8.007014374E0,-7.291086329E1
3.976060388E1,6.372485484E-1,4.982862690E-1,-3.022034300E-1,-5.042798775E-1,1.008260894E2,7.115547918E1,6.741731452E0,-7.188655181E1
3.977062587E1,6.451066175E-1,4.977907274E-1,-3.067310763E-1,-4.918921179E-1,9.965266049E1,7.147934730E1,5.392050092E0,-7.076922392E1
3.978064788E1,6.537013346E-1,4.975311134E-1,-3.103443151E-1,-4.783554300E-1,9.835749707E1,7.175555091E1,4.028256532E0,-6.947652829E1
3.979066987E1,6.627609735E-1,4.975751463E-1,-3.129572195E-1,-4.639229951E-1,9.697843638E1,7.198336988E1,2.684799303E0,-6.803271649E1
3.980069188E1,6.719832835E-1,4.989968122E-1,-3.140292983E-1,-4.481364820E-1,9.555935854E1,7.224951802E1,1.443575153E0,-6.634390990E1
3.981071287E1,6.814265378E-1,5.018678028E-1,-3.120272914E-1,-4.317702707E-1,9.408956288E1,7.244955694E1,4.661544590E-1,-6.437742058E1
3.982073488E1,6.911866732E-1,5.055313122E-1,-3.060619740E-1,-4.159628212E-1,9.255176422E1,7.245052042E1,-1.448125705E-1,-6.218595223E1
3.983075687E1,7.008878556E-1,5.096789625E-1,-2.975481631E-1,-4.005605188E-1,9.100343949E1,7.233827602E1,-5.031349488E-1,-5.986414352E1
3.984077888E1,7.104556749E-1,5.128282383E-1,-2.896297185E-1,-3.851941361E-1,8.945599521E1,7.216450129E1,-9.432052661E-1,-5.761859254E1
3.985079987E1,7.191755102E-1,5.135398246E-1,-2.861087076E-1,-3.704120668E-1,8.802709816E1,7.200182906E1,-1.781157495E0,-5.579572690E1
3.986082188E1,7.248385293E-1,5.114362859E-1,-2.904356611E-1,-3.587328379E-1,8.708916593E1,7.202439456E1,-3.101211945E0,-5.491735192E1
3.987084387E1,7.252864660E-1,5.064667299E-1,-3.041827198E-1,-3.534456000E-1,8.701463271E1,7.236334096E1,-4.773810529E0,-5.545416539E1
3.988086588E1,7.205151056E-1,4.999097708E-1,-3.245809568E-1,-3.543944942E-1,8.780595020E1,7.306094925E1,-6.511372544E0,-5.720757185E1
3.989088787E1,7.120111149E-1,4.945354049E-1,-3.459591554E-1,-3.588694147E-1,8.920243673E1,7.409129431E1,-7.915139364E0,-5.947670833E1
3.990090888E1,7.017641518E-1,4.927465610E-1,-3.634401140E-1,-3.641966605E-1,9.086257186E1,7.533696348E1,-8.695615874E0,-6.157449533E1
3.991093087E1,6.914878651E-1,4.950289182E-1,-3.749577308E-1,-3.690495751E-1,9.250399604E1,7.661828833E1,-8.811084540E0,-6.314401914E1
3.992095287E1,6.821454261E-1,5.005081560E-1,-3.807351576E-1,-3.731084009E-1,9.397695492E1,7.779984533E1,-8.392057830E0,-6.412980714E1
3.993097487E1,6.738258700E-1,5.085850516E-1,-3.817818746E-1,-3.762215568E-1,9.527392298E1,7.888080239E1,-7.575220192E0,-6.458667837E1
3.994099687E1,6.660743375E-1,5.190264486E-1,-3.792355938E-1,-3.783344310E-1,9.647040298E1,7.993925611E1,-6.457549339E0,-6.460810022E1
3.995101787E1,6.580665522E-1,5.313748009E-1,-3.743561689E-1,-3.800614929E-1,9.769483352E1,8.104775484E1,-5.094135479E0,-6.437178152E1
3.996103987E1,6.489259649E-1,5.451614881E-1,-3.682303457E-1,-3.822309071E-1,9.907865380E1,8.226088034E1,-3.506014978E0,-6.405994264E1
3.997106187E1,6.381213569E-1,5.599781495E-1,-3.615200406E-1,-3.853943758E-1,1.006962479E2,8.359792826E1,-1.705515139E0,-6.378475511E1
3.998108387E1,6.254420781E-1,5.751896847E-1,-3.548956729E-1,-3.899078713E-1,1.025707157E2,8.504273505E1,2.640540769E-1,-6.363764790E1
3.999110487E1,6.107980924E-1,5.904080582E-1,-3.491293202E-1,-3.955410294E-1,1.047055347E2,8.661168803E1,2.324908661E0,-6.366125992E1
4.000112687E1,5.943977421E-1,6.056312576E-1,-3.443436193E-1,-4.016586444E-1,1.070605792E2,8.831732239E1,4.425336360E0,-6.379961677E1
4.001114887E1,5.765462179E-1,6.207676028E-1,-3.401540751E-1,-4.080898057E-1,1.095840263E2,9.012194862E1,6.570678477E0,-6.399845131E1
4.002117087E1,5.574720399E-1,6.356095944E-1,-3.360562423E-1,-4.150803136E-1,1.122376958E2,9.196391421E1,8.799321967E0,-6.423602271E1
4.003119288E1,5.374000406E-1,6.499282170E-1,-3.318164485E-1,-4.227201728E-1,1.149863538E2,9.379928149E1,1.111852268E1,-6.450126554E1
4.004121387E1,5.167787203E-1,6.636352783E-1,-3.272986646E-1,-4.305851593E-1,1.177671572E2,9.561068419E1,1.348678198E1,-6.474098167E1
4.005123587E1,4.958890458E-1,6.765640980E-1,-3.225685870E-1,-4.385254675E-1,1.205432158E2,9.738154631E1,1.587054220E1,-6.494866344E1
4.006125787E1,4.750393028E-1,6.888796601E-1,-3.172266425E-1,-4.462620615E-1,1.232761819E2,9.911150459E1,1.826735564E1,-6.505892056E1
4.007127988E1,4.541111657E-1,7.008793104E-1,-3.110859099E-1,-4.536264155E-1,1.259844807E2,1.008447815E2,2.069171462E1,-6.503108866E1
4.008130187E1,4.330846939E-1,7.127343759E-1,-3.040538768E-1,-4.604331307E-1,1.286730351E2,1.026181498E2,2.313948297E1,-6.482896094E1
4.009132287E1,4.120559901E-1,7.240760507E-1,-2.964291326E-1,-4.669621385E-1,1.313318910E2,1.044012360E2,2.559082966E1,-6.450890019E1
4.010134487E1,3.911938533E-1,7.344395814E-1,-2.887224549E-1,-4.735031134E-1,1.339423903E2,1.061468006E2,2.801001936E1,-6.415546018E1
4.011136688E1,3.706483684E-1,7.436946290E-1,-2.813964687E-1,-4.799522476E-1,1.364887812E2,1.078508741E2,3.034977739E1,-6.380568306E1
4.012138887E1,3.504810855E-1,7.518445440E-1,-2.747684763E-1,-4.862048327E-1,1.389665135E2,1.095188541E2,3.258148999E1,-6.348205163E1
4.013141088E1,3.307808741E-1,7.589493015E-1,-2.688333782E-1,-4.922484537E-1,1.413676436E2,1.111444599E2,3.470375203E1,-6.318667153E1
4.014143187E1,3.118470188E-1,7.651974875E-1,-2.631158210E-1,-4.979902611E-1,1.436588485E2,1.127168369E2,3.672808059E1,-6.286464553E1
4.015145388E1,2.938611251E-1,7.708232277E-1,-2.572167163E-1,-5.033058849E-1,1.458214840E2,1.142465802E2,3.866367508E1,-6.245864200E1
4.016147587E1,2.767470285E-1,7.759629727E-1,-2.510119205E-1,-5.082179631E-1,1.478676945E2,1.157517303E2,4.052524576E1,-6.195214256E1
4.017149788E1,2.602968291E-1,7.805384135E-1,-2.446793776E-1,-5.129692932E-1,1.498246487E2,1.172258126E2,4.233048464E1,-6.139072832E1
4.018151887E1,2.444122719E-1,7.843945340E-1,-2.385188359E-1,-5.177804403E-1,1.517057930E2,1.186426699E2,4.408258042E1,-6.083870542E1
4.019154088E1,2.291751852E-1,7.873906481E-1,-2.327919432E-1,-5.227835135E-1,1.535029673E2,1.199615330E2,4.577196737E1,-6.035479662E1
4.020156287E1,2.147083953E-1,7.894552747E-1,-2.277069049E-1,-5.280249483E-1,1.552031599E2,1.211448052E2,4.738526544E1,-5.998575569E1
4.021158488E1,2.011762119E-1,7.906416663E-1,-2.232950992E-1,-5.334352655E-1,1.567885017E2,1.221706158E2,4.890920283E1,-5.974347339E1
4.022160687E1,1.885877174E-1,7.908886258E-1,-2.196165434E-1,-5.391645290E-1,1.582592471E2,1.229969701E2,5.035426795E1,-5.967584694E1
4.023162788E1,1.769179505E-1,7.899222196E-1,-2.168070977E-1,-5.456350607E-1,1.596194193E2,1.235283285E2,5.174883862E1,-5.989316719E1
4.024164987E1,1.662404046E-1,7.873509879E-1,-2.150821325E-1,-5.533373761E-1,1.608614007E2,1.236233847E2,5.311394588E1,-6.054938323E1
4.025167188E1,1.566596884E-1,7.827787503E-1,-2.146098139E-1,-5.627236268E-1,1.619738691E2,1.231218274E2,5.446245138E1,-6.181054036E1
4.026169387E1,1.480975561E-1,7.758443293E-1,-2.156738532E-1,-5.741233378E-1,1.629666136E2,1.218752572E2,5.578966076E1,-6.385617315E1
4.027171588E1,1.404465966E-1,7.663718672E-1,-2.181664600E-1,-5.876669326E-1,1.638526206E2,1.197732066E2,5.708328160E1,-6.679699504E1
4.028173687E1,1.335346399E-1,7.544438666E-1,-2.217958305E-1,-6.031497038E-1,1.646522125E2,1.167832814E2,5.830427747E1,-7.065618727E1
4.029175888E1,1.273314667E-1,7.403456404E-1,-2.261540043E-1,-6.201044537E-1,1.653691699E2,1.129408466E2,5.938291700E1,-7.536847218E1
4.030178087E1,1.219179990E-1,7.244224978E-1,-2.308869057E-1,-6.379963388E-1,1.659943826E2,1.083375071E2,6.023389068E1,-8.080828957E1
4.031180288E1,1.173036356E-1,7.069931744E-1,-2.359412401E-1,-6.563019374E-1,1.665269737E2,1.031397929E2,6.076788041E1,-8.680721212E1
4.032182387E1,1.135616066E-1,6.883335633E-1,-2.414673030E-1,-6.745326199E-1,1.669586647E2,9.758766209E1,6.089903761E1,-9.313541693E1
4.033184588E1,1.107107305E-1,6.685352920E-1,-2.477051630E-1,-6.924203114E-1,1.672874246E2,9.193547961E1,6.057127523E1,-9.956064563E1
4.034186787E1,1.087778971E-1,6.476527719E-1,-2.546260338E-1,-7.098443033E-1,1.675102570E2,8.642099067E1,5.977666821E1,-1.058435878E2
4.035188988E1,1.075162944E-1,6.257132088E-1,-2.621653674E-1,-7.267686021E-1,1.676556790E2,8.123439864E1,5.855302274E1,-1.118118838E2
4.036191187E1,1.066578053E-1,6.028423901E-1,-2.702411251E-1,-7.430847008E-1,1.677546235E2,7.651971394E1,5.695885770E1,-1.173397064E2
4.037193288E1,1.060131060E-1,5.791754279E-1,-2.788001280E-1,-7.586748412E-1,1.678289219E2,7.235206752E1,5.505464548E1,-1.223662672E2
4.038195487E1,1.053810508E-1,5.547725712E-1,-2.878332934E-1,-7.734818088E-1,1.679017581E2,6.873813760E1,5.289664763E1,-1.269045238E2
4.039197688E1,1.045471543E-1,5.296440090E-1,-2.972949448E-1,-7.875042128E-1,1.679978464E2,6.563731548E1,5.053663147E1,-1.310135155E2
4.040199887E1,1.034304104E-1,5.039602252E-1,-3.070241233E-1,-8.006637444E-1,1.681265134E2,6.300790214E1,4.802991606E1,-1.347316561E2
4.041202088E1,1.020345278E-1,4.780552074E-1,-3.168860275E-1,-8.127948507E-1,1.682873206E2,6.082309241E1,4.543501270E1,-1.380764940E2
4.042204187E1,1.002997635E-1,4.522965814E-1,-3.269022155E-1,-8.237127389E-1,1.684871351E2,5.906577851E1,4.280836990E1,-1.410742034E2
4.043206388E1,9.836990149E-2,4.270566040E-1,-3.370827025E-1,-8.332593795E-1,1.687093802E2,5.771555594E1,4.019419184E1,-1.437347891E2
4.044208587E1,9.633724328E-2,4.025954635E-1,-3.474807884E-1,-8.413638812E-1,1.689434175E2,5.674185534E1,3.762623514E1,-1.460862394E2
4.045210788E1,9.441631636E-2,3.791662813E-1,-3.580712818E-1,-8.479996918E-1,1.691645476E2,5.610917505E1,3.513116864E1,-1.481420116E2
4.046212887E1,9.274738546E-2,3.570221855E-1,-3.688501428E-1,-8.531604891E-1,1.693566360E2,5.578656370E1,3.273638972E1,-1.499175181E2
4.047215088E1,9.135632872E-2,3.363848350E-1,-3.798480033E-1,-8.568633848E-1,1.695167190E2,5.574704972E1,3.046877106E1,-1.514361338E2
4.048217287E1,9.032330946E-2,3.174891937E-1,-3.910232692E-1,-8.591526330E-1,1.696355858E2,5.596129815E1,2.835325083E1,-1.527098218E2
4.049219488E1,8.973717324E-2,3.004978893E-1,-4.023330941E-1,-8.601025808E-1,1.697030259E2,5.640005534E1,2.640475743E1,-1.537485813E2
4.050221687E1,8.963307053E-2,2.855227979E-1,-4.138105028E-1,-8.597694521E-1,1.697150035E2,5.704541062E1,2.463179871E1,-1.545631480E2
4.051223788E1,9.019657389E-2,2.726849311E-1,-4.254993623E-1,-8.581711593E-1,1.696501681E2,5.788885209E1,2.303314202E1,-1.551416922E2
4.052225987E1,9.158645051E-2,2.620750731E-1,-4.374207880E-1,-8.553312625E-1,1.694902380E2,5.892058148E1,2.160454903E1,-1.554737325E2
4.053228188E1,9.379064640E-2,2.536530211E-1,-4.494750976E-1,-8.513727462E-1,1.692365637E2,6.010987769E1,2.034018830E1,-1.555746596E2
4.054230387E1,9.680157511E-2,2.473592849E-1,-4.614728196E-1,-8.464547569E-1,1.688899591E2,6.141806917E1,1.923322946E1,-1.554581029E2
4.055232488E1,1.006852386E-1,2.432062504E-1,-4.732516521E-1,-8.406819031E-1,1.684427382E2,6.281828900E1,1.827748084E1,-1.551206213E2
4.056234687E1,1.054808335E-1,2.411813472E-1,-4.848013216E-1,-8.340701162E-1,1.678902597E2,6.430527346E1,1.746059507E1,-1.545577288E2
4.057236888E1,1.111418717E-1,2.411530877E-1,-4.961176029E-1,-8.266559377E-1,1.672377127E2,6.587067759E1,1.676353011E1,-1.537806966E2
4.058239087E1,1.175319240E-1,2.428231987E-1,-5.070554687E-1,-8.186073226E-1,1.665006316E2,6.748030015E1,1.616254486E1,-1.528239366E2
4.059241288E1,1.246814625E-1,2.459543619E-1,-5.173970515E-1,-8.100995598E-1,1.656752780E2,6.909540219E1,1.563305239E1,-1.517019930E2
4.060243387E1,1.327898840E-1,2.503682222E-1,-5.269672626E-1,-8.012416830E-1,1.647383221E2,7.068696326E1,1.514478391E1,-1.504082914E2
4.061245588E1,1.420436460E-1,2.557973263E-1,-5.357334699E-1,-7.920739006E-1,1.636677589E2,7.223937535E1,1.465663012E1,-1.489434721E2
4.062247787E1,1.527307381E-1,2.619835459E-1,-5.437371670E-1,-7.825521688E-1,1.624295797E2,7.374670120E1,1.411924851E1,-1.472985862E2
4.063249988E1,1.649459906E-1,2.685487605E-1,-5.510745961E-1,-7.726520427E-1,1.610118061E2,7.520039301E1,1.348521308E1,-1.454941364E2
4.064252187E1,1.786964632E-1,2.752729425E-1,-5.576480821E-1,-7.624440971E-1,1.594123166E2,7.657216596E1,1.273611002E1,-1.435500150E2
4.065254288E1,1.938450942E-1,2.822850612E-1,-5.631201128E-1,-7.520871412E-1,1.576454698E2,7.782142541E1,1.190501236E1,-1.414721206E2
4.066256487E1,2.095372299E-1,2.891786524E-1,-5.674829332E-1,-7.419116908E-1,1.558095318E2,7.891723700E1,1.102705179E1,-1.393719171E2
4.067258688E1,2.248341335E-1,2.954013290E-1,-5.709843775E-1,-7.322325406E-1,1.540137504E2,7.985294650E1,1.012820671E1,-1.373784249E2
4.068260887E1,2.394203992E-1,3.009311115E-1,-5.736824186E-1,-7.231921259E-1,1.522953312E2,8.063230728E1,9.239371529E0,-1.355198671E2
4.069263088E1,2.532041467E-1,3.059659845E-1,-5.754302378E-1,-7.149494246E-1,1.506656031E2,8.124773993E1,8.400853465E0,-1.337862396E2
4.070265187E1,2.661990105E-1,3.106531250E-1,-5.761183378E-1,-7.076160626E-1,1.491235793E2,8.169478161E1,7.638477457E0,-1.321614206E2
4.071267438E1,2.784156328E-1,3.147275241E-1,-5.759989990E-1,-7.011823251E-1,1.476686651E2,8.198912189E1,6.928376629E0,-1.306639396E2
4.072269637E1,2.900385324E-1,3.179518212E-1,-5.753985118E-1,-6.954861153E-1,1.462794742E2,8.215742556E1,6.228086313E0,-1.292944940E2
4.073271838E1,3.012323771E-1,3.203699545E-1,-5.744153944E-1,-6.904124145E-1,1.449367248E2,8.221537416E1,5.526709127E0,-1.280325123E2
4.074273937E1,3.119956075E-1,3.220823388E-1,-5.730632814E-1,-6.859447432E-1,1.436409274E2,8.217155411E1,4.834331306E0,-1.268683091E2
4.075276138E1,3.224059423E-1,3.232533995E-1,-5.712839573E-1,-6.820530929E-1,1.423830227E2,8.203029780E1,4.162260789E0,-1.257793622E2
4.076278337E1,3.324468600E-1,3.238313803E-1,-5.690898135E-1,-6.787850894E-1,1.411652852E2,8.178963017E1,3.510966438E0,-1.247708090E2
4.077280538E1,3.420483125E-1,3.236661542E-1,-5.666019798E-1,-6.761696457E-1,1.399965649E2,8.145469496E1,2.871488724E0,-1.238614111E2
4.078282737E1,3.510294898E-1,3.225962353E-1,-5.641006276E-1,-6.741664692E-1,1.388994075E2,8.105059297E1,2.231387740E0,-1.230816607E2
4.079284838E1,3.591544117E-1,3.205233058E-1,-5.618870540E-1,-6.727226657E-1,1.379034507E2,8.060976394E1,1.583751405E0,-1.224627241E2
4.080287037E1,3.663717224E-1,3.174996171E-1,-5.600799552E-1,-6.717709055E-1,1.370159495E2,8.015221550E1,9.270343026E-1,-1.220055104E2
4.081289238E1,3.727815837E-1,3.134411496E-1,-5.586966746E-1,-6.713022326E-1,1.362254653E2,7.967526380E1,2.454458275E-1,-1.217074345E2
4.082291437E1,3.785840667E-1,3.082659802E-1,-5.577497613E-1,-6.712387173E-1,1.355079919E2,7.917666771E1,-4.853138597E-1,-1.215546221E2
4.083293538E1,3.839709081E-1,3.020604784E-1,-5.572811411E-1,-6.713892131E-1,1.348402643E2,7.867093794E1,-1.281194433E0,-1.215190641E2
4.084295737E1,3.890103541E-1,2.950120397E-1,-5.572858299E-1,-6.716184604E-1,1.342141305E2,7.817380933E1,-2.138136001E0,-1.215768861E2
4.085297938E1,3.936940280E-1,2.873979902E-1,-5.577209223E-1,-6.718293843E-1,1.336309024E2,7.770186026E1,-3.036835395E0,-1.217054641E2
4.086300137E1,3.978804429E-1,2.795157814E-1,-5.586247931E-1,-6.719377333E-1,1.331085171E2,7.728264617E1,-3.950657630E0,-1.218960360E2
4.087302337E1,4.014609547E-1,2.715961673E-1,-5.599688245E-1,-6.719372592E-1,1.326609167E2,7.692937133E1,-4.854177724E0,-1.221432363E2
4.088304437E1,4.043497629E-1,2.638772249E-1,-5.617214591E-1,-6.718177518E-1,1.322992273E2,7.665429840E1,-5.722417661E0,-1.224398098E2
4.089306637E1,4.066481886E-1,2.566408639E-1,-5.638621818E-1,-6.714403794E-1,1.320110951E2,7.647242107E1,-6.543008215E0,-1.227564855E2
4.090308837E1,4.085190661E-1,2.500704758E-1,-5.663829321E-1,-6.706617796E-1,1.317763225E2,7.639273985E1,-7.315389962E0,-1.230653166E2
4.091311037E1,4.100425272E-1,2.443740131E-1,-5.692210798E-1,-6.694279517E-1,1.315849874E2,7.641793315E1,-8.026327159E0,-1.233448919E2
4.092313237E1,4.113103149E-1,2.397614936E-1,-5.722260342E-1,-6.677542055E-1,1.314256533E2,7.653826727E1,-8.657146507E0,-1.235714731E2
4.093315337E1,4.124142252E-1,2.362368897E-1,-5.752799422E-1,-6.657024126E-1,1.312868337E2,7.673557546E1,-9.205754414E0,-1.237359531E2
4.094317537E1,4.134487196E-1,2.337271080E-1,-5.782371547E-1,-6.633804163E-1,1.311566742E2,7.698361420E1,-9.674045671E0,-1.238334857E2
4.095319737E1,4.144418363E-1,2.321741231E-1,-5.809720216E-1,-6.609119913E-1,1.310316576E2,7.726023102E1,-1.005915789E1,-1.238645943E2
4.096321938E1,4.152045467E-1,2.314223287E-1,-5.835017386E-1,-6.584638284E-1,1.309356032E2,7.755812082E1,-1.035686909E1,-1.238607098E2
4.097324037E1,4.154811881E-1,2.312540469E-1,-5.859103784E-1,-6.562056951E-1,1.309007543E2,7.787634054E1,-1.056605842E1,-1.238653012E2
4.098326237E1,4.149910729E-1,2.313732382E-1,-5.882861962E-1,-6.543457020E-1,1.309624914E2,7.821051106E1,-1.068858647E1,-1.239301909E2
4.099328437E1,4.135362269E-1,2.314531907E-1,-5.907020957E-1,-6.530606656E-1,1.311456610E2,7.855228467E1,-1.073387202E1,-1.241003514E2
4.100330638E1,4.109210993E-1,2.310272547E-1,-5.932322553E-1,-6.525686433E-1,1.314745801E2,7.888561034E1,-1.072066571E1,-1.244307255E2
4.101332837E1,4.074878381E-1,2.300472351E-1,-5.957424584E-1,-6.527808738E-1,1.319057558E2,7.918826433E1,-1.067132044E1,-1.248867016E2
4.102334937E1,4.035576023E-1,2.284118742E-1,-5.980937257E-1,-6.536460221E-1,1.323984588E2,7.943453217E1,-1.061038540E1,-1.254401922E2
4.103337137E1,3.995626922E-1,2.262065192E-1,-6.000694646E-1,-6.550549702E-1,1.328983138E2,7.959824179E1,-1.055476884E1,-1.260375109E2
4.104339338E1,3.959036925E-1,2.236619033E-1,-6.014458542E-1,-6.568854710E-1,1.333553061E2,7.966011374E1,-1.050892932E1,-1.266179427E2
4.105341537E1,3.928370772E-1,2.210357753E-1,-6.020920919E-1,-6.590199666E-1,1.337377076E2,7.961523302E1,-1.046962403E1,-1.271350012E2
4.106343738E1,3.906067819E-1,2.186355122E-1,-6.019564633E-1,-6.612664463E-1,1.340154792E2,7.947204523E1,-1.043406531E1,-1.275407539E2
4.107345837E1,3.891940090E-1,2.166471504E-1,-6.010917364E-1,-6.635364861E-1,1.341912848E2,7.924757676E1,-1.039166311E1,-1.278243316E2
4.108348038E1,3.885075949E-1,2.152621839E-1,-5.995577808E-1,-6.657735670E-1,1.342766612E2,7.896047261E1,-1.032513162E1,-1.279819873E2
4.109350237E1,3.883562877E-1,2.145469308E-1,-5.975007828E-1,-6.679385664E-1,1.342954772E2,7.863531464E1,-1.022289670E1,-1.280303289E2
4.110352438E1,3.885249910E-1,2.143307807E-1,-5.951479139E-1,-6.700071864E-1,1.342744978E2,7.829561872E1,-1.009340180E1,-1.280065146E2
4.111354537E1,3.888503015E-1,2.142693305E-1,-5.926760855E-1,-6.720260836E-1,1.342340386E2,7.794835451E1,-9.958532954E0,-1.279544431E2
4.112356738E1,3.892589573E-1,2.140773306E-1,-5.901527326E-1,-6.740682670E-1,1.341832052E2,7.758792402E1,-9.836604108E0,-1.279031004E2
4.113358937E1,3.897129842E-1,2.136235565E-1,-5.875894667E-1,-6.761858722E-1,1.341267168E2,7.720902329E1,-9.734566750E0,-1.278658967E2
4.114361138E1,3.902754445E-1,2.129474579E-1,-5.849969086E-1,-6.783192930E-1,1.340567211E2,7.681503899E1,-9.655695159E0,-1.278332997E2
4.115363337E1,3.910492290E-1,2.121677833E-1,-5.823773556E-1,-6.803690944E-1,1.339603975E2,7.641232819E1,-9.600167346E0,-1.277858220E2
4.116365438E1,3.920861574E-1,2.112878414E-1,-5.797695615E-1,-6.822706443E-1,1.338312627E2,7.600614629E1,-9.574404230E0,-1.277178571E2
4.117367637E1,3.935039247E-1,2.103294642E-1,-5.771999102E-1,-6.839271525E-1,1.336545994E2,7.560074432E1,-9.587916348E0,-1.276154108E2
4.118369838E1,3.953580383E-1,2.092440354E-1,-5.746816150E-1,-6.853100854E-1,1.334233883E2,7.519494098E1,-9.649231065E0,-1.274757505E2
4.119372037E1,3.979069111E-1,2.081299045E-1,-5.721244182E-1,-6.863131804E-1,1.331052111E2,7.478064657E1,-9.765721531E0,-1.272632326E2
4.120374238E1,4.011746616E-1,2.068887219E-1,-5.694605266E-1,-6.870011645E-1,1.326967344E2,7.434312592E1,-9.941389542E0,-1.269805659E2
4.121376337E1,4.051979893E-1,2.055862579E-1,-5.665670190E-1,-6.874233178E-1,1.321929305E2,7.386904459E1,-1.016561483E1,-1.266168762E2
4.122378538E1,4.097279536E-1,2.042328172E-1,-5.634984966E-1,-6.876637867E-1,1.316245072E2,7.336713747E1,-1.042073878E1,-1.261970941E2
4.123380737E1,4.144564928E-1,2.028333100E-1,-5.604661784E-1,-6.877224551E-1,1.310298122E2,7.286701366E1,-1.069562879E1,-1.257549940E2
4.124382938E1,4.191870024E-1,2.013169507E-1,-5.576987320E-1,-6.875506329E-1,1.304334596E2,7.239583554E1,-1.099532652E1,-1.253184353E2
4.125385037E1,4.237969510E-1,1.996309714E-1,-5.553257169E-1,-6.871368246E-1,1.298509239E2,7.196807403E1,-1.132319489E1,-1.249055640E2
4.126387238E1,4.281727948E-1,1.977477027E-1,-5.534731733E-1,-6.864629914E-1,1.292966862E2,7.159906323E1,-1.168151430E1,-1.245321640E2
4.127389437E1,4.321971761E-1,1.956266415E-1,-5.522623576E-1,-6.855232536E-1,1.287858410E2,7.130300232E1,-1.207308608E1,-1.242156343E2
4.128391638E1,4.357307363E-1,1.932012589E-1,-5.516920264E-1,-6.844326091E-1,1.283363982E2,7.107705436E1,-1.249250276E1,-1.239766765E2
4.129393837E1,4.388528589E-1,1.905629084E-1,-5.516389635E-1,-6.832192329E-1,1.279385762E2,7.090987881E1,-1.293139413E1,-1.238000551E2
4.130395938E1,4.416257739E-1,1.877247396E-1,-5.519990662E-1,-6.819260096E-1,1.275846840E2,7.078865283E1,-1.338688708E1,-1.236775939E2
4.131398137E1,4.442127580E-1,1.847831424E-1,-5.526124714E-1,-6.805510002E-1,1.272540355E2,7.069689262E1,-1.385386375E1,-1.235835114E2
4.132400338E1,4.469250868E-1,1.820524060E-1,-5.532769165E-1,-6.789694714E-1,1.269068576E2,7.062244965E1,-1.431960784E1,-1.234603577E2
4.133402537E1,4.499972759E-1,1.798201614E-1,-5.538371956E-1,-6.770757081E-1,1.265129816E2,7.055770102E1,-1.477042883E1,-1.232612934E2
4.134404738E1,4.537553208E-1,1.783561063E-1,-5.541474386E-1,-6.746969610E-1,1.260302441E2,7.049412648E1,-1.520195177E1,-1.229299281E2
4.135406837E1,4.583987444E-1,1.777863441E-1,-5.541005081E-1,-6.717405071E-1,1.254323408E2,7.042172166E1,-1.561341811E1,-1.224331749E2
4.136409038E1,4.638959895E-1,1.780825943E-1,-5.536742770E-1,-6.682304017E-1,1.247224085E2,7.033598811E1,-1.600338500E1,-1.217747787E2
4.137411237E1,4.702185647E-1,1.792638440E-1,-5.528339953E-1,-6.641787830E-1,1.239030301E2,7.023388199E1,-1.636641760E1,-1.209546908E2
4.138413438E1,4.772394710E-1,1.812082257E-1,-5.515671664E-1,-6.596814614E-1,1.229894756E2,7.010933341E1,-1.670115518E1,-1.199933459E2
4.139415537E1,4.847874342E-1,1.836827725E-1,-5.499153260E-1,-6.548550045E-1,1.220029068E2,6.995808554E1,-1.701445231E1,-1.189242436E2
4.140417738E1,4.926659604E-1,1.864433911E-1,-5.479613981E-1,-6.498134669E-1,1.209680829E2,6.978061120E1,-1.731453095E1,-1.177854746E2
4.141419937E1,5.008014032E-1,1.893671601E-1,-5.457435888E-1,-6.445944174E-1,1.198939308E2,6.957655714E1,-1.760711655E1,-1.165928132E2
4.142422138E1,5.090974414E-1,1.923497346E-1,-5.433037815E-1,-6.392513561E-1,1.187925411E2,6.934694275E1,-1.789475305E1,-1.153639002E2
4.143424337E1,5.174319807E-1,1.952810057E-1,-5.407228349E-1,-6.338361604E-1,1.176796981E2,6.909738486E1,-1.818114296E1,-1.141207761E2
4.144426438E1,5.255973372E-1,1.980452805E-1,-5.380903112E-1,-6.284777839E-1,1.165830712E2,6.883472477E1,-1.846368631E1,-1.128972058E2
4.145428637E1,5.334104199E-1,2.005092274E-1,-5.355226830E-1,-6.232854766E-1,1.155276518E2,6.856749807E1,-1.874505753E1,-1.117263165E2
4.146430838E1,5.407303871E-1,2.024549578E-1,-5.331851556E-1,-6.183333193E-1,1.145332534E2,6.830419990E1,-1.904129512E1,-1.106424128E2
4.147433037E1,5.474894430E-1,2.037773468E-1,-5.311364078E-1,-6.136971160E-1,1.136101037E2,6.804524687E1,-1.935790209E1,-1.096627228E2
4.148435238E1,5.537069856E-1,2.044768369E-1,-5.293963962E-1,-6.093744957E-1,1.127565975E2,6.779172195E1,-1.969755161E1,-1.087863287E2
4.149437337E1,5.593507963E-1,2.046053532E-1,-5.279789450E-1,-6.053937996E-1,1.119781743E2,6.754818007E1,-2.005470945E1,-1.080158329E2
4.150439538E1,5.644495060E-1,2.043138551E-1,-5.268484085E-1,-6.017335618E-1,1.112718545E2,6.731896868E1,-2.041843740E1,-1.073393427E2
4.151441737E1,5.690222086E-1,2.037090583E-1,-5.259901195E-1,-5.983733398E-1,1.106358610E2,6.710882053E1,-2.078192151E1,-1.067491682E2
4.152443938E1,5.730820604E-1,2.028460068E-1,-5.253824147E-1,-5.953181002E-1,1.100691439E2,6.691858681E1,-2.114065299E1,-1.062413471E2
4.153446037E1,5.766916278E-1,2.018445134E-1,-5.249634750E-1,-5.925360440E-1,1.095636316E2,6.674773133E1,-2.148661027E1,-1.058008683E2
4.154448238E1,5.798881136E-1,2.007833295E-1,-5.247135547E-1,-5.899929187E-1,1.091146529E2,6.659874034E1,-2.181610606E1,-1.054188538E2
4.155450437E1,5.826417814E-1,1.997065513E-1,-5.246076081E-1,-5.877352350E-1,1.087268664E2,6.647224649E1,-2.212122517E1,-1.050976384E2
4.156452638E1,5.849074079E-1,1.986387608E-1,-5.246105162E-1,-5.858410908E-1,1.084071018E2,6.636666643E1,-2.239289087E1,-1.048428526E2
4.157454837E1,5.868046518E-1,1.976389428E-1,-5.246735784E-1,-5.842231962E-1,1.081388341E2,6.627827469E1,-2.263326653E1,-1.046347390E2
4.158456938E1,5.883422565E-1,1.966291043E-1,-5.248215139E-1,-5.828832603E-1,1.079210845E2,6.620524805E1,-2.285036089E1,-1.044775406E2
4.159459137E1,5.896176497E-1,1.956131545E-1,-5.250234394E-1,-5.817531894E-1,1.077402397E2,6.614260156E1,-2.304967298E1,-1.043573755E2
4.160461338E1,5.905901310E-1,1.944799943E-1,-5.253346517E-1,-5.808650861E-1,1.076022063E2,6.609090562E1,-2.323988484E1,-1.042873741E2
4.161463537E1,5.910259290E-1,1.930500887E-1,-5.260915565E-1,-5.802134962E-1,1.075403098E2,6.608491690E1,-2.344365087E1,-1.043148469E2
4.162465738E1,5.911117446E-1,1.912570459E-1,-5.269420272E-1,-5.799479664E-1,1.075281186E2,6.607355059E1,-2.364852479E1,-1.044135217E2
4.163467837E1,5.899542193E-1,1.883258590E-1,-5.286506183E-1,-5.805306930E-1,1.076924809E2,6.611958257E1,-2.389748422E1,-1.047629201E2
4.164470038E1,5.855354275E-1,1.831629333E-1,-5.330232906E-1,-5.826540832E-1,1.083183510E2,6.642327236E1,-2.425301174E1,-1.057314560E2
4.165472237E1,5.816316337E-1,1.806054625E-1,-5.356927034E-1,-5.849099352E-1,1.088692298E2,6.667308525E1,-2.432272332E1,-1.064584592E2
4.166474438E1,5.814995212E-1,1.825423420E-1,-5.345884770E-1,-5.854499449E-1,1.088878395E2,6.665497997E1,-2.407844880E1,-1.063541294E2
4.167476537E1,5.838199397E-1,1.847863245E-1,-5.324349417E-1,-5.843981465E-1,1.085606643E2,6.648102476E1,-2.393592167E1,-1.058750835E2
4.168478738E1,5.876203873E-1,1.871765461E-1,-5.299578976E-1,-5.820755360E-1,1.080233502E2,6.625219369E1,-2.388651214E1,-1.051741631E2
4.169480937E1,5.927627124E-1,1.908175491E-1,-5.262772765E-1,-5.790107134E-1,1.072933905E2,6.593238701E1,-2.376236923E1,-1.041955427E2
4.170483138E1,5.998851169E-1,1.969772372E-1,-5.201185999E-1,-5.751646363E-1,1.062766596E2,6.544385910E1,-2.341787138E1,-1.027600329E2
4.171485317E1,6.086433769E-1,2.048048659E-1,-5.122163714E-1,-5.703003236E-1,1.050170504E2,6.484817540E1,-2.294912603E1,-1.009689074E2
4.172487417E1,6.178128031E-1,2.128061606E-1,-5.039793915E-1,-5.648234671E-1,1.036868218E2,6.425008783E1,-2.247833201E1,-9.909370102E1
4.173489617E1,6.267904401E-1,2.209528513E-1,-4.955025223E-1,-5.592770051E-1,1.023725560E2,6.367256195E1,-2.196281615E1,-9.722426425E1
4.174491817E1,6.356166435E-1,2.301507583E-1,-4.861298745E-1,-5.538049322E-1,1.010685304E2,6.311000898E1,-2.128868493E1,-9.529856850E1
4.175494017E1,6.442414112E-1,2.411295382E-1,-4.755667469E-1,-5.483119282E-1,9.978235422E1,6.259948979E1,-2.038527657E1,-9.327921497E1
4.176496217E1,6.521811821E-1,2.531970660E-1,-4.643515126E-1,-5.430731803E-1,9.858748753E1,6.217338609E1,-1.930966324E1,-9.128120845E1
4.177498317E1,6.588627483E-1,2.650752491E-1,-4.532890396E-1,-5.386688926E-1,9.757360583E1,6.183248574E1,-1.816381737E1,-8.947358391E1
4.178500517E1,6.639904709E-1,2.757488963E-1,-4.428821819E-1,-5.356628423E-1,9.679015278E1,6.154241600E1,-1.702100197E1,-8.797178590E1
4.179502717E1,6.676290926E-1,2.846636239E-1,-4.334204726E-1,-5.342141709E-1,9.623132058E1,6.126863655E1,-1.593731718E1,-8.680907431E1
4.180504917E1,6.701038291E-1,2.917968779E-1,-4.247680776E-1,-5.342168261E-1,9.584984223E1,6.097329777E1,-1.492247381E1,-8.594263973E1
4.181507017E1,6.719331288E-1,2.973375921E-1,-4.164786302E-1,-5.353893936E-1,9.556711900E1,6.060846711E1,-1.396379918E1,-8.528279655E1
4.182509217E1,6.735683053E-1,3.016607946E-1,-4.082252341E-1,-5.372696857E-1,9.531386132E1,6.016165899E1,-1.304926427E1,-8.473534205E1
4.183511417E1,6.751582794E-1,3.051107828E-1,-3.999975212E-1,-5.395096800E-1,9.506711458E1,5.965657695E1,-1.217526591E1,-8.425423911E1
4.184513617E1,6.767818234E-1,3.080210859E-1,-3.916396537E-1,-5.419482493E-1,9.481465532E1,5.910493806E1,-1.131753357E1,-8.380460397E1
4.185515817E1,6.784385739E-1,3.108841925E-1,-3.827357658E-1,-5.445965465E-1,9.455650428E1,5.851143727E1,-1.041126360E1,-8.335243458E1
4.186517917E1,6.803015278E-1,3.139587629E-1,-3.729413861E-1,-5.472975062E-1,9.426558003E1,5.786810936E1,-9.425643144E0,-8.285156005E1
4.187520117E1,6.825181570E-1,3.174337416E-1,-3.621922828E-1,-5.497468703E-1,9.391852903E1,5.718947168E1,-8.359817931E0,-8.226331527E1
4.188522317E1,6.850100473E-1,3.213341756E-1,-3.505754774E-1,-5.519079921E-1,9.352720537E1,5.649194497E1,-7.215501586E0,-8.159634294E1
4.189524517E1,6.876722740E-1,3.256635690E-1,-3.381740352E-1,-5.537945061E-1,9.310773907E1,5.578944054E1,-5.992854022E0,-8.086462842E1
4.190526617E1,6.903395373E-1,3.303020110E-1,-3.251615202E-1,-5.555194502E-1,9.268601560E1,5.509155753E1,-4.701541580E0,-8.010083646E1
4.191528817E1,6.929251833E-1,3.349879554E-1,-3.117424959E-1,-5.571843982E-1,9.227577828E1,5.439427331E1,-3.366822573E0,-7.933631987E1
4.192531017E1,6.954703313E-1,3.395663201E-1,-2.981405752E-1,-5.586841675E-1,9.187058321E1,5.370219988E1,-2.021539220E0,-7.857461273E1
4.193533217E1,6.976675045E-1,3.434020403E-1,-2.850393340E-1,-5.604353111E-1,9.151966833E1,5.300791906E1,-7.343287263E-1,-7.791592052E1
4.194535417E1,6.994338315E-1,3.459001472E-1,-2.729919314E-1,-5.626907207E-1,9.123680429E1,5.228938038E1,4.234208786E-1,-7.742513745E1
4.195537517E1,7.006130898E-1,3.466208609E-1,-2.626164704E-1,-5.657100471E-1,9.104757400E1,5.154095157E1,1.386047532E0,-7.716909574E1
4.196539717E1,7.015389138E-1,3.458604528E-1,-2.535001440E-1,-5.691760933E-1,9.089879592E1,5.075082758E1,2.179516829E0,-7.707271202E1
4.197541917E1,7.026226937E-1,3.441464880E-1,-2.451076317E-1,-5.725442008E-1,9.072439269E1,4.992688917E1,2.845434138E0,-7.702607734E1
4.198544117E1,7.039789582E-1,3.418315091E-1,-2.379469032E-1,-5.752791308E-1,9.050577090E1,4.914273791E1,3.340967300E0,-7.698223042E1
4.199546317E1,7.051660874E-1,3.391729386E-1,-2.322285768E-1,-5.777302862E-1,9.031407288E1,4.843727036E1,3.691342689E0,-7.699346705E1
4.200548417E1,7.062288623E-1,3.361364794E-1,-2.276492269E-1,-5.800248449E-1,9.014218467E1,4.778229497E1,3.921525665E0,-7.705482883E1
4.201550617E1,7.071411941E-1,3.326962429E-1,-2.241144550E-1,-5.822689749E-1,8.999442301E1,4.716711089E1,4.041343267E0,-7.717210746E1
4.202552817E1,7.078302529E-1,3.290415632E-1,-2.216442704E-1,-5.844500322E-1,8.988269633E1,4.661187547E1,4.062445943E0,-7.734179464E1
4.203555017E1,7.082270286E-1,3.253320400E-1,-2.201966631E-1,-5.865893167E-1,8.981831202E1,4.612923915E1,4.001014740E0,-7.756231223E1
4.204557117E1,7.083844524E-1,3.215717877E-1,-2.198947178E-1,-5.885825623E-1,8.979275701E1,4.572968018E1,3.841872849E0,-7.782444843E1
4.205559317E1,7.082876674E-1,3.173712642E-1,-2.210321770E-1,-5.905495715E-1,8.980846904E1,4.539783016E1,3.539589202E0,-7.815976587E1
4.206561517E1,7.078910761E-1,3.127021994E-1,-2.233336004E-1,-5.926464510E-1,8.987282898E1,4.511178463E1,3.121411988E0,-7.857538726E1
4.207563717E1,7.071504401E-1,3.079159190E-1,-2.266150276E-1,-5.947871210E-1,8.999292456E1,4.489432209E1,2.624320110E0,-7.905030739E1
4.208565917E1,7.060930599E-1,3.035033863E-1,-2.307509083E-1,-5.967180368E-1,9.016416303E1,4.478554972E1,2.083083672E0,-7.954384079E1
4.209568017E1,7.046220295E-1,2.997894903E-1,-2.355335220E-1,-5.984631060E-1,9.040196705E1,4.480109840E1,1.541538841E0,-8.004967636E1
4.210570217E1,7.025204612E-1,2.969011194E-1,-2.407075165E-1,-6.003121303E-1,9.074085525E1,4.493266516E1,1.046438157E0,-8.059583250E1
4.211572417E1,6.998996648E-1,2.950614964E-1,-2.460978851E-1,-6.020920971E-1,9.116209070E1,4.518738882E1,6.199945870E-1,-8.114984188E1
4.212574617E1,6.967981520E-1,2.942332502E-1,-2.518920837E-1,-6.036964696E-1,9.165863913E1,4.557615756E1,2.417471951E-1,-8.170885929E1
4.213576817E1,6.931433459E-1,2.940109796E-1,-2.582987299E-1,-6.053029389E-1,9.224110019E1,4.607786009E1,-1.228807379E-1,-8.231188965E1
4.214578917E1,6.889846874E-1,2.936416573E-1,-2.653977238E-1,-6.071564177E-1,9.290041656E1,4.663008727E1,-5.235246746E-1,-8.300080883E1
4.215581117E1,6.843199769E-1,2.924066954E-1,-2.734799892E-1,-6.094367966E-1,9.363569874E1,4.719363802E1,-1.025009727E0,-8.382254351E1
4.216583317E1,6.792063841E-1,2.903530981E-1,-2.824685133E-1,-6.120337168E-1,9.443668364E1,4.777201252E1,-1.621518753E0,-8.476222784E1
4.217585517E1,6.737746589E-1,2.879347361E-1,-2.917971461E-1,-6.147972936E-1,9.528186485E1,4.836323858E1,-2.244738286E0,-8.576691539E1
4.218587617E1,6.681512631E-1,2.854383495E-1,-3.009432517E-1,-6.176827459E-1,9.615092348E1,4.894962862E1,-2.839052570E0,-8.679716281E1
4.219589817E1,6.624411962E-1,2.830435425E-1,-3.094167301E-1,-6.207409330E-1,9.702736179E1,4.950292297E1,-3.356435582E0,-8.782515687E1
4.220592017E1,6.568335659E-1,2.809381322E-1,-3.168987295E-1,-6.238739533E-1,9.788234543E1,5.000737492E1,-3.770461371E0,-8.881057451E1
4.221594217E1,6.515447554E-1,2.794174542E-1,-3.231776603E-1,-6.268744427E-1,9.868365737E1,5.046406471E1,-4.060517858E0,-8.970307624E1
4.222596417E1,6.466141695E-1,2.785686417E-1,-3.282310003E-1,-6.297253346E-1,9.942638298E1,5.087303782E1,-4.222748950E0,-9.049289455E1
4.223598517E1,6.421871241E-1,2.784114497E-1,-3.320755357E-1,-6.323042407E-1,1.000897963E2,5.123243609E1,-4.268344961E0,-9.115869785E1
4.224600717E1,6.381660344E-1,2.789414964E-1,-3.348078659E-1,-6.346963547E-1,1.006895983E2,5.154785558E1,-4.200087157E0,-9.171637868E1
4.225602917E1,6.344829428E-1,2.800367244E-1,-3.366190845E-1,-6.369445990E-1,1.012367083E2,5.182477336E1,-4.038247478E0,-9.218443189E1
4.226605117E1,6.310725612E-1,2.814923817E-1,-3.377119628E-1,-6.391086982E-1,1.017414029E2,5.206380895E1,-3.809138593E0,-9.258596461E1
4.227607217E1,6.280207382E-1,2.831730663E-1,-3.383076295E-1,-6.410545879E-1,1.021915066E2,5.227341124E1,-3.547133996E0,-9.291782184E1
4.228609417E1,6.252974670E-1,2.849575981E-1,-3.386942083E-1,-6.427196360E-1,1.025919519E2,5.247043460E1,-3.283330747E0,-9.319279877E1
4.229611617E1,6.228670255E-1,2.865797724E-1,-3.392126725E-1,-6.440833408E-1,1.029483930E2,5.266464449E1,-3.061409915E0,-9.343422615E1
4.230613817E1,6.205985610E-1,2.878080053E-1,-3.400601297E-1,-6.452775665E-1,1.032802845E2,5.285556754E1,-2.903248004E0,-9.367692271E1
4.231616017E1,6.182797454E-1,2.887370720E-1,-3.412232747E-1,-6.464734214E-1,1.036187582E2,5.305084562E1,-2.786887948E0,-9.394528317E1
4.232618117E1,6.158010181E-1,2.892982863E-1,-3.429196143E-1,-6.476895977E-1,1.039797064E2,5.326584972E1,-2.727708562E0,-9.425959563E1
4.233620317E1,6.131002059E-1,2.893025141E-1,-3.452548315E-1,-6.490079090E-1,1.043719856E2,5.349540576E1,-2.741639463E0,-9.464127405E1
4.234622517E1,6.101252404E-1,2.886533341E-1,-3.481387639E-1,-6.505581425E-1,1.048028816E2,5.372402735E1,-2.822668884E0,-9.510383239E1
4.235624717E1,6.069209538E-1,2.873523952E-1,-3.515428305E-1,-6.522984162E-1,1.052656014E2,5.395051966E1,-2.971453110E0,-9.564032445E1
4.236626917E1,6.035876543E-1,2.856222012E-1,-3.553220357E-1,-6.541010263E-1,1.057454422E2,5.418094090E1,-3.169180742E0,-9.622133515E1
4.237629017E1,6.001266816E-1,2.838144386E-1,-3.592294700E-1,-6.559356365E-1,1.062420578E2,5.442169304E1,-3.373138497E0,-9.682288435E1
4.238631217E1,5.967213506E-1,2.822372166E-1,-3.630288846E-1,-6.576288782E-1,1.067291184E2,5.467468188E1,-3.556884786E0,-9.739907021E1
4.239633417E1,5.935493392E-1,2.809981335E-1,-3.667257612E-1,-6.589776169E-1,1.071814265E2,5.494804983E1,-3.726663991E0,-9.791881906E1
4.240635617E1,5.907023723E-1,2.799001186E-1,-3.704449308E-1,-6.599219908E-1,1.075862670E2,5.523712533E1,-3.911808658E0,-9.838318239E1
4.241637817E1,5.881068298E-1,2.787993957E-1,-3.740705028E-1,-6.606607118E-1,1.079544442E2,5.551868406E1,-4.106076109E0,-9.881217626E1
4.242639917E1,5.855702770E-1,2.777236342E-1,-3.774686820E-1,-6.614336718E-1,1.083134246E2,5.578193368E1,-4.282684126E0,-9.923023546E1
4.243642117E1,5.830191888E-1,2.766299182E-1,-3.806933427E-1,-6.622967787E-1,1.086736446E2,5.602875785E1,-4.443778931E0,-9.965021539E1
4.244644317E1,5.805064359E-1,2.754530939E-1,-3.837926112E-1,-6.632051697E-1,1.090276589E2,5.625842588E1,-4.601460333E0,-1.000693046E2
4.245646517E1,5.780667735E-1,2.741554188E-1,-3.868058316E-1,-6.641225723E-1,1.093706313E2,5.647172418E1,-4.764108219E0,-1.004853342E2
4.246648617E1,5.758535239E-1,2.728502890E-1,-3.897168407E-1,-6.648806597E-1,1.096811461E2,5.667530295E1,-4.934328982E0,-1.008705053E2
4.247650817E1,5.738519332E-1,2.716990162E-1,-3.922969759E-1,-6.655649928E-1,1.099614561E2,5.685811287E1,-5.081578454E0,-1.012162085E2
4.248653017E1,5.719817985E-1,2.709036683E-1,-3.942560826E-1,-6.663408268E-1,1.102229229E2,5.700567498E1,-5.162816514E0,-1.015197751E2
4.249655217E1,5.699472384E-1,2.706017967E-1,-3.955577195E-1,-6.674345849E-1,1.105069068E2,5.712524334E1,-5.144971571E0,-1.018116090E2
4.250657417E1,5.676178875E-1,2.704924836E-1,-3.964070470E-1,-6.689582567E-1,1.108314394E2,5.721439528E1,-5.055409535E0,-1.021284895E2
4.251659517E1,5.653731358E-1,2.704554418E-1,-3.968817417E-1,-6.705908675E-1,1.111435869E2,5.726988282E1,-4.935984042E0,-1.024279969E2
4.252661717E1,5.634766066E-1,2.706678198E-1,-3.969163864E-1,-6.720791623E-1,1.114068582E2,5.729738243E1,-4.788957739E0,-1.026638927E2
4.253663917E1,5.619811521E-1,2.711591572E-1,-3.965182357E-1,-6.733670857E-1,1.116141627E2,5.729968434E1,-4.616860658E0,-1.028277214E2
4.254666117E1,5.608689231E-1,2.718192032E-1,-3.957056181E-1,-6.745053615E-1,1.117681782E2,5.727033395E1,-4.427119438E0,-1.029292915E2
4.255668317E1,5.599702628E-1,2.724107079E-1,-3.946507510E-1,-6.756305190E-1,1.118925175E2,5.720964666E1,-4.237297270E0,-1.030068062E2
4.256670417E1,5.589796169E-1,2.726914480E-1,-3.936367399E-1,-6.769279096E-1,1.120294784E2,5.712935364E1,-4.064815919E0,-1.031165936E2
4.257672617E1,5.577495559E-1,2.724994270E-1,-3.927924543E-1,-6.785083796E-1,1.121993861E2,5.703068514E1,-3.920562845E0,-1.032886509E2
4.258674817E1,5.562682733E-1,2.718826869E-1,-3.922319065E-1,-6.802937095E-1,1.124037704E2,5.692926368E1,-3.810236512E0,-1.035213458E2
4.259677017E1,5.546655761E-1,2.710219007E-1,-3.920010892E-1,-6.820764580E-1,1.126246328E2,5.684360119E1,-3.735104253E0,-1.037857830E2
4.260679117E1,5.529644924E-1,2.701012292E-1,-3.921086638E-1,-6.837589971E-1,1.128587436E2,5.678893163E1,-3.685286673E0,-1.040668453E2
4.261681317E1,5.512203926E-1,2.691834078E-1,-3.925816673E-1,-6.852562007E-1,1.130984453E2,5.677289858E1,-3.662481789E0,-1.043532282E2
4.262683517E1,5.494549191E-1,2.681742278E-1,-3.934693801E-1,-6.865594076E-1,1.133407476E2,5.679358242E1,-3.678181624E0,-1.046482873E2
4.263685717E1,5.475922760E-1,2.671689570E-1,-3.946285712E-1,-6.877729892E-1,1.135960213E2,5.684378600E1,-3.708935173E0,-1.049554144E2
4.264687917E1,5.456855420E-1,2.664184428E-1,-3.958923497E-1,-6.888525491E-1,1.138569527E2,5.692504838E1,-3.727967954E0,-1.052513394E2
4.265690017E1,5.437534620E-1,2.659777922E-1,-3.971669600E-1,-6.898161788E-1,1.141209586E2,5.703147833E1,-3.725145004E0,-1.055299232E2
4.266692217E1,5.417122322E-1,2.658645647E-1,-3.984076157E-1,-6.907497895E-1,1.143994517E2,5.715972901E1,-3.689691984E0,-1.058007118E2
4.267694417E1,5.396763761E-1,2.659232647E-1,-3.997411525E-1,-6.915499000E-1,1.146767778E2,5.731096706E1,-3.650106827E0,-1.060591547E2
4.268696617E1,5.377957890E-1,2.658493603E-1,-4.013352517E-1,-6.921197201E-1,1.149325713E2,5.747964455E1,-3.650700940E0,-1.063061164E2
4.269698817E1,5.361762384E-1,2.656071528E-1,-4.030874121E-1,-6.924509258E-1,1.151525676E2,5.765216219E1,-3.693089424E0,-1.065305408E2
4.270700917E1,5.347521332E-1,2.653903600E-1,-4.047651411E-1,-6.926566499E-1,1.153457935E2,5.781861916E1,-3.741164498E0,-1.067280556E2
4.271703150E1,5.334658536E-1,2.653242790E-1,-4.062566707E-1,-6.928006657E-1,1.155201418E2,5.797651931E1,-3.773617771E0,-1.068977532E2
4.272705350E1,5.320440191E-1,2.654251786E-1,-4.075035431E-1,-6.931230574E-1,1.157126695E2,5.812142514E1,-3.765611937E0,-1.070730810E2
4.273707550E1,5.305168860E-1,2.656359866E-1,-4.084896634E-1,-6.936321756E-1,1.159192292E2,5.824707237E1,-3.721914923E0,-1.072537669E2
4.274709750E1,5.289421533E-1,2.656944390E-1,-4.093835190E-1,-6.942851567E-1,1.161319836E2,5.835169740E1,-3.677762212E0,-1.074498561E2
4.275711850E1,5.274396550E-1,2.655474518E-1,-4.102336420E-1,-6.949823130E-1,1.163347494E2,5.843624219E1,-3.649080175E0,-1.076498314E2
4.276714050E1,5.261665884E-1,2.653754189E-1,-4.109772705E-1,-6.955734436E-1,1.165063787E2,5.850695627E1,-3.629756129E0,-1.078221510E2
4.277716250E1,5.250427111E-1,2.651688309E-1,-4.116690952E-1,-6.960921765E-1,1.166577628E2,5.856922458E1,-3.619134575E0,-1.079777119E2
4.278718450E1,5.238665822E-1,2.647349291E-1,-4.123536443E-1,-6.967378451E-1,1.168160532E2,5.861415210E1,-3.619770808E0,-1.081544705E2
4.279720550E1,5.226681945E-1,2.640221785E-1,-4.129719017E-1,-6.975417383E-1,1.169772010E2,5.863159038E1,-3.632784516E0,-1.083519508E2
4.280722750E1,5.216940807E-1,2.631449340E-1,-4.134981894E-1,-6.982902821E-1,1.171080883E2,5.862661086E1,-3.665764226E0,-1.085317676E2
4.281724950E1,5.211299030E-1,2.624806733E-1,-4.137449013E-1,-6.988152633E-1,1.171838526E2,5.860610331E1,-3.691179345E0,-1.086458978E2
4.282727150E1,5.209289468E-1,2.622221445E-1,-4.135744173E-1,-6.991628905E-1,1.172108319E2,5.856924461E1,-3.681712101E0,-1.086875023E2
4.283729350E1,5.209380189E-1,2.622224343E-1,-4.130967723E-1,-6.994383096E-1,1.172096140E2,5.851754115E1,-3.645255345E0,-1.086855439E2
4.284731450E1,5.210352517E-1,2.623717764E-1,-4.124566723E-1,-6.996876925E-1,1.171965604E2,5.845898655E1,-3.592066507E0,-1.086626456E2
4.285733650E1,5.212075270E-1,2.625966825E-1,-4.117001680E-1,-6.999204485E-1,1.171734301E2,5.839325341E1,-3.529869345E0,-1.086252678E2
4.286735850E1,5.213322606E-1,2.625812357E-1,-4.110288319E-1,-7.002278887E-1,1.171566812E2,5.831927439E1,-3.487556990E0,-1.086096286E2
4.287738050E1,5.213723844E-1,2.621516065E-1,-4.106054089E-1,-7.006072103E-1,1.171512931E2,5.824190480E1,-3.487227446E0,-1.086318517E2
4.288740250E1,5.213778108E-1,2.611821816E-1,-4.105178751E-1,-7.010165932E-1,1.171505644E2,5.816135394E1,-3.547943875E0,-1.086939291E2
4.289742350E1,5.213440722E-1,2.596402602E-1,-4.106702992E-1,-7.015249895E-1,1.171550951E2,5.806511713E1,-3.664430825E0,-1.087980559E2
4.290744550E1,5.213113663E-1,2.580406029E-1,-4.105799522E-1,-7.021919213E-1,1.171594869E2,5.793879057E1,-3.766583199E0,-1.089049217E2
4.291746750E1,5.217850652E-1,2.578161340E-1,-4.103794122E-1,-7.020398871E-1,1.170958670E2,5.789942035E1,-3.799504854E0,-1.088597667E2
4.292748950E1,5.225783954E-1,2.589395952E-1,-4.098369454E-1,-7.013527670E-1,1.169892708E2,5.792049650E1,-3.734194734E0,-1.086873786E2
4.293751150E1,5.235577090E-1,2.604124484E-1,-4.090801249E-1,-7.005184385E-1,1.168576008E2,5.794392489E1,-3.641114033E0,-1.084685906E2
4.294753250E1,5.246580684E-1,2.618725522E-1,-4.084180296E-1,-6.995365961E-1,1.167095451E2,5.797690535E1,-3.564995029E0,-1.082352299E2
4.295755450E1,5.257115921E-1,2.630362425E-1,-4.079254857E-1,-6.985957730E-1,1.165676807E2,5.800692325E1,-3.519618157E0,-1.080268237E2
4.296757650E1,5.265172238E-1,2.635559184E-1,-4.077509503E-1,-6.978946655E-1,1.164591234E2,5.802443499E1,-3.526332101E0,-1.078916126E2
4.297759850E1,5.269983196E-1,2.634673099E-1,-4.079914982E-1,-6.974243593E-1,1.163942664E2,5.804240889E1,-3.584735556E0,-1.078372894E2
4.298762050E1,5.270667819E-1,2.628827068E-1,-4.086462758E-1,-6.972098161E-1,1.163850350E2,5.806932063E1,-3.680860159E0,-1.078676652E2
4.299764150E1,5.268862880E-1,2.617866517E-1,-4.097628143E-1,-6.971032899E-1,1.164093715E2,5.810900919E1,-3.830907599E0,-1.079632096E2
4.300766350E1,5.267143604E-1,2.602567579E-1,-4.112275912E-1,-6.969435217E-1,1.164325500E2,5.815475058E1,-4.038710202E0,-1.080862157E2
4.301768550E1,5.265833628E-1,2.585512383E-1,-4.127358214E-1,-6.967858135E-1,1.164502085E2,5.819295127E1,-4.265022785E0,-1.082152802E2
4.302770750E1,5.266486008E-1,2.571961592E-1,-4.139591495E-1,-6.965122857E-1,1.164414146E2,5.822603777E1,-4.458755623E0,-1.082964193E2
4.303772950E1,5.269461260E-1,2.565473611E-1,-4.146962030E-1,-6.960878986E-1,1.164013037E2,5.825751220E1,-4.582018121E0,-1.083020367E2
4.304775050E1,5.273120028E-1,2.564456555E-1,-4.150912086E-1,-6.956126086E-1,1.163519661E2,5.829158939E1,-4.645558892E0,-1.082633323E2
4.305777250E1,"","","","","","","",""