"Time (s)","Gravity X (m/s^2)","Gravity Y (m/s^2)","Gravity Z (m/s^2)"
1.246291678E-3,9.340945716E0,-1.671004425E0,2.488085277E0
1.126829162E-2,9.343400377E0,-1.669057449E0,2.480166978E0
2.129029180E-2,9.345334636E0,-1.662595691E0,2.477213257E0
3.131329175E-2,9.347788128E0,-1.654831027E0,2.473158213E0
4.133529169E-2,9.350760852E0,-1.648867452E0,2.465891878E0
5.135829165E-2,9.353662241E0,-1.645602805E0,2.457053812E0
6.138029182E-2,9.356180636E0,-1.644830095E0,2.447959783E0
7.140229177E-2,9.358557529E0,-1.645805557E0,2.438202242E0
8.142529172E-2,9.360891153E0,-1.646631476E0,2.428662217E0
9.144729166E-2,9.363047606E0,-1.646675184E0,2.420308593E0
1.014702918E-1,9.365087115E0,-1.646898402E0,2.412254346E0
1.114922918E-1,9.367086278E0,-1.648009519E0,2.403718580E0
1.215142917E-1,9.368965573E0,-1.649325142E0,2.395478245E0
1.315372917E-1,9.370724416E0,-1.650202079E0,2.387981822E0
1.415592916E-1,9.372387364E0,-1.650462426E0,2.381264541E0
1.515822918E-1,9.373911733E0,-1.650635796E0,2.375135636E0
1.616042918E-1,9.375360673E0,-1.651217886E0,2.369012432E0
1.716262917E-1,9.376823646E0,-1.652324325E0,2.362436068E0
1.816492917E-1,9.378639207E0,-1.653722979E0,2.354235787E0
1.916712918E-1,9.380315604E0,-1.656462254E0,2.345611436E0
2.016942918E-1,9.380677546E0,-1.661376400E0,2.340689250E0
2.117169166E-1,9.380140187E0,-1.666372407E0,2.339293081E0
2.217389168E-1,9.378732178E0,-1.671578037E0,2.341221054E0
2.317619168E-1,9.376050060E0,-1.677482994E0,2.347733391E0
2.417839167E-1,9.374015813E0,-1.682949556E0,2.351942801E0
2.518069167E-1,9.374028677E0,-1.689470809E0,2.347208895E0
2.618289168E-1,9.378884205E0,-1.697797975E0,2.321663141E0
2.718509168E-1,9.390970400E0,-1.706465596E0,2.265777793E0
2.818739167E-1,9.406352670E0,-1.713829579E0,2.195321475E0
2.918959167E-1,9.420778921E0,-1.717618721E0,2.129512964E0
3.019189166E-1,9.433504801E0,-1.720898570E0,2.069689516E0
3.119409168E-1,9.444302269E0,-1.726213543E0,2.015304563E0
3.219629168E-1,9.452497727E0,-1.733439532E0,1.970172244E0
3.319859167E-1,9.457314663E0,-1.741268077E0,1.939923136E0
3.420079167E-1,9.458166018E0,-1.748517163E0,1.929212352E0
3.520309168E-1,9.454510923E0,-1.755929970E0,1.940370301E0
3.620529168E-1,9.446815987E0,-1.764877526E0,1.969511070E0
3.720749167E-1,9.437388521E0,-1.774041136E0,2.006133497E0
3.820979167E-1,9.428954498E0,-1.778859826E0,2.041221469E0
3.921199166E-1,9.421741372E0,-1.774753619E0,2.077776799E0
4.021429168E-1,9.414078012E0,-1.759807990E0,2.124690911E0
4.121649168E-1,9.405694858E0,-1.734333425E0,2.181996402E0
4.221869167E-1,9.397566059E0,-1.699358597E0,2.243668739E0
4.322099166E-1,9.390433041E0,-1.654659557E0,2.306072271E0
4.422319168E-1,9.383523971E0,-1.601686853E0,2.370687367E0
4.522549168E-1,9.373704742E0,-1.544499476E0,2.446284117E0
4.622769167E-1,9.358935844E0,-1.486410897E0,2.537126752E0
4.722989167E-1,9.340655694E0,-1.428472445E0,2.635853772E0
4.823219168E-1,9.320714350E0,-1.371093572E0,2.735045939E0
4.923439168E-1,9.300989937E0,-1.313784426E0,2.828718334E0
5.023669167E-1,9.282961802E0,-1.255820393E0,2.913009456E0
5.123889167E-1,9.264626103E0,-1.198290077E0,2.994477249E0
5.224109166E-1,9.244291241E0,-1.141321385E0,3.078402336E0
5.324339168E-1,9.224088526E0,-1.084097098E0,3.158641630E0
5.424559168E-1,9.205403164E0,-1.026928870E0,3.231419584E0
5.524789167E-1,9.189660705E0,-9.732514306E-1,3.292264833E0
5.625009167E-1,9.177865117E0,-9.283360436E-1,3.337825752E0
5.725229168E-1,9.170016400E0,-8.958469400E-1,3.368138888E0
5.825459168E-1,9.162813799E0,-8.787004186E-1,3.392175037E0
5.925679167E-1,9.154494381E0,-8.766504579E-1,3.415086767E0
6.025909167E-1,9.148610328E0,-8.871437980E-1,3.428120795E0
6.126129166E-1,9.147093560E0,-9.117825761E-1,3.425703264E0
6.226349168E-1,9.150759180E0,-9.520782973E-1,3.404887176E0
6.326579168E-1,9.161152021E0,-1.004124583E0,3.361712506E0
6.426799167E-1,9.178348682E0,-1.061409316E0,3.296576277E0
6.527029166E-1,9.199580507E0,-1.119213136E0,3.217326917E0
6.627249168E-1,9.220007170E0,-1.175982876E0,3.137615042E0
6.727469168E-1,9.233721814E0,-1.235270500E0,3.073857295E0
6.827699167E-1,9.237356443E0,-1.301129590E0,3.035522657E0
6.927919167E-1,9.228312555E0,-1.371642333E0,3.031985968E0
7.028149168E-1,9.205782648E0,-1.440620474E0,3.068268819E0
7.128369168E-1,9.177418975E0,-1.506185157E0,3.121296633E0
7.228589167E-1,9.150700707E0,-1.574750923E0,3.165588414E0
7.328819167E-1,9.127288456E0,-1.653275667E0,3.193021796E0
7.429039166E-1,9.106268300E0,-1.744383035E0,3.204544904E0
7.529259168E-1,9.088512061E0,-1.843945768E0,3.199205519E0
7.629489168E-1,9.074969324E0,-1.947554337E0,3.176170413E0
7.729709167E-1,9.061716610E0,-2.053266733E0,3.147297154E0
7.829939167E-1,9.043914762E0,-2.159042280E0,3.127657526E0
7.930159168E-1,9.016600079E0,-2.264456030E0,3.131972187E0
8.030379168E-1,8.976462452E0,-2.369145894E0,3.169598727E0
8.130609167E-1,8.924417555E0,-2.473749074E0,3.235962286E0
8.230829167E-1,8.864564871E0,-2.577167315E0,3.318704188E0
8.331059166E-1,8.803504736E0,-2.678401914E0,3.400084858E0
8.431279168E-1,8.747160966E0,-2.777610745E0,3.465278389E0
8.531509168E-1,8.700175665E0,-2.871658823E0,3.506654164E0
8.631729167E-1,8.662374001E0,-2.958296725E0,3.528153207E0
8.731949166E-1,8.629563519E0,-3.043971883E0,3.535673311E0
8.832179168E-1,8.595473083E0,-3.131648836E0,3.542136531E0
8.932399168E-1,8.555432519E0,-3.223564434E0,3.556587632E0
9.032619167E-1,8.508143163E0,-3.319434213E0,3.581750540E0
9.132849167E-1,8.456759001E0,-3.412696718E0,3.615638955E0
9.233069168E-1,8.405397059E0,-3.497186060E0,3.654462128E0
9.333299168E-1,8.356482761E0,-3.568539340E0,3.697406419E0
9.433519167E-1,8.311472064E0,-3.631220908E0,3.737615089E0
9.533739167E-1,8.270736267E0,-3.692053585E0,3.768258008E0
9.633969166E-1,8.234500487E0,-3.756612108E0,3.783778565E0
9.734189168E-1,8.202196375E0,-3.830670018E0,3.779689899E0
9.834419168E-1,8.170236079E0,-3.915196491E0,3.762259057E0
9.934639167E-1,8.138158838E0,-4.001905144E0,3.740486365E0
1.003486917E0,8.105654166E0,-4.085058398E0,3.721125649E0
1.013508917E0,8.071805804E0,-4.164619999E0,3.706481590E0
1.023530917E0,8.036610244E0,-4.244047407E0,3.692837697E0
1.033553917E0,7.999490365E0,-4.326205465E0,3.678070846E0
1.043575917E0,7.964194232E0,-4.407230625E0,3.658419231E0
1.053598917E0,7.935698996E0,-4.482557673E0,3.628700173E0
1.063620917E0,7.913784801E0,-4.550554943E0,3.591737584E0
1.073642917E0,7.896895704E0,-4.610232796E0,3.552590183E0
1.083665917E0,7.885377858E0,-4.661475455E0,3.511063842E0
1.093687917E0,7.876452084E0,-4.706600757E0,3.470662798E0
1.103710917E0,7.865740569E0,-4.750924113E0,3.434378486E0
1.113732917E0,7.848700029E0,-4.798571027E0,3.407012347E0
1.123754917E0,7.823069344E0,-4.848383750E0,3.395420827E0
1.133777917E0,7.790455329E0,-4.898011700E0,3.399177370E0
1.143799917E0,7.752224479E0,-4.946922782E0,3.415710080E0
1.153821917E0,7.711549492E0,-4.993356691E0,3.440130392E0
1.163844917E0,7.676895384E0,-5.033741071E0,3.458732724E0
1.173866917E0,7.652763925E0,-5.065876198E0,3.465285991E0
1.183889917E0,7.639612368E0,-5.086862440E0,3.463560477E0
1.193911917E0,7.637235475E0,-5.091729078E0,3.461651654E0
1.203933917E0,7.646829001E0,-5.080474942E0,3.457003410E0
1.213956375E0,7.667781329E0,-5.058584136E0,3.442668376E0
1.223978375E0,7.697158325E0,-5.032621329E0,3.415049930E0
1.234001375E0,7.730239533E0,-5.007954850E0,3.376371475E0
1.244023375E0,7.763540010E0,-4.987345169E0,3.330155960E0
1.254045375E0,7.795053579E0,-4.968917668E0,3.283764151E0
1.264068375E0,7.828727109E0,-4.944792641E0,3.239778471E0
1.274090375E0,7.869039568E0,-4.906274108E0,3.200436650E0
1.284113375E0,7.915880443E0,-4.849275742E0,3.171666010E0
1.294135375E0,7.968024158E0,-4.777083679E0,3.150581827E0
1.304157375E0,8.024914643E0,-4.698903775E0,3.123641658E0
1.314180375E0,8.082334886E0,-4.626694754E0,3.083123962E0
1.324202375E0,8.135093728E0,-4.568494786E0,3.030713322E0
1.334225375E0,8.181465071E0,-4.520731512E0,2.977030035E0
1.344247375E0,8.221045459E0,-4.473053024E0,2.939782979E0
1.354269375E0,8.255552802E0,-4.414430301E0,2.931682246E0
1.364292375E0,8.286679285E0,-4.341005060E0,2.953424241E0
1.374314375E0,8.311264488E0,-4.261300202E0,3.000051985E0
1.384337375E0,8.325504797E0,-4.189744023E0,3.060735266E0
1.394359375E0,8.329097326E0,-4.136401336E0,3.122890291E0
1.404381375E0,8.326592379E0,-4.102626942E0,3.173705519E0
1.414404375E0,8.326073731E0,-4.083188458E0,3.200026760E0
1.424426375E0,8.335787711E0,-4.068817756E0,3.193035829E0
1.434449375E0,8.356992053E0,-4.054699362E0,3.155344092E0
1.444471375E0,8.381217068E0,-4.040239197E0,3.109300193E0
1.454493375E0,8.400460839E0,-4.024940835E0,3.077045197E0
1.464516375E0,8.410439113E0,-4.010863663E0,3.068156260E0
1.474538375E0,8.411102187E0,-4.002102195E0,3.077766159E0
1.484561375E0,8.406393424E0,-4.000380190E0,3.092831802E0
1.494583375E0,8.398949334E0,-4.001779721E0,3.111188259E0
1.504605375E0,8.389201441E0,-4.001757794E0,3.137408051E0
1.514628375E0,8.378476478E0,-4.001770073E0,3.165923460E0
1.524650375E0,8.367294847E0,-4.008168974E0,3.187328654E0
1.534673375E0,8.356673965E0,-4.024090357E0,3.195120946E0
1.544695375E0,8.351310899E0,-4.041762689E0,3.186824040E0
1.554717375E0,8.353434607E0,-4.051330488E0,3.169064291E0
1.564740375E0,8.359002911E0,-4.049017330E0,3.157313142E0
1.574762375E0,8.364192899E0,-4.038480940E0,3.157063174E0
1.584785375E0,8.367312974E0,-4.028725153E0,3.161258259E0
1.594807375E0,8.366689076E0,-4.028543597E0,3.163136677E0
1.604829375E0,8.365452390E0,-4.036847812E0,3.155814208E0
1.614852375E0,8.367474942E0,-4.046759427E0,3.137703920E0
1.624874375E0,8.372453846E0,-4.050184726E0,3.119958205E0
1.634897375E0,8.376418258E0,-4.046085244E0,3.114631099E0
1.644919375E0,8.376041113E0,-4.039645997E0,3.123990152E0
1.654941375E0,8.371883157E0,-4.038494681E0,3.136597042E0
1.664964375E0,8.365787435E0,-4.049617254E0,3.138519606E0
1.674986375E0,8.362174441E0,-4.070381886E0,3.121236699E0
1.685009375E0,8.365501506E0,-4.090688974E0,3.085573069E0
1.695031375E0,8.371881988E0,-4.101860079E0,3.053265740E0
1.705053375E0,8.374964640E0,-4.104299830E0,3.041510790E0
1.715076375E0,8.369526730E0,-4.107495334E0,3.052147753E0
1.725098375E0,8.353543366E0,-4.122459528E0,3.075667885E0
1.735121375E0,8.331570114E0,-4.150595160E0,3.097356085E0
1.745143375E0,8.314451805E0,-4.178348384E0,3.106025752E0
1.755165375E0,8.307772531E0,-4.193365496E0,3.103658507E0
1.765188375E0,8.307187809E0,-4.196030657E0,3.101619875E0
1.775210375E0,8.304585798E0,-4.200225157E0,3.102914448E0
1.785233375E0,8.294141502E0,-4.224394623E0,3.098030269E0
1.795255375E0,8.276753637E0,-4.273654784E0,3.076903987E0
1.805277375E0,8.258760000E0,-4.331725529E0,3.043869849E0
1.815300375E0,8.247761387E0,-4.372501087E0,3.015253868E0
1.825322375E0,8.247215257E0,-4.380825476E0,3.004648481E0
1.835345375E0,8.250105536E0,-4.365542608E0,3.018924458E0
1.845367375E0,8.243593492E0,-4.353470447E0,3.053941678E0
1.855389375E0,8.218608339E0,-4.369470768E0,3.098114177E0
1.865412375E0,8.181751585E0,-4.415322002E0,3.130492841E0
1.875434375E0,8.146491120E0,-4.470939840E0,3.143483600E0
1.885457375E0,8.125566275E0,-4.514309223E0,3.135646285E0
1.895479375E0,8.125470380E0,-4.532039443E0,3.110216159E0
1.905501375E0,8.140476090E0,-4.527417511E0,3.077535778E0
1.915524375E0,8.160309260E0,-4.511814216E0,3.047786899E0
1.925546375E0,8.176732335E0,-4.497568645E0,3.024738052E0
1.935569375E0,8.182914596E0,-4.493598093E0,3.013898776E0
1.945591375E0,8.178204664E0,-4.499434199E0,3.017973408E0
1.955613375E0,8.169924422E0,-4.509415396E0,3.025497021E0
1.965636375E0,8.169603410E0,-4.512374087E0,3.021948930E0
1.975658375E0,8.185148233E0,-4.498335799E0,3.000734940E0
1.985681375E0,8.215606964E0,-4.467134764E0,2.963883740E0
1.995703375E0,8.252398229E0,-4.425465167E0,2.923915097E0
2.005725375E0,8.286126723E0,-4.384168037E0,2.890546792E0
2.015748375E0,8.313271837E0,-4.349159879E0,2.865385931E0
2.025770375E0,8.336937858E0,-4.318675713E0,2.842640262E0
2.035793375E0,8.364161909E0,-4.286549356E0,2.811117922E0
2.045815375E0,8.399749818E0,-4.246861672E0,2.764865569E0
2.055837375E0,8.443486991E0,-4.197660861E0,2.706155723E0
2.065860375E0,8.491296750E0,-4.141805918E0,2.641858571E0
2.075882375E0,8.537276915E0,-4.082856336E0,2.584821028E0
2.085905375E0,8.577209305E0,-4.024336525E0,2.544069444E0
2.095927375E0,8.610013354E0,-3.966783551E0,2.523568228E0
2.105949375E0,8.638509759E0,-3.908598492E0,2.516959705E0
2.115972375E0,8.667872722E0,-3.846303134E0,2.511981094E0
2.125994375E0,8.702583548E0,-3.774466874E0,2.500904713E0
2.136017375E0,8.743908160E0,-3.690401454E0,2.482160001E0
2.146039375E0,8.791959409E0,-3.594222943E0,2.453387900E0
2.156061375E0,8.846725600E0,-3.488906403E0,2.408129866E0
2.166084375E0,8.904262787E0,-3.383783113E0,2.345253440E0
2.176106375E0,8.958019749E0,-3.289044479E0,2.274238275E0
2.186129375E0,9.003420455E0,-3.217942629E0,2.195305103E0
2.196151375E0,9.038983220E0,-3.169223628E0,2.118704385E0
2.206173375E0,9.068595859E0,-3.127688516E0,2.052857282E0
2.216195875E0,9.096465443E0,-3.078038054E0,2.004019144E0
2.226217875E0,9.122641089E0,-3.007343755E0,1.992336115E0
2.236239875E0,9.147109348E0,-2.911602031E0,2.022143174E0
2.246262875E0,9.170673627E0,-2.795991760E0,2.077800627E0
2.256284875E0,9.196587317E0,-2.675881764E0,2.120980560E0
2.266307875E0,9.223613732E0,-2.583066864E0,2.118681143E0
2.276329875E0,9.245002847E0,-2.546105736E0,2.069627243E0
2.286351875E0,9.251921273E0,-2.573363994E0,2.003958918E0
2.296374875E0,9.240754845E0,-2.653341625E0,1.950467566E0
2.306396875E0,9.214342972E0,-2.775817112E0,1.904422204E0
2.316419875E0,9.173726458E0,-2.942258982E0,1.849858181E0
2.326441875E0,9.117005543E0,-3.159155892E0,1.770886417E0
2.336464875E0,9.041885778E0,-3.418433129E0,1.671735620E0
2.346486875E0,8.948723845E0,-3.697273979E0,1.576902991E0
2.356508875E0,8.830958583E0,-3.993468781E0,1.517387984E0
2.366531875E0,8.674709871E0,-4.323240049E0,1.514963289E0
2.376553875E0,8.471367100E0,-4.691116745E0,1.570176208E0
2.386575875E0,8.222399674E0,-5.081929144E0,1.673993376E0
2.396598875E0,7.931189039E0,-5.470489488E0,1.845557553E0
2.406620875E0,7.595060678E0,-5.840843357E0,2.106106852E0
2.416643875E0,7.208106564E0,-6.190137894E0,2.441616285E0
2.426665875E0,6.757378623E0,-6.528957728E0,2.818983889E0
2.436687875E0,6.231917419E0,-6.864960374E0,3.204940468E0
2.446710875E0,5.670860120E0,-7.192009764E0,3.514605793E0
2.456732875E0,5.141693535E0,-7.490779679E0,3.699635670E0
2.466755875E0,4.671962436E0,-7.736612413E0,3.814930483E0
2.476777875E0,4.301198678E0,-7.922011249E0,3.870082298E0
2.486799875E0,4.023016808E0,-8.070301316E0,3.862860402E0
2.496822875E0,3.797382112E0,-8.198866970E0,3.820284194E0
2.506844875E0,3.590068496E0,-8.309559440E0,3.781368342E0
2.516867875E0,3.386203568E0,-8.399707133E0,3.770231151E0
2.526889875E0,3.201028681E0,-8.467606171E0,3.780101251E0
2.536911875E0,3.044554851E0,-8.515169762E0,3.802455156E0
2.546934875E0,2.900075122E0,-8.548737457E0,3.839890493E0
2.556956875E0,2.756279810E0,-8.573694543E0,3.889830977E0
2.566979875E0,2.609233446E0,-8.595049160E0,3.943747860E0
2.577001875E0,2.470133448E0,-8.611779213E0,3.996474250E0
2.587023875E0,2.356367828E0,-8.617942178E0,4.051506197E0
2.597046875E0,2.275525978E0,-8.610063055E0,4.113986328E0
2.607068875E0,2.219663142E0,-8.596275905E0,4.172917491E0
2.617091875E0,2.189409940E0,-8.582833157E0,4.216345931E0
2.627113875E0,2.199684229E0,-8.568398720E0,4.240289109E0
2.637135875E0,2.266072054E0,-8.546899678E0,4.248708223E0
2.647158875E0,2.362310499E0,-8.528734133E0,4.232763743E0
2.657180875E0,2.430352647E0,-8.528224255E0,4.195101242E0
2.667203875E0,2.451148270E0,-8.533917689E0,4.171356284E0
2.677225875E0,2.447613043E0,-8.526511606E0,4.188542713E0
2.687247875E0,2.442430364E0,-8.513114465E0,4.218709668E0
2.697270875E0,2.406363422E0,-8.515462707E0,4.234667596E0
2.707292875E0,2.317013435E0,-8.536729615E0,4.241673730E0
2.717315875E0,2.192699145E0,-8.561953334E0,4.256891401E0
2.727337875E0,2.076984209E0,-8.572955455E0,4.292628121E0
2.737359875E0,1.981572853E0,-8.567316400E0,4.348626906E0
2.747382875E0,1.884757872E0,-8.551882090E0,4.421437020E0
2.757404875E0,1.766501005E0,-8.534117079E0,4.503824581E0
2.767426875E0,1.637828055E0,-8.521095330E0,4.576520674E0
2.777449875E0,1.534827597E0,-8.516854929E0,4.619911399E0
2.787471875E0,1.481700819E0,-8.516514621E0,4.637848026E0
2.797494875E0,1.492710395E0,-8.508498089E0,4.649018839E0
2.807516875E0,1.567720524E0,-8.487194928E0,4.663245992E0
2.817538875E0,1.673633041E0,-8.459591392E0,4.676575889E0
2.827561875E0,1.777561744E0,-8.430437175E0,4.690852743E0
2.837583875E0,1.864552526E0,-8.400923354E0,4.709993311E0
2.847606875E0,1.935468873E0,-8.373180070E0,4.730741571E0
2.857628875E0,2.006345897E0,-8.346019753E0,4.749171703E0
2.867650875E0,2.091567311E0,-8.313222136E0,4.769882833E0
2.877673875E0,2.191051254E0,-8.270876600E0,4.798749952E0
2.887695875E0,2.292584645E0,-8.223839843E0,4.832041074E0
2.897718875E0,2.381719308E0,-8.178550234E0,4.865678644E0
2.907740875E0,2.453193480E0,-8.138615506E0,4.897027321E0
2.917762875E0,2.515148530E0,-8.106026049E0,4.919599913E0
2.927785875E0,2.580705758E0,-8.077515026E0,4.932525768E0
2.937807875E0,2.651850000E0,-8.046894327E0,4.944823632E0
2.947830875E0,2.725920482E0,-8.011934409E0,4.961285883E0
2.957852875E0,2.807751972E0,-7.974211682E0,4.976402689E0
2.967874875E0,2.908701519E0,-7.936612916E0,4.978526983E0
2.977897875E0,3.035642232E0,-7.899807032E0,4.961251384E0
2.987919875E0,3.189166434E0,-7.860735353E0,4.926882035E0
2.997942875E0,3.366915650E0,-7.818383385E0,4.875741995E0
3.007964875E0,3.556257556E0,-7.774815196E0,4.810549048E0
3.017986875E0,3.749667955E0,-7.725758811E0,4.742231350E0
3.028009875E0,3.948814472E0,-7.668057318E0,4.673741452E0
3.038031875E0,4.147343816E0,-7.605171098E0,4.604021591E0
3.048054875E0,4.339608745E0,-7.539251928E0,4.534707820E0
3.058076875E0,4.526242221E0,-7.470111526E0,4.466168512E0
3.068098875E0,4.708929411E0,-7.396393340E0,4.399480725E0
3.078121875E0,4.891642036E0,-7.317434294E0,4.331637236E0
3.088143875E0,5.077715641E0,-7.234374595E0,4.256374215E0
3.098165875E0,5.268165302E0,-7.149475948E0,4.167436311E0
3.108188875E0,5.459892579E0,-7.065958997E0,4.061761044E0
3.118210875E0,5.645393157E0,-6.984775670E0,3.946965875E0
3.128233875E0,5.817525830E0,-6.906274461E0,3.833519366E0
3.138255875E0,5.974265124E0,-6.830676395E0,3.726409778E0
3.148277875E0,6.117382159E0,-6.759294171E0,3.622938327E0
3.158300875E0,6.246648309E0,-6.692178660E0,3.525651183E0
3.168322875E0,6.362425518E0,-6.629026977E0,3.436804788E0
3.178345875E0,6.466563844E0,-6.568945667E0,3.356872473E0
3.188367875E0,6.562404971E0,-6.508753844E0,3.287410767E0
3.198389875E0,6.658402219E0,-6.445290504E0,3.218695166E0
3.208412875E0,6.756541886E0,-6.378969630E0,3.145470776E0
3.218434875E0,6.852128075E0,-6.309937402E0,3.077196055E0
3.228457875E0,6.945646103E0,-6.234656839E0,3.020455844E0
3.238479875E0,7.043591058E0,-6.148388189E0,2.970056938E0
3.248501875E0,7.150050144E0,-6.052293878E0,2.912495485E0
3.258524875E0,7.262593258E0,-5.953449621E0,2.836770534E0
3.268546875E0,7.380968969E0,-5.857532480E0,2.728864555E0
3.278569875E0,7.500625221E0,-5.769551180E0,2.586308268E0
3.288591875E0,7.612245644E0,-5.690287494E0,2.431138806E0
3.298613875E0,7.712511359E0,-5.615505114E0,2.284590332E0
3.308636875E0,7.805394965E0,-5.536556593E0,2.158345145E0
3.318658875E0,7.895964827E0,-5.445317225E0,2.058729495E0
3.328681875E0,7.985998499E0,-5.341482369E0,1.982040776E0
3.338703875E0,8.074908337E0,-5.228072698E0,1.923338824E0
3.348725875E0,8.162739948E0,-5.108954390E0,1.871998663E0
3.358748875E0,8.246377351E0,-4.988723942E0,1.829211954E0
3.368770875E0,8.322264855E0,-4.870406995E0,1.804207214E0
3.378793875E0,8.389106716E0,-4.753894207E0,1.805399023E0
3.388815875E0,8.446822827E0,-4.642259165E0,1.826668708E0
3.398837875E0,8.492594247E0,-4.541724186E0,1.866729737E0
3.408860875E0,8.526312216E0,-4.455818940E0,1.919318279E0
3.418882875E0,8.553206484E0,-4.379759821E0,1.973947060E0
3.428904875E0,8.581443858E0,-4.306568176E0,2.012063159E0
3.438927875E0,8.617198997E0,-4.230954030E0,2.019656645E0
3.448949875E0,8.663290259E0,-4.150015116E0,1.990190479E0
3.458972875E0,8.720129288E0,-4.061169013E0,1.924151733E0
3.468994875E0,8.784474973E0,-3.965545695E0,1.828537478E0
3.479016875E0,8.848835860E0,-3.871589126E0,1.716106631E0
3.489039875E0,8.905789495E0,-3.787897343E0,1.604632680E0
3.499061875E0,8.953478801E0,-3.716551080E0,1.502846251E0
3.509084875E0,8.992221867E0,-3.657816968E0,1.412949111E0
3.519106875E0,9.024368105E0,-3.606622256E0,1.337599405E0
3.529128875E0,9.054675978E0,-3.552589598E0,1.275951918E0
3.539151875E0,9.087111652E0,-3.487371216E0,1.224238046E0
3.549173875E0,9.123262648E0,-3.408139690E0,1.177605844E0
3.559196875E0,9.160263829E0,-3.322230059E0,1.135103310E0
3.569218875E0,9.193255574E0,-3.244937469E0,1.091118142E0
3.579240875E0,9.219901920E0,-3.186686922E0,1.036602285E0
3.589263875E0,9.240245553E0,-3.149861158E0,9.655785681E-1
3.599285875E0,9.255188112E0,-3.130628204E0,8.813434332E-1
3.609308875E0,9.269021455E0,-3.117438932E0,7.764764710E-1
3.619330875E0,9.284944008E0,-3.099553761E0,6.470795620E-1
3.629352875E0,9.301164769E0,-3.077025901E0,5.063310148E-1
3.639375875E0,9.313194246E0,-3.058810070E0,3.797465435E-1
3.649397875E0,9.319981694E0,-3.048037452E0,2.889798677E-1
3.659420875E0,9.323006458E0,-3.042724672E0,2.438935044E-1
3.669442875E0,9.320803227E0,-3.050496499E0,2.306838037E-1
3.679464875E0,9.311911951E0,-3.077483446E0,2.312879856E-1
3.689487875E0,9.299780148E0,-3.112869625E0,2.454097240E-1
3.699509875E0,9.291790513E0,-3.134442343E0,2.720112113E-1
3.709531875E0,9.291624452E0,-3.131365830E0,3.104058748E-1
3.719554875E0,9.295756679E0,-3.113985859E0,3.578728772E-1
3.729576875E0,9.297599137E0,-3.101675131E0,4.127702653E-1
3.739599875E0,9.294445149E0,-3.101946442E0,4.767871537E-1
3.749621875E0,9.289314802E0,-3.106941426E0,5.400364854E-1
3.759643875E0,9.285324077E0,-3.111350226E0,5.817009302E-1
3.769666875E0,9.284051138E0,-3.114147827E0,5.870164512E-1
3.779688875E0,9.287405686E0,-3.111774150E0,5.450418117E-1
3.789711875E0,9.295378364E0,-3.102157526E0,4.567995799E-1
3.799733875E0,9.304438040E0,-3.089700618E0,3.424800089E-1
3.809755875E0,9.312975560E0,-3.074297006E0,2.307758974E-1
3.819778875E0,9.321194406E0,-3.054710003E0,1.421076137E-1
3.829800875E0,9.328672410E0,-3.034242409E0,7.319018761E-2
3.839823875E0,9.334464662E0,-3.017191343E0,2.086214825E-2
3.849845875E0,9.340054016E0,-2.999898788E0,-1.101466393E-2
3.859867875E0,9.347943079E0,-2.975160972E0,-2.208522588E-2
3.869890875E0,9.360432732E0,-2.935663615E0,-1.689102316E-2
3.879912875E0,9.377612436E0,-2.880365620E0,1.200491189E-3
3.889935875E0,9.397494723E0,-2.814700803E0,2.536495426E-2
3.899957875E0,9.417706794E0,-2.746028764E0,4.730727282E-2
3.909979875E0,9.436062958E0,-2.682028357E0,5.961846204E-2
3.920002875E0,9.450600305E0,-2.630329323E0,6.037739865E-2
3.930024875E0,9.459729563E0,-2.597337286E0,5.889735874E-2
3.940047875E0,9.463078263E0,-2.584878039E0,6.818982237E-2
3.950069875E0,9.461822866E0,-2.588576695E0,9.625563981E-2
3.960091875E0,9.457523993E0,-2.601964188E0,1.453522246E-1
3.970114875E0,9.450419626E0,-2.622924409E0,2.143248475E-1
3.980136875E0,9.438940957E0,-2.655034686E0,3.054576686E-1
3.990159875E0,9.420519304E0,-2.704146912E0,4.212997815E-1
4.000181875E0,9.391928759E0,-2.777049120E0,5.619385473E-1
4.010203875E0,9.349889617E0,-2.878234310E0,7.290149139E-1
4.020226875E0,9.294480817E0,-3.005659465E0,9.026427933E-1
4.030248875E0,9.229632272E0,-3.149688958E0,1.062758854E0
4.040271875E0,9.159376221E0,-3.305155312E0,1.190756451E0
4.050293875E0,9.083027372E0,-3.482166610E0,1.268554605E0
4.060315875E0,8.992198479E0,-3.701779844E0,1.293566363E0
4.070338875E0,8.873206471E0,-3.983847772E0,1.277205561E0
4.080360875E0,8.716433263E0,-4.326731714E0,1.240682829E0
4.090382875E0,8.520377877E0,-4.713511873E0,1.192504403E0
4.100405875E0,8.287827094E0,-5.122156234E0,1.145225060E0
4.110427875E0,8.026541923E0,-5.527265368E0,1.122524487E0
4.120450875E0,7.747539105E0,-5.908426060E0,1.141152328E0
4.130472875E0,7.459466670E0,-6.255055436E0,1.211092628E0
4.140494875E0,7.166427026E0,-6.565702216E0,1.330409815E0
4.150517875E0,6.867479355E0,-6.846669699E0,1.482202948E0
4.160539875E0,6.555880648E0,-7.105123647E0,1.665455710E0
4.170562875E0,6.228106788E0,-7.343842658E0,1.874771558E0
4.180584875E0,5.898225592E0,-7.556971330E0,2.083081832E0
4.190606875E0,5.587106357E0,-7.737950256E0,2.268140799E0
4.200629875E0,5.308411687E0,-7.885831602E0,2.422917036E0
4.210652292E0,5.066470860E0,-8.005470897E0,2.545466343E0
4.220675292E0,4.857947456E0,-8.106373959E0,2.631190326E0
4.230697292E0,4.672090490E0,-8.197714484E0,2.684240651E0
4.240719292E0,4.499930335E0,-8.282507297E0,2.717867404E0
4.250742292E0,4.341633636E0,-8.357650450E0,2.745176532E0
4.260764292E0,4.205821527E0,-8.418771395E0,2.769737177E0
4.270787292E0,4.101447558E0,-8.464712384E0,2.786192119E0
4.280809292E0,4.034879639E0,-8.494085287E0,2.793984411E0
4.290831292E0,4.012068774E0,-8.504252425E0,2.795904052E0
4.300854292E0,4.032913806E0,-8.495700873E0,2.791912158E0
4.310876292E0,4.089347915E0,-8.474588916E0,2.773928169E0
4.320899292E0,4.164214495E0,-8.450121242E0,2.736947453E0
4.330921292E0,4.240912423E0,-8.432087844E0,2.674072051E0
4.340943292E0,4.309442667E0,-8.432839211E0,2.559697882E0
4.350966292E0,4.356157242E0,-8.448461802E0,2.425586436E0
4.360988292E0,4.376652318E0,-8.466149045E0,2.324941236E0
4.371010292E0,4.383461401E0,-8.474452676E0,2.281452716E0
4.381033292E0,4.393765072E0,-8.469239298E0,2.280988593E0
4.391055292E0,4.409552554E0,-8.458686828E0,2.289664692E0
4.401078292E0,4.413507903E0,-8.456686496E0,2.289430511E0
4.411100292E0,4.390038641E0,-8.466254879E0,2.299172849E0
4.421122292E0,4.348911957E0,-8.480669435E0,2.324071609E0
4.431145292E0,4.303492833E0,-8.496912416E0,2.349160988E0
4.441167292E0,4.257224108E0,-8.513044299E0,2.374915634E0
4.451190292E0,4.214875648E0,-8.522993336E0,2.414436088E0
4.461212292E0,4.191510175E0,-8.518845322E0,2.469136498E0
4.471234292E0,4.196137953E0,-8.500140663E0,2.525104000E0
4.481257292E0,4.218107697E0,-8.476568198E0,2.567385508E0
4.491279292E0,4.237313754E0,-8.458266998E0,2.595958220E0
4.501302292E0,4.239833319E0,-8.447076597E0,2.628081069E0
4.511324292E0,4.225658499E0,-8.439291614E0,2.675495556E0
4.521346292E0,4.201522070E0,-8.433203493E0,2.732103620E0
4.531369292E0,4.169716432E0,-8.430407939E0,2.788867220E0
4.541391292E0,4.124850454E0,-8.435270483E0,2.840408379E0
4.551414292E0,4.062204263E0,-8.451016451E0,2.883556446E0
4.561436292E0,3.989833275E0,-8.471824937E0,2.923270150E0
4.571458292E0,3.921311216E0,-8.487735211E0,2.969474555E0
4.581481292E0,3.863078503E0,-8.495083407E0,3.024283139E0
4.591503292E0,3.816610681E0,-8.496084450E0,3.079956818E0
4.601526292E0,3.782201571E0,-8.493300006E0,3.129681540E0
4.611548292E0,3.752150390E0,-8.490892122E0,3.172097827E0
4.621570292E0,3.713985029E0,-8.493153241E0,3.210728334E0
4.631593292E0,3.663770018E0,-8.497747983E0,3.255945145E0
4.641615292E0,3.609832085E0,-8.499691013E0,3.310659589E0
4.651637292E0,3.565639414E0,-8.495682161E0,3.368339740E0
4.661660292E0,3.540590527E0,-8.484820958E0,3.421715171E0
4.671682292E0,3.534503868E0,-8.468380927E0,3.468416297E0
4.681705292E0,3.536280544E0,-8.449842330E0,3.511552084E0
4.691727292E0,3.540438792E0,-8.431719469E0,3.550703579E0
4.701749292E0,3.548833639E0,-8.413905342E0,3.584419501E0
4.711772292E0,3.565502004E0,-8.393275196E0,3.616106732E0
4.721794292E0,3.589662115E0,-8.367277306E0,3.652272053E0
4.731817292E0,3.618720145E0,-8.335698833E0,3.695551389E0
4.741839292E0,3.646988217E0,-8.302082021E0,3.743128137E0
4.751861292E0,3.671169085E0,-8.270152130E0,3.789881596E0
4.761884292E0,3.690392099E0,-8.243198805E0,3.829726278E0
4.771906292E0,3.703974596E0,-8.223904747E0,3.857989087E0
4.781929292E0,3.716925886E0,-8.209668531E0,3.875808769E0
4.791951292E0,3.738305353E0,-8.194938226E0,3.886405678E0
4.801973292E0,3.769229815E0,-8.177632222E0,3.892986427E0
4.811996292E0,3.803296863E0,-8.158000195E0,3.901032780E0
4.822018292E0,3.834452582E0,-8.136205868E0,3.916022995E0
4.832041292E0,3.857913950E0,-8.113220463E0,3.940591241E0
4.842063292E0,3.869309881E0,-8.091433153E0,3.974071813E0
4.852085292E0,3.870168252E0,-8.072661252E0,4.011240808E0
4.862108292E0,3.867222133E0,-8.056762088E0,4.045898717E0
4.872130292E0,3.867385855E0,-8.043393014E0,4.072255042E0
4.882153292E0,3.876170712E0,-8.030936691E0,4.088453291E0
4.892175292E0,3.892628869E0,-8.017522008E0,4.099133230E0
4.902197292E0,3.913584121E0,-8.001728094E0,4.110027470E0
4.912220292E0,3.938361697E0,-7.982434621E0,4.123852627E0
4.922242292E0,3.964557808E0,-7.960882954E0,4.140377443E0
4.932265292E0,3.985908624E0,-7.938201020E0,4.163364894E0
4.942287292E0,4.000849721E0,-7.915231987E0,4.192662368E0
4.952309292E0,4.008492325E0,-7.892643608E0,4.227797995E0
4.962332292E0,4.006475912E0,-7.870801919E0,4.270215159E0
4.972354292E0,3.992476801E0,-7.849665989E0,4.321918579E0
4.982376292E0,3.967318863E0,-7.828577421E0,4.382905330E0
4.992399292E0,3.939060732E0,-7.809286872E0,4.442401919E0
5.002421292E0,3.916440193E0,-7.796896622E0,4.483972699E0
5.012444292E0,3.905030521E0,-7.796458080E0,4.494673396E0
5.022466292E0,3.905552093E0,-7.808164791E0,4.473849999E0
5.032488292E0,3.917891180E0,-7.823455845E0,4.436188375E0
5.042511292E0,3.940978326E0,-7.833025398E0,4.398693690E0
5.052533292E0,3.965490731E0,-7.836047823E0,4.371194819E0
5.062556292E0,3.981855334E0,-7.836526710E0,4.355431018E0
5.072578292E0,3.989996120E0,-7.838802447E0,4.343870780E0
5.082600292E0,3.993426096E0,-7.844443840E0,4.330513693E0
5.092623292E0,3.994983502E0,-7.852115972E0,4.315146626E0
5.102645292E0,3.995682245E0,-7.860350606E0,4.299477842E0
5.112668292E0,3.999575321E0,-7.868372401E0,4.281147698E0
5.122690292E0,4.012055326E0,-7.875863854E0,4.255617878E0
5.132712292E0,4.034500155E0,-7.882166567E0,4.222602451E0
5.142735292E0,4.061178369E0,-7.888150023E0,4.185692195E0
5.152757292E0,4.082728575E0,-7.895381275E0,4.150950378E0
5.162780292E0,4.094889906E0,-7.904029891E0,4.122413920E0
5.172802292E0,4.100919847E0,-7.912572089E0,4.099971429E0
5.182824292E0,4.106439326E0,-7.919564189E0,4.080901904E0
5.192847292E0,4.112066394E0,-7.924283477E0,4.066048515E0
5.202869292E0,4.114585960E0,-7.927115284E0,4.057969417E0
5.212891875E0,4.111556225E0,-7.930335930E0,4.054748478E0
5.222913875E0,4.101806870E0,-7.935876752E0,4.053780179E0
5.232935875E0,4.086435417E0,-7.944102030E0,4.053194288E0
5.242958875E0,4.068839976E0,-7.952575815E0,4.054278947E0
5.252980875E0,4.051928951E0,-7.957990336E0,4.060586338E0
5.263002875E0,4.034442560E0,-7.960302910E0,4.073445827E0
5.273025875E0,4.013678513E0,-7.960581238E0,4.093364660E0
5.283047875E0,3.992333837E0,-7.958966237E0,4.117309008E0
5.293070875E0,3.976570913E0,-7.955641510E0,4.138933181E0
5.303092875E0,3.969072151E0,-7.951874149E0,4.153343059E0
5.313114875E0,3.966404651E0,-7.948014402E0,4.163266661E0
5.323137875E0,3.967594559E0,-7.942637302E0,4.172386271E0
5.333159875E0,3.974945679E0,-7.934714910E0,4.180453967E0
5.343182875E0,3.987314294E0,-7.925303816E0,4.186524546E0
5.353204875E0,3.999565381E0,-7.916994338E0,4.190558248E0
5.363226875E0,4.004694850E0,-7.911689159E0,4.195674562E0
5.373249875E0,3.998995569E0,-7.909360798E0,4.205489405E0
5.383271875E0,3.985581764E0,-7.908220006E0,4.220342795E0
5.393294875E0,3.970829532E0,-7.905629105E0,4.239062364E0
5.403316875E0,3.961313773E0,-7.899604719E0,4.259149596E0
5.413338875E0,3.963774866E0,-7.890415235E0,4.273866161E0
5.423361875E0,3.977188671E0,-7.878478144E0,4.283417295E0
5.433383875E0,3.992258992E0,-7.862964896E0,4.297878629E0
5.443406875E0,4.003359639E0,-7.843734573E0,4.322621706E0
5.453428875E0,4.016460910E0,-7.821019310E0,4.351529756E0
5.463450875E0,4.039607406E0,-7.795003293E0,4.376710790E0
5.473473875E0,4.077116125E0,-7.767047170E0,4.391606572E0
5.483495875E0,4.130972489E0,-7.732320557E0,4.402542619E0
5.493518875E0,4.201266254E0,-7.683012156E0,4.422305916E0
5.503540875E0,4.289448113E0,-7.619044202E0,4.448246503E0
5.513562875E0,4.396617928E0,-7.547899375E0,4.464868676E0
5.523585875E0,4.514492826E0,-7.477613504E0,4.465506022E0
5.533607875E0,4.635660875E0,-7.412697131E0,4.449567682E0
5.543630875E0,4.757782605E0,-7.354232576E0,4.417562655E0
5.553652875E0,4.883719351E0,-7.297585920E0,4.373857934E0
5.563674875E0,5.013876910E0,-7.236507660E0,4.327826898E0
5.573697875E0,5.145934521E0,-7.168392275E0,4.285978668E0
5.583719875E0,5.275292473E0,-7.094191693E0,4.252039966E0
5.593741875E0,5.398378701E0,-7.018163272E0,4.223623083E0
5.603764875E0,5.518017996E0,-6.944169096E0,4.191195010E0
5.613786875E0,5.648380499E0,-6.872600931E0,4.135124889E0
5.623809875E0,5.802536493E0,-6.803607879E0,4.034549856E0
5.633831875E0,5.969210206E0,-6.735018870E0,3.904376803E0
5.643853875E0,6.133096551E0,-6.665913552E0,3.766540096E0
5.653876875E0,6.291414008E0,-6.598630811E0,3.621090022E0
5.663898875E0,6.444169593E0,-6.532602882E0,3.468987278E0
5.673921875E0,6.593060169E0,-6.462725732E0,3.316749756E0
5.683943875E0,6.740044552E0,-6.380920846E0,3.176749287E0
5.693965875E0,6.887775040E0,-6.280649868E0,3.057465211E0
5.703988875E0,7.036995984E0,-6.160641614E0,2.960284779E0
5.714010875E0,7.186974142E0,-6.026000703E0,2.875903902E0
5.724033875E0,7.335024472E0,-5.886224767E0,2.790320545E0
5.734055875E0,7.480271063E0,-5.750238996E0,2.686338048E0
5.744077875E0,7.625952687E0,-5.619965370E0,2.548910353E0
5.754100875E0,7.773665634E0,-5.490419138E0,2.379395625E0
5.764122875E0,7.921090897E0,-5.353145810E0,2.199151548E0
5.774145875E0,8.068697425E0,-5.198347793E0,2.027163447E0
5.784167875E0,8.218893099E0,-5.022477579E0,1.860270464E0
5.794189875E0,8.370296808E0,-4.827559768E0,1.693783716E0
5.804212875E0,8.517689327E0,-4.621650654E0,1.524929284E0
5.814234875E0,8.656875864E0,-4.413239516E0,1.348296301E0
5.824257875E0,8.786063662E0,-4.206729015E0,1.159573761E0
5.834279875E0,8.904986088E0,-4.001010228E0,9.639634209E-1
5.844301875E0,9.014795043E0,-3.791902686E0,7.687966648E-1
5.854324875E0,9.117238846E0,-3.575344038E0,5.735533468E-1
5.864346875E0,9.212842577E0,-3.349762551E0,3.724393512E-1
5.874368875E0,9.299865518E0,-3.117836835E0,1.664671964E-1
5.884391875E0,9.377476780E0,-2.880492797E0,-4.224054169E-2
5.894413875E0,9.445634850E0,-2.638077176E0,-2.380178202E-1
5.904436875E0,9.506037172E0,-2.391748453E0,-3.884314129E-1
5.914458875E0,9.562917132E0,-2.139195514E0,-4.588565938E-1
5.924480875E0,9.618189107E0,-1.880566880E0,-4.358862822E-1
5.934503875E0,9.669520059E0,-1.620412415E0,-3.328322127E-1
5.944525875E0,9.712139829E0,-1.371315620E0,-1.730249036E-1
5.954548875E0,9.741820881E0,-1.154549688E0,8.109929367E-3
5.964570875E0,9.758881302E0,-9.874156527E-1,1.592181473E-1
5.974592875E0,9.768584756E0,-8.620207243E-1,2.603134727E-1
5.984615875E0,9.776939258E0,-7.385890717E-1,3.194853582E-1
5.994637875E0,9.786480160E0,-5.855070656E-1,3.436085946E-1
6.004660875E0,9.796533278E0,-3.903403095E-1,3.341878531E-1
6.014682875E0,9.804288440E0,-1.700376524E-1,2.882784211E-1
6.024704875E0,9.807051834E0,3.879445317E-2,2.373331843E-1
6.034727875E0,9.805806962E0,2.107007981E-1,1.945961957E-1
6.044749875E0,9.802588654E0,3.497018684E-1,1.519121427E-1
6.054772875E0,9.797431995E0,4.844568003E-1,1.084122021E-1
6.064794875E0,9.789560473E0,6.297055840E-1,6.396813724E-2
6.074816875E0,9.779323168E0,7.746671963E-1,2.884542944E-2
6.084839875E0,9.768673049E0,8.994064325E-1,1.318601719E-2
6.094861875E0,9.759696404E0,9.921766019E-1,4.694979267E-3
6.104884875E0,9.752907786E0,1.056715683E0,-1.631572795E-2
6.114906875E0,9.747587405E0,1.104355873E0,-3.215345287E-2
6.124928875E0,9.743274499E0,1.142052214E0,-2.052076222E-2
6.134951875E0,9.739791312E0,1.171551710E0,4.730310954E-3
6.144973875E0,9.737878688E0,1.187004804E0,2.873219674E-2
6.154996875E0,9.738594972E0,1.179799280E0,6.279576137E-2
6.165018875E0,9.742057693E0,1.147861935E0,1.040725540E-1
6.175040875E0,9.746698043E0,1.103623801E0,1.413987302E-1
6.185063875E0,9.750710403E0,1.062104331E0,1.779842926E-1
6.195085875E0,9.752349377E0,1.037642139E0,2.260190230E-1
6.205108875E0,9.752302600E0,1.025984106E0,2.758013217E-1
6.215131000E0,9.753535193E0,1.004573430E0,3.090100714E-1
6.225153000E0,9.757401372E0,9.628379781E-1,3.195964919E-1
6.235176000E0,9.762214215E0,9.132212835E-1,3.182672005E-1
6.245198000E0,9.765662903E0,8.731500953E-1,3.248606305E-1
6.255221000E0,9.766563374E0,8.505272911E-1,3.563152885E-1
6.265243000E0,9.766275106E0,8.273995797E-1,4.139959148E-1
6.275265000E0,9.765886266E0,7.871032738E-1,4.940297887E-1
6.285288000E0,9.765697986E0,7.321091142E-1,5.755518886E-1
6.295310000E0,9.766362814E0,6.718921486E-1,6.346883619E-1
6.305333000E0,9.768722751E0,6.176975957E-1,6.531546729E-1
6.315355000E0,9.772190149E0,5.779779349E-1,6.374559952E-1
6.325377000E0,9.775093877E0,5.542187608E-1,6.135786708E-1
6.335400000E0,9.776616492E0,5.334437863E-1,6.077244751E-1
6.345422000E0,9.777201213E0,4.983476651E-1,6.277863816E-1
6.355444000E0,9.776546325E0,4.476419266E-1,6.744260395E-1
6.365467000E0,9.774300410E0,3.941445080E-1,7.374256951E-1
6.375489000E0,9.771306635E0,3.405327764E-1,8.010648168E-1
6.385512000E0,9.766252887E0,2.847383340E-1,8.805194143E-1
6.395534000E0,9.757224201E0,2.312538525E-1,9.895446970E-1
6.405556000E0,9.746702721E0,1.807211367E-1,1.097830526E0
6.415579000E0,9.739525264E0,1.274904700E-1,1.166841777E0
6.425601000E0,9.736126277E0,7.188023772E-2,1.199499354E0
6.435624000E0,9.735193647E0,2.268941456E-2,1.208968773E0
6.445646000E0,9.736504592E0,-1.004317989E-2,1.198534929E0
6.455668000E0,9.737990370E0,-3.067081368E-2,1.186046226E0
6.465691000E0,9.735894728E0,-4.854163375E-2,1.202542610E0
6.475713000E0,9.727878195E0,-7.259414620E-2,1.264596625E0
6.485736000E0,9.713751322E0,-1.015908221E-1,1.367042913E0
6.495758000E0,9.694419258E0,-1.292973236E-1,1.495864237E0
6.505780000E0,9.673372790E0,-1.531188344E-1,1.624351246E0
6.515803000E0,9.654312621E0,-1.752571878E-1,1.731946738E0
6.525825000E0,9.640906125E0,-1.939586665E-1,1.803168456E0
6.535848000E0,9.638446786E0,-2.065862403E-1,1.814871366E0
6.545870000E0,9.646414202E0,-2.168640740E-1,1.770807918E0
6.555892000E0,9.658647746E0,-2.303152830E-1,1.701046104E0
6.565915000E0,9.670799430E0,-2.438075504E-1,1.628588869E0
6.575937000E0,9.678532373E0,-2.524497899E-1,1.580624598E0
6.585960000E0,9.678563363E0,-2.466218518E-1,1.581353015E0
6.595982000E0,9.672040794E0,-2.243536446E-1,1.624007283E0
6.606004000E0,9.660115982E0,-1.953616876E-1,1.697082861E0
6.616027000E0,9.643946092E0,-1.735310349E-1,1.788934140E0
6.626049000E0,9.627459283E0,-1.639160014E-1,1.876504527E0
6.636072000E0,9.614862626E0,-1.653302236E-1,1.939894046E0
6.646094000E0,9.606345572E0,-1.691444537E-1,1.981320253E0
6.656116000E0,9.600448655E0,-1.626396638E-1,2.010230788E0
6.666139000E0,9.596522834E0,-1.362029583E-1,2.030836522E0
6.676161000E0,9.595995415E0,-9.141969097E-2,2.035833845E0
6.686184000E0,9.598339564E0,-3.956701197E-2,2.026430206E0
6.696206000E0,9.602278833E0,1.260459496E-2,2.008027849E0
6.706228000E0,9.607724930E0,6.011385368E-2,1.980931852E0
6.716251000E0,9.613498471E0,1.008381210E-1,1.951044394E0
6.726273000E0,9.616470610E0,1.341372832E-1,1.934325888E0
6.736296000E0,9.614618797E0,1.631996261E-1,1.941285537E0
6.746318000E0,9.607940692E0,1.929104252E-1,1.971382179E0
6.756340000E0,9.596784205E0,2.286399826E-1,2.021277786E0
6.766363000E0,9.583879400E0,2.708615939E-1,2.076534705E0
6.776385000E0,9.572702447E0,3.135910725E-1,2.121589694E0
6.786408000E0,9.564354377E0,3.511316222E-1,2.153121097E0
6.796430000E0,9.558135279E0,3.825188180E-1,2.175279121E0
6.806452000E0,9.552196847E0,4.123604851E-1,2.195815273E0
6.816475000E0,9.544634058E0,4.459875665E-1,2.221971769E0
6.826497000E0,9.535042285E0,4.843512946E-1,2.254876390E0
6.836520000E0,9.523001699E0,5.245786034E-1,2.296379488E0
6.846542000E0,9.509198762E0,5.660385418E-1,2.343253693E0
6.856564000E0,9.495002891E0,6.075902815E-1,2.389947949E0
6.866587000E0,9.481526229E0,6.469349165E-1,2.432739627E0
6.876609000E0,9.469766309E0,6.843287377E-1,2.468060026E0
6.886631000E0,9.460255228E0,7.220325344E-1,2.493657674E0
6.896654000E0,9.451951012E0,7.628910501E-1,2.512911678E0
6.906676000E0,9.444758352E0,8.068705172E-1,2.526184565E0
6.916699000E0,9.440342535E0,8.509875400E-1,2.528207117E0
6.926721000E0,9.439573626E0,8.923728899E-1,2.516786043E0
6.936743000E0,9.441579221E0,9.283070268E-1,2.496180163E0
6.946766000E0,9.445723727E0,9.579032204E-1,2.469175967E0
6.956788000E0,9.450477514E0,9.836959465E-1,2.440682485E0
6.966811000E0,9.454263001E0,1.009089088E0,2.415525570E0
6.976833000E0,9.456937518E0,1.037069623E0,2.393102229E0
6.986855000E0,9.458910368E0,1.072184492E0,2.369712490E0
6.996878000E0,9.460122496E0,1.116044530E0,2.344490525E0
7.006900000E0,9.460306098E0,1.167593949E0,2.318502575E0
7.016923000E0,9.460201433E0,1.222914310E0,2.290237427E0
7.026945000E0,9.460659855E0,1.275937738E0,2.259202160E0
7.036967000E0,9.461390757E0,1.321759151E0,2.229611887E0
7.046990000E0,9.460714819E0,1.360604544E0,2.209014485E0
7.057012000E0,9.457941484E0,1.394502022E0,2.199727352E0
7.067035000E0,9.453816274E0,1.424258064E0,2.198401935E0
7.077057000E0,9.449153704E0,1.449177289E0,2.202153801E0
7.087079000E0,9.442904200E0,1.467003988E0,2.217108493E0
7.097102000E0,9.434229271E0,1.480386511E0,2.244969014E0
7.107124000E0,9.423194405E0,1.493028922E0,2.282623329E0
7.117147000E0,9.406942654E0,1.505016152E0,2.341037305E0
7.127169000E0,9.387895349E0,1.519060580E0,2.407483310E0
7.137191000E0,9.372218379E0,1.526584484E0,2.463157720E0
7.147214000E0,9.364380187E0,1.514737587E0,2.500015059E0
7.157236000E0,9.366470566E0,1.474738831E0,2.516042862E0
7.167259000E0,9.378858477E0,1.405214706E0,2.509675829E0
7.177281000E0,9.402611037E0,1.309576185E0,2.472245755E0
7.187303000E0,9.440296342E0,1.186302627E0,2.389477394E0
7.197326000E0,9.495177138E0,1.026736205E0,2.241323275E0
7.207348000E0,9.565878162E0,8.204601042E-1,2.014178535E0
7.217370625E0,9.643747287E0,5.634038230E-1,1.707869951E0
7.227392625E0,9.715819482E0,2.590487565E-1,1.331106510E0
7.237414625E0,9.768359638E0,-8.527496167E-2,8.988858841E-1
7.247437625E0,9.790039945E0,-4.527604695E-1,4.315572961E-1
7.257459625E0,9.775016109E0,-8.268614897E-1,-3.855994327E-2
7.267482625E0,9.725263320E0,-1.196875197E0,-4.720584373E-1
7.277504625E0,9.651115948E0,-1.556452501E0,-8.182381622E-1
7.287526625E0,9.568258563E0,-1.906828772E0,-1.023978731E0
7.297549625E0,9.486615061E0,-2.254698196E0,-1.075433571E0
7.307571625E0,9.405591947E0,-2.606232947E0,-9.891806348E-1
7.317594625E0,9.318305882E0,-2.965121303E0,-7.831474862E-1
7.327616625E0,9.215423537E0,-3.330361782E0,-4.698378110E-1
7.337638625E0,9.086161480E0,-3.697804906E0,-6.338348420E-2
7.347661625E0,8.920065472E0,-4.061907809E0,4.116142708E-1
7.357683625E0,8.712314485E0,-4.413411716E0,9.238401195E-1
7.367706625E0,8.466078293E0,-4.743103462E0,1.436874163E0
7.377728625E0,8.189068206E0,-5.048408226E0,1.920636387E0
7.387750625E0,7.886878254E0,-5.333982731E0,2.362600667E0
7.397773625E0,7.563372862E0,-5.604738051E0,2.760143943E0
7.407795625E0,7.225857541E0,-5.866041933E0,3.100425581E0
7.417818625E0,6.884786528E0,-6.117875079E0,3.377488001E0
7.427840625E0,6.552025579E0,-6.354496109E0,3.595473662E0
7.437862625E0,6.236967074E0,-6.572798982E0,3.759606467E0
7.447885625E0,5.941237711E0,-6.771682667E0,3.883569486E0
7.457907625E0,5.664719959E0,-6.944685405E0,3.989787959E0
7.467929625E0,5.405618139E0,-7.089094675E0,4.093913713E0
7.477952625E0,5.163512421E0,-7.206447709E0,4.200159961E0
7.487974625E0,4.943180564E0,-7.300367441E0,4.301826669E0
7.497997625E0,4.747160261E0,-7.373331921E0,4.397107925E0
7.508019625E0,4.568859067E0,-7.427646707E0,4.493515939E0
7.518041625E0,4.402716866E0,-7.464515741E0,4.597085331E0
7.528064625E0,4.258842325E0,-7.486046358E0,4.696539453E0
7.538086625E0,4.154353750E0,-7.492738497E0,4.778737272E0
7.548109625E0,4.099003422E0,-7.487573651E0,4.834306286E0
7.558131625E0,4.085867945E0,-7.480406134E0,4.856470741E0
7.568153625E0,4.097483731E0,-7.477773133E0,4.850736085E0
7.578176625E0,4.121757862E0,-7.480214930E0,4.826344717E0
7.588198625E0,4.165544152E0,-7.478795811E0,4.790818204E0
7.598221625E0,4.246740927E0,-7.467836959E0,4.736316892E0
7.608243625E0,4.368063928E0,-7.443640596E0,4.663510578E0
7.618265625E0,4.513881499E0,-7.409519169E0,4.578209935E0
7.628288625E0,4.661232503E0,-7.381905693E0,4.473978638E0
7.638310625E0,4.782782668E0,-7.370677285E0,4.362821022E0
7.648333625E0,4.865741794E0,-7.388908319E0,4.238477934E0
7.658355625E0,4.919534424E0,-7.435904145E0,4.091650256E0
7.668377625E0,4.961729102E0,-7.491400654E0,3.936528010E0
7.678400625E0,4.983942674E0,-7.532560374E0,3.828438428E0
7.688422625E0,4.964692470E0,-7.556069689E0,3.807063932E0
7.698445625E0,4.892028829E0,-7.581444851E0,3.850436238E0
7.708467625E0,4.768023711E0,-7.617819795E0,3.933305317E0
7.718489625E0,4.612500638E0,-7.647920676E0,4.058356503E0
7.728512625E0,4.455275734E0,-7.671958580E0,4.186606992E0
7.738534625E0,4.312861242E0,-7.709886544E0,4.265323671E0
7.748557625E0,4.183523170E0,-7.767786843E0,4.289025652E0
7.758579625E0,4.062937504E0,-7.839318171E0,4.274779496E0
7.768601625E0,3.958220303E0,-7.908726375E0,4.245071255E0
7.778624625E0,3.891909077E0,-7.962027839E0,4.206571725E0
7.788646625E0,3.889497101E0,-7.985410854E0,4.164268289E0
7.798669625E0,3.963933910E0,-7.971731293E0,4.120051352E0
7.808691625E0,4.110370409E0,-7.932194175E0,4.052316037E0
7.818713625E0,4.282947764E0,-7.888862799E0,3.957059923E0
7.828736625E0,4.417655625E0,-7.851295023E0,3.882988273E0
7.838758625E0,4.479206926E0,-7.821227471E0,3.873138345E0
7.848781625E0,4.482933356E0,-7.801250458E0,3.908951372E0
7.858803625E0,4.475097210E0,-7.785919644E0,3.948298748E0
7.868825625E0,4.472887255E0,-7.776155963E0,3.969987240E0
7.878848625E0,4.439292662E0,-7.776895051E0,4.006082395E0
7.888870625E0,4.380019729E0,-7.772992035E0,4.078247853E0
7.898893625E0,4.356892530E0,-7.757838975E0,4.131529144E0
7.908915625E0,4.408980696E0,-7.728361992E0,4.131516280E0
7.918937625E0,4.526391909E0,-7.691009978E0,4.073847823E0
7.928960625E0,4.668428671E0,-7.662198408E0,3.966433302E0
7.938982625E0,4.805701999E0,-7.647401444E0,3.828652144E0
7.949004625E0,4.924812121E0,-7.638845213E0,3.691933717E0
7.959027625E0,5.025081344E0,-7.627099326E0,3.579386803E0
7.969049625E0,5.105449569E0,-7.609594517E0,3.502079887E0
7.979072625E0,5.165321549E0,-7.589634461E0,3.457313312E0
7.989094625E0,5.204033040E0,-7.580291196E0,3.419552578E0
7.999116625E0,5.214227076E0,-7.596918923E0,3.366715968E0
8.009139625E0,5.198854746E0,-7.638167521E0,3.296423665E0
8.019161625E0,5.170290513E0,-7.687352545E0,3.226269356E0
8.029184625E0,5.148961625E0,-7.723789469E0,3.172913513E0
8.039206625E0,5.143951730E0,-7.743501018E0,3.132737002E0
8.049228625E0,5.135507766E0,-7.754198499E0,3.120104970E0
8.059251625E0,5.101772255E0,-7.771529061E0,3.132310156E0
8.069273625E0,5.031549534E0,-7.808958258E0,3.152739742E0
8.079296625E0,4.918387785E0,-7.865980305E0,3.189343897E0
8.089318625E0,4.764933165E0,-7.930756345E0,3.261079001E0
8.099340625E0,4.580858139E0,-7.985696198E0,3.388288101E0
8.109363625E0,4.375590464E0,-8.017386353E0,3.579360490E0
8.119385625E0,4.152988718E0,-8.032929422E0,3.802740500E0
8.129408625E0,3.907203054E0,-8.045619049E0,4.029625624E0
8.139430625E0,3.635131233E0,-8.055823025E0,4.257422913E0
8.149452625E0,3.348158367E0,-8.056727005E0,4.484985436E0
8.159475625E0,3.059357954E0,-8.049206901E0,4.699649295E0
8.169497625E0,2.778594247E0,-8.041043603E0,4.884377163E0
8.179520625E0,2.517246219E0,-8.037534104E0,5.029673163E0
8.189542625E0,2.289684280E0,-8.035540203E0,5.140382590E0
8.199564625E0,2.107250859E0,-8.028334680E0,5.228904757E0
8.209587625E0,1.983374380E0,-8.007808614E0,5.308232177E0
8.219610375E0,1.933420739E0,-7.978149197E0,5.370951167E0
8.229633375E0,1.948979157E0,-7.949124788E0,5.408234768E0
8.239655375E0,2.011951623E0,-7.926250480E0,5.418736367E0
8.249677375E0,2.110280302E0,-7.909328054E0,5.406046740E0
8.259700375E0,2.240128250E0,-7.906592141E0,5.357585016E0
8.269722375E0,2.387416251E0,-7.920896185E0,5.272166551E0
8.279745375E0,2.526365829E0,-7.948728932E0,5.164423417E0
8.289767375E0,2.645228906E0,-7.983641487E0,5.049786415E0
8.299789375E0,2.751418143E0,-8.017950025E0,4.937436259E0
8.309812375E0,2.862149789E0,-8.041357598E0,4.835365509E0
8.319834375E0,2.998847751E0,-8.048441500E0,4.739788676E0
8.329857375E0,3.163680175E0,-8.037199643E0,4.650875038E0
8.339879375E0,3.366956289E0,-8.010700647E0,4.552843836E0
8.349901375E0,3.616490602E0,-7.977006066E0,4.418650237E0
8.359924375E0,3.901831510E0,-7.938326735E0,4.242026025E0
8.369946375E0,4.206239311E0,-7.890177253E0,4.035932431E0
8.379969375E0,4.516891938E0,-7.829788379E0,3.811587922E0
8.389991375E0,4.817477122E0,-7.759810072E0,3.579575083E0
8.400013375E0,5.092003312E0,-7.685674978E0,3.352312522E0
8.410036375E0,5.330423530E0,-7.615872087E0,3.133875455E0
8.420058375E0,5.526501721E0,-7.555470350E0,2.934065571E0
8.430080375E0,5.682155771E0,-7.506091783E0,2.758220793E0
8.440103375E0,5.805779359E0,-7.465699217E0,2.606214236E0
8.450125375E0,5.907226211E0,-7.424341276E0,2.493975762E0
8.460148375E0,5.994580105E0,-7.381214553E0,2.412215023E0
8.470170375E0,6.066760474E0,-7.342835768E0,2.348035984E0
8.480192375E0,6.115863052E0,-7.312747166E0,2.314309683E0
8.490215375E0,6.139167715E0,-7.297511076E0,2.300660966E0
8.500237375E0,6.143695214E0,-7.303048389E0,2.270812538E0
8.510260375E0,6.142218792E0,-7.324117661E0,2.206025242E0
8.520282375E0,6.146556256E0,-7.344301665E0,2.125368019E0
8.530304375E0,6.164216017E0,-7.339736159E0,2.089694156E0
8.540327375E0,6.195058910E0,-7.298418564E0,2.142527111E0
8.550349375E0,6.231934376E0,-7.234597959E0,2.249379569E0
8.560372375E0,6.265037218E0,-7.171237530E0,2.357701432E0
8.570394375E0,6.283281115E0,-7.123916599E0,2.450771271E0
8.580416375E0,6.282213414E0,-7.092068569E0,2.544098972E0
8.590439375E0,6.265475759E0,-7.061409279E0,2.667659994E0
8.600461375E0,6.239457403E0,-7.026088588E0,2.817685222E0
8.610484375E0,6.207042779E0,-6.993570467E0,2.966257125E0
8.620506375E0,6.167047239E0,-6.983135526E0,3.072367132E0
8.630528375E0,6.117407886E0,-7.005009375E0,3.121417378E0
8.640551375E0,6.054558504E0,-7.060400634E0,3.119160937E0
8.650573375E0,5.971356134E0,-7.131697488E0,3.117354440E0
8.660596375E0,5.861586354E0,-7.198912987E0,3.170735426E0
8.670618375E0,5.741008582E0,-7.270850111E0,3.226708482E0
8.680640375E0,5.631272131E0,-7.347433434E0,3.246550424E0
8.690663375E0,5.526482425E0,-7.416628214E0,3.269209554E0
8.700685375E0,5.416817896E0,-7.481325901E0,3.305140109E0
8.710708375E0,5.294268442E0,-7.553086440E0,3.340316959E0
8.720730375E0,5.138573461E0,-7.640728016E0,3.383849187E0
8.730752375E0,4.947332672E0,-7.755949740E0,3.406648065E0
8.740775375E0,4.737316473E0,-7.878540709E0,3.423816660E0
8.750797375E0,4.532089144E0,-7.980892711E0,3.464332894E0
8.760820375E0,4.363140280E0,-8.063912063E0,3.488902895E0
8.770842375E0,4.234697417E0,-8.131510554E0,3.490265588E0
8.780864375E0,4.124522718E0,-8.183165442E0,3.501460667E0
8.790887375E0,4.014612313E0,-8.216245480E0,3.551381856E0
8.800909375E0,3.903252968E0,-8.229862475E0,3.642814474E0
8.810932375E0,3.817031680E0,-8.225305740E0,3.743087206E0
8.820954375E0,3.776669520E0,-8.205492450E0,3.826585153E0
8.830976375E0,3.765936956E0,-8.175120258E0,3.901438869E0
8.840999375E0,3.756785771E0,-8.129487417E0,4.004259818E0
8.851021375E0,3.751869432E0,-8.084889534E0,4.098066991E0
8.861044375E0,3.779062493E0,-8.041622477E0,4.157777003E0
8.871066375E0,3.866336572E0,-7.988067829E0,4.180706567E0
8.881088375E0,4.003904307E0,-7.928273032E0,4.165014686E0
8.891111375E0,4.167057996E0,-7.870713626E0,4.113830792E0
8.901133375E0,4.336630466E0,-7.822923163E0,4.028846482E0
8.911156375E0,4.496493926E0,-7.790251261E0,3.915305834E0
8.921178375E0,4.638507592E0,-7.765029881E0,3.797982621E0
8.931200375E0,4.752072507E0,-7.738857744E0,3.709986411E0
8.941223375E0,4.827893937E0,-7.700366108E0,3.692143340E0
8.951245375E0,4.870854307E0,-7.642387456E0,3.755634454E0
8.961268375E0,4.892701844E0,-7.578448738E0,3.855475076E0
8.971290375E0,4.902316713E0,-7.529250850E0,3.938751414E0
8.981312375E0,4.899600681E0,-7.495764431E0,4.005437154E0
8.991335375E0,4.892991573E0,-7.470355355E0,4.060608265E0
9.001357375E0,4.900406135E0,-7.444104280E0,4.099688131E0
9.011380375E0,4.919301120E0,-7.420812482E0,4.119237420E0
9.021402375E0,4.948086963E0,-7.398702990E0,4.124529442E0
9.031424375E0,4.985846527E0,-7.371951393E0,4.126957206E0
9.041447375E0,5.030784134E0,-7.339613367E0,4.130060031E0
9.051469375E0,5.077299904E0,-7.302861278E0,4.138276246E0
9.061491375E0,5.115637758E0,-7.269852576E0,4.149169609E0
9.071514375E0,5.125818345E0,-7.246041545E0,4.178155719E0
9.081536375E0,5.099815777E0,-7.230769202E0,4.236032336E0
9.091559375E0,5.050912004E0,-7.217401298E0,4.316653746E0
9.101581375E0,4.999291030E0,-7.203273255E0,4.399549430E0
9.111603375E0,4.970193531E0,-7.186636173E0,4.459322299E0
9.121626375E0,4.966030313E0,-7.172179517E0,4.487147444E0
9.131648375E0,4.975943683E0,-7.162843267E0,4.491075312E0
9.141671375E0,4.984486465E0,-7.163306952E0,4.480852332E0
9.151693375E0,4.980855344E0,-7.175009569E0,4.466143076E0
9.161715375E0,4.969088407E0,-7.189415354E0,4.456070955E0
9.171738375E0,4.961399903E0,-7.196088197E0,4.453865970E0
9.181760375E0,4.961420953E0,-7.193834680E0,4.457481596E0
9.191783375E0,4.961150227E0,-7.191557774E0,4.461455656E0
9.201805375E0,4.941639238E0,-7.201694507E0,4.466756449E0
9.211827375E0,4.899790423E0,-7.227720464E0,4.470818510E0
9.221850875E0,4.848062153E0,-7.259385476E0,4.475905588E0
9.231872875E0,4.804741302E0,-7.279654264E0,4.489677827E0
9.241895875E0,4.783523510E0,-7.284547214E0,4.504374511E0
9.251917875E0,4.783423230E0,-7.284517978E0,4.504527416E0
9.261939875E0,4.783646302E0,-7.287186062E0,4.499972143E0
9.271962875E0,4.775199122E0,-7.293650159E0,4.498472624E0
9.281984875E0,4.766882042E0,-7.301238676E0,4.494979497E0
9.292007875E0,4.760567926E0,-7.302187094E0,4.500127971E0
9.302029875E0,4.759233884E0,-7.291910613E0,4.518167216E0
9.312051875E0,4.767831630E0,-7.274034505E0,4.537874379E0
9.322074875E0,4.788885114E0,-7.251337368E0,4.552009438E0
9.332096875E0,4.817090036E0,-7.233132647E0,4.551214509E0
9.342119875E0,4.841505670E0,-7.223604609E0,4.540426396E0
9.352141875E0,4.856492376E0,-7.221458096E0,4.527816291E0
9.362163875E0,4.866589933E0,-7.218064372E0,4.522382181E0
9.372186875E0,4.884889964E0,-7.204140982E0,4.524854384E0
9.382208875E0,4.931558638E0,-7.169088094E0,4.529901701E0
9.392231875E0,5.013388667E0,-7.119404887E0,4.518418646E0
9.402253875E0,5.112378520E0,-7.072890286E0,4.480390694E0
9.412275875E0,5.206201773E0,-7.042941433E0,4.419111582E0
9.422298875E0,5.278585625E0,-7.033200556E0,4.348187780E0
9.432320875E0,5.323171229E0,-7.033410471E0,4.293144431E0
9.442343875E0,5.345537998E0,-7.029337301E0,4.271972247E0
9.452365875E0,5.353558624E0,-7.015562430E0,4.284551362E0
9.462387875E0,5.349923995E0,-6.993592687E0,4.324819675E0
9.472410875E0,5.338872172E0,-6.966063411E0,4.382522338E0
9.482432875E0,5.326365563E0,-6.934783146E0,4.446876501E0
9.492455875E0,5.328365310E0,-6.895191064E0,4.505660314E0
9.502477875E0,5.352685050E0,-6.832153986E0,4.572365058E0
9.512499875E0,5.395128234E0,-6.746382349E0,4.649193963E0
9.522522875E0,5.456269060E0,-6.647782506E0,4.719345348E0
9.532544875E0,5.533869213E0,-6.548266404E0,4.767873145E0
9.542567875E0,5.622392550E0,-6.448152131E0,4.800640649E0
9.552589875E0,5.718597373E0,-6.328357301E0,4.846198645E0
9.562611875E0,5.822868431E0,-6.181460041E0,4.911196879E0
9.572634875E0,5.939935536E0,-6.008719257E0,4.984832620E0
9.582656875E0,6.072912914E0,-5.819778762E0,5.048366126E0
9.592679875E0,6.209736006E0,-5.621887935E0,5.105846010E0
9.602701875E0,6.334119732E0,-5.423082018E0,5.167708967E0
9.612723875E0,6.449215740E0,-5.229366687E0,5.224694762E0
9.622746875E0,6.561533151E0,-5.041524299E0,5.269290306E0
9.632768875E0,6.670520573E0,-4.873444916E0,5.290537333E0
9.642790875E0,6.767104297E0,-4.715931159E0,5.310593283E0
9.652813875E0,6.849537758E0,-4.556273228E0,5.344184368E0
9.662835875E0,6.942935919E0,-4.426053981E0,5.333084013E0
9.672858875E0,7.090179918E0,-4.356553976E0,5.194793855E0
9.682880875E0,7.271591538E0,-4.317791322E0,4.971592770E0
9.692902875E0,7.446625600E0,-4.255014445E0,4.762218595E0
9.702925875E0,7.617541468E0,-4.126327461E0,4.602453660E0
9.712947875E0,7.836684000E0,-3.945789123E0,4.387852367E0
9.722970875E0,8.127648468E0,-3.731665840E0,4.031389436E0
9.732992875E0,8.404518222E0,-3.510777036E0,3.643432525E0
9.743014875E0,8.580161564E0,-3.382253482E0,3.343248460E0
9.753037875E0,8.676651732E0,-3.375892003E0,3.091141957E0
9.763059875E0,8.709075712E0,-3.433227754E0,2.932755503E0
9.773082875E0,8.674232739E0,-3.479321647E0,2.981291778E0
9.783104875E0,8.579091523E0,-3.475658074E0,3.248861243E0
9.793126875E0,8.445324771E0,-3.427947718E0,3.627916354E0
9.803149875E0,8.303387119E0,-3.369354232E0,3.992157251E0
9.813171875E0,8.190499604E0,-3.340170486E0,4.242059939E0
9.823194875E0,8.136025189E0,-3.354547912E0,4.334535116E0
9.833216875E0,8.152510244E0,-3.382235355E0,4.281722772E0
9.843238875E0,8.233112358E0,-3.378661537E0,4.127542805E0
9.853261875E0,8.360630776E0,-3.330151867E0,3.904618585E0
9.863283875E0,8.511263822E0,-3.259650233E0,3.628934939E0
9.873306875E0,8.663620042E0,-3.193626983E0,3.313384976E0
9.883328875E0,8.803320549E0,-3.144318290E0,2.975046367E0
9.893350875E0,8.921205094E0,-3.106485343E0,2.645363099E0
9.903373875E0,9.011464469E0,-3.064487132E0,2.374560416E0
9.913395875E0,9.072243353E0,-3.015899693E0,2.198829512E0
9.923418875E0,9.106524408E0,-2.963731128E0,2.126883471E0
9.933440875E0,9.118081430E0,-2.910260972E0,2.151062438E0
9.943462875E0,9.115834345E0,-2.854841939E0,2.233284084E0
9.953485875E0,9.109324640E0,-2.793806363E0,2.334728598E0
9.963507875E0,9.109481930E0,-2.728043606E0,2.410647677E0
9.973530875E0,9.122528822E0,-2.664551907E0,2.432232381E0
9.983552875E0,9.146529889E0,-2.609372902E0,2.401722925E0
9.993574875E0,9.179149166E0,-2.560498073E0,2.328769555E0
1.000359788E1,9.215488442E0,-2.517040397E0,2.230553289E0
1.001361988E1,9.251184524E0,-2.479504196E0,2.122202336E0
1.002364288E1,9.281503506E0,-2.452196676E0,2.019041080E0
1.003366487E1,9.305025685E0,-2.426950884E0,1.939721261E0
1.004368688E1,9.324157775E0,-2.388407646E0,1.895176148E0
1.005370988E1,9.338054268E0,-2.330168501E0,1.899257651E0
1.006373188E1,9.347320350E0,-2.257783480E0,1.940650968E0
1.007375487E1,9.353872156E0,-2.191366711E0,1.984714269E0
1.008377688E1,9.356329740E0,-2.154205755E0,2.013601269E0
1.009379888E1,9.352775218E0,-2.157261510E0,2.026802381E0
1.010382188E1,9.346711071E0,-2.184140430E0,2.025980848E0
1.011384388E1,9.346492385E0,-2.197967633E0,2.011993285E0
1.012386687E1,9.354463894E0,-2.177177711E0,1.997496429E0
1.013388888E1,9.363945154E0,-2.121132149E0,2.013318556E0
1.014391088E1,9.371167635E0,-2.047618762E0,2.055378163E0
1.015393388E1,9.375006917E0,-1.983259482E0,2.100478176E0
1.016395587E1,9.377183250E0,-1.942446940E0,2.128715111E0
1.017397888E1,9.381097961E0,-1.923197906E0,2.128949292E0
1.018400088E1,9.391695455E0,-1.915040456E0,2.089206060E0
1.019402288E1,9.411327481E0,-1.905780513E0,2.007736219E0
1.020404587E1,9.439666597E0,-1.879292333E0,1.896588397E0
1.021406788E1,9.476219881E0,-1.827526202E0,1.759972881E0
1.022409029E1,9.514280577E0,-1.764905300E0,1.612353783E0
1.023411229E1,9.546339691E0,-1.706322046E0,1.480532399E0
1.024413429E1,9.571133054E0,-1.656875360E0,1.372692054E0
1.025415729E1,9.589800290E0,-1.615866059E0,1.288733785E0
1.026417929E1,9.601779481E0,-1.588155519E0,1.232761898E0
1.027420229E1,9.607022095E0,-1.574814073E0,1.208796719E0
1.028422429E1,9.607356555E0,-1.569646596E0,1.212850740E0
1.029424629E1,9.603920732E0,-1.564770165E0,1.245908485E0
1.030426929E1,9.599244128E0,-1.556694137E0,1.291249842E0
1.031429129E1,9.596673692E0,-1.545552706E0,1.323335122E0
1.032431429E1,9.597413365E0,-1.531547893E0,1.334212990E0
1.033433629E1,9.601921569E0,-1.512588443E0,1.323357488E0
1.034435829E1,9.609836944E0,-1.489490772E0,1.291724490E0
1.035438129E1,9.620197041E0,-1.467621162E0,1.238555319E0
1.036440329E1,9.632071567E0,-1.449567153E0,1.165355269E0
1.037442629E1,9.644540754E0,-1.432403382E0,1.080351883E0
1.038444829E1,9.657337385E0,-1.411308674E0,9.900116703E-1
1.039447029E1,9.669267460E0,-1.385893752E0,9.059050280E-1
1.040449329E1,9.679133466E0,-1.359246382E0,8.384046974E-1
1.041451529E1,9.686103932E0,-1.339342752E0,7.884447712E-1
1.042453829E1,9.688905333E0,-1.334418812E0,7.619169771E-1
1.043456029E1,9.687962762E0,-1.344119781E0,7.568535076E-1
1.044458229E1,9.685592886E0,-1.356541460E0,7.649707586E-1
1.045460529E1,9.684136344E0,-1.360930526E0,7.755504913E-1
1.046462729E1,9.684674288E0,-1.356510031E0,7.765849368E-1
1.047465029E1,9.686473476E0,-1.349845228E0,7.656717666E-1
1.048467229E1,9.688721731E0,-1.346082399E0,7.435280686E-1
1.049469429E1,9.690875260E0,-1.345139682E0,7.166848172E-1
1.050471729E1,9.692586156E0,-1.344333643E0,6.947152200E-1
1.051473929E1,9.693601232E0,-1.342009375E0,6.849728085E-1
1.052476229E1,9.695021521E0,-1.334031288E0,6.804459672E-1
1.053478429E1,9.699020432E0,-1.312068561E0,6.660251985E-1
1.054480629E1,9.706106088E0,-1.275580181E0,6.328480969E-1
1.055482929E1,9.713771203E0,-1.237046153E0,5.903100782E-1
1.056485129E1,9.719386868E0,-1.210491242E0,5.516538431E-1
1.057487429E1,9.721928653E0,-1.201370170E0,5.262102689E-1
1.058489629E1,9.721542737E0,-1.206555628E0,5.214478945E-1
1.059491829E1,9.718638425E0,-1.219911545E0,5.440323264E-1
1.060494129E1,9.713547839E0,-1.237155203E0,5.937412608E-1
1.061496329E1,9.707139875E0,-1.255220907E0,6.572355178E-1
1.062498629E1,9.700701506E0,-1.270773770E0,7.194601981E-1
1.063500829E1,9.695673485E0,-1.282375961E0,7.652001156E-1
1.064503029E1,9.692704269E0,-1.290293530E0,7.891396397E-1
1.065505329E1,9.691951733E0,-1.294016452E0,7.922573751E-1
1.066507529E1,9.692695498E0,-1.293605977E0,7.838055903E-1
1.067509829E1,9.693248060E0,-1.292140519E0,7.793856800E-1
1.068512029E1,9.692134750E0,-1.295218786E0,7.880437253E-1
1.069514229E1,9.688943925E0,-1.305558563E0,8.099167704E-1
1.070516529E1,9.684471974E0,-1.320529628E0,8.386398286E-1
1.071518729E1,9.679879571E0,-1.335619684E0,8.672623877E-1
1.072521029E1,9.675578359E0,-1.347621825E0,8.962170687E-1
1.073523229E1,9.671173652E0,-1.357294435E0,9.285608690E-1
1.074525429E1,9.665995358E0,-1.367347553E0,9.669386304E-1
1.075527729E1,9.660563294E0,-1.374825557E0,1.009697418E0
1.076529929E1,9.656158002E0,-1.374584213E0,1.051291806E0
1.077532229E1,9.653300468E0,-1.363812034E0,1.090826804E0
1.078534429E1,9.651810597E0,-1.341447604E0,1.131009017E0
1.079536629E1,9.651200733E0,-1.311470245E0,1.170670973E0
1.080538929E1,9.651458010E0,-1.280600016E0,1.202302290E0
1.081541129E1,9.653191125E0,-1.253276415E0,1.217084489E0
1.082543429E1,9.656544503E0,-1.233186990E0,1.210998415E0
1.083545629E1,9.660462722E0,-1.223927559E0,1.188929196E0
1.084547829E1,9.663485733E0,-1.226434480E0,1.161459196E0
1.085550129E1,9.665684286E0,-1.237061794E0,1.131505811E0
1.086552329E1,9.668379852E0,-1.250885050E0,1.092619488E0
1.087554629E1,9.672175280E0,-1.266242762E0,1.040067564E0
1.088556829E1,9.676724998E0,-1.283459012E0,9.746044763E-1
1.089559029E1,9.681471768E0,-1.301248142E0,9.010882379E-1
1.090561329E1,9.685685856E0,-1.316934468E0,8.302254660E-1
1.091563529E1,9.688928722E0,-1.324085320E0,7.794477336E-1
1.092565829E1,9.691502082E0,-1.316467567E0,7.601337225E-1
1.093568029E1,9.693286067E0,-1.295267756E0,7.736950967E-1
1.094570229E1,9.693537498E0,-1.267953658E0,8.147023509E-1
1.095572529E1,9.691200950E0,-1.244586576E0,8.762113320E-1
1.096574729E1,9.686281688E0,-1.228932703E0,9.496139883E-1
1.097577029E1,9.679881910E0,-1.219459775E0,1.024158386E0
1.098579229E1,9.673120190E0,-1.213555476E0,1.092768299E0
1.099581429E1,9.666892321E0,-1.206539109E0,1.153940261E0
1.100583729E1,9.662232674E0,-1.192281332E0,1.206584864E0
1.101585929E1,9.660100780E0,-1.168055221E0,1.246683241E0
1.102588229E1,9.660990141E0,-1.137988838E0,1.267424192E0
1.103590429E1,9.664386204E0,-1.107718753E0,1.268351853E0
1.104592629E1,9.669256935E0,-1.078903235E0,1.255995517E0
1.105594929E1,9.674362139E0,-1.052608380E0,1.238892119E0
1.106597129E1,9.678172769E0,-1.029309345E0,1.228656129E0
1.107599429E1,9.679649776E0,-1.009417775E0,1.233516043E0
1.108601629E1,9.677904966E0,-9.971799912E-1,1.256926540E0
1.109603829E1,9.672660599E0,-9.967042471E-1,1.297041948E0
1.110606129E1,9.666333911E0,-1.007261907E0,1.335477743E0
1.111608329E1,9.662140288E0,-1.035235717E0,1.344406148E0
1.112610629E1,9.661357346E0,-1.090157883E0,1.306077358E0
1.113612829E1,9.663555315E0,-1.180810556E0,1.207259998E0
1.114615029E1,9.663900885E0,-1.312496723E0,1.059470160E0
1.115617329E1,9.656664956E0,-1.477160602E0,8.960647488E-1
1.116619529E1,9.638614016E0,-1.665026817E0,7.489510687E-1
1.117621829E1,9.609948626E0,-1.866987306E0,6.319381240E-1
1.118624029E1,9.572904761E0,-2.074378252E0,5.408902885E-1
1.119626229E1,9.528944224E0,-2.283426298E0,4.704271007E-1
1.120628529E1,9.479217163E0,-2.490647820E0,4.209738358E-1
1.121630729E1,9.423468640E0,-2.696192653E0,4.060927085E-1
1.122632992E1,9.357675769E0,-2.910690157E0,4.448417315E-1
1.123635192E1,9.275959761E0,-3.149757370E0,5.212409762E-1
1.124637392E1,9.173811243E0,-3.423902614E0,5.951333733E-1
1.125639692E1,9.050712150E0,-3.730445526E0,6.360196267E-1
1.126641892E1,8.909150475E0,-4.053449227E0,6.578026246E-1
1.127644192E1,8.748773628E0,-4.380968148E0,7.086465767E-1
1.128646392E1,8.564983946E0,-4.710354669E0,8.304929761E-1
1.129648592E1,8.353451564E0,-5.040565941E0,1.024042027E0
1.130650892E1,8.111034774E0,-5.369777631E0,1.269924316E0
1.131653092E1,7.839270809E0,-5.688412877E0,1.556888118E0
1.132655392E1,7.548163084E0,-5.982240726E0,1.863898953E0
1.133657592E1,7.246202928E0,-6.243047009E0,2.180141811E0
1.134659792E1,6.938340592E0,-6.475015410E0,2.483889315E0
1.135662092E1,6.633602423E0,-6.693312435E0,2.725980123E0
1.136664292E1,6.335361680E0,-6.914571075E0,2.878890952E0
1.137666592E1,6.042837176E0,-7.144147965E0,2.946418399E0
1.138668792E1,5.756701924E0,-7.370921699E0,2.960740569E0
1.139670992E1,5.496662795E0,-7.579355641E0,2.928508670E0
1.140673292E1,5.284189011E0,-7.762202752E0,2.839302379E0
1.141675492E1,5.112835772E0,-7.918228101E0,2.719682380E0
1.142677792E1,4.959819401E0,-8.047687794E0,2.621259707E0
1.143679992E1,4.818365899E0,-8.156477580E0,2.547808446E0
1.144682292E1,4.691839461E0,-8.255032985E0,2.465194598E0
1.145684492E1,4.572025919E0,-8.347262287E0,2.378211271E0
1.146686692E1,4.456691929E0,-8.432853245E0,2.293684068E0
1.147688992E1,4.350505908E0,-8.510540521E0,2.209046206E0
1.148691192E1,4.259498382E0,-8.579178647E0,2.119069836E0
1.149693492E1,4.187593417E0,-8.638931344E0,2.017184589E0
1.150695692E1,4.119064634E0,-8.696027650E0,1.910105990E0
1.151697892E1,4.036105508E0,-8.757508784E0,1.803328670E0
1.152700192E1,3.945276907E0,-8.820486805E0,1.694080754E0
1.153702392E1,3.872583152E0,-8.872914695E0,1.584491800E0
1.154704592E1,3.831787421E0,-8.908686206E0,1.479465574E0
1.155706892E1,3.819340161E0,-8.929107606E0,1.385557244E0
1.156709092E1,3.835190501E0,-8.934946636E0,1.301594005E0
1.157711392E1,3.875812570E0,-8.928593636E0,1.222452745E0
1.158713592E1,3.927405477E0,-8.915737363E0,1.149431839E0
1.159715892E1,3.974311841E0,-8.902388170E0,1.090146700E0
1.160718092E1,4.013419189E0,-8.890664502E0,1.041477547E0
1.161720292E1,4.051890944E0,-8.877886582E0,1.000710102E0
1.162722592E1,4.094903355E0,-8.860656592E0,9.780916096E-1
1.163724792E1,4.149633001E0,-8.835000764E0,9.795010078E-1
1.164727092E1,4.220832207E0,-8.801129013E0,9.802105674E-1
1.165729292E1,4.283822215E0,-8.771960177E0,9.683350917E-1
1.166731492E1,4.314150553E0,-8.758225653E0,9.579633737E-1
1.167733792E1,4.322643049E0,-8.754291061E0,9.556404942E-1
1.168735992E1,4.330458730E0,-8.750362317E0,9.562374218E-1
1.169738292E1,4.346993486E0,-8.741875083E0,9.588400175E-1
1.170740492E1,4.378896479E0,-8.726123269E0,9.571549230E-1
1.171742692E1,4.429793276E0,-8.701693017E0,9.452819324E-1
1.172744992E1,4.484292541E0,-8.673214738E0,9.500422968E-1
1.173747192E1,4.524992671E0,-8.647796307E0,9.880162349E-1
1.174749492E1,4.540041650E0,-8.631745700E0,1.056933273E0
1.175751692E1,4.520883540E0,-8.629421432E0,1.153602000E0
1.176753892E1,4.448579795E0,-8.652281706E0,1.258676611E0
1.177756192E1,4.328217784E0,-8.702501103E0,1.330072576E0
1.178758392E1,4.200381863E0,-8.757828627E0,1.375982429E0
1.179760692E1,4.076741026E0,-8.802609528E0,1.459577001E0
1.180762892E1,3.952805782E0,-8.835919361E0,1.593100363E0
1.181765092E1,3.849829590E0,-8.856217386E0,1.726944737E0
1.182767392E1,3.794330158E0,-8.863528744E0,1.810248557E0
1.183769592E1,3.781247597E0,-8.864394132E0,1.833239809E0
1.184771892E1,3.782560005E0,-8.868139274E0,1.812306192E0
1.185774092E1,3.780647088E0,-8.878755478E0,1.763664228E0
1.186776292E1,3.772741360E0,-8.895401332E0,1.695394331E0
1.187778592E1,3.765837260E0,-8.913171020E0,1.615533937E0
1.188780792E1,3.765015727E0,-8.927665683E0,1.535427375E0
1.189783092E1,3.763853593E0,-8.939489923E0,1.467997138E0
1.190785292E1,3.752780428E0,-8.950504323E0,1.428702971E0
1.191787492E1,3.729859635E0,-8.961035158E0,1.422714107E0
1.192789792E1,3.698068323E0,-8.970996475E0,1.442779851E0
1.193791992E1,3.659560900E0,-8.980814534E0,1.479414996E0
1.194794292E1,3.615772271E0,-8.990902736E0,1.525105139E0
1.195796492E1,3.568068055E0,-9.001427724E0,1.574575215E0
1.196798692E1,3.517431752E0,-9.012398854E0,1.624939622E0
1.197800992E1,3.463841436E0,-9.023824899E0,1.675852790E0
1.198803192E1,3.405635328E0,-9.035759066E0,1.729974326E0
1.199805492E1,3.340864843E0,-9.047624236E0,1.793104667E0
1.200807692E1,3.271590248E0,-9.057350494E0,1.870080922E0
1.201809892E1,3.207180244E0,-9.062925230E0,1.952812153E0
1.202812192E1,3.154672832E0,-9.065413805E0,2.025441150E0
1.203814392E1,3.116201661E0,-9.065975137E0,2.081701451E0
1.204816692E1,3.089705003E0,-9.066369240E0,2.119148335E0
1.205818892E1,3.066188087E0,-9.069060128E0,2.141669325E0
1.206821092E1,3.042099313E0,-9.072251539E0,2.162407060E0
1.207823392E1,3.022567566E0,-9.072690665E0,2.187796401E0
1.208825592E1,3.005760329E0,-9.069439613E0,2.224134508E0
1.209827892E1,2.990609316E0,-9.063533925E0,2.268196055E0
1.210830092E1,2.978107092E0,-9.056356468E0,2.312871268E0
1.211832292E1,2.963705400E0,-9.048059269E0,2.363295463E0
1.212834592E1,2.944179793E0,-9.040261422E0,2.416932118E0
1.213836792E1,2.918276043E0,-9.034874967E0,2.467955068E0
1.214839092E1,2.883048030E0,-9.032765876E0,2.516600394E0
1.215841292E1,2.838939267E0,-9.032840136E0,2.565992117E0
1.216843492E1,2.789045852E0,-9.034069220E0,2.615898980E0
1.217845792E1,2.734610321E0,-9.035409402E0,2.668220158E0
1.218847992E1,2.680556906E0,-9.037019725E0,2.717168954E0
1.219850292E1,2.631549929E0,-9.039290784E0,2.757220335E0
1.220852492E1,2.591678351E0,-9.041202239E0,2.788543284E0
1.221854654E1,2.572475217E0,-9.039715292E0,2.811053895E0
1.222856954E1,2.573630335E0,-9.034290830E0,2.827384584E0
1.223859154E1,2.578290858E0,-9.027605124E0,2.844445589E0
1.224861454E1,2.571340565E0,-9.022839058E0,2.865779156E0
1.225863654E1,2.551269120E0,-9.020670910E0,2.890439788E0
1.226865854E1,2.522803413E0,-9.021008880E0,2.914271285E0
1.227868154E1,2.479366494E0,-9.022200542E0,2.947667949E0
1.228870354E1,2.420800636E0,-9.021996474E0,2.996565290E0
1.229872654E1,2.353605311E0,-9.018534338E0,3.059849705E0
1.230874854E1,2.283126043E0,-9.012690046E0,3.129673061E0
1.231877054E1,2.215917269E0,-9.007148055E0,3.193291352E0
1.232879354E1,2.158951794E0,-9.003227497E0,3.242979237E0
1.233881554E1,2.114715269E0,-9.000176420E0,3.280378905E0
1.234883854E1,2.084155089E0,-8.994430361E0,3.315511608E0
1.235886054E1,2.070138436E0,-8.985458393E0,3.348455698E0
1.236888254E1,2.066238781E0,-8.974030010E0,3.381351256E0
1.237890554E1,2.062166780E0,-8.962899835E0,3.413208641E0
1.238892754E1,2.047967256E0,-8.954803780E0,3.442878583E0
1.239895054E1,2.018538950E0,-8.948765945E0,3.475798115E0
1.240897254E1,1.978061307E0,-8.941845766E0,3.516641209E0
1.241899454E1,1.934816908E0,-8.932879061E0,3.563181244E0
1.242901754E1,1.893848392E0,-8.921980435E0,3.612161031E0
1.243903954E1,1.853572332E0,-8.910569009E0,3.660891434E0
1.244906254E1,1.809229680E0,-8.901238022E0,3.705503935E0
1.245908454E1,1.754882441E0,-8.894228965E0,3.748225739E0
1.246910654E1,1.693237147E0,-8.883518035E0,3.801602340E0
1.247912954E1,1.644732739E0,-8.866823650E0,3.861397721E0
1.248915154E1,1.620960299E0,-8.846200520E0,3.918331475E0
1.249917454E1,1.612185675E0,-8.827919201E0,3.962928189E0
1.250919654E1,1.598092424E0,-8.815596194E0,3.995931628E0
1.251921854E1,1.562079130E0,-8.806669834E0,4.029713624E0
1.252924154E1,1.503121655E0,-8.798707096E0,4.069334358E0
1.253926354E1,1.440921459E0,-8.789682503E0,4.111123823E0
1.254928654E1,1.401588702E0,-8.778659917E0,4.148107462E0
1.255930854E1,1.390202419E0,-8.767478871E0,4.175494651E0
1.256933054E1,1.390617425E0,-8.759966953E0,4.191093853E0
1.257935354E1,1.387599969E0,-8.756843371E0,4.198614834E0
1.258937554E1,1.373760925E0,-8.753975896E0,4.209132221E0
1.259939854E1,1.350477459E0,-8.744823250E0,4.235607536E0
1.260942054E1,1.330178557E0,-8.729197150E0,4.274088355E0
1.261944254E1,1.315468863E0,-8.715152138E0,4.307175702E0
1.262946554E1,1.298573041E0,-8.709155234E0,4.324396629E0
1.263948754E1,1.272886369E0,-8.706896455E0,4.336565854E0
1.264951054E1,1.243395206E0,-8.697829177E0,4.363238221E0
1.265953254E1,1.229130923E0,-8.680436634E0,4.401745936E0
1.266955454E1,1.238302866E0,-8.658821817E0,4.441566644E0
1.267957754E1,1.259978348E0,-8.638211551E0,4.475472894E0
1.268959954E1,1.278337436E0,-8.625776278E0,4.494212635E0
1.269962254E1,1.281151847E0,-8.621185629E0,4.502211919E0
1.270964454E1,1.268581649E0,-8.618235124E0,4.511411051E0
1.271966654E1,1.246853395E0,-8.613355038E0,4.526762331E0
1.272968954E1,1.228036471E0,-8.606327269E0,4.545235439E0
1.273971154E1,1.220334006E0,-8.598154616E0,4.562744341E0
1.274973454E1,1.229306193E0,-8.590402962E0,4.574918244E0
1.275975654E1,1.254488397E0,-8.583999676E0,4.580098293E0
1.276977854E1,1.284310659E0,-8.578544809E0,4.582052432E0
1.277980154E1,1.313563694E0,-8.577018685E0,4.576615106E0
1.278982354E1,1.338365536E0,-8.580952692E0,4.562033320E0
1.279984654E1,1.346351956E0,-8.586160807E0,4.549866141E0
1.280986854E1,1.334052776E0,-8.586046202E0,4.553703377E0
1.281989054E1,1.315369314E0,-8.580839841E0,4.568925433E0
1.282991354E1,1.300897602E0,-8.574969236E0,4.584067090E0
1.283993554E1,1.290339284E0,-8.569896192E0,4.596521660E0
1.284995854E1,1.286049913E0,-8.567175483E0,4.602790752E0
1.285998054E1,1.288917534E0,-8.568002864E0,4.600448357E0
1.287000254E1,1.296727806E0,-8.573478196E0,4.588035888E0
1.288002554E1,1.304385612E0,-8.580886034E0,4.571986743E0
1.289004754E1,1.314097252E0,-8.585916978E0,4.559745597E0
1.290007054E1,1.327373209E0,-8.586617475E0,4.554578997E0
1.291009254E1,1.341791420E0,-8.582253113E0,4.558578493E0
1.292011454E1,1.352749687E0,-8.575241132E0,4.568523729E0
1.293013754E1,1.358106467E0,-8.568566535E0,4.579445451E0
1.294015954E1,1.364132023E0,-8.565355244E0,4.583659540E0
1.295018254E1,1.376328438E0,-8.567013515E0,4.576909806E0
1.296020454E1,1.394717492E0,-8.572487678E0,4.561067068E0
1.297022654E1,1.414119869E0,-8.578423187E0,4.543899643E0
1.298024954E1,1.431334657E0,-8.582030334E0,4.531681885E0
1.299027154E1,1.444149707E0,-8.584594338E0,4.522750556E0
1.300029454E1,1.448132246E0,-8.588283931E0,4.514465636E0
1.301031654E1,1.443566447E0,-8.593652260E0,4.505701537E0
1.302033854E1,1.436918163E0,-8.600852521E0,4.494072010E0
1.303036154E1,1.433169221E0,-8.609611065E0,4.478473685E0
1.304038354E1,1.435359296E0,-8.617862071E0,4.461871393E0
1.305040654E1,1.447887832E0,-8.623392953E0,4.447112436E0
1.306042854E1,1.471083737E0,-8.625521339E0,4.435357778E0
1.307045054E1,1.500174073E0,-8.625109110E0,4.426407445E0
1.308047354E1,1.529410298E0,-8.623521591E0,4.419489312E0
1.309049554E1,1.554643080E0,-8.622070897E0,4.413509949E0
1.310051854E1,1.573300814E0,-8.622298354E0,4.406450606E0
1.311054054E1,1.585073013E0,-8.624370022E0,4.398168902E0
1.312056254E1,1.594679404E0,-8.627157975E0,4.389220323E0
1.313058554E1,1.607289655E0,-8.629963469E0,4.379093238E0
1.314060754E1,1.620909867E0,-8.632843223E0,4.368382601E0
1.315063054E1,1.632305944E0,-8.635477978E0,4.358921806E0
1.316065254E1,1.643088356E0,-8.637705767E0,4.350448021E0
1.317067454E1,1.653421263E0,-8.639780359E0,4.342406638E0
1.318069754E1,1.661416453E0,-8.641732745E0,4.335465116E0
1.319071954E1,1.667711127E0,-8.644321307E0,4.327880985E0
1.320074254E1,1.672907109E0,-8.647586977E0,4.319341711E0
1.321076454E1,1.676981303E0,-8.651215759E0,4.310486395E0
1.322078713E1,1.680632889E0,-8.654734029E0,4.301993022E0
1.323081013E1,1.685593959E0,-8.657719617E0,4.294039055E0
1.324083213E1,1.692798314E0,-8.660187727E0,4.286219865E0
1.325085513E1,1.701795132E0,-8.662547078E0,4.277881151E0
1.326087712E1,1.712099388E0,-8.665666568E0,4.267437732E0
1.327089913E1,1.722938518E0,-8.670031514E0,4.254189987E0
1.328092213E1,1.732914160E0,-8.675577598E0,4.238804501E0
1.329094413E1,1.740912128E0,-8.682229975E0,4.221873888E0
1.330096712E1,1.745485527E0,-8.689985722E0,4.203990472E0
1.331098913E1,1.747232383E0,-8.697273692E0,4.188163813E0
1.332101113E1,1.750647449E0,-8.702869477E0,4.175094409E0
1.333103413E1,1.757523336E0,-8.706812255E0,4.163968035E0
1.334105613E1,1.766268725E0,-8.709459874E0,4.154721540E0
1.335107912E1,1.774794842E0,-8.711573058E0,4.146650921E0
1.336110113E1,1.778838192E0,-8.713925977E0,4.139968138E0
1.337112313E1,1.778649911E0,-8.717677551E0,4.132144271E0
1.338114613E1,1.778863919E0,-8.721681724E0,4.123591841E0
1.339116812E1,1.779714105E0,-8.724957919E0,4.116289546E0
1.340119113E1,1.781725985E0,-8.728931687E0,4.106983117E0
1.341121313E1,1.785742145E0,-8.734908126E0,4.092508043E0
1.342123513E1,1.791502237E0,-8.743084872E0,4.072481037E0
1.343125812E1,1.801794945E0,-8.750962826E0,4.050959190E0
1.344128013E1,1.828094259E0,-8.757072582E0,4.025897731E0
1.345130313E1,1.868791465E0,-8.763764135E0,3.992511592E0
1.346132513E1,1.913718693E0,-8.770696594E0,3.955839025E0
1.347134713E1,1.958964301E0,-8.775978384E0,3.921832203E0
1.348137012E1,1.998849913E0,-8.779406607E0,3.893935137E0
1.349139213E1,2.028941878E0,-8.782228473E0,3.871945513E0
1.350141513E1,2.050350581E0,-8.784496608E0,3.855488817E0
1.351143713E1,2.068367752E0,-8.784861474E0,3.845018501E0
1.352145912E1,2.091462354E0,-8.784432288E0,3.833490130E0
1.353148213E1,2.116913091E0,-8.786527346E0,3.814670867E0
1.354150413E1,2.137000616E0,-8.790174254E0,3.795020129E0
1.355152713E1,2.151739546E0,-8.792644703E0,3.780941496E0
1.356154913E1,2.163637168E0,-8.793825256E0,3.771393870E0
1.357157112E1,2.169471666E0,-8.795177717E0,3.764883287E0
1.358159413E1,2.168245359E0,-8.796576371E0,3.762319576E0
1.359161613E1,2.167434642E0,-8.796926619E0,3.761967866E0
1.360163913E1,2.172670678E0,-8.796113271E0,3.760851047E0
1.361166112E1,2.182092589E0,-8.795993403E0,3.755673630E0
1.362168313E1,2.192085772E0,-8.797780897E0,3.745650918E0
1.363170613E1,2.200943573E0,-8.801531886E0,3.731619939E0
1.364172813E1,2.205448853E0,-8.806217260E0,3.717880444E0
1.365175112E1,2.204374866E0,-8.811008468E0,3.707151681E0
1.366177313E1,2.199133421E0,-8.815827159E0,3.698798348E0
1.367179513E1,2.192476513E0,-8.820023705E0,3.692739756E0
1.368181813E1,2.187842156E0,-8.824230192E0,3.685430736E0
1.369184013E1,2.185819019E0,-8.829465789E0,3.674075443E0
1.370186312E1,2.187245740E0,-8.834856337E0,3.660241224E0
1.371188513E1,2.193708082E0,-8.839292620E0,3.645634587E0
1.372190713E1,2.203787367E0,-8.840772550E0,3.635953936E0
1.373193013E1,2.215000572E0,-8.839786125E0,3.631537242E0
1.374195212E1,2.224091092E0,-8.838775726E0,3.628438218E0
1.375197513E1,2.228848971E0,-8.838870451E0,3.625287445E0
1.376199713E1,2.229750320E0,-8.840003057E0,3.621967689E0
1.377201913E1,2.228164847E0,-8.841608702E0,3.619025662E0
1.378204213E1,2.225587687E0,-8.842334341E0,3.618836797E0
1.379206412E1,2.226376038E0,-8.841524502E0,3.620328714E0
1.380208713E1,2.232338297E0,-8.839397870E0,3.621851329E0
1.381210913E1,2.238539123E0,-8.837599851E0,3.622412370E0
1.382213113E1,2.239175300E0,-8.837386428E0,3.622538085E0
1.383215412E1,2.231594678E0,-8.837653061E0,3.626563893E0
1.384217613E1,2.218919230E0,-8.835957368E0,3.638454206E0
1.385219913E1,2.205986651E0,-8.833112698E0,3.653196791E0
1.386222113E1,2.192627225E0,-8.830801293E0,3.666801507E0
1.387224312E1,2.180867451E0,-8.829592674E0,3.676712245E0
1.388226613E1,2.172568644E0,-8.829939998E0,3.680786293E0
1.389228813E1,2.165133909E0,-8.831072019E0,3.682451580E0
1.390231113E1,2.158764683E0,-8.831995295E0,3.683975949E0
1.391233313E1,2.154620908E0,-8.833197482E0,3.683519574E0
1.392235512E1,2.148674582E0,-8.835016551E0,3.682632551E0
1.393237813E1,2.140580281E0,-8.837229137E0,3.682037012E0
1.394240013E1,2.133288803E0,-8.839216021E0,3.681500823E0
1.395242313E1,2.127372444E0,-8.840650928E0,3.681479773E0
1.396244512E1,2.123990999E0,-8.841770085E0,3.680743608E0
1.397246713E1,2.125024202E0,-8.842841295E0,3.677573248E0
1.398249013E1,2.127014595E0,-8.844446356E0,3.672556337E0
1.399251213E1,2.125131645E0,-8.846578251E0,3.668512110E0
1.400253513E1,2.119322436E0,-8.849280834E0,3.665351398E0
1.401255712E1,2.111294209E0,-8.852228415E0,3.662868378E0
1.402257913E1,2.105102300E0,-8.853424171E0,3.663540515E0
1.403260213E1,2.106091357E0,-8.852572231E0,3.665032140E0
1.404262413E1,2.110813714E0,-8.851843084E0,3.664074366E0
1.405264712E1,2.113988021E0,-8.852379273E0,3.660946983E0
1.406266913E1,2.115586065E0,-8.854060348E0,3.655955507E0
1.407269113E1,2.116616491E0,-8.855653129E0,3.651497297E0
1.408271413E1,2.117567979E0,-8.856187565E0,3.649652208E0
1.409273612E1,2.119655435E0,-8.855823283E0,3.649323887E0
1.410275913E1,2.121976926E0,-8.855438536E0,3.648906981E0
1.411278113E1,2.123549535E0,-8.855180674E0,3.648618421E0
1.412280313E1,2.125652632E0,-8.854557946E0,3.648905227E0
1.413282613E1,2.127768301E0,-8.853040593E0,3.651354625E0
1.414284812E1,2.129787637E0,-8.851853024E0,3.653053241E0
1.415287113E1,2.130694978E0,-8.851895708E0,3.652424081E0
1.416289313E1,2.129079977E0,-8.852261159E0,3.652479630E0
1.417291513E1,2.125029319E0,-8.852388044E0,3.654527909E0
1.418293812E1,2.120410164E0,-8.852065278E0,3.657991215E0
1.419296013E1,2.117038952E0,-8.851096394E0,3.662286872E0
1.420298313E1,2.116548956E0,-8.849623480E0,3.666126738E0
1.421300513E1,2.120082574E0,-8.847606191E0,3.668953575E0
1.422302679E1,2.125722068E0,-8.846138540E0,3.669228686E0
1.423304979E1,2.129739397E0,-8.846586437E0,3.665815959E0
1.424307179E1,2.129490159E0,-8.848503154E0,3.661335822E0
1.425309479E1,2.127112243E0,-8.850216973E0,3.658573305E0
1.426311679E1,2.125993086E0,-8.851712691E0,3.655606720E0
1.427313879E1,2.125590798E0,-8.854127006E0,3.649988423E0
1.428316179E1,2.125296244E0,-8.856851224E0,3.643542453E0
1.429318379E1,2.126522990E0,-8.859214084E0,3.637076894E0
1.430320679E1,2.128910408E0,-8.861585714E0,3.629894467E0
1.431322879E1,2.131207048E0,-8.864159659E0,3.622255372E0
1.432325079E1,2.133623702E0,-8.866436564E0,3.615253916E0
1.433327379E1,2.137351010E0,-8.868179619E0,3.608770231E0
1.434329579E1,2.142970184E0,-8.869270125E0,3.602751984E0
1.435331879E1,2.150419391E0,-8.870156563E0,3.596126504E0
1.436334079E1,2.156146154E0,-8.871466924E0,3.589457462E0
1.437336279E1,2.159287278E0,-8.872963226E0,3.583867232E0
1.438338579E1,2.162787714E0,-8.874267740E0,3.578523754E0
1.439340779E1,2.168275618E0,-8.874180617E0,3.575417128E0
1.440343079E1,2.176427806E0,-8.871926515E0,3.576057398E0
1.441345279E1,2.186487794E0,-8.868762002E0,3.577770925E0
1.442347479E1,2.194950762E0,-8.865767643E0,3.580008069E0
1.443349779E1,2.198325482E0,-8.862055830E0,3.587118576E0
1.444351979E1,2.196785326E0,-8.855471281E0,3.604282785E0
1.445354279E1,2.195771419E0,-8.845182520E0,3.630075730E0
1.446356479E1,2.197182644E0,-8.834838796E0,3.654328811E0
1.447358679E1,2.196216830E0,-8.830967939E0,3.664251536E0
1.448360979E1,2.186984077E0,-8.837773513E0,3.653349110E0
1.449363179E1,2.165025151E0,-8.853794299E0,3.627546225E0
1.450365479E1,2.131135274E0,-8.874152550E0,3.597747644E0
1.451367679E1,2.094868942E0,-8.893370009E0,3.571497739E0
1.452369879E1,2.068253001E0,-8.907916712E0,3.550698024E0
1.453372179E1,2.056467353E0,-8.916332025E0,3.536393688E0
1.454374379E1,2.056350116E0,-8.920886421E0,3.524956826E0
1.455376679E1,2.062086820E0,-8.925719730E0,3.509333066E0
1.456378879E1,2.071023996E0,-8.933026410E0,3.485397196E0
1.457381079E1,2.083996629E0,-8.942675486E0,3.452766809E0
1.458383379E1,2.100643798E0,-8.953760052E0,3.413734306E0
1.459385579E1,2.118983882E0,-8.965038747E0,3.372549150E0
1.460387779E1,2.136399522E0,-8.975271959E0,3.334123880E0
1.461390079E1,2.150847115E0,-8.983720601E0,3.301925018E0
1.462392279E1,2.162776604E0,-8.990712701E0,3.274991865E0
1.463394579E1,2.170866373E0,-8.997742808E0,3.250243525E0
1.464396779E1,2.171390576E0,-9.006330614E0,3.226016172E0
1.465399079E1,2.162912552E0,-9.016752691E0,3.202511534E0
1.466401279E1,2.148338951E0,-9.028212065E0,3.179959116E0
1.467403479E1,2.132576466E0,-9.039344578E0,3.158872887E0
1.468405779E1,2.118464211E0,-9.049081362E0,3.140436031E0
1.469407979E1,2.107180400E0,-9.056744138E0,3.125904531E0
1.470410179E1,2.099670821E0,-9.062953881E0,3.112933945E0
1.471412479E1,2.095846450E0,-9.069408038E0,3.096673715E0
1.472414679E1,2.094776994E0,-9.076785470E0,3.075707354E0
1.473416979E1,2.096010757E0,-9.085091439E0,3.050238637E0
1.474419179E1,2.099627113E0,-9.094287940E0,3.020201490E0
1.475421379E1,2.106730896E0,-9.103575073E0,2.987092216E0
1.476423679E1,2.117561547E0,-9.112058213E0,2.953378340E0
1.477425879E1,2.130235387E0,-9.119215790E0,2.922003058E0
1.478428179E1,2.143817007E0,-9.124579441E0,2.895203222E0
1.479430379E1,2.160008532E0,-9.128562564E0,2.870508091E0
1.480432579E1,2.178830427E0,-9.131530611E0,2.846742961E0
1.481434879E1,2.198129893E0,-9.133159645E0,2.826608366E0
1.482437079E1,2.217173690E0,-9.133609296E0,2.810237624E0
1.483439379E1,2.236949265E0,-9.132837464E0,2.797042505E0
1.484441579E1,2.259468062E0,-9.130800878E0,2.785568513E0
1.485443879E1,2.286863876E0,-9.127948607E0,2.772525129E0
1.486446079E1,2.317961415E0,-9.124261352E0,2.758804638E0
1.487448279E1,2.350273713E0,-9.118797129E0,2.749517798E0
1.488450579E1,2.383970925E0,-9.111466475E0,2.744805526E0
1.489452779E1,2.419976471E0,-9.102295117E0,2.743729639E0
1.490454979E1,2.457849618E0,-9.091082497E0,2.747237091E0
1.491457279E1,2.494570717E0,-9.078382344E0,2.756117842E0
1.492459479E1,2.527850437E0,-9.064939595E0,2.770008195E0
1.493461779E1,2.557934361E0,-9.050856577E0,2.788384532E0
1.494463979E1,2.586508827E0,-9.036219826E0,2.809413459E0
1.495466179E1,2.615732626E0,-9.020992507E0,2.831208663E0
1.496468479E1,2.648971124E0,-9.004721460E0,2.852025043E0
1.497470679E1,2.685980490E0,-8.987316054E0,2.872238867E0
1.498472979E1,2.724150237E0,-8.969457487E0,2.892049526E0
1.499475179E1,2.761971197E0,-8.952149729E0,2.909747586E0
1.500477379E1,2.797907892E0,-8.935770509E0,2.925719548E0
1.501479679E1,2.831238483E0,-8.919995306E0,2.941747351E0
1.502481879E1,2.862400342E0,-8.904490829E0,2.958512780E0
1.503484179E1,2.893933499E0,-8.888150784E0,2.976913968E0
1.504486379E1,2.926495181E0,-8.870955293E0,2.996309474E0
1.505488579E1,2.957306499E0,-8.854867263E0,3.013596475E0
1.506490879E1,2.983004135E0,-8.841767746E0,3.026701840E0
1.507493079E1,3.002480918E0,-8.832313383E0,3.035039677E0
1.508495379E1,3.017647426E0,-8.826153342E0,3.037911829E0
1.509497579E1,3.029999377E0,-8.821993632E0,3.037703668E0
1.510499779E1,3.040623475E0,-8.817963731E0,3.038785695E0
1.511502079E1,3.050313481E0,-8.813625097E0,3.041662233E0
1.512504279E1,3.059674581E0,-8.809621509E0,3.043856401E0
1.513506579E1,3.068537206E0,-8.807257479E0,3.041774792E0
1.514508779E1,3.074953940E0,-8.808485395E0,3.031722844E0
1.515510979E1,3.076336807E0,-8.814294603E0,3.013381590E0
1.516513279E1,3.073918983E0,-8.823922044E0,2.987562332E0
1.517515479E1,3.073095987E0,-8.835235237E0,2.954794828E0
1.518517779E1,3.080170534E0,-8.845467280E0,2.916568363E0
1.519519979E1,3.096699735E0,-8.853864466E0,2.873265638E0
1.520522179E1,3.120543219E0,-8.861548877E0,2.823345035E0
1.521524479E1,3.148834095E0,-8.869288836E0,2.767067631E0
1.522526813E1,3.180126346E0,-8.876636447E0,2.707070228E0
1.523529113E1,3.214966396E0,-8.882095993E0,2.647349106E0
1.524531312E1,3.253415347E0,-8.884184033E0,2.592812126E0
1.525533513E1,3.294402867E0,-8.883090604E0,2.544347771E0
1.526535813E1,3.334429690E0,-8.880192139E0,2.501972415E0
1.527538013E1,3.370148576E0,-8.876528859E0,2.466867194E0
1.528540312E1,3.398917754E0,-8.873188929E0,2.439255764E0
1.529542513E1,3.420959418E0,-8.869936708E0,2.420202904E0
1.530544713E1,3.438188531E0,-8.865730805E0,2.411178312E0
1.531547013E1,3.451391544E0,-8.860430889E0,2.411797532E0
1.532549213E1,3.461163996E0,-8.853918260E0,2.421688828E0
1.533551512E1,3.464044627E0,-8.847265883E0,2.441798864E0
1.534553713E1,3.454260188E0,-8.841311079E0,2.476977322E0
1.535555913E1,3.432444227E0,-8.835135834E0,2.528794470E0
1.536558213E1,3.408898659E0,-8.825790814E0,2.592472402E0
1.537560412E1,3.389219562E0,-8.812401860E0,2.662866155E0
1.538562713E1,3.370802879E0,-8.796109763E0,2.739021168E0
1.539564913E1,3.349506735E0,-8.778134252E0,2.821572159E0
1.540567113E1,3.325127062E0,-8.760186809E0,2.904954331E0
1.541569412E1,3.301716857E0,-8.747125883E0,2.970279424E0
1.542571613E1,3.290248713E0,-8.742047576E0,2.997828581E0
1.543573913E1,3.303072826E0,-8.740998586E0,2.986763018E0
1.544576113E1,3.352356083E0,-8.735577632E0,2.947455695E0
1.545578313E1,3.440418075E0,-8.718163455E0,2.897112338E0
1.546580612E1,3.565739694E0,-8.683120506E0,2.850446002E0
1.547582813E1,3.723267776E0,-8.627488343E0,2.817768545E0
1.548585113E1,3.897969424E0,-8.552258066E0,2.810840764E0
1.549587313E1,4.076626128E0,-8.464735773E0,2.822318264E0
1.550589512E1,4.264980439E0,-8.372053896E0,2.820416749E0
1.551591813E1,4.473869002E0,-8.272854128E0,2.789352539E0
1.552594013E1,4.705611408E0,-8.158933995E0,2.743196957E0
1.553596313E1,4.967573978E0,-8.016977048E0,2.699518549E0
1.554598513E1,5.266906981E0,-7.837878587E0,2.657715635E0
1.555600713E1,5.599180858E0,-7.623576379E0,2.601222176E0
1.556603013E1,5.950565774E0,-7.382236646E0,2.515839964E0
1.557605213E1,6.302440102E0,-7.119417166E0,2.414381709E0
1.558607513E1,6.643505268E0,-6.838771280E0,2.308924543E0
1.559609712E1,6.966526510E0,-6.543909059E0,2.209268693E0
1.560611913E1,7.267794941E0,-6.235140404E0,2.130324703E0
1.561614213E1,7.549362933E0,-5.910438087E0,2.076042077E0
1.562616413E1,7.815958545E0,-5.565482769E0,2.042624362E0
1.563618712E1,8.071742654E0,-5.197353181E0,2.017576352E0
1.564620913E1,8.313360715E0,-4.810650205E0,1.995438794E0
1.565623113E1,8.533831151E0,-4.416164293E0,1.976689697E0
1.566625413E1,8.731103927E0,-4.021626048E0,1.957155611E0
1.567627613E1,8.908622471E0,-3.629141053E0,1.924029088E0
1.568629912E1,9.072670784E0,-3.236320720E0,1.857139572E0
1.569632113E1,9.227286953E0,-2.844107620E0,1.733298761E0
1.570634313E1,9.374668363E0,-2.454663470E0,1.525235239E0
1.571636613E1,9.514255434E0,-2.064763090E0,1.204911098E0
1.572638812E1,9.634532075E0,-1.672679653E0,7.836076621E-1
1.573641113E1,9.722015777E0,-1.275357256E0,3.032533048E-1
1.574643313E1,9.768346775E0,-8.788736424E-1,-2.075532236E-1
1.575645513E1,9.769693388E0,-4.978632963E-1,-7.357767802E-1
1.576647813E1,9.726928023E0,-1.427305798E-1,-1.265947770E0
1.577650012E1,9.646884318E0,1.922125052E-1,-1.771105541E0
1.578652313E1,9.540647426E0,5.229531140E-1,-2.222307984E0
1.579654513E1,9.419799512E0,8.668597338E-1,-2.598473985E0
1.580656713E1,9.292796819E0,1.237989747E0,-2.889185560E0
1.581659012E1,9.162904431E0,1.635173272E0,-3.098952960E0
1.582661213E1,9.032119759E0,2.032769757E0,-3.244185225E0
1.583663513E1,8.901204109E0,2.400489601E0,-3.352959808E0
1.584665713E1,8.770973752E0,2.723105047E0,-3.448310646E0
1.585667912E1,8.643264715E0,3.006114670E0,-3.534588652E0
1.586670213E1,8.519107862E0,3.266327754E0,-3.604445630E0
1.587672413E1,8.394505450E0,3.520225259E0,-3.657370533E0
1.588674713E1,8.261657880E0,3.778843222E0,-3.701550633E0
1.589676913E1,8.120670986E0,4.038954564E0,-3.738669927E0
1.590679112E1,7.985489207E0,4.277002607E0,-3.765016604E0
1.591681413E1,7.874403219E0,4.462983826E0,-3.783075145E0
1.592683613E1,7.802300034E0,4.576045880E0,-3.797370417E0
1.593685913E1,7.780441972E0,4.609382318E0,-3.801899086E0
1.594688112E1,7.808925514E0,4.575984484E0,-3.783796983E0
1.595690313E1,7.875466828E0,4.504593782E0,-3.731183445E0
1.596692613E1,7.965664807E0,4.422502090E0,-3.636720506E0
1.597694813E1,8.071553205E0,4.343885691E0,-3.495246831E0
1.598697113E1,8.186056890E0,4.271108029E0,-3.313944262E0
1.599699312E1,8.293031116E0,4.210536430E0,-3.119789805E0
1.600701513E1,8.389035380E0,4.158692384E0,-2.926680830E0
1.601703813E1,8.479871290E0,4.100084572E0,-2.741750941E0
1.602706013E1,8.567260267E0,4.021450924E0,-2.581878417E0
1.603708312E1,8.641757303E0,3.932606575E0,-2.467945128E0
1.604710513E1,8.686700172E0,3.859372538E0,-2.425412481E0
1.605712713E1,8.689889243E0,3.839293492E0,-2.445757137E0
1.606715013E1,8.669594727E0,3.870130538E0,-2.469068378E0
1.607717212E1,8.657855272E0,3.902483767E0,-2.459327209E0
1.608719513E1,8.674318108E0,3.886638982E0,-2.426176127E0
1.609721713E1,8.713437150E0,3.812569670E0,-2.403422273E0
1.610723913E1,8.753391175E0,3.700745471E0,-2.432841076E0
1.611726213E1,8.784864398E0,3.578342490E0,-2.501538259E0
1.612728412E1,8.814080595E0,3.458131045E0,-2.566984974E0
1.613730713E1,8.846161344E0,3.335861673E0,-2.617930887E0
1.614732913E1,8.875044250E0,3.213918867E0,-2.672157380E0
1.615735113E1,8.887647924E0,3.104545822E0,-2.758188341E0
1.616737412E1,8.888371224E0,3.011518959E0,-2.857225556E0
1.617739613E1,8.898410309E0,2.919486709E0,-2.920790638E0
1.618741913E1,8.927395542E0,2.810938705E0,-2.938764394E0
1.619744113E1,8.969741077E0,2.681037839E0,-2.931196635E0
1.620746312E1,9.016463254E0,2.532810338E0,-2.919651015E0
1.621748612E1,9.063218760E0,2.375138267E0,-2.907382095E0
1.622751004E1,9.109570808E0,2.222946061E0,-2.882772334E0
1.623753304E1,9.149603185E0,2.099778118E0,-2.848119103E0
1.624755504E1,9.181548863E0,2.035318412E0,-2.791549045E0
1.625757704E1,9.213506820E0,2.034103507E0,-2.685112471E0
1.626760004E1,9.255043101E0,2.076878960E0,-2.503366391E0
1.627762204E1,9.303845717E0,2.140780987E0,-2.256463178E0
1.628764504E1,9.351008189E0,2.202464873E0,-1.985929759E0
1.629766704E1,9.387773142E0,2.242327388E0,-1.754362332E0
1.630768904E1,9.411643816E0,2.251222757E0,-1.609046451E0
1.631771204E1,9.428259848E0,2.235214397E0,-1.532260961E0
1.632773404E1,9.431413836E0,2.217667487E0,-1.538328032E0
1.633775704E1,9.410252763E0,2.210804756E0,-1.671999621E0
1.634777904E1,9.372504893E0,2.182613137E0,-1.904844373E0
1.635780104E1,9.343785124E0,2.113501241E0,-2.112555453E0
1.636782404E1,9.332419306E0,2.044417411E0,-2.227645322E0
1.637784604E1,9.328895189E0,2.027707969E0,-2.257478693E0
1.638786904E1,9.329715554E0,2.072182768E0,-2.213273889E0
1.639789104E1,9.337331552E0,2.152196067E0,-2.102003714E0
1.640791304E1,9.349066329E0,2.234265247E0,-1.959374483E0
1.641793604E1,9.359789538E0,2.296490147E0,-1.832097702E0
1.642795804E1,9.365225109E0,2.331434423E0,-1.758710906E0
1.643798104E1,9.362356465E0,2.346314856E0,-1.754195101E0
1.644800304E1,9.348280463E0,2.356889399E0,-1.814070590E0
1.645802504E1,9.322759706E0,2.376158314E0,-1.917327009E0
1.646804804E1,9.290894135E0,2.408353376E0,-2.028596015E0
1.647807004E1,9.258837944E0,2.452327653E0,-2.120401394E0
1.648809304E1,9.232740651E0,2.509155134E0,-2.167188036E0
1.649811504E1,9.215170353E0,2.578237648E0,-2.160880352E0
1.650813704E1,9.204577537E0,2.650561859E0,-2.118109139E0
1.651816004E1,9.197844468E0,2.717280343E0,-2.062075564E0
1.652818204E1,9.193228676E0,2.770526551E0,-2.011188854E0
1.653820504E1,9.190879850E0,2.805493193E0,-1.973089712E0
1.654822704E1,9.191428319E0,2.824371806E0,-1.943370800E0
1.655824904E1,9.195131360E0,2.836228205E0,-1.908268210E0
1.656827204E1,9.201584347E0,2.853949069E0,-1.849844293E0
1.657829404E1,9.208848928E0,2.887773457E0,-1.758968330E0
1.658831704E1,9.215567379E0,2.936597708E0,-1.638850148E0
1.659833904E1,9.221219298E0,2.990078681E0,-1.504879181E0
1.660836104E1,9.225180202E0,3.039095013E0,-1.376976601E0
1.661838404E1,9.227768179E0,3.079656856E0,-1.264961637E0
1.662840604E1,9.229610637E0,3.109175939E0,-1.176193595E0
1.663842904E1,9.230219332E0,3.130375604E0,-1.113506327E0
1.664845104E1,9.227422024E0,3.152531874E0,-1.073450707E0
1.665847304E1,9.220300700E0,3.178048831E0,-1.059322884E0
1.666849604E1,9.210245828E0,3.203000654E0,-1.071564468E0
1.667851804E1,9.198026901E0,3.225229137E0,-1.109192397E0
1.668854104E1,9.182791981E0,3.245369871E0,-1.174743924E0
1.669856304E1,9.162858238E0,3.266725949E0,-1.267528857E0
1.670858504E1,9.136742819E0,3.292951004E0,-1.382939300E0
1.671860804E1,9.104900052E0,3.325636647E0,-1.508995475E0
1.672863004E1,9.070448257E0,3.362554797E0,-1.629821901E0
1.673865304E1,9.040071387E0,3.395996193E0,-1.726385159E0
1.674867504E1,9.020886088E0,3.417133000E0,-1.784074958E0
1.675869704E1,9.018493992E0,3.415621495E0,-1.798993544E0
1.676872004E1,9.034412452E0,3.384762814E0,-1.777326102E0
1.677874204E1,9.066095005E0,3.326108517E0,-1.725978924E0
1.678876404E1,9.108513047E0,3.247511414E0,-1.650678042E0
1.679878704E1,9.156941441E0,3.160142317E0,-1.549202830E0
1.680880904E1,9.209525451E0,3.069780031E0,-1.413224222E0
1.681883204E1,9.264714981E0,2.974547892E0,-1.246285338E0
1.682885404E1,9.321081555E0,2.871549773E0,-1.052499695E0
1.683887604E1,9.376346514E0,2.758841183E0,-8.420512404E-1
1.684889904E1,9.427752310E0,2.637718742E0,-6.293057075E-1
1.685892104E1,9.471624554E0,2.517321063E0,-4.330549508E-1
1.686894404E1,9.504756047E0,2.413514713E0,-2.658636681E-1
1.687896604E1,9.527101766E0,2.335675263E0,-1.228077182E-1
1.688898804E1,9.541655486E0,2.278762851E0,1.263179708E-2
1.689901104E1,9.550798193E0,2.235669602E0,1.419218916E-1
1.690903304E1,9.555738505E0,2.204564169E0,2.527064827E-1
1.691905604E1,9.557606106E0,2.184889750E0,3.384444068E-1
1.692907804E1,9.557506703E0,2.175429540E0,3.970848535E-1
1.693910104E1,9.556382284E0,2.174408032E0,4.284585642E-1
1.694912304E1,9.554497726E0,2.180396896E0,4.399249541E-1
1.695914504E1,9.551923782E0,2.191821478E0,4.390744765E-1
1.696916804E1,9.549607115E0,2.203449544E0,4.311895428E-1
1.697919004E1,9.548728278E0,2.210912345E0,4.120322736E-1
1.698921204E1,9.549321186E0,2.215484429E0,3.717817221E-1
1.699923504E1,9.550086002E0,2.218622776E0,3.311725171E-1
1.700925704E1,9.549037596E0,2.225704777E0,3.134133537E-1
1.701928004E1,9.544889581E0,2.243157693E0,3.153490379E-1
1.702930204E1,9.536553206E0,2.274992712E0,3.385891985E-1
1.703932504E1,9.522360259E0,2.327258926E0,3.802826966E-1
1.704934704E1,9.501683920E0,2.400796580E0,4.362332779E-1
1.705936904E1,9.474430633E0,2.491837728E0,5.118688031E-1
1.706939204E1,9.442563307E0,2.594811581E0,5.839928195E-1
1.707941404E1,9.412019207E0,2.696239138E0,6.166615422E-1
1.708943604E1,9.391314801E0,2.772771882E0,5.924728170E-1
1.709945904E1,9.386837003E0,2.803151675E0,5.154903492E-1
1.710948104E1,9.395324237E0,2.794087614E0,3.963039578E-1
1.711950404E1,9.404272231E0,2.781129015E0,2.471859619E-1
1.712952604E1,9.402284762E0,2.797451810E0,8.607195544E-2
1.713954804E1,9.387576091E0,2.846398560E0,-8.695609099E-2
1.714957104E1,9.366863499E0,2.902264027E0,-2.735610889E-1
1.715959304E1,9.346606405E0,2.942929366E0,-4.650014327E-1
1.716961604E1,9.331715301E0,2.957385145E0,-6.395810927E-1
1.717963804E1,9.325451764E0,2.945608267E0,-7.716592424E-1
1.718966004E1,9.328865368E0,2.914914478E0,-8.435898621E-1
1.719968304E1,9.339943503E0,2.879404045E0,-8.429805822E-1
1.720970504E1,9.355625736E0,2.846689166E0,-7.776551235E-1
1.721972804E1,9.374686489E0,2.808687819E0,-6.801581381E-1
1.722974725E1,9.395913636E0,2.756635613E0,-5.948609661E-1
1.723976925E1,9.419855645E0,2.685625857E0,-5.383830025E-1
1.724979225E1,9.446201445E0,2.601248488E0,-4.887613743E-1
1.725981425E1,9.472859486E0,2.514234318E0,-4.238657955E-1
1.726983725E1,9.497683840E0,2.428533140E0,-3.637763723E-1
1.727985925E1,9.519226736E0,2.346133592E0,-3.406698571E-1
1.728988125E1,9.536399424E0,2.272587314E0,-3.584999179E-1
1.729990425E1,9.549839249E0,2.208666430E0,-3.980786243E-1
1.730992625E1,9.561434278E0,2.147296831E0,-4.518689518E-1
1.731994925E1,9.575610268E0,2.071259493E0,-5.036682659E-1
1.732997125E1,9.595386136E0,1.969114921E0,-5.359751922E-1
1.733999325E1,9.619333992E0,1.849583946E0,-5.324966836E-1
1.735001625E1,9.642779573E0,1.737352927E0,-4.842791180E-1
1.736003825E1,9.663993856E0,1.639328158E0,-3.948938287E-1
1.737006125E1,9.684113540E0,1.542521071E0,-2.733009244E-1
1.738008325E1,9.704165397E0,1.430247367E0,-1.403151132E-1
1.739010525E1,9.723548917E0,1.299321046E0,-2.144054980E-2
1.740012825E1,9.740836794E0,1.161134091E0,6.285056074E-2
1.741015025E1,9.755743101E0,1.026217337E0,9.180902417E-2
1.742017325E1,9.768565460E0,8.975058682E-1,7.569041591E-2
1.743019525E1,9.778925557E0,7.785835882E-1,5.005981761E-2
1.744021725E1,9.786593596E0,6.759871729E-1,4.130421974E-2
1.745024025E1,9.791765458E0,5.949840134E-1,5.835970726E-2
1.746026225E1,9.795001892E0,5.301675548E-1,1.138843646E-1
1.747028525E1,9.796643205E0,4.657599993E-1,2.119788898E-1
1.748030725E1,9.796040357E0,3.883812730E-1,3.504738105E-1
1.749032925E1,9.792391110E0,3.002977749E-1,5.049721219E-1
1.750035225E1,9.786337488E0,2.153248493E-1,6.460141993E-1
1.751037425E1,9.780739948E0,1.446661086E-1,7.431784051E-1
1.752039725E1,9.778692253E0,9.527189146E-2,7.773156195E-1
1.753041925E1,9.780320703E0,6.302567571E-2,7.599091163E-1
1.754044125E1,9.783257759E0,2.725633895E-2,7.233363173E-1
1.755046425E1,9.785827026E0,-2.908230106E-2,6.876272251E-1
1.756048625E1,9.787119260E0,-9.404429594E-2,6.629869122E-1
1.757050925E1,9.787138556E0,-1.354584982E-1,6.554838382E-1
1.758053125E1,9.786469635E0,-1.462206457E-1,6.631154048E-1
1.759055325E1,9.786002442E0,-1.644968857E-1,6.657452631E-1
1.760057625E1,9.783884581E0,-2.364313792E-1,6.751545294E-1
1.761059825E1,9.776015983E0,-3.658802370E-1,7.292121112E-1
1.762062125E1,9.758669633E0,-5.219582468E-1,8.555831592E-1
1.763064325E1,9.729537635E0,-6.652028608E-1,1.062865858E0
1.764066525E1,9.690232651E0,-7.701446673E-1,1.319984521E0
1.765068825E1,9.647480734E0,-8.416508523E-1,1.566472435E0
1.766071025E1,9.613096767E0,-9.106734324E-1,1.730647048E0
1.767073325E1,9.591465577E0,-1.007443974E0,1.795806665E0
1.768075525E1,9.575658799E0,-1.135754982E0,1.803581123E0
1.769077725E1,9.554892998E0,-1.271106915E0,1.823292526E0
1.770080025E1,9.529041288E0,-1.389217601E0,1.871782462E0
1.771082225E1,9.503126428E0,-1.485090742E0,1.929042198E0
1.772084525E1,9.481589963E0,-1.565265132E0,1.971168902E0
1.773086725E1,9.462266670E0,-1.643009565E0,2.000538151E0
1.774088925E1,9.438732796E0,-1.727150559E0,2.040439404E0
1.775091225E1,9.405161592E0,-1.812261022E0,2.120082136E0
1.776093425E1,9.354251640E0,-1.884910777E0,2.276223844E0
1.777095725E1,9.283103889E0,-1.946533413E0,2.504213652E0
1.778097925E1,9.198016961E0,-2.012619960E0,2.753534250E0
1.779100125E1,9.116915495E0,-2.089822210E0,2.958140312E0
1.780102425E1,9.056537147E0,-2.173256276E0,3.080941197E0
1.781104625E1,9.014613195E0,-2.256070830E0,3.143720412E0
1.782106825E1,8.982862814E0,-2.332062268E0,3.178955149E0
1.783109125E1,8.954968672E0,-2.396300802E0,3.209732553E0
1.784111325E1,8.928302445E0,-2.447459700E0,3.245221059E0
1.785113625E1,8.905078474E0,-2.493240767E0,3.274054557E0
1.786115825E1,8.886039355E0,-2.541201969E0,3.288877541E0
1.787118025E1,8.869173061E0,-2.590277065E0,3.296110839E0
1.788120325E1,8.853386748E0,-2.636379437E0,3.301992261E0
1.789122525E1,8.837135582E0,-2.680677358E0,3.309850334E0
1.790124825E1,8.819048390E0,-2.731920017E0,3.316189300E0
1.791127025E1,8.798155704E0,-2.796081515E0,3.318205713E0
1.792129225E1,8.772236751E0,-2.876569315E0,3.318026496E0
1.793131525E1,8.735074187E0,-2.972707188E0,3.331305230E0
1.794133725E1,8.680038439E0,-3.078264926E0,3.378953021E0
1.795136025E1,8.610892775E0,-3.186730776E0,3.454473027E0
1.796138225E1,8.535115199E0,-3.290930791E0,3.543682534E0
1.797140425E1,8.459366859E0,-3.391054126E0,3.629870201E0
1.798142725E1,8.384680958E0,-3.496549006E0,3.702345854E0
1.799144925E1,8.309188727E0,-3.614960970E0,3.758396971E0
1.800147225E1,8.231065832E0,-3.751936382E0,3.795870899E0
1.801149425E1,8.143335963E0,-3.906742879E0,3.828779321E0
1.802151625E1,8.039378316E0,-4.074388983E0,3.873479238E0
1.803153925E1,7.914852503E0,-4.249092970E0,3.941626490E0
1.804156125E1,7.764931063E0,-4.424104812E0,4.045893455E0
1.805158425E1,7.584720461E0,-4.594476011E0,4.195106505E0
1.806160625E1,7.372234983E0,-4.757500769E0,4.387761151E0
1.807162825E1,7.127470536E0,-4.914123995E0,4.613746095E0
1.808165125E1,6.847025794E0,-5.069084566E0,4.864023005E0
1.809167325E1,6.529396854E0,-5.224735692E0,5.128860067E0
1.810169625E1,6.181692175E0,-5.381548660E0,5.390891342E0
1.811171825E1,5.818064359E0,-5.538588501E0,5.631185008E0
1.812174025E1,5.451314129E0,-5.693943758E0,5.839373367E0
1.813176325E1,5.104157919E0,-5.844430039E0,6.002191426E0
1.814178525E1,4.810969463E0,-5.985978266E0,6.103993789E0
1.815180825E1,4.596356184E0,-6.112024355E0,6.144328467E0
1.816183025E1,4.473808484E0,-6.215563926E0,6.130896828E0
1.817185225E1,4.437513354E0,-6.300185416E0,6.070603849E0
1.818187525E1,4.454783691E0,-6.376327273E0,5.977746556E0
1.819189725E1,4.478300315E0,-6.449832621E0,5.880526655E0
1.820192025E1,4.484339904E0,-6.526689008E0,5.790435095E0
1.821194225E1,4.479841349E0,-6.613823631E0,5.694247813E0
1.822196425E1,4.474057575E0,-6.706646426E0,5.589256963E0
1.823199038E1,4.470875228E0,-6.795660344E0,5.483280857E0
1.824201238E1,4.469304081E0,-6.881264750E0,5.376765638E0
1.825203537E1,4.458538188E0,-6.970293286E0,5.269966244E0
1.826205738E1,4.425102054E0,-7.066375319E0,5.169226905E0
1.827207938E1,4.368291092E0,-7.166096658E0,5.079486762E0
1.828210238E1,4.298105793E0,-7.262176352E0,5.002316964E0
1.829212438E1,4.229500119E0,-7.348711050E0,4.933951904E0
1.830214737E1,4.173902162E0,-7.426148066E0,4.864872021E0
1.831216938E1,4.130322571E0,-7.496428090E0,4.793757892E0
1.832219138E1,4.093443890E0,-7.564065172E0,4.718552173E0
1.833221438E1,4.052979988E0,-7.635240989E0,4.638162898E0
1.834223637E1,3.999395811E0,-7.708779666E0,4.562416605E0
1.835225838E1,3.935711447E0,-7.780070674E0,4.496307693E0
1.836228138E1,3.872744243E0,-7.846709636E0,4.434760485E0
1.837230338E1,3.817434553E0,-7.908622879E0,4.372297019E0
1.838232637E1,3.764133382E0,-7.969216990E0,4.308014485E0
1.839234838E1,3.706219927E0,-8.031216772E0,4.242594082E0
1.840237038E1,3.647786947E0,-8.090987595E0,4.179195354E0
1.841239338E1,3.603336121E0,-8.143369292E0,4.115533209E0
1.842241538E1,3.582879637E0,-8.185328912E0,4.049625148E0
1.843243837E1,3.580198689E0,-8.219240423E0,3.982759606E0
1.844246038E1,3.578600937E0,-8.252661354E0,3.914498918E0
1.845248238E1,3.570443194E0,-8.289154412E0,3.844213631E0
1.846250538E1,3.557572010E0,-8.326241546E0,3.775381671E0
1.847252737E1,3.540943114E0,-8.362948027E0,3.709300532E0
1.848255038E1,3.523134249E0,-8.395846801E0,3.651488819E0
1.849257238E1,3.509457612E0,-8.423791814E0,3.599935380E0
1.850259438E1,3.502577485E0,-8.445857452E0,3.554651326E0
1.851261738E1,3.502623386E0,-8.460398308E0,3.519856885E0
1.852263938E1,3.512995762E0,-8.469031722E0,3.488619597E0
1.853266238E1,3.532726022E0,-8.474359120E0,3.455600663E0
1.854268438E1,3.558280985E0,-8.477490304E0,3.421533030E0
1.855270638E1,3.586416033E0,-8.479936779E0,3.385909161E0
1.856272937E1,3.615748883E0,-8.479233359E0,3.356345931E0
1.857275138E1,3.644310777E0,-8.473228853E0,3.340582715E0
1.858277438E1,3.675253657E0,-8.457825533E0,3.345713354E0
1.859279638E1,3.707668867E0,-8.432495395E0,3.373767125E0
1.860281837E1,3.735022142E0,-8.404388414E0,3.413497494E0
1.861284138E1,3.754819060E0,-8.378581143E0,3.454970333E0
1.862286338E1,3.774672696E0,-8.353115349E0,3.494770868E0
1.863288638E1,3.803917837E0,-8.325620572E0,3.528505501E0
1.864290838E1,3.845638598E0,-8.296830636E0,3.551023421E0
1.865293037E1,3.897380609E0,-8.267912062E0,3.562042499E0
1.866295338E1,3.961072575E0,-8.234970018E0,3.568091736E0
1.867297538E1,4.037450953E0,-8.195420036E0,3.573537833E0
1.868299838E1,4.119437687E0,-8.152542404E0,3.578042820E0
1.869302037E1,4.200321344E0,-8.110468179E0,3.579625077E0
1.870304238E1,4.279262848E0,-8.070118298E0,3.577317765E0
1.871306538E1,4.365115177E0,-8.027930637E0,3.568500749E0
1.872308738E1,4.467168386E0,-7.979208128E0,3.551442082E0
1.873311038E1,4.585524801E0,-7.921052306E0,3.530720134E0
1.874313238E1,4.711130010E0,-7.853607012E0,3.515990706E0
1.875315438E1,4.835644129E0,-7.777831775E0,3.515389320E0
1.876317738E1,4.951055009E0,-7.697527285E0,3.531463315E0
1.877319938E1,5.053905779E0,-7.613123311E0,3.568544018E0
1.878322237E1,5.144441142E0,-7.526054762E0,3.623440310E0
1.879324438E1,5.228077376E0,-7.437365364E0,3.686313081E0
1.880326638E1,5.310889152E0,-7.346006713E0,3.750565503E0
1.881328938E1,5.395283185E0,-7.252814375E0,3.810997646E0
1.882331137E1,5.480778249E0,-7.160324287E0,3.863538094E0
1.883333438E1,5.566124209E0,-7.070935562E0,3.905921052E0
1.884335638E1,5.651373104E0,-6.985939266E0,3.936333006E0
1.885337838E1,5.736258888E0,-6.905688570E0,3.955109585E0
1.886340138E1,5.820868683E0,-6.829139162E0,3.964398179E0
1.887342337E1,5.905308325E0,-6.756376410E0,3.964192942E0
1.888344638E1,5.989598277E0,-6.689415266E0,3.951271180E0
1.889346838E1,6.070510878E0,-6.630814471E0,3.926487756E0
1.890349038E1,6.144575220E0,-6.583184806E0,3.891269099E0
1.891351337E1,6.213698080E0,-6.548163493E0,3.840261498E0
1.892353538E1,6.280476791E0,-6.525755208E0,3.769113163E0
1.893355738E1,6.341131713E0,-6.512904198E0,3.688934680E0
1.894358038E1,6.394572925E0,-6.504693537E0,3.610333776E0
1.895360237E1,6.452172092E0,-6.492632486E0,3.528639695E0
1.896362538E1,6.533899795E0,-6.462455590E0,3.432334007E0
1.897364738E1,6.657232191E0,-6.395030762E0,3.319779198E0
1.898366938E1,6.833920430E0,-6.270258781E0,3.196478085E0
1.899369238E1,7.068086799E0,-6.074219182E0,3.063023281E0
1.900371437E1,7.349641927E0,-5.806769877E0,2.915523174E0
1.901373738E1,7.648570887E0,-5.483973168E0,2.767941205E0
1.902375938E1,7.937128640E0,-5.132694086E0,2.625559165E0
1.903378138E1,8.210647355E0,-4.764494624E0,2.474062192E0
1.904380437E1,8.481324323E0,-4.361777001E0,2.297418538E0
1.905382638E1,8.761225859E0,-3.890041769E0,2.084369097E0
1.906384938E1,9.046872869E0,-3.318795697E0,1.837326720E0
1.907387138E1,9.319573558E0,-2.629043813E0,1.571550742E0
1.908389338E1,9.548469247E0,-1.826645465E0,1.313855616E0
1.909391637E1,9.702490754E0,-9.567839172E-1,1.087358017E0
1.910393838E1,9.770374589E0,-1.076361487E-1,8.742433785E-1
1.911396138E1,9.770534218E0,6.205225318E-1,6.226892906E-1
1.912398338E1,9.732533748E0,1.175878649E0,3.621751488E-1
1.913400537E1,9.669291433E0,1.642286995E0,2.092549644E-1
1.914402838E1,9.562951630E0,2.185488505E0,9.847722544E-2
1.915405038E1,9.387621115E0,2.847132093E0,-5.023112276E-2
1.916407338E1,9.146952642E0,3.540294950E0,-1.888639144E-1
1.917409537E1,8.863407122E0,4.194457464E0,-2.874651830E-1
1.918411738E1,8.562025255E0,4.777151799E0,-3.266125659E-1
1.919414038E1,8.252961316E0,5.293783123E0,-3.171590800E-1
1.920416238E1,7.933280003E0,5.763157834E0,-2.918928226E-1
1.921418538E1,7.596299703E0,6.201192639E0,-2.784998483E-1
1.922420737E1,7.241881835E0,6.610674321E0,-3.003983653E-1
1.923422663E1,6.877785072E0,6.985665616E0,-3.642309202E-1
1.924424963E1,6.515561757E0,7.319611212E0,-4.548366696E-1
1.925427163E1,6.161963670E0,7.613900991E0,-5.429682063E-1
1.926429463E1,5.813387171E0,7.878403884E0,-6.094313139E-1
1.927431662E1,5.467174117E0,8.118436180E0,-6.611131719E-1
1.928433863E1,5.131111245E0,8.331011120E0,-7.085653004E-1
1.929436163E1,4.824699018E0,8.509038371E0,-7.447484556E-1
1.930438363E1,4.570361509E0,8.647409222E0,-7.551115490E-1
1.931440662E1,4.377811236E0,8.748403500E0,-7.323341589E-1
1.932442863E1,4.240994284E0,8.820195029E0,-6.739766809E-1
1.933445063E1,4.143727021E0,8.872940422E0,-5.801404545E-1
1.934447363E1,4.069656832E0,8.914160369E0,-4.601469281E-1
1.935449563E1,4.005885928E0,8.948955980E0,-3.243286800E-1
1.936451862E1,3.942640105E0,8.981077659E0,-1.787402828E-1
1.937454063E1,3.871705778E0,9.013615660E0,-2.727203964E-2
1.938456263E1,3.787074640E0,9.048590780E0,1.310797650E-1
1.939458563E1,3.686514225E0,9.086038104E0,2.993897023E-1
1.940460762E1,3.572858679E0,9.123902918E0,4.745202247E-1
1.941463063E1,3.451602336E0,9.159794297E0,6.486257120E-1
1.942465263E1,3.333683585E0,9.190238995E0,8.137345637E-1
1.943467463E1,3.227722682E0,9.213484601E0,9.641635419E-1
1.944469763E1,3.135189909E0,9.230325167E0,1.099001066E0
1.945471963E1,3.051130629E0,9.243320019E0,1.219742122E0
1.946474263E1,2.968187583E0,9.255503277E0,1.327260504E0
1.947476463E1,2.880163891E0,9.269419650E0,1.420780287E0
1.948478663E1,2.783405628E0,9.286762492E0,1.498264957E0
1.949480962E1,2.676846847E0,9.308283754E0,1.557704974E0
1.950483163E1,2.562510977E0,9.333328548E0,1.599567237E0
1.951485463E1,2.446264091E0,9.359640434E0,1.627584756E0
1.952487663E1,2.335249293E0,9.384572377E0,1.646973100E0
1.953489862E1,2.235731437E0,9.406291859E0,1.661103481E0
1.954492163E1,2.152395750E0,9.424171475E0,1.669814663E0
1.955494363E1,2.087980483E0,9.438736305E0,1.669337969E0
1.956496663E1,2.042928710E0,9.451048787E0,1.655362246E0
1.957498863E1,2.014660346E0,9.461849179E0,1.628083962E0
1.958501062E1,1.997745082E0,9.471573683E0,1.591984568E0
1.959503363E1,1.986470627E0,9.481378294E0,1.547102949E0
1.960505563E1,1.977238019E0,9.491727866E0,1.494566301E0
1.961507763E1,1.969113898E0,9.501944121E0,1.439356745E0
1.962510062E1,1.963369447E0,9.510844168E0,1.387486825E0
1.963512263E1,1.961680625E0,9.517594194E0,1.342877833E0
1.964514563E1,1.962680791E0,9.522251501E0,1.307935603E0
1.965516763E1,1.963707416E0,9.525441742E0,1.282929400E0
1.966518962E1,1.962788088E0,9.527870091E0,1.266192622E0
1.967521263E1,1.957898061E0,9.530338785E0,1.255146794E0
1.968523463E1,1.946539845E0,9.533726662E0,1.247057755E0
1.969525763E1,1.927352645E0,9.538555877E0,1.239908219E0
1.970527963E1,1.901851622E0,9.544477352E0,1.233697891E0
1.971530162E1,1.873402871E0,9.550440343E0,1.231070591E0
1.972532463E1,1.845417366E0,9.555721548E0,1.232353178E0
1.973534663E1,1.820293343E0,9.559966042E0,1.236802616E0
1.974536963E1,1.799390862E0,9.562878540E0,1.244852332E0
1.975539162E1,1.784085044E0,9.564430391E0,1.254911882E0
1.976541363E1,1.775785799E0,9.564835603E0,1.263565907E0
1.977543663E1,1.774295344E0,9.564498804E0,1.268205819E0
1.978545863E1,1.776900571E0,9.564138615E0,1.267271872E0
1.979548163E1,1.781046977E0,9.564422790E0,1.259282822E0
1.980550362E1,1.785277146E0,9.565758879E0,1.243043496E0
1.981552563E1,1.788793369E0,9.568180795E0,1.219114643E0
1.982554863E1,1.791435433E0,9.571423076E0,1.189429571E0
1.983557063E1,1.792964480E0,9.575125533E0,1.156874979E0
1.984559362E1,1.792444370E0,9.579306293E0,1.122567757E0
1.985561563E1,1.789102540E0,9.584093993E0,1.086440516E0
1.986563763E1,1.782900252E0,9.589349470E0,1.049627469E0
1.987566063E1,1.773983833E0,9.594728909E0,1.015012391E0
1.988568262E1,1.765617929E0,9.599509592E0,9.839157287E-1
1.989570563E1,1.760861219E0,9.602875249E0,9.592974890E-1
1.990572763E1,1.761096570E0,9.603985051E0,9.476878423E-1
1.991574963E1,1.763525065E0,9.603099198E0,9.521430552E-1
1.992577263E1,1.766616926E0,9.601561965E0,9.618672672E-1
1.993579462E1,1.773506847E0,9.599544675E0,9.692935965E-1
1.994581763E1,1.783509678E0,9.596812271E0,9.779522996E-1
1.995583963E1,1.795773190E0,9.593186998E0,9.909871320E-1
1.996586163E1,1.809209945E0,9.589062957E0,1.006351568E0
1.997588462E1,1.822107003E0,9.585281562E0,1.019017003E0
1.998590663E1,1.834652789E0,9.582141607E0,1.026014950E0
1.999592963E1,1.848765921E0,9.579323249E0,1.027011681E0
2.000595163E1,1.869304119E0,9.575512619E0,1.025370880E0
2.001597363E1,1.899225491E0,9.569468937E0,1.026795846E0
2.002599662E1,1.934944085E0,9.561175831E0,1.037311260E0
2.003601863E1,1.971379694E0,9.551598676E0,1.056767358E0
2.004604163E1,1.999184228E0,9.545039270E0,1.063755219E0
2.005606363E1,2.025225534E0,9.541706357E0,1.044225592E0
2.006608562E1,2.044617824E0,9.542417963E0,9.989426344E-1
2.007610863E1,2.064697455E0,9.542911468E0,9.518130530E-1
2.008613063E1,2.094703173E0,9.541343830E0,9.005880817E-1
2.009615363E1,2.141552527E0,9.536261430E0,8.423589501E-1
2.010617562E1,2.196868795E0,9.528750097E0,7.828083477E-1
2.011619763E1,2.239561509E0,9.523263654E0,7.265695352E-1
2.012622063E1,2.262092731E0,9.521332319E0,6.806423606E-1
2.013624263E1,2.270957256E0,9.521707710E0,6.449296139E-1
2.014626563E1,2.271038387E0,9.523542566E0,6.169509063E-1
2.015628762E1,2.269060420E0,9.525555763E0,5.926928916E-1
2.016630963E1,2.273021177E0,9.526103647E0,5.681800114E-1
2.017633263E1,2.285708027E0,9.524534254E0,5.430411137E-1
2.018635463E1,2.304538839E0,9.521283202E0,5.199886122E-1
2.019637662E1,2.326566031E0,9.516839903E0,5.029345865E-1
2.020639963E1,2.351502652E0,9.511089166E0,4.957025674E-1
2.021642163E1,2.379458336E0,9.503907616E0,5.000350253E-1
2.022644367E1,2.409174617E0,9.495719760E0,5.131182434E-1
2.023646567E1,2.437825389E0,9.487529565E0,5.290455472E-1
2.024648867E1,2.463904117E0,9.479996012E0,5.431060544E-1
2.025651067E1,2.486569679E0,9.473523145E0,5.526605509E-1
2.026653267E1,2.503405275E0,9.468726089E0,5.588203733E-1
2.027655567E1,2.511472386E0,9.466298325E0,5.637393801E-1
2.028657767E1,2.511755099E0,9.465948077E0,5.683490691E-1
2.029659967E1,2.506531196E0,9.467053201E0,5.729789675E-1
2.030662267E1,2.498026421E0,9.469038330E0,5.773231564E-1
2.031664467E1,2.488513586E0,9.471336871E0,5.806869134E-1
2.032666767E1,2.479203357E0,9.473678096E0,5.823080174E-1
2.033668967E1,2.468817240E0,9.476322792E0,5.833808718E-1
2.034671167E1,2.453858601E0,9.479815333E0,5.897077418E-1
2.035673467E1,2.437360535E0,9.482651233E0,6.121170497E-1
2.036675667E1,2.429787368E0,9.483150001E0,6.341167966E-1
2.037677967E1,2.432082108E0,9.481932610E0,6.434526072E-1
2.038680167E1,2.442638378E0,9.479383224E0,6.410279131E-1
2.039682367E1,2.456275547E0,9.476429211E0,6.325365134E-1
2.040684667E1,2.466613132E0,9.474457530E0,6.217288855E-1
2.041686867E1,2.471328034E0,9.474003201E0,6.098440177E-1
2.042689167E1,2.472994783E0,9.474549331E0,5.943939197E-1
2.043691367E1,2.473715745E0,9.475569670E0,5.748156145E-1
2.044693567E1,2.474814144E0,9.476378340E0,5.564723143E-1