"Time (s)","X (m/s^2)","Y (m/s^2)","Z (m/s^2)"
4.082750063E-3,-1.303480024E0,4.845108140E-1,2.511560386E-1
1.410475001E-2,-1.263682413E0,3.510650736E-1,9.138788760E-1
2.412775008E-2,-1.232881035E0,6.784261197E-1,1.161967465E0
3.414975002E-2,-1.197722897E0,9.491065961E-1,1.191850246E0
4.417275009E-2,-1.059007061E0,6.599933571E-1,1.308632591E0
5.419475003E-2,-1.071978816E0,4.448976821E-1,1.313486949E0
6.421775010E-2,-1.114236059E0,5.885935915E-1,1.073179834E0
7.423975004E-2,-1.230394799E0,4.874659967E-1,7.985062945E-1
8.426275000E-2,-1.323602340E0,2.246073407E-1,5.916002297E-1
9.428475006E-2,-1.341998850E0,1.940632403E-2,4.755061018E-1
1.043077500E-1,-1.350450415E0,-9.975232959E-2,3.655082810E-1
1.143297501E-1,-1.210128057E0,1.679530835E-1,2.446954501E-1
1.243527500E-1,-1.077486601E0,5.940186381E-2,2.426752371E-1
1.343747501E-1,-1.107857332E0,-3.199783516E-1,2.629206365E-1
1.443977500E-1,-1.196620696E0,-3.857051486E-1,1.540121520E-1
1.544197501E-1,-1.213755962E0,-3.209846574E-1,1.166636467E-1
1.644427500E-1,-1.003216730E0,-3.680711156E-1,1.997666144E-1
1.744647501E-1,-7.869638908E-1,-4.583497864E-1,3.421697044E-1
1.844877501E-1,-7.442306846E-1,-5.063454866E-1,3.522526431E-1
1.945097500E-1,-9.188019392E-1,-5.085797077E-1,1.821711731E-1
2.045327501E-1,-9.078711542E-1,-5.047515357E-1,1.368938434E-1
2.145547500E-1,-8.717754149E-1,-2.334126627E-1,1.711199355E-1
2.245777501E-1,-7.612504676E-1,2.217386967E-1,-7.082147598E-3
2.345997500E-1,-6.609081540E-1,3.992449611E-1,-1.803760779E-1
2.446227501E-1,-6.446698514E-1,5.956079113E-1,-2.653139019E-1
2.546447500E-1,-6.634397060E-1,8.371429414E-1,-2.440341300E-1
2.646677501E-1,-6.554784295E-1,9.177935869E-1,-5.719044685E-2
2.746897500E-1,-6.540707123E-1,8.367014766E-1,6.898018777E-2
2.847127500E-1,-5.376666820E-1,6.823747444E-1,1.830342221E-1
2.947347501E-1,-5.517312822E-1,6.094997263E-1,1.663386673E-1
3.047577500E-1,-8.255157530E-1,4.596601474E-1,4.415057123E-2
3.147797501E-1,-1.249653773E0,1.133131921E-1,-3.417697549E-2
3.248027500E-1,-1.847642378E0,-3.913851339E-1,-1.673572522E-1
3.348247501E-1,-2.545953709E0,-1.232979560E0,-1.849450922E-1
3.448477500E-1,-3.371534074E0,-2.447586585E0,-3.075512642E-1
3.548687501E-1,-4.060474364E0,-3.844937809E0,-4.494368756E-1
3.648917500E-1,-4.791155296E0,-4.584674909E0,-1.187356076E0
3.749137501E-1,-5.198286982E0,-3.479868069E0,-2.935778221E0
3.849367501E-1,-5.379503889E0,-1.569709015E0,-4.426757401E0
3.949587500E-1,-6.514938444E0,-7.059501332E-1,-3.908498797E0
4.049817501E-1,-5.094473176E0,1.876669711E-1,-3.372644460E0
4.150037500E-1,-2.825355307E0,8.687880725E-1,-3.690338597E0
4.250267501E-1,-5.498534489E-1,1.374696187E0,-3.925451337E0
4.350487500E-1,1.923248631E0,1.794897569E0,-3.679760107E0
4.450717501E-1,4.367404069E0,1.948530822E0,-3.077473798E0
4.550937500E-1,6.280807743E0,1.853507136E0,-1.985225024E0
4.651167501E-1,7.107814536E0,1.400359032E0,-7.739830720E-1
4.751387500E-1,6.922714493E0,6.850638789E-1,1.912486830E-1
4.851617500E-1,5.822765520E0,-7.284051955E-2,6.002342284E-1
4.951837501E-1,4.300685585E0,-7.897804946E-1,5.698766541E-1
5.052067500E-1,2.935505156E0,-1.468539321E0,3.125518030E-1
5.152297501E-1,1.957063664E0,-2.022650712E0,1.040301526E-1
5.252517500E-1,1.252684677E0,-2.323375352E0,-3.682883397E-2
5.352747501E-1,7.280607945E-1,-2.367100831E0,-1.880140033E-1
5.452967500E-1,3.526151705E-1,-2.231918467E0,-3.189740923E-1
5.553197501E-1,9.010851681E-2,-1.972732447E0,-4.582780118E-1
5.653417500E-1,-1.309688598E-1,-1.671335378E0,-5.083867496E-1
5.753647500E-1,-2.964778072E-1,-1.361879091E0,-3.845000374E-1
5.853867501E-1,-4.065042794E-1,-9.858282799E-1,-2.452088356E-1
5.954097500E-1,-3.826476395E-1,-6.835973972E-1,-1.214566094E-1
6.054317501E-1,-1.741920626E-1,-6.309133995E-1,6.704768300E-2
6.154547500E-1,2.481105164E-1,-6.369933343E-1,3.282118160E-1
6.254767501E-1,8.904724717E-1,-3.893491334E-1,4.878577602E-1
6.354997500E-1,1.692734433E0,2.131538147E-1,3.893186548E-1
6.455217501E-1,2.691109668E0,7.552234501E-1,1.611503597E-1
6.555447500E-1,3.827806052E0,9.008471864E-1,9.097682834E-3
6.655667501E-1,4.877149419E0,5.171318454E-1,1.156590220E-1
6.755897501E-1,5.560138999E0,-1.536747676E-1,3.708221940E-1
6.856117500E-1,5.631403109E0,-8.767841399E-1,6.313209504E-1
6.956347501E-1,5.223896617E0,-1.289154931E0,6.831250153E-1
7.056567500E-1,4.642003057E0,-1.169811505E0,2.360584913E-1
7.156797501E-1,4.198709559E0,-7.069213557E-1,-6.411302394E-1
7.257017500E-1,3.931317557E0,-8.300590396E-2,-1.549658913E0
7.357247501E-1,3.892956313E0,3.027232182E-1,-2.302174518E0
7.457467500E-1,3.814857393E0,3.028267139E-1,-2.686157661E0
7.557697501E-1,3.631455089E0,7.990454078E-2,-2.784897253E0
7.657917500E-1,3.461290588E0,-1.589811158E-1,-2.844738243E0
7.758147500E-1,3.381296585E0,-3.147111797E-1,-2.988182137E0
7.858367501E-1,3.345950751E0,-5.693737936E-1,-3.012190220E0
7.958597500E-1,3.299259857E0,-8.126600647E-1,-2.861461279E0
8.058817501E-1,3.160686986E0,-8.280312252E-1,-2.641381438E0
8.159047500E-1,3.001582201E0,-6.086220592E-1,-2.314287025E0
8.259267501E-1,2.803777620E0,-2.489732730E-1,-1.855446657E0
8.359497500E-1,2.473743519E0,1.396736097E-1,-1.227041128E0
8.459717501E-1,2.078976356E0,6.002207798E-1,-8.022252698E-1
8.559947500E-1,1.628019789E0,9.898114032E-1,-7.970420055E-1
8.660167500E-1,1.276089620E0,1.166423044E0,-1.055641842E0
8.760397501E-1,1.030801554E0,1.030784013E0,-1.332113255E0
8.860617500E-1,9.080591422E-1,6.812649429E-1,-1.387671890E0
8.960847501E-1,8.865592226E-1,3.273949599E-1,-1.233214911E0
9.061067500E-1,8.878666601E-1,1.088371485E-1,-1.000846853E0
9.161297501E-1,8.427656239E-1,1.569591486E-1,-7.916862483E-1
9.261517500E-1,8.318064800E-1,4.712680399E-1,-6.657902867E-1
9.361747501E-1,8.103419361E-1,8.910343891E-1,-5.700485623E-1
9.461967500E-1,7.416219494E-1,1.303106387E0,-5.757291323E-1
9.562197500E-1,6.030084398E-1,1.800589834E0,-6.367208540E-1
9.662417501E-1,4.501864886E-1,2.392459036E0,-7.125330748E-1
9.762647500E-1,3.442641771E-1,3.033960573E0,-7.934314960E-1
9.862877501E-1,2.528745353E-1,3.550470275E0,-8.364952160E-1
9.963097500E-1,2.653717893E-1,3.747062436E0,-6.454527935E-1
1.006332750E0,4.169286954E-1,3.576848234E0,-2.470438381E-1
1.016354750E0,5.282485718E-1,3.211428246E0,3.095246994E-1
1.026377750E0,5.879112214E-1,2.954640169E0,7.853664315E-1
1.036399750E0,6.636683321E-1,2.973646544E0,1.136388820E0
1.046422750E0,7.521179938E-1,3.115997593E0,1.336444141E0
1.056444750E0,8.955613035E-1,3.240681281E0,1.473760007E0
1.066467750E0,9.629001778E-1,3.223467078E0,1.624398901E0
1.076489750E0,8.889182818E-1,3.058824103E0,1.738835050E0
1.086512750E0,7.311925632E-1,2.894565876E0,1.842342462E0
1.096534750E0,7.390401113E-1,2.680062523E0,1.939943016E0
1.106557750E0,9.111523193E-1,2.296727836E0,2.028732547E0
1.116579750E0,1.060182644E0,1.817253229E0,2.170974693E0
1.126602750E0,1.111926994E0,1.358860758E0,2.314835494E0
1.136624750E0,1.094708698E0,1.046377367E0,2.379611387E0
1.146647750E0,1.067012776E0,7.881882977E-1,2.300706282E0
1.156669750E0,1.080259643E0,5.546019727E-1,2.259581645E0
1.166692750E0,1.050419548E0,3.887205577E-1,2.156932604E0
1.176714750E0,9.173281485E-1,3.823792523E-1,2.028491496E0
1.186737750E0,7.591323137E-1,4.625679678E-1,1.912041857E0
1.196759750E0,6.059855497E-1,6.339562905E-1,1.876187754E0
1.206782750E0,4.066451973E-1,8.615126744E-1,1.903079099E0
1.216804750E0,2.854675001E-1,1.067364194E0,1.887874584E0
1.226827750E0,2.783099234E-1,1.039947769E0,1.817922735E0
1.236849750E0,3.249543321E-1,9.446261671E-1,1.578087637E0
1.246872750E0,3.087937975E-1,8.845948505E-1,1.347151709E0
1.256894750E0,2.077813929E-1,7.977914724E-1,1.112053147E0
1.266917750E0,3.652931035E-2,6.707773769E-1,7.936219691E-1
1.276939750E0,-2.284887224E-1,4.878013346E-1,7.663944094E-1
1.286962750E0,-5.168242818E-1,2.891092922E-1,1.061052709E0
1.296984750E0,-5.815085202E-1,5.289435133E-2,8.352252008E-1
1.307007750E0,-4.338704181E-1,-1.546785884E-1,5.781732684E-1
1.317029750E0,-1.233581239E-1,-2.712334768E-1,3.625209385E-1
1.327052750E0,2.085456240E-1,-4.652009690E-1,-6.640571719E-1
1.337074750E0,1.797703063E-1,-8.577498449E-1,-1.710707166E0
1.347097750E0,-4.272040075E-1,-1.218916568E0,-2.345068814E0
1.357122917E0,-1.465736750E0,-1.459293411E0,-2.628087793E0
1.367145917E0,-2.693735068E0,-1.524591022E0,-2.367121296E0
1.377167917E0,-3.651726508E0,-1.500793147E0,-1.774623519E0
1.387190917E0,-4.185506546E0,-1.498665930E0,-1.237059163E0
1.397212917E0,-4.434685056E0,-1.447891341E0,-9.037058902E-1
1.407235917E0,-4.611169812E0,-1.265538465E0,-6.964070387E-1
1.417257917E0,-4.734903912E0,-1.009120079E0,-7.035138908E-1
1.427280917E0,-4.776122689E0,-8.135380241E-1,-9.651006313E-1
1.437302917E0,-4.789127482E0,-4.844292087E-1,-1.028300408E0
1.447325917E0,-4.715035658E0,-1.540036735E-1,-8.608282578E-1
1.457347917E0,-4.557433900E0,1.354582058E-1,-4.145430315E-1
1.467370917E0,-4.322519088E0,4.493655396E-1,1.639208436E-1
1.477393917E0,-4.062724373E0,6.908320110E-1,7.568806972E-1
1.487415917E0,-3.842099571E0,8.014679092E-1,1.377269547E0
1.497438917E0,-3.621043829E0,8.044665076E-1,2.022732573E0
1.507460917E0,-3.179386674E0,5.925502561E-1,2.429895834E0
1.517483917E0,-2.554615189E0,2.502450059E-1,2.522670681E0
1.527505917E0,-2.109430994E0,-3.257463740E-2,2.533332494E0
1.537528917E0,-1.904582564E0,-1.647932116E-1,2.820554159E0
1.547550917E0,-1.945072778E0,-2.181701775E-1,3.356086607E0
1.557573917E0,-1.720835567E0,-3.328681730E-1,3.583221114E0
1.567595917E0,-1.206288775E0,-4.968215052E-1,2.714199738E0
1.577618917E0,-7.767213231E-1,-5.007937016E-1,1.511891162E0
1.587640917E0,-7.159313303E-1,-3.626565208E-1,6.329523236E-1
1.597663917E0,-7.595392799E-1,-1.844496869E-1,4.307229350E-1
1.607685917E0,-6.503553915E-1,2.780932841E-1,1.100572943E0
1.617708917E0,-6.371348369E-1,5.615210195E-1,1.552700050E0
1.627730917E0,-7.362018728E-1,4.040680370E-1,1.456387637E0
1.637753917E0,-7.358738440E-1,1.064234910E-1,1.614426767E0
1.647775917E0,-1.382100517E-1,-2.413095468E-1,1.977268133E0
1.657798917E0,1.200436882E0,-7.226906385E-1,4.097991854E-1
1.667820917E0,2.364739140E0,-2.751386860E-1,-1.331903924E0
1.677843917E0,2.078257148E0,1.256977703E0,-4.632240985E-1
1.687865917E0,6.142201835E-1,2.741821400E0,3.092346191E0
1.697888917E0,-1.102703011E0,3.270119965E0,5.398363498E0
1.707910917E0,-2.409299601E0,3.262798959E0,5.087272915E0
1.717933917E0,-2.309936696E0,2.918717800E0,4.767933664E0
1.727955917E0,-2.110523254E-1,2.454683350E0,3.183092639E0
1.737978917E0,3.459227983E0,2.954260392E0,8.953642523E-1
1.748000917E0,6.727503444E0,3.447252885E0,-1.274650912E0
1.758023917E0,7.087262158E0,2.602916699E0,-2.811657620E0
1.768045917E0,4.563938928E0,7.932628039E-1,-2.520653976E0
1.778068917E0,2.056894346E0,-4.680297057E-1,-1.944226102E0
1.788090917E0,8.191674310E-1,-7.136085239E-1,-3.202759749E-1
1.798113917E0,6.055785835E-2,-1.058832668E0,-2.961269742E-1
1.808135917E0,-5.349757934E-1,-1.106485282E0,-1.476815470E0
1.818158917E0,-1.379797883E0,-5.699054517E-1,-1.762009466E0
1.828180917E0,-2.570743564E0,3.195023882E-1,-1.067309522E0
1.838203917E0,-3.581524837E0,1.245334727E0,-7.937361360E-1
1.848225917E0,-3.616432714E0,2.088937380E0,-6.176349574E-1
1.858248917E0,-3.061920789E0,2.384098687E0,-3.210779205E-2
1.868270917E0,-2.301897944E0,1.978281747E0,-8.092619553E-2
1.878293917E0,-1.314682120E0,1.353940911E0,-2.961804762E-2
1.888315917E0,-6.636355877E-1,6.350115667E-1,5.607262002E-1
1.898338917E0,-1.215115732E-1,4.972486809E-2,2.319789255E-1
1.908360917E0,8.881090271E-1,-1.601995294E-1,2.221224202E-1
1.918383917E0,1.766508753E0,-8.663541690E-2,2.971293332E-1
1.928405917E0,2.134136649E0,1.238324793E-1,1.756817870E-1
1.938428917E0,1.937750895E0,3.020554662E-1,2.846095674E-1
1.948450917E0,1.023146964E0,2.721177220E-1,-5.349471420E-3
1.958473917E0,3.830423266E-1,3.388049242E-1,1.176054870E-1
1.968495917E0,6.654032010E-1,3.506079675E-1,1.606040105E-2
1.978518917E0,1.597667477E0,3.396985249E-1,1.196373944E-1
1.988540917E0,2.350697637E0,5.419409966E-1,7.143981904E-3
1.998563917E0,2.419890663E0,8.396683538E-1,-5.817416780E-1
2.008586917E0,2.038427085E0,1.115954848E0,-3.958677556E-1
2.018608917E0,1.409043902E0,1.245443924E0,8.613971919E-3
2.028631917E0,8.031706184E-1,1.176375443E0,1.406182274E-2
2.038653917E0,5.431852841E-1,1.110279541E0,6.583204687E-2
2.048676917E0,3.394583505E-1,9.769180003E-1,-3.553024046E-1
2.058698917E0,3.234083283E-1,9.727582911E-1,-2.310230519E-1
2.068721917E0,3.774693453E-1,9.983383977E-1,2.932320178E-2
2.078743917E0,1.827863002E-1,8.776536208E-1,-4.487474889E-1
2.088766917E0,-2.021522784E-1,6.880170152E-1,-5.096307448E-1
2.098788917E0,-5.963838369E-1,5.018209112E-1,-6.335168722E-1
2.108811917E0,-9.637959713E-1,2.455596685E-1,-1.022428049E0
2.118833917E0,-1.289109322E0,-2.010009617E-2,-7.290001497E-1
2.128856917E0,-1.615077562E0,-3.007804808E-1,-5.427012809E-1
2.138878917E0,-1.796461700E0,-4.821640339E-1,-7.669292834E-1
2.148901917E0,-1.584941012E0,-4.063782719E-1,-6.323757881E-1
2.158923917E0,-1.127310433E0,-2.247359794E-1,-6.910792020E-1
2.168946917E0,-7.431641525E-1,-1.116204232E-2,-7.827983344E-1
2.178968917E0,-6.861432749E-1,2.101533160E-1,-5.422251713E-1
2.188991917E0,-8.063316232E-1,3.629738054E-1,-6.492309719E-1
2.199013917E0,-8.019163907E-1,4.572519717E-1,-8.356861076E-1
2.209036917E0,-7.463883072E-1,4.059993723E-1,-4.199062438E-1
2.219058917E0,-8.528397918E-1,2.328481141E-1,-2.346144117E-1
2.229081917E0,-9.323455524E-1,1.445130578E-1,-2.420473923E-1
2.239103917E0,-8.140914631E-1,2.238442791E-1,-3.319185121E-1
2.249126917E0,-6.189692920E-1,3.546122870E-1,-3.146176243E-1
2.259148917E0,-3.052176404E-1,4.157706544E-1,-3.607417770E-1
2.269171917E0,-8.519393206E-4,4.472111329E-1,-3.204413049E-1
2.279193917E0,9.207025766E-3,4.041580841E-1,-3.170540129E-1
2.289216917E0,-8.772636116E-2,3.165390193E-1,6.647129372E-2
2.299238917E0,1.353455007E-2,1.476106203E-1,3.957506651E-1
2.309261917E0,1.395747918E-1,4.445638061E-2,3.246916460E-1
2.319283917E0,1.336410373E-1,8.995064199E-2,2.948066729E-1
2.329306917E0,3.401793122E-2,1.264258656E-1,3.735283220E-1
2.339328917E0,-2.353755730E-1,3.553294480E-2,1.573520815E-1
2.349349000E0,-5.674904054E-1,-5.370316744E-2,4.762045518E-2
2.359371000E0,-8.843510216E-1,-7.447569340E-2,-1.092756897E-1
2.369394000E0,-1.078257557E0,-5.842216283E-2,-1.455405597E-1
2.379416000E0,-1.139781375E0,6.403899819E-2,-5.769959316E-2
2.389439000E0,-1.021505066E0,2.239398810E-1,-1.514692710E-1
2.399461000E0,-7.543691719E-1,3.466758612E-1,-1.646043831E-1
2.409484000E0,-4.462320167E-1,4.639955655E-1,-2.837941001E-1
2.419506000E0,-2.963824975E-1,5.593747625E-1,-3.966962329E-1
2.429529000E0,-4.185893047E-1,6.067100197E-1,-2.667085359E-1
2.439551000E0,-5.654222453E-1,6.461758018E-1,-2.659477766E-1
2.449574000E0,-4.656488657E-1,6.963858426E-1,-2.402252537E-1
2.459596000E0,-2.216533273E-1,7.326175296E-1,-1.932159787E-1
2.469619000E0,-5.577132761E-2,6.880702248E-1,-1.831833261E-1
2.479642000E0,1.412541121E-1,5.710253397E-1,-2.010225964E-1
2.489664000E0,3.634003597E-1,4.316540310E-1,-3.692890906E-1
2.499687000E0,6.253100127E-1,3.356541520E-1,-3.902268004E-1
2.509709000E0,8.243942571E-1,3.620888293E-1,-3.582764447E-1
2.519732000E0,8.258157152E-1,5.111279243E-1,-2.610921939E-1
2.529754000E0,7.687147307E-1,6.576883847E-1,-1.176600122E-1
2.539777000E0,7.734012741E-1,7.945991850E-1,5.552282095E-2
2.549799000E0,6.262192547E-1,7.608727375E-1,2.513893425E-1
2.559822000E0,5.708601558E-1,4.611617124E-1,4.393165147E-1
2.569844000E0,6.420617008E-1,1.367578956E-1,5.712519193E-1
2.579867000E0,6.962946260E-1,-1.425530711E-1,6.259888744E-1
2.589889000E0,8.688588238E-1,-2.433467898E-1,8.322470677E-1
2.599912000E0,1.170192159E0,-2.215834531E-1,1.118865811E0
2.609934000E0,1.314318423E0,-1.635439906E-1,1.046912315E0
2.619957000E0,1.204851530E0,-4.986476272E-2,8.286147042E-1
2.629979000E0,1.007883393E0,1.469823369E-1,9.649719194E-1
2.640002000E0,9.618722373E-1,2.976761940E-1,1.126992345E0
2.650024000E0,1.049067671E0,3.448553306E-1,1.082073888E0
2.660047000E0,9.921649075E-1,3.168851745E-1,1.171005360E0
2.670069000E0,7.817464203E-1,2.333167684E-1,1.244897940E0
2.680092000E0,5.435027879E-1,1.344073150E-1,7.774997337E-1
2.690114000E0,3.248069823E-1,1.881128213E-1,6.271758592E-1
2.700137000E0,1.304221451E-2,1.166656932E-1,7.323884650E-1
2.710159000E0,-3.817927766E-1,6.621387005E-2,6.166849311E-1
2.720182000E0,-5.193613887E-1,2.286802188E-1,6.416370468E-1
2.730204000E0,-2.443545574E-1,4.192158338E-1,7.434885268E-1
2.740227000E0,1.874617338E-1,4.933632061E-1,7.260734721E-1
2.750249000E0,4.607512379E-1,3.527718759E-1,7.115184367E-1
2.760272000E0,4.643063450E-1,1.455643871E-1,5.905383754E-1
2.770294000E0,5.516695940E-1,-2.762370855E-2,3.784461227E-1
2.780317000E0,8.228254491E-1,-2.820457095E-1,1.596303029E-1
2.790339000E0,1.057111101E0,-5.655073223E-1,1.570796013E-2
2.800362000E0,1.227262153E0,-7.866095495E-1,-3.590702042E-2
2.810384000E0,1.310653973E0,-8.677624708E-1,-1.960524631E-1
2.820407000E0,1.271025639E0,-6.687811375E-1,-2.067271399E-1
2.830429000E0,1.381178411E0,-1.900789475E-1,-5.321550965E-2
2.840452000E0,1.684761754E0,4.250235808E-1,-1.974709976E-1
2.850474000E0,1.529595947E0,8.519381511E-1,-4.536742066E-1
2.860497000E0,8.072104597E-1,9.243611795E-1,-4.970099683E-1
2.870519000E0,6.702546358E-2,7.617004108E-1,-3.340911913E-1
2.880542000E0,-4.385177851E-1,4.496321726E-1,-2.335984580E-1
2.890564000E0,-7.844759005E-1,6.385393381E-2,-3.669920120E-1
2.900587000E0,-9.362918383E-1,-1.980644900E-1,-5.999347048E-1
2.910609000E0,-8.042359811E-1,-2.961255124E-1,-7.138409507E-1
2.920632000E0,-5.173253882E-1,-2.696820644E-1,-7.406668067E-1
2.930654000E0,-7.112787008E-2,-1.864677072E-1,-5.497889833E-1
2.940677000E0,4.664522731E-1,-8.406951249E-2,-6.869437587E-1
2.950699000E0,8.140949714E-1,3.269938409E-2,-9.982354867E-1
2.960722000E0,6.648202336E-1,5.153531224E-2,-7.526220238E-1
2.970745000E0,3.182797354E-1,-2.822363287E-2,-4.017899618E-1
2.980767000E0,2.301809067E-1,-1.042801210E-1,-1.371347487E-1
2.990790000E0,2.269549978E-1,-2.993189692E-2,-9.332141563E-2
3.000812000E0,2.465045786E-1,1.621304262E-1,-2.405544519E-1
3.010835000E0,3.813922423E-1,3.475827643E-1,-5.051789671E-2
3.020857000E0,4.527230108E-1,3.061590421E-1,1.420500644E-1
3.030880000E0,3.141673887E-1,1.628420323E-2,5.303461142E-1
3.040902000E0,3.060081840E-2,-2.782844880E-1,7.538989095E-1
3.050925000E0,-3.216430539E-1,-5.083733010E-1,8.477563687E-1
3.060947000E0,-5.387180114E-1,-6.742959389E-1,9.250002801E-1
3.070970000E0,-5.062232798E-1,-7.554491526E-1,5.899969232E-1
3.080992000E0,-3.662239802E-1,-6.874276158E-1,1.920050204E-1
3.091015000E0,-2.276052082E-1,-5.831603587E-1,7.790844753E-2
3.101037000E0,-1.408752126E-1,-4.816959643E-1,-7.872559592E-2
3.111060000E0,-1.751895976E-1,-3.324051467E-1,-2.887587516E-1
3.121082000E0,-3.575303400E-1,-1.987050524E-1,-4.567361011E-1
3.131105000E0,-6.176519144E-1,-1.669362527E-1,-5.298713203E-1
3.141127000E0,-8.454851639E-1,-2.042397344E-1,-5.471276231E-1
3.151150000E0,-1.049879265E0,-2.589161709E-1,-7.004274380E-1
3.161172000E0,-1.147411407E0,-2.681872237E-1,-6.751206887E-1
3.171195000E0,-1.144952652E0,-2.346090031E-1,-4.057733774E-1
3.181217000E0,-1.129615991E0,-1.505213642E-1,-3.071776271E-1
3.191240000E0,-1.097594299E0,-1.114625484E-2,-1.766031620E-1
3.201262000E0,-1.031127244E0,1.018628821E-1,-1.533569714E-1
3.211285000E0,-8.632987064E-1,1.903400257E-1,-1.770279622E-1
3.221307000E0,-5.370538938E-1,2.462531483E-1,-7.471601397E-2
3.231330000E0,-1.366611242E-1,2.308729246E-1,4.532410741E-2
3.241352000E0,3.376328498E-1,2.405904123E-1,1.133950531E-1
3.251375000E0,7.006554794E-1,2.339199087E-1,-1.510832816E-2
3.261397000E0,7.895694101E-1,2.071601263E-1,-1.421984375E-1
3.271420000E0,9.123884207E-1,1.991073409E-1,2.469571531E-3
3.281442000E0,9.077118176E-1,1.281516713E-1,8.806111425E-2
3.291465000E0,6.321074009E-1,-1.126232207E-2,9.621724918E-2
3.301487000E0,3.109999520E-1,-2.508648473E-1,1.742566743E-1
3.311510000E0,1.168425715E-1,-4.909535685E-1,-6.696699142E-2
3.321532000E0,7.360416591E-2,-6.320445433E-1,-2.051951694E-1
3.331555000E0,4.355883300E-2,-6.460454088E-1,-2.467182943E-1
3.341577000E0,-2.534686124E-1,-5.747979632E-1,-3.753494373E-1
3.351600000E0,-6.333873564E-1,-3.845614332E-1,-4.555554020E-1
3.361622000E0,-8.456190652E-1,-7.950956136E-2,-5.132653740E-1
3.371645000E0,-9.884536797E-1,2.257805845E-1,-5.750529018E-1
3.381667000E0,-1.139866160E0,4.585924459E-1,-6.971155751E-1
3.391690000E0,-1.192745454E0,6.031642681E-1,-6.653654864E-1
3.401712000E0,-1.204486663E0,7.208707657E-1,-6.489055744E-1
3.411735000E0,-1.162539323E0,8.243015787E-1,-7.248585668E-1
3.421757000E0,-9.080983186E-1,9.592474222E-1,-5.692603576E-1
3.431780000E0,-5.945747083E-1,1.031578942E0,-5.656327450E-1
3.441803000E0,-1.935276353E-1,9.242974448E-1,-3.705459496E-1
3.451825000E0,3.415972620E-1,6.739769733E-1,-1.094759569E-1
3.461848000E0,7.274421591E-1,3.716952199E-1,-5.621074587E-2
3.471870000E0,9.730357414E-1,1.689120269E-1,7.791180968E-2
3.481893000E0,1.167349243E0,4.738291204E-3,4.885705358E-1
3.491915000E0,1.306001344E0,-4.586175889E-2,7.872495273E-1
3.501938000E0,1.407033044E0,1.684305087E-1,1.027673879E0
3.511960000E0,1.674371252E0,5.777177703E-1,1.213897465E0
3.521983000E0,1.884783892E0,9.756292740E-1,1.164282378E0
3.532005000E0,1.805223752E0,1.129277437E0,1.201842845E0
3.542028000E0,1.309737130E0,9.931174189E-1,1.378714394E0
3.552050000E0,6.320653009E-1,8.036211464E-1,1.717096857E0
3.562073000E0,3.196164089E-1,4.535930765E-1,1.832018033E0
3.572095000E0,4.607202476E-1,1.663421756E-1,1.577170355E0
3.582118000E0,7.079247379E-1,2.830198556E-2,1.210854281E0
3.592140000E0,9.085163945E-1,2.415946716E-1,9.814493001E-1
3.602163000E0,1.002450745E0,6.626389298E-1,7.943726054E-1
3.612185000E0,1.117142710E0,1.044662964E0,6.308967349E-1
3.622208000E0,1.236652781E0,1.110099154E0,3.735598969E-1
3.632230000E0,1.380543403E0,8.735731414E-1,1.642401016E-1
3.642253000E0,1.361739927E0,5.066969043E-1,7.177691102E-2
3.652275000E0,1.045157053E0,1.566860837E-1,6.027602255E-3
3.662298000E0,5.415603429E-1,-4.834741026E-2,-8.551172823E-2
3.672320000E0,1.085038573E-1,-2.910276175E-2,-1.669941401E-1
3.682343000E0,-1.954566318E-1,1.599114078E-1,-3.444735074E-1
3.692365000E0,-3.931813985E-1,4.247122166E-1,-5.288382635E-1
3.702388000E0,-4.373430794E-1,6.656905916E-1,-7.152255714E-1
3.712410000E0,-3.775845355E-1,8.303660184E-1,-7.691216969E-1
3.722433000E0,-3.525982136E-1,8.635665089E-1,-7.487116984E-1
3.732455000E0,-3.480210131E-1,8.386409980E-1,-7.393418276E-1
3.742478000E0,-3.008544481E-1,7.774034008E-1,-6.934455702E-1
3.752500000E0,-2.910410661E-1,6.318492463E-1,-6.299182034E-1
3.762523000E0,-3.365756732E-1,4.138495517E-1,-5.513269472E-1
3.772545000E0,-4.075690573E-1,1.273204896E-1,-4.582123768E-1
3.782568000E0,-5.330000192E-1,-1.877666661E-1,-3.557083476E-1
3.792590000E0,-6.058563262E-1,-4.900475425E-1,-2.760777488E-1
3.802613000E0,-4.817187685E-1,-7.470250690E-1,-2.641772032E-1
3.812635000E0,-2.726854867E-1,-8.650040469E-1,-2.418703678E-1
3.822658000E0,-6.360542715E-2,-9.266360387E-1,-2.103839886E-1
3.832680000E0,1.734371871E-1,-9.096884689E-1,-1.897129118E-1
3.842703000E0,3.414598525E-1,-8.254803774E-1,-2.759239671E-1
3.852725000E0,4.287915266E-1,-6.991489443E-1,-3.422772932E-1
3.862748000E0,4.368893355E-1,-5.317168477E-1,-3.139066029E-1
3.872770000E0,3.089259446E-1,-3.812463543E-1,-3.024811435E-1
3.882793000E0,2.064476430E-1,-2.024443468E-1,-3.131151822E-1
3.892816000E0,2.156067216E-1,-4.783724070E-2,-3.982351470E-1
3.902838000E0,2.754781169E-1,5.759127349E-2,-4.975094667E-1
3.912861000E0,3.626197565E-1,1.173387077E-1,-4.827405694E-1
3.922883000E0,3.908156151E-1,1.308311579E-1,-4.538968393E-1
3.932906000E0,3.277995872E-1,7.734375268E-2,-4.076655364E-1
3.942928000E0,2.041719067E-1,-2.067546219E-2,-4.024387103E-1
3.952951000E0,9.839694500E-2,-1.230745339E-1,-3.698398983E-1
3.962973000E0,2.121779144E-2,-1.690848121E-1,-2.322242162E-1
3.972996000E0,-7.015255451E-2,-1.994456023E-1,-4.057090580E-3
3.983018000E0,-1.634437108E-1,-1.141575301E-1,1.726276401E-1
3.993041000E0,-2.107079244E-1,2.754301697E-2,3.109034729E-1
4.003063000E0,-1.799568325E-1,1.158570233E-1,4.326381174E-1
4.013086000E0,-6.443339288E-2,7.799074709E-2,5.025532749E-1
4.023108000E0,1.137698597E-1,-7.943530172E-2,5.977517930E-1
4.033131000E0,3.361154974E-1,-2.980197179E-1,7.604441366E-1
4.043153000E0,5.198209798E-1,-5.618417028E-1,8.957092381E-1
4.053176000E0,6.060779357E-1,-7.403779542E-1,9.726048017E-1
4.063198000E0,6.625415736E-1,-8.204029477E-1,1.008561377E0
4.073221000E0,6.504974788E-1,-8.283417124E-1,9.533206844E-1
4.083243000E0,5.844169253E-1,-7.436886477E-1,8.054858235E-1
4.093266000E0,5.495143104E-1,-6.279102695E-1,5.035110489E-1
4.103288000E0,5.231135470E-1,-4.079675451E-1,1.391312805E-1
4.113311000E0,4.832255960E-1,-2.876330164E-1,2.193787605E-2
4.123333000E0,4.788600647E-1,-1.891585958E-1,-5.259365827E-2
4.133356000E0,3.109619451E-1,-1.212896714E-1,-2.635895580E-2
4.143378000E0,7.302119851E-2,-9.654396236E-2,8.356694430E-2
4.153401000E0,1.166203773E-1,-9.011027098E-2,3.937164187E-1
4.163423000E0,2.371683294E-1,-7.074955523E-2,9.168004373E-1
4.173446000E0,1.023742211E-1,-3.577268064E-2,1.389253708E0
4.183468000E0,-3.825979382E-1,-6.626064777E-3,1.757900482E0
4.193491000E0,-8.868507063E-1,4.854913920E-2,1.876367117E0
4.203513000E0,-9.572815883E-1,3.267619988E-1,1.623867973E0
4.213536000E0,-5.153993154E-1,7.924453631E-1,9.251803744E-1
4.223558000E0,1.764297920E-1,1.240813368E0,4.296589610E-1
4.233581000E0,6.248053980E-1,1.370875032E0,2.584048319E-1
4.243603000E0,8.230043739E-1,1.049199526E0,2.290471315E-1
4.253626000E0,9.120644850E-1,3.744384411E-1,1.384702528E-1
4.263648000E0,8.125869745E-1,-3.466165119E-1,1.320389003E-2
4.273671000E0,6.575831348E-1,-7.209625670E-1,6.761954069E-2
4.283693000E0,4.773871511E-1,-8.285896343E-1,1.998095915E-1
4.293716000E0,2.477903813E-1,-8.339687803E-1,3.097448471E-1
4.303739000E0,1.895328176E-1,-7.139742672E-1,2.778713822E-1
4.313761000E0,4.141424972E-1,-5.234149709E-1,2.975940406E-1
4.323784000E0,7.994757628E-1,-2.792375842E-1,1.908691987E-1
4.333806000E0,1.016476461E0,-5.166219682E-2,9.906206578E-2
4.343829000E0,9.311807871E-1,2.256414208E-1,2.160516948E-2
4.353851042E0,5.750157720E-1,4.233635563E-1,1.581306383E-1
4.363874042E0,1.805725443E-1,4.667104277E-1,3.275133660E-1
4.373896042E0,-1.802135253E-1,2.933387294E-1,3.248707169E-1
4.383919042E0,-4.304626608E-1,6.396298438E-2,2.432245830E-1
4.393941042E0,-3.982006484E-1,-1.900412330E-1,1.238218081E-1
4.403964042E0,-2.281688797E-1,-3.928062996E-1,-2.956820011E-2
4.413986042E0,-2.655723488E-1,-5.665624523E-1,-3.071945840E-1
4.424009042E0,-4.366291344E-1,-6.229091460E-1,-5.778379306E-1
4.434031042E0,-5.708075309E-1,-5.127709919E-1,-6.970933557E-1
4.444054042E0,-5.717290521E-1,-3.399112174E-1,-6.311288694E-1
4.454076042E0,-4.145617425E-1,-1.525401154E-1,-4.477122393E-1
4.464099042E0,-2.361514986E-1,8.883382380E-3,-1.808590579E-1
4.474121042E0,-1.092441148E-1,4.998492301E-2,-8.696739256E-2
4.484144042E0,-2.904312015E-2,1.562083662E-3,-6.002400756E-2
4.494166042E0,6.810018182E-2,-1.100562930E-2,4.009172648E-2
4.504189042E0,2.107073396E-1,-2.556870461E-2,9.824550211E-2
4.514211042E0,2.528856450E-1,2.828824461E-2,-7.902190357E-2
4.524234042E0,5.756466866E-2,1.442592886E-1,-1.852234197E-1
4.534256042E0,-1.441853213E-1,2.650361592E-1,-1.490551749E-1
4.544279042E0,-2.104670191E-1,3.644019878E-1,-1.033776033E-1
4.554301042E0,-1.891872472E-1,2.699510363E-1,-3.943946958E-2
4.564324042E0,-2.929665542E-1,6.362384588E-2,-1.204058647E-2
4.574346042E0,-5.546411490E-1,-7.391319126E-2,-8.010217667E-2
4.584369042E0,-7.020126182E-1,-6.969384044E-2,-1.179859945E-1
4.594391042E0,-5.659005475E-1,-3.766893268E-2,-2.218348834E-1
4.604414042E0,-1.953472888E-1,-1.136786431E-2,-4.600346616E-1
4.614436042E0,1.791633654E-1,-1.234326759E-1,-6.538944188E-1
4.624459042E0,5.406294662E-1,-2.961676124E-1,-8.464733434E-1
4.634481042E0,7.969795865E-1,-3.094086322E-1,-7.332914212E-1
4.644504042E0,7.945412976E-1,-1.943953621E-1,-3.701404452E-1
4.654526042E0,4.439159346E-1,-1.059193879E-2,-1.365003258E-2
4.664549042E0,-4.027152836E-2,2.186227155E-1,1.163025811E-1
4.674571042E0,-3.262413043E-1,4.669007546E-1,6.961110234E-3
4.684594042E0,-4.723889512E-1,5.304149652E-1,-2.055828398E-1
4.694617042E0,-5.771885973E-1,4.124696088E-1,-4.790571159E-1
4.704639042E0,-6.484836978E-1,2.115452456E-1,-7.702776915E-1
4.714662042E0,-6.800943303E-1,1.507324487E-2,-9.169682524E-1
4.724684042E0,-7.191513920E-1,-2.116007942E-1,-9.956814229E-1
4.734707042E0,-8.186622316E-1,-3.592386040E-1,-1.108492924E0
4.744729042E0,-9.892980176E-1,-3.650849426E-1,-1.219541197E0
4.754752042E0,-1.162408930E0,-2.880657104E-1,-1.392205382E0
4.764774042E0,-1.282850463E0,-2.232554644E-2,-1.527217299E0
4.774797042E0,-1.307822167E0,3.399226195E-1,-1.556983428E0
4.784819042E0,-1.031251790E0,5.983058167E-1,-1.557915766E0
4.794842042E0,-5.294326329E-1,7.006315058E-1,-1.508292786E0
4.804864042E0,-4.097260952E-2,5.797853458E-1,-1.444308167E0
4.814887042E0,3.493208492E-1,4.251571897E-1,-1.226533882E0
4.824909042E0,5.757425809E-1,9.467314571E-2,-7.970719725E-1
4.834932042E0,5.661122167E-1,-3.047106868E-1,-4.211018533E-1
4.844954042E0,4.447713822E-1,-5.654295543E-1,-1.662372181E-1
4.854977042E0,4.186740893E-1,-5.887055656E-1,2.139309096E-1
4.864999042E0,5.238959044E-1,-4.889064583E-1,6.087705785E-1
4.875022042E0,5.335876644E-1,-4.142742057E-1,8.025513983E-1
4.885044042E0,3.796059179E-1,-3.026135829E-1,7.290700239E-1
4.895067042E0,1.330206478E-1,-1.870582759E-1,5.065659267E-1
4.905089042E0,-1.366897756E-1,-1.719166186E-1,1.715882975E-1
4.915112042E0,-2.611354816E-1,-2.189691630E-1,-2.356018603E-2
4.925134042E0,-1.209935099E-1,-2.718797404E-1,4.538959622E-2
4.935157042E0,1.546594387E-1,-4.114580405E-1,3.233358228E-1
4.945179042E0,1.812590075E-1,-5.029488391E-1,5.264707258E-1
4.955202042E0,-8.548278451E-2,-4.986096203E-1,4.752032161E-1
4.965224042E0,-3.429146397E-1,-3.809522393E-1,7.529751956E-2
4.975247042E0,-3.410125405E-1,-2.141346851E-1,-1.944362926E-1
4.985269042E0,-2.669435209E-1,-1.401998591E-1,-1.785792285E-1
4.995292042E0,-8.071730375E-2,-1.518445891E-1,3.662169635E-2
5.005314042E0,3.908284789E-1,-1.539911020E-1,2.399621290E-1
5.015337042E0,1.021650662E0,-8.278487921E-2,3.391157037E-1
5.025359042E0,1.400817454E0,1.172132850E-1,7.140298158E-2
5.035382042E0,1.298737348E0,3.281779021E-1,-1.992210692E-1
5.045405042E0,8.874898070E-1,5.003506288E-1,-8.948403418E-2
5.055427042E0,3.821757692E-1,6.276646864E-1,1.923622853E-1
5.065450042E0,-2.865661919E-2,6.279447681E-1,5.562111264E-1
5.075472042E0,-3.843515182E-1,3.794980368E-1,7.481401330E-1
5.085495042E0,-5.654918271E-1,1.301315385E-1,5.097702008E-1
5.095517042E0,-2.703436768E-1,2.781853777E-1,3.389332706E-1
5.105540042E0,5.614180720E-1,3.851850387E-1,3.803888601E-1
5.115562042E0,1.395526308E0,6.755083591E-2,-5.576957345E-2
5.125585042E0,1.618471870E0,-3.468656033E-2,-5.121149343E-1
5.135607042E0,1.345686981E0,-2.643763009E-1,-2.772556704E-1
5.145630042E0,1.033856725E0,-4.069191393E-1,5.173037535E-1
5.155652042E0,8.802170402E-1,-3.225941035E-1,9.067721701E-1
5.165675042E0,7.685048157E-1,2.455830574E-2,5.743439269E-1
5.175697042E0,3.284229004E-1,4.854691726E-1,1.787552297E-1
5.185720042E0,-2.755915529E-1,6.944919294E-1,1.808991113E-1
5.195742042E0,-5.838877523E-1,5.626670372E-1,2.178722253E-1
5.205765042E0,-5.418304843E-1,2.850102478E-1,1.260694778E-1
5.215787042E0,-4.911169982E-1,-4.797435790E-2,-7.635645032E-2
5.225810042E0,-4.647220820E-1,-4.354573524E-1,-1.906601608E-1
5.235832042E0,-3.845409679E-1,-6.826481017E-1,-4.783636361E-2
5.245855042E0,-2.052460402E-1,-6.627716616E-1,-8.246094346E-2
5.255877042E0,-9.361976981E-2,-4.416898996E-1,-2.814946094E-1
5.265900042E0,-2.696367484E-1,-3.357173020E-1,-2.314775267E-1
5.275922042E0,-5.560386336E-1,-2.995867717E-1,1.924698740E-2
5.285945042E0,-7.576629084E-1,-2.352864030E-1,2.135856315E-1
5.295967042E0,-8.263179910E-1,-1.296549904E-1,2.677825963E-1
5.305990042E0,-6.715831232E-1,1.072928989E-1,1.868609324E-1
5.316012042E0,-5.505328953E-2,3.619458649E-1,4.010868341E-2
5.326035042E0,1.015497637E0,4.866231206E-1,-4.893394446E-1
5.336057042E0,1.880272765E0,5.555296335E-1,-1.065230545E0
5.346080042E0,2.262618104E0,7.397309598E-1,-1.126312898E0
5.356102750E0,2.242366857E0,1.266251972E0,-7.279862425E-1
5.366124750E0,2.051050054E0,2.037909606E0,-1.444873300E-1
5.376147750E0,1.695595475E0,2.581337550E0,3.894359645E-1
5.386169750E0,1.160072967E0,2.582353211E0,6.192107821E-1
5.396192750E0,6.850042373E-1,1.972513177E0,8.207148966E-1
5.406214750E0,4.060581368E-1,9.889755437E-1,8.659726381E-1
5.416237750E0,1.593565071E-1,-4.378102720E-3,6.195961136E-1
5.426259750E0,-1.336047846E-1,-8.058483508E-1,1.217789371E-1
5.436282750E0,-4.568008590E-1,-1.245008453E0,-2.564252570E-1
5.446304750E0,-7.005835587E-1,-1.520635966E0,-4.064390829E-1
5.456327750E0,-9.756108552E-1,-1.535984322E0,-5.508638477E-1
5.466349750E0,-1.066421038E0,-1.237434262E0,-5.853741145E-1
5.476372750E0,-7.272100246E-1,-6.450037274E-1,-9.709558868E-1
5.486394750E0,-3.455751228E-1,3.706491530E-2,-1.549019812E0
5.496417750E0,-2.459473389E-1,4.864509201E-1,-1.884956093E0
5.506439750E0,-4.704646325E-1,6.140222552E-1,-2.008497527E0
5.516462750E0,-8.413622922E-1,4.886956662E-1,-2.014219612E0
5.526484750E0,-1.303954818E0,1.739608052E-1,-1.996908345E0
5.536507750E0,-1.731817222E0,-1.102200150E-2,-1.920464187E0
5.546529750E0,-1.989142073E0,1.445621744E-1,-1.612512388E0
5.556552750E0,-1.870102703E0,3.881700423E-1,-1.316291128E0
5.566574750E0,-1.521266588E0,5.299451414E-1,-1.139124148E0
5.576597750E0,-1.036911895E0,4.807779515E-1,-1.325118377E0
5.586619750E0,-6.886774582E-1,2.538188607E-1,-1.454659785E0
5.596642750E0,-5.173107702E-1,-1.252824426E-1,-1.160210523E0
5.606664750E0,-9.975116014E-2,-5.225221011E-1,-5.676493035E-1
5.616687750E0,4.682842058E-1,-6.599647057E-1,-2.295501383E-1
5.626709750E0,6.668258286E-1,-5.210781312E-1,-5.664197803E-2
5.636732750E0,8.125887287E-1,7.057443112E-2,5.075475280E-1
5.646754750E0,1.347958624E0,8.503409842E-1,1.379710321E0
5.656777750E0,2.312227051E0,1.733954380E0,2.218774073E0
5.666800750E0,3.833419379E0,2.619008821E0,3.291026977E0
5.676822750E0,5.380461663E0,3.592001293E0,3.685032248E0
5.686845750E0,6.213024480E0,4.467829706E0,2.953998145E0
5.696867750E0,6.995338081E0,5.188563647E0,1.743191665E0
5.706890750E0,7.179884393E0,5.259352963E0,8.264454603E-2
5.716912750E0,6.493704280E0,4.783460945E0,-8.864261985E-1
5.726935750E0,5.613933383E0,4.056723375E0,-1.280501636E0
5.736957750E0,4.789456095E0,3.283194340E0,-8.783237118E-1
5.746980750E0,3.349217883E0,2.833422419E0,-1.063199807E0
5.757002750E0,2.247598361E0,3.050108536E0,-2.714536538E0
5.767025750E0,2.948636248E0,3.319233653E0,-2.154584363E0
5.777047750E0,3.875155050E0,3.864276305E0,-2.558526392E0
5.787070750E0,4.470115090E0,4.639404847E0,-2.966697713E0
5.797092750E0,4.698831269E0,4.246431317E0,-2.960996677E0
5.807115750E0,3.767286785E0,2.631202605E0,-2.876405008E0
5.817137750E0,2.061908333E0,1.084447127E0,-2.507780746E0
5.827160750E0,1.228763718E0,2.061219531E-1,-2.237879704E0
5.837182750E0,1.582614405E0,3.898221731E-1,-2.467388473E0
5.847205750E0,1.289762456E0,1.051695118E0,-2.977378529E0
5.857227750E0,1.666931255E0,1.228124325E0,-2.098310467E0
5.867250750E0,2.007908127E0,1.504196227E-1,-1.324379435E0
5.877272750E0,2.331457373E0,-1.006663663E0,-1.045517534E0
5.887295750E0,2.468002723E0,-1.540030303E0,-1.246039609E0
5.897317750E0,2.190734773E0,-1.596090483E0,-1.576114348E0
5.907340750E0,1.338476195E0,-1.556136459E0,-1.022880331E0
5.917362750E0,5.727961689E-1,-1.619771122E0,-6.871855411E-1
5.927385750E0,3.751708049E-1,-1.992757992E0,-7.794660062E-2
5.937407750E0,3.985766244E-1,-2.745915036E0,-7.027657396E-1
5.947430750E0,4.089852530E-1,-3.522747456E0,-6.012840959E-1
5.957453750E0,2.081550300E-2,-4.403604181E0,-9.542381126E-1
5.967475750E0,-1.253011537E-1,-5.051195009E0,-2.492238262E-1
5.977498750E0,-8.282347083E-2,-5.111641771E0,1.626987755E-1
5.987520750E0,4.776356578E-2,-4.664483555E0,7.782804832E-1
5.997543750E0,3.682822001E-1,-3.478947718E0,8.780676037E-1
6.007565750E0,3.914915532E-1,-2.259044285E0,1.292165370E0
6.017588750E0,2.920479566E-1,-1.703403847E0,1.066889400E0
6.027610750E0,-5.142661250E-1,-2.193141487E0,6.008002388E-1
6.037633750E0,-1.559049541E0,-3.361659588E0,1.307628916E0
6.047655750E0,-2.329681574E0,-4.453795511E0,7.770800498E-1
6.057678750E0,-2.554378377E0,-4.982448710E0,9.036409861E-1
6.067700750E0,-1.741403148E0,-4.504336504E0,4.256275982E-2
6.077723750E0,-1.339974836E0,-3.197456909E0,-6.590648192E-1
6.087745750E0,-1.114781604E0,-1.944939462E0,-9.035082543E-1
6.097768750E0,-1.204937484E0,-8.382732081E-1,-1.828816975E0
6.107790750E0,-1.631849130E0,-6.366389930E-1,-1.643022575E0
6.117813750E0,-2.675050290E0,-1.178254300E0,-1.213916760E0
6.127835750E0,-3.707277980E0,-2.080703623E0,3.267362711E-1
6.137858750E0,-3.345763932E0,-2.838263036E0,1.337171096E0
6.147880750E0,-1.685869217E0,-2.008371227E0,-6.638314694E-1
6.157903750E0,-6.119017625E-1,-1.065718787E0,-3.039058176E-1
6.167925750E0,-2.712622744E-1,-5.179446083E-1,-2.913717261E-1
6.177948750E0,-1.450588953E-1,-5.067197084E-1,3.947963995E-1
6.187970750E0,-2.182239354E-1,-1.434085187E0,5.927389750E-1
6.197993750E0,-6.153025031E-1,-2.334289180E0,2.374416867E-1
6.208015750E0,-1.382451934E0,-2.610116376E0,9.397440344E-1
6.218038750E0,-2.435664112E0,-2.440150096E0,-3.090195000E-2
6.228060750E0,-2.188789989E0,-1.237939169E0,-3.463276595E-1
6.238083750E0,-1.456208712E0,-2.071177340E-1,1.217802528E-1
6.248105750E0,-1.019892404E0,2.555361879E-1,3.338122791E-1
6.258128750E0,-2.251201415E-1,1.841498709E-1,1.333051148E0
6.268151750E0,2.046841228E-1,-5.442255038E-1,1.477649283E0
6.278173750E0,1.069332951E-1,-1.538412378E0,2.274130687E0
6.288196750E0,3.185563087E-3,-1.955562683E0,2.129748606E0
6.298218750E0,4.273069185E-1,-1.510046951E0,1.334445709E0
6.308241750E0,1.068204439E0,-7.273760855E-1,1.195895642E0
6.318263750E0,1.235010298E0,-1.338070983E-1,1.224244405E0
6.328286750E0,7.119476223E-1,-1.516925615E-1,1.629747056E0
6.338308750E0,-7.734258324E-1,-8.516691792E-1,1.332928357E0
6.348331750E0,-2.110601022E0,-1.687374290E0,3.002665105E-1
6.358354417E0,-1.710984178E0,-1.423211705E0,-1.041044999E0
6.368377417E0,-8.019473809E-1,-5.877194327E-1,-8.559722914E-1
6.378399417E0,-9.718013942E-2,2.797191024E-1,-8.407074040E-1
6.388422417E0,2.900178033E-1,9.608530676E-1,2.010970022E-1
6.398444417E0,-3.213150251E-1,3.921370858E-1,5.248916852E-1
6.408467417E0,-4.295499104E-1,-4.498029113E-1,7.642819566E-1
6.418489417E0,-3.940087795E-2,-6.214444184E-1,4.513383901E-1
6.428512417E0,6.393339747E-1,-4.676445204E-1,1.015575112E-1
6.438534417E0,1.407977369E0,-1.634700233E-1,8.976939292E-1
6.448557417E0,1.011583511E0,-1.284194738E-1,9.737153341E-1
6.458579417E0,1.157029492E-1,-7.688334292E-1,1.006526254E0
6.468602417E0,-1.316719290E0,-1.632601082E0,1.528770174E0
6.478624417E0,-2.185677516E0,-1.721037880E0,2.965373026E-1
6.488647417E0,-1.231241183E0,-8.255391419E-1,4.431967270E-1
6.498669417E0,1.380270338E-1,-7.627692819E-3,1.454619147E-1
6.508692417E0,1.336724954E0,7.774990028E-1,-2.796543445E-1
6.518714417E0,1.632888765E0,1.252244382E0,8.807785191E-1
6.528737417E0,4.559857571E-1,9.803038305E-1,8.190336759E-1
6.538760417E0,-4.124661005E-1,3.743013239E-1,2.227011484E-1
6.548782417E0,-2.285881251E-1,-1.864180058E-1,-1.398414248E-1
6.558805417E0,1.059620141E0,-3.079874665E-1,-2.467380287E-1
6.568827417E0,1.593568579E0,-5.272200465E-1,-2.145442826E-1
6.578850417E0,8.832494062E-1,-7.425197893E-1,-3.416425779E-2
6.588872417E0,-1.982972091E-1,-8.715982443E-1,8.590833025E-1
6.598895417E0,-1.453416082E0,-1.122958935E0,2.805564237E-1
6.608917417E0,-1.805315554E0,-1.065684289E0,3.469256835E-1
6.618940417E0,-8.050154150E-1,-4.513997859E-1,-2.065017298E-2
6.628962417E0,1.213055758E0,6.502635902E-1,-3.166578640E-1
6.638985417E0,2.393540186E0,1.466646577E0,-8.914542192E-1
6.649007417E0,1.656258917E0,1.162027692E0,-1.038059703E0
6.659030417E0,1.848813576E-1,4.173619741E-1,-3.087698239E-1
6.669052417E0,-1.904988946E0,-3.729652351E-1,-2.042363723E-1
6.679075417E0,-3.631878135E0,-1.150409274E0,-7.467537582E-2
6.689097417E0,-4.017795537E0,-1.626005423E0,6.299217117E-1
6.699120417E0,-2.301690368E0,-4.157516509E-1,-1.838297504E0
6.709142417E0,8.062140942E-1,1.519882552E0,-1.994879361E0
6.719165417E0,3.002465715E0,1.632849004E0,-2.047793739E0
6.729187417E0,2.607229021E0,3.975539464E-1,-1.217627111E0
6.739210417E0,6.812941790E-1,-9.527786475E-1,-4.505747437E-2
6.749232417E0,-1.765389011E0,-1.857504292E0,7.868510395E-1
6.759255417E0,-3.510018067E0,-1.879304466E0,7.557660717E-1
6.769277417E0,-3.435644993E0,-9.085111320E-1,6.099321279E-1
6.779300417E0,-1.599232777E0,5.502820498E-1,-4.376826565E-1
6.789323417E0,1.193761700E-1,1.567659566E0,-1.721531239E0
6.799345417E0,4.213994765E-1,1.533293141E0,-1.714827991E0
6.809368417E0,-1.749755895E-1,7.743713272E-1,-3.871328925E-1
6.819390417E0,-2.023855823E-1,4.468828118E-1,2.808343126E-1
6.829413417E0,7.982817614E-1,2.633761346E-2,1.834621652E0
6.839435417E0,2.314287025E0,1.005013579E-1,2.923963045E-1
6.849458417E0,3.361455520E0,6.200557047E-1,-8.131537159E-1
6.859480417E0,2.684152066E0,2.239986455E-1,-9.719937676E-1
6.869503417E0,3.048521894E-1,-3.255302829E-1,-1.452624954E0
6.879525417E0,-1.898458775E0,-2.532382321E-1,-2.021187300E0
6.889548417E0,-2.230823284E0,5.549235696E-1,-1.790145099E0
6.899570417E0,-8.816344053E-1,1.804036183E0,-1.628781827E0
6.909593417E0,7.740479761E-1,1.781591645E0,-1.141216282E0
6.919615417E0,1.291328925E0,6.725759804E-1,-4.248649751E-1
6.929638417E0,4.763510245E-1,-1.693213320E-1,7.741789538E-1
6.939660417E0,-3.731815821E-1,-5.691498452E-1,1.210355514E0
6.949683417E0,-4.385955530E-1,-4.081648886E-1,1.412741973E0
6.959705417E0,1.148094946E-1,-1.826646781E-1,1.407955589E0
6.969728417E0,6.328488278E-1,-5.818973601E-1,1.524220894E0
6.979750417E0,6.364770252E-1,-1.152948720E0,1.654165029E0
6.989773417E0,3.864226019E-1,-1.364824333E0,1.480350112E0
6.999795417E0,-2.887700075E-1,-1.130943308E0,1.451139176E0
7.009818417E0,-7.725317931E-1,-6.378037584E-1,9.312275648E-1
7.019840417E0,-9.780690247E-1,-1.666105628E-1,9.596906412E-1
7.029863417E0,-1.107764946E0,2.781263208E-1,4.206311524E-1
7.039885417E0,-8.049651289E-1,4.930266988E-1,1.247076613E-1
7.049908417E0,-5.890134215E-1,-1.740131378E-2,9.969742423E-1
7.059931417E0,-6.098055357E-1,-4.637812650E-1,1.113402246E0
7.069953417E0,3.693405461E-1,-1.637612146E-1,5.371069573E-1
7.079976417E0,1.707013333E0,1.260858500E-1,3.502458787E-1
7.089998417E0,1.834016027E0,-2.116885024E-1,5.074985576E-1
7.100021417E0,1.046239958E0,-1.021025010E0,7.041524068E-1
7.110043417E0,-6.307888538E-1,-1.628541360E0,1.154575708E0
7.120066417E0,-2.043927560E0,-1.259857457E0,7.611032639E-1
7.130088417E0,-1.581121611E0,-2.078509748E-2,-2.765247685E-1
7.140111417E0,-1.555160558E-1,9.383722776E-1,3.337929833E-1
7.150133417E0,1.107995911E0,1.168846714E0,-2.462217195E-1
7.160156417E0,1.204449826E0,3.359669781E-1,-4.124070436E-1
7.170178417E0,-1.508435458E-1,-1.076871182E0,-3.206765091E-1
7.180201417E0,-9.986915696E-1,-1.141714464E0,-5.256948003E-1
7.190223417E0,-1.040345964E0,-2.066844553E-1,-6.427651209E-1
7.200246417E0,-1.273663318E0,3.860267454E-1,-9.547055975E-1
7.210268417E0,-6.238628268E-1,7.608712757E-1,-4.984058449E-1
7.220291417E0,7.024388802E-1,8.708334285E-1,-5.514497387E-1
7.230313417E0,1.298018725E0,6.247937036E-1,-1.757654314E0
7.240336417E0,4.752476549E-1,2.561600858E-1,-1.373036748E0
7.250358417E0,-6.044769681E-1,2.882811803E-1,-1.243829069E0
7.260381417E0,-9.749781865E-1,3.777792478E-1,-1.257105318E0
7.270403417E0,-1.204524086E0,-1.931510746E-2,-1.011639644E0
7.280426417E0,-1.098398876E0,-5.522426212E-1,-9.397364330E-1
7.290448417E0,-9.226192939E-1,-7.312276465E-1,-7.887871988E-1
7.300471417E0,-5.136094826E-1,-1.062719750E-1,-1.331073181E0
7.310493417E0,1.047657323E-1,6.102861768E-1,-9.758064446E-1
7.320516417E0,-3.721752763E-3,3.608749473E-1,-6.499870169E-1
7.330539417E0,-5.236707866E-2,2.558548611E-1,-7.840531468E-1
7.340561417E0,7.278789461E-2,7.415725404E-1,-1.064245289E0
7.350584417E0,5.426730680E-1,1.194644045E0,-1.201046162E0
7.360606167E0,1.613728024E0,1.506508800E0,-1.392757798E0
7.370629167E0,1.717509086E0,1.004865645E0,-1.455017342E0
7.380651167E0,6.558131826E-1,4.635678416E-1,-1.871896775E0
7.390674167E0,-3.118700176E-1,4.222636950E-1,-1.157665230E0
7.400696167E0,-6.310186493E-1,9.380612057E-1,-1.613335091E0
7.410719167E0,1.548126358E-1,2.127885976E0,-2.201750928E0
7.420741167E0,2.211108811E0,3.082795933E0,-1.938932910E0
7.430764167E0,4.139862596E0,3.422884029E0,-1.929654256E0
7.440786167E0,5.320315449E0,3.582895424E0,-1.608344493E0
7.450809167E0,5.582826780E0,3.394499890E0,-6.645550624E-1
7.460831167E0,4.716847125E0,3.146936966E0,1.721771121E-2
7.470854167E0,3.002018988E0,3.347985874E0,9.038468081E-1
7.480876167E0,1.054558207E0,2.503525143E0,1.576568677E0
7.490899167E0,-2.705781502E-1,2.198368313E0,2.238633994E0
7.500921167E0,-1.653069261E0,2.805188261E0,2.715349301E0
7.510944167E0,-3.397993017E0,3.890494636E0,2.261378348E0
7.520966167E0,-5.370357674E0,4.961754829E0,3.566447207E0
7.530989167E0,-6.987799265E0,3.840192209E0,5.503481818E0
7.541011167E0,-6.918012747E0,9.711254561E-1,6.228627775E0
7.551034167E0,-5.141500577E0,-2.023740633E0,4.050009602E0
7.561056167E0,-2.637942690E0,-4.617363768E0,1.362051437E0
7.571079167E0,4.190822250E-1,-6.995341589E0,6.128939619E-1
7.581102167E0,5.496204373E0,-9.638316393E0,1.934429092E0
7.591124167E0,1.255509467E1,-1.116458937E1,-4.452248923E0
7.601147167E0,1.474047281E1,-1.290806301E1,-9.841719975E0
7.611169167E0,1.348046333E1,-1.553187942E1,-2.068934348E0
7.621192167E0,1.498746622E1,-1.619544016E1,4.438817868E0
7.631214167E0,1.466548344E1,-1.185874742E1,3.438547550E0
7.641237167E0,6.222276530E0,-1.814344239E0,-2.214226547E0
7.651259167E0,-7.177322143E0,1.458173962E1,-1.398670941E1
7.661282167E0,-1.562108454E1,3.518908408E1,1.963354683E0
7.671304167E0,-2.983829704E1,2.233970840E1,1.032357031E1
7.681327167E0,-2.549636285E1,-9.324402773E-1,1.023080452E0
7.691349167E0,-1.443457222E1,-8.158446338E0,4.346097400E0
7.701372167E0,-3.369315932E0,-6.831258777E0,3.444024637E0
7.711394167E0,7.093429801E0,-2.030353249E0,-1.361055218E0
7.721417167E0,1.356960062E1,1.717469909E0,-1.088517666E0
7.731439167E0,1.101568183E1,-2.556519628E-2,1.023668024E0
7.741462167E0,4.657594950E0,-3.593277740E0,1.212294962E0
7.751484167E0,3.909970542E0,-4.272024872E0,-1.357945084E0
7.761507167E0,4.971037284E0,-2.175298124E0,-3.061025580E0
7.771529167E0,3.067166326E0,-3.488349456E-1,-3.216865572E0
7.781552167E0,-1.245447578E0,8.461190021E-1,-2.533113223E0
7.791574167E0,-5.256170908E0,1.646176563E0,-1.214766361E0
7.801597167E0,-7.593104199E0,1.943056074E0,-6.026403576E-1
7.811619167E0,-7.028353799E0,2.497458072E0,-6.393111706E-1
7.821642167E0,-3.186246042E0,2.505359999E0,-3.767489684E-1
7.831665167E0,1.402733586E0,1.915723849E0,-1.190780205E0
7.841687167E0,4.227470258E0,6.860491347E-1,-1.233134073E0
7.851710167E0,3.835740724E0,-1.673083695E0,-7.554418436E-1
7.861732167E0,1.439153554E0,-3.433420712E0,4.650968885E-1
7.871755167E0,-1.346227849E-1,-3.326270485E0,6.790251669E-1
7.881777167E0,-3.454102314E-1,-1.461426768E0,3.077135244E-1
7.891800167E0,9.726901710E-2,1.236797208E0,-9.681615025E-2
7.901822167E0,2.265182108E-1,2.812496696E0,-7.607309425E-1
7.911845167E0,-1.431088489E-1,1.928935633E0,2.310036099E-1
7.921867167E0,-3.688710147E-1,5.207840163E-1,1.203921530E0
7.931890167E0,4.214930320E-1,1.247538543E-1,1.229267163E0
7.941912167E0,1.068784482E0,5.793772101E-2,7.681525210E-1
7.951935167E0,1.066628614E0,-1.453611964E-1,2.030258524E-1
7.961957167E0,7.978250939E-1,-2.336348569E-1,-1.478953504E0
7.971980167E0,-1.489221507E-1,-6.024778050E-1,-8.481751755E-1
7.982002167E0,-1.119830675E0,-8.438543755E-1,-2.621616679E-1
7.992025167E0,-1.470964161E0,-4.545824254E-1,-7.935972646E-1
8.002047167E0,-1.296967396E0,2.557601362E-1,1.681951582E-3
8.012070167E0,-6.936282957E-1,8.336159009E-1,-5.064712018E-2
8.022092167E0,6.507494938E-1,1.277073414E0,4.372059622E-1
8.032115167E0,1.835053908E0,7.695584840E-1,1.177130173E0
8.042137167E0,1.423171944E0,-3.656182086E-1,5.640007871E-1
8.052160167E0,-2.072791171E-1,-1.624228454E0,7.316167787E-1
8.062183167E0,-1.869109846E0,-2.348220171E0,6.576948166E-2
8.072205167E0,-2.419808802E0,-1.742883663E0,-1.011389091E0
8.082228167E0,-1.694294470E0,-1.904905915E-1,-1.053429402E0
8.092250167E0,-5.464994860E-1,8.856719077E-1,-8.028554535E-1
8.102273167E0,2.285156196E-1,1.185293178E0,-3.676334515E-1
8.112295167E0,5.019811249E-1,6.978248423E-1,-8.948903355E-1
8.122318167E0,-2.351112789E-1,-6.139751852E-1,-4.957400993E-1
8.132340167E0,-1.596744202E0,-1.570052832E0,6.011200815E-1
8.142363167E0,-2.148735393E0,-1.429827830E0,3.402787149E-1
8.152385167E0,-1.516495845E0,2.547281027E-2,-4.295537111E-1
8.162408167E0,-3.575689316E-1,9.145501363E-1,3.621309292E-1
8.172430167E0,1.001447947E0,8.998455584E-1,-3.281398952E-2
8.182453167E0,1.721334919E0,2.531405836E-1,7.617641455E-1
8.192475167E0,1.214745018E0,-8.675788683E-1,5.198148403E-1
8.202498167E0,5.675044388E-1,-8.709088576E-1,-1.118294612E-1
8.212520167E0,1.756848568E-1,-1.254707229E-1,5.102777392E-1
8.222543167E0,-8.101960480E-2,5.030950195E-1,3.840451241E-1
8.232565167E0,4.558062476E-1,1.458331836E0,-4.109320834E-1
8.242588167E0,7.828655773E-1,1.394010710E0,-3.984503245E-1
8.252610167E0,4.959678483E-1,7.296904135E-1,-7.772247684E-1
8.262633167E0,5.416275859E-3,2.692180878E-1,-8.246950963E-1
8.272655167E0,-3.287842584E-1,-1.316857284E-1,-3.922101760E-1
8.282678167E0,1.310407805E-1,-2.323566556E-2,-3.471199572E-1
8.292700167E0,7.219931388E-1,3.189486569E-1,-8.753872401E-1
8.302723167E0,8.280125141E-1,4.375360376E-1,-1.226292977E0
8.312746167E0,7.135953677E-1,-6.637116015E-2,-6.297527272E-1
8.322768167E0,8.027379245E-1,-4.836998051E-1,-4.456268299E-1
8.332791167E0,9.904645371E-1,-1.123045474E-1,-2.521056265E-1
8.342813167E0,1.041673867E0,6.030081475E-1,1.264518857E-2
8.352836167E0,1.430573934E0,1.223667870E0,-4.099079436E-1
8.362857750E0,1.060062776E0,7.735170490E-1,2.097293928E-1
8.372880750E0,-6.159164608E-1,-2.047531199E-1,9.109850889E-1
8.382902750E0,-1.555820124E0,-7.638258737E-1,9.881051856E-1
8.392925750E0,-1.459625241E0,-9.884741449E-1,1.201493181E0
8.402947750E0,-6.980254018E-1,-3.923154259E-1,7.115663838E-1
8.412970750E0,9.031626838E-1,1.021781055E0,-1.777666702E0
8.422992750E0,2.192111793E0,1.399003063E0,-1.770561166E0
8.433015750E0,1.675074672E0,4.063370490E-1,-9.629726833E-1
8.443037750E0,2.635667539E-1,-3.279106843E-1,-5.729072660E-2
8.453060750E0,-6.301544309E-1,-5.627594233E-1,1.014379942E0
8.463082750E0,-1.370027186E0,-2.051823056E-1,1.251661122E0
8.473105750E0,-1.598829904E0,5.593124896E-1,2.095262313E0
8.483127750E0,-3.674770385E-1,1.063077600E0,1.812168198E0
8.493150750E0,2.441487939E0,1.956878307E0,1.151053637E-1
8.503172750E0,4.927613522E0,2.318859547E0,8.262408078E-2
8.513195750E0,4.450679530E0,8.438426811E-1,-1.199309246E0
8.523217750E0,1.934898623E0,-8.726764709E-1,-7.091228324E-1
8.533240750E0,-6.280079180E-1,-1.835313524E0,-6.139576435E-4
8.543262750E0,-2.644847667E0,-1.505497817E0,7.660159484E-1
8.553285750E0,-3.260047259E0,-3.128453332E-1,2.399206430E0
8.563308750E0,-1.648761617E0,1.009361569E0,1.740532205E0
8.573330750E0,2.045541392E0,2.365853620E0,-3.627814320E-1
8.583353750E0,5.244527348E0,4.158626896E0,-2.779234225E-1
8.593375750E0,4.639963841E0,7.558399805E0,4.263903674E-1
8.603398750E0,2.251118385E0,7.610951071E0,1.313121498E0
8.613420750E0,1.036816585E0,2.805807481E0,1.999188175E0
8.623443750E0,-2.050489891E-1,-2.170476510E0,2.169165272E0
8.633465750E0,-1.569485652E0,-5.386693625E0,1.529200675E0
8.643488750E0,-2.261273244E0,-7.217215356E0,1.364255984E0
8.653510750E0,-1.718833480E0,-7.514573754E0,-2.132462007E-1
8.663533750E0,-8.607142371E-1,-6.188664980E0,-2.457814242E0
8.673555750E0,-1.388994384E-1,-4.297953181E0,-4.421986366E0
8.683578750E0,3.496757752E-1,-2.493162122E0,-4.225102721E0
8.693600750E0,3.346946239E-2,-1.467437705E0,-2.694429717E0
8.703623750E0,-8.311226481E-1,-1.418778931E0,-3.203953165E0
8.713645750E0,-8.239750117E-1,-7.169569319E-1,6.490964860E-1
8.723668750E0,-4.369770437E-1,2.547696179E-1,4.241492466E0
8.733690750E0,-7.317205667E-2,7.139543867E-1,1.721292234E0
8.743713750E0,-2.614120549E-1,1.109508001E0,3.277200651E-1
8.753735750E0,-1.091693289E0,1.079015940E0,-2.055898273E0
8.763758750E0,-9.562489700E-1,1.075857275E0,-3.867894562E0
8.773781750E0,-1.754726028E-1,1.562439757E0,-1.035981018E0
8.783803750E0,-2.726322770E-2,1.715107049E0,1.405195849E0
8.793826750E0,-4.108242023E-1,1.951791814E0,2.511898355E0
8.803848750E0,-9.582861400E-1,1.838699062E0,-1.321932667E-1
8.813871750E0,-6.207164401E-1,1.379112589E0,-6.146335816E-1
8.823893750E0,4.588812983E-1,8.587647754E-1,-2.833926741E0
8.833916750E0,1.723331451E0,7.463409448E-1,-4.001576530E0
8.843938750E0,3.529676699E0,8.658194411E-1,-1.383238385E0
8.853961750E0,4.091608449E0,7.727177346E-1,1.780984704E0
8.863983750E0,2.546084394E0,3.482782906E-1,4.076591045E0
8.874006750E0,-4.904732198E-2,-6.076490825E-1,2.853868085E0
8.884028750E0,-2.890290684E0,-1.917259328E0,-1.276479337E0
8.894051750E0,-6.168372218E0,-2.973641281E0,-8.485145479E0
8.904073750E0,-7.023296542E0,-2.139921300E0,-8.360027343E0
8.914096750E0,-6.350609465E0,-5.039966601E-1,-5.648137840E0
8.924118750E0,-4.513886177E0,8.502465516E-1,-5.436316606E0
8.934141750E0,-9.535212439E-1,3.122288613E0,-1.408013330E0
8.944163750E0,4.760877244E0,5.675757748E0,1.895442197E0
8.954186750E0,1.025606420E1,4.870367526E0,9.936384058E-1
8.964208750E0,1.225996582E1,7.316667724E-1,1.303424476E0
8.974231750E0,9.405417700E0,-3.095308975E0,7.647111422E-1
8.984254750E0,4.623477616E0,-4.250949753E0,-9.013775289E-1
8.994276750E0,7.841507953E-1,-3.618698511E0,-8.928230524E-1
9.004299750E0,-2.710749296E0,-2.572062111E0,-2.365362453E0
9.014321750E0,-5.761263337E0,-5.267259568E-1,-2.879649044E0
9.024344750E0,-6.893603545E0,1.845276010E0,-2.347008628E0
9.034366750E0,-5.688430418E0,2.823475428E0,-2.739007135E0
9.044389750E0,-3.814038783E0,2.199480454E0,-3.927068970E-1
9.054411750E0,-2.293813584E0,7.065523964E-1,5.801393947E-1
9.064434750E0,-2.020815271E-1,-3.126196307E-1,7.223144433E-1
9.074456750E0,2.176911955E0,-1.158014163E0,8.526298767E-1
9.084479750E0,3.608317364E0,-1.688035610E0,2.875058395E-1
9.094501750E0,4.756608776E0,-1.790210441E0,-5.421564665E-1
9.104524750E0,4.581059575E0,-1.801436511E0,-8.065862694E-1
9.114546750E0,1.783853348E0,-1.369281666E0,3.403284162E-1
9.124569750E0,-1.119901426E0,-4.268385565E-1,9.454795682E-1
9.134591750E0,-2.562457475E0,8.119291627E-1,1.048035638E0
9.144614750E0,-2.448547867E0,1.603693033E0,1.526155153E0
9.154636750E0,-1.680574563E0,1.396508641E0,1.593527941E0
9.164659750E0,-1.506676615E0,1.016596913E0,2.066853177E0
9.174681750E0,-3.251829582E-1,1.311487201E0,2.406939080E0
9.184704750E0,2.145428792E0,1.600751299E0,2.630937141E0
9.194726750E0,3.964795790E0,1.406414993E0,4.363484681E0
9.204749750E0,4.539422137E0,9.858727187E-1,6.236080636E0
9.214772750E0,3.109759784E0,6.368494928E-1,7.320543258E0
9.224794750E0,1.567638516E0,8.989807552E-1,4.787014298E0
9.234817750E0,1.186228148E0,3.937520868E-1,4.655620345E0
9.244839750E0,-7.681487203E-2,-3.940204740E-1,1.884657446E0
9.254862750E0,-1.167720541E0,-7.735462850E-1,2.121023391E-1
9.264884750E0,-2.494143870E0,-1.898244767E0,-8.070194019E-1
9.274907750E0,-3.214034935E0,-2.281840240E0,-1.639025418E0
9.284929750E0,-2.275737501E0,-9.451901311E-1,-2.828349667E0
9.294952750E0,-2.781000084E-1,7.972444654E-1,-2.229253160E0
9.304974750E0,1.546789100E0,1.695202543E0,-1.555897307E0
9.314997750E0,2.488866758E0,1.005976616E0,-4.438627249E-1
9.325019750E0,1.923536898E0,-5.626611900E-1,1.376994874E0
9.335042750E0,7.907575643E-1,-9.065885675E-1,2.689608103E0
9.345064750E0,2.859031177E-1,-3.274201030E-1,2.421620708E0
9.355087792E0,-1.727033615E-1,4.343212384E-1,7.399996394E-1
9.365109792E0,-3.039961571E-1,1.252856585E0,-6.828998244E-1
9.375132792E0,3.522947431E-2,1.810227799E-1,-2.254897440E0
9.385154792E0,-1.420431354E0,-1.313272356E0,-2.164682065E0
9.395177792E0,-3.135661780E0,-1.777835979E0,-2.158362395E0
9.405200792E0,-3.827952232E0,-1.351208507E0,-2.444924494E0
9.415222792E0,-2.905060458E0,-1.011404586E-1,-2.004448622E0
9.425245792E0,-9.207101780E-1,1.199853914E0,-2.950933034E0
9.435267792E0,1.221940017E0,1.347752218E0,-1.612297211E0
9.445290792E0,2.011976620E0,3.767267489E-1,-3.450541359E-1
9.455312792E0,1.035159484E0,-3.459569460E-1,2.685677312E-1
9.465335792E0,-2.682223070E-1,-3.583577210E-1,8.154158574E-1
9.475357792E0,-9.044473171E-2,1.160046655E-1,1.268749318E0
9.485380792E0,5.111858118E-1,8.897585267E-1,2.934125505E-2
9.495402792E0,2.091909812E0,2.495123863E-1,-6.538777542E0
9.505425792E0,4.163170767E-1,-6.539718944E-1,4.720302830E0
9.515447792E0,-8.532552949E0,-3.182788584E0,-1.014841579E0
9.525470792E0,-3.577845769E0,-2.157661167E0,-5.159757339E0
9.535492792E0,3.465558178E0,-5.378853679E-2,-5.295161312E0
9.545515792E0,4.722667444E0,1.211831351E0,-4.106092587E0
9.555537792E0,1.851033763E0,1.110772169E0,-8.198717281E-2
9.565560792E0,5.127283072E-1,1.066585929E0,5.081383891E-1
9.575582792E0,9.500363034E-1,1.197622032E0,1.436670241E0
9.585605792E0,6.608979213E-1,1.006087128E0,2.926379406E0
9.595628792E0,-5.612327152E-1,2.869129318E-1,3.265784547E0
9.605650792E0,-1.335505809E0,-6.635011017E-2,3.399027389E0
9.615673792E0,-1.230427251E0,2.286547834E-1,2.305421476E0
9.625695792E0,-1.323236012E0,4.667697769E-1,8.426632977E-1
9.635718792E0,-7.199156231E-1,-1.672204274E-1,1.871717119E-1
9.645740792E0,7.610654032E-1,-8.359992260E-1,-2.672177553E-3
9.655763792E0,2.344737570E0,-6.427926028E-1,1.081863443E-1
9.665785792E0,2.909117841E0,3.599990344E-1,-1.104764739E0
9.675808792E0,1.698117380E0,1.147589162E0,-1.687381307E0
9.685830792E0,-6.281149220E-1,7.225749367E-1,-5.044229221E-1
9.695853792E0,-5.245642412E-1,1.096616060E-1,-3.940883017E-1
9.705875792E0,1.471334875E-1,-2.013570571E-1,-1.786090493E-1
9.715898792E0,5.169698775E-2,-2.125427806E-1,3.348011164E-1
9.725920792E0,-2.679369628E-1,1.360623693E-1,9.748349297E-1
9.735943792E0,4.020644885E-1,6.396438771E-1,1.555067003E0
9.745965792E0,2.161154879E0,1.065887772E0,2.776422445E-1
9.755988792E0,1.479899876E0,4.971612650E-1,6.191322832E-1
9.766011792E0,1.738862532E-1,-2.000776863E-1,1.093104222E0
9.776033792E0,3.036190116E-1,-5.507235146E-1,7.554238634E-1
9.786056792E0,3.402202427E-1,-4.924384689E-1,4.763771908E-1
9.796078792E0,1.900649142E-1,-4.705195963E-2,6.358214061E-1
9.806101792E0,3.205010927E-1,4.885272664E-1,4.734176226E-1
9.816123792E0,6.168946999E-1,8.111766261E-1,6.894206393E-1
9.826146792E0,9.160511166E-1,7.298927271E-1,8.151055165E-1
9.836168792E0,7.813330221E-1,6.080542946E-1,2.167203239E-1
9.846191792E0,2.984366244E-1,7.250734520E-1,-2.359313509E-1
9.856213792E0,-3.895695734E-1,1.005364412E0,-2.153485671E-1
9.866236792E0,-1.092316017E0,1.519557447E0,7.788520485E-2
9.876258792E0,-1.853031172E0,2.451053399E0,3.990306607E-1
9.886281792E0,-1.685949908E0,3.059301236E0,6.980268636E-1
9.896303792E0,-5.557562131E-1,2.965434714E0,1.114825459E0
9.906326792E0,7.884449905E-1,2.659584405E0,1.424807995E0
9.916348792E0,1.881419404E0,2.105059615E0,1.324558944E0
9.926371792E0,2.348873305E0,1.337183960E0,9.401469076E-1
9.936393792E0,2.296319700E0,3.942894459E-1,4.881957293E-1
9.946416792E0,1.897608005E0,-5.341741401E-1,1.328244737E-1
9.956438792E0,1.130343969E0,-1.126870138E0,-1.430234796E-1
9.966461792E0,5.635002655E-1,-1.202315592E0,-5.981818557E-1
9.976484792E0,9.134684014E-1,-5.703812689E-1,-8.060129499E-1
9.986506792E0,1.753600439E0,3.409125531E-1,-7.476366878E-1
9.996529792E0,2.601223930E0,1.173738495E0,-6.122789079E-1
1.000655179E1,3.364722944E0,1.724934465E0,-5.685809112E-1
1.001657479E1,4.329861436E0,1.852638239E0,-6.250044957E-1
1.002659679E1,5.221236134E0,1.516266634E0,-6.789944690E-1
1.003661979E1,5.482737066E0,9.068318117E-1,-5.743433422E-1
1.004664179E1,4.380738645E0,2.687242904E-1,-1.946292508E-1
1.005666479E1,2.572554447E0,6.414600223E-2,4.312309849E-1
1.006668679E1,1.630598996E0,2.728799066E-1,7.459257925E-1
1.007670979E1,1.566884226E0,5.222499132E-1,5.191994208E-1
1.008673179E1,2.025326983E0,6.677572900E-1,4.251568973E-2
1.009675479E1,2.361706190E0,6.699599361E-1,-2.996744800E-1
1.010677679E1,2.143143116E0,4.480200952E-1,-3.298168766E-1
1.011679979E1,1.576782977E0,4.204633373E-1,7.903272092E-2
1.012682279E1,8.273283899E-1,6.274193957E-1,6.420804119E-1
1.013684479E1,1.845088899E-2,8.680203331E-1,8.057989419E-1
1.014686779E1,-6.671567810E-1,1.077470521E0,6.664738262E-1
1.015688979E1,-1.136239716E0,1.347125981E0,4.909906983E-1
1.016691279E1,-1.310268057E0,1.599340658E0,2.831496638E-1
1.017693479E1,-1.242944970E0,1.686226774E0,1.508762902E-1
1.018695779E1,-1.037068600E0,1.485203155E0,9.619079053E-2
1.019697979E1,-7.842601383E-1,1.136162095E0,9.639135003E-3
1.020700279E1,-4.871110708E-1,7.165011415E-1,-1.630496085E-1
1.021702479E1,-1.449466288E-1,2.893835266E-1,-3.652755618E-1
1.022704779E1,2.247213614E-1,-1.634678306E-1,-6.179542154E-1
1.023706979E1,6.640536636E-1,-4.772566120E-1,-8.447694647E-1
1.024709279E1,1.172478420E0,-5.592718515E-1,-1.035896233E0
1.025711479E1,1.662465736E0,-5.406829682E-1,-1.185189682E0
1.026713779E1,1.943916784E0,-4.745329059E-1,-1.247184786E0
1.027715979E1,1.825428806E0,-4.527158479E-1,-1.255487832E0
1.028718279E1,1.405271863E0,-4.716311520E-1,-1.335420440E0
1.029720579E1,9.614892447E-1,-4.807987091E-1,-1.704328584E0
1.030722779E1,7.545510203E-1,-3.509552921E-1,-2.275534603E0
1.031725079E1,8.918073910E-1,-5.557341307E-2,-2.778296039E0
1.032727279E1,1.238291756E0,2.726324415E-1,-3.137539321E0
1.033729579E1,1.532621296E0,5.536323947E-1,-3.335988265E0
1.034731779E1,1.565221277E0,7.683386086E-1,-3.379819286E0
1.035734125E1,1.320746852E0,9.311093780E-1,-3.342649705E0
1.036736325E1,9.379232115E-1,9.910629997E-1,-3.197928194E0
1.037738625E1,5.489003527E-1,1.075936066E0,-3.013010584E0
1.038740825E1,2.502964979E-1,1.177612275E0,-2.848507650E0
1.039743125E1,7.226807714E-2,1.218542931E0,-2.772571322E0
1.040745325E1,1.017374593E-1,1.262745104E0,-2.750841900E0
1.041747625E1,3.864465755E-1,1.347384428E0,-2.738692555E0
1.042749825E1,7.790567011E-1,1.467131019E0,-2.681461762E0
1.043752125E1,1.100843596E0,1.618740258E0,-2.399807816E0
1.044754325E1,1.171862708E0,1.676649620E0,-2.044462288E0
1.045756625E1,9.315474075E-1,1.702981971E0,-1.653715670E0
1.046758825E1,5.940700936E-1,1.684111544E0,-1.366008102E0
1.047761125E1,2.633077222E-1,1.633164169E0,-1.242792943E0
1.048763425E1,1.183534920E-2,1.699815996E0,-1.388721026E0
1.049765625E1,-7.246454358E-2,2.011560298E0,-1.596914063E0
1.050767925E1,-1.971388757E-2,2.396178449E0,-1.613840583E0
1.051770125E1,1.342625964E-1,2.714623076E0,-1.256963085E0
1.052772425E1,2.331781894E-1,2.901991255E0,-7.088506445E-1
1.053774625E1,1.356448781E-1,2.796620920E0,-2.136537516E-1
1.054776925E1,-7.284402788E-2,2.505490392E0,5.063674137E-2
1.055779125E1,-2.933939856E-1,2.213649427E0,1.600358073E-1
1.056781425E1,-3.257817131E-1,2.048255669E0,1.297029376E-2
1.057783625E1,-3.417469507E-1,2.205846317E0,-7.213724568E-2
1.058785925E1,-6.439076668E-1,2.601573009E0,-1.676988758E-2
1.059788125E1,-1.173632076E0,3.001531915E0,5.985677719E-2
1.060790425E1,-1.740825443E0,3.096937425E0,2.106331896E-1
1.061792625E1,-2.077267215E0,2.730278996E0,4.732280266E-1
1.062794925E1,-1.923411768E0,2.044609346E0,9.100477803E-1
1.063797225E1,-1.423446763E0,1.253758811E0,1.268608400E0
1.064799425E1,-1.037870838E0,5.096924329E-1,1.381614028E0
1.065801725E1,-1.037714133E0,1.061678946E-1,1.350667055E0
1.066803925E1,-1.347929973E0,9.833087146E-2,1.160310949E0
1.067806225E1,-1.693445454E0,5.477689165E-1,8.959741169E-1
1.068808425E1,-1.741728253E0,1.271816767E0,8.482017803E-1
1.069810725E1,-1.269974894E0,1.780368408E0,6.962607121E-1
1.070812925E1,-8.947380155E-1,2.123447939E0,6.380077531E-1
1.071815225E1,-1.253549480E0,1.988199502E0,9.229740737E-1
1.072817425E1,-2.279310150E0,1.286594435E0,3.897620930E-1
1.073819725E1,-3.347868345E0,4.305421829E-1,-5.906550273E-2
1.074821925E1,-3.767152884E0,1.066532135E-2,3.662052691E-2
1.075824225E1,-3.651269841E0,6.293176943E-1,8.038295996E-1
1.076826425E1,-3.304816466E0,1.802621741E0,2.061931722E0
1.077828725E1,-3.118062245E0,2.610574797E0,2.561636526E0
1.078830925E1,-3.096735111E0,2.923697873E0,2.419101874E0
1.079833225E1,-2.585584967E0,2.455329468E0,1.920369316E0
1.080835525E1,-1.518171072E0,1.818239070E0,1.574704292E0
1.081837725E1,-9.344218987E-1,1.754654692E0,1.138031303E0
1.082840025E1,-1.420552976E0,1.980390546E0,4.194791047E-1
1.083842225E1,-2.153747626E0,2.143046052E0,1.083781421E-1
1.084844525E1,-2.198549577E0,1.805221998E0,1.150119983E0
1.085846725E1,-1.376292477E0,8.995251310E-1,1.449897813E0
1.086849025E1,-6.610967267E-1,4.421027130E-1,3.984058126E-1
1.087851225E1,-6.813713622E-1,2.066131192E-1,-1.396873507E0
1.088853525E1,-1.139266820E0,6.055113405E-1,-2.781880090E0
1.089855725E1,-1.777050113E0,8.243983501E-1,-3.222620401E0
1.090858025E1,-2.268847142E0,4.428213358E-1,-2.916463113E0
1.091860225E1,-2.516997128E0,-4.029450792E-1,-2.075095705E0
1.092862525E1,-2.325111390E0,-1.293489472E0,-1.542385561E0
1.093864725E1,-1.897092281E0,-2.039736276E0,-1.180300825E0
1.094867025E1,-1.474774792E0,-2.360044411E0,-7.133439374E-1
1.095869225E1,-1.097106641E0,-2.072841457E0,-3.106233913E-1
1.096871525E1,-6.912332761E-1,-1.383046011E0,-1.346202998E-1
1.097873725E1,-3.003474945E-1,-6.738202679E-1,-2.843828416E-1
1.098876025E1,1.020590562E-1,6.695120394E-2,-5.595836543E-1
1.099878325E1,5.906594127E-1,6.426160169E-1,-9.168339126E-1
1.100880525E1,9.594216692E-1,9.982004035E-1,-9.185184954E-1
1.101882825E1,1.079289590E0,1.002750707E0,-5.773809707E-1
1.102885025E1,9.807406175E-1,4.380166787E-1,-5.223441996E-2
1.103887325E1,4.727555716E-1,-4.406841785E-1,4.855275717E-1
1.104889525E1,-3.519965351E-1,-1.118780515E0,7.486285217E-1
1.105891825E1,-1.239867581E0,-1.394085554E0,7.421386971E-1
1.106894025E1,-2.054675328E0,-1.306034673E0,3.409709521E-1
1.107896325E1,-2.648307465E0,-5.728990799E-1,2.590665905E-1
1.108898525E1,-2.909018438E0,3.302600956E-1,9.893746161E-1
1.109900825E1,-2.815156594E0,9.364099520E-1,2.431699115E0
1.110903025E1,-1.871465104E0,7.907610726E-1,3.589154869E0
1.111905325E1,-7.954786062E-2,-1.127676469E-1,3.361478325E0
1.112907525E1,1.826832722E0,-7.711325544E-1,2.182693682E0
1.113909825E1,3.426918608E0,-9.509250802E-1,8.860222290E-1
1.114912125E1,5.007915089E0,-1.190207178E0,9.442310415E-2
1.115914325E1,6.518644994E0,-1.405192341E0,8.269607462E-2
1.116916625E1,6.978416238E0,-1.437269581E0,1.607966763E-1
1.117918825E1,5.303715203E0,-7.325929713E-1,9.513161858E-1
1.118921125E1,2.965339989E0,3.454710424E-1,2.338493913E0
1.119923325E1,1.392927221E0,1.003105633E0,2.921494058E0
1.120925625E1,1.718707180E-1,1.436964356E0,3.022328707E0
1.121927825E1,-8.335422260E-1,1.685445879E0,2.548210734E0
1.122930125E1,-1.069368035E0,1.681579115E0,1.099360158E0
1.123932325E1,-3.576887995E-1,1.291252327E0,-3.406425579E-1
1.124934625E1,9.966064525E-1,5.094491887E-1,-1.053559941E0
1.125936825E1,2.089239389E0,-1.249871582E-1,-9.230560809E-1
1.126939125E1,2.546867044E0,6.431937218E-2,-6.979347700E-1
1.127941325E1,2.294325800E0,1.464087251E0,-4.081888622E-1
1.128943625E1,1.794339745E0,2.450347640E0,-1.512570901E-1
1.129945825E1,1.414006433E0,2.044393584E0,-2.662132037E-1
1.130948125E1,6.489503056E-1,1.624041343E0,-3.850843205E-1
1.131950325E1,-6.673608488E-1,1.610440720E0,-1.040866951E0
1.132952625E1,-2.055206255E0,1.694679801E0,-1.780920970E0
1.133954925E1,-3.036957271E0,1.837234334E0,-2.238089326E0
1.134957125E1,-3.639503489E0,1.751917026E0,-2.665398291E0
1.135959400E1,-3.987101748E0,1.398545811E0,-2.705882074E0
1.136961600E1,-3.897191452E0,5.324679226E-1,-2.435053663E0
1.137963900E1,-3.304776705E0,-3.589687550E-1,-1.514706012E0
1.138966100E1,-2.413064039E0,-8.213806021E-1,-1.882399982E-1
1.139968400E1,-1.279264365E0,-1.086641294E0,5.197220157E-1
1.140970600E1,-1.538203633E-1,-1.041676206E0,4.312457491E-1
1.141972900E1,8.071473098E-1,-7.229813182E-1,-3.682016547E-1
1.142975100E1,1.588778540E0,-5.117962611E-1,-1.515283863E0
1.143977400E1,1.831375424E0,-1.595634985E-1,-2.333022673E0
1.144979600E1,1.422389587E0,3.836627162E-1,-2.517853160E0
1.145981900E1,8.208601999E-1,7.386097562E-1,-2.183291268E0
1.146984100E1,2.170778811E-1,8.978376245E-1,-5.844356364E-1
1.147986400E1,-6.291498792E-1,3.093358344E-1,1.887536761E0
1.148988700E1,-1.765573783E0,-8.445227122E-1,3.585134908E0
1.149990900E1,-2.297779166E0,-1.739270668E0,3.487413901E0
1.150993200E1,-1.144593633E0,-1.942073157E0,2.172362822E0
1.151995400E1,7.209792316E-1,-1.530613947E0,5.753800535E-1
1.152997700E1,1.450293084E0,-6.728063607E-1,-2.006689714E0
1.153999900E1,2.964573419E-1,4.288377196E-1,-2.749136267E0
1.155002200E1,-9.840133041E-1,1.388699684E0,-1.312555488E0
1.156004400E1,-8.629391026E-1,1.775153861E0,-4.763043930E-1
1.157006700E1,4.077789724E-2,1.392167083E0,-2.637024093E-1
1.158008900E1,9.768194747E-1,6.186921340E-1,5.883586796E-1
1.159011200E1,1.639132422E0,-5.777218634E-1,1.425888122E0
1.160013400E1,1.760190251E0,-1.623812717E0,1.425531149E0
1.161015700E1,1.393987906E0,-1.703804381E0,1.813431927E0
1.162017900E1,1.172618753E0,-9.417788655E-1,1.341186964E0
1.163020200E1,1.492479576E0,3.781815362E-1,-4.600764692E-2
1.164022400E1,2.085217089E0,1.554671731E0,-1.240381405E0
1.165024700E1,2.407596892E0,1.937974259E0,-1.101749915E0
1.166027000E1,2.196506560E0,1.533164502E0,-1.836242062E-1
1.167029200E1,1.617256819E0,6.842288965E-1,1.515440422E-1
1.168031500E1,1.022378055E0,-1.077039582E-1,4.452086078E-1
1.169033700E1,6.598501003E-1,-2.481920850E-1,3.863617909E-1
1.170036000E1,3.002767432E-1,2.304060245E-1,-1.801072522E-1
1.171038200E1,-4.149295324E-1,5.544984770E-1,4.829792820E-1
1.172040500E1,-7.986255777E-1,2.157967561E-1,8.550013612E-1
1.173042700E1,-7.740772122E-1,-6.305350846E-1,8.877633105E-1
1.174045000E1,-1.078163416E0,-1.592455854E0,8.328019685E-1
1.175047200E1,-1.943809780E0,-2.095282486E0,5.860032749E-1
1.176049500E1,-2.690722582E0,-2.276289479E0,5.291700929E-1
1.177051700E1,-2.850187848E0,-2.100267237E0,3.519063418E-1
1.178054000E1,-2.181611363E0,-1.641078960E0,5.299787629E-1
1.179056200E1,-1.099096448E0,-1.475018036E0,1.123665279E0
1.180058500E1,-3.827967435E-1,-1.215284132E0,1.215295241E0
1.181060700E1,-5.471824408E-3,-8.021730834E-1,7.307113373E-1
1.182063000E1,1.136605167E-1,-6.133928025E-1,9.829227984E-2
1.183065300E1,-1.542454559E-1,-2.815972281E-1,-5.966674268E-2
1.184067500E1,-2.308919281E-1,-1.515656769E-2,2.563103592E-1
1.185069800E1,-5.491178691E-2,-8.393795013E-2,5.678375839E-1
1.186072000E1,1.778442335E-1,-4.439323068E-2,7.684701709E-1
1.187074300E1,4.724924469E-1,1.236493152E-1,1.021050153E0
1.188076500E1,1.041766838E0,8.707381189E-2,1.035088148E0
1.189078800E1,1.966885232E0,-2.381278574E-1,3.410084474E-1
1.190081000E1,2.367313669E0,-6.906076241E-1,-6.424558032E-1
1.191083300E1,1.708466951E0,-9.880011052E-1,-1.209626658E-1
1.192085500E1,1.246765541E0,-1.314863384E0,5.519198549E-1
1.193087800E1,1.124789699E0,-1.602308997E0,5.319643311E-1
1.194090000E1,7.533768994E-1,-1.159606360E0,3.257276264E-1
1.195092300E1,4.928296477E-1,-4.427038068E-1,8.316874892E-2
1.196094500E1,4.860018539E-1,-1.750732380E-1,-1.973096144E-1
1.197096800E1,5.200653934E-1,-7.534605145E-2,7.728323400E-2
1.198099100E1,6.500846654E-1,-3.484811890E-1,2.412189880E-1
1.199101300E1,6.380259526E-1,-8.684617978E-1,-7.427741432E-1
1.200103600E1,8.786669433E-2,-9.382138181E-1,-6.824501735E-1
1.201105800E1,-6.178752780E-2,-1.023648655E0,-7.003862152E-1
1.202108100E1,1.528011936E-1,-1.104932554E0,-1.979394180E0
1.203110300E1,-1.734325093E-1,-6.963852578E-1,-1.767488161E0
1.204112600E1,-4.775929731E-1,-5.440214360E-1,-6.965925416E-1
1.205114800E1,-2.592965323E-1,-6.612329668E-1,-2.898195827E-1
1.206117100E1,3.865208352E-1,-5.574752945E-1,1.379808408E-1
1.207119300E1,1.344021694E0,-7.298646605E-1,1.159216350E-1
1.208121600E1,1.936853347E0,-1.085892851E0,-3.556326261E-1
1.209123800E1,1.679534928E0,-1.367652047E0,9.848582268E-2
1.210126100E1,1.267217347E0,-1.482963817E0,7.698736489E-3
1.211128300E1,9.829479414E-1,-1.151951770E0,-5.192608166E-1
1.212130600E1,4.068919498E-1,-5.727359426E-1,-6.600255167E-1
1.213132900E1,-3.128125888E-1,-1.596272331E-1,-6.539479208E-1
1.214135100E1,-6.936575317E-1,1.910332131E-1,-8.963976015E-1
1.215137400E1,-7.062524343E-1,4.578358161E-1,-9.820454237E-1
1.216139600E1,-8.604733318E-1,6.724947041E-1,-2.668090349E-1
1.217141900E1,-7.948096848E-1,1.321339175E0,8.171302611E-1
1.218144100E1,-1.007410938E-1,1.842360588E0,1.274305342E0
1.219146400E1,6.364834571E-1,2.229323473E0,1.160758261E0
1.220148600E1,1.247570118E0,2.719637648E0,1.122461630E0
1.221150900E1,2.071772586E0,3.115121680E0,1.234132339E0
1.222153100E1,2.921858924E0,3.344391591E0,1.030238175E0
1.223155400E1,3.349046559E0,3.399559486E0,7.740143546E-1
1.224157600E1,3.524290536E0,3.054549204E0,9.511151147E-1
1.225159900E1,3.450392840E0,2.118960201E0,7.579961997E-1
1.226162100E1,2.618089639E0,9.469858110E-1,9.824316323E-2
1.227164400E1,1.114268804E0,5.018022001E-2,-3.124655566E-1
1.228166600E1,-2.034421742E-1,-5.530314106E-1,-3.178536196E-1
1.229168900E1,-7.445452648E-1,-8.713433057E-1,-4.161399060E-1
1.230171200E1,-7.481746316E-1,-5.104233348E-1,-2.020604771E-1
1.231173400E1,-1.678566045E-1,1.300467539E-1,5.613189617E-1
1.232175700E1,3.321428990E-1,1.894410163E-1,7.608780000E-1
1.233177900E1,3.707631737E-1,-5.571051657E-2,7.795905519E-1
1.234180200E1,7.031200808E-1,-2.447001278E-1,6.735676682E-1
1.235182400E1,8.855754286E-1,-4.969916958E-1,-2.926902732E-1
1.236184700E1,1.559697998E-1,-6.310730284E-1,-8.756603050E-1
1.237186900E1,-1.021603299E0,-5.760735333E-1,-9.188715211E-1
1.238189200E1,-1.658457470E0,-7.125802910E-1,-1.476600877E0
1.239191400E1,-1.876224738E0,-7.871474934E-1,-2.168980207E0
1.240193700E1,-1.665426182E0,-4.052424502E-1,-1.758839545E0
1.241195900E1,-1.162541662E0,-4.700079650E-1,-1.510948299E0
1.242198200E1,-1.728806491E0,-7.055940378E-1,-1.905045079E0
1.243200400E1,-2.710996048E0,-5.584851086E-1,-5.929407039E-1
1.244202700E1,-2.681779851E0,-6.497472811E-1,1.654577842E-1
1.245205000E1,-2.641452774E0,-6.736653167E-1,-5.488079667E-1
1.246207200E1,-2.743649240E0,-9.176386356E-2,-1.118223860E0
1.247209500E1,-2.428336966E0,4.895277250E-1,-1.465409306E0
1.248211700E1,-2.052286740E0,6.282394677E-1,-1.652016762E0
1.249214000E1,-1.392222632E0,5.252407640E-1,-1.405356940E0
1.250216200E1,-5.861114484E-1,2.267468369E-1,-9.109260321E-1
1.251218500E1,-1.113993984E-1,-1.169770575E-1,-2.802775115E-1
1.252220700E1,-1.216478133E-1,-1.550055939E-1,4.853311783E-1
1.253223000E1,-2.488814718E-1,1.333340585E-1,6.682522568E-1
1.254225200E1,-2.521535736E-1,5.663098526E-1,2.337775290E-1
1.255227500E1,-4.955275530E-1,1.249928007E0,7.912159860E-3
1.256229700E1,-2.502438730E-1,1.384918875E0,4.180718261E-1
1.257232000E1,6.730484354E-1,7.084109339E-1,9.690862396E-1
1.258234200E1,1.573766983E0,-2.054854837E-1,1.380084104E0
1.259236500E1,2.235824407E0,-1.034276262E0,1.215980243E0
1.260238800E1,2.346115758E0,-1.143028626E0,6.044643965E-1
1.261241000E1,2.365392859E0,6.762421846E-2,6.535491407E-1
1.262243300E1,2.595008340E0,1.447973202E0,-5.112074465E-1
1.263245500E1,1.683487061E0,2.034553304E0,-1.070773998E0
1.264247800E1,3.982889414E-2,1.928112637E0,5.431595564E-2
1.265250000E1,-8.220577097E-1,7.741593656E-1,3.614965063E-1
1.266252300E1,-1.312290609E0,-8.047698319E-1,2.583817354E-1
1.267254500E1,-1.889624802E0,-1.792848997E0,3.236176586E-1
1.268256800E1,-2.246626554E0,-1.890990127E0,3.502043635E-2
1.269259000E1,-1.871909493E0,-1.002318890E0,-7.714670151E-2
1.270261300E1,-7.463883072E-1,4.160060048E-2,2.124731988E-1
1.271263500E1,3.817822516E-1,6.515654728E-1,5.295858300E-1
1.272265800E1,1.402843514E0,1.407937901E0,9.527254379E-1
1.273268000E1,1.929235595E0,1.767153701E0,-8.608972549E-2
1.274270300E1,8.508704495E-1,1.381366399E0,-8.981258923E-1
1.275272600E1,-8.030723852E-1,6.803469300E-1,-7.100578022E-1
1.276274800E1,-1.294598104E0,2.276294741E-1,-6.938461044E-1
1.277277100E1,-1.214336298E0,7.571267188E-3,-6.396622959E-1
1.278279300E1,-1.423164343E0,-1.497533324E-1,-4.745123675E-1
1.279281600E1,-1.613001215E0,-2.305767632E-1,-1.406708524E-1
1.280283800E1,-1.043574797E0,-4.583372149E-1,-3.918280604E-1
1.281286100E1,-4.958883262E-1,-9.873698983E-1,-5.443956578E-1
1.282288300E1,-8.710392505E-1,-1.486306378E0,-3.898227578E-1
1.283290600E1,-1.385038158E0,-1.391483544E0,-9.350437501E-1
1.284292800E1,-1.583713097E0,-1.952130952E-1,-1.340363091E0
1.285295100E1,-1.433748388E0,1.352212766E0,-1.534276058E0
1.286297300E1,-9.826561654E-1,1.788988081E0,-1.191889130E0
1.287299600E1,-4.761118734E-1,1.151535448E0,-1.000680792E-1
1.288301800E1,-1.095125020E-1,6.560438552E-1,7.831053132E-1
1.289304100E1,6.395883286E-1,1.279436566E0,1.494819632E0
1.290306400E1,1.737121232E0,2.393610060E0,1.600027706E0
1.291308600E1,2.610048548E0,3.167021274E0,2.166446901E0
1.292310900E1,3.043481594E0,3.644419535E0,2.226065404E0
1.293313100E1,3.200197499E0,3.453116473E0,1.117340931E0
1.294315400E1,3.028855369E0,2.681424048E0,1.044323241E0
1.295317600E1,3.231717499E0,1.593055193E0,1.368479135E0
1.296319900E1,3.695370710E0,4.309552887E-1,1.393633419E0
1.297322100E1,3.658539684E0,-3.472170210E-1,1.550794442E0
1.298324400E1,3.068365005E0,-6.948889554E-1,1.369937723E0
1.299326600E1,2.052417718E0,-2.513615683E-1,1.035157145E0
1.300328900E1,1.195503001E0,1.009700122E-1,6.402204126E-1
1.301331100E1,4.805206740E-1,-5.680950075E-1,4.007319081E-1
1.302333400E1,-5.723529500E-1,-1.641699935E0,2.800219882E-1
1.303335600E1,-1.436376126E0,-2.198967068E0,1.346689779E-1
1.304337900E1,-1.372759005E0,-1.981737452E0,-4.876279646E-1
1.305340200E1,-6.097587579E-1,-1.581401400E0,-1.359570902E0
1.306342400E1,-6.835804403E-2,-1.314345320E0,-1.414482689E0
1.307344700E1,-1.050212556E-1,-9.447711781E-1,-1.814737757E0
1.308346900E1,-4.537088513E-1,-6.841800722E-1,-1.362373180E0
1.309349200E1,-1.187492316E0,-8.663790196E-1,-1.069782602E0
1.310351400E1,-2.446362762E0,-1.338888131E0,-1.510196347E0
1.311353700E1,-3.734221365E0,-1.354499612E0,-1.402133662E0
1.312355900E1,-3.894932672E0,-1.092522716E0,-1.669038591E0
1.313358200E1,-3.283618555E0,-7.317989194E-1,-1.804994834E0
1.314360400E1,-2.781281919E0,-2.371121961E-1,-2.012125139E0
1.315362700E1,-2.190638294E0,6.147540343E-1,-2.044466674E0
1.316364900E1,-9.628598320E-1,7.158588248E-1,-1.366942195E0
1.317367200E1,-2.908919621E-1,-4.818164170E-2,-7.106226432E-1
1.318369400E1,-5.525993013E-1,-7.279695779E-1,-7.787345195E-1
1.319371700E1,-5.531413382E-1,-1.108450824E0,-1.069082983E0
1.320374000E1,-2.798430634E-1,-1.393446454E0,-5.536301655E-1
1.321376200E1,-4.048232049E-1,-1.553326871E0,5.611514390E-2
1.322378500E1,-6.939680189E-1,-1.353391272E0,7.133135319E-2
1.323380700E1,-6.141529405E-1,-5.728102022E-1,2.421834862E-1
1.324383000E1,9.392031670E-2,4.004290223E-1,1.947526270E-1
1.325385200E1,7.260984689E-1,6.513409397E-1,-6.567300260E-1
1.326387500E1,4.838231814E-1,4.368507439E-1,-7.578348166E-1
1.327389700E1,-1.344508767E-2,1.316851437E-2,1.256563720E-1
1.328392000E1,-3.704228657E-1,-6.749017105E-1,1.105409687E0
1.329394200E1,-9.445966387E-1,-1.069161628E0,1.505541671E0
1.330396500E1,-9.253113520E-1,-1.124271343E0,1.251256787E0
1.331398700E1,-3.068150997E-1,-6.790611273E-1,7.346570385E-1
1.332401000E1,3.265441900E-1,2.594248787E-1,3.607381225E-1
1.333403200E1,6.162450743E-1,8.717602122E-1,-2.598521639E-1
1.334405500E1,7.583961493E-1,1.196799914E0,-9.621809703E-1
1.335407800E1,1.047119379E0,1.491496367E0,-9.396786918E-1
1.336410125E1,1.003873957E0,1.354075104E0,-8.827899612E-1
1.337412425E1,4.185349256E-1,1.075823068E0,-6.458401716E-1
1.338414625E1,-1.189908385E-1,7.992173159E-1,-7.162497112E-1
1.339416925E1,-1.909712327E-1,3.635822082E-1,-4.469863075E-1
1.340419125E1,-2.395346975E-1,-2.173336968E-1,2.911030465E-1
1.341421425E1,-6.096038067E-1,-5.996381047E-1,5.463718705E-1
1.342423625E1,-1.066788828E0,-5.473783225E-1,4.259870557E-1
1.343425925E1,-9.372016650E-1,-4.357198924E-2,6.513853785E-1
1.344428125E1,-2.024417156E-1,4.580474854E-1,1.080130420E0
1.345430425E1,3.128886026E-1,6.935128132E-1,6.563463025E-1
1.346432625E1,2.919087929E-1,6.951257676E-1,1.940259643E-1
1.347434925E1,1.012275821E-1,4.029503417E-1,9.580589756E-2
1.348437125E1,2.017879969E-1,-9.740759611E-2,-1.485841817E-1
1.349439425E1,2.742595571E-1,-5.451113570E-1,-3.700236471E-1
1.350441725E1,-3.655796170E-2,-8.842030871E-1,-4.151454408E-1
1.351443925E1,-6.681291729E-1,-1.127057249E0,-2.913679254E-1
1.352446225E1,-1.079844491E0,-1.240344129E0,-3.189055337E-1
1.353448425E1,-1.152838792E0,-1.306072095E0,-3.748651417E-1
1.354450725E1,-9.063219345E-1,-1.473759130E0,-2.447802347E-1
1.355452925E1,-4.542912340E-1,-1.463700165E0,2.107453465E-1
1.356455225E1,2.194167674E-1,-1.522192787E0,4.002309479E-1
1.357457425E1,9.670318204E-1,-1.870245960E0,-2.343732141E-1
1.358459725E1,1.582660013E0,-2.005340030E0,-1.375192031E-2
1.359461925E1,1.774907109E0,-2.063794060E0,5.693479928E-1
1.360464225E1,1.821232259E0,-1.944030220E0,5.500266726E-1
1.361466425E1,1.968376856E0,-1.455677785E0,3.507236693E-1
1.362468725E1,1.963057060E0,-4.496824586E-1,3.986106113E-1
1.363470925E1,1.824472201E0,6.393380678E-1,7.018283578E-1
1.364473225E1,1.647593928E0,1.107201859E0,1.127188300E0
1.365475525E1,1.289126864E0,8.756275606E-1,1.199758020E0
1.366477725E1,6.729326606E-1,4.500297832E-1,1.098129319E0
1.367480025E1,3.969931984E-1,5.920101196E-1,1.163334617E0
1.368482225E1,3.929217821E-1,1.369736579E0,1.043328044E0
1.369484525E1,7.412988907E-1,2.195784429E0,5.840000188E-1
1.370486725E1,1.782058838E0,2.341091831E0,4.232747517E-1
1.371489025E1,2.720344577E0,1.699220749E0,6.153299850E-1
1.372491225E1,2.678958569E0,1.157002010E0,8.475555899E-1
1.373493525E1,2.152359497E0,1.215578831E0,1.139925216E0
1.374495725E1,1.737977264E0,1.495081002E0,1.219046230E0
1.375498025E1,1.353031669E0,1.584296064E0,9.206405962E-1
1.376500225E1,7.482681870E-1,1.527374589E0,6.834266585E-1
1.377502525E1,-2.269421339E-2,1.339822809E0,3.995256275E-1
1.378504825E1,-3.039552265E-1,9.807388633E-1,4.728292465E-2
1.379507025E1,4.826057911E-2,6.095219457E-1,7.009751759E-2
1.380509325E1,2.949879366E-1,5.096123260E-1,5.739416385E-1
1.381511525E1,2.035404074E-1,6.970886779E-1,1.187246148E0
1.382513825E1,-2.350767803E-1,8.145124626E-1,9.776392543E-1
1.383516025E1,-7.115266228E-1,4.537971443E-1,1.020613220E-1
1.384518325E1,-8.061608845E-1,-4.117825609E-1,-8.191089588E-1
1.385520525E1,-9.154014909E-1,-1.173682947E0,-1.146943045E0
1.386522825E1,-1.276642474E0,-1.504599684E0,-1.248874632E0
1.387525025E1,-1.686460370E0,-1.404753799E0,-1.462751747E0
1.388527325E1,-2.071645117E0,-8.886615890E-1,-1.871451071E0
1.389529525E1,-2.337043803E0,-5.394389731E-1,-2.180596286E0
1.390531825E1,-2.518579969E0,-5.005848098E-1,-2.593516130E0
1.391534025E1,-2.542989755E0,-3.207326424E-1,-2.246020197E0
1.392536325E1,-2.029403077E0,-3.586524206E-1,-1.434205055E0
1.393538625E1,-1.235453517E0,-4.995083374E-1,-1.009400087E0
1.394540825E1,-7.431822789E-1,-4.122158396E-1,-8.254426628E-1
1.395543125E1,-4.575463790E-1,-7.879123092E-2,-7.512286323E-1
1.396545325E1,-2.251277429E-1,4.409701073E-1,-6.534350469E-1
1.397547625E1,2.018330204E-1,9.320771652E-1,-2.562530565E-1
1.398549825E1,6.580854106E-1,1.283707080E0,1.419201100E-1
1.399552125E1,9.209721333E-1,1.420682784E0,1.643605542E-1
1.400554325E1,1.234934285E0,1.525848466E0,1.846100467E-1
1.401556625E1,1.615348288E0,2.087891021E0,5.444956452E-1
1.402558825E1,2.265745195E0,2.461656155E0,1.035673454E0
1.403561125E1,3.081406635E0,2.360700468E0,1.288562608E0
1.404563325E1,3.769064924E0,1.859578884E0,1.597085094E0
1.405565625E1,4.315214161E0,1.078445837E0,2.076995319E0
1.406567825E1,3.989985010E0,2.183993518E-1,2.250826024E0
1.407570125E1,2.765620737E0,-5.393793315E-1,1.911839544E0
1.408572425E1,1.757494685E0,-6.676011693E-1,1.700689570E0
1.409574625E1,9.095197767E-1,1.287667984E-1,1.442015181E0
1.410576925E1,-2.543573892E-1,1.023194911E0,8.753574193E-1
1.411579125E1,-1.113001712E0,1.029235085E0,5.916370672E-1
1.412581425E1,-1.419623269E0,2.094425869E-1,3.978001142E-1
1.413583625E1,-1.524378476E0,-6.248539299E-1,2.748477688E-1
1.414585925E1,-1.208874414E0,-8.491379195E-1,4.785437304E-1
1.415588125E1,-6.019363528E-1,-6.055627960E-1,4.453970343E-1
1.416590425E1,-3.354956925E-2,-3.781242335E-1,6.986485323E-2
1.417592625E1,3.105807066E-1,-5.997494942E-1,-4.391738427E-1
1.418594925E1,2.763347340E-1,-1.265853776E0,-9.160856152E-1
1.419597125E1,-4.985043705E-2,-1.986892650E0,-1.104947172E0
1.420599425E1,-6.761264098E-1,-2.212568861E0,-1.106936980E0
1.421601625E1,-1.402031921E0,-1.784022918E0,-1.154990568E0
1.422603925E1,-1.771861879E0,-1.138077496E0,-1.217875033E0
1.423606225E1,-1.655053806E0,-7.284063649E-1,-1.443139601E0
1.424608425E1,-1.565449904E0,-4.672919333E-1,-1.630252256E0
1.425610725E1,-1.646108735E0,-2.388610983E-1,-1.135476655E0
1.426612925E1,-1.574220727E0,-2.586574316E-1,-2.644666769E-1
1.427615225E1,-1.223095427E0,-2.614547396E-1,3.757105029E-1
1.428617425E1,-6.752376330E-1,-3.601504773E-1,5.561496941E-1
1.429619725E1,-3.418808520E-2,-8.141739088E-1,3.236305225E-1
1.430621925E1,4.594315213E-1,-1.271084695E0,2.473401457E-1
1.431624225E1,6.735261530E-1,-1.333803100E0,4.749289817E-1
1.432626425E1,6.559272033E-1,-1.061790043E0,-6.309613466E-2
1.433628725E1,5.029564404E-1,-5.440933567E-1,-1.339212944E0
1.434630925E1,1.618269557E-1,8.328715503E-2,-1.527989132E0
1.435633225E1,-3.700720328E-1,6.067603058E-1,-1.054853418E0
1.436635404E1,-9.945681131E-1,8.881815326E-1,-7.559928706E-1
1.437637604E1,-1.501252154E0,9.537457770E-1,-2.346300530E-1
1.438639904E1,-1.235500880E0,5.670407546E-1,5.018530709E-1
1.439642104E1,-5.631669742E-1,-3.092878872E-1,8.444111035E-1
1.440644404E1,1.449372733E-1,-8.982504380E-1,9.546579427E-1
1.441646604E1,1.130749181E0,-9.519208610E-1,1.064337090E0
1.442648904E1,1.788584331E0,-6.037793952E-1,7.117178267E-1
1.443651104E1,1.809354810E0,-2.511893678E-1,1.574403379E-1
1.444653404E1,1.764661033E0,-2.689137402E-1,1.197257970E-1
1.445655604E1,1.610623153E0,-8.690187451E-1,4.157744185E-1
1.446657904E1,1.433672374E0,-1.680123450E0,7.836976361E-1
1.447660104E1,1.393116671E0,-2.095666941E0,1.047994123E0
1.448662404E1,1.486710713E0,-1.708271362E0,1.094217532E0
1.449664604E1,1.737233498E0,-6.015706095E-1,6.150563353E-1
1.450666904E1,1.909542757E0,5.510880885E-1,1.394841599E-1
1.451669204E1,1.845953118E0,1.120997195E0,2.353205361E-1
1.452671404E1,1.633851802E0,8.611194491E-1,3.323399137E-1
1.453673704E1,1.568374096E0,3.594213295E-1,3.695902222E-1
1.454675904E1,1.557927461E0,2.387248582E-1,5.286379963E-1
1.455678204E1,1.632216336E0,3.739042979E-1,6.178847066E-1
1.456680404E1,1.624780431E0,8.014328259E-1,5.021062553E-1
1.457682704E1,1.312446730E0,1.282321874E0,2.592433957E-1
1.458684904E1,8.869717437E-1,1.564437751E0,1.994321537E-1
1.459687204E1,4.065183127E-1,1.668536316E0,-1.100329041E-2
1.460689404E1,7.346324801E-2,1.554975786E0,-5.675231498E-1
1.461691704E1,-1.132500422E-1,1.411152992E0,-8.282189939E-1
1.462693904E1,-4.873215705E-1,1.332022623E0,-8.664820768E-1
1.463696204E1,-8.438689935E-1,1.211600971E0,-6.222415401E-1
1.464698404E1,-1.049504458E0,1.063661737E0,-3.076513246E-1
1.465700704E1,-1.338066305E0,9.231104600E-1,-1.535092914E-1
1.466703004E1,-1.439528360E0,8.275119925E-1,3.575689316E-2
1.467705204E1,-1.518222528E0,6.694500589E-1,1.051329374E-1
1.468707504E1,-1.660455464E0,5.082908553E-1,-7.941746771E-2
1.469709704E1,-1.537154642E0,2.176795596E-1,-2.390552258E-1
1.470712004E1,-1.180347018E0,-9.110137403E-2,-3.768023242E-1
1.471714204E1,-8.608300120E-1,-3.047159493E-2,-5.490032637E-1
1.472716504E1,-7.259259760E-1,5.404470330E-1,-9.225893269E-1
1.473718704E1,-6.802907968E-1,1.016861792E0,-1.250281325E0
1.474721004E1,-8.707790494E-1,1.109507416E0,-1.202328018E0
1.475723204E1,-1.613648502E0,9.318649113E-1,-8.748488577E-1
1.476725504E1,-2.499940215E0,3.290807122E-1,-4.727239966E-1
1.477727704E1,-3.101629815E0,-3.395460588E-1,-1.330640633E-1
1.478730004E1,-3.121358905E0,-7.130188322E-1,1.436396299E-1
1.479732304E1,-2.292415515E0,-7.892191619E-1,2.817311293E-1
1.480734504E1,-1.295514362E0,-6.735524654E-1,8.116520047E-3
1.481736804E1,-7.096297860E-1,-6.879524034E-1,-3.024543925E-1
1.482739004E1,-2.727217394E-1,-1.151036680E0,-6.338739909E-1
1.483741304E1,6.051458895E-2,-1.684375838E0,-9.492032944E-1
1.484743504E1,4.422407073E-1,-1.845735601E0,-7.082417301E-1
1.485745804E1,8.351467019E-1,-1.692223386E0,-9.957464732E-2
1.486748004E1,1.021795088E0,-1.594722235E0,-1.129728842E-1
1.487750304E1,9.372607219E-1,-1.834000239E0,-2.254967022E-1
1.488752504E1,1.021729015E0,-2.495189352E0,1.910507548E-1
1.489754804E1,1.646651357E0,-3.094812839E0,4.916941184E-1
1.490757004E1,2.350224012E0,-3.358440988E0,2.259479611E-1
1.491759304E1,2.854170971E0,-2.879091804E0,6.055189419E-1
1.492761604E1,3.193597746E0,-1.612448361E0,1.649587244E0
1.493763804E1,3.487095813E0,-3.286939189E-1,1.072320294E0
1.494766104E1,3.356519886E0,5.393714377E-1,2.175918514E-1
1.495768304E1,3.314086057E0,9.371829540E-1,1.371995943E0
1.496770604E1,4.583039442E0,5.609470788E-1,2.108297219E0
1.497772804E1,6.029503185E0,3.205507940E-1,1.583366357E0
1.498775104E1,6.717604693E0,5.074161118E-1,1.446037481E0
1.499777304E1,6.840925394E0,8.288904735E-1,1.391744329E0
1.500779604E1,6.114197180E0,1.374074921E0,8.720348851E-1
1.501781804E1,5.392146154E0,1.741859523E0,3.019163024E-1
1.502784104E1,4.583670942E0,1.633649780E0,-7.744286299E-1
1.503786304E1,3.464516789E0,9.846857339E-1,-1.497073148E0
1.504788604E1,2.210089057E0,3.032620391E-1,-1.872480473E0
1.505790804E1,2.060927171E-1,-4.150762975E-2,-2.056447034E0
1.506793104E1,-1.796475733E0,-3.626647800E-2,-1.616362341E0
1.507795404E1,-3.357033856E0,-6.583467811E-2,-1.663113315E0
1.508797604E1,-4.574501923E0,3.534115613E-1,-1.811980795E0
1.509799904E1,-5.342344249E0,6.872337806E-1,-2.252861732E0
1.510802104E1,-5.742649895E0,3.449477166E-1,-2.921966513E0
1.511804404E1,-5.170075920E0,-4.227417049E-1,-2.737292147E0
1.512806604E1,-3.899415148E0,-1.638856726E0,-2.404091779E0
1.513808904E1,-3.070186413E0,-1.570816186E0,-1.726163549E0
1.514811104E1,-2.724160470E0,3.339096352E-1,-8.603774375E-1
1.515813404E1,-2.339679728E0,2.054365425E0,-7.601087987E-2
1.516815604E1,-9.957112437E-1,2.083033446E0,4.157086739E-1
1.517817904E1,9.791115832E-1,1.511784451E0,1.035843901E0
1.518820104E1,1.967791550E0,1.613070797E0,1.385615570E0
1.519822404E1,1.895087271E0,1.782903468E0,1.199210428E0
1.520824704E1,1.235112040E0,1.762465988E0,3.403322169E-1
1.521826904E1,2.697788358E-1,1.744990999E0,-5.322743797E-1
1.522829204E1,-8.640044653E-1,1.276129381E0,-6.923886859E-1
1.523831404E1,-2.125228416E0,4.656816101E-1,-8.233984762E-1
1.524833704E1,-2.843045474E0,-2.615254909E-1,-5.065685579E-1
1.525835904E1,-3.214634859E0,-3.910772780E-1,-4.828621915E-1
1.526838204E1,-3.312066429E0,1.445194897E-1,-9.042523125E-1
1.527840404E1,-2.821948720E0,5.975360307E-1,-8.899716577E-1
1.528842704E1,-2.624694654E0,5.799163234E-1,-9.527289462E-1
1.529844904E1,-2.395694885E0,4.874969870E-2,-3.153143200E-1
1.530847204E1,-2.123278955E0,-8.054080555E-1,5.987560523E-1
1.531849404E1,-2.259651226E0,-9.042543590E-1,5.445506090E-1
1.532851704E1,-2.783210916E0,-3.605284998E-1,3.798345441E-1
1.533853904E1,-3.262335275E0,7.593720496E-2,4.662259859E-1
1.534856204E1,-3.214726660E0,-1.185452807E-1,-2.386310104E-1
1.535858504E1,-3.021646337E0,-8.145589480E-1,-1.225797718E0
1.536860713E1,-2.376345279E0,-1.432704952E0,-1.437301156E0
1.537863013E1,-1.006983506E0,-1.815497018E0,-1.315944534E0
1.538865213E1,3.245046812E-1,-1.763398034E0,-6.176109838E-1
1.539867513E1,9.792805678E-1,-1.320567635E0,-2.299379548E-1
1.540869713E1,1.121595365E0,-3.497421411E-1,1.877178419E-1
1.541872013E1,1.376217048E0,-9.759821534E-2,9.679758534E-1
1.542874213E1,2.097068810E0,-1.078169264E0,8.975116423E-1
1.543876512E1,3.145333659E0,-1.977370459E0,8.232286146E-1
1.544878713E1,3.821095203E0,-2.270837827E0,3.681743190E-1
1.545881013E1,4.247836111E0,-2.435423499E0,-4.328527102E-1
1.546883213E1,4.399209999E0,-2.243636287E0,-4.695828724E-1
1.547885513E1,3.757091580E0,-1.523416024E0,-2.822415912E-1
1.548887813E1,2.868183239E0,-1.353785667E0,-2.519898516E-1
1.549890013E1,1.957492265E0,-1.354948971E0,-8.616047680E-2
1.550892313E1,8.983913559E-1,-9.906303057E-1,1.956180149E-1
1.551894513E1,2.574663538E-1,-6.798733056E-1,-1.100826055E-2
1.552896812E1,4.980652446E-1,-7.866297224E-1,-1.984831506E-1
1.553899013E1,1.330967785E0,-7.956081221E-1,3.392963827E-2
1.554901313E1,1.854098874E0,-3.654278818E-1,1.028016526E-1
1.555903513E1,1.683669494E0,1.489933406E-1,3.880706397E-1
1.556905813E1,1.087309046E0,8.239617093E-1,5.898334935E-1
1.557908013E1,5.449996752E-1,1.259110913E0,5.182004240E-1
1.558910313E1,-1.054673982E-1,1.423842620E0,6.218943617E-1
1.559912513E1,-8.275084841E-1,1.876264060E0,9.281963682E-1
1.560914813E1,-1.202923118E0,2.359887267E0,1.029543234E0
1.561917112E1,-1.003053008E0,2.427694649E0,2.235735530E-1
1.562919313E1,-5.923825872E-1,2.687550468E0,5.802250564E-2
1.563921613E1,-4.947270691E-1,3.389140917E0,8.524158686E-2
1.564923813E1,-8.255543447E-1,4.230692659E0,-2.258913893E-1
1.565926113E1,-1.317142044E0,4.466799134E0,2.626218438E-2
1.566928313E1,-1.849889463E0,3.495899965E0,4.994074729E-1
1.567930613E1,-2.493311226E0,1.207119957E0,5.450104925E-1
1.568932813E1,-3.247945277E0,-6.168005598E-1,2.812408403E-1
1.569935113E1,-3.706890895E0,-1.415284927E0,-2.516378492E-1
1.570937312E1,-3.377115533E0,-2.170117491E0,-9.354819989E-1
1.571939613E1,-3.158837219E0,-2.593870179E0,-1.235948777E0
1.572941813E1,-3.394237350E0,-2.091819911E0,-7.646462381E-1
1.573944113E1,-3.803129632E0,-1.508729865E0,-6.543279898E-1
1.574946413E1,-4.107019370E0,-1.094852685E0,-8.062494698E-1
1.575948613E1,-3.759866669E0,-8.423295678E-1,-8.837244925E-1
1.576950913E1,-2.664297845E0,-6.481221937E-1,-9.387371439E-1
1.577953113E1,-1.131933242E0,-7.165243842E-1,-9.602870572E-1
1.578955413E1,5.519701409E-1,-1.071073814E0,-9.933302575E-1
1.579957612E1,1.783905973E0,-1.463759661E0,-8.933943254E-1
1.580959913E1,1.939423783E0,-1.557270818E0,-3.098673463E-2
1.581962113E1,1.274496546E0,-1.615886524E0,7.840015452E-1
1.582964413E1,8.223436385E-1,-1.863475469E0,1.035493360E0
1.583966613E1,5.839590883E-1,-1.834412176E0,1.044646592E0
1.584968913E1,1.271617377E-1,-1.297566735E0,5.570243280E-1
1.585971113E1,-1.163192457E-1,-6.528065443E-1,-7.211517245E-3
1.586973413E1,7.010343790E-2,-3.155023080E-1,-2.363438720E-1
1.587975713E1,2.625622022E-1,8.368096501E-2,6.025701910E-3
1.588977912E1,1.836838478E-1,7.302999857E-1,5.384355909E-1
1.589980213E1,2.258890504E-1,1.342818629E0,8.810976309E-1
1.590982413E1,5.611906153E-1,1.685024879E0,5.113027561E-1
1.591984713E1,1.048680586E0,1.435064596E0,-4.491738971E-1
1.592986913E1,9.064704537E-1,9.051291025E-1,-1.280659365E0
1.593989213E1,2.850476700E-1,7.828231850E-1,-7.629312497E-1
1.594991413E1,-1.037898320E-1,4.714609981E-1,9.045174837E-2
1.595993713E1,-3.575841343E-1,-3.192167518E-1,2.553642797E-1
1.596995913E1,-6.611984682E-1,-9.122705993E-1,4.306854397E-1
1.597998212E1,-8.341760641E-1,-1.214266716E0,2.773806547E-1
1.599000413E1,-8.987655777E-1,-1.366020381E0,-8.486106469E-1
1.600002713E1,-1.244327252E0,-1.044856214E0,-8.915558146E-1
1.601004913E1,-1.924729146E0,-6.799844027E-1,-4.182068968E-1
1.602007213E1,-2.130386245E0,-4.088952059E-1,-2.809247983E-1
1.603009513E1,-1.445680801E0,-4.428991038E-1,8.136751413E-2
1.604011713E1,-1.090184707E0,-6.269168276E-1,-3.799286842E-2
1.605014013E1,-1.148410111E0,-6.393003532E-1,-4.038894776E-1
1.606016213E1,-8.705305427E-1,-7.386805075E-1,-7.042885007E-1
1.607018512E1,-2.791834974E-1,-1.178146711E0,-9.702156293E-1
1.608020713E1,2.893190610E-1,-1.493855133E0,-1.084939243E0
1.609023013E1,8.569632483E-1,-1.255795688E0,-5.612841707E-1
1.610025213E1,1.374926568E0,-5.847712666E-1,3.403499413E-1
1.611027513E1,1.607768542E0,3.251256555E-1,4.741156340E-1
1.612029713E1,1.939437817E0,1.469085451E0,7.312761784E-1
1.613032013E1,2.763895808E0,2.003901908E0,1.682567294E0
1.614034213E1,3.468432085E0,1.536401813E0,2.378559034E0
1.615036513E1,3.629650345E0,5.005719459E-1,2.366197436E0
1.616038812E1,3.482454877E0,-3.110663179E-1,1.969263879E0
1.617041013E1,3.705972882E0,-5.233284321E-1,1.610805001E0
1.618043313E1,4.139871951E0,-2.701635826E-1,1.080954877E0
1.619045513E1,4.151273437E0,4.184004396E-1,4.696050918E-1
1.620047813E1,3.690805789E0,1.137714092E0,1.057457439E-1
1.621050013E1,2.878597714E0,1.677397771E0,-3.977533364E-1
1.622052313E1,2.369415159E0,1.811648673E0,-1.081667068E0
1.623054513E1,2.519669305E0,1.063735996E0,-1.686223558E0
1.624056813E1,2.857882199E0,-5.521525741E-2,-1.709853326E0
1.625059013E1,3.042784021E0,-9.327925721E-1,-1.118385243E0
1.626061313E1,2.979959198E0,-1.245758066E0,-4.563167095E-1
1.627063512E1,3.021257497E0,-1.124955467E0,3.688739749E-1
1.628065813E1,3.178221323E0,-6.381800267E-1,1.228194784E0
1.629068113E1,2.572011241E0,-5.373445004E-2,1.447169502E0
1.630070313E1,1.419499308E0,4.704596624E-1,1.031928313E0
1.631072613E1,5.383794576E-1,9.548184487E-1,3.990923488E-1
1.632074813E1,-1.991783845E-1,1.135229610E0,-8.512025714E-2
1.633077113E1,-1.066864842E0,8.399525285E-1,-6.179805279E-2
1.634079313E1,-1.952253744E0,3.204022747E-1,2.299318153E-1
1.635081613E1,-2.717472425E0,-1.035085809E-1,5.911932635E-1
1.636083812E1,-3.143822154E0,-3.250116348E-1,9.457146263E-1
1.637086063E1,-3.229871534E0,-1.033811116E-1,1.273191447E0
1.638088263E1,-3.104764507E0,3.368832368E-1,1.437423363E0
1.639090563E1,-2.665576047E0,5.669916379E-1,1.120787280E0
1.640092763E1,-1.993301783E0,5.515584970E-1,4.297914004E-1
1.641095063E1,-1.389483211E0,3.646604347E-1,-9.645446341E-2
1.642097363E1,-1.067240233E0,1.686834008E-1,-3.043873175E-1
1.643099563E1,-9.821486270E-1,-1.354402256E-1,-6.047564650E-1
1.644101863E1,-9.079837132E-1,-3.207747424E-1,-1.103971857E0
1.645104062E1,-8.633372980E-1,-4.503297454E-1,-1.433474153E0
1.646106363E1,-8.154597116E-1,-5.429005247E-1,-1.762412778E0
1.647108563E1,-6.985007805E-1,-5.357879716E-1,-1.813573576E0
1.648110863E1,-6.413506794E-1,-4.813328522E-1,-1.672992479E0
1.649113063E1,-5.729236382E-1,-3.701322591E-1,-1.704521835E0
1.650115363E1,-2.633422208E-1,-4.271151298E-1,-1.688296981E0
1.651117563E1,2.687444633E-1,-5.823452568E-1,-1.863315840E0
1.652119863E1,8.023438221E-1,-2.762587202E-1,-1.413563215E0
1.653122063E1,9.578435057E-1,2.318374228E-1,-3.616280687E-1
1.654124362E1,6.161667216E-1,6.784775752E-1,2.556928567E-1
1.655126663E1,-1.073718363E-1,1.071770071E0,6.189640296E-1
1.656128863E1,-7.598807573E-1,1.265881258E0,1.079515293E0
1.657131163E1,-9.293704891E-1,1.262168276E0,1.742207140E0
1.658133363E1,-6.870864308E-1,9.924531752E-1,2.162852325E0
1.659135663E1,-3.006451178E-1,5.499119210E-1,1.936113675E0
1.660137863E1,1.359349000E-1,2.004899150E-1,9.565413308E-1
1.661140163E1,7.274877673E-1,8.577865362E-3,8.563598156E-2
1.662142363E1,1.358657860E0,-1.641909850E-1,-2.990476950E-1
1.663144662E1,1.748263686E0,-4.020563024E-1,-4.850475883E-1
1.664146863E1,1.676374508E0,-6.712369680E-1,-6.164087963E-1
1.665149163E1,1.368226828E0,-8.578970486E-1,-5.801571922E-1
1.666151363E1,1.117562540E0,-8.547845757E-1,-3.901518830E-1
1.667153663E1,8.672081548E-1,-9.297265846E-1,-2.629855406E-1
1.668155963E1,5.985771275E-1,-1.010960782E0,-2.824228549E-1
1.669158163E1,3.812910855E-1,-8.642254901E-1,-1.923721890E-1
1.670160463E1,2.306030756E-1,-4.707540697E-1,1.583951883E-1
1.671162663E1,2.544942141E-1,-1.281317908E-1,5.372082603E-1
1.672164963E1,2.623973107E-1,2.426448315E-1,9.084000349E-1
1.673167163E1,2.298616487E-1,4.051050407E-1,1.024225191E0
1.674169463E1,2.009436589E-1,3.518930393E-1,7.126106966E-1
1.675171663E1,1.274815804E-1,3.316710287E-1,2.224690139E-1
1.676173963E1,5.554737926E-2,4.655547255E-1,-2.365912092E-1
1.677176163E1,1.224319249E-1,6.867788672E-1,-2.567793059E-1
1.678178463E1,2.722814441E-2,6.635262448E-1,-4.047912279E-2
1.679180663E1,-1.953882194E-1,4.444474465E-1,2.148009753E-1
1.680182963E1,-2.895418400E-1,1.752913392E-1,1.174074125E-1
1.681185263E1,1.339304745E-2,-1.265746772E-2,-3.732511640E-1
1.682187463E1,5.064495671E-1,-3.144632578E-3,-5.065220726E-1
1.683189763E1,5.517029232E-1,2.113639820E-1,-2.861194646E-1
1.684191963E1,2.480996990E-1,4.958006179E-1,9.548503160E-2
1.685194263E1,2.998569131E-2,5.736311513E-1,2.413438261E-1
1.686196463E1,-5.187649727E-3,5.601047873E-1,1.419002295E-1
1.687198763E1,1.096592671E-1,5.566520065E-1,-1.309425473E-1
1.688200963E1,2.488306010E-1,5.661198181E-1,-1.248672903E-1
1.689203263E1,8.661480546E-2,4.249265170E-1,-1.123905015E-1
1.690205463E1,-1.792329472E-1,2.700507313E-1,-1.350285816E-1
1.691207763E1,-2.184344351E-1,5.463638306E-2,2.200482438E-2
1.692209962E1,-1.856444192E-1,-9.575224936E-2,1.794861317E-1
1.693212263E1,-2.881694984E-1,-2.669838667E-3,1.871301967E-1
1.694214563E1,-4.729795200E-1,1.285422653E-1,-1.226861875E-2
1.695216763E1,-5.932438821E-1,1.969973731E-1,-2.718411487E-1
1.696219063E1,-7.284396940E-1,3.897128302E-1,-4.448286849E-1
1.697221263E1,-8.000154608E-1,5.957429820E-1,-5.197730327E-1
1.698223563E1,-7.408217579E-1,7.234736538E-1,-5.434963560E-1
1.699225763E1,-6.138734436E-1,8.064152384E-1,-3.725723022E-1
1.700228063E1,-4.325243890E-1,6.440807444E-1,-5.568888187E-2
1.701230262E1,-1.266992229E-1,1.693014514E-1,-6.490877151E-2
1.702232563E1,2.588240772E-1,-1.996157563E-1,-3.444150352E-1
1.703234763E1,5.085954952E-1,-2.331284881E-1,-4.213304794E-1
1.704237063E1,6.437188017E-1,-9.198839664E-2,-2.945207441E-1
1.705239263E1,7.639761472E-1,5.474748015E-2,8.441058788E-3
1.706241563E1,7.972976750E-1,1.432176071E-1,2.985927451E-1
1.707243863E1,7.872656071E-1,2.024300212E-1,4.247440839E-1
1.708246063E1,8.008603835E-1,6.792067230E-2,3.494740462E-1
1.709248363E1,8.829389191E-1,-1.623906273E-1,2.937232021E-1
1.710250562E1,1.048543761E0,-2.910533452E-1,1.085617630E-1
1.711252863E1,1.086603287E0,-2.125895584E-1,5.538950443E-2
1.712255063E1,7.955400020E-1,-2.217135537E-1,1.952525822E-1
1.713257363E1,4.155709720E-1,-5.200168616E-1,5.760793805E-2
1.714259563E1,3.603381729E-1,-6.760679376E-1,-3.437112132E-2
1.715261863E1,3.272376698E-1,-4.379956287E-1,9.224331697E-2
1.716264063E1,3.631120920E-2,3.713274300E-2,3.434175003E-1
1.717266363E1,-5.687586665E-2,2.682579750E-1,3.443600714E-1
1.718268563E1,1.108000588E-1,6.561277628E-2,-1.816027324E-2
1.719270862E1,1.488385355E-1,-3.762735897E-1,-4.682719266E-1
1.720273163E1,-9.082304657E-2,-6.096839136E-1,-6.573229337E-1
1.721275363E1,-5.626313692E-1,-3.136265212E-1,-2.215205956E-1
1.722277663E1,-9.694613385E-1,1.339345676E-1,4.612365568E-1
1.723279863E1,-8.880072856E-1,3.794807875E-1,8.721613312E-1
1.724282163E1,-1.500354606E-1,3.588447940E-1,1.076344932E0
1.725284363E1,8.102820021E-1,2.016698831E-1,1.428630320E0
1.726286663E1,1.400853707E0,2.655980766E-2,1.590221633E0
1.727288863E1,1.633620252E0,-1.971891618E-1,1.836094712E0
1.728291162E1,1.948768803E0,-4.726327801E-1,1.149193053E0
1.729293363E1,2.181741756E0,-2.564600480E-1,3.917611098E-1
1.730295663E1,2.049991708E0,-1.096762240E-2,3.363429540E-1
1.731297863E1,1.625365738E0,-1.903099126E-1,-5.453031456E-1
1.732300163E1,9.619652081E-1,-5.577413428E-1,-1.566932757E0
1.733302463E1,3.145340091E-1,-6.211725229E-1,-1.955787216E0
1.734304663E1,-5.048117620E-1,-5.212634879E-1,-1.446674243E0
1.735306963E1,-1.563353677E0,-4.686467332E-1,-1.196937908E0
1.736309225E1,-2.405629889E0,-2.602607381E-1,-7.154460114E-1
1.737311525E1,-2.671955359E0,-6.513856709E-2,-3.093118608E-2
1.738313725E1,-2.643186473E0,2.150933361E-1,-1.519928891E-2
1.739316025E1,-2.171406802E0,4.397112018E-1,-2.089877466E-1
1.740318225E1,-1.508631924E0,6.005067086E-1,-2.389487334E-1
1.741320525E1,-1.123367656E0,7.027160382E-1,-2.325297332E-1
1.742322725E1,-1.130213576E0,6.800849748E-1,-2.199804389E-1
1.743325025E1,-1.349112280E0,5.968504447E-1,-3.371241421E-1
1.744327225E1,-1.529863164E0,5.821330029E-1,-3.275306519E-1
1.745329525E1,-1.531023837E0,4.923460829E-1,-2.307908078E-1
1.746331725E1,-1.366601302E0,2.550555468E-1,-2.562109566E-1
1.747334025E1,-1.052239201E0,-8.377130449E-2,-1.088190587E-1
1.748336325E1,-7.810546947E-1,-6.593764758E-1,6.043448210E-2
1.749338525E1,-6.536608225E-1,-1.234132631E0,4.644271631E-2
1.750340825E1,-4.618370658E-1,-1.581775914E0,-5.897914667E-2
1.751343025E1,-1.350250733E-1,-1.571422834E0,-3.062438633E-1
1.752345325E1,2.802962226E-1,-1.303299345E0,-4.649851702E-1
1.753347525E1,6.302093947E-1,-1.067623810E0,-5.510614836E-1
1.754349825E1,8.379276377E-1,-9.036591125E-1,-6.054002434E-1
1.755352025E1,8.013439482E-1,-8.742920566E-1,-4.249113142E-1
1.756354325E1,6.628467983E-1,-8.898754710E-1,-1.477755117E-1
1.757356525E1,4.993656653E-1,-7.110980219E-1,2.766651016E-1
1.758358825E1,4.464524567E-1,-3.107309800E-1,6.934166265E-1
1.759361125E1,4.870368111E-1,2.783181095E-1,1.203037139E0
1.760363325E1,4.864836645E-1,8.595646745E-1,1.278981360E0
1.761365625E1,5.891490769E-1,1.386671285E0,1.079518801E0
1.762367825E1,8.636565560E-1,1.639467468E0,1.107722261E0
1.763370125E1,1.070746808E0,1.672131184E0,1.606471045E0
1.764372325E1,1.002443728E0,1.479020455E0,2.125371673E0
1.765374625E1,8.498705757E-1,1.201616850E0,2.326678444E0
1.766376825E1,6.770257115E-1,9.797658867E-1,2.494094753E0
1.767379125E1,4.487831569E-1,8.926400346E-1,2.360434420E0
1.768381325E1,1.407366335E-1,1.223183135E0,2.191496665E0
1.769383625E1,-5.046842927E-1,2.242595483E0,2.097189263E0
1.770385825E1,-1.301504250E0,2.332550803E0,2.435560616E0
1.771388125E1,-2.026551974E0,1.580954965E0,3.116184704E0
1.772390425E1,-2.605708160E0,1.029192985E0,3.679697249E0
1.773392625E1,-2.989894786E0,8.537928879E-1,4.100265251E0
1.774394925E1,-3.191702664E0,1.127851886E0,4.341494472E0
1.775397125E1,-3.378648673E0,1.760167447E0,4.232708194E0
1.776399425E1,-3.578698878E0,2.405301860E0,3.720866325E0
1.777401625E1,-3.618003861E0,2.820583979E0,2.849907181E0
1.778403925E1,-3.377909585E0,2.948296525E0,2.094610787E0
1.779406125E1,-2.919301937E0,2.756247066E0,1.610750184E0
1.780408425E1,-2.319053675E0,2.378138620E0,1.266267321E0
1.781410625E1,-1.798328131E0,1.911163021E0,9.326288500E-1
1.782412925E1,-1.444781499E0,1.495697299E0,6.793485180E-1
1.783415125E1,-1.215272437E0,1.076802769E0,5.752397203E-1
1.784417425E1,-9.900447071E-1,7.721297970E-1,5.577071366E-1
1.785419725E1,-7.737690639E-1,6.179647404E-1,5.961259747E-1
1.786421925E1,-4.424354196E-1,6.310932013E-1,6.011844009E-1
1.787424225E1,-9.493246973E-2,7.164797992E-1,5.500285730E-1
1.788426425E1,1.618474209E-1,8.480012208E-1,5.160907486E-1
1.789428725E1,4.830349767E-1,8.658410758E-1,4.928933823E-1
1.790430925E1,9.032632560E-1,7.111798829E-1,1.858227593E-1
1.791433225E1,1.312364284E0,4.900153828E-1,-3.572520125E-1
1.792435425E1,1.762771797E0,4.996539330E-1,-5.138837171E-1
1.793437725E1,2.218305565E0,7.367906874E-1,-4.414589345E-1
1.794439925E1,2.451337574E0,1.041347008E0,-3.829552031E-1
1.795442225E1,2.492763342E0,1.200080494E0,-5.562427014E-1
1.796444425E1,2.346764799E0,1.146449832E0,-8.423533952E-1
1.797446725E1,2.153531864E0,7.505433387E-1,-9.313322300E-1
1.798449025E1,2.002030506E0,1.434807318E-1,-1.177228113E0
1.799451225E1,1.787472190E0,-4.987245181E-1,-1.570040553E0
1.800453525E1,1.483690626E0,-1.086013303E0,-1.731088659E0
1.801455725E1,1.089404104E0,-1.463709082E0,-1.569104998E0
1.802458025E1,7.617653149E-1,-1.614066724E0,-1.605702721E0
1.803460225E1,5.736364138E-1,-1.583703449E0,-1.731053576E0
1.804462525E1,5.372380811E-1,-1.561171496E0,-1.957360702E0
1.805464725E1,6.238599032E-1,-1.619575679E0,-2.272125092E0
1.806467025E1,7.884017211E-1,-1.689307380E0,-2.689791121E0
1.807469225E1,1.044161273E0,-1.763155667E0,-2.964254161E0
1.808471525E1,1.276890981E0,-1.853658871E0,-3.202165087E0
1.809473725E1,1.421404331E0,-1.973239109E0,-3.423942960E0
1.810476025E1,1.612859713E0,-2.189966157E0,-3.436522075E0
1.811478325E1,1.623990473E0,-2.318848876E0,-3.240557905E0
1.812480525E1,1.416504949E0,-2.376864658E0,-3.127690271E0
1.813482825E1,1.321782979E0,-2.394738280E0,-3.310342085E0
1.814485025E1,1.350006904E0,-2.413243841E0,-3.690525708E0
1.815487325E1,1.351476894E0,-2.435541613E0,-4.018873179E0
1.816489525E1,1.159511635E0,-2.344514060E0,-4.117304038E0
1.817491825E1,7.802840316E-1,-2.046353570E0,-4.012222556E0
1.818494025E1,4.162685448E-1,-1.505429551E0,-3.722404727E0
1.819496325E1,3.173283935E-2,-9.452627827E-1,-3.415987823E0
1.820498525E1,-3.095340550E-1,-6.986229873E-1,-3.261361129E0
1.821500825E1,-4.841751838E-1,-8.547076848E-1,-3.107913818E0
1.822503025E1,-4.334798241E-1,-1.167894495E0,-2.700539473E0
1.823505325E1,-1.855543721E-1,-1.313953849E0,-2.169984759E0
1.824507525E1,3.435847306E-1,-1.262766593E0,-1.903402596E0
1.825509825E1,1.093756771E0,-1.038420184E0,-1.592700852E0
1.826512125E1,1.923691850E0,-8.763299574E-1,-1.054648839E0
1.827514325E1,2.589549964E0,-7.726056873E-1,-1.168098271E-2
1.828516625E1,3.080613168E0,-5.988492057E-1,9.360281289E-1
1.829518825E1,3.097907478E0,-3.545434726E-1,1.471503859E0
1.830521125E1,2.722064828E0,-1.078143883E-1,1.178801599E0
1.831523325E1,2.478424800E0,6.014279374E-1,6.553541762E-1
1.832525625E1,2.386818811E0,1.980932144E0,4.227326417E-1
1.833527825E1,2.079793212E0,3.080806418E0,-2.405895352E-2
1.834530125E1,9.931267744E-1,3.056956210E0,-3.863658839E-1
1.835532325E1,-8.082267058E-1,2.707471932E0,7.758553505E-2
1.836534638E1,-2.825483361E0,2.479811760E0,1.218864382E0
1.837536838E1,-4.578088605E0,2.160187603E0,2.285181339E0
1.838539138E1,-5.534518254E0,1.944770916E0,3.029492131E0
1.839541438E1,-5.230230321E0,2.032473157E0,2.726301135E0
1.840543638E1,-3.979816117E0,2.197570315E0,1.813537908E0
1.841545938E1,-2.837242112E0,2.337878493E0,1.195336940E0
1.842548138E1,-2.222567600E0,2.352954077E0,4.600507414E-1
1.843550438E1,-1.841221551E0,2.112769169E0,-2.702624005E-1
1.844552638E1,-1.296045874E0,1.766236126E0,-6.456033593E-1
1.845554938E1,-5.638072443E-1,1.750663968E0,-7.681726938E-1
1.846557138E1,5.243420470E-1,2.443210382E0,-3.407172561E-2
1.847559438E1,2.022833145E0,2.725914927E0,1.274195999E0
1.848561637E1,3.233497977E0,1.802948893E0,2.695498588E0
1.849563938E1,3.484668633E0,1.726723420E0,4.227658539E0
1.850566238E1,2.229470238E0,3.287347909E0,5.119784018E0
1.851568438E1,2.020136994E-1,4.606713357E0,5.481964649E0
1.852570738E1,-1.513729527E0,4.573900829E0,5.123501678E0
1.853572938E1,-2.136955592E0,3.396175410E0,4.202364069E0
1.854575238E1,-1.190596018E0,2.329594158E0,3.166015846E0
1.855577438E1,9.607560039E-3,1.384687032E0,1.738113504E0
1.856579738E1,4.547496557E-1,7.134426823E-1,5.384028465E-1
1.857581937E1,3.916944516E-1,-5.619159624E-2,-2.357930642E-1
1.858584238E1,-4.478323996E-2,-9.154988471E-1,-4.627129787E-1
1.859586438E1,-6.557424313E-1,-8.947755839E-1,-3.235439837E-1
1.860588738E1,-9.807464647E-1,6.245760410E-1,3.685207665E-2
1.861590938E1,-9.927940679E-1,2.135511476E0,2.512074941E-1
1.862593238E1,-7.154062504E-1,2.283212436E0,-5.060133648E-1
1.863595438E1,5.886427081E-1,1.289566429E0,-1.933256725E0
1.864597738E1,3.087218767E0,1.074747473E-1,-3.186300421E0
1.865600038E1,5.255400245E0,-8.953597207E-1,-4.097929873E0
1.866602237E1,5.360234975E0,-1.793519527E0,-4.534430954E0
1.867604538E1,3.921995925E0,-2.143245296E0,-4.346728899E0
1.868606738E1,2.265437631E0,-1.503741459E0,-3.582131193E0
1.869609038E1,1.139137596E0,-4.634253158E-1,-2.906721067E0
1.870611238E1,4.415910816E-1,-1.008628620E-1,-2.654368104E0
1.871613538E1,-5.757402420E-2,-3.888645454E-1,-2.754216912E0
1.872615738E1,-2.689268965E-1,-5.111019042E-1,-2.625248385E0
1.873618038E1,-2.470565557E-1,-5.501235902E-1,-2.363604780E0
1.874620238E1,-3.120577133E-1,-9.044968723E-1,-2.125554106E0
1.875622537E1,-6.475165683E-1,-1.107324650E0,-1.958376364E0
1.876624738E1,-1.145746704E0,-1.070982743E0,-1.589038741E0
1.877627038E1,-1.561251018E0,-1.231209316E0,-1.245265730E0
1.878629338E1,-1.804613303E0,-1.566718019E0,-1.378605636E0
1.879631538E1,-2.061520663E0,-1.852984541E0,-2.350074323E0
1.880633838E1,-2.375502110E0,-2.251106105E0,-4.064844866E0
1.881636038E1,-2.584004465E0,-2.510186875E0,-5.294739727E0
1.882638338E1,-2.206317018E0,-2.208380208E0,-5.354508796E0
1.883640538E1,-6.132290804E-1,-1.097938261E0,-4.398845133E0
1.884642837E1,2.301239548E0,4.315340169E-1,-2.612748792E0
1.885645038E1,5.317084862E0,1.328025466E0,-5.601895720E-1
1.886647338E1,7.388756876E0,1.552208007E0,1.312132149E0
1.887649538E1,8.413064513E0,1.581355500E0,2.891638175E0
1.888651838E1,8.477707236E0,1.812899831E0,4.537231770E0
1.889654038E1,7.187993311E0,2.443063471E0,5.304066621E0
1.890656338E1,5.252263214E0,3.460018234E0,4.402795511E0
1.891658638E1,3.466954494E0,5.065886139E0,1.049177014E0
1.892660838E1,1.007571151E0,6.113532937E0,-2.106129656E0
1.893663137E1,-2.072904022E0,5.611515559E0,-1.228031062E0
1.894665338E1,-5.890549368E0,4.517020285E0,1.469991769E0
1.895667638E1,-1.113683614E1,2.666330922E0,4.229515615E0
1.896669838E1,-1.500677606E1,9.326441259E-1,5.156145514E0
1.897672138E1,-1.521523164E1,4.121483774E-1,3.979466746E0
1.898674338E1,-1.200777424E1,1.229067773E0,2.570022310E0
1.899676638E1,-7.455549620E0,2.377211251E0,3.329702801E-1
1.900678838E1,-4.315346308E0,1.913815464E0,-2.298162158E0
1.901681138E1,-2.097945308E0,5.624033278E-1,-3.685311745E0
1.902683338E1,1.001622194E0,-7.681213845E-1,-3.792387713E0
1.903685638E1,5.576269712E0,-2.422215662E0,-3.683144183E0
1.904687938E1,1.054170186E1,-3.801467561E0,-3.381654142E0
1.905690138E1,1.264193050E1,-4.828899073E0,-2.128489408E0
1.906692438E1,1.055770685E1,-5.512993484E0,-4.449631709E-1
1.907694638E1,6.500523888E0,-5.586179574E0,9.085754514E-2
1.908696938E1,2.862884492E0,-4.498136994E0,3.218307495E-1
1.909699138E1,6.046336734E-1,-2.076441880E0,3.853765351E-1
1.910701438E1,-5.570987338E-1,2.778295016E-1,-2.291558897E-1
1.911703638E1,-1.575117690E0,2.212217736E0,-7.996780765E-1
1.912705938E1,-2.748053362E0,3.573492517E0,-9.710792631E-1
1.913708137E1,-3.772292587E0,3.474984767E0,-5.067132765E-1
1.914710438E1,-4.034009866E0,1.631755867E0,8.198527247E-2
1.915712638E1,-2.687422999E0,-1.025553824E0,8.206157863E-2
1.916714938E1,-1.470603973E-1,-2.930085664E0,-3.399506861E-1
1.917717238E1,2.783782189E0,-3.189109424E0,-1.060705969E0
1.918719438E1,4.839445111E0,-2.236230935E0,-1.364550683E0
1.919721738E1,4.015162536E0,-6.395892057E-1,-3.294613659E-3
1.920723938E1,1.294585825E0,1.069935945E0,1.258549435E0
1.921726238E1,-9.052554023E-1,1.974398465E0,9.851470792E-1
1.922728437E1,-2.557845191E0,1.927923187E0,6.722795266E-1
1.923730738E1,-3.465303825E0,1.085812159E0,1.286573970E0
1.924732938E1,-3.240959609E0,6.005835995E-2,2.909141815E0
1.925735238E1,-1.909609416E0,2.415155880E-1,3.929558714E0
1.926737438E1,8.876716554E-2,1.205120648E0,3.422404557E0
1.927739738E1,1.744978720E0,1.608680415E0,3.145736532E0
1.928741938E1,2.594669201E0,6.778351124E-1,2.447216748E0
1.929744238E1,3.407588882E0,-1.189035835E0,1.920690474E-1
1.930746538E1,4.267065264E0,-1.674391571E0,-2.157736596E-1
1.931748737E1,3.936056140E0,-9.263075714E-1,5.821885514E-1
1.932751038E1,1.756236949E0,-1.026285750E-1,1.617971349E0
1.933753238E1,-4.636000013E-1,6.312841129E-1,2.689783520E0
1.934755538E1,-9.779403859E-1,1.350970964E0,3.852871311E0
1.935757738E1,-1.195936865E-1,2.101769826E0,1.690071026E0
1.936759938E1,7.474805671E-1,1.774891321E0,-1.120156073E0
1.937762138E1,7.364609045E-1,6.645375207E-2,-1.060905652E0
1.938764438E1,1.954344124E-1,-1.035238495E0,-1.274557357E0
1.939766638E1,-6.152031004E-1,-9.083243135E-1,-2.334031025E0
1.940768938E1,-1.303651348E0,-6.367203424E-1,-2.045979641E0
1.941771138E1,-9.624867797E-1,-2.804989748E-1,-1.463299339E0
1.942773438E1,1.038166122E0,2.980344091E-1,-1.616520362E0
1.943775738E1,2.440355333E0,7.111680423E-1,6.029695559E-1
1.944777938E1,2.811154760E0,5.475795398E-1,2.195380386E0
1.945780238E1,3.021122426E0,2.555614405E-1,2.506908049E0
1.946782438E1,3.065215110E0,7.243650618E-1,1.813756009E0
1.947784738E1,2.537781056E0,1.645058137E0,1.299809727E-1
1.948786938E1,8.438970602E-1,1.648721564E0,-6.846140818E-1
1.949789238E1,-1.631907018E0,1.033836844E0,-3.649422705E-1
1.950791438E1,-3.944298960E0,6.502268989E-1,5.163032949E-1
1.951793737E1,-5.055247130E0,3.219351954E-1,6.470913295E-1
1.952795938E1,-4.390896428E0,1.412804794E-1,-5.100948675E-1
1.953798238E1,-2.151102346E0,2.075850361E-1,-1.842601494E0
1.954800438E1,1.510651553E-1,2.048530342E-1,-1.460336262E0
1.955802738E1,1.521241445E0,-5.895440564E-2,-3.548654714E-1
1.956805038E1,2.606823224E0,-5.432770854E-1,-6.017267302E-1
1.957807238E1,3.841635886E0,-1.145357938E0,-2.423341105E0
1.958809538E1,3.944197803E0,-1.620983396E0,-2.686425756E0
1.959811738E1,2.266961415E0,-1.744148562E0,-6.479298203E-1
1.960814037E1,-7.680960953E-2,-1.655929719E0,7.950928362E-1
1.961816238E1,-1.799785842E0,-1.303512476E0,-1.408044612E-1
1.962818538E1,-2.650193192E0,-6.030275895E-1,-2.503108821E0
1.963820738E1,-3.365096582E0,-2.897377217E-1,-2.721174881E0
1.964823038E1,-3.970716680E0,-8.272414126E-1,-8.414868379E-1
1.965825238E1,-3.998386874E0,-1.268967711E0,3.068301563E-1
1.966827538E1,-3.448707088E0,-9.367907520E-1,2.586204480E-1
1.967829738E1,-2.215210049E0,-2.439095843E-1,-7.483836696E-1
1.968832038E1,-2.241781551E-1,3.489208996E-1,-2.759332934E0
1.969834337E1,1.113001712E0,2.294643304E-1,-2.041916703E0
1.970836538E1,1.018182094E0,-5.090379833E-1,7.807187721E-1
1.971838838E1,4.523271543E-1,-4.957889235E-1,1.852490597E0
1.972841038E1,1.849135172E-1,6.656518538E-1,9.926715687E-1
1.973843338E1,6.478890359E-1,1.872655744E0,2.589018452E-1
1.974845538E1,1.791814917E0,2.148000836E0,-2.522199395E-1
1.975847838E1,2.381837568E0,1.250480423E0,8.471943051E-2
1.976850038E1,1.533973172E0,-2.667141639E-1,1.384360173E0
1.977852338E1,1.587378716E-1,-1.227686515E0,1.426991930E0
1.978854537E1,-7.124662703E-1,-1.219922728E0,2.937664533E-1
1.979856838E1,-6.752423108E-1,-9.736534998E-2,-7.711600363E-2
1.980859038E1,-4.523347557E-2,1.195455054E0,3.055904004E-1
1.981861338E1,1.162904774E0,1.734810412E0,-7.029619136E-1
1.982863638E1,2.305150750E0,1.535890474E0,-2.377032034E0
1.983865838E1,1.675284002E0,4.067788061E-1,-1.165849139E0
1.984868138E1,2.102150041E-1,-9.491972280E-1,2.730275488E-1
1.985870338E1,-6.550875431E-1,-1.682649886E0,9.111315617E-1
1.986872638E1,-1.157349919E0,-1.562940279E0,6.111577043E-1
1.987874837E1,-1.525704040E0,-8.368700226E-1,-1.421721250E-2
1.988877138E1,-1.493043247E0,-1.117021380E-1,2.759058407E-1
1.989879338E1,-8.279645669E-1,3.409578690E-1,-9.440306282E-1
1.990881638E1,-7.126574743E-1,3.129713407E-1,-1.303455466E0
1.991883838E1,-1.138322495E0,-3.975431290E-1,9.847822130E-2
1.992886138E1,-7.806956756E-1,-1.155224164E0,1.021260360E0
1.993888338E1,-1.009896004E-1,-1.393172804E0,1.307445021E0
1.994890638E1,2.645204347E-1,-7.396374044E-1,1.522517892E0
1.995892938E1,6.382516551E-1,8.828713837E-1,1.149499447E0
1.996895137E1,1.163419329E0,2.500614106E0,9.874573141E-2
1.997897438E1,1.638982733E0,2.868716797E0,4.407254013E-1
1.998899638E1,2.119780566E0,1.603561763E0,8.271371859E-1
1.999901938E1,2.082608646E0,-1.361556324E-1,8.052586591E-1
2.000904138E1,1.330719278E0,-1.541956083E0,7.675297925E-1
2.001906438E1,8.136470747E-1,-2.283768944E0,6.454273582E-1
2.002908638E1,1.091551201E0,-2.244058456E0,8.027642369E-2
2.003910938E1,1.551780283E0,-1.072589558E0,-1.915067207E0
2.004913138E1,8.483280802E-1,5.170172399E-1,-2.771211845E0
2.005915437E1,-8.288498354E-1,1.256250894E0,-1.619555652E0
2.006917638E1,-2.406574799E0,1.003719006E0,-4.196894583E-1
2.007919938E1,-3.381435456E0,4.584649765E-1,5.151584101E-1
2.008922238E1,-3.338029236E0,-2.313664296E-1,8.328414372E-1
2.009924438E1,-2.155719307E0,-5.733598405E-1,5.902556625E-1
2.010926738E1,-5.387835002E-1,-1.094440895E-1,6.071131852E-1
2.011928938E1,1.261588233E0,7.178667587E-1,-3.301487061E-1
2.012931238E1,2.463077613E0,1.420632206E0,-4.872166130E-1
2.013933438E1,2.523361237E0,1.627348821E0,8.728872630E-1
2.014935737E1,2.561830069E0,1.171908317E0,1.525458457E0
2.015937938E1,2.706348097E0,4.406043640E-1,1.326589682E0
2.016940238E1,2.644944731E0,1.751065671E-2,9.309439749E-2
2.017942438E1,2.147214532E0,1.774384367E-1,-1.812021433E0
2.018944738E1,1.087385645E0,4.731561059E-1,-1.346089854E0
2.019946938E1,1.595857179E-1,2.684702289E-1,-1.010534813E0
2.020949238E1,-2.833853066E-1,-1.644739902E-1,-1.098612299E0
2.021951538E1,-8.223108941E-1,-7.259914649E-1,-6.784723127E-1
2.022953738E1,-1.891332774E0,-1.150187957E0,-1.466810592E0
2.023956037E1,-2.721843218E0,-1.258646206E0,-1.918536652E0
2.024958238E1,-2.719920069E0,-1.131550834E0,-2.328722338E0
2.025960538E1,-2.313782995E0,-9.690090564E-1,-1.662385337E0
2.026962738E1,-1.941867335E0,-8.602961612E-1,4.218634531E-1
2.027965038E1,-1.752137466E0,-5.596899274E-1,1.683480045E0
2.028967238E1,-1.512416827E0,4.294604480E-2,1.317945744E0
2.029969538E1,-5.776522815E-1,3.409566996E-1,1.615823959E0
2.030971738E1,6.512891918E-1,2.282022089E-1,6.435366610E-1
2.031974038E1,2.432012526E0,3.743331912E-1,7.719415167E-1
2.032976238E1,3.870454473E0,3.727409944E-1,1.008701710E0
2.033978538E1,4.149492960E0,5.429978809E-1,6.594326091E-1
2.034980838E1,2.881298543E0,6.129644939E-1,1.423012315E0
2.035983038E1,5.121377385E-1,2.584331909E-1,1.124995521E0
2.036985388E1,-1.031966320E0,2.067788878E-1,7.407393122E-1
2.037987588E1,-1.738502344E0,2.456245726E-1,1.027061090E0
2.038989888E1,-1.705828688E0,1.643856972E-2,6.157664797E-1
2.039992088E1,-5.953892255E-1,-3.662111163E-2,-3.703810582E-1
2.040994388E1,4.491667342E-1,-3.756070071E-1,-4.534504044E-1
2.041996588E1,4.917052281E-1,-1.098621362E0,-1.397247729E-1
2.042998888E1,4.580925089E-1,-1.466937768E0,6.872024980E-1
2.044001087E1,2.269731241E-1,-1.622469319E0,-9.821246535E-2
2.045003388E1,-2.881706679E-1,-1.826534514E0,7.585999247E-1
2.046005588E1,-1.109063612E0,-1.911663542E0,1.210980873E0
2.047007888E1,-1.826266712E0,-1.258538910E0,-6.603602698E-1
2.048010188E1,-1.725264248E0,-3.999565673E-1,-1.015140080E0
2.049012388E1,-1.500953946E0,-1.149770173E-1,-1.548357323E-1
2.050014688E1,-1.916180516E0,-2.159195477E-1,-1.359199604E0
2.051016888E1,-2.185107998E0,-5.423041087E-1,-2.173843775E0
2.052019188E1,-1.814921359E0,-9.865214673E-1,-4.083543384E-1
2.053021387E1,-1.738380722E0,-1.202437214E0,5.369347568E-1
2.054023688E1,-1.681252255E0,-7.338205943E-1,1.125182632E-1
2.055025888E1,-8.893188161E-1,-3.256022036E-3,5.107180345E-1
2.056028188E1,-3.643078476E-1,1.719081402E-2,1.567894771E0
2.057030388E1,-1.449630010E-1,-7.109190971E-2,1.779999741E0
2.058032688E1,6.943749851E-1,3.923972869E-1,1.576245618E0
2.059034888E1,1.956121677E0,1.072887181E0,7.268688396E-1
2.060037188E1,2.865625082E0,1.712226419E0,-5.381967321E-1
2.061039488E1,3.212214696E0,1.992280859E0,-7.834660864E-1
2.062041687E1,3.220149953E0,1.753092024E0,-6.988504440E-1
2.063043988E1,2.709900280E0,1.203246761E0,1.591147247E-1
2.064046188E1,1.724532761E0,9.194588739E-1,8.431606033E-1
2.065048488E1,1.079384900E0,1.224169853E0,2.295730886E-1
2.066050688E1,1.140196527E0,1.522459420E0,6.084650615E-1
2.067052988E1,1.369186941E0,1.467609906E0,9.323122233E-2
2.068055188E1,9.281817502E-1,1.121972510E0,-1.025832883E0
2.069057488E1,-1.711947799E-2,4.614552426E-1,-5.214158079E-1
2.070059688E1,-9.410356843E-1,-1.207502657E-1,1.418929204E-1
2.071061987E1,-1.594028170E0,-3.090174535E-1,2.448787603E-1
2.072064188E1,-1.881550967E0,1.332861114E-1,-1.928923354E-1
2.073066488E1,-1.637667110E0,1.072016239E0,-7.773490217E-1
2.074068788E1,-8.430591542E-1,1.770601511E0,-2.324209750E0
2.075070988E1,2.066528803E-1,1.702593131E0,-3.326372519E0
2.076073288E1,1.067914417E0,1.070665239E0,-3.512595520E0
2.077075488E1,1.290103934E0,9.510583967E-2,-3.068134917E0
2.078077788E1,4.031538248E-1,-8.717026171E-1,-2.052077994E0
2.079079988E1,-1.392800921E0,-1.323080768E0,-1.126404407E0
2.080082287E1,-3.088148475E0,-1.696468465E0,-4.322071776E-1
2.081084488E1,-3.859298571E0,-2.320869235E0,2.274300840E-1
2.082086788E1,-3.459661846E0,-2.701637872E0,7.186470696E-1
2.083088988E1,-2.396740367E0,-2.500025292E0,8.261288336E-1
2.084091288E1,-1.243417425E0,-1.843276555E0,8.119203919E-1
2.085093488E1,-2.286559528E-1,-1.054913425E0,8.554108125E-1
2.086095788E1,6.214917809E-1,-2.014102668E-1,4.476400262E-1
2.087098088E1,1.212338305E0,8.128413284E-1,-4.978260934E-2
2.088100288E1,1.592738859E0,1.797644299E0,-2.340605342E-1
2.089102587E1,1.792530032E0,2.627198724E0,6.514850736E-2
2.090104788E1,1.926852270E0,2.947374419E0,7.824375612E-1
2.091107088E1,1.845191225E0,2.440012686E0,1.581263698E0
2.092109288E1,1.384945187E0,1.426054621E0,2.218014958E0
2.093111588E1,6.918027949E-1,1.479409879E-1,2.412723731E0
2.094113788E1,8.775969028E-2,-9.381486216E-1,1.932945653E0
2.095116088E1,-4.312894571E-1,-1.395911348E0,1.209346284E0
2.096118288E1,-8.153012520E-1,-1.324562453E0,6.863388643E-1
2.097120588E1,-1.112539197E0,-1.128650030E0,1.410291113E0
2.098122788E1,-1.155867650E0,-1.012242492E0,2.449133758E0
2.099125088E1,-9.118218255E-1,-8.208388576E-1,3.158251913E0
2.100127388E1,-2.400252789E-1,-5.560184607E-1,3.013848490E0
2.101129588E1,8.732769799E-1,-4.493947756E-1,-2.554958421E-1
2.102131888E1,1.770077893E0,-6.895048392E-1,-3.856390166E0
2.103134088E1,2.310025574E0,-1.267505030E0,-5.263137866E0
2.104136388E1,2.982405673E0,-2.006322655E0,-7.091596114E0
2.105138588E1,2.935936680E0,-2.513085633E0,-6.866129817E0
2.106140888E1,1.290402727E0,-2.476025687E0,-1.767543710E0
2.107143088E1,-2.916848445E-1,-1.568136992E0,3.297655966E0
2.108145388E1,-8.646926826E-1,3.058716515E-1,4.706464224E0
2.109147588E1,-1.608011786E0,2.693960770E0,3.909072994E0
2.110149888E1,-2.651173185E0,4.328988447E0,3.257898992E0
2.111152088E1,-2.772425727E0,4.423378588E0,1.683078341E0
2.112154388E1,-1.809953565E0,3.055353489E0,6.435963026E-1
2.113156688E1,-4.651413274E-1,1.080885880E0,-1.730857694E-1
2.114158888E1,1.190263311E0,-1.068219057E-1,-1.573393346E0
2.115161188E1,2.723715497E0,-3.350498423E-1,-2.069328450E0
2.116163388E1,3.544140079E0,-1.853935736E-1,-1.277823611E0
2.117165688E1,3.826721978E0,3.608404487E-1,-8.449021965E-1
2.118167888E1,3.551870098E0,1.081836930E0,-4.393083286E-1
2.119170188E1,2.800242101E0,1.534672499E0,1.655779445E-1
2.120172388E1,1.885793706E0,1.472142960E0,9.897464991E-2
2.121174688E1,9.692356360E-1,1.254116076E0,-1.480865836E-2
2.122176888E1,1.998829740E-1,1.002041732E0,-2.946017280E-1
2.123179188E1,-1.207292157E-1,1.219627444E0,-6.296422148E-1
2.124181388E1,-4.544514477E-2,1.703013546E0,-1.280841359E0
2.125183688E1,1.250391984E-1,1.767630541E0,-1.589880155E0
2.126185988E1,1.436567330E-1,1.101920361E0,-1.560797274E0
2.127188187E1,-2.174193585E-1,1.733857316E-1,-1.175858111E0
2.128190488E1,-8.875348306E-1,-5.690978050E-1,-1.338238798E0
2.129192688E1,-1.442108152E0,-7.594977647E-1,-8.136844969E-1
2.130194988E1,-1.458692025E0,-4.535369432E-1,5.576039332E-1
2.131197188E1,-8.702720958E-1,-1.158918142E-2,2.399340624E-1
2.132199488E1,2.945324385E-1,3.380401084E-1,-1.233102937E0
2.133201688E1,1.614871740E0,2.186037120E-1,-4.271712631E-1
2.134203988E1,1.848960925E0,-5.772230959E-1,8.109386444E-1
2.135206188E1,8.168519336E-1,-1.231975594E0,4.784764874E-1
2.136208487E1,-1.360389805E-1,-1.412520364E0,2.123849058E-1
2.137210642E1,-9.015313107E-1,-1.284759286E0,1.902454178E0
2.138212942E1,-1.483145666E0,-7.123180434E-1,2.117527049E0
2.139215242E1,-1.586977013E0,-1.426220682E-1,1.229775286E0
2.140217442E1,-7.488774669E-1,-2.075662154E-1,1.031188055E0
2.141219742E1,5.776195371E-1,-8.144727015E-1,-8.292696655E-2
2.142221942E1,1.325259733E0,-1.628679355E0,3.098544824E-1
2.143224242E1,1.519476171E0,-2.181758128E0,1.227639298E0
2.144226442E1,1.514049370E0,-2.030515802E0,7.266153628E-1
2.145228742E1,1.150710406E0,-1.572008141E0,1.159518651E0
2.146230942E1,7.346359885E-1,-1.125037036E0,1.188102180E0
2.147233242E1,4.259918797E-1,-5.894086933E-1,1.104419169E0
2.148235442E1,9.323677719E-2,-2.716715795E-1,1.004516566E0
2.149237742E1,1.360003889E-1,-1.387082344E-1,9.348674566E-1
2.150239942E1,4.822947192E-1,-1.528959185E-1,5.577255553E-1
2.151242242E1,3.333632129E-1,-3.381088132E-1,8.633247265E-1
2.152244542E1,-5.414849138E-1,-5.285830325E-1,1.748975292E0
2.153246742E1,-1.427285460E0,-3.514328635E-1,1.560199104E0
2.154249042E1,-1.785191776E0,-3.656030059E-2,3.131528968E-1
2.155251242E1,-1.664307609E0,2.672961080E-1,1.177725711E-1
2.156253542E1,-8.933972490E-1,5.108840954E-1,4.574089694E-1
2.157255742E1,-2.279069245E-2,8.753878248E-1,-1.476200343E0
2.158258042E1,5.024483174E-1,1.476495627E0,-2.274587646E0
2.159260242E1,2.914632350E-1,1.629189232E0,-1.266519189E0
2.160262542E1,-4.082502580E-1,1.422622890E0,-1.147782705E0
2.161264742E1,-1.091011503E0,1.265307062E0,-1.846482875E0
2.162267042E1,-1.718955102E0,8.084722888E-1,-1.810415495E0
2.163269242E1,-1.971690474E0,4.380324662E-2,-1.045118169E0
2.164271542E1,-1.806141180E0,-5.794035226E-1,-9.472144371E-1
2.165273842E1,-1.439340665E0,-8.411956465E-1,-1.061217308E0
2.166276042E1,-4.446053213E-1,-5.105864722E-1,-8.424756020E-1
2.167278342E1,9.044397157E-1,2.246254671E-1,-1.317772958E0
2.168280542E1,1.538847411E0,5.594703645E-1,-1.195513526E0
2.169282842E1,1.480615575E0,4.337990820E-1,-6.722304100E-1
2.170285042E1,1.000749789E0,1.598786634E-1,-1.473574358E-1
2.171287342E1,6.547665310E-1,2.160230434E-1,4.342738760E-1
2.172289542E1,7.057437265E-1,6.459764117E-1,7.456369400E-1
2.173291842E1,9.514244324E-1,9.697671479E-1,1.037946267E0
2.174294042E1,1.377394093E0,1.223257980E0,2.185250670E-1
2.175296342E1,1.657985600E0,1.140865449E0,7.324836284E-2
2.176298542E1,1.606207336E0,6.946702695E-1,4.668715185E-1
2.177300842E1,1.131336241E0,2.241553509E-1,4.806013656E-1
2.178303042E1,3.617531991E-1,-7.792818189E-2,6.597518671E-1
2.179305342E1,-1.221044809E-1,-3.192205524E-1,1.212167858E0
2.180307642E1,-3.080014998E-1,-4.446351421E-1,8.573830783E-1
2.181309842E1,-1.224933207E-1,-2.337167180E-1,-8.082457092E-1
2.182312142E1,1.253409147E-1,-1.646213400E-1,-4.065440404E-1
2.183314342E1,-2.065458763E-1,-5.762179595E-1,-3.324677119E-1
2.184316642E1,-8.552523530E-1,-7.667278469E-1,2.694414514E-1
2.185318842E1,-1.395049176E0,-7.090836561E-1,1.087096500E0
2.186321142E1,-1.951076699E0,-6.942831838E-1,1.073542362E0
2.187323342E1,-1.949566364E0,-5.930667114E-1,1.344175476E-1
2.188325642E1,-9.168194407E-1,-3.745995319E-1,1.038404104E0
2.189327842E1,5.944589335E-1,-2.397124529E-1,8.829149455E-1
2.190330142E1,2.304280685E0,2.537621427E-1,-5.294028121E-1
2.191332342E1,3.273100584E0,5.179773527E-1,1.832605094E-2
2.192334642E1,2.833699284E0,-1.344976544E-2,1.090719143E0
2.193336942E1,1.428007591E0,-8.539495933E-1,6.346942091E-1
2.194339142E1,1.448957580E-1,-1.350198108E0,1.486100264E0
2.195341442E1,-6.967875463E-1,-1.537271002E0,1.191298853E0
2.196343642E1,-7.994529587E-1,-1.155847769E0,6.461410108E-1
2.197345942E1,-1.844042248E-1,-4.806288475E-1,-1.025494621E0
2.198348142E1,-3.934591413E-2,-2.258551365E-1,1.972470492E-2
2.199350442E1,-4.216684484E-1,-6.143201709E-1,9.522722787E-1
2.200352642E1,-1.124157030E0,-1.212999040E0,8.414055616E-1
2.201354942E1,-1.618613373E0,-1.577584630E0,1.357121211E0
2.202357142E1,-1.580284290E0,-1.464201856E0,1.672318295E0
2.203359442E1,-1.191616942E0,-6.194025707E-1,6.206053430E-1
2.204361642E1,-9.821807867E-1,5.544739187E-2,-5.795233905E-2
2.205363942E1,-1.053269480E0,-1.506540960E-1,-8.612439948E-1
2.206366242E1,-9.685871798E-1,-5.120804358E-1,-1.001756680E0
2.207368442E1,-1.303025111E0,-8.868711716E-1,-7.591925400E-1
2.208370742E1,-1.816838077E0,-7.592843413E-1,-2.468872789E-1
2.209372942E1,-1.907761111E0,5.194081664E-3,-5.682388490E-1
2.210375242E1,-1.496549238E0,9.543240666E-1,-9.170843196E-1
2.211377442E1,-5.662426096E-1,1.778307849E0,-1.703209427E0
2.212379742E1,5.586423987E-1,2.089634660E0,-1.611132153E0
2.213381942E1,1.331028596E0,1.824052371E0,-1.288345968E0
2.214384242E1,1.701189507E0,1.454641659E0,-4.960543871E-1
2.215386442E1,2.170775887E0,1.554969354E0,-1.615497977E-1
2.216388742E1,2.592947781E0,2.000088646E0,-5.085136342E-1
2.217390942E1,2.509053100E0,2.095771898E0,1.898877436E-1
2.218393242E1,1.946398342E0,1.702456014E0,8.574789727E-1
2.219395542E1,1.403639905E0,1.159166064E0,1.078697267E0
2.220397742E1,1.227936337E0,6.802697468E-1,1.113211627E0
2.221400042E1,1.139994214E0,3.307126701E-1,8.341234392E-1
2.222402242E1,1.007631962E0,1.014988929E-1,5.026927310E-1
2.223404542E1,9.361076510E-1,-1.203076315E-1,1.355352429E-1
2.224406742E1,8.581075484E-1,-4.158434522E-1,-1.982340592E-1
2.225409042E1,6.622328407E-1,-7.280280501E-1,-6.985496047E-1
2.226411242E1,2.336816347E-1,-9.225438648E-1,-1.247671275E0
2.227413542E1,-4.249224240E-1,-9.108874404E-1,-1.281963148E0
2.228415742E1,-1.165095141E0,-7.795823658E-1,-9.784558180E-1
2.229418042E1,-1.811939279E0,-6.204427904E-1,-7.785430232E-1
2.230420242E1,-2.213344787E0,-6.039138812E-1,-8.873895273E-1
2.231422542E1,-2.177887271E0,-5.757753253E-1,-1.156074057E0
2.232424842E1,-1.809116244E0,-4.672124112E-1,-7.047397596E-1
2.233427042E1,-1.485628393E0,-4.845166612E-1,-3.745872527E-2
2.234429342E1,-1.443274087E0,-4.802084327E-1,5.443956578E-1
2.235431542E1,-1.481264616E0,-5.769921309E-1,7.072517234E-1
2.236433842E1,-1.338026544E0,-6.121455914E-1,6.187231243E-1
2.237436142E1,-9.304487157E-1,-6.184114677E-1,4.631942046E-1
2.238438442E1,-2.932507288E-1,-6.263718671E-1,1.910273659E-1
2.239440642E1,4.720258391E-1,-5.205466193E-1,-7.736801863E-2
2.240442942E1,1.223462048E0,-3.430304146E-1,-2.280893576E-1
2.241445142E1,1.717276951E0,-2.117528218E-1,-8.251883090E-2
2.242447442E1,1.733091331E0,-1.449548149E-1,4.462285084E-1
2.243449642E1,1.364185233E0,-1.713918310E-1,1.036714551E0
2.244451942E1,8.405699944E-1,-2.728427768E-1,1.471529587E0
2.245454242E1,3.199877071E-1,-4.221046507E-1,1.634735901E0
2.246456442E1,-7.147636414E-2,-5.722582251E-1,1.495428327E0
2.247458742E1,-1.666474003E-1,-6.422330242E-1,1.166704295E0
2.248460942E1,3.303150594E-2,-5.266259694E-1,7.982063323E-1
2.249463242E1,4.763393301E-1,-2.515630049E-1,5.038060409E-1
2.250465442E1,9.777620459E-1,5.655894756E-2,2.286980528E-1
2.251467742E1,1.388307921E0,1.906923205E-1,-4.171579063E-2
2.252469942E1,1.526925523E0,2.605735642E-1,-1.095189339E-1
2.253472242E1,1.395744994E0,2.505222005E-1,-8.785441518E-3
2.254474442E1,1.114473456E0,1.320926946E-1,1.845328635E-1
2.255476742E1,8.083910125E-1,3.147029936E-2,3.918336153E-1
2.256478942E1,4.998732036E-1,-4.837986231E-3,5.034113538E-1
2.257481242E1,1.880949873E-1,2.191127121E-2,4.566546786E-1
2.258483542E1,5.757928669E-2,1.060836947E-1,2.711728120E-1
2.259485742E1,1.816928709E-1,1.863291281E-1,9.888752639E-2
2.260488042E1,3.820599943E-1,2.853412002E-1,8.655867219E-2
2.261490242E1,4.753610909E-1,3.092814553E-1,1.488940841E-1
2.262492542E1,3.816670614E-1,2.571313083E-1,1.318710852E-1
2.263494742E1,1.174313861E-1,2.050560057E-1,4.867807031E-3
2.264497042E1,-2.212755972E-1,2.605782419E-1,-2.337301666E-1
2.265499242E1,-4.553530884E-1,3.869219542E-1,-5.496739393E-1
2.266501542E1,-5.446394867E-1,5.426461709E-1,-7.838578498E-1
2.267503742E1,-5.346331465E-1,5.542721897E-1,-9.111803859E-1
2.268506042E1,-4.569669199E-1,3.785013789E-1,-1.028933954E0
2.269508242E1,-3.052574015E-1,1.600540799E-1,-1.201442018E0
2.270510542E1,-9.901031792E-2,1.328779757E-2,-1.262335507E0
2.271512742E1,2.918520749E-1,-1.468896586E-1,-1.121005088E0
2.272515042E1,7.843642187E-1,-4.865941769E-1,-1.195935695E0
2.273517342E1,1.310063989E0,-5.939163119E-1,-1.239088147E0
2.274519542E1,1.875254100E0,-6.551425070E-1,-1.626107165E0
2.275521842E1,2.622790800E0,-7.017559254E-1,-2.185645357E0
2.276524042E1,3.358966945E0,-6.578719872E-1,-2.572407682E0
2.277526342E1,3.790767449E0,-5.520730519E-1,-2.798151137E0
2.278528542E1,3.753854561E0,-4.830671364E-1,-2.838374718E0
2.279530842E1,3.355332316E0,-4.460706335E-1,-2.851985282E0
2.280533042E1,3.183862717E0,-4.158340967E-1,-2.904362301E0
2.281535342E1,3.411297771E0,-2.857502130E-1,-2.872305526E0
2.282537542E1,3.875206506E0,-2.127681908E-1,-2.792905599E0
2.283539842E1,4.333615934E0,-1.090087643E-1,-2.698454356E0
2.284542042E1,4.639834033E0,1.007916722E-1,-2.574960576E0
2.285544342E1,4.707664658E0,3.706447676E-1,-2.404649895E0
2.286546642E1,4.485720139E0,5.659730530E-1,-2.170449028E0
2.287548842E1,4.108401067E0,6.859757522E-1,-1.957117458E0
2.288551142E1,3.712028258E0,8.747729900E-1,-1.892092912E0
2.289553342E1,3.401293770E0,1.162405129E0,-1.945426535E0
2.290555642E1,3.125157257E0,1.466750365E0,-2.123463727E0
2.291557842E1,2.931458298E0,1.781420614E0,-2.353283275E0
2.292560142E1,2.805747839E0,2.134194244E0,-2.549593601E0
2.293562342E1,2.659474477E0,2.508953698E0,-2.578309277E0
2.294564642E1,2.375523160E0,2.804323165E0,-2.424002425E0
2.295566842E1,1.820698408E0,2.966540715E0,-2.158305531E0
2.296569142E1,1.136156101E0,3.051039121E0,-1.922016622E0
2.297571342E1,5.532068270E-1,3.158135261E0,-1.700023572E0
2.298573642E1,1.606803167E-1,3.354572178E0,-1.513320807E0
2.299575942E1,-2.432149351E-2,3.534647709E0,-1.400779447E0
2.300578142E1,-1.123080558E-1,3.666269703E0,-1.305735295E0
2.301580442E1,-1.389234120E-1,3.762978557E0,-1.347615393E0
2.302582642E1,-3.065870583E-2,3.620659082E0,-1.406754132E0
2.303584942E1,-3.494179130E-2,3.482060775E0,-1.335161993E0
2.304587142E1,-6.355660290E-1,3.276180020E0,-3.464691621E-1
2.305589442E1,-1.376685410E0,3.061851499E0,4.604723257E-1
2.306591642E1,-1.862221826E0,2.959170592E0,6.196452302E-1
2.307593942E1,-2.177583216E0,2.989600964E0,9.365070158E-1
2.308596142E1,-2.097842397E0,3.161061792E0,8.877155095E-1
2.309598442E1,-1.805405601E0,3.360370570E0,1.080353199E0
2.310600642E1,-1.618465438E0,3.404660012E0,1.477368616E0
2.311602942E1,-1.581323340E0,3.348013064E0,1.804424438E0
2.312605142E1,-1.684259478E0,3.179265344E0,2.051137177E0
2.313607442E1,-1.882005880E0,2.997818933E0,2.190558187E0
2.314609742E1,-2.070111977E0,2.743518847E0,2.366614927E0
2.315611942E1,-2.098453431E0,2.290835012E0,2.719103798E0
2.316614242E1,-1.876510667E0,1.750990242E0,2.622501948E0
2.317616442E1,-1.451136253E0,1.466861755E0,2.562303693E0
2.318618742E1,-1.026844743E0,1.566688929E0,2.783565257E0
2.319620942E1,-6.670234644E-1,1.735542483E0,2.752476781E0
2.320623242E1,-5.176931781E-1,1.778308434E0,2.413249395E0
2.321625442E1,-6.974260622E-1,1.783766810E0,2.013968182E0
2.322627742E1,-9.980852133E-1,1.756290743E0,1.540780501E0
2.323629942E1,-1.336265363E0,1.699381548E0,1.350398083E0
2.324632242E1,-1.545517915E0,1.538077918E0,1.229276519E0
2.325634442E1,-1.588189725E0,1.284461371E0,1.082915449E0
2.326636742E1,-1.622505280E0,9.326665646E-1,1.054858169E0
2.327639042E1,-1.700169168E0,6.548437142E-1,1.045065252E0
2.328641242E1,-1.916627828E0,7.776171166E-1,4.196844882E-1
2.329643542E1,-2.171851190E0,1.177753193E0,-1.806292623E-1
2.330645742E1,-2.093439444E0,1.064137700E0,2.204382759E-1
2.331648042E1,-1.329469728E0,5.486670488E-1,9.567126542E-1
2.332650242E1,-2.008822632E-1,7.760483086E-2,1.747242177E0
2.333652542E1,6.871121585E-1,-8.483666718E-2,1.981150684E0
2.334654742E1,1.301603068E0,3.539845884E-2,1.336378798E0
2.335657042E1,1.893765215E0,3.558475113E-1,3.057836509E-1
2.336659242E1,2.054746371E0,6.260912007E-1,7.057004571E-3
2.337661467E1,1.596613224E0,8.399285549E-1,2.083041340E-1
2.338663667E1,7.941036335E-1,8.622216493E-1,4.363274181E-1
2.339665967E1,-2.615637901E-1,8.312875396E-1,3.942403293E-1
2.340668167E1,-1.506722808E0,1.061652049E0,5.211833811E-1
2.341670467E1,-2.890908735E0,1.501639824E0,1.077486309E0
2.342672667E1,-4.158950539E0,2.008633767E0,1.872669631E0
2.343674967E1,-4.634504588E0,2.630907905E0,2.772653183E0
2.344677267E1,-3.871926218E0,3.296530377E0,3.408735521E0
2.345679467E1,-2.339952793E0,3.605665652E0,3.535547011E0
2.346681767E1,-7.852766767E-1,3.400121403E0,3.463801675E0
2.347683967E1,3.423579848E-1,2.523093435E0,2.677592660E0
2.348686267E1,1.003231640E0,1.217181553E0,1.186953787E0
2.349688467E1,1.509708982E0,3.510750139E-1,1.632788193E-1
2.350690767E1,2.104746205E0,2.965707779E-1,5.611748278E-2
2.351692967E1,2.445518425E0,5.796654779E-1,1.937200087E-1
2.352695267E1,2.518117746E0,2.374875873E-1,-6.558658075E-1
2.353697467E1,3.057400891E0,-8.221541888E-1,-2.644400355E0
2.354699767E1,4.620041500E0,-2.082775877E0,-4.601089797E0
2.355701967E1,6.448095998E0,-2.825438923E0,-5.624421533E0
2.356704267E1,6.966958619E0,-2.465861472E0,-5.009205569E0
2.357706467E1,5.057121162E0,-1.363623315E0,-3.144100481E0
2.358708767E1,2.016154456E0,-2.026416904E-1,-1.830991262E0
2.359711067E1,-6.695518005E-1,9.205008477E-1,-1.379078676E0
2.360713267E1,-2.518934018E0,1.743562524E0,-1.496854463E0
2.361715567E1,-3.051259853E0,1.947426283E0,-7.852950954E-1
2.362717767E1,-2.198903334E0,1.320896541E0,6.183845705E-1
2.363720067E1,-9.032506844E-1,5.075985450E-1,1.638766387E0
2.364722267E1,-1.890419438E-1,8.400110006E-2,1.983403616E0
2.365724567E1,-9.986547321E-2,1.389830536E-1,2.066466238E0
2.366726767E1,-1.950134128E-1,4.752242661E-1,2.406641457E0
2.367729067E1,-2.504251367E-1,7.842472744E-1,2.921798698E0
2.368731267E1,-1.003066456E-1,9.008834392E-1,3.329090597E0
2.369733567E1,3.586459887E-1,8.511552089E-1,3.498714230E0
2.370735767E1,1.009329117E0,5.385806018E-1,2.967792896E0
2.371738067E1,1.806132410E0,2.521103042E-1,3.167472387E0
2.372740367E1,2.438132806E0,-1.442052019E-1,3.694478425E0
2.373742567E1,2.684489743E0,-4.645308781E-1,2.587760131E0
2.374744867E1,2.236015319E0,-1.242088938E-1,-7.822522044E-2
2.375747067E1,8.993599471E-1,6.049967855E-1,-2.119411021E0
2.376749367E1,-9.201959154E-1,1.328007925E0,-2.173354509E0
2.377751567E1,-2.449553880E0,1.756542758E0,-8.188510966E-1
2.378753867E1,-2.881799065E0,1.803052096E0,8.891977787E-1
2.379756067E1,-2.117383792E0,1.201523294E0,1.741531786E0
2.380758367E1,-1.011910955E0,-1.115245289E-1,4.774771982E-1
2.381760567E1,-1.300952858E-1,-1.097358071E0,-2.736016284E0
2.382762867E1,2.361362958E-1,-1.338786682E0,-4.712019664E0
2.383765067E1,2.938693643E-2,-1.328743504E0,-3.422179440E0
2.384767367E1,-1.818232638E-1,-2.052527645E0,-1.956531567E0
2.385769567E1,-3.805367947E-2,-2.640237722E0,-2.071580213E0
2.386771867E1,5.301337141E-1,-2.244512200E0,-2.663372816E0
2.387774167E1,1.190577307E0,-1.177311144E0,-2.410676036E0
2.388776367E1,1.088349851E0,1.305045909E-1,-1.344209974E0
2.389778667E1,-1.549710953E-1,1.065871984E0,-1.094896978E-1
2.390780867E1,-1.419560704E0,1.039696339E0,6.742848292E-1
2.391783167E1,-1.828192200E0,3.722197151E-1,5.414393055E-1
2.392785367E1,-1.608581890E0,-2.692619419E-1,9.762394309E-2
2.393787667E1,-1.062004636E0,-7.020968181E-1,-1.667719460E-1
2.394789867E1,-1.048078322E-1,-5.113103575E-1,2.791756037E-1
2.395792167E1,1.030639586E0,2.533908445E-1,1.412832897E0
2.396794367E1,1.785268959E0,1.038234535E0,2.069674605E0
2.397796667E1,1.906244928E0,1.555582727E0,2.277684039E0
2.398798867E1,1.439961639E0,1.770636887E0,2.651153305E0
2.399801167E1,6.873378611E-1,1.750080416E0,3.003679597E0
2.400803367E1,-1.237206513E-1,1.551431789E0,3.052287501E0
2.401805667E1,-9.504391766E-1,1.178323297E0,2.806654450E0
2.402807967E1,-1.759733584E0,7.216779739E-1,2.374068958E0
2.403810167E1,-2.330534683E0,3.234615380E-1,1.887106406E0
2.404812467E1,-2.563126397E0,1.089149165E-1,1.313335506E0
2.405814667E1,-2.479864969E0,-3.709532082E-2,6.888148677E-1
2.406816967E1,-2.147046132E0,-4.265005875E-1,-6.168397361E-1
2.407819167E1,-1.571216428E0,-1.077995017E0,-2.117404257E0
2.408821467E1,-7.049894357E-1,-1.755677955E0,-3.004302326E0
2.409823667E1,5.954605615E-1,-2.385530085E0,-4.477159231E0
2.410825967E1,1.953191053E0,-2.873431115E0,-5.775922891E0
2.411828167E1,2.795908729E0,-2.549780712E0,-4.708600797E0
2.412830467E1,2.916304654E0,-9.761008519E-1,-1.956290077E0
2.413832667E1,2.206048046E0,5.634441322E-1,5.850949100E-1
2.414834967E1,7.891636133E-1,1.087576849E0,1.864994575E0
2.415837267E1,-4.739215064E-1,9.126573926E-1,1.529201260E0
2.416839467E1,-1.519843376E0,6.003049797E-1,9.387757355E-1
2.417841767E1,-2.515634142E0,2.400597775E-1,9.125992128E-1
2.418843967E1,-3.208569542E0,3.510902166E-2,6.270337719E-1
2.419846267E1,-3.160470346E0,-1.088640457E-1,-1.071321005E-1
2.420848467E1,-2.402895146E0,-4.414115721E-1,-7.637744182E-1
2.421850767E1,-1.206400457E0,-7.133147013E-1,-1.177044218E0
2.422852967E1,6.214713156E-2,-6.774689305E-1,-1.215839033E0
2.423855267E1,9.745343828E-1,-4.521388739E-1,-6.932625523E-1
2.424857467E1,1.419514511E0,-1.196375406E-1,-1.373771158E-1
2.425859767E1,1.555625412E0,3.239977276E-1,1.214563170E-1
2.426861967E1,1.624179338E0,6.964671189E-1,5.238274920E-1
2.427864267E1,1.717009733E0,9.771761549E-1,7.761208141E-1
2.428866467E1,1.731599706E0,1.060906529E0,5.285163742E-1
2.429868767E1,1.522659395E0,8.534771383E-1,2.762014174E-1
2.430870967E1,1.050863351E0,2.905469763E-1,3.081798398E-1
2.431873267E1,6.546665436E-1,-3.564392495E-1,-7.645088285E-2
2.432875567E1,3.714964145E-1,-8.412172812E-1,-2.742905474E-1
2.433877767E1,-4.977149963E-2,-1.270721583E0,-3.005834296E-1
2.434880067E1,-5.929936212E-1,-1.488449090E0,-3.000937253E-1
2.435882267E1,-1.234398680E0,-1.222251089E0,-6.429832220E-2
2.436884567E1,-1.786020911E0,-5.719085616E-1,2.306264645E-1
2.437886738E1,-1.934181170E0,1.543588918E-1,3.890123338E-1
2.438889038E1,-1.520981244E0,6.144710290E-1,-2.944154942E-1
2.439891238E1,-7.525290531E-1,7.920644170E-1,-9.813917050E-1
2.440893538E1,-1.901081836E-1,4.807422835E-1,-2.847190565E-1
2.441895737E1,1.224898124E-1,-3.411201292E-1,5.995050806E-1
2.442898038E1,4.476628304E-1,-1.030461246E0,6.948111874E-1
2.443900238E1,6.697044128E-1,-9.740397084E-1,5.668320090E-1
2.444902538E1,7.310662633E-1,-2.823713994E-1,2.809984732E-1
2.445904838E1,7.487002963E-1,5.021582955E-1,-1.917872116E-1
2.446907038E1,7.333741593E-1,9.385143650E-1,1.429635456E-1
2.447909338E1,8.418546277E-1,6.908175391E-1,1.071677685E-2
2.448911538E1,1.028580197E0,-1.644587874E-2,-9.607288143E-1
2.449913838E1,4.817690545E-1,-6.655037731E-1,-7.018524045E-1
2.450916037E1,-6.116111559E-1,-8.910209405E-1,3.524648970E-1
2.451918338E1,-1.265988847E0,-4.986739397E-1,7.464479488E-1
2.452920538E1,-1.340761287E0,7.986711860E-3,5.225685865E-1
2.453922838E1,-1.261449654E0,2.663061744E-1,-3.555691838E-3
2.454925038E1,-1.257968806E0,3.777517658E-1,-4.746041688E-1
2.455927338E1,-1.169598082E0,5.318796927E-1,-7.014235112E-1
2.456929538E1,-8.499758255E-1,6.619352174E-1,-3.483218524E-1
2.457931838E1,-2.485347319E-1,3.669174600E-1,4.773959219E-3
2.458934038E1,4.931465667E-1,-1.076793998E-1,-4.944481570E-1
2.459936337E1,8.677712417E-1,-3.650586301E-1,-4.110662770E-1
2.460938638E1,7.656437731E-1,-3.894888818E-1,1.796393287E-1
2.461940838E1,6.185740203E-1,7.582961619E-2,7.560350436E-1
2.462943138E1,7.166329962E-1,7.984256029E-1,8.886835161E-1
2.463945338E1,9.541001183E-1,1.189177483E0,8.748706385E-1
2.464947638E1,1.337872762E0,1.060585517E0,6.292881659E-1
2.465949838E1,1.844676086E0,7.561917490E-1,-4.163854891E-1
2.466952138E1,1.987124199E0,3.282381284E-1,-1.042314137E0
2.467954338E1,1.471390423E0,-8.110205054E-2,-5.777885216E-1
2.468956638E1,7.778089052E-1,-5.218873858E-2,3.721814159E-1
2.469958838E1,3.417077744E-1,2.317655021E-1,5.115594488E-1
2.470961138E1,5.529419482E-2,5.499955362E-1,2.582750237E-1
2.471963338E1,-2.211320481E-1,7.963603663E-1,8.349297702E-2
2.472965638E1,-4.010497043E-1,7.471069300E-1,-1.355565852E-1
2.473967838E1,-5.380327177E-1,4.143260998E-1,-2.866246641E-1
2.474970138E1,-7.425230053E-1,-3.437578082E-2,-1.139101928E-1
2.475972438E1,-7.958686155E-1,-3.775745952E-1,-5.432823479E-2
2.476974638E1,-4.807373133E-1,-6.089079881E-1,-2.717294669E-1
2.477976938E1,7.832111478E-2,-7.963755691E-1,-8.469235790E-1
2.478979138E1,4.548347327E-1,-6.434059757E-1,-1.207087505E0
2.479981438E1,3.922054982E-1,-2.306229562E-1,-5.508664790E-1
2.480983638E1,1.117929161E-1,1.512452495E-1,1.312445560E-1
2.481985938E1,-3.388812304E-2,4.706628531E-1,3.279846516E-1
2.482988138E1,9.396475554E-3,5.841140395E-1,1.132167131E-1
2.483990438E1,2.259904996E-1,4.559407336E-1,-5.074272215E-2
2.484992638E1,5.029631647E-1,1.742926347E-1,1.906268317E-1
2.485994938E1,5.527592227E-1,-1.170162338E-1,4.400725597E-1
2.486997138E1,4.516123322E-1,-3.150105572E-1,2.274847555E-1
2.487999438E1,4.126739690E-1,-3.495021129E-1,9.686731339E-2
2.489001637E1,4.950808257E-1,-1.611580342E-1,2.008337313E-1
2.490003938E1,6.468552482E-1,2.310702682E-2,3.341935176E-1
2.491006238E1,6.182676262E-1,4.233676493E-2,5.488635153E-1
2.492008438E1,6.207494769E-1,6.339141905E-2,3.414522511E-1
2.493010738E1,5.895884952E-1,1.891702902E-1,-3.998530716E-2
2.494012938E1,3.025466323E-1,1.485362345E-1,3.374910548E-1
2.495015238E1,1.938375378E-1,-1.652978629E-1,6.429884845E-1
2.496017438E1,4.694749913E-1,-4.235991991E-1,5.370410299E-1
2.497019738E1,5.794932774E-1,-4.437487042E-1,4.429900280E-1
2.498021937E1,4.092255735E-1,-2.617254657E-1,2.084105533E-1
2.499024238E1,9.662494630E-2,-5.511760890E-2,-6.862760067E-2
2.500026438E1,-2.349393708E-1,1.443478739E-1,-7.495545745E-2
2.501028738E1,-4.626843274E-2,1.175682110E-1,-7.316983473E-1
2.502030938E1,3.608737779E-1,-6.952397883E-2,-9.918719620E-1
2.503033238E1,3.780955821E-2,-3.717203629E-1,2.087491071E-1
2.504035438E1,-5.078561148E-1,-5.729370868E-1,1.184104731E0
2.505037738E1,-6.775984463E-1,-4.296048743E-1,1.677952672E0
2.506039938E1,-7.607736272E-1,-3.506516755E-2,1.392143109E0
2.507042237E1,-6.435948408E-1,4.767176449E-1,2.959948272E-1
2.508044538E1,-2.285132807E-1,6.582701826E-1,-4.115974966E-1
2.509046738E1,4.741284978E-1,5.008186984E-1,-7.213271409E-1
2.510049038E1,1.224716860E0,2.822123551E-1,-1.583292390E0
2.511051238E1,1.336563863E0,-2.394949365E-1,-8.045131391E-1
2.512053538E1,4.935704899E-1,-1.122368951E0,8.580663255E-1
2.513055738E1,-4.992183155E-1,-1.403643998E0,1.357052214E0
2.514058038E1,-1.080111124E0,-7.804518467E-1,1.166087121E0
2.515060238E1,-1.264336424E0,3.401915914E-1,7.209532115E-1
2.516062537E1,-1.180306088E0,1.307792931E0,3.691478804E-1
2.517064738E1,-7.341822445E-1,1.559129063E0,4.154943734E-2
2.518067038E1,4.243265927E-2,8.853620052E-1,-1.126824237E0
2.519069238E1,4.810673887E-1,-2.583001667E-1,-1.456159303E0
2.520071538E1,1.097241712E-1,-1.415209206E0,-3.594903266E-1
2.521073838E1,-4.518769187E-1,-1.767922025E0,2.619660786E-1
2.522076038E1,-6.739898372E-1,-1.057122796E0,3.551350281E-1
2.523078338E1,-9.319801015E-1,2.126211333E-1,-1.055285016E-1
2.524080538E1,-1.276621424E0,1.187788185E0,-8.757600001E-1
2.525082837E1,-1.519542244E0,1.396923208E0,-9.513943192E-1
2.526085038E1,-1.496114205E0,9.397317553E-1,-3.676129863E-1
2.527087338E1,-1.021599791E0,3.299805987E-1,-7.805822396E-1
2.528089538E1,-4.644881934E-1,-1.631542736E-1,-1.151940952E0
2.529091838E1,-3.208706367E-1,-5.839503175E-1,-5.725274894E-1
2.530094038E1,-2.051480994E-1,-6.116246045E-1,-3.024372894E-1
2.531096338E1,8.715245694E-2,-1.419300503E-1,-5.777282953E-2
2.532098538E1,4.141462979E-1,5.119500428E-1,-1.162829930E-1
2.533100838E1,1.284395297E0,9.914398527E-1,-8.421057656E-1
2.534103038E1,2.519302977E0,1.164992230E0,-6.494405946E-1
2.535105338E1,2.960289164E0,6.529363525E-1,3.941739634E-1
2.536107638E1,2.459409362E0,-1.945199078E-1,7.838403082E-1
2.537109888E1,1.602334140E0,-6.052365214E-1,1.000858840E0
2.538112188E1,1.035412961E0,-3.555235755E-1,1.199837250E0
2.539114388E1,1.004268936E0,4.766813922E-1,9.075308463E-1
2.540116688E1,1.153910879E0,1.174029686E0,5.987434807E-1
2.541118888E1,8.585846812E-1,1.188807355E0,4.705356762E-1
2.542121188E1,2.983822453E-1,6.097090566E-1,5.280825108E-2
2.543123388E1,-1.319713649E-1,-2.014570445E-1,-7.356382012E-2
2.544125688E1,-5.259260577E-1,-7.403311765E-1,3.087110594E-1
2.545127887E1,-9.509034455E-1,-8.962173611E-1,6.878041765E-1
2.546130188E1,-1.252525048E0,-7.326496893E-1,5.400070301E-1
2.547132388E1,-1.412207245E0,-4.850084120E-1,6.059849650E-2
2.548134688E1,-1.348689526E0,-3.363429540E-1,-5.458817276E-1
2.549136888E1,-1.026797966E0,-2.058787090E-1,-1.244725155E0
2.550139188E1,-5.897291207E-1,5.858910084E-4,-1.252063118E0
2.551141488E1,-2.940786946E-1,1.770718163E-1,-7.011934233E-1
2.552143688E1,-4.005436277E-1,1.395572501E-1,-4.790085840E-1
2.553145988E1,-9.180871171E-1,-8.599967837E-2,-3.064499411E-1
2.554148187E1,-1.473823450E0,-3.488881552E-1,-3.053228903E-1
2.555150488E1,-1.745974501E0,-5.706221741E-1,-5.542800835E-1
2.556152688E1,-1.820032995E0,-3.580595130E-1,-2.343409082E-1
2.557154988E1,-1.926773917E0,3.212226391E-1,1.309154455E0
2.558157188E1,-1.941514163E0,4.889751631E-1,2.445383061E0
2.559159488E1,-1.584065684E0,2.289594233E-2,1.861351760E0
2.560161688E1,-1.013724176E0,-1.267243659E-1,5.058709851E-1
2.561163988E1,-6.049845064E-1,3.303472191E-1,1.850789934E-2
2.562166188E1,-5.477040124E-1,9.911936849E-1,6.638221139E-1
2.563168487E1,-6.223068827E-1,1.570154573E0,1.935179582E0
2.564170688E1,-4.652266967E-1,1.959885530E0,3.054916702E0
2.565172988E1,-3.098802102E-1,2.090405324E0,3.377219029E0
2.566175288E1,-7.161617106E-1,2.171391014E0,3.543412101E0
2.567177488E1,-1.382621503E0,2.175556571E0,3.739413108E0
2.568179788E1,-1.926415483E0,2.026125712E0,3.623613095E0
2.569181988E1,-2.418612462E0,1.905682425E0,3.276065707E0
2.570184288E1,-3.049353368E0,1.841564198E0,3.072945129E0
2.571186488E1,-3.784159511E0,1.842565826E0,3.140519062E0
2.572188787E1,-4.374663972E0,2.045584077E0,3.379502952E0
2.573190988E1,-4.656244243E0,2.252681345E0,3.389495843E0
2.574193288E1,-4.403349243E0,2.411144983E0,2.881423674E0
2.575195488E1,-3.676249146E0,2.626552899E0,2.232637675E0
2.576197788E1,-2.736326771E0,2.710537627E0,1.779384906E0
2.577199988E1,-1.907920155E0,2.634028564E0,1.460210547E0
2.578202288E1,-1.392236665E0,2.439542570E0,1.337382765E0
2.579204488E1,-1.193371691E0,2.140266870E0,1.395639160E0
2.580206788E1,-1.126970710E0,1.840560231E0,1.267030236E0
2.581209087E1,-1.032932864E0,1.707573497E0,9.528172392E-1
2.582211288E1,-8.892925036E-1,1.743728293E0,6.817566937E-1
2.583213588E1,-6.397350937E-1,1.867742474E0,4.954433531E-1
2.584215788E1,-3.258308297E-1,1.962750666E0,4.527838218E-1
2.585218088E1,-8.086172998E-2,2.088370492E0,5.373807532E-1
2.586220288E1,-6.592443287E-2,2.207356946E0,6.243463916E-1
2.587222588E1,-3.055550247E-1,2.333134355E0,5.981444335E-1
2.588224788E1,-5.311850435E-1,2.533669294E0,4.326115125E-1
2.589227088E1,-7.103525019E-1,2.752569167E0,2.148243642E-1
2.590229287E1,-7.133106083E-1,2.898470061E0,9.842033386E-3
2.591231588E1,-4.534042114E-1,2.840994563E0,-3.074980545E-1
2.592233788E1,1.635933995E-2,2.629239694E0,-8.554803944E-1
2.593236088E1,5.488676083E-1,2.316441724E0,-1.445297223E0
2.594238388E1,1.068179880E0,2.033875904E0,-1.851599774E0
2.595240588E1,1.454032964E0,1.865352133E0,-1.918963791E0
2.596242888E1,1.586886966E0,1.854710346E0,-1.583182170E0
2.597245088E1,1.478704121E0,1.897394436E0,-1.039781123E0
2.598247388E1,1.222935798E0,1.865243959E0,-5.841824520E-1
2.599249587E1,9.156318712E-1,1.530146462E0,-6.657090104E-1
2.600251888E1,6.055551946E-1,9.443403845E-1,-1.020787028E0
2.601254088E1,5.741766965E-1,4.041693400E-1,-1.306664418E0
2.602256388E1,8.914969039E-1,8.435558751E-2,-1.340194691E0
2.603258588E1,1.231406075E0,-1.414821535E-2,-1.326919173E0
2.604260888E1,1.297874883E0,1.697332683E-1,-1.452840132E0
2.605263088E1,9.925028765E-1,6.893881872E-1,-1.808083041E0
2.606265388E1,5.564736664E-1,1.586603668E0,-2.263869408E0
2.607267588E1,3.495155615E-1,2.721858421E0,-2.600712299E0
2.608269887E1,4.389159805E-1,3.750315242E0,-2.852461830E0
2.609272188E1,6.786904138E-1,4.154001456E0,-3.105753856E0
2.610274388E1,7.916358161E-1,3.643469947E0,-3.188238773E0
2.611276688E1,8.995070046E-1,2.346894023E0,-3.208376584E0
2.612278888E1,1.247759275E0,8.598634672E-1,-3.162378293E0
2.613281188E1,1.796364343E0,-6.542098761E-2,-2.974171039E0
2.614283388E1,2.325867143E0,-2.091437942E-1,-2.553318277E0
2.615285688E1,2.598295352E0,8.392625570E-2,-2.049999309E0
2.616287888E1,2.517101793E0,4.690262175E-1,-1.701238039E0
2.617290187E1,2.245083473E0,9.247085041E-1,-1.541361714E0
2.618292388E1,1.978383489E0,1.402851115E0,-1.519963828E0
2.619294688E1,1.931160498E0,1.669007601E0,-1.542779079E0
2.620296888E1,2.106402136E0,1.441072610E0,-1.607562720E0
2.621299188E1,2.646940678E0,6.109048122E-1,-1.649750381E0
2.622301488E1,3.433214597E0,-5.998588371E-1,-1.760275036E0
2.623303688E1,4.017861611E0,-1.814119706E0,-1.723178546E0
2.624305988E1,4.497028947E0,-2.603901370E0,-1.561810597E0
2.625308188E1,5.222212034E0,-2.772540917E0,-1.593448711E0
2.626310487E1,5.974744595E0,-2.049337989E0,-1.703617855E0
2.627312688E1,6.149503838E0,-2.621406180E-1,-1.495620700E0
2.628314988E1,5.124733102E0,1.421951045E0,-6.722128683E-1
2.629317188E1,3.026118287E0,2.096751891E0,-8.148650497E-1
2.630319488E1,2.478137702E-2,2.543290887E0,-8.369979304E-1
2.631321688E1,-3.211539635E0,2.933665037E0,-9.687012005E-1
2.632323988E1,-5.679736193E0,2.991315075E0,-1.329124743E0
2.633326188E1,-6.828032284E0,2.241286876E0,-1.067273562E0
2.634328488E1,-5.082999185E0,5.290958333E-1,-8.282358778E-1
2.635330787E1,-1.011699286E0,-1.474729183E0,-1.394632854E0
2.636332988E1,2.681380194E0,-2.451738108E0,-1.981640680E0
2.637335300E1,4.577228187E0,-2.194671119E0,-2.269020805E0
2.638337500E1,5.242098999E0,-1.103349713E0,-1.479758373E0
2.639339800E1,5.827007090E0,5.562526417E-1,1.854239792E-1
2.640342000E1,6.718910961E0,1.859960123E0,1.728642769E0
2.641344300E1,6.627830637E0,1.722755207E0,2.704718478E0
2.642346500E1,5.397529685E0,9.743975580E-2,2.968130280E0
2.643348800E1,3.907604758E0,-1.594342166E0,9.636012590E-1
2.644351000E1,2.800078671E0,-4.861340010E-1,-1.358986473E0
2.645353300E1,2.378630663E0,1.813342611E0,-1.981870476E0
2.646355500E1,2.005445865E0,2.140032397E0,-1.690255798E0
2.647357800E1,5.467865843E-1,7.350528949E-1,-7.852921718E-1
2.648360100E1,-1.917936435E0,-1.257345493E0,-1.094130408E0
2.649362300E1,-4.100283670E0,-2.676255401E0,-1.743518670E0
2.650364600E1,-5.583448924E0,-2.666398165E0,-6.410343450E-1
2.651366800E1,-6.528937263E0,-1.476740041E0,4.047542077E-1
2.652369100E1,-6.459920822E0,3.361377168E-1,-7.082574445E-1
2.653371300E1,-4.404545291E0,1.803188336E0,-1.151986268E0
2.654373600E1,-2.104950857E0,1.803894680E0,-1.420638345E0
2.655375800E1,-4.955164433E-1,9.458976442E-1,-8.981498659E-2
2.656378100E1,7.256365389E-1,-2.056781495E-1,1.603679000E0
2.657380300E1,1.696955830E0,-1.218628739E0,8.459950411E-1
2.658382600E1,2.191295814E0,-1.535638459E0,-1.723887813E-1
2.659384800E1,2.364673359E0,-1.062299920E0,-4.158031064E-1
2.660387100E1,2.370495139E0,8.116753936E-2,-3.071033674E-1
2.661389400E1,1.599397961E0,1.382510406E0,-4.145827925E-1
2.662391600E1,4.854870066E-1,2.230085365E0,1.414833230E-1
2.663393900E1,-3.548102152E-1,2.159905913E0,1.130403610E0
2.664396100E1,-9.365122783E-1,1.209758513E0,1.441202418E0
2.665398400E1,-7.491294819E-1,-9.111131430E-2,1.247209929E0
2.666400600E1,-1.169557151E-1,-8.653510791E-1,8.849170321E-1
2.667402900E1,2.951943433E-1,-8.175313801E-1,1.594886541E-2
2.668405100E1,6.688018951E-1,-3.735236442E-1,-1.078786145E0
2.669407400E1,6.769649005E-1,1.897772312E-2,-6.681765354E-1
2.670409600E1,-1.406451246E-1,-5.038545728E-2,2.147933739E-1
2.671411900E1,-8.851389340E-1,-1.431059253E-1,-2.953779459E-1
2.672414100E1,-9.443150952E-1,-1.707971692E-1,-6.674596667E-2
2.673416400E1,-8.764093333E-1,-4.858387166E-1,-1.991468096E-1
2.674418600E1,-6.529372296E-1,-7.707671034E-1,-3.671186042E-1
2.675420900E1,-1.904286110E-1,-7.296769649E-1,9.127971411E-2
2.676423200E1,2.258525053E-1,-6.664176929E-1,-2.372232932E-1
2.677425400E1,3.827990824E-1,-6.452256292E-1,-1.213472664E-1
2.678427700E1,1.081530243E-1,-7.297518092E-1,3.754473782E-1
2.679429900E1,-6.420318800E-1,-7.114517784E-1,2.858019608E-1
2.680432200E1,-9.240401673E-1,-4.854703420E-1,4.013499588E-1
2.681434400E1,-7.130252641E-1,-2.338231373E-1,-4.226607209E-1
2.682436700E1,-4.239889160E-1,-1.678004712E-1,-7.630704135E-1
2.683438900E1,-2.268573493E-2,-3.420077366E-1,-9.828000069E-3
2.684441200E1,2.279715362E-1,-5.559556031E-1,3.706661099E-1
2.685443400E1,2.405866116E-1,-6.484439367E-1,4.192272359E-1
2.686445700E1,-1.323371083E-1,-3.665964478E-1,7.940612411E-1
2.687447900E1,-5.660373724E-1,2.860077828E-1,6.222893411E-1
2.688450200E1,9.318064392E-2,8.505804276E-1,-4.814503813E-1
2.689452400E1,1.148399878E0,8.290907407E-1,-6.506150079E-1
2.690454700E1,1.236843693E0,1.617714071E-1,-8.675589877E-1
2.691457000E1,4.866093796E-1,-4.703634757E-1,2.830362278E-1
2.692459200E1,-1.034866539E-1,-7.889010733E-1,2.812256960E0
2.693461500E1,-2.563618147E-1,-3.753356963E-1,1.284840270E0
2.694463700E1,-2.243907014E-1,9.295336264E-1,-1.373944820E0
2.695466000E1,-3.045010641E-1,1.747457355E0,-1.783487898E0
2.696468200E1,7.246863663E-2,1.229426208E0,-1.135132254E0
2.697470500E1,1.554096365E-1,-9.485937953E-3,3.516497952E-1
2.698472700E1,-3.037008727E-1,-7.159208053E-1,6.788681692E-1
2.699475000E1,-3.392393723E-1,-4.871917623E-1,6.914601481E-1
2.700477200E1,1.323996735E-1,1.207426643E-1,2.860446203E-1
2.701479500E1,4.352570853E-1,3.738200980E-1,-2.539112467E-1
2.702481700E1,2.653358290E-1,1.060942197E-1,-1.110524831E0
2.703484000E1,-8.755328357E-2,-2.049449086E-3,-3.980293250E-1
2.704486300E1,-4.366013601E-1,2.315053010E-1,3.089861709E-1
2.705488500E1,-6.171125087E-1,9.559677190E-1,-1.892942512E-1
2.706490800E1,2.109941456E-1,1.410008107E0,1.179476953E-1
2.707493000E1,1.500289702E0,7.642334247E-1,1.248060699E0
2.708495300E1,1.708262299E0,-6.654131413E-2,5.797075778E-1
2.709497500E1,1.168286259E0,-2.726965964E-1,-6.840131342E-1
2.710499800E1,1.864001718E-1,-2.338447720E-1,-2.612138343E-1
2.711502000E1,-3.716212526E-1,-7.487657851E-1,1.075308806E0
2.712504300E1,-3.655559358E-1,-1.439444160E0,7.943506783E-1
2.713506500E1,3.276896596E-2,-1.335544401E0,6.564376652E-2
2.714508800E1,5.122760251E-1,2.637854397E-2,-4.414998651E-2
2.715511000E1,1.310395526E0,1.651115706E0,-2.534183264E-3
2.716513300E1,2.424346826E0,2.610329799E0,-4.281155884E-1
2.717515600E1,2.349578772E0,2.647149131E0,-8.230716169E-2
2.718517800E1,1.045257918E0,1.541378671E0,-3.980375111E-2
2.719520100E1,-4.746828139E-2,-4.127140224E-2,6.743775076E-1
2.720522300E1,-7.959572008E-1,-1.248562390E0,6.674228293E-1
2.721524600E1,-1.315229712E0,-1.578293313E0,-4.895633930E-1
2.722526800E1,-1.362509421E0,-1.541366392E0,-6.507705438E-1
2.723529100E1,-7.217221203E-1,-1.850778825E0,6.347205216E-1
2.724531300E1,-2.969485080E-1,-2.478223071E0,1.311481939E0
2.725533600E1,-8.350730270E-2,-2.417896762E0,1.168792920E0
2.726535800E1,1.989722702E-1,-1.369137824E0,7.752519178E-1
2.727538100E1,4.147424215E-1,1.857555163E-1,3.010275257E-1
2.728540300E1,8.432123512E-1,1.616279749E0,1.212887943E-2
2.729542600E1,1.133744709E0,2.274717162E0,-2.640818936E-1
2.730544900E1,6.422572902E-1,1.803067299E0,-4.147406673E-1
2.731547100E1,-8.722057700E-2,3.097059631E-1,6.559868449E-1
2.732549400E1,-8.027490342E-1,-1.168913957E0,1.002993366E0
2.733551600E1,-1.208755131E0,-1.748272457E0,9.930571926E-1
2.734553900E1,-1.163632168E0,-1.216272896E0,1.148076820E0
2.735556100E1,-6.474230129E-1,-6.526369750E-2,7.136772287E-1
2.736558400E1,4.288956070E-1,8.783371603E-1,-2.399241221E-1
2.737560629E1,9.859519485E-1,1.178274180E0,-7.189157492E-1
2.738562929E1,8.170235494E-1,7.567326164E-1,-7.388173324E-1
2.739565129E1,5.077760080E-1,-1.686336994E-1,-1.079136393E0
2.740567429E1,9.189571828E-2,-9.086315846E-1,-5.227410793E-4
2.741569629E1,-5.297837582E-1,-1.621979030E0,1.681293186E0
2.742571929E1,-1.238881740E0,-1.934179416E0,8.305578071E-1
2.743574129E1,-1.461028572E0,-1.175953420E0,3.548371124E-1
2.744576429E1,-1.262295161E0,-3.383731073E-1,-1.105878049E-1
2.745578729E1,-1.076239390E0,8.381439847E-1,-1.759795564E0
2.746580929E1,-9.113584337E-1,1.610148944E0,-2.382544497E0
2.747583229E1,-3.299496084E-1,8.688412821E-1,-1.032934034E0
2.748585429E1,3.348957682E-1,-8.282323694E-1,1.689669907E-1
2.749587729E1,6.414877966E-1,-2.272859502E0,4.650091803E-1
2.750589929E1,5.111135986E-1,-3.072742816E0,1.273938721E0
2.751592229E1,-1.499746495E-1,-2.895373376E0,7.491932166E-1
2.752594429E1,-8.988731664E-1,-1.270578327E0,-2.186116058E-1
2.753596729E1,-7.043263614E-1,9.757886106E-1,2.395656878E-1
2.754598929E1,2.628498852E-1,2.556124356E0,1.984726256E-1
2.755601229E1,1.420764353E0,3.441092843E0,-6.595086229E-1
2.756603429E1,2.052521213E0,3.298216129E0,-1.408805335E0
2.757605729E1,1.985501012E0,1.670825500E0,2.810867661E-1
2.758607929E1,1.275338837E0,-5.148835909E-1,9.039467955E-1
2.759610229E1,5.583175859E-1,-2.016921026E0,7.337793714E-1
2.760612529E1,-5.418907106E-2,-2.684678900E0,6.959993416E-1
2.761614729E1,-6.047924253E-1,-2.369000006E0,9.948160350E-2
2.762617029E1,-8.747209498E-1,-6.163497394E-1,-3.607205808E-2
2.763619229E1,-1.367204150E0,1.670936013E0,-1.025396388E0
2.764621529E1,-1.398083003E0,3.289532429E0,-1.734640258E0
2.765623729E1,-7.992430437E-1,3.335629538E0,-3.250560737E-1
2.766626029E1,-3.251525527E-1,1.849178442E0,-2.124854779E-1
2.767628229E1,-2.088195661E-1,5.775055164E-1,-3.984088093E-1
2.768630529E1,2.147214532E-1,1.033770186E-1,8.530888832E-1
2.769632729E1,8.861189273E-1,-9.222403944E-2,5.106192166E-1
2.770635029E1,1.580442749E0,3.154204470E-1,-5.432379091E-1
2.771637229E1,1.322312444E0,1.101091518E0,-2.799220008E-1
2.772639529E1,4.483130407E-1,1.235181037E0,-5.399897808E-1
2.773641829E1,5.278018445E-2,1.138297352E0,1.733752066E-1
2.774644029E1,-7.717125982E-2,7.457234788E-1,7.417894721E-1
2.775646329E1,9.470355123E-2,2.294605297E-1,1.060035878E-1
2.776648529E1,3.622066507E-1,9.466057420E-2,4.930547655E-1
2.777650829E1,6.290136391E-1,2.087988085E-1,-1.168653756E-1
2.778653029E1,7.962089235E-1,7.215774018E-1,-1.332412047E0
2.779655329E1,5.334271583E-1,1.520177836E0,-1.553880603E0
2.780657529E1,-6.210561633E-2,1.499915480E0,-1.307232767E-1
2.781659829E1,-6.802761787E-1,5.090235114E-1,2.707395333E-1
2.782662029E1,-1.176828164E0,-6.229348737E-1,5.321936882E-1
2.783664329E1,-8.578131410E-1,-1.167431688E0,1.211485196E0
2.784666529E1,2.931118575E-1,-9.302627742E-1,9.109944445E-1
2.785668829E1,1.224484433E0,-9.642760277E-2,-8.501132351E-1
2.786671029E1,1.138885874E0,6.986808747E-1,-4.444854534E-1
2.787673329E1,1.023261570E0,1.025462462E0,1.160713238E0
2.788675629E1,9.340666804E-1,1.076464216E0,6.167210376E-1
2.789677829E1,8.132143807E-1,9.957615298E-1,9.378717560E-1
2.790680129E1,1.001923326E0,6.310028619E-1,8.886528182E-1
2.791682329E1,1.139931941E0,2.466414034E-1,2.751290381E-2
2.792684629E1,1.097198150E0,-1.747767842E-1,-3.529905617E-2
2.793686829E1,1.098858759E0,-5.272446048E-1,1.033888299E0
2.794689129E1,8.747855616E-1,-4.772351235E-1,5.380122524E-1
2.795691329E1,2.881209666E-1,-3.957459873E-1,-2.387073165E-1
2.796693629E1,-2.712459022E-1,-3.224938238E-1,4.206627274E-1
2.797695829E1,-5.147929591E-1,-5.074699062E-1,-8.846837282E-2
2.798698129E1,-2.716154462E-1,-6.978447229E-1,-5.343928260E-1
2.799700329E1,3.126108599E-1,-1.270046815E0,5.632570213E-1
2.800702629E1,4.229612678E-1,-2.013403925E0,2.698688829E-1
2.801704929E1,-2.243050396E-2,-2.096523265E0,1.750931185E-1
2.802707129E1,-3.808332485E-1,-1.442567743E0,7.636563045E-1
2.803709429E1,-5.721523905E-1,-3.460850000E-1,5.349605906E-1
2.804711629E1,-3.445904517E-1,4.516266578E-1,-1.762491131E-1
2.805713929E1,1.178313357E-1,6.037448967E-1,-1.171800143E0
2.806716129E1,2.700074619E-1,-1.824904311E-1,-1.235440654E-1
2.807718429E1,3.272932184E-1,-1.405060778E0,1.052658446E0
2.808720629E1,4.573657000E-1,-2.220332794E0,1.298732670E0
2.809722929E1,3.436981666E-1,-2.382307100E0,1.530511036E0
2.810725129E1,6.715994954E-2,-1.773287430E0,9.060114473E-1
2.811727429E1,-2.359082544E-1,-5.597837752E-1,-1.236779666E-1
2.812729629E1,-4.453245288E-1,9.874070281E-1,-1.056182563E0
2.813731929E1,-5.022951204E-1,2.034477875E0,-1.049700925E0
2.814734129E1,-4.769895405E-1,1.694520172E0,-1.006871240E0
2.815736429E1,-6.994673252E-1,6.652780706E-1,-1.668507664E0
2.816738729E1,-1.025869136E0,-1.631981277E-1,-5.741071147E-1
2.817740929E1,-1.587008295E0,-1.219996403E0,3.616502881E-3
2.818743229E1,-1.676826498E0,-1.573217345E0,9.095946211E-1
2.819745429E1,-1.321445594E0,-1.456830271E0,1.276101606E0
2.820747729E1,-8.673277304E-1,-1.240536502E0,8.976972914E-1
2.821749929E1,-3.476228178E-1,-9.151465523E-1,3.988999754E-1
2.822752229E1,2.142004663E-1,-5.820435405E-1,3.676413453E-1
2.823754429E1,6.830422041E-1,-2.966245723E-1,-1.659235150E-1
2.824756729E1,6.741360176E-1,-9.182350516E-2,-3.930159223E-1
2.825758929E1,2.869386595E-1,-2.402661842E-1,-2.212182945E-1
2.826761229E1,-1.149509972E-1,-4.937844980E-1,2.870754844E-1
2.827763429E1,-4.793395364E-1,-6.342369568E-1,7.652695513E-1
2.828765729E1,-7.417941499E-1,-6.231763637E-1,3.686377108E-1
2.829767929E1,-6.194619200E-1,-3.608252460E-1,4.438755888E-1
2.830770229E1,-3.473164237E-1,-1.066023427E-1,-1.389900702E-1
2.831772529E1,-1.798159146E-1,3.427912635E-1,-1.285713844E0
2.832774729E1,9.190273494E-2,6.895767599E-1,-1.281820183E0
2.833777029E1,3.431166610E-1,4.798874205E-1,-5.544616395E-1
2.834779229E1,4.225578099E-1,1.944064718E-1,-4.294072384E-1
2.835781529E1,4.518897825E-1,3.018011123E-1,6.385025007E-1
2.836783729E1,4.047322807E-1,4.851171702E-1,6.003307074E-1
2.837785942E1,4.156238893E-1,7.840478843E-1,-9.081193686E-2
2.838788142E1,5.783220801E-1,1.104809178E0,-3.959559023E-2
2.839790442E1,7.896661815E-1,1.009437582E0,6.175419867E-2
2.840792642E1,1.063800608E0,5.041381627E-1,-4.999410313E-1
2.841794942E1,1.453175762E0,5.712028027E-2,-6.109469122E-1
2.842797142E1,1.444150877E0,-6.490877151E-2,-6.913952440E-1
2.843799442E1,9.593845394E-1,1.225132012E-1,-5.659139961E-1
2.844801742E1,8.354419863E-1,4.867041045E-1,7.150782216E-1
2.845803942E1,6.798361757E-1,5.739217579E-1,8.631572038E-1
2.846806242E1,1.044850659E-1,4.568148923E-1,-2.841799432E-1
2.847808442E1,-3.226487750E-1,5.559591115E-1,-9.508899969E-1
2.848810742E1,-2.427149981E-1,9.100255609E-1,9.963719791E-1
2.849812942E1,-6.714843053E-1,9.686304492E-1,5.893373573E-1
2.850815242E1,-7.725850028E-1,1.011298751E0,3.252981484E-2
2.851817442E1,-3.155865079E-1,7.895068449E-1,-2.173603016E-1
2.852819742E1,3.207840979E-2,3.765068936E-1,-5.705672103E-1
2.853821942E1,3.920444074E-1,2.412759984E-1,-7.627616805E-1
2.854824242E1,3.488671052E-1,4.625223595E-1,-3.046808660E-1
2.855826442E1,1.657250020E-1,9.529610807E-1,3.917137474E-1
2.856828742E1,2.004112700E-1,1.301623533E0,2.089245236E-1
2.857830942E1,1.401811481E-1,1.379258770E0,-7.070359612E-1
2.858833242E1,1.022280407E-1,1.292260972E0,-1.144194269E0
2.859835542E1,2.922429612E-1,1.409826259E0,8.555932456E-1
2.860837742E1,-2.889229122E-1,1.290931315E0,2.902838516E-1
2.861840042E1,-6.975944620E-1,1.336933699E0,-2.655372655E-1
2.862842242E1,-7.053981560E-1,1.151947677E0,-7.235420662E-1
2.863844542E1,-4.152265710E-1,6.588671833E-1,-7.356440485E-1
2.864846742E1,-4.424149543E-2,3.829750836E-1,7.208038151E-2
2.865849042E1,8.098218262E-2,1.737926978E-1,-2.002203584E-1
2.866851242E1,2.708751887E-2,-1.772986883E-1,-2.605571920E-1
2.867853542E1,6.031110585E-2,-5.667559952E-1,6.139675838E-1
2.868855742E1,-4.332786798E-4,-9.988652319E-1,6.172987425E-1
2.869858042E1,2.482932419E-2,-1.037780791E0,8.348321217E-1
2.870860242E1,2.860399425E-2,-6.132191402E-1,1.010907573E-1
2.871862542E1,-8.438672394E-2,1.009697199E-1,-1.096893802E0
2.872864842E1,-1.301876718E-1,6.426703960E-1,6.472516894E-2
2.873867042E1,-8.693289399E-2,5.693258464E-1,8.123986942E-1
2.874869342E1,1.046783164E-1,3.171734422E-1,6.979090422E-1
2.875871542E1,3.404415599E-1,3.564053357E-2,6.826466399E-1
2.876873842E1,2.631846383E-1,-1.603271449E-1,4.043472415E-1
2.877876042E1,3.558556974E-2,-5.311903059E-2,1.220998031E-1
2.878878342E1,-2.117133531E-1,1.313296330E-1,-6.375043809E-2
2.879880542E1,-2.654118428E-1,3.513001317E-1,-5.741147161E-1
2.880882842E1,-2.255572209E-1,5.263593364E-1,-5.447441518E-2
2.881885042E1,-4.207928279E-1,9.572652161E-2,6.585099185E-1
2.882887342E1,-3.972975460E-1,-5.015162712E-1,4.881483668E-1
2.883889542E1,-2.652261937E-1,-9.116487479E-1,5.112647492E-1
2.884891842E1,-2.841884217E-1,-9.848401004E-1,2.485844332E-1
2.885894042E1,-6.324173033E-2,-1.974750906E-1,-3.982538581E-2
2.886896342E1,-2.451570877E-1,6.728864676E-1,-1.405017509E0
2.887898642E1,-1.429679310E-1,1.362747402E0,-7.665992081E-2
2.888900842E1,3.904975265E-2,1.358854326E0,6.198721021E-1
2.889903142E1,1.223053327E-1,7.115532276E-1,3.398758417E-1
2.890905342E1,9.177088022E-2,7.469788760E-2,-5.534641045E-1
2.891907642E1,1.490776867E-2,-1.653019559E-1,-7.235286176E-2
2.892909842E1,2.124477634E-1,1.606873333E-2,5.690317315E-1
2.893912142E1,6.144985110E-1,-4.011131465E-2,-5.176481545E-2
2.894914342E1,9.303589609E-1,-4.060227612E-1,-1.330878907E-1
2.895916642E1,9.619856733E-1,-7.442298076E-1,-2.635930663E-1
2.896918842E1,8.411111543E-1,-1.011284718E0,-5.224072033E-1
2.897921142E1,7.807930318E-1,-8.195682576E-1,1.537472731E-1
2.898923342E1,7.792999452E-1,-5.415825623E-1,9.029393202E-1
2.899925642E1,1.005358857E0,-3.995025310E-1,2.294155061E-2
2.900927842E1,1.288854091E0,-1.422203645E-1,1.626104826E-1
2.901930142E1,1.069495504E0,-4.619709671E-1,6.429966706E-1
2.902932442E1,7.285230169E-1,-1.084930399E0,3.836492676E-1
2.903934642E1,7.171007735E-1,-1.298781202E0,1.768735957E-1
2.904936942E1,7.112038565E-1,-1.434577523E0,2.553935158E-1
2.905939142E1,9.332898778E-1,-1.045185120E0,1.703947054E0
2.906941442E1,1.203867443E0,-4.419875228E-1,1.565237065E0
2.907943642E1,1.490995553E0,1.243971741E-1,6.632409006E-1
2.908945942E1,1.243500456E0,4.635254493E-1,4.936336398E-2
2.909948142E1,5.168845081E-1,2.419838038E-1,1.757076609E-1
2.910950442E1,-2.489697647E-1,-2.303636321E-1,-2.136174989E-1
2.911952642E1,-7.444201344E-1,-4.622943181E-1,-7.290875655E-1
2.912954942E1,-9.572926980E-1,-6.555003566E-1,-5.477478665E-1
2.913957142E1,-9.491516197E-1,-9.493855083E-1,-1.217495549E-1
2.914959442E1,-9.574745464E-1,-1.220382319E0,-5.367188483E-1
2.915961742E1,-1.253974573E0,-1.264197260E0,-1.506378407E0
2.916963942E1,-1.480790407E0,-8.838060611E-1,-1.860946548E-1
2.917966242E1,-1.503139635E0,-6.214806712E-1,4.374658710E-1
2.918968442E1,-1.418859038E0,-3.577712452E-1,-1.014667332E-2
2.919970742E1,-1.035544816E0,-1.645833331E-1,2.508443820E-1
2.920972942E1,-6.396210730E-1,-3.870020610E-1,4.914228076E-1
2.921975242E1,-3.808303249E-1,-7.211423689E-1,1.147130156E-1
2.922977442E1,-5.057373762E-2,-8.283680248E-1,-3.911512452E-1
2.923979742E1,1.350648344E-1,-7.777013165E-1,-1.298964804E-1
2.924981942E1,2.589293271E-2,-7.597293144E-1,1.011983460E-1
2.925984242E1,-1.030279398E-1,-4.147447604E-1,-4.087385005E-1
2.926986442E1,-2.842974722E-2,3.170611757E-1,1.551085049E-1
2.927988742E1,1.443317941E-1,6.873694360E-1,8.856993896E-1
2.928990942E1,4.575706449E-1,7.035077512E-1,1.043643209E0
2.929993242E1,9.444472423E-1,6.390819597E-1,9.814674264E-1
2.930995442E1,1.273380020E0,6.144271749E-1,5.687060416E-1
2.931997742E1,1.364698618E0,7.386881089E-1,-3.375878263E-1
2.933000042E1,1.376375215E0,1.120552806E0,-1.349102340E0
2.934002242E1,1.230089282E0,1.367003590E0,-1.827575319E0
2.935004542E1,7.857289588E-1,1.374593861E0,-1.560663373E0
2.936006742E1,2.343172270E-1,1.107100702E0,-9.182368058E-1
2.937009042E1,-2.827187240E-1,7.316270113E-1,-1.402197397E-1
2.938011267E1,-6.715986183E-1,3.948355758E-1,5.964528340E-1
2.939013567E1,-6.585619587E-1,7.816557884E-2,1.131188892E0
2.940015767E1,-7.321240246E-2,-1.743113458E-1,1.367348576E0
2.941018067E1,9.374919793E-1,-3.358851171E-1,8.290392852E-1
2.942020267E1,1.813895758E0,-3.456072825E-1,-2.076808208E-1
2.943022567E1,2.099538967E0,-1.883148426E-1,1.180979687E-1
2.944024767E1,1.892641380E0,-1.188212693E-2,4.244289190E-1
2.945027067E1,1.504908417E0,1.818185860E-1,5.889678133E-1
2.946029367E1,1.164265421E0,3.311892182E-1,6.560780615E-1
2.947031567E1,8.353908232E-1,3.822517830E-1,7.005057907E-1
2.948033867E1,8.093786073E-1,2.467811519E-1,7.783082575E-1
2.949036067E1,1.006442346E0,1.269793046E-1,9.760844797E-1
2.950038367E1,1.102979292E0,1.592079878E-1,9.154166937E-1
2.951040567E1,8.903996739E-1,4.534357864E-1,4.069790733E-1
2.952042867E1,5.448163649E-1,9.128772479E-1,-2.310451251E-1
2.953045067E1,1.583241811E-1,1.263065239E0,-1.954630637E-1
2.954047367E1,-3.678860512E-1,1.335780044E0,-7.242928487E-1
2.955049567E1,-9.199734288E-1,1.211362404E0,-1.109372345E0
2.956051867E1,-1.470891656E0,8.723408407E-1,-3.486560208E-1
2.957054067E1,-2.042561066E0,3.704257894E-1,-3.096393049E-1
2.958056367E1,-2.466016424E0,2.176859915E-2,-3.559960306E-2
2.959058567E1,-2.712889377E0,7.860996723E-2,5.785094833E-1
2.960060867E1,-2.550351400E0,4.415133137E-1,5.388326168E-2
2.961063167E1,-1.621669713E0,9.282185876E-1,-9.980624092E-1
2.962065367E1,-4.559834182E-2,1.213584931E0,-1.425036621E0
2.963067667E1,1.197244887E0,7.385840285E-1,-1.277590892E0
2.964069867E1,1.310473002E0,-3.431333256E-1,-1.663883686E-2
2.965072167E1,3.183455166E-1,-1.572026267E0,9.230742073E-1
2.966074367E1,-9.705799109E-1,-2.363592501E0,1.215311614E0
2.967076667E1,-1.429979272E0,-2.314770005E0,9.066563952E-1
2.968078867E1,-8.883671817E-1,-1.630645773E0,-4.818298656E-1
2.969081167E1,-1.378153646E-1,-5.649398500E-1,-9.305229753E-1
2.970083367E1,2.954685777E-1,2.959117967E-1,-3.892579168E-1
2.971085667E1,3.074235025E-1,5.742223048E-1,-2.937582672E-2
2.972087867E1,-3.543675810E-2,4.484223837E-1,8.259560484E-1
2.973090167E1,-2.744209403E-1,1.519252807E-1,1.575680192E0
2.974092367E1,-2.041160658E-1,1.409722763E-1,1.814621397E0
2.975094667E1,6.015276325E-1,6.814169705E-2,1.767358938E0
2.976096967E1,1.987746635E0,-1.329329395E-1,6.680519897E-1
2.977099167E1,3.063477902E0,-2.357685059E-1,-1.743341500E-1
2.978101467E1,3.482423595E0,-3.665408993E-1,-2.076738042E-1
2.979103667E1,2.976055596E0,-7.972865653E-1,-9.679451555E-1
2.980105967E1,1.256192714E0,-1.225822569E0,-1.677772577E0
2.981108167E1,-9.064897496E-1,-1.257751290E0,-1.736666903E0
2.982110467E1,-2.569874083E0,-8.041816020E-1,-8.670438480E-1
2.983112667E1,-3.647076218E0,-6.722818655E-1,-3.921382552E-1
2.984114967E1,-4.153183722E0,-6.409630090E-1,-5.206091845E-1
2.985117167E1,-4.020437894E0,-6.355753845E-1,-6.220209539E-2
2.986119467E1,-3.287002923E0,-5.225007588E-1,-6.935557902E-2
2.987121667E1,-2.107286820E0,-1.993947315E-1,-4.333535242E-1
2.988123967E1,-6.360288361E-1,4.411636502E-1,-1.725185895E-1
2.989126167E1,9.128064966E-1,9.691637152E-1,4.524212945E-1
2.990128467E1,2.257945009E0,1.207995577E0,1.086118553E0
2.991130767E1,3.318487549E0,1.219078390E0,1.195297764E0
2.992132967E1,4.039188160E0,1.212039512E0,6.788406873E-1
2.993135267E1,4.273236123E0,1.041900154E0,1.212706679E-1
2.994137467E1,3.934379451E0,5.676430178E-1,2.212410986E-2
2.995139767E1,2.729114523E0,2.127959651E-1,1.077390414E-1
2.996141967E1,1.212842335E0,1.815724182E-1,2.358328253E-1
2.997144267E1,-9.183052182E-4,1.450670815E-1,3.068069136E-1
2.998146467E1,-9.423492613E-1,2.259071767E-2,-2.077749610E-1
2.999148767E1,-1.743375706E0,-8.829061747E-2,-6.225214756E-1
3.000150967E1,-2.208290454E0,-2.346780002E-1,-7.216434753E-1
3.001153267E1,-2.334474537E0,-4.948405051E-1,-9.990722233E-1
3.002155467E1,-2.308481909E0,-6.938627690E-1,-9.825591016E-1
3.003157767E1,-2.239726547E0,-7.733568352E-1,-6.139646602E-1
3.004159967E1,-2.050829029E0,-8.413628769E-1,-6.963273704E-2
3.005162267E1,-1.673607313E0,-9.274853468E-1,4.927150422E-1
3.006164567E1,-1.117653464E0,-8.817647982E-1,5.384086937E-1
3.007166767E1,-5.251156336E-1,-6.376067072E-1,1.227178538E-1
3.008169067E1,-5.495505631E-3,-3.756847751E-1,-4.176332849E-1
3.009171267E1,4.205659559E-1,-4.135589451E-1,-4.539444941E-1
3.010173567E1,8.830757439E-1,-7.034539568E-1,-8.627391279E-2
3.011175767E1,1.019118233E0,-1.061819864E0,4.010441494E-1
3.012178067E1,6.086992425E-1,-1.292565612E0,8.728273290E-1
3.013180267E1,2.689114013E-1,-1.144615268E0,7.257031971E-1
3.014182567E1,5.835579693E-2,-6.545151007E-1,-5.545820922E-1
3.015184767E1,-1.118437868E-1,-1.012147182E-1,-3.450050193E-1
3.016187067E1,-8.148767442E-2,1.805105639E-1,7.886952513E-1
3.017189267E1,4.516974092E-3,1.309653515E-1,6.291434473E-1
3.018191567E1,3.475301394E-1,1.303987563E-2,4.483218116E-1
3.019193767E1,7.339980572E-1,-1.949473393E-1,3.916734016E-1
3.020196067E1,7.395686996E-1,-3.503517133E-1,-3.876587033E-2
3.021198367E1,4.934345421E-1,-4.941160351E-1,-3.335801446E-1
3.022200567E1,2.108225298E-1,-5.622542238E-1,1.686149883E-1
3.023202867E1,-1.552283728E-1,-4.938897479E-1,2.549321705E-1
3.024205067E1,-3.412891138E-1,-5.299331546E-3,-2.639286965E-1
3.025207367E1,-3.356333944E-1,5.989384854E-1,-1.231651658E-1
3.026209567E1,1.636375460E-1,9.874660850E-1,5.846239167E-1
3.027211867E1,1.034430044E0,1.276185222E0,-2.241471648E-1
3.028214067E1,1.611088006E0,1.250732877E0,-5.376286751E-1
3.029216367E1,1.733621381E0,4.159656590E-1,5.501569194E-1
3.030218567E1,1.429434312E0,-6.306578761E-1,6.972892374E-1
3.031220867E1,8.383682254E-1,-1.243665932E0,3.137750405E-1
3.032223067E1,1.886142200E-1,-1.012016205E0,-3.949484271E-1
3.033225367E1,-8.550009227E-1,-1.387205136E-1,-6.478481054E-1
3.034227567E1,-1.642549827E0,9.992347759E-1,-9.095840961E-1
3.035229867E1,-1.579067484E0,2.026878834E0,-1.302605866E0
3.036232167E1,-1.140330136E0,2.182759756E0,-9.209545916E-1
3.037234367E1,-5.742983186E-1,1.269982495E0,-1.223114723E-1
3.038237017E1,4.223180741E-2,-5.432063341E-3,6.664171082E-1
3.039239217E1,5.775055164E-1,-1.176591936E0,1.112190118E0
3.040241517E1,1.132317112E0,-1.875073421E0,1.201874712E0
3.041243717E1,1.234412128E0,-1.870095102E0,3.421375448E-1
3.042246017E1,8.217106774E-1,-1.010225202E0,-7.223188287E-1
3.043248217E1,1.435041207E-1,2.792770529E-1,-2.621341860E-1
3.044250517E1,-2.096463624E-1,8.978452259E-1,4.414571804E-1
3.045252717E1,-1.079270294E-1,5.968065906E-1,-2.601777077E-2
3.046255017E1,-1.680612570E-1,-9.760347784E-2,1.016883427E-1
3.047257217E1,-2.365584648E-1,-8.649189699E-1,-2.519559377E-1
3.048259517E1,-1.615065283E-1,-9.452129352E-1,-7.789947206E-1
3.049261717E1,-1.120972636E-1,-8.094183683E-1,6.552085805E-1
3.050264017E1,3.792504072E-3,-6.138383603E-1,3.607217503E-1
3.051266217E1,2.778564718E-1,1.793346888E-1,2.020300716E-1
3.052268517E1,8.129495019E-1,9.294669682E-1,4.723778415E-1
3.053270817E1,1.432265241E0,1.029388282E0,-2.071978408E-1
3.054273017E1,1.975641437E0,6.455290997E-1,-2.355609298E-1
3.055275317E1,2.046388069E0,3.845129013E-3,7.136041385E-1
3.056277517E1,1.627839987E0,-7.123083955E-1,4.028503543E-1
3.057279817E1,8.671721944E-1,-6.504454386E-1,-1.753229141E-2
3.058282017E1,-1.872781312E-1,2.333173531E-1,2.169463187E-1
3.059284317E1,-9.434760198E-1,1.535802181E0,-8.099393553E-1
3.060286517E1,-1.027415724E0,2.370046658E0,-9.333524430E-1
3.061288817E1,-5.475847292E-1,1.732442874E0,6.785945195E-1
3.062291017E1,-9.691145986E-2,2.828941405E-2,9.147156125E-1
3.063293317E1,2.614544472E-1,-1.368385872E0,3.241655427E-1
3.064295517E1,3.481707019E-1,-2.059192302E0,2.311948138E-1
3.065297817E1,2.289319414E-1,-1.564509671E0,-5.728581494E-1
3.066300017E1,1.226731226E-1,1.601657617E-1,-7.502737820E-2
3.067302317E1,4.667569131E-1,1.585947903E0,3.961751729E-1
3.068304617E1,9.950902694E-1,1.707430825E0,-1.071689379E-1
3.069306817E1,1.347330049E0,5.989010632E-1,2.848453563E-1
3.070309117E1,1.516997243E0,-9.655320096E-1,1.781459498E-1
3.071311317E1,1.332954669E0,-1.782585087E0,-9.750056684E-2
3.072313617E1,6.045690617E-1,-1.477691383E0,2.988301420E-1
3.073315817E1,3.063941002E-4,-6.381288636E-1,2.251160485E-1
3.074318117E1,-3.380670056E-1,1.251818705E-1,-3.633453959E-1
3.075320317E1,-4.394021764E-1,3.134891117E-1,5.522239101E-1
3.076322617E1,-4.861325392E-1,-9.912433863E-2,3.908793497E-1
3.077324817E1,-2.737757000E-1,-2.826643449E-1,5.068582875E-1
3.078327117E1,1.197799203E-1,3.129429817E-2,5.542090398E-1
3.079329317E1,6.338343760E-1,3.200549501E-1,4.603355008E-1
3.080331617E1,7.537970218E-1,4.427529234E-1,-4.630614728E-1
3.081333817E1,2.649499127E-1,4.834928137E-1,-8.254888558E-1
3.082336117E1,-1.544556633E-1,5.437062711E-1,2.465455091E-1
3.083338417E1,-3.498693180E-1,8.134494388E-1,6.394216830E-1
3.084340617E1,-6.556596932E-1,1.157079778E0,-1.223524028E-1
3.085342917E1,-6.929810089E-1,1.049414996E0,4.789074272E-1
3.086345117E1,-2.353077453E-1,5.545329756E-1,1.006644952E-1
3.087347417E1,1.034723282E-1,2.831134111E-1,-3.548938304E-1
3.088349617E1,4.991539961E-1,-2.606396377E-2,-1.132605672E-2
3.089351917E1,9.687491477E-1,-4.248733073E-1,6.397263229E-2
3.090354117E1,8.104982029E-1,-7.130919224E-1,-3.747082901E-1
3.091356417E1,2.360140890E-1,-9.366327310E-1,-5.644796741E-1
3.092358617E1,-2.239242397E-1,-7.166411823E-1,6.712018847E-3
3.093360917E1,-6.646334150E-1,1.287399012E-1,9.768709302E-2
3.094363117E1,-7.411394079E-1,8.885844058E-1,-6.520545924E-1
3.095365417E1,-2.975497480E-1,7.365497822E-1,-1.688038534E-1
3.096367617E1,2.290825072E-1,-2.970736384E-1,7.159061873E-1
3.097369917E1,6.460315217E-1,-1.103226922E0,2.565904409E-1
3.098372217E1,8.611207648E-1,-1.331380599E0,2.834139580E-1
3.099374417E1,1.201672545E0,-1.261777682E0,2.583995694E-1
3.100376717E1,1.094585468E0,-5.229124027E-1,-5.519420743E-2
3.101378917E1,5.833256887E-1,4.052804571E-1,-1.511797607E-2
3.102381217E1,4.387661456E-1,6.976336384E-1,-1.865086377E-1
3.103383417E1,6.061270523E-1,1.900543892E-1,-1.215870023E-2
3.104385717E1,5.323958556E-1,-3.917073154E-1,-3.015800875E-1
3.105387917E1,4.034663585E-1,-5.914300758E-1,3.301513374E-2
3.106390217E1,5.550969395E-1,-5.751093274E-1,-4.155025595E-1
3.107392417E1,3.697524825E-1,-1.366529381E-1,1.574240023E-1
3.108394717E1,1.710693571E-1,3.038757044E-1,9.539451671E-1
3.109396917E1,1.288349184E-1,6.214637142E-1,-1.790049058E-1
3.110399217E1,-2.546330854E-1,9.530306625E-1,-6.712749749E-1
3.111401417E1,-4.482640703E-1,6.859777987E-1,-2.120381659E-1
3.112403717E1,-2.389511454E-1,-8.020567238E-2,-1.471024972E-1
3.113406017E1,6.766748786E-2,-7.737930375E-1,-6.197919953E-1
3.114408217E1,2.448062548E-1,-9.818053955E-1,7.833222449E-2
3.115410517E1,1.645558512E-1,-3.239199597E-1,1.330166717E0
3.116412717E1,3.236916259E-2,1.181962604E0,6.662843764E-2
3.117415017E1,-2.746007422E-1,2.780763856E0,-8.275511688E-1
3.118417217E1,-2.897302665E-1,2.870751920E0,-4.518272173E-1
3.119419517E1,5.039484937E-1,1.392474647E0,-4.039163017E-1
3.120421717E1,1.039704233E0,1.090874094E-1,5.143450624E-1
3.121424017E1,1.393418972E0,-4.153780138E-1,5.398617268E-1
3.122426217E1,1.564292886E0,-2.642941475E-3,4.820111293E-1
3.123428517E1,1.053560453E0,1.578861077E0,-4.964052200E-2
3.124430717E1,4.885233926E-1,2.988517767E0,-1.177777167E0
3.125433017E1,4.003074002E-1,2.613466830E0,-7.084363693E-1
3.126435217E1,7.045074058E-1,3.289193290E-1,-2.217977536E-1
3.127437517E1,5.239360309E-1,-1.813096443E0,-1.363225704E-1
3.128439717E1,-2.870797236E-1,-2.556334271E0,7.885905862E-1
3.129442017E1,-9.670556478E-1,-1.736093291E0,2.086584753E-1
3.130444317E1,-1.604915393E0,-3.666613519E-2,-9.615032780E-1
3.131446517E1,-1.882522189E0,1.083607759E0,-9.508806413E-1
3.132448817E1,-1.225239382E0,9.189571828E-1,1.145586491E-2
3.133451017E1,6.614311874E-2,1.741166335E-1,3.930989528E-1
3.134453317E1,1.425578219E0,-1.743236250E-1,7.274415743E-1
3.135455517E1,2.122758552E0,3.732570112E-2,5.755250645E-1
3.136457817E1,2.438280595E0,4.816082561E-1,1.964810640E-1
3.137460017E1,2.641909149E0,9.135543555E-1,1.302954944E0
3.138461987E1,1.939693779E0,1.155173001E0,9.634679425E-1
3.139464188E1,3.868516779E-1,1.584915869E0,3.824786550E-1
3.140466488E1,-1.061655119E0,1.952700471E0,-5.896425819E-1
3.141468688E1,-1.778051741E0,1.760962084E0,-7.659215158E-1
3.142470988E1,-2.050112891E0,1.121640388E0,-1.227400732E-1
3.143473188E1,-1.435474486E0,1.340474188E-2,-8.246035874E-1
3.144475488E1,-2.165352047E-1,-1.159505203E0,-3.766372865E-1
3.145477788E1,4.281451900E-1,-2.073416238E0,-9.337114620E-1
3.146479988E1,5.094754281E-1,-1.771906902E0,-8.978171593E-1
3.147482287E1,7.246573495E-1,-1.498635525E-1,6.173016661E-1
3.148484488E1,1.234486680E0,1.934428507E0,-2.722755969E-1
3.149486788E1,1.580229034E0,2.769980421E0,-1.112000084E-1
3.150488988E1,2.243836262E0,1.176841028E0,3.959968328E-1
3.151491288E1,2.360336918E0,-1.296671526E0,4.555863923E-1
3.152493488E1,1.365910600E0,-2.322718125E0,6.883505988E-1
3.153495788E1,6.075841054E-1,-1.327170019E0,1.892574137E-1
3.154497988E1,-1.437888801E-2,6.908339113E-1,3.926288366E-2
3.155500288E1,-5.105747046E-1,1.962642492E0,2.623236358E-1
3.156502488E1,3.040600562E-1,1.629144208E0,2.658553541E-1
3.157504788E1,9.148826967E-1,1.127565372E-1,7.035270470E-1
3.158506988E1,9.616249001E-1,-1.026019701E0,5.054403377E-1
3.159509288E1,1.483388617E0,-1.281268206E0,1.582718486E0
3.160511488E1,1.992624821E0,-1.325494207E0,2.123296496E0
3.161513788E1,1.743598485E0,-1.392162990E0,8.276643124E-1
3.162516088E1,9.530899387E-1,-1.111218896E0,1.195165032E-1
3.163518288E1,1.943546509E-1,-7.714939123E-1,-7.408884162E-1
3.164520588E1,-9.950585483E-1,-3.241561872E-1,-5.381081468E-1
3.165522788E1,-1.838141091E0,7.190321088E-2,-1.467779183E0
3.166525088E1,-1.951569035E0,6.154486835E-2,-7.017915934E-1
3.167527287E1,-1.697785258E0,-7.366509390E-1,-3.316751218E-1
3.168529588E1,-7.294011225E-1,-1.695138808E0,-1.518559327E0
3.169531788E1,3.481870375E-1,-1.941808278E0,-6.375277698E-2
3.170534088E1,8.998691665E-1,-1.292180280E0,-3.384426892E-2
3.171536288E1,1.245149955E0,8.904432356E-2,-1.669362527E-1
3.172538588E1,1.593643423E0,9.991681176E-1,2.723785079E-1
3.173540788E1,1.953874592E0,9.414204311E-1,-1.519276196E-1
3.174543088E1,1.812369342E0,-2.076404750E-2,-1.120730562E0
3.175545288E1,9.735236916E-1,-1.375252258E0,-7.457386816E-1
3.176547587E1,-4.948732861E-1,-2.315979794E0,-5.821885514E-1
3.177549888E1,-1.705857485E0,-2.299685358E0,-6.264437878E-1
3.178552088E1,-2.549589508E0,-9.076305413E-1,2.360173050E-1
3.179554388E1,-2.652166627E0,8.732372189E-1,-1.635735190E-1
3.180556588E1,-2.410107687E0,1.989050857E0,-2.330249923E-1
3.181558888E1,-1.468154866E0,2.104730417E0,-3.128994200E-1
3.182561088E1,1.667242363E-1,1.467586809E0,-1.681419486E-1
3.183563388E1,1.880278759E0,1.003278126E0,9.171889848E-1
3.184565588E1,3.014496362E0,8.902795136E-1,7.153474858E-1
3.185567887E1,2.560425568E0,4.609360099E-1,1.083518296E-1
3.186570088E1,5.433976112E-1,-2.530499518E-2,-2.851535046E-1
3.187572388E1,-1.926101633E0,5.111945826E-1,-1.399037561E0
3.188574588E1,-3.914785724E0,2.020799484E0,-1.520180175E0
3.189576888E1,-4.661010894E0,3.002687325E0,-8.165785763E-1
3.190579088E1,-3.100311853E0,2.554015265E0,-5.841201791E-1
3.191581388E1,-4.579724217E-1,1.045063498E0,1.175315197E0
3.192583588E1,1.861795856E0,-3.595938224E-1,1.373696314E0
3.193585888E1,3.449938511E0,-8.276166576E-1,1.317231506E-1
3.194588187E1,3.970007705E0,-6.719304478E-1,5.987303245E-1
3.195590388E1,3.200616744E0,-4.453245288E-1,2.188835013E-1
3.196592688E1,1.845664996E0,-1.396724403E-1,3.930691320E-1
3.197594888E1,1.966558957E-1,9.386184454E-2,9.045642614E-3
3.198597188E1,-1.705616141E0,2.290447927E-1,-8.039196467E-1
3.199599388E1,-3.345117815E0,-4.159984034E-1,-1.027811873E0
3.200601688E1,-4.150375597E0,-1.642701563E0,-1.260342191E0
3.201603888E1,-4.101294069E0,-2.694912697E0,-5.408113146E-1
3.202606188E1,-3.224674528E0,-2.469558082E0,-1.413214720E0
3.203608387E1,-8.010689098E-1,-9.834876394E-1,-1.179450932E0
3.204610688E1,1.503679917E0,3.128096652E-1,-4.516857147E-1
3.205612888E1,2.448073950E0,1.158974276E0,-7.288788199E-2
3.206615188E1,1.949692371E0,1.301082081E0,-4.617204139E-1
3.207617388E1,1.750242091E0,4.415565830E-1,1.920810342E-2
3.208619688E1,1.794020049E0,-9.798044783E-1,-6.226758420E-1
3.209621988E1,1.645533515E0,-1.944828950E0,-1.150977623E-1
3.210624188E1,1.206089385E0,-2.105074818E0,1.197457433E0
3.211626488E1,5.347857223E-1,-1.489524978E0,9.732447794E-1
3.212628687E1,-3.031773641E-1,-5.459469241E-1,-8.022707319E-1
3.213630988E1,-8.898833647E-1,3.756912071E-1,-1.111401037E0
3.214633188E1,-9.377297417E-1,2.483452821E-1,-1.299137590E0
3.215635488E1,-7.935823542E-1,-7.422970104E-1,-8.749650711E-1
3.216637688E1,-4.603729230E-1,-1.668306520E0,8.392245501E-2
3.217639988E1,-3.515223624E-2,-1.992103688E0,-4.956573611E-1
3.218642188E1,-5.828347418E-1,-1.449738184E0,-1.815078065E-1
3.219644488E1,-1.395972743E0,-6.884014696E-1,3.812905008E-1
3.220646688E1,-1.612025754E0,1.424065983E-1,-3.842073843E-1
3.221648987E1,-1.279161308E0,9.426033229E-1,-1.534331022E0
3.222651188E1,-5.742137167E-1,1.465993443E0,-8.159409374E-2
3.223653488E1,5.576580565E-1,7.697666448E-1,3.254115844E-1
3.224655688E1,1.407977077E0,-4.303258359E-1,-4.899639273E-1
3.225657988E1,1.617449777E0,-8.143031323E-1,2.580025434E-2
3.226660288E1,1.567652550E0,-5.250273407E-1,5.314277029E-1
3.227662488E1,1.473856486E0,-8.779535830E-2,9.154155242E-1
3.228664788E1,1.252311479E0,2.749740869E-1,7.311870083E-1
3.229666988E1,4.130651842E-1,9.730579609E-1,4.058289260E-2
3.230669287E1,-8.598935804E-1,1.578493288E0,-4.980412710E-1
3.231671488E1,-1.421418949E0,1.529991218E0,-3.379678953E-1
3.232673788E1,-1.328231142E0,5.234292966E-1,7.064547479E-1
3.233675988E1,-9.753461225E-1,-6.864110774E-1,7.563905543E-1
3.234678288E1,-6.491554698E-1,-1.175515464E0,4.081435463E-1
3.235680488E1,-1.552264176E-1,-8.533432370E-1,-3.060640249E-1
3.236682788E1,-2.018862849E-1,2.199102724E-1,-1.006862176E0
3.237684988E1,-7.026991909E-2,8.823109281E-1,-1.156663748E0
3.238687338E1,1.074645329E-1,2.746542442E-1,-1.631876028E-1
3.239689538E1,-2.580015567E-1,-8.608107162E-1,1.314952554E0
3.240691838E1,-1.014779306E0,-1.571665494E0,6.866125140E-1
3.241694037E1,-1.509953541E0,-1.186549745E0,7.222799447E-1
3.242696338E1,-9.151119076E-1,-2.769650638E-1,4.551648080E-2
3.243698638E1,-3.139211844E-1,3.644142669E-1,-4.567745465E-1
3.244700838E1,3.136898904E-1,3.232814437E-1,-1.655302897E-1
3.245703138E1,1.847705236E0,-5.861968178E-1,4.882050848E-1
3.246705338E1,2.914983183E0,-1.618566595E0,-7.115619984E-1
3.247707638E1,3.016929973E0,-1.805423727E0,-1.068598249E0
3.248709838E1,2.832980661E0,-1.528033571E0,5.521215838E-1
3.249712138E1,1.658633471E0,-6.602342623E-1,4.362280154E-1
3.250714337E1,-9.621348504E-1,6.967618185E-1,-1.649563855E-1
3.251716638E1,-3.070993621E0,1.477067485E0,1.542925259E-1
3.252718838E1,-3.585272902E0,8.825044709E-1,-4.781391031E-1
3.253721138E1,-2.574303057E0,-5.054532015E-1,-4.507735491E-1
3.254723338E1,-8.226479861E-1,-1.364285805E0,-6.716752169E-1
3.255725638E1,1.037987271E0,-1.515845634E0,-7.540753493E-1
3.256727838E1,2.298603038E0,-1.469113517E0,1.701481283E-1
3.257730138E1,2.365113508E0,-1.461192294E0,5.592247814E-2
3.258732338E1,1.362225100E0,-6.108440012E-1,4.351100278E-1
3.259734637E1,-1.699701536E-2,8.237650967E-1,8.830465078E-1
3.260736938E1,-1.091779389E0,1.605137295E0,1.545623749E-2
3.261739138E1,-2.101981641E0,1.253063577E0,-5.665066114E-1
3.262741438E1,-1.804247560E0,5.596112823E-1,2.269742936E-1
3.263743638E1,-2.670952561E-1,-1.550213814E-2,3.265015054E-1
3.264745938E1,7.103510401E-1,6.406209469E-2,9.225409412E-1
3.265748138E1,1.002054157E0,6.165444517E-1,7.335346654E-1
3.266750438E1,1.007712069E0,9.299417621E-1,1.335992298E-1
3.267752638E1,2.974963921E-1,8.432959664E-1,-5.519999617E-1
3.268754937E1,-1.661008318E-1,3.974311548E-1,-3.921034643E-1
3.269757138E1,-9.007928073E-3,-4.455367827E-1,-4.396547762E-1
3.270759438E1,-1.452851461E-1,-1.088088480E0,-1.282172771E0
3.271761638E1,-1.908359427E-2,-1.005305355E0,-4.768243566E-1
3.272763938E1,-2.004952506E-1,-4.820684320E-1,2.924400124E-1
3.273766138E1,-1.243394182E0,2.711529315E-2,5.311610699E-2
3.274768438E1,-1.884459956E0,7.423747784E-1,6.063533396E-2
3.275770738E1,-1.582655628E0,1.230593312E0,9.315462381E-2
3.276772938E1,-7.038981991E-1,1.066643817E0,2.106766418E-1
3.277775237E1,4.762566285E-1,4.589327538E-1,8.657890356E-1
3.278777438E1,1.214418159E0,-3.389923275E-1,8.791627872E-1
3.279779738E1,1.187793301E0,-3.966382724E-1,5.533269873E-1
3.280781938E1,1.182988279E0,7.202951074E-2,5.507068500E-1
3.281784238E1,1.311381367E0,3.665397298E-1,4.561638048E-1
3.282786438E1,8.744562902E-1,3.670969695E-1,4.967326641E-1
3.283788738E1,4.196560926E-1,4.286055851E-1,1.236870298E-1
3.284790938E1,9.841496173E-2,5.838906759E-1,-4.717185679E-1
3.285793238E1,-6.429281120E-1,1.470639056E-1,-2.689611027E-1
3.286795437E1,-1.238439544E0,-1.008887359E0,-2.943204769E-1
3.287797738E1,-1.221621856E0,-2.475396527E0,3.656676176E-1
3.288799938E1,-7.549110626E-1,-3.173140678E0,2.666502830E-1
3.289802238E1,-5.890716013E-1,-2.202054398E0,-5.688799962E-1
3.290804438E1,-6.418981981E-1,-4.145447856E-1,-4.690624702E-1
3.291806738E1,-8.059809364E-2,8.154661435E-1,-2.736102238E-1
3.292808938E1,6.771357123E-1,9.318397683E-1,-3.552329689E-2
3.293811238E1,1.062234724E0,-2.390172189E-1,9.171802139E-1
3.294813538E1,7.324874291E-1,-1.447937241E0,1.300665467E0
3.295815738E1,2.180505654E-1,-1.456073057E0,8.426717761E-1
3.296818038E1,-4.740058890E-1,-4.680479783E-1,-3.544824788E-1
3.297820238E1,-9.873403698E-1,6.248656243E-1,-1.299096659E0
3.298822538E1,-3.526015392E-1,4.422295976E-1,-1.551723273E0
3.299824738E1,8.664046012E-1,-5.819096392E-1,-1.356537659E0
3.300827038E1,2.416563890E0,-1.502034511E0,-8.027469876E-1
3.301829238E1,3.435380114E0,-2.088328393E0,-6.815368384E-1
3.302831538E1,2.751869255E0,-1.772489285E0,2.152003402E-1
3.303833738E1,1.096692220E0,-1.968383288E-1,3.759350359E-1
3.304836038E1,-1.273502007E-1,2.150173808E0,-4.657611322E-1
3.305838238E1,-8.194067283E-1,3.386012072E0,-3.682210967E-1
3.306840538E1,-8.915360072E-1,3.053455190E0,3.653869513E-1
3.307842738E1,-4.819226901E-1,1.975385329E0,3.806876528E-1
3.308845038E1,-7.816043329E-1,8.281896847E-1,3.449564874E-1
3.309847338E1,-1.709194930E0,-2.250113833E-1,1.119928616E0
3.310849538E1,-2.530730483E0,-5.135977882E-1,1.119379562E0
3.311851838E1,-2.560225300E0,2.983851689E-1,1.055004642E0
3.312854038E1,-1.137405213E0,1.284129834E0,9.748211887E-1
3.313856338E1,7.354767450E-1,1.763271149E0,5.241189757E-1
3.314858538E1,2.076619489E0,1.764664541E0,1.080659300E0
3.315860838E1,2.327276760E0,1.967314417E0,1.575934254E0
3.316863038E1,1.558575478E0,2.517515776E0,1.325138111E0
3.317865338E1,4.698484091E-1,2.482776883E0,1.483759916E0
3.318867538E1,-2.751183304E-1,1.484948947E0,7.715833747E-1
3.319869838E1,-6.498675875E-1,3.904039711E-1,3.550078511E-1
3.320872038E1,-1.216311634E0,2.315041316E-1,5.949328503E-1
3.321874338E1,-1.819556009E0,1.189918910E0,3.860170975E-1
3.322876538E1,-2.308537896E0,1.709551610E0,-3.675217697E-1
3.323878838E1,-2.634885474E0,6.190488142E-1,-6.598825523E-1
3.324881037E1,-2.082508513E0,-4.434803170E-1,-3.145538896E-2
3.325883338E1,-1.752180114E-1,-3.381783950E-1,3.738312078E-1
3.326885638E1,1.845532849E0,5.328743041E-1,1.053390225E0
3.327887838E1,2.820022939E0,1.783046433E0,5.999067843E-1
3.328890138E1,2.986791377E0,2.898751312E0,7.501419273E-1
3.329892338E1,2.486544536E0,2.726616885E0,5.275334573E-1
3.330894638E1,8.370462430E-1,1.029354953E0,5.208407342E-2
3.331896838E1,-1.256728319E0,-6.048716551E-1,7.290016115E-1
3.332899138E1,-2.428378774E0,-1.122809832E0,7.385413438E-2
3.333901337E1,-2.810362462E0,-5.952711117E-1,-1.085881449E0
3.334903638E1,-1.997167962E0,5.734750307E-1,-1.502584149E0
3.335905838E1,6.082628575E-1,1.149871915E0,-1.566862591E0
3.336908138E1,3.209186131E0,2.158955741E-1,-2.426861129E0
3.337910304E1,4.092323271E0,-1.161455834E0,-1.041763330E0
3.338912604E1,2.767733336E0,-1.089209976E0,1.111063360E0
3.339914804E1,9.846875612E-1,1.039684060E0,1.405429738E0
3.340917104E1,-5.651005936E-2,3.841097358E0,1.367640352E0
3.341919304E1,-9.080838467E-1,5.712601638E0,1.549878476E0
3.342921604E1,-1.148423779E0,5.105093474E0,1.158333713E0
3.343923804E1,2.763036889E-2,1.523452277E0,1.423778885E0
3.344926104E1,1.347747248E0,-1.418465520E0,7.753662309E-1
3.345928404E1,1.964809324E0,-2.153418428E0,2.062359738E-1
3.346930604E1,1.841902898E0,-1.437159069E0,5.746400884E-1
3.347932904E1,1.141625733E0,3.081622982E-1,4.484814405E-2
3.348935104E1,3.500712662E-1,2.079255853E0,-6.525024891E-1
3.349937404E1,4.484082042E-1,2.750361258E0,-4.003410217E-1
3.350939604E1,1.027176573E0,2.201324081E0,-8.538288483E-1
3.351941904E1,9.482131416E-1,5.108542746E-1,-9.420878908E-1
3.352944104E1,6.875071380E-1,-1.495841725E0,1.710690647E-2
3.353946404E1,2.494728263E-1,-3.221995919E0,-4.257448348E-1
3.354948604E1,-6.431389041E-1,-4.241774887E0,-1.189714258E0
3.355950904E1,-1.214119366E0,-3.638155705E0,-4.363686410E-1
3.356953104E1,-6.071928901E-1,-1.397207968E0,-5.218116644E-1
3.357955404E1,2.348956263E-1,3.607375377E-1,-1.319267360E0
3.358957604E1,2.897508414E-1,2.831367999E-1,-7.298879032E-1
3.359959904E1,-5.382275396E-1,-1.383448884E0,-1.721945076E-1
3.360962104E1,-1.513415970E0,-3.635579422E0,-1.266587310E-1
3.361964404E1,-1.986943666E0,-4.789919195E0,6.340592015E-1
3.362966704E1,-1.300527327E0,-3.549646987E0,2.569164231E-1
3.363968904E1,-2.386584557E-1,-5.463673389E-1,-9.355432485E-1
3.364971204E1,4.906815634E-1,2.397833211E0,-2.979612458E-1
3.365973404E1,1.132951608E0,4.067294556E0,-4.919461334E-1
3.366975704E1,1.278919964E0,3.397611778E0,-1.123708549E0
3.367977904E1,5.377522706E-1,7.276702005E-1,1.838914239E-1
3.368980204E1,-1.908340789E-1,-1.469093052E0,1.898165245E0
3.369982404E1,-4.151907202E-1,-2.499725622E0,2.265267769E0
3.370984704E1,-1.714035986E-1,-1.897436097E0,1.875515032E0
3.371986904E1,-2.270678490E-2,1.030799800E0,9.073896360E-1
3.372989204E1,-4.487768711E-1,4.042728649E0,-6.172519648E-1
3.373991404E1,-1.201838094E0,4.136398705E0,-1.804222709E0
3.374993704E1,-1.992990711E0,1.296510143E0,-2.022380863E0
3.375995904E1,-2.557523010E0,-1.875004424E0,-8.260206601E-1
3.376998204E1,-2.291218590E0,-3.395200971E0,-1.057071340E-1
3.378000404E1,-1.548013507E0,-2.183076675E0,-1.013544667E0
3.379002704E1,-1.467694983E0,5.191310084E-1,-2.387156049E0
3.380004904E1,-2.309234884E0,1.478114136E0,-2.935729104E0
3.381007204E1,-3.165849200E0,-6.179507071E-1,-2.646577274E0
3.382009504E1,-3.091719369E0,-4.172399427E0,-1.435029366E0
3.383011704E1,-1.823561351E0,-6.580303883E0,1.152125140E-1
3.384014004E1,3.873405417E-1,-6.391697849E0,1.249707860E0
3.385016204E1,2.305398088E0,-3.602509909E0,1.399556502E0
3.386018504E1,2.583493710E0,-1.221886808E-1,8.177348632E-1
3.387020704E1,1.408198394E0,1.652488632E0,1.045067006E0
3.388023004E1,9.597381498E-1,1.762877047E0,1.239759407E0
3.389025204E1,1.863357940E0,1.343870836E0,3.572382715E-1
3.390027504E1,2.836177627E0,7.482664329E-1,-6.852515745E-1
3.391029704E1,2.626450573E0,7.233800983E-1,-2.296327302E-1
3.392032004E1,2.198539637E0,9.620628566E-1,-6.444777703E-1
3.393034204E1,1.097930221E0,4.910748982E-1,-1.315961783E0
3.394036504E1,-9.743984351E-1,3.399892777E-1,-3.471220037E-1
3.395038704E1,-2.562915312E0,1.263285679E0,-2.420949009E-1
3.396041004E1,-3.664962265E0,1.708078111E0,-8.603616500E-1
3.397043204E1,-4.448203234E0,1.715512846E0,-7.948456451E-1
3.398045504E1,-3.836773634E0,2.287603256E0,-1.312850772E0
3.399047804E1,-1.707483742E0,2.975141092E0,-1.456941369E0
3.400050004E1,8.553220810E-1,3.040648034E0,-1.072895075E0
3.401052304E1,2.850869048E0,2.418220698E0,8.617246360E-2
3.402054504E1,4.296999500E0,1.112449150E0,6.135834217E-1
3.403056804E1,4.975109870E0,-7.689889652E-1,3.193255100E-1
3.404059004E1,4.124235327E0,-2.112959204E0,4.049585679E-1
3.405061304E1,2.801336115E0,-1.397670482E0,-7.591323137E-2
3.406063504E1,1.683460895E0,5.646597683E-1,-7.513385600E-1
3.407065804E1,8.661645730E-1,2.178221147E0,-1.274580746E0
3.408068004E1,-3.220508972E-1,1.845670112E0,-1.520726013E0
3.409070304E1,-1.474460650E0,-1.983755618E-1,-4.463822901E-1
3.410072504E1,-1.546825645E0,-1.689256509E0,5.107928789E-1
3.411074804E1,-9.347041731E-1,-1.331981692E0,4.357348028E-1
3.412077004E1,-6.714078529E-1,4.700611746E-1,2.874646166E-1
3.413079304E1,4.793658489E-1,2.034707671E0,2.743455112E-1
3.414081504E1,2.683130265E0,1.798549156E0,-2.865650225E-1
3.415083804E1,3.721771474E0,3.983363038E-1,1.463090301E-1
3.416086004E1,3.588383621E0,-7.207114291E-1,-6.877334252E-2
3.417088304E1,3.165281435E0,-6.569522202E-1,-1.987576774E-1
3.418090604E1,2.238209048E0,2.702740949E-1,-3.257191479E-3
3.419092804E1,1.212377042E0,2.697794205E-1,-4.683268905E-2
3.420095104E1,4.458715358E-1,-4.123707908E-1,-1.867404798E-1
3.421097304E1,-1.430033067E-1,5.480361342E-2,-4.793627791E-1
3.422099604E1,-1.933754615E-1,1.510055721E0,-8.241228001E-1
3.423101804E1,3.884436920E-1,2.069890367E0,-9.260232505E-1
3.424104104E1,7.014088932E-1,8.618222845E-1,-3.811542606E-1
3.425106304E1,1.203212555E0,-1.099484119E0,5.977515006E-1
3.426108604E1,2.057352329E0,-2.700078712E0,6.178320086E-1
3.427110804E1,1.675683952E0,-4.031449955E0,3.943910412E-1
3.428113104E1,4.879967777E-1,-4.985902660E0,3.330541876E-1
3.429115304E1,-3.050584500E-1,-5.307088462E0,1.750505801E-1
3.430117604E1,-8.622033767E-1,-4.798852571E0,3.317441189E-1
3.431119804E1,-1.051439741E0,-3.403304043E0,-2.930752393E-1
3.432122104E1,-1.541868375E0,-2.400037027E0,-4.873665941E-1
3.433124304E1,-2.472989228E0,-2.799697140E0,7.572332843E-1
3.434126604E1,-2.993351076E0,-3.926959627E0,1.290578874E0
3.435128804E1,-3.526305487E0,-4.052885263E0,6.814451102E-1
3.436131104E1,-4.109419652E0,-2.990223400E0,-2.300972915E-1
3.437133404E1,-4.028241880E0,-1.826211163E0,-5.716927993E-1
3.438135638E1,-3.093824367E0,-1.524367366E0,-2.470518780E-1
3.439137938E1,-1.614598821E0,-2.405384890E0,-4.313678098E-1
3.440140138E1,-5.291417339E-1,-3.079098154E0,-6.579507054E-1
3.441142438E1,-1.683330064E-1,-2.565257122E0,1.621058679E-1
3.442144638E1,-2.174692060E-1,-9.148302180E-1,6.020071042E-1
3.443146938E1,-7.994726931E-1,1.219219893E0,4.792604528E-2
3.444149138E1,-1.646227872E0,2.190911359E0,5.135119072E-1
3.445151438E1,-1.689335300E0,1.618458422E0,1.154413520E0
3.446153637E1,-1.777354022E0,1.826272559E-1,-6.178401947E-2
3.447155938E1,-2.462122178E0,-7.354095751E-1,5.274415098E-2
3.448158138E1,-2.383512796E0,2.396545655E-1,1.032570776E-1
3.449160438E1,-1.054813584E0,2.791716276E0,-3.130085436E-1
3.450162638E1,3.426659869E-1,4.319546363E0,-1.306764990E0
3.451164938E1,7.713604496E-1,3.356090115E0,-9.602916618E-1
3.452167138E1,7.164091940E-1,1.104122715E0,6.521735832E-2
3.453169438E1,3.863343090E-1,-1.108081865E0,3.085482144E-1
3.454171638E1,-1.056715098E0,-1.962450703E0,9.149429230E-1
3.455173937E1,-1.747453408E0,5.925346148E-1,2.175222695E-1
3.456176238E1,-1.353910213E0,4.305137655E0,-7.311851080E-1
3.457178438E1,-3.960725543E-1,4.530927302E0,-9.973489027E-1
3.458180738E1,8.535832652E-1,2.638530920E0,-3.738234602E-2
3.459182938E1,2.250379297E0,1.398466873E0,-1.182108200E-1
3.460185238E1,2.476993986E0,5.382818091E-1,-1.218594825E-1
3.461187438E1,1.407229803E0,-6.111153120E-1,6.982617024E-1
3.462189738E1,5.847734593E-1,-1.206243752E0,3.099281573E-1
3.463191938E1,3.103207979E-1,-2.292973924E-1,-5.637313767E-1
3.464194237E1,-5.452996373E-2,1.183284659E0,-1.788651720E0
3.465196438E1,-4.487628378E-1,1.466235518E0,-1.846039803E0
3.466198738E1,-4.862108919E-1,1.698311507E0,-8.732793188E-1
3.467200938E1,3.539173454E-2,3.447911282E0,6.215017211E-1
3.468203238E1,1.585907849E0,6.124113473E0,1.312033331E0
3.469205438E1,2.876770459E0,6.269612664E0,3.835245757E-1
3.470207738E1,1.558515691E0,2.289564412E0,8.974819677E-1
3.471209938E1,-1.203990819E0,-2.030278405E0,1.606625265E0
3.472212238E1,-3.311489308E0,-3.974257169E0,1.006719870E0
3.473214438E1,-4.111742751E0,-3.628935231E0,5.387763374E-1
3.474216738E1,-3.535238278E0,-1.273772076E0,4.117116635E-1
3.475219038E1,-1.733968413E0,1.570231172E0,-1.083228275E0
3.476221238E1,1.541388611E0,2.730997619E0,-2.521801200E0
3.477223538E1,5.289956120E0,1.110470452E0,-1.850358410E0
3.478225738E1,7.061603991E0,-2.318387677E0,-9.668151811E-2
3.479228038E1,5.895638784E0,-5.185804930E0,1.676883362E0
3.480230238E1,4.013689038E0,-5.728762758E0,2.206620050E0
3.481232538E1,1.974821950E0,-4.708701369E0,2.049989515E0
3.482234738E1,-5.727113843E-1,-3.058680262E0,2.930775343E0
3.483237038E1,-2.379636092E0,-1.720196466E0,7.989552145E-1
3.484239237E1,-3.138361147E0,-3.701907313E-1,-1.694183958E0
3.485241538E1,-3.419225426E0,8.093429393E-1,-2.275653301E0
3.486243738E1,-2.827976030E0,5.135825855E-1,-1.240456249E0
3.487246038E1,-9.866153151E-1,-1.065083780E0,4.052810419E-1
3.488248238E1,1.456170706E0,-2.434860120E0,1.497857699E0
3.489250538E1,2.824199313E0,-3.413503926E0,1.957390669E0
3.490252738E1,2.806968738E0,-2.883073758E0,4.182864189E-1
3.491255038E1,2.510140975E0,-8.741002679E-3,-9.776910022E-2
3.492257338E1,2.061059025E0,2.371010279E0,-8.823309548E-1
3.493259537E1,1.104132071E0,2.837110550E0,-1.641702858E0
3.494261838E1,3.513466170E-1,1.713097361E0,-1.993923926E-1
3.495264038E1,6.410858005E-1,6.267133445E-1,9.650465445E-1
3.496266338E1,1.498194352E0,7.602783680E-1,1.036548929E0
3.497268538E1,1.454096113E0,1.392569956E0,2.186718321E-1
3.498270838E1,5.295814446E-1,1.475188774E0,-2.574960284E-1
3.499273038E1,-1.948514450E-1,6.539695555E-1,2.321448402E-1
3.500275338E1,-9.353264630E-2,-9.473775744E-2,-8.721458361E-2
3.501277538E1,-2.466136292E-1,-1.992169762E-1,-7.983870113E-1
3.502279837E1,-1.740546530E-1,1.889130127E-1,8.611676887E-2
3.503282038E1,6.921957278E-1,4.273267990E-1,4.574205177E-1
3.504284338E1,8.269769722E-1,8.180020809E-2,-6.253657074E-1
3.505286538E1,-2.482242447E-1,-3.085961616E-1,-9.806014538E-2
3.506288838E1,-6.408986896E-1,-5.683014143E-1,9.002665579E-1
3.507291038E1,-7.235692558E-1,-2.793308473E-1,3.145228994E-1
3.508293338E1,-1.912271068E0,3.556884670E-1,-9.853644495E-1
3.509295538E1,-3.235940359E0,1.126479544E0,-1.061081068E-1
3.510297838E1,-3.213540845E0,2.468011494E0,9.740571038E-1
3.511300038E1,-2.064179977E0,3.758658049E0,-6.484386742E-1
3.512302338E1,-1.309834194E0,3.641904355E0,-1.665910185E0
3.513304638E1,-4.047182474E-1,1.901008746E0,6.421412230E-3
3.514306838E1,1.867428917E0,-4.341160011E-1,1.081895109E0
3.515309138E1,4.235605782E0,-2.471664834E0,6.681496382E-1
3.516311338E1,4.700764359E0,-3.066551199E0,4.235511057E-1
3.517313638E1,3.775894764E0,-1.440540513E0,5.972370918E-1
3.518315838E1,2.983088335E0,1.345380587E0,-7.008016598E-1
3.519318138E1,2.104358534E0,2.268667633E0,-1.578158681E0
3.520320338E1,8.949072924E-1,4.768182170E-1,-8.041313159E-1
3.521322638E1,-2.103382342E-1,-1.921749989E0,1.765720256E-1
3.522324837E1,-8.289068457E-1,-3.115229269E0,6.549255753E-1
3.523327138E1,-9.823880705E-1,-2.205613014E0,3.271468918E-1
3.524329338E1,-1.431041419E0,-2.810657161E-1,-6.129403742E-1
3.525331638E1,-2.078429349E0,8.478801835E-1,-5.103904442E-1
3.526333838E1,-1.909749895E0,8.009013140E-1,-2.848411902E-1
3.527336138E1,-1.248378495E0,-3.835913801E-1,-3.168734801E-1
3.528338338E1,-8.357859488E-1,-1.901747834E0,2.577382493E-1
3.529340638E1,9.067423493E-3,-2.274112560E0,9.590159456E-1
3.530342838E1,9.196604566E-1,-1.525314031E0,2.934215406E-1
3.531345137E1,1.462359399E-1,-5.364674181E-1,-4.689559047E-1
3.532347438E1,-1.346292022E0,1.851912600E-1,-3.581412278E-2
3.533349638E1,-1.832677745E0,4.389452165E-1,9.920239896E-3
3.534351938E1,-1.628055895E0,3.553820729E-1,-1.540611224E-1
3.535354138E1,-1.022364461E0,6.518768370E-2,-4.223348849E-1
3.536356438E1,5.157054171E-2,-4.075211102E-1,-3.418482538E-1
3.537358638E1,1.360586271E0,-5.589300817E-1,2.066139232E-1
3.538360913E1,2.680888735E0,2.303966689E-1,3.646851392E-1
3.539363113E1,3.308405487E0,1.721531970E0,-3.415441985E-1
3.540365413E1,2.731790794E0,2.748114758E0,-3.568450463E-1
3.541367612E1,2.188070928E0,2.702099510E0,2.008175053E-2
3.542369913E1,2.227198449E0,1.813293495E0,9.167381644E-2
3.543372113E1,2.333376722E0,6.428703707E-1,1.107426099E-1
3.544374413E1,2.537648324E0,-1.152708399E-1,9.729891099E-2
3.545376613E1,2.739094259E0,-1.643155307E-1,3.136014513E-1
3.546378913E1,2.792054245E0,6.195814955E-1,7.006239776E-1
3.547381113E1,2.933324729E0,2.075606605E0,1.410945562E-1
3.548383413E1,2.537705042E0,3.048473947E0,-1.170920064E0
3.549385613E1,1.238414255E0,2.464925333E0,-1.317457209E0
3.550387912E1,2.246168424E-1,8.273862773E-1,-2.953125302E-1
3.551390213E1,-1.666419916E-1,-9.440013921E-1,8.841047808E-1
3.552392413E1,-2.123692645E-1,-2.293878488E0,1.209890660E0
3.553394713E1,-3.020580974E-1,-2.736713272E0,8.926476359E-1
3.554396913E1,-9.369986205E-1,-2.350424572E0,3.180183284E-1
3.555399213E1,-1.806811125E0,-1.187481791E0,5.397716796E-1
3.556401413E1,-1.827411012E0,5.974170399E-1,3.840357685E-1
3.557403713E1,-1.445630661E0,1.543732175E0,-9.566641223E-1
3.558405913E1,-1.338609950E0,8.465142739E-1,-1.530591727E0
3.559408212E1,-1.004668301E0,-6.047611427E-1,-8.485397494E-1
3.560410413E1,-2.665431328E-1,-1.566252726E0,-6.441292763E-3
3.561412713E1,8.597886229E-1,-1.629036620E0,4.809299791E-1
3.562414913E1,1.917667610E0,-7.477360904E-1,7.947325015E-1
3.563417213E1,2.306432752E0,4.839904118E-1,7.078054547E-1
3.564419413E1,1.923725910E0,1.226255847E0,2.722370235E-1
3.565421713E1,1.335736628E0,1.414989935E0,3.336189190E-2
3.566423913E1,9.900784747E-1,1.568569393E0,-6.527831554E-2
3.567426213E1,1.016530840E0,1.572951881E0,-3.024507380E-1
3.568428413E1,1.491123314E0,1.232965527E0,-4.372267199E-1
3.569430713E1,1.947693793E0,7.563928932E-1,-4.817591143E-1
3.570433013E1,1.970214783E0,1.820641690E-1,-5.705309576E-1
3.571435213E1,1.955152355E0,-1.717110890E-1,-2.674188995E-1
3.572437513E1,1.956878161E0,-8.854204774E-2,-1.361541706E-1
3.573439713E1,1.545664680E0,3.215459901E-1,-2.416104591E-1
3.574442013E1,8.208251166E-1,1.062113979E0,2.501000315E-1
3.575444213E1,5.883610184E-1,1.895558556E0,9.801775306E-1
3.576446513E1,9.206103368E-1,2.325827090E0,1.313931922E0
3.577448713E1,1.102648924E0,2.128207573E0,1.528681296E0
3.578451013E1,8.959571600E-1,1.500406646E0,1.737587839E0
3.579453213E1,3.779466243E-1,1.272548254E0,1.623972492E0
3.580455513E1,-6.331309560E-1,1.423174283E0,1.065017560E0
3.581457713E1,-2.212350468E0,1.508757640E0,-8.061673164E-2
3.582460013E1,-3.219781871E0,1.049359447E0,-1.304327871E0
3.583462213E1,-2.803176234E0,-1.303168952E-2,-2.974739388E0
3.584464513E1,-1.782002412E0,-1.217217221E0,-4.380356237E0
3.585466713E1,-8.568311012E-1,-2.143420858E0,-5.272791034E0
3.586469013E1,-1.964328244E-1,-2.919643414E0,-7.176394190E0
3.587471213E1,1.066444134E0,-2.922507380E0,-9.369915161E0
3.588473513E1,2.807620118E0,-2.938547462E0,-1.064155008E1
3.589475713E1,3.437244791E0,-3.647831093E0,-1.064081099E1
3.590478013E1,2.865475393E0,-3.815865453E0,-8.761462671E0
3.591480313E1,2.720410358E0,-3.610030013E0,-4.948821958E0
3.592482513E1,3.306736692E0,-3.916516500E0,-2.907315729E0
3.593484813E1,4.387444816E0,-4.355394473E0,-2.922679288E0
3.594487013E1,5.531111081E0,-4.486818246E0,-3.559855056E0
3.595489313E1,6.513372560E0,-3.921079082E0,-4.048051955E0
3.596491513E1,7.413692327E0,-2.356906210E0,-4.117389407E0
3.597493813E1,8.108893524E0,-2.677416658E-1,-4.242152617E0
3.598496013E1,8.333761650E0,1.414601095E0,-5.778683946E0
3.599498313E1,7.604800385E0,2.060844140E0,-7.990126634E0
3.600500513E1,5.400560882E0,2.102318441E0,-9.139049546E0
3.601502813E1,2.680389383E0,2.938015950E0,-8.760228324E0
3.602505013E1,-2.377062732E-1,5.801070011E0,-6.678679193E0
3.603507313E1,-3.534212676E0,9.172534211E0,-3.957968581E0
3.604509513E1,-6.755421560E0,1.095725178E1,-5.875472322E-1
3.605511813E1,-8.904351080E0,1.080433539E1,3.050966323E0
3.606514012E1,-8.851631414E0,8.278093818E0,5.947826353E0
3.607516313E1,-7.442305677E0,4.904633672E0,7.988874160E0
3.608518513E1,-4.882828528E0,2.823518405E0,8.642349041E0
3.609520813E1,-1.553058484E0,2.251599610E0,6.869920567E0
3.610523013E1,1.419672970E0,3.070999176E0,3.761382267E0
3.611525313E1,3.303758705E0,4.922586086E0,2.491668743E0
3.612527613E1,3.563738192E0,6.200444781E0,3.514428622E0
3.613529813E1,2.351941339E0,4.978915823E0,4.990742401E0
3.614532113E1,1.821999414E0,2.165195305E0,5.300160681E0
3.615534312E1,2.362855752E0,1.941860318E-2,4.283018222E0
3.616536613E1,2.979099072E0,-1.009896004E0,2.524510215E0
3.617538813E1,2.998683736E0,-1.072896829E0,1.115599045E0
3.618541113E1,1.824254685E0,-2.949823818E-1,-2.144600827E-1
3.619543313E1,-1.586437315E-1,9.672154230E-1,-1.476851723E0
3.620545613E1,-2.126487907E0,2.064049876E0,-2.208175848E0
3.621547813E1,-3.609314899E0,2.790500640E0,-2.245448340E0
3.622550113E1,-4.547325234E0,3.322579430E0,-9.846097201E-1
3.623552313E1,-4.665070031E0,3.518068222E0,7.904704660E-1
3.624554612E1,-3.964281819E0,3.321705271E0,1.799361919E0
3.625556813E1,-3.270095115E0,2.589549087E0,1.864973525E0
3.626559113E1,-2.664708320E0,1.634205851E0,2.050145490E0
3.627561313E1,-1.732892525E0,9.011046101E-1,2.343497668E0
3.628563613E1,-4.265912193E-1,7.638806914E-1,2.455558094E0
3.629565813E1,7.911674541E-1,1.066502607E0,1.215431189E0
3.630568113E1,7.249091452E-1,2.237922388E0,1.136055529E-1
3.631570313E1,-1.805419634E0,5.882272634E0,4.280388437E0
3.632572613E1,-6.210948134E0,8.761567336E0,1.034430453E1
3.633574912E1,-9.950963506E0,7.404273632E0,1.085286845E1
3.634577113E1,-1.018510590E1,4.405330279E0,9.983234289E0
3.635579413E1,-5.217275814E0,2.161408794E0,9.685325668E0
3.636581613E1,2.630089295E0,1.151819330E0,5.943747920E0
3.637583913E1,8.390765571E0,6.175431561E-1,5.744915691E-1
3.638586088E1,8.567838557E0,-4.769544572E-2,-1.847023158E0
3.639588388E1,4.971746551E0,-1.062758342E0,-8.865314484E-1
3.640590588E1,2.969149450E0,-1.405563346E0,-2.014209964E0
3.641592888E1,2.973811435E0,-5.889651820E-1,-5.818432149E0
3.642595088E1,1.954099125E0,8.397478759E-3,-5.874536768E0
3.643597387E1,-1.187739068E-1,2.519038975E-1,-3.435787665E0
3.644599588E1,-1.488664852E0,4.460396433E-1,-1.760407768E0
3.645601888E1,-2.003234448E0,1.005890661E-1,-2.551327300E-1
3.646604088E1,-1.838258182E0,-1.314921856E-1,-2.470352134E-1
3.647606388E1,-9.473682189E-1,2.027334917E-1,-9.481827360E-1
3.648608588E1,7.025569940E-1,5.820496801E-1,-1.161054715E0
3.649610888E1,2.641256892E0,1.190292840E0,-1.818812681E0
3.650613088E1,3.759851466E0,1.625040340E0,-1.003452373E0
3.651615388E1,3.848104661E0,1.651085008E0,-5.015086699E-1
3.652617588E1,3.797610446E0,1.293274002E0,3.220751631E-1
3.653619888E1,3.959732686E0,4.323776239E-1,1.048279467E0
3.654622087E1,4.289107513E0,-2.403755271E-1,2.440415559E0
3.655624388E1,4.402117234E0,4.462975055E-2,1.411599720E0
3.656626688E1,3.678742399E0,5.932728258E-1,3.779055476E-2
3.657628888E1,2.496383353E0,7.271392733E-1,-4.543263173E-1
3.658631188E1,1.568079981E0,4.515488899E-1,-3.467010042E-1
3.659633388E1,7.813628429E-1,-1.859130988E-1,-1.778968585E-1
3.660635688E1,-4.668855518E-1,-7.991056341E-1,-1.079942724E-1
3.661637888E1,-2.220136912E0,-9.938164535E-1,-1.753846022E-1
3.662640188E1,-3.667612224E0,-7.852565038E-1,-1.430746720E0
3.663642387E1,-4.752019882E0,-1.407756929E0,-1.818572946E0
3.664644688E1,-5.367004296E0,-2.611547482E0,-1.203613089E0
3.665646888E1,-5.297091478E0,-3.344872817E0,3.432537782E-1
3.666649188E1,-4.514572055E0,-2.480118154E0,1.721660316E0
3.667651388E1,-3.310587668E0,3.214594513E-2,1.326651078E0
3.668653688E1,-2.542000406E0,1.909084336E0,6.311592749E-1
3.669655888E1,-1.637356623E0,2.001811528E0,-1.578692678E-1
3.670658188E1,-7.052701020E-1,3.645341349E-1,-6.565224499E-1
3.671660388E1,-9.049893540E-1,-2.108096952E0,7.211254120E-2
3.672662687E1,-1.885674423E0,-4.176644506E0,7.385641479E-1
3.673664888E1,-2.912646636E0,-4.707723715E0,-2.620862389E-1
3.674667188E1,-3.550240479E0,-2.954011009E0,-9.559656724E-1
3.675669388E1,-2.988339427E0,1.366438749E-1,-8.664076710E-1
3.676671688E1,-7.848887140E-1,3.410495826E0,-1.950649853E0
3.677673988E1,1.780045057E0,4.713064854E0,-2.410149494E0
3.678676188E1,3.080425472E0,2.998863538E0,-2.643479419E-1
3.679678488E1,2.597830791E0,1.564621353E-1,2.718861723E0
3.680680688E1,1.198933563E0,-2.183062057E0,2.461386891E0
3.681682987E1,-2.176105624E-1,-3.673865821E0,1.025344348E0
3.682685188E1,-2.011909962E-1,-2.873994494E0,-3.057450593E-1
3.683687488E1,1.168156743E0,3.845061770E-1,-1.925962616E0
3.684689688E1,2.584026684E0,3.878144732E0,-3.425267062E0
3.685691988E1,3.421064960E0,5.183539719E0,-2.582243868E0
3.686694188E1,3.325022104E0,3.760120730E0,-6.884573105E-1
3.687696488E1,1.454237031E0,8.800673515E-1,1.249411698E0
3.688698688E1,-1.020415730E0,-1.907886241E0,1.893103895E0
3.689700988E1,-2.663121386E0,-3.423874255E0,1.562301178E0
3.690703188E1,-2.768850154E0,-2.640504940E0,5.832445586E-1
3.691705488E1,-1.067750110E0,-7.247916162E-2,-1.102716167E0
3.692707687E1,1.217683829E0,1.677947994E0,-8.459883168E-1
3.693709988E1,3.053590845E0,1.783364521E0,6.920618266E-2
3.694712188E1,3.828017136E0,1.370805742E0,1.842161491E0
3.695714488E1,3.158163620E0,8.198044851E-1,3.516650856E0
3.696716688E1,1.664836782E0,5.683464378E-2,3.350405160E0
3.697718988E1,6.830126756E-1,7.196302789E-1,6.216783071E-1
3.698721188E1,-3.918745458E-1,1.323699404E0,-1.097359825E0
3.699723488E1,-1.388157063E0,5.169593525E-1,-2.377757381E0
3.700725788E1,-1.712620813E0,-6.211380243E-1,-3.095287048E0
3.701727987E1,-1.475523820E0,-1.120718282E0,-2.594435605E0
3.702730288E1,-1.050513103E0,-1.476772493E0,-1.314190954E0
3.703732488E1,-5.495704436E-1,-1.596631058E0,-6.889186558E-1
3.704734788E1,-2.129275274E-1,-8.263144827E-1,-3.170564979E-2
3.705736988E1,8.064655244E-2,2.921488211E-1,6.531164467E-1
3.706739288E1,5.153747571E-1,6.365729195E-1,3.777117124E-1
3.707741488E1,1.908653980E-1,-2.206885368E-1,5.050950596E-1
3.708743788E1,-6.588449639E-1,-1.224358426E0,2.664544013E-1
3.709745988E1,-1.649127653E0,-1.803984143E0,1.099627376E-1
3.710748287E1,-2.584124917E0,-2.085532546E0,6.054999384E-1
3.711750488E1,-3.121101043E0,-1.527374005E0,1.094976793E0
3.712752788E1,-2.780959738E0,1.972619596E-1,1.200991783E-1
3.713754988E1,-1.745205592E0,1.438311262E0,7.048526108E-3
3.714757288E1,-4.108189398E-1,1.223776628E0,3.907790700E-1
3.715759488E1,1.862706560E-1,2.890869266E-1,-8.445504865E-1
3.716761788E1,-7.651490986E-2,-6.093845361E-1,2.311243549E-1
3.717763988E1,3.142539275E-1,-1.463563340E0,1.948249863E0
3.718766288E1,1.099563056E-1,-1.984532713E0,2.518827014E0
3.719768487E1,-1.798273167E0,-1.273797804E0,3.775509725E0
3.720770788E1,-2.657451925E0,8.347596163E-1,1.559666423E0
3.721772988E1,-1.737262149E0,2.803720317E0,-2.646496582E-1
3.722775288E1,2.127643901E-1,3.020875382E0,-1.529008886E0
3.723777588E1,2.520451663E0,1.941433764E0,-2.023843544E0
3.724779788E1,4.016920209E0,2.252376705E-1,-1.502651100E0
3.725782088E1,3.773666098E0,-1.789217584E0,-1.190346926E-2
3.726784288E1,2.678652175E0,-2.536168101E0,1.864409269E0
3.727786588E1,1.043588830E0,-1.819380738E0,1.431237593E0
3.728788787E1,-9.407170111E-1,-3.804619503E-1,-1.194476815E0
3.729791088E1,-1.804231480E0,6.817517236E-1,-2.339255220E0
3.730793288E1,-1.155726732E0,5.030549660E-1,-2.401239799E0
3.731795588E1,9.299821079E-2,4.383341825E-1,-1.402344747E0
3.732797788E1,8.526503420E-1,6.096625713E-1,-5.295875841E-1
3.733800088E1,8.950449944E-1,5.865888736E-1,-5.944425613E-2
3.734802288E1,8.761263281E-1,7.936282548E-1,1.554829021E0
3.735804588E1,2.047773274E0,1.282713930E0,6.225048110E-1
3.736806788E1,4.076111573E0,1.835100101E0,-6.390188098E-2
3.737809087E1,5.170271217E0,1.350530522E0,-2.805143237E-1
3.738811242E1,3.689572611E0,1.292757985E-1,-7.956417435E-1
3.739813542E1,6.038442993E-1,-7.969716927E-1,2.717733210E-1
3.740815742E1,-1.324932289E0,-5.815418494E-1,-8.428653190E-1
3.741818042E1,-1.784104779E0,5.811819533E-1,-1.558132698E0
3.742820242E1,-1.405895176E0,7.596679187E-1,-2.355232152E-1
3.743822542E1,-6.088974631E-1,6.410387304E-1,1.167481390E-1
3.744824742E1,-5.972492248E-1,2.689634416E-1,1.064076889E0
3.745827042E1,-9.343891543E-1,-9.574426791E-1,2.093548202E0
3.746829342E1,-2.355024576E-1,-1.369017956E0,2.743056332E0
3.747831542E1,1.270542659E0,-4.508311442E-1,2.446401646E0
3.748833842E1,2.611861185E0,9.101240864E-1,9.804938650E-1
3.749836042E1,2.796805108E0,1.313250722E0,2.739116478E-1
3.750838342E1,1.619368249E0,3.581428358E-1,-6.152142102E-1
3.751840542E1,3.150070488E-2,-9.084672779E-1,-1.489658294E0
3.752842842E1,-1.006822123E0,-1.738449719E0,-2.408248857E-1
3.753845042E1,-1.078904259E0,-1.128257975E0,2.096204007E0
3.754847342E1,-1.034410456E0,4.117030388E-1,2.681463224E0
3.755849542E1,-1.727855149E0,1.015609319E0,4.369659340E-1
3.756851842E1,-2.554560226E0,2.653139019E-1,-8.346496886E-1
3.757854042E1,-2.144309050E0,-9.547740099E-1,-2.117416829E0
3.758856342E1,-1.349307577E0,-1.607672648E0,-2.651336322E0
3.759858542E1,-1.069428846E0,-9.813001961E-1,-1.919716328E0
3.760860842E1,-1.427077884E0,4.474029216E-1,-1.976020337E0
3.761863042E1,-1.895615274E0,1.053516818E0,-9.453649628E-1
3.762865342E1,-9.508338636E-1,7.344091165E-1,2.648700982E-1
3.763867542E1,1.118493417E0,3.251487520E-1,2.590600124E-1
3.764869842E1,1.870457044E0,-5.706882477E-1,1.000769670E0
3.765872042E1,1.143716551E0,-1.620837654E0,1.470019836E0
3.766874342E1,4.487036347E-2,-1.230347436E0,1.137692750E0
3.767876642E1,-6.371208036E-1,7.166563851E-1,-6.483334243E-2
3.768878842E1,-2.667148948E-1,2.372188493E0,-1.707298678E0
3.769881142E1,9.406392431E-1,2.285585090E0,-2.459351767E0
3.770883342E1,2.134696813E0,9.620707503E-1,-1.679777003E0
3.771885642E1,2.150963182E0,-4.481183285E-1,-1.070973095E-1
3.772887842E1,1.237255045E0,-1.421530923E0,8.008922508E-1
3.773890142E1,6.317144680E-1,-1.432271089E0,1.702106642E0
3.774892342E1,1.105106801E0,-3.672899276E-1,1.564987389E0
3.775894642E1,1.835308262E0,1.458684424E-1,1.449685559E0
3.776896842E1,1.995986239E0,6.669334173E-3,1.769618302E0
3.777899142E1,1.203304941E0,-1.847369313E-1,9.000888026E-1
3.778901342E1,-3.687686884E-1,-3.160300192E-1,-5.985034525E-1
3.779903642E1,-1.654745073E0,-2.825228423E-2,-1.613371929E0
3.780905842E1,-1.942994678E0,8.010931027E-1,-2.138179122E0
3.781908142E1,-1.208425348E0,1.550424021E0,-1.283170890E0
3.782910342E1,5.095456678E-1,1.894299358E0,-1.202579302E-1
3.783912642E1,2.314875255E0,1.636596777E0,3.171053222E-1
3.784914842E1,3.291398860E0,5.769669878E-1,1.014081441E0
3.785917142E1,3.502064685E0,-6.701830074E-1,1.728465598E0
3.786919342E1,2.702880113E0,-1.524190781E0,1.501857340E0
3.787921642E1,1.058448944E0,-1.968927079E0,8.309115636E-1
3.788923842E1,-1.291234785E-1,-1.701983851E0,3.477877092E-1
3.789926142E1,-4.495356935E-1,-5.970831639E-1,-6.292890429E-2
3.790928342E1,-4.905369544E-1,5.104321057E-1,-9.534177482E-3
3.791930642E1,-3.967511237E-1,1.021645692E0,1.766236272E-1
3.792932942E1,-1.855789304E-1,8.054910859E-1,3.610614735E-1
3.793935142E1,-6.661498904E-2,1.251219365E-1,2.863264561E-1
3.794937442E1,1.419458377E-1,-6.256327790E-1,-5.540061414E-2
3.795939642E1,6.490842068E-1,-1.092046168E0,-2.798532960E-1
3.796941942E1,1.255784286E0,-1.100052761E0,-4.129499575E-1
3.797944142E1,1.695144655E0,-8.048932081E-1,-8.878008789E-1
3.798946442E1,1.796517833E0,-5.997179192E-1,-1.708211428E0
3.799948642E1,1.741079797E0,-6.158489254E-1,-2.574712654E0
3.800950942E1,1.985232040E0,-8.149966121E-1,-2.643604257E0
3.801953142E1,2.668131865E0,-1.225594527E0,-2.338227572E0
3.802955442E1,3.185226873E0,-2.264229596E0,-2.398903837E0
3.803957642E1,2.901167382E0,-3.934763613E0,-2.591143915E0
3.804959942E1,2.412637192E0,-5.826760923E0,-3.312434219E0
3.805962142E1,2.184125665E0,-7.253066390E0,-4.251277782E0
3.806964442E1,1.927153986E0,-7.011961715E0,-3.853123034E0
3.807966642E1,1.784591852E0,-5.507400622E0,-3.096214124E0
3.808968942E1,2.529331244E0,-3.670579978E0,-2.840714189E0
3.809971142E1,3.672117503E0,-1.424861497E0,-2.112982593E0
3.810973442E1,3.885557247E0,8.685685095E-1,-8.061176151E-1
3.811975642E1,2.960428328E0,2.796928484E0,1.053408937E0
3.812977942E1,1.896423360E0,4.070984734E0,3.791916427E0
3.813980142E1,1.995630729E0,4.635133456E0,4.838301103E0
3.814982442E1,3.018882943E0,4.678570667E0,2.535208281E0
3.815984742E1,2.653261811E0,4.450471954E0,-9.367239475E-1
3.816986942E1,-3.846929955E-1,4.466824569E0,-3.245625394E0
3.817989242E1,-4.234853538E0,5.557755674E0,-2.953186259E0
3.818991442E1,-7.694302545E0,7.677577754E0,2.222972227E0
3.819993742E1,-1.089449244E1,8.227038270E0,9.937483335E0
3.820995942E1,-1.347176501E1,6.558266312E0,1.150168135E1
3.821998242E1,-1.491648803E1,4.443278124E0,8.521497034E0
3.823000442E1,-1.404912142E1,2.116120793E0,6.012225248E0
3.824002742E1,-1.075998777E1,3.840919018E-1,3.924869832E0
3.825004942E1,-6.564362034E0,-3.222672442E-1,1.459811474E0
3.826007242E1,-2.344655709E0,-1.004300219E0,-1.396393158E0
3.827009442E1,1.841013390E0,-2.539104865E0,-4.382344875E0
3.828011742E1,5.876589140E0,-3.788259286E0,-8.266973584E0
3.829013942E1,8.896895295E0,-3.426056144E0,-9.629508147E0
3.830016242E1,1.066901211E1,-2.002744744E0,-6.962972572E0
3.831018442E1,1.125253734E1,-6.743330687E-1,-3.217082503E0
3.832020742E1,9.541050299E0,-5.409048700E-1,-1.409380701E-1
3.833022942E1,5.281144951E0,-8.294903979E-1,1.622436575E0
3.834025242E1,7.074715787E-1,-4.251753160E-1,1.985388453E0
3.835027442E1,-2.641987794E0,8.167691955E-1,1.387782256E0
3.836029742E1,-4.687238579E0,2.287931577E0,8.977964017E-1
3.837032042E1,-5.848502040E0,3.018684137E0,1.005719923E0
3.838034242E1,-6.226435654E0,2.420803706E0,5.807362492E-1
3.839036613E1,-5.338702603E0,8.099498802E-1,-4.558910322E-1
3.840038813E1,-3.511047177E0,-5.210845631E-1,-8.714403695E-1
3.841041113E1,-1.347049382E0,-9.917634961E-1,-1.670705048E0
3.842043312E1,8.350209868E-1,-9.840211979E-1,-2.223442636E0
3.843045613E1,2.770391480E0,-8.751071584E-1,-1.309764612E0
3.844047813E1,4.147310779E0,-8.583689189E-1,-3.208358458E-1
3.845050113E1,4.404811631E0,-1.003031081E0,8.578464702E-1
3.846052313E1,3.866234538E0,-1.123133767E0,1.115464559E0
3.847054613E1,2.857905588E0,-1.239980724E0,1.081979602E0
3.848056813E1,1.670573485E0,-1.283570840E0,8.406030312E-1
3.849059113E1,5.781785309E-1,-9.796229222E-1,2.864445698E-1
3.850061313E1,-7.612992918E-1,-3.111689365E-1,-6.301789892E-1
3.851063612E1,-2.606513321E0,2.314933142E-1,-1.194932313E0
3.852065813E1,-4.253865175E0,6.298769805E-1,-1.493028045E0
3.853068113E1,-4.868910400E0,9.361672926E-1,-1.062501357E0
3.854070313E1,-4.063548830E0,1.209004807E0,-3.568637574E-1
3.855072613E1,-2.131349282E0,1.509482694E0,-5.393267065E-2
3.856074813E1,-2.688386035E-1,1.519215677E0,7.128773296E-1
3.857077113E1,7.727241665E-1,1.382895153E0,1.546906921E0
3.858079313E1,1.243208095E0,1.517650962E0,2.142369529E0
3.859081613E1,1.836653121E0,1.793689535E0,1.941488728E0
3.860083912E1,3.115892928E0,1.617636596E0,7.634689012E-1
3.861086113E1,4.390256158E0,7.262253535E-1,-1.900137511E-1
3.862088413E1,4.510449768E0,-7.758576894E-1,-2.754936120E-1
3.863090613E1,3.316541303E0,-2.228551641E0,8.756351620E-2
3.864092913E1,1.096549986E0,-2.786541198E0,2.869623408E-1
3.865095113E1,-1.253148361E0,-2.054775607E0,-8.865869969E-2
3.866097413E1,-2.496711382E0,-4.613850760E-1,-1.720870357E0
3.867099613E1,-2.339638213E0,1.147666345E0,-3.469056860E0
3.868101913E1,-1.761324611E0,1.448955534E0,-2.618825803E0
3.869104113E1,-1.326627982E0,3.310901079E-1,-1.171999241E0
3.870106413E1,-1.522033743E0,-1.212159672E0,-3.660444707E-2
3.871108612E1,-2.131431727E0,-2.096177987E0,7.950555602E-1
3.872110913E1,-2.413800788E0,-1.627438868E0,1.625711893E0
3.873113113E1,-1.603811147E0,2.673159885E-1,8.893933681E-1
3.874115413E1,4.344978243E-1,1.858423474E0,-7.178389844E-1
3.875117613E1,2.755495114E0,1.553942876E0,-9.641415417E-1
3.876119913E1,3.862351987E0,-4.325214654E-2,7.375648588E-2
3.877122113E1,2.989693058E0,-1.543574593E0,1.375200802E0
3.878124413E1,1.069429430E0,-2.103081502E0,1.758335807E0
3.879126613E1,-6.617989773E-1,-1.490887087E0,1.254891124E0
3.880128912E1,-1.372705210E0,-3.187501439E-1,3.541155660E-1
3.881131113E1,-1.317674140E0,6.966849276E-1,1.028674337E-1
3.882133413E1,-1.058100450E0,1.155309826E0,4.847026026E-1
3.883135713E1,-6.573574322E-1,9.756251809E-1,7.151726541E-1
3.884137913E1,-3.384397656E-1,3.587497768E-1,6.900135469E-1
3.885140213E1,-2.495188183E-1,-2.790042803E-1,6.453571916E-1
3.886142413E1,-1.342304367E-1,-4.656313241E-1,4.977532956E-1
3.887144713E1,3.110245103E-1,-4.202428973E-1,2.233539900E-1
3.888146913E1,9.011044639E-1,-3.857563117E-1,2.611866447E-1
3.889149212E1,1.287494321E0,-3.682412696E-1,2.742177495E-1
3.890151413E1,1.186029342E0,-4.570546281E-1,8.029235736E-1
3.891153713E1,4.097991854E-1,-6.156591833E-1,1.590340624E0
3.892155913E1,-6.109118289E-1,-8.657919592E-1,1.687912234E0
3.893158213E1,-1.202540125E0,-6.086840397E-1,1.243975542E0
3.894160413E1,-1.015228080E0,3.252367526E-2,6.353321403E-2
3.895162713E1,-2.290062010E-1,5.123219258E-1,-8.760240018E-1
3.896164913E1,7.413199407E-1,8.215726832E-1,-8.448630202E-1
3.897167213E1,1.389332938E0,7.897752321E-1,-8.255979064E-1
3.898169413E1,1.493919160E0,3.484917140E-1,-8.776860729E-1
3.899171713E1,1.516667753E0,-2.721568984E-1,-8.116446957E-1
3.900173913E1,1.479949577E0,-8.410482967E-1,-5.132741448E-1
3.901176213E1,1.124685618E0,-1.097214230E0,4.996738136E-2
3.902178413E1,5.030435640E-1,-7.117552489E-1,8.193331996E-1
3.903180713E1,-2.017347872E-2,3.593540865E-1,1.593680845E0
3.904182913E1,-1.760169786E-1,1.585682439E0,1.381863704E0
3.905185213E1,3.672168374E-1,2.130544705E0,7.491183722E-1
3.906187513E1,1.682823987E0,1.616487325E0,-3.338038006E-1
3.907189713E1,2.772949637E0,3.531975532E-1,-1.119217595E0
3.908192013E1,3.174630548E0,-1.108510466E0,-1.270143001E0
3.909194213E1,2.842967121E0,-2.089784934E0,-1.184180453E0
3.910196513E1,1.851965225E0,-2.400654493E0,-1.185184127E0
3.911198713E1,8.551576281E-1,-2.131705377E0,-1.423593528E0
3.912201013E1,4.232974827E-2,-1.451298805E0,-1.659550899E0
3.913203213E1,-7.580967718E-1,-9.535884869E-1,-1.750787344E0
3.914205513E1,-1.175903719E0,-7.326812643E-1,-1.778799600E0
3.915207713E1,-9.832116508E-1,-9.932805562E-1,-1.732022167E0
3.916210013E1,-4.026796156E-1,-1.672672636E0,-1.307354097E0
3.917212213E1,4.332324868E-1,-2.453425030E0,-1.541053566E0
3.918214512E1,1.186298314E0,-3.340074007E0,-2.018457674E0
3.919216713E1,2.236813172E0,-3.908644393E0,-2.348422777E0
3.920219013E1,3.154478120E0,-3.844234389E0,-2.669922574E0
3.921221213E1,3.206221885E0,-2.847128584E0,-2.828154370E0
3.922223513E1,2.831747484E0,-8.549418658E-1,-2.546677302E0
3.923225713E1,2.336028727E0,1.251905243E0,-2.235416564E0
3.924228013E1,1.706760149E0,2.749810451E0,-1.517448356E0
3.925230213E1,8.327049047E-1,3.139519188E0,1.767218605E-1
3.926232513E1,-1.735009217E-1,2.840351077E0,2.053627799E0
3.927234712E1,-9.678656334E-1,3.053479748E0,3.747768487E0
3.928237013E1,-9.644409192E-1,3.354638836E0,4.215232913E0
3.929239213E1,-5.883561945E-1,3.661280859E0,3.248399898E0
3.930241513E1,-1.437899911E0,4.763231918E0,3.174396075E0
3.931243813E1,-4.511164298E0,6.040962558E0,5.585221800E0
3.932246013E1,-9.296676446E0,6.260444815E0,7.970842516E0
3.933248313E1,-1.415315742E1,5.121701905E0,7.423318598E0
3.934250513E1,-1.621742569E1,2.720407142E0,5.936680391E0
3.935252813E1,-1.340545290E1,-1.224926775E0,1.658553072E0
3.936255012E1,-6.400528314E0,-5.159761432E0,-6.298717765E0
3.937257313E1,2.752499000E0,-5.785203007E0,-1.461845194E1
3.938259513E1,1.118440675E1,-3.986545093E0,-1.541616419E1
3.939262067E1,1.354577672E1,-2.748969621E0,-4.224771768E0
3.940264267E1,1.004710693E1,-2.011084920E0,7.652221888E0
3.941266567E1,7.746479589E0,1.835031688E-1,1.090510865E1
3.942268767E1,1.034401451E1,3.813290924E0,3.240447977E0
3.943271067E1,1.066473078E1,5.569743635E0,-4.054264621E0
3.944273267E1,6.308394322E0,3.656453982E0,-2.928848978E0
3.945275567E1,3.042562412E0,3.977568448E-1,-2.439329731E-1
3.946277767E1,2.075375640E-1,-2.046308547E0,-3.018701094E-1
3.947280067E1,-2.902272506E0,-2.535365571E0,-1.880464261E0
3.948282267E1,-4.640819873E0,-7.832310283E-1,-2.169380157E0
3.949284567E1,-4.910946618E0,1.644773816E0,-1.449193808E0
3.950286767E1,-4.228811025E0,2.923616012E0,-9.237454677E-1
3.951289067E1,-2.953171933E0,2.416789300E0,1.129214287E-2
3.952291367E1,-1.841389951E0,8.437391853E-1,8.029405305E-1
3.953293567E1,-8.026630801E-1,-5.643720853E-1,4.950442806E-1
3.954295867E1,4.758282834E-1,-1.629599707E0,4.506837943E-1
3.955298067E1,1.407008486E0,-2.541857150E0,1.082832710E0
3.956300367E1,1.444449962E0,-3.152909312E0,9.997209719E-1
3.957302567E1,7.355534166E-1,-2.776140463E0,1.048256662E-1
3.958304867E1,-6.084314400E-1,-1.715149149E0,-9.380509731E-1
3.959307067E1,-1.661037846E0,-7.584598839E-1,-1.341774901E0
3.960309367E1,-2.206748543E0,-3.044148177E-1,-2.378369585E-1
3.961311567E1,-3.179004850E0,-7.688784528E-1,1.720284466E0
3.962313867E1,-4.500006641E0,-1.797898945E0,2.629395523E0
3.963316067E1,-5.264004423E0,-2.505081087E0,2.071052501E0
3.964318367E1,-4.740325450E0,-2.514039606E0,-1.389544022E-1
3.965320567E1,-3.054064470E0,-1.937829832E0,-2.494296775E0
3.966322867E1,-1.396192891E0,-1.071674176E0,-2.563909339E0
3.967325067E1,-6.458986437E-1,-4.874449468E-1,-6.237795040E-1
3.968327367E1,-7.541440541E-1,-5.693492353E-2,7.727250436E-1
3.969329567E1,-1.014964371E0,5.677453440E-1,7.259821093E-1
3.970331867E1,-6.131922430E-1,6.720064616E-1,-3.079336721E-1
3.971334067E1,1.303122175E-1,1.101995498E-1,-9.944897604E-1
3.972336367E1,4.683695751E-1,-4.532124227E-1,-7.417464951E-1
3.973338567E1,4.647431320E-1,-6.296147329E-1,-4.016806188E-1
3.974340867E1,6.739600164E-1,2.048677254E-1,-2.069116196E-1
3.975343067E1,1.138852837E0,1.584010136E0,-1.103164941E-1
3.976345367E1,1.966219234E0,2.223352296E0,-5.013844165E-1
3.977347667E1,2.700180454E0,2.101268865E0,-5.425450140E-1
3.978349867E1,2.531447936E0,1.195626377E0,3.911483216E-1
3.979352167E1,1.626631075E0,9.070551753E-2,7.117046705E-1
3.980354367E1,8.943433285E-1,9.338237286E-2,1.288404733E-2
3.981356667E1,8.660656089E-1,1.440500168E0,-5.445161104E-1
3.982358867E1,1.401064206E0,2.652875310E0,-7.409118050E-1
3.983361167E1,1.877860204E0,3.106473649E0,-6.027532089E-1
3.984363367E1,2.236347148E0,2.680154909E0,-2.933840454E-1
3.985365667E1,2.336494750E0,1.572213378E0,9.159020126E-2
3.986367867E1,1.987663313E0,9.144051254E-1,3.477368385E-1
3.987370167E1,1.594192477E0,1.186618157E0,-2.642286587E-1
3.988372367E1,1.431816468E0,1.430392086E0,-1.511287145E0
3.989374667E1,1.697168961E0,1.283723452E0,-1.898132501E0
3.990376867E1,1.831842617E0,6.619539285E-1,-1.883890437E0
3.991379167E1,8.073624873E-1,-2.213165277E-1,-1.217543496E0
3.992381367E1,-7.843267965E-1,-4.352801818E-1,2.130444717E-1
3.993383667E1,-1.147932394E0,5.090714586E-1,8.054106867E-1
3.994385867E1,3.654439616E-1,2.305606833E0,-9.008518642E-1
3.995388167E1,1.443131999E0,3.423040735E0,-5.821461591E-1
3.996390367E1,2.041944770E0,3.099417229E0,2.356665305E0
3.997392667E1,3.848275985E0,1.867716454E0,2.722888993E0
3.998394867E1,4.298263668E0,5.987958133E-2,1.410759475E0
3.999397167E1,2.026212251E0,-1.614684044E0,2.175570604E0
4.000399367E1,-6.779782230E-1,-2.555039697E0,2.551743037E0
4.001401667E1,-2.269825382E0,-2.848958178E0,1.154828600E0
4.002403967E1,-3.274750668E0,-2.757884286E0,-1.255192548E-1
4.003406167E1,-4.377097583E0,-2.959517332E0,-2.742984411E-1
4.004408467E1,-5.446082625E0,-3.165511231E0,6.558932894E-1
4.005410667E1,-5.812237608E0,-2.629968842E0,9.033848780E-1
4.006412967E1,-5.076031643E0,-1.340804556E0,6.506822509E-1
4.007415167E1,-2.611828440E0,3.992420375E-2,-7.405752978E-1
4.008417467E1,8.958489865E-1,5.587850708E-1,-1.495060829E0
4.009419667E1,3.306721489E0,-1.939609140E-1,-1.346976292E-1
4.010421967E1,2.925975949E0,-1.924412811E0,1.924272478E0
4.011424167E1,5.971012902E-1,-3.466249319E0,2.590688417E0
4.012426467E1,-1.760849233E0,-3.834857794E0,1.720408135E0
4.013428667E1,-3.109100803E0,-2.464989945E0,4.329190761E-1
4.014430967E1,-3.188800691E0,1.203441766E-1,-1.670287557E0
4.015433167E1,-2.552382722E0,1.967409435E0,-2.090205349E0
4.016435467E1,-1.511069629E0,1.947509898E0,-7.220557040E-1
4.017437667E1,-7.204822183E-1,1.014531969E0,3.302127331E-1
4.018439967E1,-3.427111566E-2,3.984535405E-1,5.205904734E-1
4.019442167E1,9.968701619E-1,5.952097160E-1,2.195606089E-1
4.020444467E1,1.959552239E0,1.342767466E0,9.499737382E-2
4.021446667E1,2.688076717E0,1.570027104E0,2.192179620E-1
4.022448967E1,3.520090481E0,8.557020038E-1,5.894174641E-1
4.023451167E1,3.971717139E0,-1.265106502E-1,5.093398458E-1
4.024453467E1,3.399844245E0,-8.987617770E-1,-2.795167887E-1
4.025455667E1,2.242178577E0,-8.576801169E-1,-1.379440033E0
4.026457967E1,8.968517840E-1,-2.255934736E-1,-1.798293048E0
4.027460167E1,-1.328393841E-1,8.105234921E-1,-2.028328359E0
4.028462467E1,-6.940668368E-1,1.537509276E0,-1.664835905E0
4.029464767E1,-8.403554016E-1,1.451574794E0,-2.784037712E-1
4.030466967E1,-7.549761128E-1,8.450340512E-1,8.405746722E-1
4.031469267E1,-8.287738216E-1,1.533128250E-1,1.296721812E0
4.032471467E1,-8.052007717E-1,-3.525017345E-1,8.120004988E-1
4.033473767E1,-2.656600571E-1,-7.040693763E-1,-4.325395918E-1
4.034475967E1,5.145690107E-1,-7.609221464E-1,-1.217516599E0
4.035478267E1,1.014741592E0,-2.042987913E-1,-1.266800441E0
4.036480467E1,1.082216706E0,7.880871409E-1,-9.884548491E-1
4.037482767E1,1.247019895E0,1.797729376E0,-3.241731441E-1
4.038484967E1,1.591844235E0,2.148184000E0,2.032141328E-1
4.039487092E1,1.893796206E0,1.592532452E0,7.928192925E-1
4.040489292E1,2.095390660E0,6.229278570E-1,1.487469682E0
4.041491592E1,2.190380432E0,-4.188091600E-1,1.640301865E0
4.042493792E1,2.164403007E0,-1.022352912E0,1.397097455E0
4.043496092E1,2.083355336E0,-9.254429144E-1,1.089716345E0
4.044498292E1,1.848190262E0,-5.415492332E-1,3.628121299E-1
4.045500592E1,1.520631580E0,-1.686465633E-1,-2.457795238E-1
4.046502792E1,1.160806208E0,-6.682168812E-2,-1.389713591E-1
4.047505092E1,5.795918030E-1,-2.498249200E-1,3.698048151E-1
4.048507292E1,-3.542635006E-1,-5.901375487E-1,1.107822833E0
4.049509592E1,-1.403351637E0,-9.450076979E-1,1.542580858E0
4.050511792E1,-2.304537377E0,-1.091186627E0,1.177432181E0
4.051514092E1,-2.543278023E0,-8.078659326E-1,7.133994859E-1
4.052516392E1,-1.853781370E0,-2.318172500E-1,6.724075806E-1
4.053518592E1,-5.481659424E-1,5.756484407E-1,1.794604039E-1
4.054520892E1,4.704973769E-1,1.090308668E0,-1.960629880E-1
4.055523092E1,7.586844170E-1,1.022152353E0,1.621041137E-1
4.056525392E1,7.722172129E-1,6.098774564E-1,3.924586827E-1
4.057527592E1,9.492065835E-1,-5.124792159E-3,-1.189996094E-1
4.058529892E1,1.174719073E0,-5.992761621E-1,-6.473084074E-1
4.059532092E1,1.215667709E0,-9.989696047E-1,-6.833617544E-1
4.060534392E1,5.079090321E-1,-1.264636971E0,-7.965667731E-1
4.061536592E1,-7.996962029E-1,-1.323252092E0,-1.132228526E0
4.062538892E1,-1.706138590E0,-9.416703996E-1,-1.108513389E0
4.063541092E1,-1.994688742E0,-2.821068129E-1,-4.829460990E-1
4.064543392E1,-2.126408384E0,2.705962765E-1,1.864068961E-1
4.065545592E1,-2.363945088E0,5.147716168E-1,5.391542137E-1
4.066547892E1,-2.316695493E0,3.888684922E-1,8.295789832E-1
4.067550092E1,-1.687335114E0,1.166607231E-1,1.019723420E0
4.068552392E1,-7.935829389E-1,-2.245669949E-1,9.803441763E-1
4.069554592E1,1.895293093E-1,-6.056481653E-1,9.127275592E-1
4.070556892E1,1.136003489E0,-7.571197021E-1,8.773676920E-1
4.071559092E1,1.692865410E0,-8.166306165E-1,6.427008015E-1
4.072561392E1,1.980817977E0,-9.182949856E-1,5.904541755E-1
4.073563592E1,2.256645173E0,-1.117360811E0,7.431805247E-1
4.074565892E1,2.159225882E0,-1.498906251E0,7.732638645E-1
4.075568092E1,1.360721927E0,-1.709030330E0,7.337261617E-1
4.076570392E1,2.867550570E-1,-1.462677487E0,4.848119456E-1
4.077572592E1,-6.187196159E-1,-9.320257097E-1,-1.568515599E-1
4.078574892E1,-1.108665417E0,-2.508423355E-1,-7.588650960E-1
4.079577192E1,-9.773679435E-1,3.426430365E-1,-1.176678475E0
4.080579392E1,-4.503297454E-1,7.497674131E-1,-1.483035153E0
4.081581692E1,2.348183334E-2,9.427468720E-1,-1.430995519E0
4.082583892E1,1.503044325E-1,8.839048791E-1,-1.361672099E0
4.083586192E1,-1.492881864E-1,2.601171890E-1,-1.597337109E0
4.084588392E1,-5.475794667E-1,-7.242256057E-1,-1.673677772E0
4.085590692E1,-6.264280003E-1,-1.312896965E0,-1.210294703E0
4.086592892E1,-5.431227189E-1,-1.525850805E0,-7.123083955E-1
4.087595192E1,-6.934598958E-1,-1.371195459E0,-4.298586434E-1
4.088597392E1,-1.066691179E0,-5.134440064E-1,-3.271721810E-1
4.089599692E1,-1.262510338E0,5.821452820E-1,-5.597188711E-1
4.090601892E1,-9.569775331E-1,1.295894431E0,-1.345864152E0
4.091604192E1,-4.353368998E-2,1.479417481E0,-1.880201137E0
4.092606392E1,1.060878462E0,1.115786156E0,-1.790919709E0
4.093608692E1,1.456085921E0,3.026425266E-1,-1.300368136E0
4.094610892E1,9.960211462E-1,-5.805758893E-1,-7.919632602E-1
4.095613192E1,2.582469571E-1,-9.915772623E-1,-1.249889123E-1
4.096615392E1,-1.221284544E-1,-8.847685128E-1,1.278280279E-1
4.097617692E1,-9.197494805E-2,-5.724213624E-1,-6.463716835E-2
4.098619892E1,3.140451819E-1,-3.124752045E-3,1.349607539E-1
4.099622192E1,9.014693302E-1,4.909293026E-1,4.789857799E-1
4.100624392E1,1.144106560E0,4.141758263E-1,3.104093832E-1
4.101626692E1,9.411561370E-1,3.497786862E-1,3.992595792E-1
4.102628892E1,6.163503242E-1,4.640163231E-1,7.677829769E-1
4.103631192E1,1.207648838E-1,5.075219464E-1,1.086464416E0
4.104633492E1,-6.590765136E-1,3.075518489E-1,9.432514867E-1
4.105635692E1,-1.310697827E0,-6.492572844E-2,1.111666793E-1
4.106637992E1,-1.325195414E0,-2.890933585E-1,-5.662373471E-1
4.107640192E1,-9.094250518E-1,-4.176555043E-1,-5.406692272E-1
4.108642492E1,-7.392997277E-1,-6.138044465E-1,-3.878206712E-1
4.109644692E1,-1.109041978E0,-6.849288082E-1,-3.203812248E-1
4.110646992E1,-1.722965707E0,-4.983681303E-1,-1.623906273E-1
4.111649192E1,-2.024869146E0,-1.266828507E-1,-3.471079704E-1
4.112651492E1,-2.038862702E0,3.875306493E-1,-7.904236883E-1
4.113653692E1,-1.760822335E0,9.868275690E-1,-1.017219642E0
4.114655992E1,-1.177665485E0,1.609418626E0,-1.225089328E0
4.115658192E1,-5.299237990E-1,1.926255269E0,-1.239369398E0
4.116660492E1,4.032649219E-2,1.831637380E0,-8.613030517E-1
4.117662692E1,4.670732474E-1,1.271361853E0,-3.085230714E-1
4.118664992E1,8.000844580E-1,4.932494777E-1,2.297698474E-1
4.119667192E1,9.957603604E-1,-2.123948461E-1,8.914270297E-1
4.120669492E1,1.193607334E0,-4.635567319E-1,1.542293760E0
4.121671692E1,1.522931875E0,-2.322958446E-1,2.313419298E0
4.122673992E1,2.104552662E0,3.752474034E-1,2.781276072E0
4.123676192E1,2.860106480E0,1.421796679E0,2.375237816E0
4.124678492E1,3.357414510E0,2.596376004E0,1.175048856E0
4.125680692E1,3.282611080E0,3.069452003E0,-4.585386515E-3
4.126682992E1,2.535483685E0,2.276138036E0,-1.223647989E0
4.127685192E1,1.420702665E0,7.473449117E-1,-1.724754370E0
4.128687492E1,2.815948892E-1,-5.845514113E-1,-7.525313920E-1
4.129689692E1,-6.189844948E-1,-1.335777120E0,1.075230453E0
4.130691992E1,-9.550210547E-1,-1.254725356E0,1.664939693E0
4.131694292E1,-8.235481650E-1,-3.361529195E-1,2.316462189E-2
4.132696492E1,-1.093823429E0,9.556712651E-1,-1.857014295E0
4.133698792E1,-1.925425549E0,1.531016820E0,-3.165518247E0
4.134700992E1,-2.741331988E0,1.029643806E0,-2.733858662E0
4.135703292E1,-2.728716035E0,2.690064186E-1,-5.620571727E-1
4.136705492E1,-1.804563602E0,-2.574002802E-1,9.034044662E-1
4.137707792E1,-1.771197635E-1,-2.407123268E-2,7.572056562E-1
4.138709842E1,2.033361057E0,1.627733860E0,7.931625241E-1
4.139712142E1,4.193016710E0,3.752895033E0,-7.076022640E-1
4.140714342E1,4.028513483E0,3.975922456E0,-1.194889044E0
4.141716642E1,2.546410376E0,2.294598865E0,2.805751348E-1
4.142718842E1,1.545364718E0,-1.427281952E-1,1.543728667E0
4.143721142E1,2.943739790E-1,-2.311030710E0,1.093087850E0
4.144723342E1,-1.761700587E0,-3.598314532E0,1.610896218E0
4.145725642E1,-3.607162539E0,-3.758073912E0,1.889792032E0
4.146727842E1,-4.329930434E0,-3.294448768E0,1.072608562E0
4.147730142E1,-4.185777272E0,-2.619711657E0,1.271249587E0
4.148732342E1,-3.227419796E0,-1.794616903E0,5.166693306E-1
4.149734642E1,-2.402343169E0,-9.871181756E-1,2.747735274E-1
4.150736842E1,-1.540796288E0,-2.758295345E-1,1.312384164E-1
4.151739142E1,-3.771266985E-1,-2.400562692E-1,-4.142328367E-1
4.152741342E1,5.910184318E-1,-5.746380419E-1,-2.144030723E-1
4.153743642E1,1.207476345E0,-1.201415706E0,1.249824804E-1
4.154745842E1,1.551682050E0,-1.903908965E0,4.517491570E-1
4.155748142E1,1.324970881E0,-2.540250919E0,1.120911241E0
4.156750342E1,2.491697395E-1,-2.741589850E0,1.531479627E0
4.157752642E1,-1.006309907E0,-1.934726715E0,1.459160095E0
4.158754942E1,-1.260150402E0,-5.742760992E-1,1.038036314E0
4.159757142E1,-8.691827595E-1,6.012797105E-1,-8.881218910E-2
4.160759442E1,-8.175307953E-1,1.338111913E0,-7.420099121E-1
4.161761642E1,-6.564487749E-1,1.609468912E0,-3.986251563E-1
4.162763942E1,1.002358943E-1,1.404868990E0,8.463844657E-2
4.163766142E1,1.149494770E0,1.194197903E0,2.920333385E-1
4.164768442E1,1.922452240E0,1.081108074E0,-4.299574614E-2
4.165770642E1,2.267128646E0,1.021786902E0,-1.072001621E0
4.166772942E1,2.231865842E0,1.618394102E0,-1.630802186E0
4.167775142E1,1.928719286E0,2.221717122E0,-1.881403032E0
4.168777442E1,1.654866695E0,2.610168416E0,-2.647032772E0
4.169779642E1,1.162674394E0,3.280845221E0,-2.900079215E0
4.170781942E1,6.959584111E-1,3.363736227E0,-3.021598974E0
4.171784142E1,8.391526294E-1,2.305038484E0,-2.459022569E0
4.172786442E1,1.261787038E0,5.226364142E-1,-6.652043957E-1
4.173788642E1,1.329211282E0,-1.468118906E0,9.129070687E-1
4.174790942E1,7.692877579E-1,-2.911884744E0,1.819665205E0
4.175793142E1,-1.205929756E-1,-3.309143990E0,1.938149383E0
4.176795442E1,-8.346888649E-1,-2.623286937E0,1.284941135E0
4.177797642E1,-8.201573646E-1,-1.406888618E0,7.636829093E-1
4.178799942E1,-3.912149799E-1,-6.218449527E-1,4.054693222E-1
4.179802142E1,-3.592119992E-1,-3.415031219E-1,1.337723073E-1
4.180804442E1,-6.822104377E-1,-3.776354063E-1,-2.342803895E-2
4.181806642E1,-9.360257900E-1,-3.530680373E-1,-1.509166360E-1
4.182808942E1,-1.042279054E0,1.362176129E-1,-5.097400877E-1
4.183811142E1,-7.707162327E-1,8.747645116E-1,-7.350675130E-1
4.184813442E1,6.175653756E-2,1.214204736E0,-2.735754329E-1
4.185815642E1,1.088431127E0,7.620483202E-1,2.878473169E-1
4.186817942E1,1.643176941E0,-1.798164994E-1,1.284002949E0
4.187820242E1,1.604840257E0,-1.304084626E0,2.514859093E0
4.188822442E1,1.296246434E0,-1.939885421E0,3.196469899E0
4.189824742E1,1.109822581E0,-1.967895338E0,2.736369748E0
4.190826942E1,1.364535481E0,-1.732371538E0,1.488154975E0
4.191829242E1,2.046207975E0,-1.226394426E0,1.147983849E-2
4.192831442E1,2.415870118E0,-4.336789218E-1,-1.473472617E0
4.193833742E1,1.990544236E0,3.573172089E-1,-2.092850629E0
4.194835942E1,1.035885708E0,1.246970778E0,-1.837696849E0
4.195838242E1,-1.480883378E-1,2.097027588E0,-1.749941837E0
4.196840442E1,-1.292158061E0,2.227957563E0,-1.830598914E0
4.197842742E1,-1.452690443E0,1.378170603E0,-1.666583346E0
4.198844942E1,-6.169303679E-1,-3.936170161E-2,-1.455354727E0
4.199847242E1,-1.165934801E-2,-1.411085749E0,-9.524704993E-1
4.200849442E1,1.177512288E-2,-2.244376545E0,-6.468271816E-1
4.201851742E1,-2.576172119E-1,-2.417000969E0,-6.129425669E-1
4.202853942E1,-3.472322237E-1,-1.971994529E0,-3.944891283E-1
4.203856242E1,-2.791519225E-1,-1.293225762E0,-5.646635690E-1
4.204858442E1,-1.919459635E-1,-6.693646896E-1,-1.163471662E0
4.205860742E1,1.582221472E-1,1.751533449E-2,-1.588485594E0
4.206862942E1,6.509968311E-1,6.972161472E-1,-1.741419520E0
4.207865242E1,7.145613277E-1,1.198893802E0,-1.488501715E0
4.208867442E1,-1.716742516E-3,1.035239591E0,-1.089607002E0
4.209869742E1,-1.227612401E0,1.498676455E-1,-7.831243166E-1
4.210871942E1,-2.319967595E0,-6.258847940E-1,-4.658462092E-1
4.211874242E1,-2.953000610E0,-1.098587156E0,-7.107641459E-2
4.212876442E1,-3.132806000E0,-1.266488199E0,9.111131430E-2
4.213878742E1,-2.834687464E0,-1.055477389E0,-1.186306500E-1
4.214880942E1,-2.037423702E0,-4.391931385E-1,-4.003763974E-1
4.215883242E1,-9.733058828E-1,2.604045796E-1,-4.076976961E-1
4.216885442E1,-2.654986739E-2,7.966474646E-1,-2.246368691E-1
4.217887742E1,4.594408768E-1,1.084371990E0,6.923571110E-2
4.218890042E1,5.818646157E-1,9.277110493E-1,7.381349623E-1
4.219892242E1,5.834597361E-1,3.451500303E-1,1.521326230E0
4.220894542E1,7.755530494E-1,-4.064387906E-1,1.935290971E0
4.221896742E1,1.416391513E0,-1.100728991E0,2.034527284E0
4.222899042E1,2.400575556E0,-1.476974514E0,2.029526453E0
4.223901242E1,3.523262596E0,-1.504865733E0,2.154513319E0
4.224903542E1,4.466017361E0,-1.191256753E0,2.227755834E0
4.225905742E1,4.414258978E0,-6.203498197E-1,2.354267362E0
4.226908042E1,3.464640750E0,1.742499501E-1,2.528120871E0
4.227910242E1,2.422765154E0,7.099478745E-1,2.662513568E0
4.228912542E1,1.910450245E0,7.336899090E-1,2.940239062E0
4.229914742E1,1.821615252E0,4.710709888E-1,3.069638236E0
4.230917042E1,1.456627958E0,4.124140602E-1,2.667521708E0
4.231919242E1,8.171554041E-1,1.042443361E0,1.979322552E0
4.232921542E1,2.481640184E-1,1.812612294E0,1.023464760E0
4.233923742E1,-1.689903796E-2,2.066472085E0,-3.677167743E-2
4.234926042E1,-4.414706290E-2,1.789528071E0,-1.732649866E-1
4.235928242E1,-2.962181908E-1,1.349873003E0,3.541073799E-3
4.236930542E1,-1.217956309E0,6.714948303E-1,-3.856305966E-1
4.237932742E1,-2.247259807E0,9.004653633E-2,-8.594480225E-1
4.238935463E1,-2.495503932E0,-2.849096757E-1,-1.031293013E0
4.239937663E1,-1.991367524E0,-7.292162043E-1,-9.538176978E-1
4.240939963E1,-1.554777566E0,-9.314860117E-1,-5.015963781E-1
4.241942163E1,-1.513037801E0,-7.889051664E-1,-4.309690297E-1
4.242944463E1,-1.445532281E0,-2.677486825E-1,-7.247495162E-1
4.243946663E1,-1.085367186E0,1.010521656E-1,-8.602604932E-1
4.244948963E1,-6.127899545E-1,2.498842692E-1,-9.101164851E-1
4.245951162E1,-3.506563532E-1,2.101875222E-1,-7.773779655E-1
4.246953463E1,-2.299744999E-1,-4.122982854E-1,-5.172888431E-1
4.247955763E1,-2.174924487E-1,-1.068603804E0,-1.555756974E-1
4.248957963E1,-3.873634189E-1,-1.558733792E0,8.028227091E-3
4.249960263E1,-6.290925765E-1,-1.802191386E0,-1.775010020E-2
4.250962463E1,-6.396590799E-1,-1.263859876E0,2.291947737E-1
4.251964763E1,-6.254661334E-1,-2.589614868E-1,1.228117016E-1
4.252966963E1,-5.769313198E-1,5.697673112E-1,-2.915945050E-1
4.253969263E1,-2.108856797E-1,1.213946289E0,-1.699078077E-1
4.254971462E1,1.192323285E-1,1.037087896E0,6.941960603E-2
4.255973763E1,-6.184599996E-2,4.459232837E-1,1.974552101E-1
4.256975963E1,-3.867471224E-1,2.416490507E-1,1.832698649E-1
4.257978263E1,-3.211553961E-1,1.907408524E-1,-8.943550229E-2
4.258980463E1,1.419405752E-1,1.104223287E-1,-3.691510963E-1
4.259982763E1,5.378742582E-1,-2.489200634E-1,-4.571253794E-1
4.260984963E1,6.817590326E-1,-7.537686628E-1,-3.615266195E-1
4.261987263E1,5.871183389E-1,-9.377887255E-1,9.703454375E-3
4.262989463E1,2.413683844E-1,-9.340359825E-1,2.564767125E-1
4.263991762E1,9.934185505E-2,-4.174654698E-1,6.007844514E-1
4.264993963E1,3.856355667E-1,6.854410243E-1,7.497802770E-1
4.265996263E1,7.715909761E-1,1.570308940E0,-4.690811813E-2
4.266998463E1,1.322761803E0,1.959652226E0,-4.790775812E-1
4.268000763E1,1.950114248E0,1.501586030E0,-5.526223978E-1
4.269002963E1,1.951428117E0,2.680363655E-1,-4.553823245E-1
4.270005263E1,1.236232367E0,-7.460906839E-1,1.005317634E-1
4.271007463E1,2.616278172E-1,-1.537896654E0,1.730509785E-1
4.272009763E1,-3.865103102E-1,-1.828026139E0,-2.068777058E-1
4.273011962E1,-3.953472072E-1,-1.481253507E0,-7.077253479E-1
4.274014263E1,-1.844995344E-1,-8.627484834E-1,-1.503064206E0
4.275016463E1,-1.847761077E-1,-1.919640899E-2,-1.874187568E0
4.276018763E1,-5.579132509E-1,7.213335729E-1,-1.620604350E0
4.277021063E1,-1.256559627E0,8.716730887E-1,-1.219878581E0
4.278023263E1,-2.008349007E0,6.272249758E-1,-7.665977463E-1
4.279025563E1,-2.240591058E0,9.879046261E-2,-1.950227684E-1
4.280027763E1,-1.707951227E0,-7.512689781E-1,2.297955751E-1
4.281030063E1,-7.522033632E-1,-1.403697792E0,5.042124224E-1
4.282032262E1,2.425477678E-1,-1.658065706E0,7.209412247E-1
4.283034563E1,1.095626711E0,-1.640178489E0,6.699435639E-1
4.284036763E1,1.868508167E0,-1.275968290E0,7.445668995E-1
4.285039063E1,2.299798209E0,-6.844721407E-1,9.413680986E-1
4.286041263E1,2.072213466E0,-3.024817282E-1,8.150281870E-1
4.287043563E1,1.551794316E0,-1.065339303E-1,9.121328974E-1
4.288045763E1,1.159812182E0,1.320178503E-1,1.076239975E0
4.289048063E1,8.342678654E-1,2.233800101E-1,2.473702589E-1
4.290050263E1,8.061082596E-1,2.574897426E-1,-7.672231060E-1
4.291052562E1,1.290630183E0,2.346721530E-2,-1.382204012E0
4.292054763E1,1.623495798E0,-6.813701928E-1,-1.808356690E0
4.293057063E1,1.342041242E0,-1.498562434E0,-1.878036498E0
4.294059263E1,6.340860987E-1,-1.931162252E0,-1.843542311E0
4.295061563E1,2.752986073E-2,-1.741056992E0,-2.061496689E0
4.296063763E1,-4.805241823E-3,-1.117123414E0,-2.445639170E0
4.297066063E1,5.028529447E-1,-1.978136444E-1,-2.841351828E0
4.298068263E1,1.281394506E0,9.836203712E-1,-3.012691619E0
4.299070563E1,2.007018766E0,2.257726323E0,-2.975443685E0
4.300072763E1,1.973730567E0,2.782004635E0,-2.994355335E0
4.301075063E1,1.371957352E0,2.009639488E0,-2.370598927E0
4.302077262E1,1.272279866E0,7.307107526E-1,-1.305512809E0
4.303079563E1,1.450854417E0,-2.843272930E-1,-7.843449229E-1
4.304081763E1,1.423336251E0,-7.759003741E-1,-6.837044013E-1
4.305084063E1,1.409459639E0,-7.859821433E-1,-7.499346435E-2
4.306086263E1,9.917012233E-1,-7.733866560E-1,3.925864443E-1
4.307088563E1,-4.219350815E-2,-9.673183340E-1,4.415276393E-1
4.308090863E1,-1.247563686E0,-1.221917213E0,3.771559346E-1
4.309093063E1,-1.995640084E0,-1.314464019E0,4.771959472E-1
4.310095363E1,-1.884044804E0,-1.121134604E0,8.659360930E-1
4.311097562E1,-1.329364479E0,-5.913751119E-1,1.138401140E0
4.312099863E1,-8.404413557E-1,1.718204319E-2,1.208670054E0
4.313102063E1,-3.436467111E-1,6.310817993E-1,1.344872172E0
4.314104363E1,1.205695868E-1,1.586550166E0,1.487211235E0
4.315106563E1,4.357426965E-1,2.511263933E0,2.245657085E0
4.316108863E1,3.666765547E-1,2.802495033E0,3.534034044E0
4.317111063E1,-2.334091544E-1,3.451354707E0,5.368676015E0
4.318113363E1,-1.611509591E0,5.151911545E0,6.802893934E0
4.319115563E1,-3.639326318E0,5.128489938E0,6.640989211E0
4.320117862E1,-5.021219843E0,1.639934075E0,5.584655789E0
4.321120063E1,-4.574489059E0,-2.130245912E0,3.906064894E0
4.322122363E1,-2.925046826E0,-4.157534051E0,1.182441199E0
4.323124563E1,-1.547663258E0,-3.972422313E0,-1.750474810E0
4.324126863E1,-6.394421482E-1,-2.255908424E0,-3.729034885E0
4.325129063E1,2.335027099E-1,-9.264527285E-1,-4.266060420E0
4.326131363E1,4.670498586E-1,-8.487069798E-1,-3.946205445E0
4.327133563E1,-7.003911853E-1,-1.122228618E0,-2.903470016E0
4.328135863E1,-1.947842020E0,-3.730500197E-1,-1.838593812E0
4.329138063E1,-1.964803623E0,1.335423948E0,-3.858247241E-1
4.330140363E1,-9.933986700E-1,2.601917995E0,1.025651034E0
4.331142562E1,-4.517324924E-2,2.878424637E0,1.500301981E0
4.332144863E1,9.533838344E-1,2.372269185E0,1.579273306E0
4.333147063E1,2.113810558E0,1.479104655E0,1.311835696E0
4.334149363E1,2.890834183E0,4.959269178E-1,7.877146733E-1
4.335151563E1,2.985525162E0,-2.638199383E-1,6.682502103E-1
4.336153863E1,2.507263268E0,-4.760709429E-1,6.471011236E-1
4.337156063E1,1.717357643E0,-4.005915749E-1,5.335946810E-1
4.338158363E1,1.039560099E0,-1.276195747E-1,6.369322309E-1
4.339160288E1,7.309727079E-1,2.419653851E-1,5.344796571E-1
4.340162488E1,4.689361703E-1,6.563604820E-1,6.748827070E-2
4.341164788E1,2.897353828E-2,9.679954416E-1,-1.796168169E-1
4.342166988E1,-3.026419419E-1,1.124685034E0,-4.234717298E-1
4.343169287E1,-3.329001135E-1,1.437781212E0,-5.852372897E-1
4.344171488E1,-1.793305957E-1,1.360355306E0,-9.142215228E-1
4.345173788E1,2.806605041E-2,6.804814160E-1,-1.252244382E0
4.346175988E1,1.000060987E-1,2.502783716E-2,-1.212663410E0
4.347178288E1,-1.586372995E-1,-6.638992971E-1,-1.065932795E0
4.348180488E1,-6.128887725E-1,-9.207259655E-1,-4.745328328E-1
4.349182788E1,-1.113322139E0,-3.731377280E-1,6.240148544E-2
4.350184988E1,-1.379266956E0,2.263808012E-1,-1.321763098E-1
4.351187288E1,-8.282031333E-1,9.710938811E-1,-2.893933207E-1
4.352189488E1,3.361938500E-1,1.652099792E0,-3.725693786E-1
4.353191788E1,1.298647885E0,1.769979075E0,-5.694802129E-1
4.354193987E1,1.781455990E0,1.567605772E0,-3.097410464E-1
4.355196288E1,1.785371870E0,8.212244815E-1,2.155576050E-2
4.356198488E1,1.454254573E0,-8.985416293E-3,2.083666992E-1
4.357200788E1,1.119049487E0,-2.744706416E-1,3.764916909E-1
4.358202988E1,9.354697198E-1,-6.595600784E-1,-2.316316009E-2
4.359205288E1,6.563037640E-1,-9.442013669E-1,-4.406105036E-1
4.360207488E1,1.703615516E-1,-1.080853136E0,-6.748221883E-1
4.361209788E1,-3.811221009E-1,-1.131417518E0,-9.407532638E-1
4.362211988E1,-8.512581199E-1,-7.560555089E-1,-8.405963069E-1
4.363214287E1,-1.208785536E0,-1.029209358E-1,-8.700443467E-1
4.364216488E1,-1.434749431E0,6.722783571E-1,-8.962781721E-1
4.365218788E1,-1.369628990E0,1.464329326E0,-9.190641868E-1
4.366220988E1,-1.241298979E0,1.639904839E0,-1.029102353E0
4.367223288E1,-1.093099544E0,7.399628019E-1,-9.135625416E-1
4.368225488E1,-8.720701146E-1,-5.720155656E-1,-1.899687275E-1
4.369227788E1,-6.975266343E-1,-1.992348102E0,4.431943882E-1
4.370229988E1,-4.686034638E-1,-3.013412873E0,7.249240556E-1
4.371232288E1,1.168185979E-1,-2.602057743E0,6.853492230E-1
4.372234488E1,1.050739975E0,-9.639479989E-1,4.129470339E-1
4.373236788E1,2.105009914E0,5.923475039E-1,-5.339618862E-2
4.374239088E1,2.941941771E0,1.486465130E0,-1.322926694E-1
4.375241288E1,2.901871387E0,1.601243050E0,4.278086096E-1
4.376243588E1,1.885704244E0,4.406648827E-1,7.222621107E-1
4.377245788E1,9.311223149E-1,-1.168730355E0,8.488631004E-1
4.378248088E1,7.034674054E-1,-2.287474033E0,5.839453474E-1
4.379250288E1,6.476750278E-1,-2.837169022E0,-3.482753670E-1
4.380252588E1,4.306380773E-1,-2.462805133E0,-9.277677673E-1
4.381254788E1,2.820094568E-1,-1.448493896E0,-1.093516158E0
4.382257088E1,-7.881345034E-2,-4.792231768E-1,-1.057821538E0
4.383259287E1,-6.308806551E-1,2.350849664E-1,-6.594782174E-1
4.384261588E1,-1.019566714E0,5.180796790E-1,-8.454664528E-2
4.385263788E1,-1.172706462E0,1.868115234E-1,3.305433932E-1
4.386266088E1,-1.065736329E0,-5.436133003E-1,5.198888075E-1
4.387268288E1,-6.341515875E-1,-1.239789228E0,5.937634072E-1
4.388270588E1,-2.608863902E-1,-1.878492288E0,6.515002763E-1
4.389272788E1,-3.448237556E-1,-2.207447870E0,6.521478555E-1
4.390275088E1,-7.474302810E-1,-2.079765730E0,7.680080947E-1
4.391277288E1,-1.147471633E0,-1.836769481E0,7.038866508E-1
4.392279587E1,-1.353645042E0,-1.508797401E0,3.513241053E-1
4.393281788E1,-1.193824850E0,-9.083187586E-1,-9.187729955E-3
4.394284088E1,-6.713737929E-1,-1.449132997E-1,-1.575874320E-1
4.395286288E1,-2.473676276E-1,4.800119662E-1,-1.630773827E-1
4.396288588E1,-3.199479461E-2,8.999168944E-1,-2.084532380E-4
4.397290788E1,4.151055336E-2,1.074197250E0,2.902879447E-1
4.398293088E1,1.123127335E-1,6.973430318E-1,5.030561355E-1
4.399295288E1,1.886101270E-1,8.575175643E-2,5.754622069E-1
4.400297588E1,3.362640166E-1,-2.812960964E-1,5.929181921E-1
4.401299787E1,6.876419163E-1,-3.870371443E-1,4.396372345E-1
4.402302088E1,1.124830629E0,-1.391081840E-1,4.101731148E-1
4.403304288E1,1.326461336E0,2.192933911E-1,5.413682619E-1
4.404306588E1,1.103262005E0,2.679866642E-1,6.784205648E-1
4.405308788E1,6.968682379E-1,1.153106010E-1,8.287097946E-1
4.406311088E1,3.798719662E-1,-1.464318216E-2,9.182944009E-1
4.407313388E1,2.847044384E-1,1.471989763E-1,7.539525577E-1
4.408315588E1,4.433195186E-1,6.093968153E-1,4.551738712E-1
4.409317888E1,7.476963294E-1,1.321060848E0,3.376030290E-1
4.410320087E1,9.081439269E-1,1.854853165E0,3.668177649E-1
4.411322388E1,7.441114014E-1,1.948476443E0,7.617366636E-1
4.412324588E1,1.861408478E-1,1.587664061E0,1.260091345E0
4.413326888E1,-4.445205367E-1,9.920754451E-1,1.373367115E0
4.414329088E1,-7.866726995E-1,6.702482039E-1,1.037738691E0
4.415331388E1,-6.620422214E-1,6.721567351E-1,5.671556523E-1
4.416333588E1,-2.338693303E-1,8.279885405E-1,2.498921630E-1
4.417335888E1,-5.652503371E-3,7.492668915E-1,2.634609193E-1
4.418338088E1,-1.927207196E-1,4.741594881E-1,3.584536153E-1
4.419340387E1,-6.101142687E-1,5.212108630E-1,3.470796114E-1
4.420342588E1,-8.742189664E-1,5.615975815E-1,1.975458419E-1
4.421344888E1,-6.853883994E-1,3.526806593E-1,-1.281189269E-1
4.422347088E1,-1.815677404E-1,9.487809062E-2,-3.006784469E-1
4.423349388E1,3.201274556E-1,-4.378219664E-2,-3.167004025E-1
4.424351588E1,5.011356175E-1,-5.055385709E-2,-2.186566293E-1
4.425353888E1,1.609405178E-1,-2.173474377E-1,-5.743749171E-2
4.426356088E1,-4.173380005E-1,-4.657231253E-1,9.507134110E-2
4.427358388E1,-9.124615109E-1,-4.174561143E-2,1.501681924E-1
4.428360588E1,-1.239047801E0,4.288020515E-1,-2.235033864E-1
4.429362888E1,-1.192711540E0,5.996986234E-1,-4.116293639E-1
4.430365087E1,-7.087392551E-1,6.615931553E-1,-7.048964649E-2
4.431367388E1,-1.567065489E-1,2.908662343E-1,2.014465195E-1
4.432369588E1,-5.117190778E-2,-1.701767796E-1,4.518599617E-1
4.433371888E1,-2.348814833E-1,-9.111599207E-1,4.535761195E-1
4.434374088E1,-3.655322546E-1,-1.582181711E0,3.410040620E-1
4.435376388E1,-2.719107306E-1,-1.661674023E0,2.030229288E-1
4.436378588E1,-2.622008443E-2,-1.496631099E0,-1.971096396E-1
4.437380888E1,2.209540004E-1,-8.678928638E-1,-2.793244153E-1
4.438383088E1,3.339134359E-1,6.692489147E-2,-1.943778205E-1
4.439385337E1,4.734648389E-1,7.251915658E-1,-4.382581687E-1
4.440387538E1,7.972789639E-1,1.192463034E0,-3.445296407E-1
4.441389838E1,1.151077026E0,1.301694285E0,2.993072748E-2
4.442392138E1,1.247793481E0,9.689713418E-1,6.721304226E-1
4.443394338E1,8.892392939E-1,6.966738179E-1,1.397531903E0
4.444396638E1,3.873792064E-1,1.761178431E-1,1.438285242E0
4.445398838E1,7.147694886E-2,-4.358391756E-1,1.119044225E0
4.446401138E1,9.781397760E-2,-1.020540568E0,7.031118947E-1
4.447403338E1,3.455914950E-1,-1.628971423E0,1.208870906E-1
4.448405638E1,4.665727258E-1,-1.821565551E0,-7.048233747E-2
4.449407838E1,4.264181417E-1,-1.620050911E0,-2.257838005E-1
4.450410138E1,1.417821157E-1,-1.057026901E0,-4.758487487E-1
4.451412338E1,-3.428351176E-1,-2.486899754E-1,-8.262022161E-1
4.452414638E1,-7.210920829E-1,2.442762047E-1,-1.125374420E0
4.453416838E1,-9.271099555E-1,3.628004354E-1,-1.090102261E0
4.454419138E1,-1.153981338E0,3.267128822E-1,-8.351905560E-1
4.455421338E1,-1.455635685E0,7.741859704E-2,-6.177138948E-1
4.456423638E1,-1.465253770E0,-7.299167007E-2,-3.905396265E-1
4.457425838E1,-9.096571863E-1,-5.983221889E-2,-2.986132103E-1
4.458428138E1,1.002201068E-1,-1.042865530E-1,-3.938187450E-1
4.459430337E1,1.086836007E0,-1.641333899E-1,-4.262585127E-1
4.460432638E1,1.846325585E0,-1.564396235E-1,-3.711713094E-1
4.461434838E1,2.298717059E0,9.448808134E-3,-4.200750822E-1
4.462437138E1,2.171589820E0,4.651278788E-1,-5.665069038E-1
4.463439338E1,1.817876542E0,1.015079269E0,-9.578768349E-1
4.464441638E1,1.662983800E0,1.149745323E0,-1.473940979E0
4.465443838E1,1.654926921E0,9.991236788E-1,-1.333607803E0
4.466446138E1,1.498257794E0,4.760013610E-1,-9.648326826E-1
4.467448338E1,9.612623727E-1,-2.573207581E-1,-5.822891235E-1
4.468450637E1,2.680012822E-1,-5.234114626E-1,-2.494141531E-1
4.469452838E1,-3.547564209E-2,-4.728035188E-1,-5.715846258E-1
4.470455138E1,1.145463699E-1,-2.901914656E-2,-9.826590890E-1
4.471457338E1,6.611353183E-1,6.956169337E-1,-1.377147340E0
4.472459638E1,1.207110894E0,1.269581669E0,-1.819713737E0
4.473461838E1,1.522366449E0,1.644767676E0,-1.886829833E0
4.474464138E1,1.559976910E0,1.473615581E0,-1.854045079E0
4.475466438E1,1.243346089E0,7.992369041E-1,-1.872533975E0
4.476468638E1,1.068355297E0,2.401404691E-1,-1.643174602E0
4.477470937E1,1.140096540E0,-1.465815103E-1,-1.305681501E0
4.478473138E1,1.275016363E0,-4.709651542E-1,-7.805278605E-1
4.479475438E1,1.101487960E0,-6.241125029E-1,-2.756716597E-1
4.480477638E1,5.437068558E-1,-5.837392330E-1,-6.940820396E-2
4.481479938E1,-6.306923747E-2,-1.092634106E-1,-1.399031129E-1
4.482482138E1,-6.014726686E-1,5.256307733E-1,-4.087589657E-1
4.483484438E1,-9.174737442E-1,1.052422804E0,-7.426431656E-1
4.484486638E1,-9.136970276E-1,1.161817777E0,-9.925859070E-1
4.485488938E1,-6.916700631E-1,6.350076199E-1,-5.724049902E-1
4.486491138E1,-7.353341460E-1,-3.461282694E-1,3.837650424E-1
4.487493438E1,-1.087741740E0,-1.525954885E0,7.788502944E-1
4.488495637E1,-1.079994180E0,-2.110532025E0,9.028878647E-1
4.489497938E1,-5.679552591E-1,-1.756031712E0,8.302169144E-1
4.490500138E1,5.080686611E-1,-6.428452277E-1,4.220356536E-1
4.491502438E1,1.820648707E0,2.169609368E-1,9.007290727E-1
4.492504638E1,2.816146528E0,2.068072468E-1,2.199419058E0
4.493506938E1,3.384546760E0,-1.102235234E-1,2.450443242E0
4.494509138E1,2.887090210E0,-5.586435682E-1,1.313913211E0
4.495511438E1,1.709691358E0,-9.140759271E-1,-9.172497958E-2
4.496513638E1,7.299570465E-1,-6.977423966E-1,-3.314564359E-1
4.497515937E1,-2.824713868E-1,-2.043069774E-1,1.958817244E-3
4.498518138E1,-9.921625686E-1,4.820105445E-1,1.552435756E-2
4.499520438E1,-1.679719700E0,1.098660831E0,-1.941202506E-1
4.500522638E1,-2.286364816E0,1.342739400E0,-5.317715192E-1
4.501524938E1,-2.077462512E0,1.063500938E0,-3.434101912E-1
4.502527138E1,-1.262847138E0,-2.657565361E-1,-2.911612263E-1
4.503529438E1,-3.951495713E-1,-1.921546506E0,2.307399005E-2
4.504531638E1,3.907647443E-1,-2.823508172E0,6.369246295E-1
4.505533938E1,7.664495194E-1,-2.317840962E0,1.074955049E-1
4.506536138E1,1.270819232E0,-1.414201730E-1,-2.883060309E-1
4.507538438E1,1.454661539E0,2.024869146E0,7.797495961E-2
4.508540638E1,7.935607195E-1,2.539587845E0,-1.782172859E-2
4.509542938E1,3.595803738E-1,1.572875867E0,3.710277602E-1
4.510545138E1,6.413752377E-2,-1.203123093E-2,1.144232568E0
4.511547438E1,-3.440589398E-1,-1.768020258E0,6.365094772E-1
4.512549638E1,-4.514968497E-1,-2.910178526E0,3.572941124E-3
4.513551938E1,-7.852132344E-1,-2.899681605E0,4.780633816E-1
4.514554238E1,-1.770731027E0,-1.884445923E0,1.013884098E0
4.515556438E1,-2.405514114E0,2.592187643E-2,8.410807487E-1
4.516558738E1,-2.196107780E0,1.711814482E0,4.535500994E-1
4.517560938E1,-1.327761172E0,1.331816216E0,4.648831728E-1
4.518563238E1,-5.346360701E-1,-8.597365826E-1,1.672596037E0
4.519565438E1,-6.149481618E-1,-3.348522649E0,2.682364572E0
4.520567738E1,-1.153596007E0,-4.728074364E0,2.499471268E0
4.521569938E1,-1.621205444E0,-4.224938999E0,1.519820572E0
4.522572238E1,-2.200562773E0,-2.669570864E0,7.884473294E-2
4.523574438E1,-2.314907999E0,-1.235623671E0,-4.227732798E-1
4.524576738E1,-2.069050122E0,-6.579936093E-1,2.014792639E-1
4.525578938E1,-2.481679360E0,-1.089346801E0,6.656268570E-1
4.526581238E1,-2.883769577E0,-1.685048268E0,7.145815006E-1
4.527583438E1,-2.279452237E0,-1.703283979E0,1.000493974E0
4.528585738E1,-1.441556175E0,-1.220515051E0,7.098277143E-1
4.529587938E1,-5.860775346E-1,-3.197497255E-1,-6.439509362E-2
4.530590238E1,7.219761819E-1,5.919218266E-1,-3.474436006E-1
4.531592438E1,1.897538424E0,7.368205082E-1,-2.072729775E-1
4.532594738E1,2.198978763E0,4.106096095E-1,1.541592094E-1
4.533596938E1,1.823636050E0,4.923127538E-1,5.915823957E-1
4.534599238E1,1.366066282E0,6.672345489E-1,3.811536759E-2
4.535601437E1,1.389871466E0,8.906309313E-1,-9.589901447E-1
4.536603738E1,1.508389265E0,1.243836086E0,-1.243842810E0
4.537605938E1,8.996145934E-1,1.181065056E0,-9.862627280E-1
4.538608238E1,1.881265622E-1,8.524673241E-1,-9.402109346E-1
4.539610425E1,-2.280647993E-1,8.955379146E-1,-6.445385814E-1
4.540612725E1,-1.104608034E0,7.061951315E-1,-4.667855644E-1
4.541614925E1,-2.243638042E0,1.102445734E-1,-6.665837538E-1
4.542617225E1,-2.683122371E0,-2.371694988E-1,-1.240414588E0
4.543619425E1,-2.427503738E0,-1.445542806E-1,-1.927645445E0
4.544621725E1,-2.132528665E0,3.020572203E-1,-1.891056493E0
4.545623925E1,-1.702011040E0,8.909560364E-1,-1.253776060E0
4.546626225E1,-9.185572332E-1,1.001364917E0,-7.498562908E-1
4.547628425E1,3.861729258E-1,7.999143040E-1,-3.542558992E-1
4.548630725E1,2.037795001E0,4.138325948E-1,2.561793816E-1
4.549633025E1,3.137032367E0,-5.808682501E-2,5.376465091E-1
4.550635225E1,3.258933949E0,-2.301048928E-1,2.600326967E-1
4.551637525E1,2.723482193E0,1.391479450E-1,-2.276487699E-1
4.552639725E1,1.785897535E0,7.451475281E-1,-6.618861008E-1
4.553642025E1,8.249819022E-1,1.052504665E0,-1.019134605E0
4.554644225E1,2.127772540E-1,9.111412096E-1,-7.238130847E-1
4.555646525E1,-3.827353477E-1,3.913249075E-1,-3.157449675E-1
4.556648725E1,-9.135128403E-1,2.026878834E-2,-9.266404241E-2
4.557651025E1,-8.807532299E-1,-1.041546983E-1,8.622859687E-2
4.558653225E1,-4.647793847E-1,-4.826782966E-1,5.925334454E-2
4.559655525E1,-1.234008086E-1,-8.705942774E-1,1.176986039E-2
4.560657725E1,-4.342668593E-2,-9.603905529E-1,4.800856411E-3
4.561660025E1,-2.629639059E-1,-7.349336118E-1,-3.169100252E-1
4.562662225E1,-2.790086657E-1,-1.070005381E-1,-6.585751149E-1
4.563664525E1,-4.358280659E-2,6.534351200E-1,-7.824086174E-1
4.564666725E1,2.927198017E-1,1.153377321E0,-7.485222486E-1
4.565669025E1,8.014223009E-1,1.255713535E0,1.204029411E-2
4.566671225E1,1.087724783E0,7.682919770E-1,1.137582822E0
4.567673525E1,9.978636038E-1,2.665915185E-1,1.915817112E0
4.568675725E1,9.101869440E-1,2.509502167E-1,1.845083929E0
4.569678025E1,1.218915837E0,-8.002791703E-2,1.041403433E0
4.570680225E1,1.808536200E0,-5.276550794E-1,3.084113896E-1
4.571682525E1,1.590910435E0,-5.707537365E-1,-3.259705782E-2
4.572684725E1,4.738764828E-1,-2.591047436E-1,-5.186056361E-1
4.573687025E1,-3.726260966E-1,3.564228773E-1,-1.058251601E0
4.574689225E1,-3.982825094E-1,9.754635054E-1,-1.043098834E0
4.575691525E1,-3.867804515E-1,1.061414067E0,-6.908824432E-1
4.576693725E1,-4.519447464E-1,4.014546239E-1,-1.973748109E-1
4.577696025E1,-1.032021868E-1,-6.718684673E-1,2.474088505E-1
4.578698225E1,2.792478168E-1,-1.566414109E0,7.008004904E-1
4.579700525E1,1.205292410E-1,-1.825257483E0,9.480255921E-1
4.580702725E1,-3.241737288E-1,-1.034132128E0,7.727797151E-1
4.581705025E1,-4.223531574E-1,2.084737033E-1,-8.467469931E-2
4.582707225E1,-1.681612444E-1,1.108748447E0,-8.298157954E-1
4.583709525E1,-7.705168426E-2,1.563873494E0,-8.873171680E-1
4.584711725E1,-4.460361350E-1,1.524119444E0,-5.368901718E-1
4.585714025E1,-6.198411119E-1,1.046371520E0,1.046489342E-1
4.586716225E1,-2.121510172E-1,3.204701024E-1,6.471566722E-1
4.587718525E1,4.795874584E-1,-3.443881381E-1,1.102053385E0
4.588720825E1,1.012465855E0,-8.136903441E-1,1.458133031E0
4.589723025E1,1.369935384E0,-1.027455778E0,1.506238074E0
4.590725325E1,1.802356278E0,-8.880107939E-1,1.532617349E0
4.591727525E1,1.840017609E0,-7.459427494E-1,1.232924889E0
4.592729825E1,1.122633246E0,-3.112771100E-1,2.615952189E-1
4.593732025E1,6.378505361E-1,3.349051237E-1,-1.090978467E0
4.594734325E1,5.737247068E-1,5.016443253E-1,-2.098788915E0
4.595736525E1,2.053109443E-1,2.803698975E-1,-2.078200138E0
4.596738825E1,-6.785512501E-1,2.029989552E-1,-1.405241750E0
4.597741025E1,-1.122887015E0,5.734095418E-1,-3.830701008E-1
4.598743325E1,-2.175608611E-1,1.200884778E0,6.697810113E-1
4.599745525E1,1.067325602E0,1.331691670E0,9.068771276E-1
4.600747825E1,1.713765113E0,1.002116868E0,9.802096903E-1
4.601750025E1,1.691457986E0,3.700270092E-1,9.664485607E-1
4.602752325E1,1.108704008E0,-1.727092087E-1,3.282109389E-1
4.603754525E1,7.267767459E-1,-8.555119693E-2,-5.777239099E-2
4.604756825E1,6.428920054E-1,2.112084460E-1,-5.274445796E-1
4.605759025E1,4.876636326E-1,5.049982882E-1,-1.200321107E0
4.606761325E1,3.813969201E-1,7.041585463E-1,-1.230297735E0
4.607763525E1,7.904032230E-2,4.686742151E-1,-1.043826227E0
4.608765825E1,-4.550297374E-1,1.246538669E-1,-7.969708157E-1
4.609768025E1,-6.282353747E-1,-3.633904195E-1,-2.127070874E-3
4.610770325E1,-4.243511510E-1,-1.003745903E0,7.293258396E-1
4.611772525E1,-4.101079184E-1,-1.221603802E0,6.811456597E-1
4.612774825E1,-1.798065591E-1,-5.958330292E-1,5.255930588E-1
4.613777025E1,4.590093523E-1,6.063445687E-1,-7.548974678E-2
4.614779325E1,1.108497602E0,1.738422237E0,-5.139186542E-1
4.615781525E1,1.496013633E0,2.313043322E0,-7.217665592E-1
4.616783825E1,1.500565690E0,2.358128863E0,-7.290729475E-1
4.617786025E1,1.530596990E0,1.718349915E0,-5.418673217E-1
4.618788325E1,1.440062796E0,6.777747399E-1,-4.384347546E-1
4.619790525E1,1.252546683E0,-3.923347217E-1,-5.753335682E-1
4.620792825E1,1.282958636E0,-1.202338981E0,-4.984517455E-1
4.621795025E1,1.118446054E0,-1.569416070E0,-5.436612475E-1
4.622797325E1,7.030516684E-1,-1.213923485E0,-9.703901687E-1
4.623799525E1,1.437479496E-1,-3.158782840E-1,-1.556534654E0
4.624801825E1,-8.132974112E-1,5.002380699E-1,-2.086498068E0
4.625804025E1,-1.354097616E0,1.126003581E0,-2.057294734E0
4.626806325E1,-1.281937128E0,1.354223331E0,-2.330540969E0
4.627808525E1,-1.009773797E0,1.008115527E0,-2.603348808E0
4.628810825E1,-2.058342701E-1,6.421020466E-1,-1.744623209E0
4.629813125E1,1.646961844E-1,-8.685629547E-2,-7.150301282E-1
4.630815325E1,-3.993122041E-2,-6.998514873E-1,-3.390347198E-2
4.631817625E1,-8.308893442E-4,-6.973120415E-1,-4.533122639E-1
4.632819825E1,-1.095715588E-1,-4.869578737E-1,-1.435267056E0
4.633822125E1,-3.653913367E-1,7.120505333E-2,-1.808129965E0
4.634824325E1,-9.535025328E-1,2.916521001E-1,-1.363444390E0
4.635826625E1,-1.729009389E0,4.484334934E-1,-1.728542197E-1
4.636828825E1,-2.128780015E0,6.879266757E-1,-5.804798488E-1
4.637831125E1,-1.231522434E0,3.978170711E-1,-1.369513800E0
4.638833325E1,3.491448480E-1,-1.782938844E-1,-3.124797361E-1
4.639835729E1,6.292755944E-1,-1.192104599E0,1.583903131E0
4.640837929E1,1.434111500E-1,-2.060144228E0,2.422561233E0
4.641840229E1,5.610912126E-1,-1.674161922E0,2.502680805E0
4.642842429E1,1.271396352E0,-1.252029204E0,1.841306043E0
4.643844729E1,1.754934774E0,-1.535647230E0,1.788574098E0
4.644846929E1,1.629749395E0,-1.904037019E0,2.883121705E0
4.645849229E1,4.187857711E-1,-2.306920118E0,3.572983224E0
4.646851429E1,-9.708576536E-1,-1.906953610E0,3.627508510E0
4.647853729E1,-2.027781059E0,-9.900037766E-1,2.597619414E0
4.648855929E1,-2.171045444E0,-9.814112931E-1,8.715570214E-1
4.649858229E1,-9.407175958E-1,-1.624716112E0,4.921183339E-1
4.650860429E1,-1.112608194E-2,-2.542191026E0,1.046241127E0
4.651862729E1,-1.653347003E-1,-3.048312564E0,2.671689895E0
4.652864929E1,-5.704157674E-1,-2.814216946E0,4.474406362E0
4.653867229E1,-1.004746361E0,-2.503103558E0,4.320740072E0
4.654869429E1,-1.075128711E0,-2.558052183E0,3.331824170E0
4.655871729E1,-6.589086986E-1,-2.703744916E0,2.589621008E0
4.656873929E1,-3.121653020E-1,-2.209721267E0,1.650596766E0
4.657876229E1,6.994205475E-2,-5.174516881E-1,7.938814393E-1
4.658878429E1,9.271409458E-1,1.508195137E0,-2.702670783E-2
4.659880729E1,1.834349318E0,2.658247731E0,-1.179251835E-1
4.660882929E1,2.119360735E0,2.781713444E0,1.133114380E-1
4.661885229E1,1.806677370E0,2.370507419E0,8.572345591E-1
4.662887429E1,8.342731279E-1,1.755214856E0,2.370933096E0
4.663889729E1,-8.264507228E-1,9.079147160E-2,2.787179714E0
4.664891929E1,-1.799415128E0,-1.827846630E0,1.916712613E0
4.665894229E1,-1.267129639E0,-2.751578649E0,6.301126233E-1
4.666896429E1,-3.521900779E-1,-2.790637465E0,-9.831552252E-1
4.667898729E1,2.119118661E-1,-1.863285434E0,-2.013698917E0
4.668900929E1,6.659744740E-1,-1.056305355E-1,-1.950419765E0
4.669903229E1,7.333501858E-1,1.398013714E0,-1.680440662E0
4.670905529E1,3.397039336E-1,2.298902416E0,-9.444238535E-1
4.671907729E1,-4.618142617E-1,2.143019739E0,-1.423682991E-1
4.672910029E1,-1.821638641E0,8.677770889E-1,-2.447317028E-1
4.673912229E1,-2.763357280E0,-3.574402928E-3,-3.996229836E-1
4.674914529E1,-3.120537956E0,-8.173553789E-1,-1.101434458E0
4.675916729E1,-2.911587120E0,-1.691418225E0,-1.637561568E0
4.676919029E1,-2.025295408E0,-2.103650436E0,-1.435264278E0
4.677921229E1,-9.125755316E-1,-2.067826885E0,-1.065881048E0
4.678923529E1,1.675051868E-2,-1.349245597E0,-6.867391062E-1
4.679925729E1,5.560807335E-1,3.467925131E-2,-5.150642699E-1
4.680928029E1,6.345012510E-1,1.838405532E0,-1.241057197E0
4.681930229E1,7.145472944E-1,3.494318293E0,-2.211849654E0
4.682932529E1,9.977653706E-1,4.094870610E0,-1.814478433E0
4.683934729E1,1.206005185E0,2.884808627E0,-4.882308125E-1
4.684937029E1,1.238140898E0,8.476498032E-1,6.034706622E-1
4.685939229E1,1.230372872E0,-9.000911415E-1,9.037836581E-1
4.686941529E1,1.238337949E0,-1.931121907E0,6.108972108E-1
4.687943729E1,1.161124882E0,-1.521554271E0,4.201101655E-1
4.688946029E1,6.074865299E-1,-3.274955320E-1,-4.767685157E-1
4.689948229E1,2.333290476E-1,6.765959412E-1,-1.510914970E0
4.690950529E1,9.803424221E-1,1.367792087E0,-1.642267699E0
4.691952729E1,1.664066119E0,1.218438120E0,-1.430966867E0
4.692955029E1,1.073918923E0,5.886608344E-1,-1.248759441E0
4.693957229E1,4.052646697E-2,1.910662499E-1,-1.211703882E0
4.694959529E1,-6.365249723E-1,-2.638702244E-2,-1.190357159E0
4.695961729E1,-1.044802712E0,-6.954736769E-2,-7.537011275E-1
4.696964029E1,-1.346462322E0,-8.258344263E-2,-9.233721229E-1
4.697966229E1,-8.059392750E-1,-3.815805227E-2,-1.405112234E0
4.698968529E1,1.251159139E0,2.530166227E-1,-1.506309995E0
4.699970729E1,3.344264706E0,6.509070763E-1,-1.345860059E0
4.700973029E1,3.995353923E0,8.450214797E-1,-8.710363269E-1
4.701975229E1,3.508929901E0,9.896845186E-1,-8.012585789E-2
4.702977529E1,2.649124905E0,9.679732221E-1,2.048864365E-2
4.703979729E1,1.932253928E0,6.659054768E-1,-3.788972354E-1
4.704982029E1,1.616535857E0,2.545480084E-1,-1.199622365E0
4.705984229E1,1.410282342E0,1.227272093E-2,-1.802382590E0
4.706986529E1,9.964842457E-1,1.023134100E-1,-1.813720634E0
4.707988729E1,3.158589882E-1,3.903852600E-1,-1.563490502E0
4.708991029E1,-1.094739103E-1,7.265375948E-1,-1.020425378E0
4.709993229E1,1.228149176E-1,9.075469261E-1,-2.269932970E-1
4.710995529E1,1.149525760E0,7.476238239E-1,3.930422348E-1
4.711997729E1,2.639579326E0,4.198663366E-1,8.704106748E-2
4.713000029E1,3.785171079E0,1.836359006E-1,-6.758805344E-1
4.714002229E1,3.815358499E0,1.786844784E-1,-1.158596838E0
4.715004529E1,2.592088240E0,2.514191633E-1,-1.225544241E0
4.716006829E1,1.041640538E0,3.636395109E-1,-1.088379087E0
4.717009029E1,-5.455674398E-1,2.245611477E-1,-1.066683286E0
4.718011329E1,-1.749351853E0,-2.594222474E-1,-6.385285208E-1
4.719013529E1,-2.343193905E0,-7.789964747E-1,-1.970944369E-1
4.720015829E1,-2.597392834E0,-1.082407910E0,-7.750630528E-2
4.721018029E1,-2.107766876E0,-1.038544437E0,1.702533782E-1
4.722020329E1,-1.177664900E0,-6.077227575E-1,8.403779134E-1
4.723022529E1,-3.516252369E-1,-2.829970515E-1,9.052711898E-1
4.724024829E1,7.043503350E-1,-7.503965735E-2,1.096108229E0
4.725027029E1,1.192460695E0,-1.746914148E-1,1.728942439E0
4.726029329E1,6.695816213E-1,-9.310346067E-1,1.603178186E0
4.727031529E1,4.507261866E-1,-1.559948258E0,1.391176565E0
4.728033829E1,4.424716723E-1,-1.950609507E0,1.866164896E0
4.729036029E1,-4.680134797E-1,-2.431281624E0,1.919789418E0
4.730038329E1,-1.625230082E0,-2.564571244E0,1.161309361E0
4.731040529E1,-2.314767081E0,-2.069774008E0,4.732540467E-1
4.732042829E1,-2.812577387E0,-1.354670058E0,1.355220866E-1
4.733045029E1,-3.119365005E0,-8.440812474E-1,2.800079548E-1
4.734047329E1,-3.382455211E0,-4.419109243E-1,9.836662719E-1
4.735049529E1,-3.542733824E0,-2.746431345E-1,1.316077266E0
4.736051829E1,-2.977454250E0,-3.420024741E-1,9.073653701E-1
4.737054029E1,-1.628893363E0,-1.965670180E-1,5.078903210E-1
4.738056329E1,-4.738624495E-1,-7.257739484E-2,1.159280670E-1
4.739058529E1,2.220503533E-1,-1.973639935E-1,-1.558785832E-1
4.740060779E1,5.788772732E-1,-4.659786487E-1,3.256489813E-1
4.741062979E1,5.591967148E-1,-1.084445665E0,1.206798652E0
4.742065279E1,2.029229414E-1,-1.399598894E0,2.140734063E0
4.743067479E1,-3.518912852E-1,-1.218569682E0,2.208214147E0
4.744069779E1,-8.721204007E-1,-1.466882805E0,1.462364661E0
4.745071979E1,-8.732553452E-1,-2.070255234E0,1.312964208E0
4.746074279E1,-8.184517318E-1,-2.426520821E0,2.090399476E0
4.747076479E1,-8.866431302E-1,-2.331562039E0,1.832443711E0
4.748078779E1,-3.376772887E-1,-1.168013486E0,7.789242616E-1
4.749080979E1,2.985383660E-1,6.791880119E-1,-3.247236595E-1
4.750083279E1,2.242734647E-1,2.182500724E0,-1.226114637E0
4.751085479E1,9.754500568E-2,2.531723925E0,-9.541059655E-1
4.752087779E1,-2.118680120E-1,1.590796414E0,2.212855375E-1
4.753089979E1,-6.970366377E-1,-1.079384315E-1,8.186172080E-1
4.754092279E1,-2.471512806E-1,-1.172464972E0,1.352347544E0
4.755094479E1,9.398235565E-1,-1.461762398E0,1.523847841E0
4.756096779E1,1.471965204E0,-1.341296307E0,9.293202031E-1
4.757099079E1,1.447368892E0,-2.543603128E-1,1.016427344E-1
4.758101279E1,1.253999131E0,1.005786581E0,-7.820335186E-1
4.759103579E1,1.242253829E0,1.378923140E0,-1.245958040E0
4.760105779E1,1.293590044E0,9.781087857E-1,-6.242276931E-1
4.761108079E1,5.519976228E-1,-8.451623976E-2,1.788575560E-1
4.762110279E1,-5.358774340E-1,-1.096975663E0,-1.038927430E-1
4.763112579E1,-1.058719670E0,-1.031217876E0,-7.956166005E-1
4.764114779E1,-1.111479682E0,-1.294748962E-1,-1.808686181E0
4.765117079E1,-8.366856891E-1,7.876924539E-1,-2.291398684E0
4.766119279E1,3.779055476E-2,1.441008875E0,-1.229148465E0
4.767121579E1,6.156433958E-1,1.710186617E0,2.806599194E-1
4.768123779E1,7.589791167E-1,1.697751929E0,7.985331917E-1
4.769126079E1,2.024668586E0,1.626838067E0,6.872478139E-1
4.770128279E1,4.017647018E0,1.561832231E0,-2.919339359E-2
4.771130579E1,5.164186020E0,1.386442074E0,-9.585925341E-1
4.772132779E1,5.524252882E0,1.116309482E0,-1.442669485E0
4.773135079E1,4.998363077E0,8.007603961E-1,-1.454823507E0
4.774137279E1,3.193419406E0,3.856536931E-1,-1.023051655E0
4.775139579E1,1.245648723E0,3.737820911E-1,-1.080111709E0
4.776141779E1,-2.772246802E-1,6.411068505E-1,-2.196110119E0
4.777144079E1,-1.200960792E0,7.517601442E-1,-2.971449745E0
4.778146279E1,-9.483482122E-1,1.057309906E0,-2.689475956E0
4.779148579E1,-2.737666368E-1,1.502273662E0,-1.739861529E0
4.780150779E1,-1.182049727E-1,1.610137249E0,-1.146712080E0
4.781153079E1,5.109829134E-1,1.691503594E0,-1.283677551E0
4.782155279E1,2.056751089E0,1.919737378E0,-1.986255303E0
4.783157579E1,3.310771855E0,1.837457113E0,-2.030469609E0
4.784159779E1,3.904498132E0,1.482756826E0,-3.177482235E-1
4.785162079E1,4.009390749E0,8.028659785E-1,8.443203986E-2
4.786164279E1,3.569466709E0,6.671029866E-2,-7.559835881E-1
4.787166579E1,3.231639732E0,4.286301434E-2,-1.644939292E0
4.788168779E1,2.390314862E0,3.316265899E-1,-2.121700206E0
4.789171079E1,9.462087160E-1,4.956257862E-1,-1.233040372E0
4.790173279E1,-2.474834025E-1,6.987083566E-1,-4.545748240E-1
4.791175579E1,-1.394362128E0,7.265767711E-1,-6.784050697E-1
4.792177779E1,-1.725563625E0,5.954114449E-1,-3.109888422E-1
4.793180079E1,-1.344986485E0,1.031630105E-1,4.027094364E-2
4.794182279E1,-9.533481663E-1,-3.123208380E-1,-5.944045544E-2
4.795184579E1,-4.624059999E-1,-9.320227861E-2,-8.365552962E-2
4.796186779E1,2.373782444E-1,-1.118046105E-2,-5.814868855E-1
4.797189079E1,5.919598335E-1,-6.542098761E-2,-1.336027381E-1
4.798191279E1,2.535341012E-1,-4.000127006E-1,-1.432389495E-1
4.799193579E1,-1.652171713E-1,-7.925631845E-1,-2.009006819E-1
4.800195779E1,-5.815243077E-1,-8.440333003E-1,8.476603281E-1
4.801198079E1,-1.465127470E0,-7.470350093E-1,6.018901598E-1
4.802200379E1,-1.743474231E0,-3.555867255E-1,1.019757333E-1
4.803202579E1,-9.852681166E-1,1.586139107E-1,5.347117916E-1
4.804204879E1,-1.502766582E-1,-4.839582521E-1,-1.036486217E-1
4.805207079E1,6.505196983E-1,-1.453924790E0,3.218102843E-2
4.806209379E1,6.894010511E-1,-2.305488719E0,3.525034887E-1
4.807211579E1,-2.516320020E-2,-2.819132701E0,1.804912680E-1
4.808213879E1,-7.530193421E-1,-2.626954603E0,7.231336382E-1
4.809216079E1,-1.638968993E0,-2.326265046E0,9.280300149E-1
4.810218379E1,-2.574825798E0,-2.329903184E0,3.555542734E-1
4.811220579E1,-2.979801323E0,-2.203281729E0,5.957690021E-1
4.812222879E1,-3.032625361E0,-1.931426547E0,3.961883292E-1
4.813225079E1,-3.140163843E0,-1.560150572E0,1.847652903E-1
4.814227379E1,-2.661319274E0,-1.255052800E0,1.033938586E0
4.815229579E1,-1.747502963E0,-1.407917728E0,1.555930929E0
4.816231879E1,-8.119955286E-1,-1.798181366E0,1.224006131E0
4.817234079E1,7.740134776E-2,-2.056342369E0,1.461502197E0
4.818236379E1,3.900756499E-1,-2.227162927E0,1.732689919E0
4.819238579E1,1.718441132E-1,-2.127324058E0,1.692157605E0
4.820240879E1,-3.524426776E-1,-1.750502585E0,1.927899214E0
4.821243079E1,-1.223090749E0,-1.469428098E0,1.975114895E0
4.822245379E1,-2.154363922E0,-1.028219424E0,1.050517781E0
4.823247579E1,-2.663112615E0,-5.214079142E-1,-3.446337211E-1
4.824249879E1,-2.516795983E0,-6.445438439E-1,-6.575790417E-1
4.825252079E1,-1.900873675E0,-1.172177289E0,-1.330861366E-1
4.826254379E1,-1.432743836E0,-1.556047581E0,7.807155561E-1
4.827256579E1,-1.052649383E0,-1.513057097E0,1.831390335E0
4.828258879E1,-7.217873168E-1,-1.591621456E0,2.077676227E0
4.829261079E1,-4.203072166E-1,-1.531983950E0,1.874919347E0
4.830263379E1,-2.106131995E-1,-9.090519994E-1,1.137559433E0
4.831265579E1,4.122140855E-2,-1.601575756E-1,-1.914781862E-1
4.832267879E1,6.301479989E-1,6.165187240E-1,-4.027392572E-1
4.833270079E1,9.646312460E-1,1.134139397E0,3.818530029E-1
4.834272379E1,9.946379873E-1,9.756295663E-1,6.905611387E-1
4.835274579E1,9.841542220E-1,2.067996454E-1,1.009034125E0
4.836276879E1,6.372740006E-1,-6.835114431E-1,1.481598492E0
4.837279079E1,-2.442323506E-1,-1.311935098E0,7.944559282E-1
4.838281379E1,-1.079707081E0,-1.089021111E0,2.552309632E-2
4.839283579E1,-1.558751333E0,-1.421563375E-1,-2.648806232E-1
4.840285875E1,-1.613443265E0,4.996726441E-1,-6.086951494E-1
4.841288075E1,-1.200859051E0,7.567349553E-1,-2.619646168E-1
4.842290375E1,-9.957065660E-1,5.122447425E-1,5.314610320E-1
4.843292675E1,-8.510762715E-1,1.041201997E-1,4.610091001E-1
4.844294875E1,-2.112903070E-1,9.926116347E-2,-2.267901063E-2
4.845297175E1,5.756215435E-1,-8.957992852E-2,-7.409784633E-1
4.846299375E1,1.117086577E0,-3.912623423E-1,-9.654413778E-1
4.847301675E1,1.130429923E0,-3.400828332E-1,-4.441433913E-1
4.848303875E1,6.564353263E-1,-1.201901025E-1,2.092718482E-3
4.849306175E1,1.616918850E-1,3.737727356E-1,1.143975583E-1
4.850308375E1,-4.296884894E-2,9.819071370E-1,-4.344884688E-1
4.851310675E1,5.474853265E-1,1.299394575E0,-1.317908321E0
4.852312875E1,1.588198496E0,1.322758294E0,-9.727498126E-1
4.853315175E1,1.929387038E0,7.398569673E-1,-2.870351386E-1
4.854317375E1,1.603503583E0,1.836996353E-1,4.159299910E-2
4.855319675E1,1.275208152E0,2.061441725E-1,2.368935102E-1
4.856321875E1,9.664102614E-1,4.016481668E-1,-3.172067714E-1
4.857324175E1,7.805413091E-1,8.599821657E-1,-1.228048604E0
4.858326375E1,7.567308623E-1,1.331141447E0,-1.909411195E0
4.859328675E1,6.815128648E-1,1.407945210E0,-2.208391610E0
4.860330875E1,5.950717217E-1,1.387222677E0,-1.295521964E0
4.861333175E1,3.616742617E-1,1.085695800E0,-1.210186529E-1
4.862335375E1,-1.912390351E-2,3.558469266E-1,2.797138399E-1
4.863337675E1,1.686512411E-1,-5.920598209E-2,4.436247432E-1
4.864339875E1,6.006066960E-1,-3.381509131E-1,2.028907818E-1
4.865342175E1,5.153022516E-1,-5.269054663E-1,-3.737464231E-1
4.866344375E1,2.085409462E-2,-1.935703200E-1,-6.227196962E-1
4.867346675E1,-4.490562218E-1,2.917684597E-1,-6.951614356E-1
4.868348875E1,-6.128536892E-1,5.979608309E-1,-1.015284798E0
4.869351175E1,-4.186711657E-1,9.374852550E-1,-1.120196711E0
4.870353375E1,-4.045501399E-1,9.114002413E-1,-9.627516586E-1
4.871355675E1,-4.230612552E-1,6.005020308E-1,-6.017533350E-1
4.872357875E1,-1.778383863E-1,7.185701787E-2,1.026923096E-1
4.873360175E1,-2.454871631E-1,-8.294228625E-1,8.360588676E-1
4.874362375E1,-8.288299549E-1,-1.543843272E0,1.215353129E0
4.875364675E1,-1.280675883E0,-2.039252712E0,6.258713454E-1
4.876366875E1,-1.244844146E0,-2.039531624E0,-1.861297381E-1
4.877369175E1,-9.321876776E-1,-1.349343537E0,-6.126314950E-1
4.878371375E1,-8.543776095E-1,-5.812038803E-1,-8.418008333E-1
4.879373675E1,-9.888068515E-1,1.701405269E-1,-6.324219811E-1
4.880375875E1,-6.870823377E-1,7.733533269E-1,-5.297062826E-1
4.881378175E1,1.670280540E-1,1.254206707E0,-6.339060044E-1
4.882380375E1,1.226871559E0,1.466973729E0,-4.836810941E-1
4.883382675E1,1.972839451E0,1.240816876E0,-2.770176888E-1
4.884384875E1,1.881388999E0,8.174784628E-1,-9.599373937E-3
4.885387175E1,1.029998147E0,3.883758643E-1,2.710114288E-1
4.886389475E1,3.599160039E-1,-3.699913412E-2,1.172331655E-1
4.887391675E1,2.365993953E-1,-1.293605831E-1,-3.208577728E-1
4.888393975E1,4.677100092E-1,2.183864880E-1,-7.778258622E-1
4.889396175E1,8.759199214E-1,3.940008858E-1,-1.151122634E0
4.890398475E1,1.327961147E0,9.610922188E-2,-1.048266603E0
4.891400675E1,1.711527969E0,-3.032564843E-1,-2.964532489E-1
4.892402975E1,1.660397576E0,-5.070357504E-1,8.726548362E-1
4.893405175E1,1.380214790E0,-3.269113952E-1,1.949733009E0
4.894407475E1,1.239496867E0,2.575844675E-1,2.224518231E0
4.895409675E1,1.411954646E0,8.045488071E-1,1.443697425E0
4.896411975E1,2.111497985E0,7.810076246E-1,3.741405255E-1
4.897414175E1,2.856633233E0,3.660868630E-1,3.993081111E-1
4.898416475E1,2.492543487E0,-2.878587189E-1,9.706734663E-1
4.899418675E1,1.064651670E0,-8.958492789E-1,1.202453586E0
4.900420975E1,-2.559291208E-1,-8.554915041E-1,9.172807860E-1
4.901423175E1,-7.006548947E-1,-2.680775884E-1,-2.529452866E-1
4.902425475E1,-3.124436295E-1,4.003033072E-1,-1.747507641E0
4.903427675E1,2.972443771E-1,9.436526057E-1,-2.218734165E0
4.904429975E1,1.174343097E-1,5.921755958E-1,-1.577813841E0
4.905432175E1,-1.352735800E0,-5.524233001E-1,-3.159946436E-1
4.906434475E1,-3.160611264E0,-1.468595746E0,4.877297062E-1
4.907436675E1,-4.180583775E0,-1.396161024E0,1.294175935E-1
4.908438975E1,-3.658289423E0,-4.432481825E-1,-1.225412679E0
4.909441175E1,-1.524856194E0,1.054746780E0,-2.186906601E0
4.910443475E1,1.088404815E0,2.031117773E0,-2.413690276E0
4.911445675E1,2.457116377E0,1.524581082E0,-1.620174580E0
4.912447975E1,2.217205703E0,3.487448984E-1,3.029734790E-2
4.913450175E1,1.825079727E0,-3.841462809E-1,7.521758813E-1
4.914452475E1,2.246084517E0,-7.356849790E-2,-2.327846718E-1
4.915454675E1,3.065111614E0,8.885235947E-1,-2.039038703E0
4.916456975E1,3.668047256E0,1.781911196E0,-2.918297970E0
4.917459175E1,3.483819618E0,1.760141720E0,-1.789908140E0
4.918461475E1,2.104064419E0,1.045821297E0,2.556355906E-1
4.919463675E1,2.519495058E-1,3.316569954E-1,4.321472436E-1
4.920465975E1,-1.110155872E0,1.902379918E-1,-1.013511922E0
4.921468175E1,-1.360924240E0,4.432511061E-1,-2.537186978E0
4.922470475E1,-7.418040901E-1,7.809476906E-1,-2.875670598E0
4.923472675E1,-1.154947883E-1,9.053711772E-1,-1.776723838E0
4.924474975E1,5.438735014E-1,1.074060425E0,6.396327674E-2
4.925477175E1,2.192978935E0,1.496093155E0,7.905523270E-1
4.926479475E1,4.423546695E0,1.770478427E0,1.606399709E-1
4.927481675E1,5.747917067E0,1.421095013E0,-2.601566577E-1
4.928483975E1,5.694695125E0,5.520215964E-1,-2.791402280E-1
4.929486175E1,4.766555475E0,-2.762096035E-1,-3.734528929E-1
4.930488475E1,3.263177859E0,-7.837192708E-1,-4.188682169E-1
4.931490775E1,1.579338795E0,-6.744780797E-1,-5.167038292E-1
4.932492975E1,-3.136171657E-1,-4.539573580E-1,-6.664364040E-3
4.933495275E1,-2.017750161E0,-6.526112473E-1,8.405866590E-1
4.934497475E1,-2.739118232E0,-1.127364812E0,1.111118909E0
4.935499775E1,-2.494136853E0,-1.590870089E0,1.232173814E0
4.936501975E1,-1.922487908E0,-1.573911994E0,1.326701657E0
4.937504275E1,-1.376152144E0,-9.810195297E-1,8.905101863E-1
4.938506475E1,-1.024892358E0,-3.065934902E-1,5.014817727E-1
4.939508792E1,-9.574049646E-1,-1.772039634E-1,1.139645720E0
4.940510992E1,-1.250513021E0,-1.113520945E0,1.768041016E0
4.941513292E1,-1.680286295E0,-2.428072672E0,2.079641184E0
4.942515492E1,-2.208851786E0,-3.300827495E0,2.349897153E0
4.943517792E1,-2.863711288E0,-3.741636804E0,1.963205579E0
4.944519992E1,-3.307803224E0,-3.374733962E0,1.510115948E0
4.945522292E1,-3.335667545E0,-2.525114232E0,8.485689855E-1
4.946524492E1,-3.221746827E0,-1.965464358E0,-2.545214036E-1
4.947526792E1,-3.029526045E0,-1.382260730E0,-2.762674910E-1
4.948528992E1,-2.705097962E0,-9.644356567E-1,6.005336058E-1
4.949531292E1,-2.503560811E0,-1.100589827E0,1.344999933E0
4.950533492E1,-2.700450595E0,-1.220768820E0,1.915613044E0
4.951535792E1,-2.654530072E0,-1.101339440E0,1.502346168E0
4.952537992E1,-1.560928252E0,-9.666985291E-1,3.756754196E-1
4.953540292E1,-1.867489582E-1,-8.644576246E-1,2.721001804E-2
4.954542492E1,2.810972911E-1,-8.370154721E-1,2.424621060E-1
4.955544792E1,-1.249918360E-1,-7.825164986E-1,3.941397572E-1
4.956546992E1,-4.194926995E-1,-8.914010096E-1,8.843124300E-1
4.957549292E1,-2.141788316E-1,-1.322860621E0,1.312673017E0
4.958551492E1,-9.698367298E-2,-1.706409901E0,1.214818693E0
4.959553792E1,-1.044341952E-1,-1.456186493E0,9.447539288E-1
4.960555992E1,9.385307372E-2,-7.180591321E-1,7.350619581E-1
4.961558292E1,3.723752511E-1,4.619885087E-1,8.325248104E-1
4.962560492E1,4.161475074E-1,1.519324143E0,9.504052627E-1
4.963562792E1,3.199725044E-1,1.515104792E0,6.035396594E-1
4.964564992E1,7.121733248E-2,6.036507565E-1,-2.935945451E-2
4.965567292E1,-2.727351880E-1,-2.726071340E-1,-6.194060791E-1
4.966569492E1,-3.860115427E-1,-6.597045046E-1,-1.065900636E0
4.967571792E1,-3.470813656E-1,-6.485766685E-1,-1.080072532E0
4.968573992E1,-4.595736086E-1,-3.717916989E-1,-5.359698200E-1
4.969576292E1,-4.200470155E-1,1.700434631E-1,3.181926119E-1
4.970578492E1,-3.389502275E-1,2.715827018E-1,1.098838586E0
4.971580792E1,-6.712416458E-1,-1.781599832E-1,1.422277320E0
4.972582992E1,-1.249308495E0,-7.234894413E-1,7.440769029E-1
4.973585292E1,-1.782751148E0,-9.086865485E-1,-1.917477429E-1
4.974587492E1,-1.785539685E0,-6.257824677E-1,-6.660832322E-1
4.975589792E1,-1.469002420E0,-2.706009543E-1,-7.983840877E-1
4.976591992E1,-1.288554422E0,7.231251597E-3,-9.165376049E-1
4.977594292E1,-8.655826288E-1,2.753863156E-1,-8.959337711E-1
4.978596592E1,2.767691821E-1,3.273511058E-1,-5.672500849E-1
4.979598792E1,1.498509225E0,3.953887224E-3,1.747902328E-1
4.980600992E1,1.903810147E0,-5.654257536E-1,1.039063085E0
4.981603292E1,1.538657961E0,-1.107414697E0,1.631333991E0
4.982605592E1,1.229030936E0,-1.269886601E0,1.589482545E0
4.983607792E1,1.157773842E0,-1.030246654E0,9.001320720E-1
4.984610092E1,1.027392628E0,-2.653109783E-1,-5.665191829E-2
4.985612292E1,8.063702148E-1,9.733894980E-1,-1.098806427E0
4.986614592E1,3.967639875E-1,2.148719605E0,-2.179127465E0
4.987616792E1,-2.989272058E-2,2.902482128E0,-2.827328158E0
4.988619092E1,-8.466768265E-3,2.878350377E0,-2.663951690E0
4.989621292E1,-8.387246132E-3,1.971310112E0,-1.849346257E0
4.990623592E1,-5.822394222E-1,9.899379954E-1,-9.593181735E-1
4.991625792E1,-1.179261190E0,2.858654031E-1,-4.020112789E-1
4.992628092E1,-1.115595537E0,-3.433803704E-1,-2.375466442E-1
4.993630292E1,-1.371932209E-1,-7.712687945E-1,-1.321646154E-1
4.994632592E1,1.267070582E0,-9.921701699E-1,-4.241400665E-1
4.995634792E1,1.917392644E0,-1.045089226E0,-5.332777619E-1
4.996637092E1,1.374397979E0,-7.405267659E-1,-3.159291548E-1
4.997639292E1,3.775149536E-1,-2.436265790E-1,-1.676858658E-1
4.998641592E1,-3.070332009E-1,1.136137390E-1,3.920025998E-1
4.999643792E1,-2.071077937E-1,-1.181315902E-1,9.231993377E-1
5.000646092E1,3.146445215E-1,-9.056515512E-1,8.456307596E-1
5.001648292E1,2.399287999E-1,-1.596333727E0,3.203905803E-1
5.002650592E1,-5.383233243E-1,-1.557424308E0,-5.577290636E-1
5.003652792E1,-1.330301203E0,-7.211929473E-1,-1.637551920E0
5.004655092E1,-1.736647607E0,7.227638018E-1,-2.531157914E0
5.005657292E1,-1.406144267E0,2.305490181E0,-2.570649424E0
5.006659592E1,-8.800527334E-2,3.458825402E0,-2.114168408E0
5.007661792E1,1.849297140E0,3.934631466E0,-1.382882289E0
5.008664092E1,3.940820451E0,3.536778435E0,-1.650394160E-1
5.009666292E1,5.473275102E0,2.426912000E0,1.306312416E0
5.010668592E1,5.670274229E0,8.770364472E-1,2.507180822E0
5.011670792E1,4.616090829E0,-6.479741129E-1,3.313719437E0
5.012673092E1,3.250264283E0,-1.822366619E0,3.192207863E0
5.013675292E1,2.401209394E0,-2.467082956E0,2.200745206E0
5.014677592E1,2.021894667E0,-2.506929099E0,1.069888437E0
5.015679792E1,1.704216610E0,-2.124877583E0,4.122345507E-2
5.016682092E1,1.184689161E0,-1.413224368E0,-8.750486863E-1
5.017684292E1,3.439501816E-1,-4.283477229E-1,-1.422272935E0
5.018686592E1,-8.671444201E-1,5.304240283E-1,-1.375853351E0
5.019688792E1,-2.189762966E0,1.160541329E0,-1.215256942E0
5.020691092E1,-3.283371803E0,1.287864743E0,-9.345885444E-1
5.021693292E1,-3.570363672E0,9.903689352E-1,-3.764256173E-1
5.022695592E1,-2.835410179E0,4.771415681E-1,-7.973964930E-2
5.023697792E1,-1.203850486E0,1.867299548E-1,-2.342318577E-1
5.024700092E1,8.567474860E-1,2.680118072E-1,-3.724185205E-1
5.025702292E1,2.945271760E0,6.141701898E-1,-5.286280560E-1
5.026704592E1,4.425684437E0,9.463771158E-1,-6.142657918E-1
5.027706792E1,4.588276209E0,9.205332997E-1,1.761122882E-2
5.028709092E1,3.769897567E0,6.500665390E-1,6.510003394E-1
5.029711392E1,2.526573113E0,2.891044682E-1,6.145792025E-1
5.030713592E1,1.280672375E0,7.723821044E-2,2.711570245E-1
5.031715892E1,4.965122241E-1,2.833803365E-1,-5.374877572E-1
5.032718092E1,1.844334608E-1,9.863431272E-1,-1.375659224E0
5.033720392E1,2.089368027E-1,1.854745283E0,-1.552787173E0
5.034722592E1,5.915055048E-1,2.417661704E0,-1.262396318E0
5.035724892E1,1.129138858E0,2.083112091E0,-1.037673202E0
5.036727092E1,1.220665909E0,9.361985752E-1,-9.039450413E-1
5.037729392E1,8.252245617E-1,-1.374057671E-1,-8.814779922E-1
5.038731592E1,2.685444885E-1,-6.252202579E-1,-1.246239876E0
5.039734000E1,-3.146620631E-2,-3.783247930E-1,-1.582236675E0
5.040736200E1,3.927995753E-1,1.380945691E-1,-1.556598973E0
5.041738500E1,1.577620298E0,5.802887911E-1,-9.167033735E-1
5.042740700E1,2.870880559E0,5.904588532E-1,4.203235888E-1
5.043743000E1,3.583692400E0,-8.317985862E-2,1.476947325E0
5.044745200E1,3.781452835E0,-7.720593381E-1,1.834926438E0
5.045747500E1,3.520134920E0,-7.299719569E-1,1.680689169E0
5.046749700E1,2.562128862E0,2.860136300E-2,1.025718570E0
5.047752000E1,1.537742288E0,9.993672153E-1,3.886053675E-1
5.048754200E1,1.259327699E0,1.768093933E0,6.306327331E-1
5.049756500E1,2.229609987E0,2.086739704E0,1.827543744E0
5.050758700E1,4.601012029E0,1.454357484E0,2.689451982E0
5.051761000E1,7.390092965E0,-1.363611621E-1,2.658952321E0
5.052763200E1,9.477725539E0,-1.422952089E0,2.080394598E0
5.053765500E1,1.012678811E1,-1.731829501E0,6.862865317E-1
5.054767700E1,9.200529510E0,-1.222797219E0,-1.645943259E0
5.055770000E1,6.682315577E0,4.537737554E-1,-3.889469326E0
5.056772200E1,3.646859286E0,2.914438807E0,-5.192530982E0
5.057774500E1,1.824229542E0,4.623745419E0,-4.227643044E0
5.058776700E1,2.442231120E0,4.450057971E0,-1.738500882E0
5.059779000E1,4.598894168E0,2.780797185E0,5.233690703E-1
5.060781200E1,5.694814993E0,5.167266333E-1,1.745705821E0
5.061783500E1,4.429679840E0,-2.220089550E0,-8.010626972E-2
5.062785700E1,2.799228778E0,-4.242256697E0,-4.023613224E0
5.063788000E1,1.750496737E0,-4.498881637E0,-7.097947944E0
5.064790200E1,-7.565127611E-1,-3.361988202E0,-9.204353589E0
5.065792500E1,-4.752880007E0,-6.951690370E-1,-8.395840369E0
5.066794700E1,-7.835464271E0,3.406208355E0,-3.494367118E0
5.067797000E1,-7.767431917E0,6.608104470E0,2.330801901E0
5.068799200E1,-3.529815570E0,5.401457845E0,3.206769769E0
5.069801500E1,1.924698740E0,1.683588803E0,-2.781181347E-1
5.070803700E1,8.448102783E0,-2.071377899E0,-5.425586380E0
5.071806000E1,1.740600442E1,-4.381498198E0,-9.728916661E0
5.072808200E1,2.498719901E1,-5.680130880E0,-1.366425652E1
5.073810500E1,2.622824480E1,-6.531469692E0,-1.690953839E1
5.074812700E1,2.163379978E1,-6.258499446E0,-1.715087520E1
5.075815000E1,1.532815541E1,-4.242776515E0,-1.540310268E1
5.076817200E1,1.227833426E1,-1.527347108E0,-1.487107973E1
5.077819500E1,1.218926479E1,2.408170212E0,-1.712274892E1
5.078821700E1,1.309211465E1,8.846543167E0,-2.116942327E1
5.079824000E1,1.411444301E1,1.904468193E1,-2.663381470E1
5.080826200E1,1.381631570E1,3.147205821E1,-3.486717147E1
5.081828500E1,8.724687778E0,4.231874147E1,-3.731042819E1
5.082830800E1,-1.863287773E0,4.833379560E1,-2.865683671E1
5.083833000E1,-1.510212193E1,4.851759464E1,-1.340917641E1
5.084835300E1,-1.944559159E1,4.100948440E1,2.213228135E0
5.085837500E1,1.839646603E0,3.269489811E1,3.728863269E0
5.086839800E1,3.216385632E1,2.960958904E1,5.428353283E0
5.087842000E1,4.312038538E1,3.140826742E1,9.694644960E0
5.088844300E1,3.712084275E1,3.679923419E1,1.476011945E1
5.089846500E1,2.453159800E1,4.294286860E1,7.166798909E0
5.090848800E1,-7.858135096E0,4.158100529E1,-1.502271089E1
5.091851000E1,-5.920291815E1,2.882614635E1,-2.399978672E1
5.092853300E1,-1.211858178E2,8.112409455E0,-1.823740130E0
5.093855500E1,-8.188907641E1,-1.614166332E1,9.309183640E0
5.094857800E1,-3.292446213E1,-5.601329709E0,2.134044497E1
5.095860000E1,-1.557816948E1,1.844631998E1,3.615665794E1
5.096862300E1,-7.326817321E0,1.410559032E1,1.821161274E1
5.097864500E1,2.256610557E1,1.425712559E1,-6.780540029E0
5.098866800E1,6.415164129E1,2.494636439E1,-1.552734665E1
5.099869000E1,5.343761029E1,1.882141068E1,-1.480872151E1
5.100871300E1,2.562843040E1,3.709212239E0,-1.503074263E1
5.101873500E1,1.383438476E1,-1.307177336E1,-1.753740656E1
5.102875800E1,1.301304275E0,-3.410979098E1,-1.915580475E1
5.103878000E1,-7.117061323E0,-3.655428497E1,-7.445125204E0
5.104880300E1,-2.792825200E0,-1.427877783E1,6.404916065E0
5.105882500E1,-1.903622159E0,1.852498491E0,6.165498312E0
5.106884800E1,-3.612708330E0,1.261829606E1,-1.200689481E0
5.107887000E1,-8.946279125E0,1.625774107E1,-4.245147561E0
5.108889300E1,-1.595697316E1,1.008981383E1,-2.170323898E0
5.109891500E1,-2.011704607E1,1.140761953E0,1.154519867E0
5.110893800E1,-2.070835862E1,-6.419188533E0,2.531787075E0
5.111896000E1,-1.417553705E1,-8.632620444E0,4.565400732E-1
5.112898300E1,-2.900468055E0,-5.198412112E0,-3.534377568E0
5.113900500E1,6.121426678E0,-2.009517866E0,-6.274900886E0
5.114902800E1,1.354509143E1,-6.630397564E-1,-5.389189217E0
5.115905000E1,1.863868636E1,1.835265577E-1,-1.040426656E0
5.116907300E1,1.675280845E1,1.286096837E0,3.922592926E0
5.117909500E1,9.115696936E0,1.784401817E0,5.927517804E0
5.118911800E1,2.457930017E0,1.417983710E0,3.813923300E0
5.119914000E1,-7.552503473E-1,7.096186763E-1,5.775772910E-1
5.120916300E1,-1.917410478E0,1.239054233E-1,-2.399107904E0
5.121918500E1,-2.636518016E0,-2.906914026E-1,-3.973573630E0
5.122920800E1,-3.638427308E0,-4.205948997E-1,-3.845479846E0
5.123923000E1,-4.698495639E0,-1.291825354E-2,-2.842324512E0
5.124925300E1,-5.572443295E0,4.881349182E-1,-2.400852567E0
5.125927500E1,-5.852432538E0,5.028564531E-1,-2.710890799E0
5.126929800E1,-4.970681773E0,-3.364429414E-2,-2.700079297E0
5.127932000E1,-3.205933910E0,-7.947851264E-1,-2.688142791E0
5.128934300E1,-1.351086592E0,-1.123748310E0,-2.362816576E0
5.129936500E1,2.692069781E-1,-1.025310434E0,-1.250830525E0
5.130938800E1,1.257794851E0,-8.605195248E-1,8.851982832E-2
5.131941000E1,1.379653457E0,-5.368831551E-1,1.237308254E0
5.132943300E1,8.708109167E-1,-1.511955482E-1,1.863367295E0
5.133945500E1,8.111959219E-1,2.202792317E-1,2.169608198E0
5.134947800E1,1.759000928E0,7.525828475E-1,2.473843507E0
5.135950000E1,2.672857584E0,1.170362313E0,2.462441436E0
5.136952300E1,2.942043512E0,1.230793287E0,2.343665775E0
5.137954500E1,2.565885698E0,1.079930445E0,2.283996109E0
5.138956800E1,1.611423052E0,7.575184822E-1,2.228336609E0
5.139959150E1,7.998333201E-1,4.418542063E-1,2.309409131E0
5.140961450E1,6.048289704E-1,2.729673225E-1,2.082304591E0
5.141963650E1,1.108267514E0,3.524070096E-1,2.015619435E0
5.142965950E1,1.832621174E0,5.756911254E-1,2.169961370E0
5.143968150E1,1.990581366E0,6.019661736E-1,2.109855648E0
5.144970450E1,1.340627093E0,3.992689347E-1,1.776909195E0
5.145972650E1,8.630841136E-2,1.530970627E-1,1.273413641E0
5.146974950E1,-8.818601078E-1,-4.363192320E-3,6.959413811E-1
5.147977150E1,-1.160099280E0,-1.630876154E-1,3.363365952E-1
5.148979450E1,-1.051569403E0,-3.767477989E-1,3.132576350E-1
5.149981650E1,-5.486769891E-1,-4.496830434E-1,4.484370748E-1
5.150983950E1,8.754655927E-2,-4.057336164E-1,6.316009589E-1
5.151986150E1,2.111862266E-1,-3.512229484E-1,7.364660939E-1
5.152988450E1,3.286076725E-2,-1.623251384E-1,8.334644580E-1
5.153990650E1,-3.032816273E-1,-8.087108552E-2,6.777986404E-1
5.154992950E1,-8.845673686E-1,-1.938001156E-1,1.972077998E-1
5.155995150E1,-1.226212578E0,-2.787665910E-1,-4.244669259E-1
5.156997450E1,-1.244030506E0,-4.726661092E-1,-1.162145732E0
5.157999750E1,-1.253939782E0,-8.469978386E-1,-1.601013254E0
5.159001950E1,-1.183665021E0,-1.143167498E0,-1.403489631E0
5.160004250E1,-1.245504589E0,-1.095247226E0,-9.620752088E-1
5.161006450E1,-1.582403028E0,-5.970065653E-1,-8.676133668E-1
5.162008750E1,-1.663352759E0,4.804189324E-2,-9.728948236E-1
5.163010950E1,-1.048323028E0,4.627182412E-1,-6.046254873E-1
5.164013250E1,-2.652381805E-1,5.631856853E-1,-1.957916772E-1
5.165015450E1,8.170197487E-2,2.333857656E-1,-1.420266024E-1
5.166017750E1,3.425301853E-1,-2.135268670E-1,-1.148007238E-1
5.167019950E1,9.084854043E-1,-1.484935498E-1,-1.168412559E-1
5.168022250E1,1.476512292E0,3.835527885E-1,-1.472994753E-1
5.169024450E1,2.053019981E0,9.526973712E-1,2.851087734E-2
5.170026750E1,2.831745145E0,1.116024722E0,2.412384300E-1
5.171028950E1,3.627452085E0,7.786427182E-1,7.792081439E-1
5.172031250E1,3.940615506E0,1.197895682E-1,1.535424890E0
5.173033450E1,3.637283593E0,-5.096444857E-1,1.977358764E0
5.174035750E1,2.996857066E0,-8.112280816E-1,2.036724229E0
5.175037950E1,2.239900501E0,-9.421390539E-1,1.627688252E0
5.176040250E1,1.502361663E0,-9.727802181E-1,9.649845640E-1
5.177042450E1,9.101246712E-1,-8.528292668E-1,3.510491399E-1
5.178044750E1,2.943801185E-1,-7.346967995E-1,-1.226067567E-1
5.179046950E1,-2.922464696E-1,-7.716430163E-1,-4.259684908E-1
5.180049250E1,-8.489005226E-1,-8.962477666E-1,-8.165648353E-1
5.181051450E1,-1.465425678E0,-8.818256092E-1,-1.120924104E0
5.182053750E1,-2.302225973E0,-7.641030318E-1,-1.426560552E0
5.183055950E1,-3.306962394E0,-6.000775230E-1,-1.708500427E0
5.184058250E1,-4.182298471E0,-3.693066323E-1,-2.117257053E0
5.185060450E1,-4.660348989E0,-5.821429431E-2,-1.993794995E0
5.186062750E1,-4.527662509E0,7.249085605E-2,-1.563397092E0
5.187064950E1,-4.031016384E0,1.114830136E-1,-9.853742436E-1
5.188067250E1,-3.189139537E0,2.413175136E-1,-4.041301636E-1
5.189069450E1,-2.171478430E0,2.377635759E-1,-2.153775108E-1
5.190071750E1,-1.084427831E0,5.236298561E-2,4.864035577E-2
5.191073950E1,8.324417800E-2,-3.130523247E-1,1.030435811E-1
5.192076250E1,8.936276293E-1,-7.126416868E-1,-8.630124852E-2
5.193078450E1,1.319724174E0,-8.100527912E-1,-4.856112599E-1
5.194080750E1,1.654554453E0,-5.123458993E-1,-7.672719303E-1
5.195082950E1,1.825887520E0,-4.050541699E-2,-8.636115324E-1
5.196085250E1,1.735469393E0,4.519394839E-1,-8.715052736E-1
5.197087450E1,1.453017887E0,8.558370745E-1,-6.076183847E-1
5.198089750E1,1.167231421E0,1.211575828E0,7.842870355E-2
5.199091950E1,1.052633011E0,1.531263573E0,1.067408048E0
5.200094250E1,1.245558676E0,1.464784239E0,1.638512910E0
5.201096450E1,1.544185919E0,1.129898411E0,1.879889480E0
5.202098750E1,1.935067023E0,7.966913188E-1,1.950774691E0
5.203100950E1,2.054940499E0,3.270575756E-1,1.619456834E0
5.204103250E1,1.804533781E0,-2.453556007E-1,9.978995642E-1
5.205105450E1,1.419270682E0,-6.928330743E-1,1.971073008E-1
5.206107750E1,1.075732729E0,-9.879017025E-1,-3.384798190E-1
5.207109950E1,7.831719714E-1,-1.149795316E0,-5.485027421E-1
5.208112250E1,3.427053094E-1,-9.731450844E-1,-7.155866370E-1
5.209114450E1,-2.362947553E-1,-2.304627424E-1,-5.363379022E-1
5.210116750E1,-6.278301626E-1,5.330912358E-1,-5.936327219E-2
5.211118950E1,-8.929686481E-1,1.091406190E0,2.941710806E-1
5.212121250E1,-9.393627959E-1,1.449331802E0,6.949535671E-1
5.213123450E1,-6.750984693E-1,1.201075398E0,1.073851972E0
5.214125750E1,-1.837084061E-1,4.822765929E-1,1.053094064E0
5.215127950E1,6.430539733E-1,-3.154122609E-1,8.726522049E-1
5.216130250E1,1.520884765E0,-8.862613070E-1,5.667779222E-1
5.217132450E1,2.070942866E0,-1.008800821E0,3.749532884E-1
5.218134750E1,2.469895467E0,-1.021943607E0,3.466132960E-1
5.219136950E1,2.315713161E0,-1.264055758E0,1.535101685E-1
5.220139250E1,1.238171888E0,-1.178985786E0,-3.289827713E-1
5.221141450E1,-2.300622082E-1,-4.938564187E-1,-4.073895478E-1
5.222143750E1,-1.649267986E0,2.442300117E-1,-7.231818777E-1
5.223145950E1,-2.850752104E0,8.374820799E-1,-9.446448782E-1
5.224148250E1,-3.483889784E0,9.474050564E-1,-7.936355639E-1
5.225150450E1,-3.763085561E0,3.360359752E-1,-9.458008727E-1
5.226152750E1,-3.665584994E0,-3.274429071E-1,-1.108156124E0
5.227154950E1,-3.078137457E0,-7.275146645E-1,-8.471478197E-1
5.228157250E1,-2.239399395E0,-9.769574690E-1,-4.891219282E-1
5.229159450E1,-1.419852480E0,-8.748539740E-1,-3.428959286E-1
5.230161750E1,-7.056127489E-1,-2.340815842E-1,-1.982632953E-1
5.231163950E1,1.251625746E-1,3.608901501E-1,8.733956784E-2
5.232166250E1,1.096564019E0,4.007962275E-1,1.953540131E-1
5.233168450E1,1.658191422E0,1.551149368E-2,-4.459379017E-3
5.234170750E1,1.485675171E0,-4.356000245E-1,-2.316278002E-1
5.235172950E1,9.838232696E-1,-6.776671511E-1,2.425591698E-1
5.236175250E1,4.583462781E-1,-8.225377661E-1,5.475920382E-1
5.237177450E1,-2.514074689E-1,-5.075587839E-1,4.922598365E-1
5.238179750E1,-4.401509124E-1,3.293970466E-2,7.774452084E-1
5.239181950E1,1.401425564E-1,3.552212745E-1,9.028264689E-1
5.240184038E1,7.022301346E-1,6.043161696E-1,6.825489914E-1
5.241186238E1,9.473465842E-1,9.181222004E-1,3.956650034E-1
5.242188538E1,1.218334624E0,1.122372460E0,6.676073089E-1
5.243190838E1,1.613715160E0,6.004745489E-1,9.544857422E-1
5.244193038E1,1.779274979E0,-3.301390582E-1,7.279444349E-1
5.245195338E1,1.659412905E0,-8.330539834E-1,5.744936156E-1
5.246197538E1,1.335880616E0,-8.238931507E-1,4.508299747E-1
5.247199838E1,6.840716064E-1,-3.308629435E-1,1.276888642E-1
5.248202038E1,-1.944181663E-1,4.560249335E-1,-3.715306208E-1
5.249204338E1,-9.927157152E-1,9.934401852E-1,-6.224252889E-1
5.250206538E1,-1.442722110E0,8.699253559E-1,-5.018937090E-1
5.251208838E1,-1.432288338E0,2.090262651E-1,-5.795371315E-1
5.252211037E1,-1.238077163E0,-4.511705750E-1,-4.529495904E-1
5.253213338E1,-7.261943632E-1,-7.818165869E-1,1.833303836E-1
5.254215538E1,-2.351416844E-1,-7.025686884E-1,6.844241935E-1
5.255217838E1,-2.203236705E-1,-2.839407921E-1,8.922184503E-1
5.256220038E1,-3.025922406E-1,1.174845958E-1,1.141592550E0
5.257222338E1,-2.806078792E-1,1.050463986E-1,7.890171406E-1
5.258224538E1,-1.215934342E-1,-1.149515820E-1,5.310441256E-2
5.259226838E1,3.785148275E-1,-2.811575174E-1,-4.444825298E-1
5.260229038E1,1.021091083E0,-4.654588312E-1,-8.239659485E-1
5.261231337E1,1.306100162E0,-6.622445351E-1,-9.680729172E-1
5.262233538E1,6.784120864E-1,-5.470795298E-1,-9.223772192E-1
5.263235838E1,-6.897042292E-1,-1.163543290E-1,-7.301286623E-1
5.264238038E1,-1.964607157E0,3.774143815E-1,-6.011767995E-1
5.265240338E1,-2.876728359E0,7.961779332E-1,-7.163081834E-1
5.266242538E1,-3.106602872E0,7.147519469E-1,-3.833878970E-1
5.267244838E1,-2.542771069E0,9.370981693E-2,-6.364986598E-3
5.268247038E1,-1.411696199E0,-6.274103326E-1,7.902617204E-1
5.269249338E1,1.102013040E-1,-1.146370018E0,1.585236297E0
5.270251538E1,1.215574738E0,-1.242429246E0,1.815589404E0
5.271253838E1,1.808857212E0,-6.771946961E-1,1.621862086E0
5.272256037E1,2.008605700E0,2.076539236E-1,1.299041111E0
5.273258338E1,2.109517533E0,1.001339774E0,6.274591568E-1
5.274260538E1,2.224988932E0,1.654173800E0,-5.749245554E-2
5.275262838E1,2.194064763E0,1.591325587E0,-4.386584106E-1
5.276265038E1,1.990939507E0,8.850526875E-1,-7.108729041E-1
5.277267338E1,1.143487925E0,-6.575310946E-2,-4.839056271E-1
5.278269538E1,-1.058457130E-1,-1.107593037E0,1.636664897E-1
5.279271838E1,-1.135663181E0,-1.841681142E0,5.836012387E-1
5.280274038E1,-1.579075670E0,-2.044291842E0,5.508708644E-1
5.281276337E1,-1.438034981E0,-1.618135656E0,3.362885749E-1
5.282278538E1,-9.653273571E-1,-1.040531321E0,1.911139047E-1
5.283280838E1,-5.136398882E-1,-8.412564576E-1,-8.941182107E-2
5.284283038E1,-6.812362915E-1,-8.462903255E-1,-8.167039990E-2
5.285285338E1,-1.481352324E0,-8.527456516E-1,8.250023675E-1
5.286287538E1,-3.005454227E0,-1.157021306E0,8.512999275E-1
5.287289838E1,-3.991536861E0,-1.061133401E0,1.392041076E0
5.288292038E1,-2.989947996E0,-7.633148271E-1,1.586180914E0
5.289294338E1,-5.158027732E-1,-1.416452909E-1,6.868037179E-1
5.290296538E1,2.520106092E0,6.008797610E-1,-6.065612081E-1
5.291298838E1,5.305410311E0,1.438151341E0,-2.131225905E0
5.292301038E1,6.366430276E0,2.307944550E0,-3.461531493E0
5.293303338E1,5.391028751E0,3.088944281E0,-3.504605007E0
5.294305538E1,2.956172140E0,3.721155762E0,-2.164915515E0
5.295307838E1,-2.136449808E-1,3.254225187E0,-5.186471513E-1
5.296310038E1,-2.787326186E0,2.131332325E0,7.885727522E-1
5.297312338E1,-3.635398158E0,1.275358425E0,2.055515572E0
5.298314538E1,-2.436106746E0,3.933281636E-1,2.293984761E0
5.299316838E1,4.529878896E-1,-3.732143265E-1,1.479598452E0
5.300319138E1,3.547665365E0,-3.844000500E-1,-2.032360598E-2
5.301321338E1,5.298121757E0,3.238667500E-1,-1.262013617E0
5.302323638E1,5.445274540E0,1.633699774E0,-1.269441043E0
5.303325838E1,4.238993951E0,2.616968728E0,-6.051941290E-1
5.304328138E1,2.195769811E0,2.283617209E0,1.990406826E-2
5.305330338E1,5.566467440E-1,1.531491029E0,5.560681620E-1
5.306332638E1,4.780508101E-2,1.000646878E0,4.337675071E-1
5.307334838E1,4.995562845E-1,4.034532022E-1,-6.162348416E-1
5.308337138E1,1.307739136E0,1.914477807E-1,-1.428735862E0
5.309339338E1,1.908620651E0,-1.990778124E-1,-2.278784924E0
5.310341638E1,1.638795623E0,-5.201028156E-1,-3.036795888E0
5.311343838E1,-1.312968886E-1,-3.317581522E-1,-3.136909575E0
5.312346138E1,-2.633788828E0,6.085021913E-2,-2.663424271E0
5.313348338E1,-5.046557583E0,3.733388722E-1,-1.483840753E0
5.314350638E1,-6.494552711E0,5.272141993E-2,-1.303354602E-1
5.315352838E1,-5.494968272E0,-8.232446945E-1,1.043115352E0
5.316355138E1,-2.147303410E0,-1.740607926E0,2.323426223E0
5.317357338E1,1.590103519E0,-2.715870872E0,3.074864770E0
5.318359638E1,4.373533705E0,-3.429577922E0,3.288265922E0
5.319361837E1,4.952974650E0,-3.736753210E0,3.245154401E0
5.320364138E1,3.601255682E0,-3.373306072E0,3.305227233E0
5.321366338E1,1.649367973E0,-2.601290588E0,2.495714432E0
5.322368638E1,-2.989020628E-1,-2.323682916E0,3.250009637E-1
5.323370938E1,-1.694566950E0,-2.240651284E0,-2.171638498E0
5.324373138E1,-3.255126243E0,-1.817482440E0,-3.952907231E0
5.325375438E1,-5.303655562E0,-1.050157592E0,-4.301858536E0
5.326377638E1,-7.370142850E0,-6.342240930E-2,-3.563322455E0
5.327379938E1,-8.765219507E0,8.013310844E-1,-1.878454573E0
5.328382137E1,-8.126141641E0,1.112813432E0,1.838366063E-1
5.329384438E1,-5.356231386E0,8.585150993E-1,1.335599803E0
5.330386638E1,-1.619609154E0,1.029729760E-1,1.489002821E0
5.331388938E1,2.542465260E0,-1.041924713E0,1.495975188E0
5.332391138E1,6.448223467E0,-2.002113537E0,1.893719315E0
5.333393438E1,8.836422806E0,-2.459402053E0,2.203315935E0
5.334395638E1,8.394211920E0,-2.044616947E0,2.377148686E0
5.335397938E1,5.570733569E0,-1.291103223E0,1.600902303E0
5.336400138E1,2.673383834E0,-6.116310364E-1,-6.968699920E-1
5.337402437E1,5.266183680E-1,1.272243029E-1,-3.454018114E0
5.338404638E1,-1.344828025E0,1.354611586E0,-5.044871246E0
5.339406938E1,-3.042698067E0,3.259637370E0,-4.290619018E0
5.340409075E1,-4.478143902E0,4.691503538E0,-2.043215954E0
5.341411375E1,-5.412680406E0,5.180417891E0,1.830916710E-1
5.342413675E1,-5.468727137E0,4.620451097E0,9.295318723E-1
5.343415875E1,-4.198649333E0,3.030622398E0,3.223605072E-1
5.344418175E1,-1.569959861E0,1.389662136E0,1.335176611E-1
5.345420375E1,1.438444287E0,-3.365937996E-1,3.837401918E-1
5.346422675E1,3.871526853E0,-1.654585444E0,9.946581602E-1
5.347424875E1,5.043424644E0,-2.120309739E0,1.089283213E0
5.348427175E1,4.425235371E0,-2.353358120E0,-1.805854082E-1
5.349429375E1,2.879252018E0,-2.263325032E0,-1.209518777E0
5.350431675E1,1.321261992E0,-1.500021315E0,-1.242211729E0
5.351433875E1,-7.313773352E-1,-7.975309789E-1,-2.781720753E-1
5.352436175E1,-2.655974334E0,-6.398385894E-1,4.898939069E-1
5.353438375E1,-3.489159880E0,-4.959280872E-1,6.424417698E-1
5.354440675E1,-3.292028021E0,-4.197078770E-1,1.954465453E-1
5.355442875E1,-2.350447960E0,-3.729465240E-1,-4.704716492E-1
5.356445175E1,-1.103749078E0,-2.979629999E-1,-1.938911860E-1
5.357447475E1,-3.618797913E-1,-4.800195676E-1,-2.731573570E-1
5.358449675E1,-1.424867052E-1,-3.897584385E-1,-6.688419485E-1
5.359451975E1,-1.605323821E-2,2.169773090E-1,-7.688878083E-1
5.360454175E1,-1.134468010E-1,5.473251128E-1,-8.141569519E-1
5.361456475E1,-5.125411963E-1,1.742101890E-1,-9.872193325E-1
5.362458675E1,-1.254431241E0,-4.752535021E-1,-1.298500682E0
5.363460975E1,-2.055153630E0,-8.650873697E-1,-1.360498855E0
5.364463175E1,-2.341932076E0,-9.921613991E-1,-1.533584332E0
5.365465475E1,-1.749915232E0,-5.167108458E-1,-1.746109571E0
5.366467675E1,-5.747242883E-1,7.269714582E-1,-1.528058714E0
5.367469975E1,2.626388007E-1,1.696821052E0,-1.131170911E0
5.368472175E1,3.846965039E-1,1.841476489E0,-4.692144978E-1
5.369474475E1,6.778530926E-2,1.068113222E0,3.617648935E-1
5.370476675E1,-1.500056398E-1,-7.992442131E-2,8.108626306E-1
5.371478975E1,1.493615690E-1,-7.603111124E-1,6.223963451E-1
5.372481275E1,1.014581086E0,-7.102156770E-1,-9.311457038E-2
5.373483475E1,2.075124795E0,-6.043214321E-2,-3.572650225E-1
5.374485775E1,2.590467685E0,7.799022084E-1,-1.288679552E-1
5.375487975E1,2.181931790E0,1.426262197E0,2.586644483E-1
5.376490275E1,1.077827786E0,1.595110490E0,2.774176383E-1
5.377492475E1,-2.205385557E-1,1.301572078E0,1.012153029E-2
5.378494775E1,-1.103547934E0,5.757788336E-1,-3.247626896E-1
5.379496975E1,-1.576288303E0,-2.816469294E-1,-9.622365189E-1
5.380499275E1,-1.525966872E0,-6.079882210E-1,-1.338863865E0
5.381501475E1,-6.703157392E-1,-2.740999281E-1,-1.372595283E0
5.382503775E1,4.635383132E-1,4.030631930E-1,-1.178487604E0
5.383505975E1,1.064000875E0,1.041971490E0,-8.956273770E-1
5.384508275E1,8.479828021E-1,1.380796587E0,-3.502669287E-1
5.385510475E1,2.147860649E-1,1.121370832E0,2.433457665E-1
5.386512775E1,-1.122829127E-1,4.847026026E-1,8.008919585E-1
5.387514975E1,2.227397400E-1,-3.196093923E-1,8.871430671E-1
5.388517275E1,7.953175154E-1,-7.022359818E-1,6.772946835E-1
5.389519575E1,1.660127727E0,-4.888488632E-1,4.387307699E-1
5.390521775E1,2.386030899E0,1.178974092E-2,4.089440301E-2
5.391524075E1,2.580727393E0,6.324681741E-1,-1.494255960E-1
5.392526275E1,2.069377567E0,9.564179546E-1,-6.307610795E-2
5.393528575E1,7.886958361E-1,7.536312532E-1,-5.022538975E-2
5.394530775E1,-6.316098028E-1,4.495865643E-1,-1.167104244E-1
5.395533075E1,-1.396006365E0,3.176669472E-1,-2.725327282E-1
5.396535275E1,-1.335676840E0,3.322662753E-1,-3.267307162E-1
5.397537575E1,-6.935636839E-1,4.229378790E-1,-2.500629017E-1
5.398539775E1,-4.560565084E-2,5.520666200E-1,-2.300247860E-1
5.399542075E1,1.557631007E-1,4.076409781E-1,-5.195324197E-1
5.400544275E1,-1.507248473E-1,2.356369436E-2,-1.013013593E0
5.401546575E1,-5.769637719E-1,-1.827289975E-1,-9.928583872E-1
5.402548775E1,-1.053893378E0,-1.739195824E-1,-7.693557318E-1
5.403551075E1,-1.430371621E0,-1.673297703E-1,-6.000191970E-1
5.404553375E1,-1.245204042E0,-1.509166360E-1,-3.601463842E-1
5.405555575E1,-7.589180133E-1,-4.719872475E-3,-1.166613078E-1
5.406557875E1,-3.876797533E-1,6.436556518E-2,-7.182471201E-2
5.407560075E1,-2.270152241E-2,-6.002342284E-2,-1.050941996E-1
5.408562375E1,2.849541146E-1,-2.127790082E-1,4.745366335E-2
5.409564575E1,5.816579166E-1,-5.078856432E-1,5.514706425E-1
5.410566875E1,7.257604998E-1,-1.034795203E0,6.300409949E-1
5.411569075E1,7.950280783E-1,-1.367282503E0,5.658479226E-1
5.412571375E1,9.828804061E-1,-1.366404251E0,5.921194625E-1
5.413573575E1,9.009448349E-1,-8.772583491E-1,5.865413649E-1
5.414575875E1,6.851799461E-1,-7.806091368E-2,4.520820098E-1
5.415578075E1,4.956515139E-1,6.244984192E-1,3.197973803E-2
5.416580375E1,2.999662560E-1,1.082079881E0,-1.660213096E-1
5.417582575E1,1.255163312E-1,9.852798110E-1,-7.128574491E-2
5.418584875E1,-2.082816222E-1,3.954121113E-1,8.580204248E-3
5.419587075E1,-6.198031050E-1,-1.001405847E-1,7.536710143E-2
5.420589375E1,-9.766475666E-1,-5.308347952E-1,5.073292807E-2
5.421591675E1,-1.290708536E0,-8.012661803E-1,-2.054208720E-1
5.422593875E1,-1.394615312E0,-6.128858489E-1,-4.567504267E-1
5.423596175E1,-1.205202070E0,-1.176997733E-1,-2.904848497E-1
5.424598375E1,-9.169626975E-1,2.239138609E-1,-6.198604077E-2
5.425600675E1,-2.513925585E-1,1.671397358E-1,-1.327434897E-2
5.426602875E1,6.988030815E-1,-1.374493289E-1,-7.326327324E-2
5.427605175E1,1.461434661E0,-1.574064606E-1,2.538228075E-1
5.428607375E1,1.853097246E0,1.119917214E-2,7.860739446E-1
5.429609675E1,1.958396244E0,2.855066764E-1,1.342864676E0
5.430611875E1,2.025313242E0,6.232751817E-1,1.336916889E0
5.431614175E1,2.142596401E0,8.191259158E-1,5.942525268E-1
5.432616375E1,2.178120867E0,8.587846559E-1,9.718320921E-2
5.433618675E1,1.798849702E0,6.771683836E-1,-1.383050689E-1
5.434620875E1,8.960551009E-1,2.627241701E-1,-2.997833844E-1
5.435623175E1,-7.559572756E-2,6.087126911E-2,-3.203142741E-1
5.436625375E1,-5.643951818E-1,2.187665570E-1,-2.601391160E-1
5.437627675E1,-5.369696939E-1,3.688762772E-1,-2.214176115E-1
5.438629975E1,-3.905001578E-1,3.545394892E-1,-1.173536181E-1
5.439632175E1,-3.438545796E-1,1.025467139E-1,1.620848179E-2
5.440634513E1,-4.500645742E-1,-3.388654429E-1,-4.726516373E-2
5.441636712E1,-5.432311848E-1,-5.151671809E-1,6.131872728E-2
5.442639013E1,-3.895336130E-1,-3.929159349E-1,1.671006326E-1
5.443641213E1,-2.066332921E-1,-1.492876017E-1,-1.264658459E-1
5.444643513E1,-1.283247489E-1,1.178915620E-2,-5.206311116E-1
5.445645713E1,-1.933282453E-1,2.284448683E-2,-5.945788014E-1
5.446648013E1,-4.667422950E-1,-1.144399506E-1,-3.638405089E-1
5.447650213E1,-8.266100594E-1,-4.403444552E-1,-2.916122659E-1
5.448652513E1,-1.012881593E0,-6.786418819E-1,-3.292285737E-1
5.449654713E1,-9.547816113E-1,-6.017890030E-1,-2.581335211E-1
5.450657012E1,-6.601322284E-1,-2.806944180E-1,-1.216583383E-1
5.451659213E1,-1.769618887E-1,1.581888181E-1,5.612493798E-2
5.452661513E1,3.695571855E-1,4.634222460E-1,3.515277345E-1
5.453663713E1,9.453322184E-1,3.703445131E-1,4.775912189E-1
5.454666013E1,1.339607923E0,3.746603429E-2,5.334451385E-1
5.455668313E1,1.692897862E0,-2.848781008E-1,7.596117854E-1
5.456670513E1,1.783027429E0,-5.691586161E-1,6.723480121E-1
5.457672813E1,1.388591218E0,-4.685192639E-1,4.743542735E-1
5.458675013E1,9.854619518E-1,-9.165218174E-2,4.506357010E-1
5.459677312E1,4.891985267E-1,7.057706237E-2,1.989293662E-1
5.460679513E1,-8.451243907E-2,2.337658346E-1,-7.492022797E-2
5.461681813E1,-3.956179333E-1,3.681827974E-1,-7.057355404E-2
5.462684013E1,-6.836468062E-1,1.198357612E-1,-1.390577517E-2
5.463686313E1,-1.156421381E0,-4.013400185E-1,-1.860910734E-1
5.464688513E1,-1.228355875E0,-7.705443245E-1,-5.515093803E-2
5.465690813E1,-1.023205144E0,-1.252042653E0,4.466344513E-2
5.466693013E1,-1.052115532E0,-1.701643835E0,2.642597951E-2
5.467695313E1,-1.299467957E0,-1.897192853E0,-1.465359020E-1
5.468697512E1,-1.737214202E0,-1.697560725E0,-5.125410502E-1
5.469699813E1,-1.929502228E0,-9.734374452E-1,-6.376819170E-1
5.470702013E1,-1.831586216E0,-4.689145356E-1,-7.304410498E-1
5.471704313E1,-1.325402698E0,-8.141078353E-2,-7.606769288E-1
5.472706513E1,-3.723463073E-1,4.622791153E-1,-6.391356079E-1
5.473708813E1,4.285459435E-1,1.112919851E0,-2.327377479E-1
5.474711113E1,9.010211411E-1,1.666127263E0,2.361911134E-1
5.475713313E1,1.198429533E0,1.565079190E0,4.554678400E-1
5.476715613E1,1.546829153E0,6.884774834E-1,3.246130009E-1
5.477717812E1,2.202973288E0,-8.351928949E-2,6.369082573E-1
5.478720113E1,3.142958520E0,-2.685830802E-1,1.358962061E0
5.479722313E1,3.678973364E0,-1.311641568E-1,1.487266345E0
5.480724613E1,3.498356965E0,3.254612857E-1,1.154095359E0
5.481726813E1,2.835792587E0,7.538949627E-1,9.163113177E-1
5.482729113E1,1.720199682E0,7.157676083E-1,4.737786882E-1
5.483731313E1,5.812790170E-1,5.106695026E-1,9.915708303E-2
5.484733613E1,-7.895027518E-2,4.121667230E-1,-1.559430487E-1
5.485735813E1,-4.000755581E-1,6.273559535E-1,-6.707693370E-1
5.486738112E1,-6.262420589E-1,1.256037471E0,-1.085719188E0
5.487740313E1,-8.407907268E-1,1.699902534E0,-1.159942575E0
5.488742613E1,-9.221143869E-1,1.431715896E0,-1.006242664E0
5.489744813E1,-7.697754157E-1,7.316328585E-1,-5.615550430E-1
5.490747113E1,-4.040639439E-1,-3.885240912E-2,1.723536980E-1
5.491749313E1,-2.546161285E-1,-6.402987653E-1,6.871156669E-1
5.492751613E1,-3.067893720E-1,-8.134968013E-1,9.782602286E-1
5.493753913E1,-2.073177087E-1,-7.448896658E-1,1.186232826E0
5.494756113E1,1.398858637E-2,-6.528158998E-1,8.806597475E-1
5.495758412E1,2.292251793E-1,-3.230428773E-1,4.588076234E-2
5.496760613E1,5.964958110E-1,1.501424646E-1,-5.774628317E-1
5.497762913E1,9.437294966E-1,4.564050025E-1,-6.859766293E-1
5.498765113E1,1.233500255E0,6.215695488E-1,-2.724837577E-1
5.499767413E1,1.367988554E0,6.385323215E-1,3.327333947E-1
5.500769613E1,1.129240307E0,4.053056002E-1,6.250461571E-1
5.501771913E1,8.864934415E-1,6.354052305E-2,8.167857870E-1
5.502774113E1,8.831225216E-1,-3.881440222E-1,9.610588896E-1
5.503776413E1,9.498667341E-1,-7.400850087E-1,9.335454742E-1
5.504778613E1,1.140704066E0,-5.849770886E-1,7.695030085E-1
5.505780913E1,1.336812662E0,-1.577052534E-1,5.727721222E-1
5.506783112E1,9.710465187E-1,-5.394816577E-2,-7.273114007E-2
5.507785413E1,5.322612235E-1,-3.432315588E-2,-6.518393417E-1
5.508787613E1,3.555016485E-1,3.676436841E-2,-8.094113517E-1
5.509789913E1,6.624895334E-4,3.197432935E-2,-6.470049369E-1
5.510792113E1,-2.247865579E-1,1.486180955E-1,-3.748474538E-1
5.511794413E1,-1.611024857E-2,5.145812899E-1,-5.383414507E-2
5.512796613E1,2.979369798E-1,5.836293054E-1,3.139966500E-1
5.513798913E1,5.229606423E-1,3.661777872E-1,6.463056099E-1
5.514801213E1,7.097312352E-1,8.347134233E-2,8.679560137E-1
5.515803412E1,9.258305848E-1,-2.920210594E-1,1.191222839E0
5.516805713E1,1.413034626E0,-6.459226173E-1,1.330816927E0
5.517807913E1,2.023310278E0,-6.822613084E-1,1.132936624E0
5.518810213E1,2.328779641E0,-3.426398206E-1,9.656068540E-1
5.519812413E1,2.245897406E0,1.681483805E-2,7.756238008E-1
5.520814713E1,1.662028365E0,7.674938321E-2,4.808142408E-1
5.521816913E1,6.860769090E-1,-3.683862805E-2,2.521284306E-1
5.522819213E1,-3.357626179E-1,3.820395291E-2,1.828494501E-1
5.523821413E1,-1.224314864E0,-2.258837879E-2,2.975378708E-1
5.524823712E1,-1.925328485E0,-5.001100159E-1,9.993244210E-2
5.525825913E1,-2.166589281E0,-1.062044982E0,-3.883977914E-1
5.526828213E1,-1.996982897E0,-1.464166773E0,-7.788093638E-1
5.527830413E1,-1.711634680E0,-1.214356763E0,-9.183870792E-1
5.528832713E1,-1.571090420E0,-3.046609855E-1,-8.629531360E-1
5.529834913E1,-1.440791944E0,7.136965245E-1,-5.250975072E-1
5.530837213E1,-9.790595430E-1,1.120780848E0,-1.219003948E-1
5.531839413E1,-2.249704528E-1,8.001183718E-1,-3.409977397E-2
5.532841713E1,5.663256401E-1,-8.711591184E-2,-4.122053146E-2
5.533843913E1,1.069218931E0,-1.130616449E0,-2.581159977E-1
5.534846213E1,1.165794468E0,-1.489233786E0,-1.910308925E-1
5.535848513E1,7.959153932E-1,-1.126610522E0,3.924779785E-1
5.536850713E1,1.636781842E-2,-4.919350237E-1,7.983928585E-1
5.537853013E1,-5.972158957E-1,1.559066498E-1,7.821364295E-1
5.538855213E1,-3.661731094E-1,4.866181505E-1,1.028501844E0
5.539857513E1,3.349635959E-1,2.349498957E-1,1.317321553E0
5.540859725E1,8.685775727E-1,-1.318862879E-1,1.078916538E0
5.541862025E1,1.301370349E0,-6.103966892E-2,8.835084379E-1
5.542864225E1,1.579599581E0,5.255535901E-2,1.194597852E0
5.543866525E1,1.602472134E0,-1.116584301E-1,1.320263872E0
5.544868725E1,1.681506025E0,-1.729846126E-1,1.752084256E0
5.545871025E1,1.933166093E0,6.929535270E-3,2.287274058E0
5.546873225E1,2.040111083E0,4.006810373E-1,2.369636768E0
5.547875525E1,1.875259362E0,1.041655741E0,2.289601250E0
5.548877725E1,1.557018219E0,1.896809276E0,2.012090056E0
5.549880025E1,1.198440642E0,2.798585000E0,1.691565574E0
5.550882225E1,9.052957481E-1,3.561821474E0,1.147174594E0
5.551884525E1,6.755510437E-1,4.047004133E0,4.955561678E-1
5.552886725E1,4.201733154E-1,4.539349632E0,-2.453971525E-1
5.553889025E1,7.054548740E-2,5.512007643E0,9.243388139E-2
5.554891225E1,-9.116505021E-1,7.361829863E0,2.229733948E0
5.555893525E1,-3.420845105E0,9.129372988E0,3.053638208E0
5.556895825E1,-6.784329609E0,1.019787856E1,1.070693671E0
5.557898025E1,-8.650112389E0,1.066169608E1,1.854927424E0
5.558900325E1,-8.133168240E0,1.014520099E1,5.953213393E0
5.559902525E1,-7.510950235E0,1.022707488E1,6.797291717E0
5.560904825E1,-8.570439983E0,1.255916433E1,7.052916782E0
5.561907025E1,-1.009075055E1,1.383221662E1,9.595034718E0
5.562909325E1,-1.067083177E1,1.345273817E1,1.040649084E1
5.563911525E1,-9.776901836E0,1.299753477E1,7.385436827E0
5.564913825E1,-7.636864176E0,1.267435214E1,4.738613386E0
5.565916025E1,-5.810967008E0,1.221799567E1,2.998601875E0
5.566918325E1,-5.178098300E0,1.189921015E1,1.944623712E0
5.567920525E1,-5.599022983E0,1.182201053E1,1.935652914E0
5.568922825E1,-6.409143602E0,1.177422475E1,2.563856714E0
5.569925025E1,-6.927548971E0,1.138535450E1,2.498758492E0
5.570927325E1,-7.216823593E0,1.062735889E1,1.244309710E0
5.571929525E1,-7.749464593E0,9.975244653E0,2.230500810E-2
5.572931825E1,-8.403913035E0,9.728782759E0,-6.333657217E-1
5.573934025E1,-9.041073600E0,9.783416219E0,-7.777207585E-1
5.574936325E1,-9.639611551E0,1.011431600E1,-7.512968986E-1
5.575938525E1,-1.004522998E1,1.050120638E1,-1.062683205E0
5.576940825E1,-1.019822237E1,1.056831721E1,-1.555093754E0
5.577943125E1,-1.012628759E1,1.013936430E1,-2.163335159E0
5.578945325E1,-9.843893970E0,9.183576093E0,-3.134902811E0
5.579947625E1,-9.544244633E0,7.810059289E0,-3.716367477E0
5.580949825E1,-9.236260090E0,6.360721055E0,-3.135314455E0
5.581952125E1,-8.680280514E0,4.926218376E0,-2.114202468E0
5.582954325E1,-8.363041583E0,3.584191460E0,-1.142145843E0
5.583956625E1,-8.691293160E0,2.370213011E0,-3.829340069E-1
5.584958825E1,-9.124213990E0,1.770507079E0,1.004364538E-1
5.585961125E1,-9.248182563E0,1.700320903E0,4.692988439E-1
5.586963325E1,-9.038726528E0,2.082191155E0,9.967491245E-1
5.587965625E1,-8.448763518E0,2.688514381E0,1.362582365E0
5.588967825E1,-7.384610615E0,3.063981932E0,1.385613524E0
5.589970125E1,-5.880051277E0,2.903511531E0,1.323971007E0
5.590972325E1,-4.070275467E0,2.233812673E0,1.168872735E0
5.591974625E1,-2.245528446E0,1.393828277E0,9.114968665E-1
5.592976825E1,-6.576106167E-1,7.519943252E-1,7.314086178E-1
5.593979125E1,7.348587674E-1,3.780879807E-1,6.788747473E-1
5.594981425E1,2.236117938E0,1.586209273E-1,6.679520023E-1
5.595983625E1,3.732493513E0,-1.030159530E-1,5.100688474E-1
5.596985925E1,4.751386043E0,-3.621709827E-1,1.895690703E-1
5.597988125E1,5.283124233E0,-7.509438729E-1,-2.239447781E-1
5.598990425E1,5.369295820E0,-1.440422984E0,-9.223877442E-1
5.599992625E1,4.951744981E0,-2.240848335E0,-1.863935060E0
5.600994925E1,4.196105794E0,-2.880178217E0,-2.680674727E0
5.601997125E1,3.446068239E0,-3.499274978E0,-3.724969901E0
5.602999425E1,2.494677136E0,-4.263789654E0,-5.525066814E0
5.604001625E1,1.289589379E0,-5.224694177E0,-8.173091859E0
5.605003925E1,-1.459804165E-1,-6.477295824E0,-1.099885121E1
5.606006125E1,-1.540895106E0,-8.344670216E0,-1.424282798E1
5.607008425E1,-3.038593030E0,-1.151318282E1,-2.338387610E1
5.608010625E1,-6.012083745E0,-1.432989770E1,-3.330217589E1
5.609012925E1,-1.063136423E1,-1.592634194E1,-3.214247422E1
5.610015125E1,-1.527351902E1,-1.813006630E1,-2.558795598E1
5.611017425E1,-2.012470125E1,-2.087319397E1,-1.951172594E1
5.612019625E1,-2.503170334E1,-2.282980564E1,-1.518177387E1
5.613021925E1,-2.307072730E1,-2.200442438E1,-1.203285294E1
5.614024125E1,-1.384775150E1,-1.795468024E1,-1.194303854E1
5.615026425E1,-6.821060064E0,-1.329795652E1,-1.207621005E1
5.616028725E1,-3.885787335E0,-8.736150659E0,-7.727678452E0
5.617030925E1,-2.160845853E0,-4.342006688E0,-1.163806999E0
5.618033225E1,1.487213866E0,1.525097684E0,2.586152147E0
5.619035425E1,8.912603840E0,1.424115568E1,-3.779745740E0
5.620037725E1,3.053664871E1,3.720736984E1,-1.853985789E1
5.621039925E1,5.048422844E1,4.869042430E1,-2.086976984E1
5.622042225E1,6.513053535E1,4.397720830E1,-2.449788208E0
5.623044425E1,3.740774223E1,1.976008525E1,2.911138639E-1
5.624046725E1,1.373885880E1,1.214357465E1,-2.018912733E0
5.625048925E1,3.540761558E0,1.777994321E1,3.207598320E0
5.626051225E1,-4.106932831E0,2.663416085E1,6.483835934E0
5.627053425E1,-9.793543596E0,3.603625909E1,1.070888545E1
5.628055725E1,-9.501422549E0,3.379448339E1,1.333178734E1
5.629057925E1,-3.964963897E0,2.260808858E1,2.050616190E1
5.630060225E1,4.836041155E0,1.864769224E1,2.284541303E1
5.631062425E1,1.799465531E1,2.428021450E1,2.567203660E0
5.632064725E1,4.124801805E1,2.661809036E1,-1.648562695E1
5.633067025E1,5.070460299E1,1.249338784E1,-1.068158830E1
5.634069225E1,2.638812873E1,-4.424845362E-1,-6.924603728E0
5.635071525E1,-1.031887602E0,6.289568626E0,1.982379652E1
5.636073725E1,-3.970774919E1,3.841929884E1,5.460376027E1
5.637076025E1,-6.373076338E1,9.597146381E1,3.358328897E1
5.638078225E1,-4.346052961E1,7.278810043E1,2.528215362E1
5.639080525E1,-3.329989314E0,1.105079086E1,-2.086070198E0
5.640082725E1,1.838017160E1,-1.927417696E0,-4.475338642E1
5.641084988E1,5.880120508E1,-6.332433395E0,-3.177606898E1
5.642087188E1,8.044333597E1,-1.167150788E1,-2.206691474E1
5.643089488E1,2.988521743E1,-7.877839043E0,-2.703142068E0
5.644091688E1,6.073622766E0,4.163530371E0,7.850166510E0
5.645093988E1,9.864559785E-1,2.297693562E1,7.143794793E0
5.646096188E1,-9.525759830E0,4.224130095E1,-6.970363453E0
5.647098487E1,-2.567569696E1,3.393889792E1,-1.026459763E1
5.648100688E1,-2.814303719E1,6.894590555E0,-2.421764696E0
5.649102988E1,-2.191241961E1,-6.584515048E0,-4.213250415E0
5.650105288E1,-1.293979468E1,-9.477625551E0,-1.942497080E0
5.651107488E1,-4.537010745E0,-7.708045256E0,-3.904836979E0
5.652109788E1,-3.314518678E-1,-4.268543440E0,-4.820701861E0
5.653111988E1,1.348707799E0,7.823580390E-1,-5.756228299E0
5.654114288E1,1.852978109E0,8.774008457E0,-6.285752149E0
5.655116488E1,1.337999354E0,1.794963994E1,-6.035339876E0
5.656118787E1,3.733912632E0,2.014016830E1,-4.794840796E0
5.657120988E1,8.790968891E0,1.331018305E1,-2.165471878E0
5.658123288E1,1.182082589E1,6.522505326E0,-1.218811172E-1
5.659125488E1,1.179790246E1,3.778132786E0,1.067060139E0
5.660127788E1,8.831314679E0,4.191346160E0,3.458909894E0
5.661129988E1,5.329899035E0,6.529828963E0,7.246285958E0
5.662132288E1,2.854043794E0,8.697622186E0,1.112990018E1
5.663134488E1,4.294669896E-1,9.642331091E0,1.358037938E1
5.664136788E1,-1.381437442E0,9.798732415E0,1.565972645E1
5.665138988E1,-3.288968757E0,9.552632464E0,1.527836052E1
5.666141288E1,-5.703534946E0,8.814533755E0,1.302935649E1
5.667143487E1,-7.132201518E0,6.500368352E0,1.004696894E1
5.668145788E1,-5.844247021E0,2.912906837E0,6.064562505E0
5.669148088E1,-3.296137444E0,-3.765402228E-1,2.860618111E0
5.670150288E1,-1.572270534E0,-3.345943442E0,-1.204877166E-1
5.671152588E1,-1.221230458E-1,-6.527102991E0,-1.484422113E0
5.672154788E1,4.458349176E-1,-9.268256055E0,-9.973833282E-2
5.673157088E1,9.701448049E-1,-1.053085644E1,7.878526676E-1
5.674159288E1,1.560179516E0,-9.976877196E0,1.009534646E0
5.675161588E1,1.244268926E0,-8.540299340E0,1.296437638E0
5.676163787E1,4.275776446E-3,-7.027608864E0,1.501589538E0
5.677166088E1,-1.659168784E0,-6.199957123E0,1.504053555E0
5.678168288E1,-3.062240632E0,-6.116210961E0,1.655374672E0
5.679170588E1,-3.743178130E0,-6.536945025E0,1.967333128E0
5.680172788E1,-3.899487069E0,-7.460481162E0,2.136267229E0
5.681175088E1,-4.110724166E0,-8.626667978E0,2.083031985E0
5.682177288E1,-4.689119629E0,-9.838249068E0,1.328817179E0
5.683179588E1,-5.620185810E0,-1.083901406E1,-3.185983356E-1
5.684181788E1,-6.762833490E0,-1.137997039E1,-1.545222631E0
5.685184087E1,-7.856562195E0,-1.138366115E1,-1.860671583E0
5.686186288E1,-8.590045112E0,-1.091055124E1,-1.679284083E0
5.687188588E1,-8.648396816E0,-1.007119512E1,-1.365487407E0
5.688190888E1,-7.919701599E0,-8.920430923E0,-1.485501509E0
5.689193088E1,-6.787670124E0,-7.527293202E0,-1.926935739E0
5.690195388E1,-5.596446115E0,-6.095744537E0,-2.024090881E0
5.691197588E1,-4.391750706E0,-4.877696427E0,-1.401572914E0
5.692199888E1,-3.194684452E0,-3.749833431E0,-8.159812832E-1
5.693202088E1,-2.089959619E0,-2.100975335E0,-4.281465787E-1
5.694204387E1,-1.309705993E0,1.140647932E0,-1.078936126E0
5.695206588E1,-6.691726086E-1,6.889671292E0,-2.715621196E0
5.696208888E1,7.502825528E-2,1.368531000E1,-4.260080180E0
5.697211088E1,-2.472313875E-1,1.729220942E1,-3.960743669E0
5.698213388E1,-1.527747203E0,1.529039409E1,-1.842142195E0
5.699215588E1,-2.822253944E0,1.109341472E1,5.824785733E-1
5.700217888E1,-3.280717167E0,8.015401808E0,2.293152848E0
5.701220088E1,-2.520057560E0,7.000968364E0,3.145326642E0
5.702222388E1,-1.034816106E0,7.577744733E0,3.585042522E0
5.703224588E1,6.597037737E-1,8.214428750E0,3.827917149E0
5.704226888E1,2.199633212E0,7.720746578E0,4.283727782E0
5.705229188E1,3.202169180E0,6.132444001E0,5.258336717E0
5.706231388E1,3.171437384E0,4.813819104E0,5.273303250E0
5.707233688E1,2.228999245E0,4.259301331E0,4.190175840E0
5.708235888E1,1.518503632E0,4.262057709E0,2.582033368E0
5.709238188E1,2.191031227E0,4.757207531E0,5.367787823E-1
5.710240388E1,3.535428312E0,5.490207469E0,-1.500791978E0
5.711242688E1,4.187715624E0,6.133398852E0,-2.530850936E0
5.712244888E1,3.470487966E0,6.084394507E0,-2.476657479E0
5.713247188E1,1.742442198E0,5.314983957E0,-2.782802196E0
5.714249387E1,4.822964734E-1,4.523109575E0,-3.801244490E0
5.715251688E1,1.538314730E-2,4.180227095E0,-4.434744698E0
5.716253888E1,6.330926567E-3,3.914236670E0,-4.305689632E0
5.717256188E1,-7.823698796E-2,3.417985232E0,-3.776955156E0
5.718258388E1,-6.568286978E-1,2.583563000E0,-3.240424004E0
5.719260688E1,-1.518498078E0,1.487165042E0,-2.746592728E0
5.720262888E1,-2.184727636E0,3.351296568E-1,-2.351737272E0
5.721265188E1,-2.245460619E0,-6.607189965E-1,-2.124714154E0
5.722267488E1,-1.561988790E0,-1.311118827E0,-1.879491870E0
5.723269687E1,-2.042265051E-1,-1.596390445E0,-1.455328414E0
5.724271988E1,1.304681042E0,-1.905167286E0,-8.361913070E-1
5.725274188E1,2.613118044E0,-2.381191451E0,4.055891901E-2
5.726276488E1,3.265397754E0,-2.990242696E0,9.283369938E-1
5.727278688E1,3.151980481E0,-3.776861016E0,1.336981062E0
5.728280988E1,2.403405169E0,-4.539244967E0,1.425913703E0
5.729283188E1,1.404869867E0,-5.035002315E0,1.203857503E0
5.730285488E1,2.917041403E-1,-5.435821347E0,5.545882317E-1
5.731287688E1,-8.594645409E-1,-5.620925483E0,-4.849549100E-2
5.732289987E1,-1.697499036E0,-5.642546148E0,-9.771023338E-1
5.733292188E1,-2.232572478E0,-5.592844815E0,-1.758129985E0
5.734294488E1,-2.624855160E0,-5.339774982E0,-1.993237463E0
5.735296688E1,-2.933437288E0,-5.027643594E0,-1.808571576E0
5.736298988E1,-3.136328362E0,-4.943434918E0,-1.533164356E0
5.737301188E1,-3.245114640E0,-5.100023938E0,-1.407424808E0
5.738303488E1,-3.365315852E0,-5.285689992E0,-1.330096550E0
5.739305788E1,-3.511566410E0,-5.393015635E0,-1.104079446E0
5.740308000E1,-3.662525731E0,-5.295380582E0,-7.964654700E-1
5.741310300E1,-3.788934347E0,-4.913354502E0,-5.244939284E-1
5.742312500E1,-3.666231111E0,-4.341487455E0,-3.641610825E-1
5.743314800E1,-3.192704584E0,-3.743421375E0,-3.299713893E-1
5.744317000E1,-2.484477838E0,-3.065409822E0,-2.436185391E-1
5.745319300E1,-1.663005580E0,-2.297273381E0,-9.060596868E-2
5.746321500E1,-7.804477537E-1,-1.477962109E0,1.086460908E-1
5.747323800E1,9.587124020E-2,-6.646173352E-1,2.895741458E-1
5.748326000E1,1.017906105E0,5.525326431E-2,3.260081466E-1
5.749328300E1,1.768049786E0,7.963527650E-1,4.112568963E-1
5.750330500E1,2.212604675E0,1.429437820E0,5.059208326E-1
5.751332800E1,2.461589789E0,1.781833720E0,4.540516444E-1
5.752335000E1,2.479112433E0,1.877857280E0,4.267413466E-1
5.753337300E1,2.098753832E0,1.984484766E0,6.830331409E-1
5.754339500E1,1.663851673E0,2.352151254E0,9.662174495E-1
5.755341800E1,2.308452088E0,2.354907047E0,9.778146708E-1
5.756344100E1,3.755445589E0,1.380538725E0,1.051191380E0
5.757346300E1,6.722046822E0,1.125472069E-1,1.947774192E0
5.758348600E1,8.720761957E0,-7.586662906E-1,2.939706380E0
5.759350800E1,8.522778744E0,-1.355990360E0,3.175496521E0
5.760353100E1,7.350626013E0,-7.085562372E-1,2.396211194E0
5.761355300E1,5.529708334E0,1.218966708E0,1.185275052E0
5.762357600E1,3.654456573E0,3.088671800E0,-5.812728775E-1
5.763359800E1,1.154973318E0,3.167396373E0,-1.164171281E0
5.764362100E1,-8.725940251E-1,1.258930088E0,-2.308971906E-1
5.765364300E1,-3.794120827E-1,-9.178783715E-2,1.063783944E0
5.766366600E1,2.060864313E0,1.125770277E-1,1.582613236E0
5.767368800E1,3.427334930E0,8.676332474E-1,8.901070207E-1
5.768371100E1,2.918025489E0,1.137210939E0,-1.713001028E-1
5.769373300E1,1.867860003E0,8.876389110E-1,-1.105466990E0
5.770375600E1,2.058070806E-1,4.737490135E-1,-1.529804108E0
5.771377800E1,-1.160924030E0,-7.591153568E-1,-1.491980224E0
5.772380100E1,-2.176614917E0,-2.552732386E0,-9.912885560E-1
5.773382400E1,-1.805350344E0,-3.542093554E0,-5.387886165E-1
5.774384600E1,-1.200786253E0,-3.288422043E0,-6.409628628E-1
5.775386900E1,-1.565194380E0,-2.743855646E0,-1.223668454E0
5.776389100E1,-1.856426943E0,-2.487593819E0,-1.727461047E0
5.777391400E1,-1.853962634E0,-2.060547686E0,-2.376330661E0
5.778393600E1,-2.434106414E0,-2.705054108E0,-2.473591492E0
5.779395900E1,-2.967864817E0,-3.708506480E0,-1.822719206E0
5.780398100E1,-2.663580392E0,-4.144542707E0,-1.370426551E0
5.781400400E1,-1.742955291E0,-4.844330460E0,-1.245416003E0
5.782402600E1,2.448258430E-2,-3.231571904E0,-1.756321295E0
5.783404900E1,3.277457929E-1,-3.026824046E0,-1.708702009E0
5.784407100E1,-1.915691105E-1,-4.104430223E0,-1.165125839E0
5.785409400E1,-3.650422579E-1,-4.749556450E0,-8.964769775E-1
5.786411700E1,-5.875051323E-1,-4.892209800E0,-1.287208393E0
5.787413900E1,-1.187075702E0,-4.662606599E0,-1.498234990E0
5.788416200E1,-5.812155747E-1,-4.054834140E0,-8.535847270E-1
5.789418400E1,3.655386865E-3,-2.937619509E0,-4.800406176E-1
5.790420700E1,4.087624741E-1,-1.783635247E0,-4.354164219E-1
5.791422900E1,9.954718003E-1,-7.102799964E-1,-6.254594091E-1
5.792425200E1,1.080489731E0,-1.151544803E-1,-7.589016411E-1
5.793427400E1,1.251117916E0,2.206680715E-2,-6.708712247E-1
5.794429700E1,9.577552128E-1,2.413520122E-1,4.499490917E-2
5.795431900E1,9.741560680E-1,4.957743055E-1,6.549355155E-1
5.796434200E1,9.372504893E-1,8.023297888E-1,1.085679135E0
5.797436400E1,8.656220976E-1,1.298907502E0,1.188898571E0
5.798438700E1,7.794967040E-1,1.308041437E0,1.425359387E0
5.799440900E1,1.236042624E0,2.306206757E0,1.289087688E0
5.800443200E1,2.399200583E0,3.852543283E0,1.013452281E0
5.801445500E1,3.616842897E0,4.194024770E0,1.141214527E0
5.802447700E1,4.257924312E0,3.704823904E0,1.168735033E0
5.803450000E1,4.191564261E0,3.219077573E0,1.283964357E0
5.804452200E1,3.203929484E0,2.745774118E0,1.248681673E0
5.805454500E1,2.707366389E0,2.191139985E0,1.061249468E0
5.806456700E1,3.088362483E0,2.028292106E0,7.851901379E-1
5.807459000E1,3.010593345E0,1.231325383E0,6.033253589E-1
5.808461200E1,2.866673487E0,8.158327639E-2,6.519107509E-1
5.809463500E1,2.866098121E0,3.089189279E-1,4.637859428E-1
5.810465700E1,2.286910946E0,1.755369222E-1,4.582492143E-1
5.811468000E1,1.221536852E0,-4.450520486E-1,3.073302394E-1
5.812470200E1,3.146415979E-1,-7.476934057E-1,1.849006534E-2
5.813472500E1,-6.820940781E-1,-1.092385014E0,-2.638231543E-1
5.814474700E1,-9.476819220E-1,-1.356814232E0,-6.219405547E-1
5.815477000E1,-3.693171573E-1,-1.311125844E0,-1.012052457E0
5.816479200E1,-4.300656348E-1,-1.073777420E0,-1.467517812E0
5.817481500E1,-5.704768708E-1,-1.187004658E0,-1.894641128E0
5.818483800E1,-1.403931096E-1,-9.860381949E-1,-2.166728445E0
5.819486000E1,-2.535130513E-1,-8.309115636E-1,-2.258074817E0
5.820488300E1,-3.400152978E-1,-1.158729862E0,-2.479359477E0
5.821490500E1,-3.350074500E-2,-8.662755239E-1,-2.840617125E0
5.822492800E1,-5.047699544E-1,-1.100671104E0,-2.828472750E0
5.823495000E1,-1.164034456E0,-1.195075570E0,-2.862597978E0
5.824497300E1,-8.941296127E-1,-1.581825031E0,-2.688608814E0
5.825499500E1,-6.659010914E-1,-2.220390682E0,-2.235687875E0
5.826501800E1,-1.981165302E-1,-2.055952944E0,-1.689807901E0
5.827504000E1,2.072428644E-2,-1.812608201E0,-1.342750217E0
5.828506300E1,9.214305550E-2,-1.430838813E0,-1.157508963E0
5.829508500E1,7.897854647E-1,-5.092123765E-1,-6.288154185E-1
5.830510800E1,1.950282940E0,4.534468961E-1,1.346175224E-1
5.831513100E1,2.428471744E0,6.361220992E-1,8.270988867E-1
5.832515300E1,2.335918507E0,3.265050137E-1,1.037617654E0
5.833517600E1,2.557635861E0,3.219973952E-1,1.004486745E0
5.834519800E1,2.806441319E0,6.230021167E-1,1.189249404E0
5.835522100E1,2.837575988E0,1.436241640E0,1.515244541E0
5.836524300E1,2.654006746E0,1.508252440E0,1.666727187E0
5.837526600E1,1.994940757E0,1.156893836E0,1.990477577E0
5.838528800E1,9.625364810E-1,1.287491983E0,2.057512981E0
5.839531100E1,2.062210634E-1,1.301241125E0,1.754229600E0
5.840533263E1,2.599958593E-1,1.035999144E0,1.415997410E0
5.841535563E1,4.089715120E-1,9.192127061E-1,1.225358300E0
5.842537763E1,-1.474474829E-1,7.944120741E-1,9.434108233E-1
5.843540062E1,-1.006258159E0,3.264050263E-1,7.514239293E-1
5.844542363E1,-1.387246651E0,-1.715771878E-1,4.866123033E-1
5.845544563E1,-1.412216308E0,-3.728974074E-1,2.516431117E-1
5.846546863E1,-1.151058900E0,-3.783908665E-1,1.211127931E-1
5.847549063E1,-1.107426099E0,-7.733457255E-1,-1.133026671E-1
5.848551363E1,-1.417094640E0,-1.172518766E0,-3.925539923E-1
5.849553563E1,-1.495026623E0,-8.576473725E-1,-7.037878329E-1
5.850555863E1,-1.310110475E0,-5.689522094E-1,-9.670616412E-1
5.851558063E1,-1.548822469E0,-5.197584146E-1,-1.189666895E0
5.852560362E1,-1.785797548E0,-3.995922858E-1,-1.418372549E0
5.853562563E1,-1.328023712E0,-2.640801394E-1,-1.432671915E0
5.854564863E1,-6.971910042E-1,-2.489153856E-1,-1.157701337E0
5.855567063E1,-8.342029613E-1,-4.267397386E-1,-1.170881546E0
5.856569363E1,-9.244193593E-1,-4.048594576E-1,-1.211019757E0
5.857571663E1,-7.813146034E-1,-3.671437472E-1,-1.023470023E0
5.858573863E1,-9.206970218E-1,-4.258170480E-1,-8.406758291E-1
5.859576163E1,-1.172757332E0,-3.896625441E-1,-8.252567214E-1
5.860578363E1,-9.931560105E-1,-5.214149308E-1,-8.072885200E-1
5.861580662E1,-8.812844494E-1,-3.177470541E-1,-6.375470656E-1
5.862582863E1,-1.117987633E0,1.528637588E-1,-4.265742624E-1
5.863585163E1,-9.446825927E-1,5.078587461E-1,-4.339394152E-2
5.864587363E1,-1.044871709E0,4.829238796E-1,1.326762468E-1
5.865589663E1,-1.371372630E0,4.742039269E-1,9.109961987E-3
5.866591863E1,-1.047953192E0,5.881948113E-1,6.050991118E-2
5.867594163E1,-2.483958605E-1,5.483156312E-1,4.733987653E-1
5.868596363E1,-1.144335186E-1,4.338060987E-1,5.576577276E-1
5.869598663E1,-6.064176589E-1,5.209617716E-1,5.653330752E-1
5.870600962E1,-3.475652227E-1,7.909926224E-1,4.588105470E-1
5.871603163E1,-1.096943504E-1,1.031082805E0,5.167757499E-1
5.872605463E1,-5.472935379E-1,6.957981974E-1,4.243283468E-1
5.873607663E1,-5.764761141E-1,4.671100849E-1,1.916290444E-1
5.874609963E1,-4.439258748E-1,7.949260443E-1,2.949540228E-2
5.875612163E1,-3.171903992E-1,8.302625227E-1,-1.790709794E-1
5.876614463E1,-4.266309804E-1,4.115299612E-1,-2.133672380E-1
5.877616663E1,-4.819778001E-1,2.544778419E-1,-2.247026503E-1
5.878618963E1,-6.175899339E-1,6.582619965E-2,-3.196906686E-1
5.879621163E1,-5.307625821E-1,9.131011963E-3,-3.714794576E-1
5.880623463E1,-2.479269138E-1,1.051645124E-1,-4.310152227E-1
5.881625662E1,-2.512188962E-1,2.059067756E-1,-4.391115698E-1
5.882627963E1,-5.758957779E-1,2.880215639E-1,-4.853218228E-1
5.883630263E1,-8.940293330E-1,3.213887000E-1,-5.216108125E-1
5.884632463E1,-9.368329981E-1,6.210093856E-2,-3.754163879E-1
5.885634763E1,-9.776722911E-1,-3.531437588E-1,-1.767186445E-1
5.886636963E1,-5.693050888E-1,-4.083543384E-1,-8.384205580E-2
5.887639263E1,-1.639363387E-1,-3.376094609E-1,1.427930993E-1
5.888641463E1,-1.606323695E-1,-5.258529675E-1,3.363566950E-1
5.889643763E1,-7.016410276E-2,-5.463252389E-1,3.065040278E-1
5.890645962E1,1.318365866E-1,-2.386470902E-1,3.529639569E-1
5.891648263E1,-8.249310315E-2,6.617469370E-2,2.208928970E-1
5.892650463E1,-2.824111605E-1,2.405298936E-1,1.224962443E-1
5.893652763E1,-5.223504853E-1,3.426988775E-1,9.818410635E-2
5.894655063E1,-7.573762487E-1,3.423679250E-1,8.907706797E-2
5.895657263E1,-7.260440898E-1,1.450173801E-1,1.571830970E-1
5.896659563E1,-5.747219494E-1,5.175955296E-3,2.190647650E-1
5.897661763E1,-4.667934582E-1,-1.078904843E-1,1.621599546E-1
5.898664063E1,-3.082210627E-1,4.416986704E-2,9.106512129E-2
5.899666262E1,-2.213719301E-1,6.245235622E-2,3.279001594E-2
5.900668563E1,-2.893629152E-1,2.639023840E-2,-1.776635545E-1
5.901670763E1,-1.737602457E-1,1.141060746E-1,-3.736084288E-1
5.902673063E1,-1.402377199E-1,3.435057932E-1,-2.684351456E-1
5.903675263E1,-1.690104063E-1,5.307675523E-1,-2.220047450E-1
5.904677563E1,-2.011212681E-1,3.118963301E-1,-4.232945591E-1
5.905679763E1,-2.366897348E-1,2.348230112E-1,-4.267309678E-1
5.906682063E1,-1.748772101E-1,3.873517245E-1,-2.291389328E-1
5.907684363E1,-3.336713612E-2,1.714234060E-1,-2.044975966E-1
5.908686562E1,-5.875092253E-2,-2.373501778E-2,-4.202165848E-1
5.909688863E1,-4.850002259E-2,5.475683570E-2,-5.466871816E-1
5.910691063E1,1.706996669E-1,3.087528670E-1,-4.661871019E-1
5.911693363E1,1.266280331E-1,4.609968209E-1,-2.974735880E-1
5.912695563E1,-5.055195674E-2,3.194181883E-1,-3.528794646E-1
5.913697863E1,-1.191626005E-1,3.276358652E-1,-3.669180447E-1
5.914700063E1,-6.301003441E-2,5.939116341E-1,-1.848228854E-1
5.915702363E1,-3.057304412E-2,2.050460654E-1,-5.551989734E-2
5.916704563E1,-2.517511390E-1,-2.369180685E-1,6.475206614E-3
5.917706862E1,-1.992614150E-1,-1.742546278E-1,4.798751414E-2
5.918709163E1,-1.856065585E-1,-1.449039441E-1,-1.420931876E-2
5.919711363E1,-2.933650419E-1,-1.717011487E-1,-2.455234158E-1
5.920713663E1,-3.090225698E-1,7.561794698E-2,-3.801157951E-1
5.921715863E1,-3.275518115E-1,1.365763396E-1,-2.586568469E-1
5.922718163E1,-3.893036713E-1,-1.164905691E-1,-6.809608877E-2
5.923720363E1,-3.713204134E-1,-1.071993434E-1,-5.064507365E-2
5.924722663E1,-2.221599886E-1,-1.722268134E-1,-1.108252019E-1
5.925724863E1,-3.100149885E-2,-2.834028482E-1,-1.308618557E-1
5.926727162E1,1.044182615E-1,7.800185680E-3,-2.429091257E-1
5.927729363E1,3.146284416E-2,2.428646868E-1,-2.360778236E-1
5.928731663E1,-1.627914539E-1,2.351984024E-1,-2.887431103E-1
5.929733963E1,-2.329818691E-1,1.583314902E-1,-2.420449072E-1
5.930736163E1,-1.758265056E-1,-4.474640250E-2,-2.503941464E-1
5.931738463E1,-4.523742244E-2,-3.666847408E-2,-3.327527636E-1
5.932740663E1,1.785255803E-1,7.417719305E-2,-3.117659372E-1
5.933742963E1,8.615258306E-2,-3.110835671E-2,-2.764446616E-1
5.934745163E1,-2.453010754E-1,7.251775324E-2,-4.507270637E-1
5.935747462E1,-3.925718263E-1,2.360754848E-1,-5.344907668E-1
5.936749663E1,-2.645334448E-1,2.717259586E-2,-4.313657632E-1
5.937751963E1,-2.535301544E-1,7.253997266E-2,-1.336892769E-1
5.938754163E1,4.414330606E-1,2.041409165E-1,1.352110147E-1
5.939756463E1,4.872060880E-1,9.729766846E-2,1.666146559E-1
5.940758750E1,2.799940677E-1,-7.695812881E-2,3.315651941E-1
5.941760950E1,1.720921813E-1,-5.839672744E-2,2.793203223E-1
5.942763250E1,2.368468787E-1,7.612022281E-2,2.356205714E-1
5.943765450E1,2.685842496E-1,8.045184016E-2,-1.046096116E-1