"Time (s)","w","x","y","z","Direct (°)","Yaw (°)","Pitch (°)","Roll (°)"
4.514541710E-3,5.776483632E-1,7.452941862E-1,-2.260023599E-1,2.445036357E-1,1.094293791E2,1.058498518E2,-3.872286577E1,-3.998496258E0
1.453754166E-2,5.771816290E-1,7.457503415E-1,-2.254482553E-1,2.447261711E-1,1.094948868E2,1.059105597E2,-3.870115833E1,-3.949524547E0
2.456054173E-2,5.768263838E-1,7.459942242E-1,-2.252401131E-1,2.450117898E-1,1.095447289E2,1.059542334E2,-3.871181968E1,-3.923897044E0
3.458354168E-2,5.765716482E-1,7.460950816E-1,-2.252249823E-1,2.453183659E-1,1.095804597E2,1.059824917E2,-3.873933772E1,-3.910254783E0
4.460654175E-2,5.763931458E-1,7.461537501E-1,-2.252250666E-1,2.455591614E-1,1.096054929E2,1.060010816E2,-3.876195228E1,-3.899457290E0
5.462954170E-2,5.762964504E-1,7.461894063E-1,-2.252340018E-1,2.456695124E-1,1.096190519E2,1.060123549E2,-3.877289706E1,-3.896350978E0
6.465254177E-2,5.762594560E-1,7.462222176E-1,-2.252298503E-1,2.456605667E-1,1.096242391E2,1.060192383E2,-3.877152435E1,-3.899006457E0
7.467554172E-2,5.761263246E-1,7.463428840E-1,-2.253448691E-1,2.455004403E-1,1.096429048E2,1.060528914E2,-3.876364879E1,-3.933631399E0
8.469854167E-2,5.757545789E-1,7.466358257E-1,-2.256992187E-1,2.451558582E-1,1.096950141E2,1.061420163E2,-3.875408035E1,-4.024463330E0
9.472154174E-2,5.752173330E-1,7.469894799E-1,-2.262702663E-1,2.448133308E-1,1.097702928E2,1.062636444E2,-3.875967269E1,-4.147816365E0
1.047445417E-1,5.745908623E-1,7.473184361E-1,-2.271327173E-1,2.444817194E-1,1.098580299E2,1.064052803E2,-3.878708755E1,-4.306092632E0
1.147675418E-1,5.738620590E-1,7.476811519E-1,-2.282255008E-1,2.440664043E-1,1.099600392E2,1.065731400E2,-3.882233849E1,-4.502355519E0
1.247905417E-1,5.730387097E-1,7.481365064E-1,-2.293752668E-1,2.435272302E-1,1.100752055E2,1.067648663E2,-3.884862889E1,-4.721611589E0
1.348135417E-1,5.721956674E-1,7.486516463E-1,-2.304827806E-1,2.428798757E-1,1.101930426E2,1.069646537E2,-3.886056997E1,-4.947337636E0
1.448365417E-1,5.714153396E-1,7.491417087E-1,-2.315701061E-1,2.421705653E-1,1.103020385E2,1.071560487E2,-3.886485467E1,-5.172558992E0
1.548595417E-1,5.706929637E-1,7.495606063E-1,-2.327180598E-1,2.414761328E-1,1.104028753E2,1.073374750E2,-3.887497691E1,-5.399273193E0
1.648825418E-1,5.699721050E-1,7.499046510E-1,-2.339623612E-1,2.409075507E-1,1.105034388E2,1.075140650E2,-3.890414996E1,-5.625077530E0
1.749055417E-1,5.691754559E-1,7.501903223E-1,-2.353618895E-1,2.405381652E-1,1.106145044E2,1.076969886E2,-3.896335576E1,-5.854770046E0
1.849285418E-1,5.682303338E-1,7.504524547E-1,-2.370106953E-1,2.403359657E-1,1.107461730E2,1.079025495E2,-3.905563869E1,-6.105968097E0
1.949515417E-1,5.671854924E-1,7.507135122E-1,-2.387854148E-1,2.402322212E-1,1.108916123E2,1.081235748E2,-3.916548752E1,-6.368899011E0
2.049745417E-1,5.661663500E-1,7.509731790E-1,-2.404489087E-1,2.401652394E-1,1.110333520E2,1.083366946E2,-3.927058205E1,-6.615947844E0
2.149975417E-1,5.652180670E-1,7.512748240E-1,-2.418923961E-1,2.400058189E-1,1.111651287E2,1.085379905E2,-3.935063939E1,-6.843628144E0
2.250205417E-1,5.644046328E-1,7.516047495E-1,-2.430480627E-1,2.397194732E-1,1.112780837E2,1.087163250E2,-3.939799667E1,-7.043280617E0
2.350435418E-1,5.638486843E-1,7.518582628E-1,-2.438911261E-1,2.393764295E-1,1.113552399E2,1.088462694E2,-3.941921861E1,-7.198238288E0
2.450665417E-1,5.635504532E-1,7.519879065E-1,-2.444939104E-1,2.390561977E-1,1.113966148E2,1.089253815E2,-3.942770189E1,-7.309301898E0
2.550895417E-1,5.634167739E-1,7.520536767E-1,-2.449467993E-1,2.387002992E-1,1.114151573E2,1.089744355E2,-3.942333295E1,-7.396963125E0
2.651125417E-1,5.633734048E-1,7.521108910E-1,-2.453196514E-1,2.382393391E-1,1.114211726E2,1.090109980E2,-3.940351647E1,-7.479272920E0
2.751355417E-1,5.633227021E-1,7.522011906E-1,-2.456821775E-1,2.376999859E-1,1.114282047E2,1.090521412E2,-3.937498791E1,-7.567522640E0
2.851585418E-1,5.631188589E-1,7.523508962E-1,-2.461583526E-1,2.372159926E-1,1.114564735E2,1.091195548E2,-3.935861142E1,-7.672803098E0
2.951815417E-1,5.626913845E-1,7.525430437E-1,-2.469172066E-1,2.368318873E-1,1.115157400E2,1.092269576E2,-3.937021674E1,-7.814092505E0
3.052045418E-1,5.620874201E-1,7.527324727E-1,-2.479853553E-1,2.365477332E-1,1.115994399E2,1.093668369E2,-3.941206505E1,-7.991547058E0
3.152275417E-1,5.614145773E-1,7.528768046E-1,-2.492585062E-1,2.363477991E-1,1.116926365E2,1.095192539E2,-3.947609814E1,-8.188741352E0
3.252505417E-1,5.607588145E-1,7.529911279E-1,-2.505909156E-1,2.361317122E-1,1.117834178E2,1.096709217E2,-3.954264034E1,-8.393054268E0
3.352735417E-1,5.601550398E-1,7.531377779E-1,-2.518541620E-1,2.357525381E-1,1.118669591E2,1.098195142E2,-3.958803285E1,-8.600523089E0
3.452965417E-1,5.595813369E-1,7.533715454E-1,-2.530258233E-1,2.351127489E-1,1.119463013E2,1.099725101E2,-3.960056345E1,-8.817972647E0
3.553195418E-1,5.589441398E-1,7.537511831E-1,-2.541854728E-1,2.341589025E-1,1.120343812E2,1.101497870E2,-3.957933611E1,-9.064050576E0
3.653425417E-1,5.581171765E-1,7.543150026E-1,-2.555026672E-1,2.328789449E-1,1.121486246E2,1.103768777E2,-3.953348136E1,-9.365808368E0
3.753655417E-1,5.570457298E-1,7.550475780E-1,-2.570552096E-1,2.313565059E-1,1.122965290E2,1.106606435E2,-3.947588163E1,-9.727853938E0
3.853885417E-1,5.557198637E-1,7.559833224E-1,-2.587976446E-1,2.295395658E-1,1.124793769E2,1.110032061E2,-3.939730388E1,-1.014948472E1
3.954115417E-1,5.540378462E-1,7.573130133E-1,-2.608510812E-1,2.268829024E-1,1.127110609E2,1.114452002E2,-3.924853230E1,-1.069296242E1
4.054345418E-1,5.516283636E-1,7.593205731E-1,-2.638354785E-1,2.225519238E-1,1.130424052E2,1.120913818E2,-3.898041994E1,-1.151193300E1
4.154575417E-1,5.479794159E-1,7.623791277E-1,-2.690533005E-1,2.147255491E-1,1.135429948E2,1.131081518E2,-3.848252349E1,-1.291134817E1
4.254805417E-1,5.431037841E-1,7.663829519E-1,-2.761519677E-1,2.035575615E-1,1.142096442E2,1.144387604E2,-3.773168121E1,-1.481065979E1
4.355035417E-1,5.365148303E-1,7.711543966E-1,-2.856807801E-1,1.893653373E-1,1.151065962E2,1.161138619E2,-3.676996573E1,-1.724027363E1
4.455265417E-1,5.282039460E-1,7.761883319E-1,-2.977212918E-1,1.728998174E-1,1.162316343E2,1.180601770E2,-3.565623693E1,-2.012173064E1
4.555495417E-1,5.189525863E-1,7.808573808E-1,-3.114717643E-1,1.547107971E-1,1.174759615E2,1.200740621E2,-3.439481213E1,-2.325953950E1
4.655725417E-1,5.091284509E-1,7.849319906E-1,-3.263517724E-1,1.347761806E-1,1.187884126E2,1.220452739E2,-3.294885747E1,-2.655046867E1
4.755955418E-1,4.984727582E-1,7.883940592E-1,-3.424380022E-1,1.126763963E-1,1.202019803E2,1.239752782E2,-3.126914109E1,-3.001940550E1
4.856185417E-1,4.871357618E-1,7.910087443E-1,-3.593003873E-1,8.892264325E-2,1.216950066E2,1.257921962E2,-2.938879148E1,-3.356915122E1
4.956415417E-1,4.758446210E-1,7.925367994E-1,-3.758088232E-1,6.500059779E-2,1.231712851E2,1.273682004E2,-2.743125007E1,-3.697371585E1
5.056645417E-1,4.654053735E-1,7.929640420E-1,-3.908897664E-1,4.255788565E-2,1.245270794E2,1.286256256E2,-2.555251198E1,-4.003258235E1
5.156875417E-1,4.563153941E-1,7.926124741E-1,-4.037549022E-1,2.288483258E-2,1.257007980E2,1.295698417E2,-2.387588551E1,-4.261745610E1
5.257105418E-1,4.488316522E-1,7.919248061E-1,-4.139558726E-1,6.779194142E-3,1.266625027E2,1.302478335E2,-2.247809676E1,-4.466542557E1
5.357335417E-1,4.430217091E-1,7.913278803E-1,-4.213083482E-1,-5.584204547E-3,1.274063248E2,1.307125460E2,-2.137433030E1,-4.616596088E1
5.457565417E-1,4.388354523E-1,7.910970630E-1,-4.258867814E-1,-1.446772761E-2,1.279407960E2,1.310069332E2,-2.054223124E1,-4.715127591E1
5.557795417E-1,4.360864873E-1,7.913926600E-1,-4.279189549E-1,-2.029029366E-2,1.282911022E2,1.311715685E2,-1.994416028E1,-4.767540534E1
5.658025417E-1,4.345474108E-1,7.922872479E-1,-4.276703939E-1,-2.340191120E-2,1.284870031E2,1.312420421E2,-1.954846242E1,-4.779188122E1
5.758255417E-1,4.339430883E-1,7.937644739E-1,-4.254990093E-1,-2.412158971E-2,1.285638800E2,1.312533865E2,-1.932893536E1,-4.756357214E1
5.858485417E-1,4.340485818E-1,7.957465559E-1,-4.217461696E-1,-2.279004432E-2,1.285504618E2,1.312273685E2,-1.925945621E1,-4.705047432E1
5.958725417E-1,4.347266614E-1,7.981530145E-1,-4.166218293E-1,-1.976619760E-2,1.284641956E2,1.311685846E2,-1.931007416E1,-4.629531473E1
6.058990001E-1,4.358416563E-1,8.008325004E-1,-4.104499713E-1,-1.549857631E-2,1.283222763E2,1.310788297E2,-1.944846519E1,-4.535799227E1
6.159220000E-1,4.372903067E-1,8.035958374E-1,-4.036103596E-1,-1.047030977E-2,1.281377611E2,1.309561646E2,-1.964321413E1,-4.430560186E1
6.259450001E-1,4.389543275E-1,8.062451883E-1,-3.965612992E-1,-5.182882255E-3,1.279256357E2,1.308032847E2,-1.986391267E1,-4.321531593E1
6.359680000E-1,4.407479498E-1,8.085801448E-1,-3.897939273E-1,-1.093921453E-4,1.276967740E2,1.306231574E2,-2.008567201E1,-4.216616713E1
6.459910000E-1,4.426006621E-1,8.104428880E-1,-3.837550214E-1,4.365191247E-3,1.274601366E2,1.304215350E2,-2.029024286E1,-4.122781417E1
6.560140001E-1,4.443561626E-1,8.117488502E-1,-3.788790525E-1,7.879395476E-3,1.272356928E2,1.302176061E2,-2.045714347E1,-4.046919570E1
6.660370000E-1,4.458034643E-1,8.124795501E-1,-3.755459533E-1,1.007606815E-2,1.270504887E2,1.300380523E2,-2.056149942E1,-3.995397150E1
6.760600001E-1,4.467862234E-1,8.126577049E-1,-3.739710520E-1,1.072923893E-2,1.269246448E2,1.299034024E2,-2.058573743E1,-3.972012363E1
6.860830000E-1,4.471842161E-1,8.123467243E-1,-3.741973174E-1,9.767785023E-3,1.268736616E2,1.298293399E2,-2.052034286E1,-3.977823401E1
6.961060001E-1,4.469269729E-1,8.116851663E-1,-3.759905183E-1,7.387014918E-3,1.269066160E2,1.298255623E2,-2.036946396E1,-4.009391942E1
7.061290001E-1,4.460281492E-1,8.108288899E-1,-3.789456235E-1,3.963721442E-3,1.270217235E2,1.298916412E2,-2.014936234E1,-4.060312004E1
7.161520000E-1,4.446067467E-1,8.099084449E-1,-3.825875748E-1,-1.704840022E-5,1.272036374E2,1.300156309E2,-1.988750095E1,-4.122674299E1
7.261750001E-1,4.428867970E-1,8.090210430E-1,-3.864187655E-1,-4.107547562E-3,1.274235686E2,1.301723314E2,-1.961105646E1,-4.188257739E1
7.361980000E-1,4.412002909E-1,8.082047217E-1,-3.899807853E-1,-7.901480425E-3,1.276390210E2,1.303245168E2,-1.935056814E1,-4.249304319E1
7.462210001E-1,4.398206559E-1,8.075154311E-1,-3.928785708E-1,-1.109039528E-2,1.278151223E2,1.304424851E2,-1.912807531E1,-4.299356721E1
7.562440000E-1,4.388620680E-1,8.070046113E-1,-3.949145165E-1,-1.364255554E-2,1.279374018E2,1.305117965E2,-1.894175433E1,-4.335741282E1
7.662670000E-1,4.382696519E-1,8.067324059E-1,-3.960509009E-1,-1.569203034E-2,1.280129397E2,1.305360160E2,-1.877397313E1,-4.358664377E1
7.762900001E-1,4.378737666E-1,8.067004586E-1,-3.964877108E-1,-1.727300078E-2,1.280634048E2,1.305394911E2,-1.862391401E1,-4.370969758E1
7.863130000E-1,4.375550310E-1,8.068514286E-1,-3.964844234E-1,-1.834523768E-2,1.281040275E2,1.305432430E2,-1.850357010E1,-4.375816521E1
7.963360001E-1,4.373138457E-1,8.070731421E-1,-3.962686947E-1,-1.899364587E-2,1.281347618E2,1.305481927E2,-1.841690884E1,-4.376273201E1
8.063590000E-1,4.371940643E-1,8.072956353E-1,-3.959337537E-1,-1.927716772E-2,1.281500240E2,1.305484437E2,-1.836534318E1,-4.373619858E1
8.163820000E-1,4.372699287E-1,8.075140192E-1,-3.954090465E-1,-1.917951347E-2,1.281403577E2,1.305342259E2,-1.835028087E1,-4.366821254E1
8.264050001E-1,4.375707307E-1,8.077744235E-1,-3.945646555E-1,-1.873558072E-2,1.281020267E2,1.304986276E2,-1.836272409E1,-4.354415933E1
8.364280000E-1,4.380535018E-1,8.082163332E-1,-3.931589317E-1,-1.793219856E-2,1.280404946E2,1.304435932E2,-1.838877310E1,-4.333539201E1
8.464510001E-1,4.386254978E-1,8.089407322E-1,-3.910774885E-1,-1.676188595E-2,1.279675693E2,1.303788988E2,-1.841843794E1,-4.302963609E1
8.564740000E-1,4.392619152E-1,8.099656381E-1,-3.882937102E-1,-1.524894053E-2,1.278864042E2,1.303060384E2,-1.844674292E1,-4.262534745E1
8.664970001E-1,4.400242463E-1,8.111964315E-1,-3.849071898E-1,-1.361922726E-2,1.277891437E2,1.302111100E2,-1.845992333E1,-4.214285137E1
8.765200000E-1,4.408236245E-1,8.125022041E-1,-3.812645431E-1,-1.233246290E-2,1.276871131E2,1.300959167E2,-1.842726451E1,-4.164407586E1
8.865430000E-1,4.413356033E-1,8.137710982E-1,-3.779658568E-1,-1.189044783E-2,1.276217421E2,1.299954795E2,-1.831659146E1,-4.122680323E1
8.965660001E-1,4.413144245E-1,8.148959133E-1,-3.755397999E-1,-1.249911154E-2,1.276244466E2,1.299432281E2,-1.812501029E1,-4.096632645E1
9.065890000E-1,4.407467697E-1,8.157853804E-1,-3.742216993E-1,-1.395690781E-2,1.276969246E2,1.299504482E2,-1.788468977E1,-4.088173252E1
9.166120001E-1,4.398159355E-1,8.164618162E-1,-3.737690633E-1,-1.577539681E-2,1.278157246E2,1.300046836E2,-1.763903158E1,-4.092028885E1
9.266350000E-1,4.389476893E-1,8.169202264E-1,-3.737007643E-1,-1.772281302E-2,1.279264823E2,1.300519572E2,-1.740439120E1,-4.100821421E1
9.366580000E-1,4.383488248E-1,8.172771681E-1,-3.735215980E-1,-1.975134084E-2,1.280028459E2,1.300606679E2,-1.716838328E1,-4.108199772E1
9.466810001E-1,4.379178311E-1,8.176774577E-1,-3.730310298E-1,-2.189602537E-2,1.280577883E2,1.300398051E2,-1.691221107E1,-4.112150958E1
9.567040000E-1,4.375294057E-1,8.181907010E-1,-3.722230958E-1,-2.412504575E-2,1.281072931E2,1.300062344E2,-1.663294316E1,-4.112701128E1
9.667270001E-1,4.370668652E-1,8.188221240E-1,-3.712299685E-1,-2.629015043E-2,1.281662304E2,1.299812479E2,-1.634680752E1,-4.110970194E1
9.767500000E-1,4.365431695E-1,8.196157281E-1,-3.699572391E-1,-2.813843725E-2,1.282329423E2,1.299703451E2,-1.607403357E1,-4.104762647E1
9.867730001E-1,4.359800665E-1,8.206443009E-1,-3.682288600E-1,-2.952766060E-2,1.283046531E2,1.299734675E2,-1.582008129E1,-4.091385934E1
9.967960001E-1,4.354358032E-1,8.219118041E-1,-3.659642466E-1,-3.044424919E-2,1.283739441E2,1.299831211E2,-1.558471685E1,-4.069765943E1
1.006819000E0,4.349676571E-1,8.233122596E-1,-3.633153172E-1,-3.101595011E-2,1.284335283E2,1.299901814E2,-1.536631110E1,-4.042148250E1
1.016842000E0,4.345816552E-1,8.247662205E-1,-3.604418504E-1,-3.132545549E-2,1.284826461E2,1.299933006E2,-1.516564362E1,-4.010747815E1
1.026865000E0,4.340868933E-1,8.262977105E-1,-3.575131081E-1,-3.138635769E-2,1.285455886E2,1.300177659E2,-1.498193950E1,-3.977859139E1
1.036888000E0,4.333707973E-1,8.279559151E-1,-3.545473397E-1,-3.122622074E-2,1.286366592E2,1.300768198E2,-1.480872947E1,-3.943963003E1
1.046911000E0,4.326108896E-1,8.296929974E-1,-3.514265763E-1,-3.093304726E-2,1.287332635E2,1.301440697E2,-1.463924064E1,-3.907821911E1
1.056934000E0,4.321319539E-1,8.313890077E-1,-3.480333968E-1,-3.044757879E-2,1.287941289E2,1.301795224E2,-1.448728447E1,-3.867385163E1
1.066957000E0,4.321805492E-1,8.328894355E-1,-3.444312742E-1,-2.970111595E-2,1.287879539E2,1.301551929E2,-1.437324118E1,-3.822763676E1
1.076980000E0,4.327646413E-1,8.340886819E-1,-3.408482020E-1,-2.886582864E-2,1.287137208E2,1.300671063E2,-1.429182662E1,-3.777316587E1
1.087003000E0,4.338282381E-1,8.349250861E-1,-3.374891404E-1,-2.818146918E-2,1.285784875E2,1.299170919E2,-1.422709505E1,-3.734503320E1
1.097026000E0,4.354311460E-1,8.353799349E-1,-3.343245021E-1,-2.769772873E-2,1.283745369E2,1.296957486E2,-1.417440824E1,-3.694113895E1
1.107049000E0,4.372901170E-1,8.356144821E-1,-3.313176195E-1,-2.746718547E-2,1.281377853E2,1.294365194E2,-1.411446651E1,-3.656356152E1
1.117072000E0,4.388029781E-1,8.358260593E-1,-3.287437957E-1,-2.782657165E-2,1.279449373E2,1.292084508E2,-1.400409043E1,-3.626691720E1
1.127095000E0,4.395309385E-1,8.361338577E-1,-3.268740351E-1,-2.908929123E-2,1.278520860E2,1.290610341E2,-1.380967381E1,-3.610198094E1
1.137118000E0,4.392443399E-1,8.365888119E-1,-3.258714248E-1,-3.148546601E-2,1.278886460E2,1.290179183E2,-1.350873366E1,-3.610033298E1
1.147141000E0,4.379896704E-1,8.370988098E-1,-3.258663461E-1,-3.523742061E-2,1.280486312E2,1.290662924E2,-1.308861576E1,-3.628530621E1
1.157164000E0,4.360878992E-1,8.375447656E-1,-3.266997157E-1,-4.016837007E-2,1.282909224E2,1.291659769E2,-1.257127659E1,-3.662590122E1
1.167187000E0,4.340245792E-1,8.378282032E-1,-3.279999881E-1,-4.563605966E-2,1.285535149E2,1.292686422E2,-1.201980328E1,-3.704468164E1
1.177210000E0,4.322051419E-1,8.379492068E-1,-3.293067512E-1,-5.096047103E-2,1.287848288E2,1.293395267E2,-1.149319629E1,-3.745436843E1
1.187233000E0,4.308634813E-1,8.380059997E-1,-3.301429657E-1,-5.575244127E-2,1.289552574E2,1.293590663E2,-1.101414523E1,-3.778150491E1
1.197256000E0,4.300550626E-1,8.380662064E-1,-3.302755386E-1,-6.013154097E-2,1.290578908E2,1.293167554E2,-1.056115531E1,-3.800541465E1
1.207279000E0,4.295877804E-1,8.381701617E-1,-3.297910817E-1,-6.452189389E-2,1.291171950E2,1.292246093E2,-1.008958622E1,-3.815802162E1
1.217302000E0,4.292201124E-1,8.383079608E-1,-3.289862666E-1,-6.912249636E-2,1.291638466E2,1.291085627E2,-9.585729757E0,-3.828487809E1
1.227325000E0,4.285812294E-1,8.385320556E-1,-3.282276654E-1,-7.381489466E-2,1.292448899E2,1.290207804E2,-9.064841084E0,-3.842518680E1
1.237348000E0,4.273899909E-1,8.388928326E-1,-3.278083886E-1,-7.834622879E-2,1.293959278E2,1.290060132E2,-8.554834225E0,-3.860168603E1
1.247371000E0,4.257333563E-1,8.393529076E-1,-3.278092315E-1,-8.233345763E-2,1.296058174E2,1.290672604E2,-8.100217758E0,-3.880350637E1
1.257394000E0,4.238620362E-1,8.398278394E-1,-3.281977201E-1,-8.553598592E-2,1.298426895E2,1.291826160E2,-7.732605360E0,-3.901281571E1
1.267417000E0,4.221384198E-1,8.402589805E-1,-3.287008059E-1,-8.786188083E-2,1.300606627E2,1.293105511E2,-7.461560623E0,-3.919179515E1
1.277440000E0,4.208588204E-1,8.406139624E-1,-3.290375382E-1,-8.933295335E-2,1.302223594E2,1.294138468E2,-7.282846504E0,-3.930814981E1
1.287463000E0,4.200994290E-1,8.408984325E-1,-3.290274440E-1,-9.026160648E-2,1.303182700E2,1.294716417E2,-7.160359156E0,-3.935627232E1
1.297486000E0,4.197955081E-1,8.411841460E-1,-3.285105129E-1,-9.089389350E-2,1.303566445E2,1.294823156E2,-7.059353543E0,-3.933059042E1
1.307509000E0,4.197488199E-1,8.416570547E-1,-3.272774437E-1,-9.117989148E-2,1.303625391E2,1.294708432E2,-6.965071283E0,-3.920677515E1
1.317532000E0,4.198745018E-1,8.423677349E-1,-3.253412174E-1,-9.096835644E-2,1.303466710E2,1.294532373E2,-6.889063805E0,-3.897977361E1
1.327555000E0,4.202080309E-1,8.432446211E-1,-3.228628352E-1,-9.012927591E-2,1.303045559E2,1.294305679E2,-6.853843884E0,-3.866128199E1
1.337578000E0,4.205123206E-1,8.441398413E-1,-3.204110477E-1,-8.907304428E-2,1.302661267E2,1.294192340E2,-6.839781605E0,-3.833589238E1
1.347601000E0,4.204608066E-1,8.449261750E-1,-3.185748359E-1,-8.844435027E-2,1.302726329E2,1.294386607E2,-6.801996685E0,-3.810193763E1
1.357624000E0,4.199872236E-1,8.454480373E-1,-3.177451331E-1,-8.869236340E-2,1.303324383E2,1.294830895E2,-6.714854548E0,-3.802453429E1
1.367647000E0,4.191404723E-1,8.457348677E-1,-3.177805575E-1,-8.982984362E-2,1.304393324E2,1.295452262E2,-6.571610167E0,-3.808806424E1
1.377670000E0,4.179520050E-1,8.458878186E-1,-3.184316842E-1,-9.160276134E-2,1.305892873E2,1.296284230E2,-6.384898598E0,-3.825236571E1
1.387693000E0,4.166065933E-1,8.460201597E-1,-3.192924071E-1,-9.349426976E-2,1.307589357E2,1.297264471E2,-6.190964059E0,-3.844642164E1
1.397716000E0,4.153983485E-1,8.461946687E-1,-3.199969970E-1,-9.487164984E-2,1.309111902E2,1.298251705E2,-6.044029338E0,-3.859756342E1
1.407739000E0,4.144976598E-1,8.464556420E-1,-3.203256582E-1,-9.537316573E-2,1.310246286E2,1.299169835E2,-5.974749495E0,-3.866314335E1
1.417762000E0,4.139675473E-1,8.467663907E-1,-3.202987263E-1,-9.500698337E-2,1.310913703E2,1.299944825E2,-5.986211016E0,-3.864560040E1
1.427785000E0,4.138830744E-1,8.471120160E-1,-3.198548146E-1,-9.378056276E-2,1.311020039E2,1.300479617E2,-6.077852483E0,-3.853819655E1
1.437808000E0,4.142417547E-1,8.474774502E-1,-3.189650736E-1,-9.190834707E-2,1.310568495E2,1.300691682E2,-6.227517222E0,-3.834806518E1
1.447831000E0,4.147652396E-1,8.478907211E-1,-3.177574189E-1,-8.989568754E-2,1.309909333E2,1.300731977E2,-6.381383111E0,-3.811506347E1
1.457854000E0,4.151352784E-1,8.483738083E-1,-3.164508666E-1,-8.822347971E-2,1.309443282E2,1.300822120E2,-6.490983610E0,-3.788824956E1
1.467877000E0,4.151726416E-1,8.488761566E-1,-3.153613284E-1,-8.711023393E-2,1.309396220E2,1.301120741E2,-6.544057765E0,-3.771416740E1
1.477900000E0,4.147879251E-1,8.493046847E-1,-3.148690743E-1,-8.654403317E-2,1.309880763E2,1.301763985E2,-6.557673282E0,-3.763503520E1
1.487923000E0,4.139762295E-1,8.496091957E-1,-3.151488872E-1,-8.642301903E-2,1.310902774E2,1.302804825E2,-6.550374130E0,-3.766545796E1
1.497946000E0,4.128594118E-1,8.497842947E-1,-3.160664030E-1,-8.669399165E-2,1.312308288E2,1.304106910E2,-6.525165100E0,-3.778720814E1
1.507969000E0,4.115878203E-1,8.498606648E-1,-3.173306399E-1,-8.737068038E-2,1.313907634E2,1.305465936E2,-6.471734419E0,-3.796757886E1
1.517992000E0,4.103468696E-1,8.498922117E-1,-3.185849933E-1,-8.833080666E-2,1.315467471E2,1.306681232E2,-6.391262325E0,-3.815991083E1
1.528015000E0,4.092682158E-1,8.499331574E-1,-3.195963702E-1,-8.928230338E-2,1.316822529E2,1.307687089E2,-6.305705698E0,-3.832369534E1
1.538038000E0,4.083696661E-1,8.499773905E-1,-3.204082238E-1,-9.006178827E-2,1.317950783E2,1.308525064E2,-6.233985791E0,-3.845604419E1
1.548061000E0,4.076053435E-1,8.500367333E-1,-3.210570324E-1,-9.065221293E-2,1.318910105E2,1.309260455E2,-6.177774140E0,-3.856052976E1
1.558084000E0,4.069595695E-1,8.501389183E-1,-3.215212167E-1,-9.094934821E-2,1.319720355E2,1.309950634E2,-6.145467999E0,-3.862997822E1
1.568107000E0,4.065886140E-1,8.502906470E-1,-3.216780030E-1,-9.063617606E-2,1.320185675E2,1.310519996E2,-6.168169488E0,-3.863503590E1
1.578130000E0,4.065572884E-1,8.504553779E-1,-3.215227972E-1,-8.977702309E-2,1.320224966E2,1.310866005E2,-6.242235832E0,-3.857787270E1
1.588153000E0,4.065939456E-1,8.505994991E-1,-3.213298701E-1,-8.893220004E-2,1.320178988E2,1.311122058E2,-6.315902965E0,-3.851682460E1
1.598176000E0,4.065055426E-1,8.506723710E-1,-3.213621124E-1,-8.852171081E-2,1.320289867E2,1.311380142E2,-6.353652032E0,-3.850190615E1
1.608196125E0,4.064668623E-1,8.505888781E-1,-3.216628302E-1,-8.840904175E-2,1.320338380E2,1.311482715E2,-6.378214629E0,-3.853057435E1
1.618219125E0,4.067522491E-1,8.503257975E-1,-3.220832028E-1,-8.809786103E-2,1.319980424E2,1.311273984E2,-6.441711373E0,-3.856153877E1
1.628242125E0,4.074863524E-1,8.499044765E-1,-3.224784770E-1,-8.732093656E-2,1.319059422E2,1.310693271E2,-6.567995291E0,-3.856539842E1
1.638265125E0,4.085496542E-1,8.493710870E-1,-3.228588734E-1,-8.612904476E-2,1.317724823E2,1.309864982E2,-6.747653173E0,-3.854626091E1
1.648288125E0,4.097058687E-1,8.488449679E-1,-3.231878296E-1,-8.457517475E-2,1.316272815E2,1.309050002E2,-6.963757204E0,-3.850385326E1
1.658311125E0,4.107789064E-1,8.483555376E-1,-3.235596701E-1,-8.284081086E-2,1.314924522E2,1.308398615E2,-7.196120296E0,-3.845828992E1
1.668334125E0,4.116735259E-1,8.479016793E-1,-3.240421040E-1,-8.114430538E-2,1.313799870E2,1.307951588E2,-7.423037957E0,-3.842798397E1
1.678357125E0,4.124450767E-1,8.474240712E-1,-3.246786900E-1,-7.965697470E-2,1.312829530E2,1.307584726E2,-7.632451480E0,-3.842542529E1
1.688380125E0,4.132598385E-1,8.468515484E-1,-3.254209803E-1,-7.848543983E-2,1.311804441E2,1.307058172E2,-7.818520077E0,-3.844892401E1
1.698403125E0,4.142030533E-1,8.461206799E-1,-3.263164744E-1,-7.767325952E-2,1.310617220E2,1.306257377E2,-7.983079923E0,-3.850512477E1
1.708426125E0,4.152989451E-1,8.452742448E-1,-3.272610275E-1,-7.706197217E-2,1.309237122E2,1.305203487E2,-8.137277031E0,-3.857481675E1
1.718449125E0,4.164918906E-1,8.443280902E-1,-3.283217372E-1,-7.648095679E-2,1.307733937E2,1.304028175E2,-8.298867476E0,-3.865805065E1
1.728472125E0,4.177073952E-1,8.433546244E-1,-3.294449086E-1,-7.575911825E-2,1.306201397E2,1.302879247E2,-8.478573401E0,-3.874147932E1
1.738495125E0,4.188251296E-1,8.423626773E-1,-3.307522827E-1,-7.492262975E-2,1.304791296E2,1.301901870E2,-8.675068818E0,-3.884095356E1
1.748518125E0,4.197376721E-1,8.413789909E-1,-3.323036871E-1,-7.399955054E-2,1.303639465E2,1.301222092E2,-8.884169798E0,-3.896548237E1
1.758541125E0,4.203780724E-1,8.403831662E-1,-3.342071020E-1,-7.310247595E-2,1.302830818E2,1.300890707E2,-9.097703741E0,-3.913316212E1
1.768564125E0,4.208573347E-1,8.392829860E-1,-3.365250733E-1,-7.234719388E-2,1.302225471E2,1.300738648E2,-9.312467328E0,-3.935569218E1
1.778587125E0,4.214272760E-1,8.380300866E-1,-3.390976748E-1,-7.153554041E-2,1.301505395E2,1.300519331E2,-9.550227123E0,-3.960396169E1
1.788610125E0,4.222141577E-1,8.366866347E-1,-3.416882519E-1,-7.028411619E-2,1.300510887E2,1.300198737E2,-9.841295122E0,-3.983266164E1
1.798633125E0,4.231657598E-1,8.353299909E-1,-3.441625459E-1,-6.860468018E-2,1.299307658E2,1.299825588E2,-1.017530442E1,-4.002760225E1
1.808656125E0,4.241499308E-1,8.340440063E-1,-3.464214484E-1,-6.678098604E-2,1.298062627E2,1.299451408E2,-1.051382109E1,-4.019166185E1
1.818679125E0,4.250482909E-1,8.329062310E-1,-3.484092413E-1,-6.490157377E-2,1.296925598E2,1.299182425E2,-1.084003617E1,-4.032360456E1
1.828702125E0,4.258722829E-1,8.319446928E-1,-3.500651067E-1,-6.289165379E-2,1.295882229E2,1.299023802E2,-1.115835482E1,-4.041298659E1
1.838725125E0,4.265934787E-1,8.311790532E-1,-3.513918895E-1,-6.068941773E-2,1.294968657E2,1.299029224E2,-1.147354359E1,-4.045762309E1
1.848748125E0,4.274194515E-1,8.305222577E-1,-3.523369693E-1,-5.834375595E-2,1.293921936E2,1.298919202E2,-1.178734087E1,-4.045145353E1
1.858771125E0,4.284482772E-1,8.299152167E-1,-3.529170364E-1,-5.587831283E-2,1.292617517E2,1.298562512E2,-1.210271340E1,-4.039615497E1
1.868794125E0,4.293794486E-1,8.294764891E-1,-3.532118747E-1,-5.332423488E-2,1.291436303E2,1.298320817E2,-1.240739852E1,-4.030544897E1
1.878817125E0,4.300502367E-1,8.292400031E-1,-3.533021954E-1,-5.094456060E-2,1.290585033E2,1.298311380E2,-1.267290488E1,-4.020221177E1
1.888840125E0,4.303861893E-1,8.291492820E-1,-3.533748776E-1,-4.904630869E-2,1.290158576E2,1.298543848E2,-1.287600713E1,-4.012242867E1
1.898863125E0,4.303517764E-1,8.291075988E-1,-3.536976803E-1,-4.770648144E-2,1.290202264E2,1.299067804E2,-1.302176880E1,-4.010063947E1
1.908886125E0,4.298946938E-1,8.290741763E-1,-3.544411086E-1,-4.688255270E-2,1.290782453E2,1.299983535E2,-1.312089429E1,-4.015520084E1
1.918909125E0,4.290921967E-1,8.289655428E-1,-3.556930175E-1,-4.667512699E-2,1.291800751E2,1.301172623E2,-1.317146982E1,-4.029969242E1
1.928932125E0,4.280992591E-1,8.286397898E-1,-3.575470995E-1,-4.740376171E-2,1.293060106E2,1.302343478E2,-1.315405020E1,-4.055689023E1
1.938955125E0,4.269096222E-1,8.280522838E-1,-3.600685558E-1,-4.927693624E-2,1.294568075E2,1.303430593E2,-1.305143721E1,-4.094338793E1
1.948978125E0,4.255486161E-1,8.271890953E-1,-3.632290005E-1,-5.226160746E-2,1.296292121E2,1.304392136E2,-1.286665187E1,-4.145415327E1
1.959001125E0,4.239827554E-1,8.261616184E-1,-3.668273509E-1,-5.597729470E-2,1.298274158E2,1.305358713E2,-1.262472477E1,-4.204990730E1
1.969024125E0,4.222353259E-1,8.251302428E-1,-3.705349670E-1,-5.984504777E-2,1.300484128E2,1.306459526E2,-1.236542910E1,-4.266721068E1
1.979047125E0,4.204001679E-1,8.241931076E-1,-3.741014755E-1,-6.338378147E-2,1.302802913E2,1.307729950E2,-1.212608493E1,-4.325497547E1
1.989070125E0,4.186710829E-1,8.234082069E-1,-3.772890838E-1,-6.607870364E-2,1.304985684E2,1.309116581E2,-1.195249182E1,-4.376098857E1
1.999093125E0,4.173728124E-1,8.227126785E-1,-3.799842272E-1,-6.749578606E-2,1.306623342E2,1.310402505E2,-1.189570848E1,-4.414974519E1
2.009116125E0,4.167693222E-1,8.220430283E-1,-3.821017902E-1,-6.742909921E-2,1.307384227E2,1.311361419E2,-1.198393171E1,-4.439985464E1
2.019139125E0,4.170037957E-1,8.213972122E-1,-3.835007706E-1,-6.589009650E-2,1.307088629E2,1.311811511E2,-1.221605491E1,-4.449403879E1
2.029162125E0,4.180416934E-1,8.208405998E-1,-3.840485321E-1,-6.299782170E-2,1.305779740E2,1.311726916E2,-1.257246760E1,-4.442220555E1
2.039185125E0,4.196279955E-1,8.204970398E-1,-3.836771130E-1,-5.906604757E-2,1.303777930E2,1.311264843E2,-1.300736382E1,-4.419235300E1
2.049208125E0,4.214423330E-1,8.204025044E-1,-3.825422248E-1,-5.465782439E-2,1.301486369E2,1.310591394E2,-1.345939193E1,-4.385013093E1
2.059231125E0,4.233965981E-1,8.204377813E-1,-3.808990456E-1,-5.033081819E-2,1.299015691E2,1.309619200E2,-1.388394999E1,-4.344992268E1
2.069254125E0,4.256542994E-1,8.203783542E-1,-3.789983070E-1,-4.645501507E-2,1.296158291E2,1.308039103E2,-1.426595249E1,-4.303431925E1
2.079277125E0,4.280286632E-1,8.201033461E-1,-3.772629949E-1,-4.352604091E-2,1.293149619E2,1.305959913E2,-1.457026135E1,-4.267584863E1
2.089300125E0,4.299912733E-1,8.195537512E-1,-3.763651827E-1,-4.228966311E-2,1.290659873E2,1.303870510E2,-1.473508393E1,-4.249195216E1
2.099323125E0,4.311379205E-1,8.187681339E-1,-3.766930852E-1,-4.290833670E-2,1.289204057E2,1.302280660E2,-1.474688600E1,-4.254110167E1
2.109346125E0,4.314340021E-1,8.178232648E-1,-3.781751580E-1,-4.487094684E-2,1.288828000E2,1.301403990E2,-1.465050265E1,-4.279420635E1
2.119369125E0,4.311027278E-1,8.168425498E-1,-3.803596713E-1,-4.738534353E-2,1.289248752E2,1.301177526E2,-1.450919985E1,-4.316174492E1
2.129392125E0,4.303886970E-1,8.160106553E-1,-3.826534714E-1,-4.968506525E-2,1.290155393E2,1.301495866E2,-1.437648658E1,-4.353813516E1
2.139415125E0,4.295079754E-1,8.154758328E-1,-3.845676759E-1,-5.128042883E-2,1.291273218E2,1.302217408E2,-1.428314059E1,-4.384212899E1
2.149438125E0,4.286604444E-1,8.153015978E-1,-3.857664166E-1,-5.213187947E-2,1.292348428E2,1.303081408E2,-1.422434006E1,-4.402998635E1
2.159461125E0,4.280252703E-1,8.154566139E-1,-3.860981123E-1,-5.247122482E-2,1.293153921E2,1.303771825E2,-1.417849378E1,-4.409152962E1
2.169484125E0,4.277968766E-1,8.158199408E-1,-3.855844897E-1,-5.246228968E-2,1.293443491E2,1.303995430E2,-1.414071292E1,-4.403386240E1
2.179507125E0,4.280462384E-1,8.162887823E-1,-3.843429278E-1,-5.224584454E-2,1.293127334E2,1.303627944E2,-1.410724772E1,-4.387600205E1
2.189530125E0,4.286481586E-1,8.167830805E-1,-3.826479502E-1,-5.202505828E-2,1.292364011E2,1.302778726E2,-1.406699637E1,-4.366057585E1
2.199553125E0,4.293770462E-1,8.172829211E-1,-3.807612254E-1,-5.200900033E-2,1.291439351E2,1.301678072E2,-1.400272986E1,-4.343024626E1
2.209576125E0,4.300271403E-1,8.177560195E-1,-3.789581411E-1,-5.236781752E-2,1.290614349E2,1.300548535E2,-1.390285283E1,-4.322727834E1
2.219599125E0,4.304425185E-1,8.182095406E-1,-3.773893300E-1,-5.319446474E-2,1.290087065E2,1.299566459E2,-1.375911342E1,-4.307534065E1
2.229622125E0,4.305291514E-1,8.186306298E-1,-3.761829608E-1,-5.454428078E-2,1.289977078E2,1.298841082E2,-1.356876581E1,-4.299294303E1
2.239645125E0,4.302661129E-1,8.189820502E-1,-3.754520501E-1,-5.635014680E-2,1.290311010E2,1.298431184E2,-1.334353209E1,-4.299042547E1
2.249668125E0,4.297245891E-1,8.192550143E-1,-3.751584341E-1,-5.843125281E-2,1.290998337E2,1.298305891E2,-1.310224170E1,-4.305436442E1
2.259691125E0,4.291363666E-1,8.193852480E-1,-3.751983050E-1,-6.063155011E-2,1.291744714E2,1.298222974E2,-1.286539098E1,-4.316293634E1
2.269714125E0,4.287391747E-1,8.193087304E-1,-3.754497321E-1,-6.287544833E-2,1.292248568E2,1.297904470E2,-1.264509112E1,-4.329589834E1
2.279737125E0,4.286027243E-1,8.190308141E-1,-3.758468397E-1,-6.501783586E-2,1.292421637E2,1.297312846E2,-1.245511563E1,-4.343852221E1
2.289760125E0,4.287519874E-1,8.186202827E-1,-3.762591412E-1,-6.679459947E-2,1.292232317E2,1.296505136E2,-1.231492449E1,-4.356372695E1
2.299783125E0,4.292009988E-1,8.181383546E-1,-3.765793940E-1,-6.800014686E-2,1.291662716E2,1.295534718E2,-1.223896449E1,-4.364970751E1
2.309806125E0,4.298632944E-1,8.177443026E-1,-3.765963160E-1,-6.846249778E-2,1.290822304E2,1.294554505E2,-1.222787128E1,-4.366511242E1
2.319829125E0,4.306450341E-1,8.175615961E-1,-3.761498544E-1,-6.818580372E-2,1.289829948E2,1.293662253E2,-1.226784033E1,-4.359247077E1
2.329852125E0,4.314636945E-1,8.175858094E-1,-3.753004058E-1,-6.739571890E-2,1.288790284E2,1.292877260E2,-1.233653914E1,-4.344973200E1
2.339875125E0,4.322211155E-1,8.177467050E-1,-3.742560279E-1,-6.639034798E-2,1.287827990E2,1.292225390E2,-1.241210929E1,-4.327543859E1
2.349898125E0,4.328934421E-1,8.179050929E-1,-3.732980301E-1,-6.544630072E-2,1.286973482E2,1.291659624E2,-1.248234753E1,-4.311481053E1
2.359921125E0,4.334798944E-1,8.179623494E-1,-3.726146400E-1,-6.473850762E-2,1.286227868E2,1.291135584E2,-1.254078898E1,-4.299744465E1
2.369944125E0,4.339755624E-1,8.178919431E-1,-3.722606276E-1,-6.434361272E-2,1.285597496E2,1.290638621E2,-1.258288929E1,-4.293317117E1
2.379967125E0,4.343522920E-1,8.177418371E-1,-3.721592855E-1,-6.429503848E-2,1.285118273E2,1.290184450E2,-1.259998533E1,-4.291497962E1
2.389990125E0,4.347341635E-1,8.175477719E-1,-3.720901857E-1,-6.458102592E-2,1.284632410E2,1.289604191E2,-1.258715712E1,-4.291554875E1
2.400013125E0,4.351766844E-1,8.173473426E-1,-3.719099447E-1,-6.517396886E-2,1.284069258E2,1.288825816E2,-1.254190108E1,-4.291654338E1
2.410036125E0,4.356403840E-1,8.171667433E-1,-3.716132730E-1,-6.602752683E-2,1.283479010E2,1.287913948E2,-1.246648526E1,-4.291581267E1
2.420059125E0,4.361765762E-1,8.169727835E-1,-3.712247634E-1,-6.706421286E-2,1.282796302E2,1.286836378E2,-1.237210616E1,-4.291220884E1
2.430082125E0,4.368306953E-1,8.167303548E-1,-3.708005975E-1,-6.809841223E-2,1.281963176E2,1.285611341E2,-1.228168670E1,-4.290332448E1
2.440105125E0,4.376199372E-1,8.164258228E-1,-3.703932693E-1,-6.889465050E-2,1.280957558E2,1.284309575E2,-1.222130433E1,-4.288421610E1
2.450128125E0,4.385852475E-1,8.160360487E-1,-3.700391515E-1,-6.927563693E-2,1.279727017E2,1.282949642E2,-1.221171218E1,-4.285033634E1
2.460151125E0,4.396357577E-1,8.156018308E-1,-3.697697699E-1,-6.916866823E-2,1.278387133E2,1.281672250E2,-1.225716295E1,-4.280277341E1
2.470174125E0,4.406090760E-1,8.151605744E-1,-3.696713781E-1,-6.870199725E-2,1.277145019E2,1.280636996E2,-1.234248497E1,-4.275899845E1
2.480197125E0,4.414715691E-1,8.147379890E-1,-3.697000590E-1,-6.801989265E-2,1.276043784E2,1.279827531E2,-1.244998806E1,-4.272097118E1
2.490220125E0,4.423941847E-1,8.142926022E-1,-3.697236402E-1,-6.722725795E-2,1.274865208E2,1.278982077E2,-1.257056568E1,-4.267644228E1
2.500243125E0,4.435481443E-1,8.138061011E-1,-3.695686662E-1,-6.635968614E-2,1.273390264E2,1.277858248E2,-1.269935117E1,-4.260513380E1
2.510266125E0,4.449195606E-1,8.133279662E-1,-3.691316244E-1,-6.546857533E-2,1.271636152E2,1.276443070E2,-1.282493819E1,-4.249764760E1
2.520289125E0,4.464078080E-1,8.129547769E-1,-3.682932604E-1,-6.468831072E-2,1.269731097E2,1.274798756E2,-1.292295529E1,-4.234770923E1
2.530312125E0,4.479702549E-1,8.126925814E-1,-3.670563768E-1,-6.421169308E-2,1.267729360E2,1.272909836E2,-1.297300446E1,-4.216526756E1
2.540335125E0,4.495068868E-1,8.124862304E-1,-3.656436988E-1,-6.414392095E-2,1.265758986E2,1.270886403E2,-1.297269120E1,-4.198217669E1
2.550358125E0,4.508293285E-1,8.123342910E-1,-3.642996779E-1,-6.443241613E-2,1.264061895E2,1.269008084E2,-1.293189099E1,-4.182644252E1
2.560381125E0,4.517394265E-1,8.121891794E-1,-3.633847120E-1,-6.505119509E-2,1.262893227E2,1.267568081E2,-1.286429607E1,-4.174043307E1
2.570404125E0,4.521315397E-1,8.119703108E-1,-3.632133851E-1,-6.601085775E-2,1.262389524E2,1.266724622E2,-1.278203561E1,-4.176164274E1
2.580427125E0,4.521010253E-1,8.116027060E-1,-3.638310050E-1,-6.732634519E-2,1.262428727E2,1.266354991E2,-1.269095818E1,-4.189464748E1
2.590450125E0,4.517245275E-1,8.111601220E-1,-3.649857022E-1,-6.891818951E-2,1.262912364E2,1.266363842E2,-1.258798665E1,-4.210605536E1
2.600473125E0,4.511171915E-1,8.107635201E-1,-3.662834879E-1,-7.065527187E-2,1.263692312E2,1.266613881E2,-1.246857560E1,-4.234341039E1
2.610495542E0,4.505366186E-1,8.104316348E-1,-3.673867449E-1,-7.241738946E-2,1.264437639E2,1.266795627E2,-1.233713997E1,-4.255953664E1
2.620518542E0,4.501706575E-1,8.101197481E-1,-3.681959644E-1,-7.405521599E-2,1.264907326E2,1.266722747E2,-1.221114128E1,-4.273386567E1
2.630541542E0,4.500329006E-1,8.098321801E-1,-3.687158458E-1,-7.543815946E-2,1.265084103E2,1.266429811E2,-1.210383594E1,-4.286060070E1
2.640564542E0,4.500007214E-1,8.095820175E-1,-3.690767703E-1,-7.654091068E-2,1.265125395E2,1.266092611E2,-1.201907561E1,-4.295475929E1
2.650587542E0,4.499635268E-1,8.093923146E-1,-3.693711661E-1,-7.734134255E-2,1.265173122E2,1.265866638E2,-1.195879143E1,-4.302700055E1
2.660610542E0,4.498902545E-1,8.093002658E-1,-3.695662217E-1,-7.779886767E-2,1.265267140E2,1.265803807E2,-1.192336465E1,-4.307193378E1
2.670633542E0,4.498273082E-1,8.093054078E-1,-3.696069355E-1,-7.791673133E-2,1.265347905E2,1.265841261E2,-1.191156683E1,-4.308290684E1
2.680656542E0,4.497754465E-1,8.093743389E-1,-3.695529243E-1,-7.775486636E-2,1.265414445E2,1.265960996E2,-1.192119103E1,-4.306956418E1
2.690679542E0,4.497553636E-1,8.094973234E-1,-3.693891417E-1,-7.736743145E-2,1.265440212E2,1.266115965E2,-1.194730726E1,-4.303257773E1
2.700702542E0,4.498022730E-1,8.096613379E-1,-3.690790463E-1,-7.685800249E-2,1.265380026E2,1.266220398E2,-1.197982671E1,-4.297237018E1
2.710725542E0,4.499441393E-1,8.098436862E-1,-3.686149884E-1,-7.633196768E-2,1.265197999E2,1.266199013E2,-1.200976432E1,-4.289279627E1
2.720748542E0,4.501003144E-1,8.100373721E-1,-3.680938215E-1,-7.586837342E-2,1.264997596E2,1.266130742E2,-1.203129085E1,-4.280955344E1
2.730771542E0,4.501025693E-1,8.101900912E-1,-3.678121331E-1,-7.559026744E-2,1.264994702E2,1.266205602E2,-1.204157505E1,-4.276416333E1
2.740794542E0,4.498395940E-1,8.102451350E-1,-3.680214343E-1,-7.554734087E-2,1.265332141E2,1.266565911E2,-1.204486130E1,-4.278885838E1
2.750817542E0,4.492668394E-1,8.101842117E-1,-3.688172300E-1,-7.572728684E-2,1.266066903E2,1.267279593E2,-1.204551182E1,-4.289443982E1
2.760840542E0,4.484025340E-1,8.100494472E-1,-3.700923197E-1,-7.607086795E-2,1.267175234E2,1.268335588E2,-1.204373906E1,-4.306574316E1
2.770863542E0,4.473478724E-1,8.099000366E-1,-3.715967515E-1,-7.653602164E-2,1.268526938E2,1.269600238E2,-1.203405156E1,-4.327120220E1
2.780886542E0,4.462826108E-1,8.098097791E-1,-3.729670087E-1,-7.704292179E-2,1.269891419E2,1.270847544E2,-1.201203566E1,-4.346352429E1
2.790909542E0,4.453710587E-1,8.098012654E-1,-3.739750771E-1,-7.751993982E-2,1.271058371E2,1.271881544E2,-1.197962638E1,-4.361137113E1
2.800932542E0,4.446877529E-1,8.098809230E-1,-3.745424579E-1,-7.786918968E-2,1.271932740E2,1.272641138E2,-1.194539265E1,-4.370024065E1
2.810955542E0,4.442255917E-1,8.100877165E-1,-3.746331369E-1,-7.792008200E-2,1.272523940E2,1.273198465E2,-1.192312202E1,-4.371802414E1
2.820978542E0,4.439464320E-1,8.103849993E-1,-3.743905607E-1,-7.758452987E-2,1.272880970E2,1.273647417E2,-1.192739556E1,-4.367742971E1
2.831001542E0,4.437617024E-1,8.107818119E-1,-3.739071785E-1,-7.682327349E-2,1.273117199E2,1.274119813E2,-1.196285704E1,-4.358821162E1
2.841024542E0,4.435154383E-1,8.113143373E-1,-3.732724048E-1,-7.570279952E-2,1.273432080E2,1.274788718E2,-1.202079078E1,-4.346551035E1
2.851047542E0,4.430483248E-1,8.119784030E-1,-3.726608540E-1,-7.431823340E-2,1.274029228E2,1.275828387E2,-1.209445498E1,-4.333565090E1
2.861070542E0,4.424678995E-1,8.127058155E-1,-3.720753079E-1,-7.274196234E-2,1.274771017E2,1.277078506E2,-1.218255136E1,-4.320130679E1
2.871093542E0,4.419211074E-1,8.133847802E-1,-3.715425928E-1,-7.118242358E-2,1.275469606E2,1.278282245E2,-1.227403712E1,-4.307372363E1
2.881116542E0,4.413711331E-1,8.138901630E-1,-3.713117545E-1,-7.001339644E-2,1.276172048E2,1.279370795E2,-1.234549620E1,-4.299918646E1
2.891139542E0,4.406979426E-1,8.141470902E-1,-3.716421015E-1,-6.951262866E-2,1.277031578E2,1.280415993E2,-1.237896871E1,-4.302151593E1
2.901162542E0,4.397856951E-1,8.141853595E-1,-3.726056627E-1,-6.968288086E-2,1.278195831E2,1.281566632E2,-1.237233485E1,-4.315030362E1
2.911185542E0,4.385697586E-1,8.140996750E-1,-3.740850593E-1,-7.041716325E-2,1.279746767E2,1.282927688E2,-1.232587539E1,-4.336781030E1
2.921208542E0,4.371984476E-1,8.139594314E-1,-3.757779085E-1,-7.154372744E-2,1.281494655E2,1.284347340E2,-1.224612928E1,-4.362963990E1
2.931231542E0,4.359006197E-1,8.137852806E-1,-3.774042711E-1,-7.287029950E-2,1.283147689E2,1.285587231E2,-1.214696393E1,-4.389212733E1
2.941254542E0,4.347779752E-1,8.135787610E-1,-3.788592646E-1,-7.431835984E-2,1.284576661E2,1.286542165E2,-1.203514536E1,-4.413844842E1
2.951277542E0,4.337957639E-1,8.133496508E-1,-3.801644682E-1,-7.588586436E-2,1.285826176E2,1.287257695E2,-1.191052847E1,-4.437139090E1
2.961300542E0,4.328586709E-1,8.131124904E-1,-3.814167775E-1,-7.747766653E-2,1.287017683E2,1.287895535E2,-1.178284753E1,-4.459881220E1
2.971323542E0,4.320256279E-1,8.129151589E-1,-3.825120898E-1,-7.878688463E-2,1.288076392E2,1.288495763E2,-1.167827265E1,-4.479403192E1
2.981346542E0,4.314276695E-1,8.128061250E-1,-3.832444756E-1,-7.962352064E-2,1.288836044E2,1.288958813E2,-1.160992309E1,-4.492319198E1
2.991369542E0,4.310414885E-1,8.129325655E-1,-3.833505171E-1,-7.991377545E-2,1.289326524E2,1.289322532E2,-1.156917799E1,-4.495269901E1
3.001392542E0,4.307940654E-1,8.134313735E-1,-3.826301010E-1,-7.962395265E-2,1.289640718E2,1.289672266E2,-1.154469633E1,-4.485863160E1
3.011415542E0,4.306058586E-1,8.144314550E-1,-3.808970858E-1,-7.872418065E-2,1.289879688E2,1.290098829E2,-1.152538869E1,-4.461907891E1
3.021438542E0,4.305670414E-1,8.158318051E-1,-3.782067049E-1,-7.739668136E-2,1.289928972E2,1.290422429E2,-1.150195295E1,-4.424817607E1
3.031461542E0,4.306350664E-1,8.175661058E-1,-3.746746726E-1,-7.588049064E-2,1.289842604E2,1.290608873E2,-1.145635795E1,-4.377110314E1
3.041484542E0,4.308047496E-1,8.194099250E-1,-3.706539686E-1,-7.476899395E-2,1.289627152E2,1.290469353E2,-1.135141723E1,-4.325617839E1
3.051507542E0,4.310871757E-1,8.210278583E-1,-3.667372620E-1,-7.470484644E-2,1.289268503E2,1.289806384E2,-1.115839241E1,-4.280115596E1
3.061530542E0,4.313579059E-1,8.221019285E-1,-3.637063135E-1,-7.613512082E-2,1.288924657E2,1.288680153E2,-1.087071549E1,-4.251767957E1
3.071553542E0,4.315339428E-1,8.224762347E-1,-3.620275624E-1,-7.904069295E-2,1.288701051E2,1.287233371E2,-1.051169265E1,-4.245917790E1
3.081576542E0,4.316384143E-1,8.221699746E-1,-3.617059187E-1,-8.302813253E-2,1.288568339E2,1.285566519E2,-1.012090162E1,-4.260795088E1
3.091599542E0,4.318098150E-1,8.213830087E-1,-3.622313213E-1,-8.751374786E-2,1.288350590E2,1.283671436E2,-9.733487885E0,-4.287763591E1
3.101622542E0,4.322804688E-1,8.203521389E-1,-3.629061345E-1,-9.195126310E-2,1.287752566E2,1.281414938E2,-9.374661087E0,-4.316134680E1
3.111645542E0,4.332636389E-1,8.193642589E-1,-3.629561628E-1,-9.585232271E-2,1.286502842E2,1.278680444E2,-9.058073587E0,-4.334622139E1
3.121668542E0,4.343798139E-1,8.187995754E-1,-3.620364343E-1,-9.905063631E-2,1.285083259E2,1.275985738E2,-8.761247242E0,-4.338814756E1
3.131691542E0,4.351585823E-1,8.188371494E-1,-3.603106262E-1,-1.015825450E-1,1.284092297E2,1.273911610E2,-8.466168458E0,-4.331078689E1
3.141714542E0,4.357471420E-1,8.191789182E-1,-3.583179654E-1,-1.033365072E-1,1.283343096E2,1.272366216E2,-8.219737191E0,-4.316788272E1
3.151737542E0,4.364246736E-1,8.195257024E-1,-3.564532202E-1,-1.041745762E-1,1.282480345E2,1.271092739E2,-8.069979031E0,-4.299438806E1
3.161760542E0,4.371340894E-1,8.197442338E-1,-3.549851190E-1,-1.044936278E-1,1.281576655E2,1.270014588E2,-7.992073110E0,-4.284001774E1
3.171783542E0,4.378090185E-1,8.198471564E-1,-3.538399892E-1,-1.047433585E-1,1.280716575E2,1.269025664E2,-7.936851158E0,-4.271898216E1
3.181806542E0,4.385848261E-1,8.198276424E-1,-3.527939465E-1,-1.051777133E-1,1.279727554E2,1.267846085E2,-7.874572445E0,-4.261775293E1
3.191829542E0,4.395124360E-1,8.196228298E-1,-3.518563267E-1,-1.060386892E-1,1.278544464E2,1.266317207E2,-7.785625185E0,-4.254920708E1
3.201852542E0,4.405329271E-1,8.191407331E-1,-3.512217848E-1,-1.076221146E-1,1.277242221E2,1.264402477E2,-7.650743877E0,-4.255068820E1
3.211875542E0,4.416152371E-1,8.182982808E-1,-3.510534713E-1,-1.101152061E-1,1.275860298E2,1.262068468E2,-7.460748599E0,-4.265061039E1
3.221898542E0,4.425251033E-1,8.171950028E-1,-3.514529813E-1,-1.133344245E-1,1.274697920E2,1.259671398E2,-7.228163197E0,-4.285324322E1
3.231921542E0,4.431910341E-1,8.159861890E-1,-3.522894698E-1,-1.167924786E-1,1.273846808E2,1.257480704E2,-6.987971564E0,-4.311986249E1
3.241944542E0,4.438760889E-1,8.147218889E-1,-3.533561855E-1,-1.197571301E-1,1.272970927E2,1.255465859E2,-6.808727137E0,-4.338784013E1
3.251967542E0,4.449767960E-1,8.133554670E-1,-3.544961945E-1,-1.215771153E-1,1.271562916E2,1.253416683E2,-6.760208866E0,-4.360285722E1
3.261990542E0,4.465602953E-1,8.118536484E-1,-3.557281890E-1,-1.222086437E-1,1.269535814E2,1.251280454E2,-6.850384033E0,-4.376351666E1
3.272013542E0,4.487062126E-1,8.101834531E-1,-3.569040861E-1,-1.220045581E-1,1.266785877E2,1.248806834E2,-7.042065132E0,-4.387059166E1
3.282036542E0,4.515910695E-1,8.083479157E-1,-3.577020524E-1,-1.211951384E-1,1.263083775E2,1.245662077E2,-7.304033168E0,-4.389851787E1
3.292059542E0,4.551392441E-1,8.065169723E-1,-3.578425700E-1,-1.196964386E-1,1.258522124E2,1.241948727E2,-7.623444885E0,-4.381151584E1
3.302082542E0,4.592518915E-1,8.047998254E-1,-3.571790943E-1,-1.175078371E-1,1.253223121E2,1.237762257E2,-7.985921725E0,-4.359320554E1
3.312105542E0,4.637214910E-1,8.031371533E-1,-3.559488910E-1,-1.150369254E-1,1.247449790E2,1.233183448E2,-8.357051911E0,-4.329249794E1
3.322128542E0,4.680830681E-1,8.015489546E-1,-3.545745034E-1,-1.126696950E-1,1.241801278E2,1.228646538E2,-8.703435473E0,-4.298020302E1
3.332151542E0,4.720003859E-1,8.000106157E-1,-3.533936119E-1,-1.109578375E-1,1.236715511E2,1.224375992E2,-8.978796902E0,-4.272620602E1
3.342174542E0,4.752722036E-1,7.984886930E-1,-3.525943391E-1,-1.104957816E-1,1.232458507E2,1.220417662E2,-9.131291674E0,-4.258567168E1
3.352197542E0,4.778718423E-1,7.970436251E-1,-3.521485308E-1,-1.111370670E-1,1.229069986E2,1.216878119E2,-9.172161924E0,-4.254898435E1
3.362220542E0,4.798501732E-1,7.957742253E-1,-3.519724623E-1,-1.122611234E-1,1.226487659E2,1.213939369E2,-9.155768008E0,-4.257368087E1
3.372243542E0,4.812896356E-1,7.947877361E-1,-3.518656622E-1,-1.134163896E-1,1.224606719E2,1.211666475E2,-9.114890641E0,-4.261265096E1
3.382266542E0,4.822624481E-1,7.941404448E-1,-3.516139612E-1,-1.145924764E-1,1.223334588E2,1.209961495E2,-9.040662301E0,-4.264114446E1
3.392289542E0,4.830073094E-1,7.936695170E-1,-3.511622102E-1,-1.160931570E-1,1.222360019E2,1.208401019E2,-8.913816907E0,-4.266780894E1
3.402312542E0,4.836324103E-1,7.932283660E-1,-3.506129946E-1,-1.181481742E-1,1.221541791E2,1.206762135E2,-8.725378607E0,-4.271591357E1
3.412335542E0,4.840437636E-1,7.928216910E-1,-3.501056730E-1,-1.206707895E-1,1.221003172E2,1.205202025E2,-8.487410710E0,-4.279702728E1
3.422358542E0,4.842415166E-1,7.923987052E-1,-3.497879701E-1,-1.235431394E-1,1.220744188E2,1.203771500E2,-8.219909969E0,-4.292094015E1
3.432381542E0,4.843524892E-1,7.919175147E-1,-3.496238081E-1,-1.266196064E-1,1.220598841E2,1.202363388E2,-7.940100481E0,-4.307466996E1
3.442404542E0,4.843769344E-1,7.914592731E-1,-3.495004232E-1,-1.296944298E-1,1.220566822E2,1.201053776E2,-7.659413381E0,-4.323436521E1
3.452427542E0,4.842833895E-1,7.910215570E-1,-3.494209132E-1,-1.328888448E-1,1.220689346E2,1.199830671E2,-7.365682376E0,-4.340738983E1
3.462450542E0,4.840650372E-1,7.905075972E-1,-3.496030086E-1,-1.362225235E-1,1.220975313E2,1.198701739E2,-7.070544510E0,-4.361862275E1
3.472473542E0,4.837998387E-1,7.899689816E-1,-3.500633154E-1,-1.390771401E-1,1.221322580E2,1.197831960E2,-6.833694888E0,-4.383385485E1
3.482496542E0,4.836945453E-1,7.894284482E-1,-3.506309913E-1,-1.410679992E-1,1.221460441E2,1.197127592E2,-6.688443459E0,-4.401068088E1
3.492519542E0,4.838427020E-1,7.889355198E-1,-3.509994180E-1,-1.423946871E-1,1.221266456E2,1.196380608E2,-6.602273105E0,-4.412630678E1
3.502542542E0,4.842284195E-1,7.885649225E-1,-3.509374200E-1,-1.432871993E-1,1.220761342E2,1.195506059E2,-6.539330775E0,-4.416879946E1
3.512565542E0,4.848296759E-1,7.883588455E-1,-3.503698495E-1,-1.437754811E-1,1.219973723E2,1.194516765E2,-6.490937377E0,-4.413178948E1
3.522588542E0,4.856614861E-1,7.882431313E-1,-3.494161295E-1,-1.439242173E-1,1.218883595E2,1.193371665E2,-6.459528308E0,-4.403192974E1
3.532611542E0,4.865842492E-1,7.881492282E-1,-3.483618682E-1,-1.438769707E-1,1.217673593E2,1.192193189E2,-6.443405589E0,-4.390936883E1
3.542634542E0,4.873134423E-1,7.881242983E-1,-3.474612533E-1,-1.437227449E-1,1.216716913E2,1.191309352E2,-6.436518414E0,-4.379848423E1
3.552657542E0,4.876613330E-1,7.882290332E-1,-3.468224335E-1,-1.435112836E-1,1.216260333E2,1.190939016E2,-6.432018469E0,-4.371493343E1
3.562680542E0,4.876923952E-1,7.883711945E-1,-3.465137079E-1,-1.433709346E-1,1.216219562E2,1.190948683E2,-6.426305131E0,-4.367315642E1
3.572703542E0,4.874882885E-1,7.885142831E-1,-3.464481695E-1,-1.434366310E-1,1.216487453E2,1.191173893E2,-6.406126105E0,-4.367109611E1
3.582726542E0,4.869481556E-1,7.886459920E-1,-3.466733601E-1,-1.440020520E-1,1.217196214E2,1.191615218E2,-6.343598672E0,-4.373157886E1
3.592749542E0,4.861435196E-1,7.887571332E-1,-3.471017828E-1,-1.450762171E-1,1.218251602E2,1.192172903E2,-6.235929949E0,-4.384520991E1
3.602772542E0,4.851245352E-1,7.889587216E-1,-3.475742069E-1,-1.462553595E-1,1.219587361E2,1.192950921E2,-6.110982689E0,-4.397088786E1
3.612795750E0,4.838925196E-1,7.892971608E-1,-3.480616773E-1,-1.473471526E-1,1.221201225E2,1.194029626E2,-5.983813886E0,-4.409418440E1
3.622818750E0,4.823590381E-1,7.897696691E-1,-3.486756304E-1,-1.483880217E-1,1.223208236E2,1.195506875E2,-5.853715519E0,-4.422970978E1
3.632841750E0,4.805206769E-1,7.903388202E-1,-3.494690870E-1,-1.494514288E-1,1.225611725E2,1.197354173E2,-5.717272270E0,-4.438743374E1
3.642864750E0,4.784452291E-1,7.908911546E-1,-3.504787148E-1,-1.508182195E-1,1.228321868E2,1.199359868E2,-5.555398732E0,-4.458726279E1
3.652887750E0,4.762763207E-1,7.913537584E-1,-3.516754324E-1,-1.524619360E-1,1.231150326E2,1.201351074E2,-5.375736699E0,-4.482371158E1
3.662910750E0,4.742203763E-1,7.917942984E-1,-3.528449864E-1,-1.538743402E-1,1.233827981E2,1.203293434E2,-5.219925788E0,-4.504295249E1
3.672933750E0,4.724725465E-1,7.921979809E-1,-3.538332457E-1,-1.549002787E-1,1.236101701E2,1.205015858E2,-5.102031518E0,-4.521836020E1
3.682956750E0,4.711841595E-1,7.925351346E-1,-3.545793503E-1,-1.553931440E-1,1.237776192E2,1.206402989E2,-5.039085296E0,-4.533423367E1
3.692979750E0,4.702562966E-1,7.929279221E-1,-3.550702978E-1,-1.550786864E-1,1.238981308E2,1.207707780E2,-5.049458872E0,-4.537387647E1
3.703002750E0,4.695135217E-1,7.934025589E-1,-3.554198849E-1,-1.540979924E-1,1.239945544E2,1.209086363E2,-5.119046533E0,-4.535890088E1
3.713025750E0,4.690365036E-1,7.938320142E-1,-3.556979908E-1,-1.526910042E-1,1.240564559E2,1.210329739E2,-5.235446175E0,-4.531064070E1
3.723048750E0,4.688947848E-1,7.941946668E-1,-3.558502042E-1,-1.508747490E-1,1.240748430E2,1.211340135E2,-5.397493915E0,-4.522392503E1
3.733071750E0,4.690124694E-1,7.944831409E-1,-3.559594277E-1,-1.487170305E-1,1.240595743E2,1.212179683E2,-5.600551161E0,-4.511217456E1
3.743094750E0,4.693137034E-1,7.946762156E-1,-3.561078268E-1,-1.463613483E-1,1.240204865E2,1.212876697E2,-5.833202197E0,-4.499301443E1
3.753117750E0,4.698185489E-1,7.947609097E-1,-3.562623582E-1,-1.438845361E-1,1.239549624E2,1.213368328E2,-6.087648711E0,-4.486706423E1
3.763140750E0,4.704472113E-1,7.947699712E-1,-3.564095771E-1,-1.413938681E-1,1.238733402E2,1.213703273E2,-6.349476465E0,-4.473927012E1
3.773163750E0,4.710617334E-1,7.947488767E-1,-3.565651201E-1,-1.390558349E-1,1.237935239E2,1.213979564E2,-6.597824361E0,-4.462142241E1
3.783186750E0,4.715630702E-1,7.947285620E-1,-3.567499762E-1,-1.369822942E-1,1.237283865E2,1.214273160E2,-6.818971328E0,-4.452259126E1
3.793209750E0,4.718551057E-1,7.946704625E-1,-3.571716343E-1,-1.352041187E-1,1.236904340E2,1.214703115E2,-7.017995645E0,-4.446788091E1
3.803232750E0,4.719905973E-1,7.945561603E-1,-3.578099905E-1,-1.337058509E-1,1.236728234E2,1.215212611E2,-7.197635311E0,-4.445387358E1
3.813255750E0,4.720803069E-1,7.943257856E-1,-3.586106963E-1,-1.326094638E-1,1.236611626E2,1.215612555E2,-7.349174503E0,-4.448062354E1
3.823278750E0,4.721898465E-1,7.940184508E-1,-3.594544762E-1,-1.317729332E-1,1.236469233E2,1.215877866E2,-7.481220627E0,-4.452656293E1
3.833301750E0,4.722436259E-1,7.937943981E-1,-3.601858926E-1,-1.309292797E-1,1.236399320E2,1.216209738E2,-7.604204421E0,-4.456022877E1
3.843324750E0,4.722483885E-1,7.937263520E-1,-3.606994309E-1,-1.299068815E-1,1.236393129E2,1.216667930E2,-7.727304098E0,-4.456046310E1
3.853347750E0,4.722691564E-1,7.937758746E-1,-3.609756192E-1,-1.287564938E-1,1.236366130E2,1.217147740E2,-7.848125721E0,-4.452747468E1
3.863370750E0,4.722794507E-1,7.939278983E-1,-3.610299465E-1,-1.276247139E-1,1.236352747E2,1.217619557E2,-7.953212621E0,-4.447121669E1
3.873393750E0,4.722536042E-1,7.941110053E-1,-3.610015184E-1,-1.266579179E-1,1.236386349E2,1.218060127E2,-8.036715555E0,-4.441523858E1
3.883416750E0,4.721982232E-1,7.943287780E-1,-3.609240104E-1,-1.257160623E-1,1.236458343E2,1.218522828E2,-8.113562721E0,-4.435550903E1
3.893439750E0,4.720903484E-1,7.946449215E-1,-3.607385221E-1,-1.246515383E-1,1.236598573E2,1.219095226E2,-8.192242659E0,-4.427762333E1
3.903462750E0,4.719378505E-1,7.951043222E-1,-3.603570088E-1,-1.233965421E-1,1.236796794E2,1.219790090E2,-8.273931844E0,-4.416812758E1
3.913485750E0,4.717914534E-1,7.956617985E-1,-3.597814936E-1,-1.220344192E-1,1.236987068E2,1.220508393E2,-8.353923205E0,-4.403146002E1
3.923508750E0,4.716030886E-1,7.962715159E-1,-3.590997051E-1,-1.207877259E-1,1.237231862E2,1.221221884E2,-8.415196604E0,-4.388979989E1
3.933531750E0,4.713183024E-1,7.968840150E-1,-3.584311507E-1,-1.198420349E-1,1.237601911E2,1.221929028E2,-8.445577093E0,-4.376679518E1
3.943554750E0,4.709401187E-1,7.974384357E-1,-3.578870981E-1,-1.192655503E-1,1.238093220E2,1.222605974E2,-8.445750756E0,-4.367834380E1
3.953577750E0,4.705679094E-1,7.978812937E-1,-3.574790534E-1,-1.189962425E-1,1.238576658E2,1.223156405E2,-8.426849049E0,-4.362152351E1
3.963600750E0,4.702887602E-1,7.981738139E-1,-3.572017904E-1,-1.189709228E-1,1.238939156E2,1.223498231E2,-8.398493890E0,-4.359163445E1
3.973623750E0,4.700162493E-1,7.984222064E-1,-3.569142857E-1,-1.192425065E-1,1.239292974E2,1.223708945E2,-8.343029320E0,-4.357658039E1
3.983646750E0,4.696774624E-1,7.986685547E-1,-3.565875211E-1,-1.199038011E-1,1.239732761E2,1.223839634E2,-8.246690218E0,-4.357874308E1
3.993669750E0,4.692718411E-1,7.989144816E-1,-3.562661514E-1,-1.208062495E-1,1.240259189E2,1.223953607E2,-8.125603276E0,-4.359505448E1
4.003692750E0,4.688308270E-1,7.991718724E-1,-3.559401456E-1,-1.217720761E-1,1.240831406E2,1.224083558E2,-7.996799753E0,-4.361455619E1
4.013715750E0,4.684323602E-1,7.994175674E-1,-3.555949839E-1,-1.226990223E-1,1.241348287E2,1.224175067E2,-7.872486554E0,-4.362955869E1
4.023738750E0,4.681079137E-1,7.997318776E-1,-3.550814878E-1,-1.233732454E-1,1.241769059E2,1.224269721E2,-7.764510838E0,-4.361174387E1
4.033761750E0,4.679982265E-1,8.001374778E-1,-3.542411850E-1,-1.235751077E-1,1.241911293E2,1.224277951E2,-7.690064666E0,-4.353072335E1
4.043784750E0,4.681621672E-1,8.005708317E-1,-3.531493288E-1,-1.232726303E-1,1.241698704E2,1.224143916E2,-7.659482574E0,-4.339269172E1
4.053807750E0,4.683559163E-1,8.009444002E-1,-3.521696042E-1,-1.229121062E-1,1.241447433E2,1.224002368E2,-7.642402084E0,-4.326373128E1
4.063830750E0,4.683784754E-1,8.011083936E-1,-3.516716392E-1,-1.231824256E-1,1.241418175E2,1.223836960E2,-7.588989259E0,-4.322340382E1
4.073853750E0,4.682068429E-1,8.010171457E-1,-3.517424880E-1,-1.242220724E-1,1.241640767E2,1.223622704E2,-7.490884717E0,-4.328900006E1
4.083876750E0,4.680117346E-1,8.006800552E-1,-3.522436141E-1,-1.257019431E-1,1.241893777E2,1.223273390E2,-7.377965305E0,-4.342624379E1
4.093899750E0,4.681229075E-1,8.000870069E-1,-3.528984496E-1,-1.272173857E-1,1.241749615E2,1.222532699E2,-7.286433365E0,-4.358047555E1
4.103922750E0,4.686697734E-1,7.993985592E-1,-3.533373880E-1,-1.283096950E-1,1.241040335E2,1.221416649E2,-7.241738855E0,-4.368507826E1
4.113945750E0,4.695541934E-1,7.987644599E-1,-3.534137159E-1,-1.288139715E-1,1.239892757E2,1.220111161E2,-7.244846361E0,-4.371536318E1
4.123968750E0,4.707408063E-1,7.981868584E-1,-3.531621203E-1,-1.287536067E-1,1.238352108E2,1.218652406E2,-7.293770787E0,-4.367650581E1
4.133991750E0,4.723057609E-1,7.976118700E-1,-3.525883542E-1,-1.281565966E-1,1.236318543E2,1.216931685E2,-7.389887980E0,-4.357001068E1
4.144014750E0,4.742824902E-1,7.970319504E-1,-3.516353086E-1,-1.270779745E-1,1.233747134E2,1.214876159E2,-7.526141349E0,-4.339224292E1
4.154037750E0,4.766843654E-1,7.964713552E-1,-3.501883651E-1,-1.255924561E-1,1.230618487E2,1.212424404E2,-7.689064864E0,-4.313450458E1
4.164060750E0,4.793221575E-1,7.959813770E-1,-3.483482127E-1,-1.237642207E-1,1.227177192E2,1.209782486E2,-7.869312072E0,-4.281263446E1
4.174083750E0,4.818389355E-1,7.956524841E-1,-3.462856091E-1,-1.218798140E-1,1.223888504E2,1.207283353E2,-8.033948600E0,-4.246385328E1
4.184106750E0,4.840388324E-1,7.953986968E-1,-3.442901033E-1,-1.204646492E-1,1.221009630E2,1.204979696E2,-8.144187257E0,-4.215070595E1
4.194129750E0,4.857273194E-1,7.951778474E-1,-3.426172949E-1,-1.198940652E-1,1.218797292E2,1.202990306E2,-8.173026298E0,-4.192375840E1
4.204152750E0,4.867978283E-1,7.949708010E-1,-3.414095559E-1,-1.203699664E-1,1.217393430E2,1.201387105E2,-8.106505671E0,-4.181092138E1
4.214175750E0,4.873806771E-1,7.948449294E-1,-3.404310957E-1,-1.216073135E-1,1.216628680E2,1.200109434E2,-7.962281346E0,-4.176983490E1
4.224198750E0,4.875885243E-1,7.948798059E-1,-3.395238638E-1,-1.230735392E-1,1.216355897E2,1.199217592E2,-7.783979144E0,-4.175261580E1
4.234221750E0,4.874572579E-1,7.951358059E-1,-3.385715136E-1,-1.245546426E-1,1.216528178E2,1.198745020E2,-7.585328591E0,-4.173419693E1
4.244244750E0,4.871009906E-1,7.954640245E-1,-3.376742282E-1,-1.262764679E-1,1.216995689E2,1.198460864E2,-7.357855480E0,-4.173727331E1
4.254267750E0,4.865647984E-1,7.957729819E-1,-3.369711977E-1,-1.282595614E-1,1.217699106E2,1.198303925E2,-7.110634509E0,-4.177770974E1
4.264290750E0,4.858357001E-1,7.960861330E-1,-3.364800184E-1,-1.303524896E-1,1.218655206E2,1.198349453E2,-6.857729599E0,-4.184879066E1
4.274313750E0,4.850705556E-1,7.963965235E-1,-3.360419229E-1,-1.324202245E-1,1.219658097E2,1.198446420E2,-6.608820272E0,-4.192454420E1
4.284336750E0,4.843904003E-1,7.967786057E-1,-3.354458190E-1,-1.341116513E-1,1.220549184E2,1.198579241E2,-6.387889568E0,-4.196126868E1
4.294359750E0,4.837814732E-1,7.972836304E-1,-3.346666713E-1,-1.352498585E-1,1.221346627E2,1.198841661E2,-6.208455870E0,-4.194613079E1
4.304382750E0,4.832182227E-1,7.978844337E-1,-3.337259115E-1,-1.360425565E-1,1.222083979E2,1.199183268E2,-6.052079964E0,-4.189346200E1
4.314405750E0,4.826225824E-1,7.985077434E-1,-3.327929067E-1,-1.367835613E-1,1.222863449E2,1.199587350E2,-5.899351504E0,-4.183884547E1
4.324428750E0,4.819014287E-1,7.992123966E-1,-3.318368054E-1,-1.375321104E-1,1.223806777E2,1.200144901E2,-5.738624934E0,-4.178284743E1
4.334451750E0,4.809908777E-1,8.000125334E-1,-3.308670697E-1,-1.384006410E-1,1.224997244E2,1.200888670E2,-5.557439058E0,-4.173323722E1
4.344474750E0,4.798836905E-1,8.008347341E-1,-3.300090441E-1,-1.395329056E-1,1.226443881E2,1.201771069E2,-5.350393354E0,-4.171175826E1
4.354497750E0,4.786189795E-1,8.016041670E-1,-3.294079458E-1,-1.408720901E-1,1.228095116E2,1.202769306E2,-5.133375088E0,-4.173047941E1
4.364520750E0,4.774156343E-1,8.021882170E-1,-3.291252458E-1,-1.422849473E-1,1.229665028E2,1.203665912E2,-4.932407488E0,-4.178725036E1
4.374543750E0,4.762976364E-1,8.026474280E-1,-3.290268118E-1,-1.436631598E-1,1.231122546E2,1.204471516E2,-4.749968191E0,-4.186131000E1
4.384566750E0,4.750923209E-1,8.031411994E-1,-3.290141888E-1,-1.449178293E-1,1.232692776E2,1.205436585E2,-4.579671949E0,-4.193770051E1
4.394589750E0,4.737897198E-1,8.037792394E-1,-3.289532234E-1,-1.457807965E-1,1.234388440E2,1.206685626E2,-4.436728459E0,-4.198646514E1
4.404612750E0,4.725850154E-1,8.045261869E-1,-3.287336173E-1,-1.460659411E-1,1.235955465E2,1.208054840E2,-4.340375729E0,-4.198416503E1
4.414635750E0,4.716053856E-1,8.052502909E-1,-3.284381468E-1,-1.459061729E-1,1.237228877E2,1.209332819E2,-4.289984911E0,-4.194700402E1
4.424658750E0,4.709917381E-1,8.057890751E-1,-3.281401896E-1,-1.455843712E-1,1.238026167E2,1.210225593E2,-4.271462425E0,-4.189877038E1
4.434681750E0,4.707127786E-1,8.061080635E-1,-3.278930194E-1,-1.452771101E-1,1.238388510E2,1.210697421E2,-4.270699638E0,-4.185553576E1
4.444704750E0,4.705844625E-1,8.062792008E-1,-3.277168245E-1,-1.451409126E-1,1.238555161E2,1.210910549E2,-4.266098905E0,-4.182920878E1
4.454727750E0,4.705928498E-1,8.063294820E-1,-3.274884308E-1,-1.453497080E-1,1.238544268E2,1.210804130E2,-4.233880251E0,-4.181654927E1
4.464750750E0,4.707620272E-1,8.063357408E-1,-3.270665197E-1,-1.457165964E-1,1.238324545E2,1.210424845E2,-4.183328127E0,-4.179151305E1
4.474773750E0,4.710524085E-1,8.064291593E-1,-3.263346608E-1,-1.459018423E-1,1.237947353E2,1.209965004E2,-4.135903211E0,-4.172219649E1
4.484796750E0,4.713089985E-1,8.066512310E-1,-3.254448144E-1,-1.458328901E-1,1.237613999E2,1.209652353E2,-4.100007706E0,-4.162140156E1
4.494819750E0,4.715192059E-1,8.068591625E-1,-3.246952116E-1,-1.456740597E-1,1.237340865E2,1.209439688E2,-4.078500187E0,-4.153075127E1
4.504842750E0,4.717042516E-1,8.069401266E-1,-3.242740382E-1,-1.455650047E-1,1.237100396E2,1.209245491E2,-4.071333920E0,-4.147843979E1
4.514865750E0,4.719466276E-1,8.068565705E-1,-3.240591946E-1,-1.457204949E-1,1.236785386E2,1.208871866E2,-4.055699400E0,-4.146338837E1
4.524888750E0,4.722530773E-1,8.066489762E-1,-3.238892374E-1,-1.462541162E-1,1.236387033E2,1.208257787E2,-4.011914446E0,-4.147480771E1
4.534911750E0,4.726227473E-1,8.064213200E-1,-3.236493165E-1,-1.468455208E-1,1.235906403E2,1.207538119E2,-3.961683657E0,-4.148188722E1
4.544934750E0,4.730151450E-1,8.062935307E-1,-3.232568450E-1,-1.471474503E-1,1.235396104E2,1.206910248E2,-3.929139967E0,-4.145578249E1
4.554957750E0,4.734722065E-1,8.062385502E-1,-3.227179765E-1,-1.471623070E-1,1.234801558E2,1.206321746E2,-3.916358404E0,-4.139711069E1
4.564980750E0,4.739933945E-1,8.062718462E-1,-3.220590527E-1,-1.467446318E-1,1.234123395E2,1.205835220E2,-3.937921431E0,-4.130021597E1
4.575003750E0,4.744882512E-1,8.064244178E-1,-3.213782968E-1,-1.457961907E-1,1.233479293E2,1.205606405E2,-4.004408883E0,-4.117026535E1
4.585026750E0,4.749811902E-1,8.066002966E-1,-3.207582745E-1,-1.445790002E-1,1.232837493E2,1.205493053E2,-4.098616817E0,-4.103127934E1
4.595049750E0,4.755420067E-1,8.067452185E-1,-3.201326256E-1,-1.433075879E-1,1.232107082E2,1.205313746E2,-4.200540183E0,-4.088832970E1
4.605073125E0,4.761056681E-1,8.068955353E-1,-3.195161647E-1,-1.419586885E-1,1.231372712E2,1.205159465E2,-4.310142663E0,-4.074191391E1
4.615096125E0,4.766901606E-1,8.070934569E-1,-3.187864342E-1,-1.405057602E-1,1.230610933E2,1.205015025E2,-4.423166023E0,-4.057732271E1
4.625119125E0,4.773409395E-1,8.073147910E-1,-3.179076935E-1,-1.390080825E-1,1.229762438E2,1.204796531E2,-4.534200447E0,-4.039397404E1
4.635142125E0,4.780866121E-1,8.075481581E-1,-3.169043034E-1,-1.373717206E-1,1.228789799E2,1.204506435E2,-4.654489731E0,-4.018894026E1
4.645165125E0,4.787968181E-1,8.077475970E-1,-3.160019394E-1,-1.357943010E-1,1.227863005E2,1.204232493E2,-4.774043983E0,-3.999833573E1
4.655188125E0,4.794346685E-1,8.078557669E-1,-3.152621569E-1,-1.346154536E-1,1.227030283E2,1.203887366E2,-4.864263948E0,-3.984844642E1
4.665211125E0,4.800368943E-1,8.078351782E-1,-3.147398942E-1,-1.338124824E-1,1.226243767E2,1.203438549E2,-4.932189061E0,-3.974360544E1
4.675234125E0,4.805564174E-1,8.077928627E-1,-3.143395834E-1,-1.331419893E-1,1.225565024E2,1.203042229E2,-4.991819631E0,-3.965979321E1
4.685257125E0,4.808984813E-1,8.077842226E-1,-3.140464521E-1,-1.326500513E-1,1.225118006E2,1.202799776E2,-5.033816255E0,-3.959854203E1
4.695280125E0,4.810391674E-1,8.078691696E-1,-3.137444488E-1,-1.323376167E-1,1.224934126E2,1.202738244E2,-5.049926526E0,-3.954763958E1
4.705303125E0,4.810267130E-1,8.080489891E-1,-3.133985707E-1,-1.321039756E-1,1.224950405E2,1.202836106E2,-5.049318253E0,-3.949732272E1
4.715326125E0,4.809271306E-1,8.083230912E-1,-3.129380953E-1,-1.318814719E-1,1.225080562E2,1.203035609E2,-5.036777030E0,-3.943584081E1
4.725349125E0,4.808577463E-1,8.086371695E-1,-3.123417174E-1,-1.316223214E-1,1.225171245E2,1.203207161E2,-5.020632151E0,-3.935760544E1
4.735372125E0,4.808188659E-1,8.089879788E-1,-3.116356102E-1,-1.312816695E-1,1.225222058E2,1.203369076E2,-5.006570138E0,-3.926284798E1
4.745395125E0,4.806699294E-1,8.093473649E-1,-3.110336268E-1,-1.310396518E-1,1.225416694E2,1.203633637E2,-4.985051330E0,-3.918542069E1
4.755418125E0,4.803642910E-1,8.097218608E-1,-3.105602544E-1,-1.309692139E-1,1.225816057E2,1.204031379E2,-4.948877169E0,-3.913232071E1
4.765441125E0,4.798973777E-1,8.101147537E-1,-3.102181906E-1,-1.310615682E-1,1.226426004E2,1.204571758E2,-4.898795208E0,-3.910332604E1
4.775464125E0,4.792993561E-1,8.105260648E-1,-3.099844020E-1,-1.312603327E-1,1.227206963E2,1.205238260E2,-4.839844783E0,-3.909257443E1
4.785487125E0,4.785658218E-1,8.109893640E-1,-3.098503540E-1,-1.313920521E-1,1.228164492E2,1.206104306E2,-4.787041447E0,-3.908920610E1
4.795510125E0,4.777375835E-1,8.115307824E-1,-3.097374004E-1,-1.313296853E-1,1.229245120E2,1.207166235E2,-4.748966406E0,-3.907736380E1
4.805533125E0,4.768202468E-1,8.121228192E-1,-3.096913339E-1,-1.311113752E-1,1.230441352E2,1.208402938E2,-4.725215670E0,-3.906412662E1
4.815556125E0,4.759518742E-1,8.127017273E-1,-3.096991100E-1,-1.306610993E-1,1.231573109E2,1.209671201E2,-4.728068632E0,-3.904320721E1
4.825579125E0,4.752776195E-1,8.131606854E-1,-3.098248973E-1,-1.299600603E-1,1.232451453E2,1.210797732E2,-4.769585260E0,-3.901982241E1
4.835602125E0,4.748262162E-1,8.134620985E-1,-3.100533543E-1,-1.291752122E-1,1.233039288E2,1.211679896E2,-4.834890357E0,-3.900176021E1
4.845625125E0,4.745626509E-1,8.136110034E-1,-3.103637658E-1,-1.284597062E-1,1.233382438E2,1.212301728E2,-4.907172113E0,-3.899566464E1
4.855648125E0,4.745293022E-1,8.136409276E-1,-3.106769169E-1,-1.276332592E-1,1.233425853E2,1.212677767E2,-4.999975361E0,-3.898258745E1
4.865671125E0,4.745948511E-1,8.136020050E-1,-3.110572290E-1,-1.267079146E-1,1.233340518E2,1.212970084E2,-5.110261985E0,-3.897073083E1
4.875694125E0,4.747061925E-1,8.134597173E-1,-3.115434350E-1,-1.260083717E-1,1.233195560E2,1.213119763E2,-5.208350711E0,-3.898282112E1
4.885717125E0,4.748433489E-1,8.132667268E-1,-3.120542970E-1,-1.254720847E-1,1.233016980E2,1.213173984E2,-5.294170130E0,-3.900667447E1
4.895740125E0,4.750132745E-1,8.130705965E-1,-3.125475626E-1,-1.248709126E-1,1.232795713E2,1.213211730E2,-5.386327959E0,-3.902485434E1
4.905763125E0,4.752915490E-1,8.128590193E-1,-3.129748474E-1,-1.241163786E-1,1.232433311E2,1.213170437E2,-5.493358207E0,-3.902679314E1
4.915786125E0,4.755071301E-1,8.126844470E-1,-3.134347538E-1,-1.232704914E-1,1.232152513E2,1.213243999E2,-5.607944702E0,-3.902746837E1
4.925809125E0,4.756053955E-1,8.124692031E-1,-3.141246556E-1,-1.225520773E-1,1.232024508E2,1.213423476E2,-5.719545177E0,-3.906068535E1
4.935832125E0,4.756748325E-1,8.121066138E-1,-3.151333561E-1,-1.220959009E-1,1.231934052E2,1.213550015E2,-5.825106510E0,-3.914308918E1
4.945855125E0,4.756264479E-1,8.116792658E-1,-3.163767513E-1,-1.219096540E-1,1.231997084E2,1.213729547E2,-5.914900819E0,-3.926658799E1
4.955878125E0,4.755084367E-1,8.112559007E-1,-3.176282177E-1,-1.219341834E-1,1.232150811E2,1.213916184E2,-5.982813624E0,-3.940325995E1
4.965901125E0,4.753814377E-1,8.108221464E-1,-3.188392442E-1,-1.221532311E-1,1.232316234E2,1.214037331E2,-6.030129468E0,-3.954660314E1
4.975924125E0,4.754032382E-1,8.103059529E-1,-3.199893263E-1,-1.224866443E-1,1.232287839E2,1.213925219E2,-6.070068399E0,-3.968900255E1
4.985947125E0,4.756987086E-1,8.096963830E-1,-3.210061190E-1,-1.227095801E-1,1.231902947E2,1.213507533E2,-6.124508077E0,-3.980932714E1
4.995970125E0,4.763288040E-1,8.090304417E-1,-3.217397482E-1,-1.227358797E-1,1.231081927E2,1.212735790E2,-6.195063033E0,-3.988618180E1
5.005993125E0,4.773114578E-1,8.083770391E-1,-3.219930086E-1,-1.225597480E-1,1.229800884E2,1.211581346E2,-6.271099373E0,-3.989778603E1
5.016016125E0,4.786030058E-1,8.077730959E-1,-3.217531719E-1,-1.221342334E-1,1.228115964E2,1.210114758E2,-6.353972696E0,-3.984031605E1
5.026039125E0,4.801508278E-1,8.071283755E-1,-3.212339649E-1,-1.216875401E-1,1.226094934E2,1.208319793E2,-6.433305150E0,-3.974987952E1
5.036062125E0,4.816798311E-1,8.064094135E-1,-3.208013907E-1,-1.215519536E-1,1.224096560E2,1.206427976E2,-6.488618287E0,-3.968626277E1
5.046085125E0,4.831297038E-1,8.055643270E-1,-3.206106762E-1,-1.219036059E-1,1.222199836E2,1.204454873E2,-6.510811186E0,-3.967658158E1
5.056108125E0,4.845880269E-1,8.045245011E-1,-3.206506104E-1,-1.228737842E-1,1.220290308E2,1.202238976E2,-6.491565751E0,-3.972672507E1
5.066131125E0,4.859526786E-1,8.033552000E-1,-3.209015316E-1,-1.244698221E-1,1.218501836E2,1.199903375E2,-6.424793898E0,-3.983596851E1
5.076154125E0,4.872145974E-1,8.021102874E-1,-3.213090706E-1,-1.264967905E-1,1.216846621E2,1.197529667E2,-6.324780196E0,-3.998777841E1
5.086177125E0,4.886675679E-1,8.007920394E-1,-3.215867972E-1,-1.285230002E-1,1.214939155E2,1.194902692E2,-6.226415509E0,-4.012519624E1
5.096200125E0,4.904216354E-1,7.994769734E-1,-3.214971087E-1,-1.302411165E-1,1.212634036E2,1.191995691E2,-6.147520533E0,-4.020446962E1
5.106223125E0,4.925167131E-1,7.981217415E-1,-3.210276350E-1,-1.317956609E-1,1.209877350E2,1.188701632E2,-6.075852017E0,-4.023240862E1
5.116246125E0,4.949856334E-1,7.966208712E-1,-3.202921936E-1,-1.334068928E-1,1.206623940E2,1.184894476E2,-6.000125309E0,-4.023396724E1
5.126269125E0,4.976967926E-1,7.950173100E-1,-3.193806837E-1,-1.350610512E-1,1.203045247E2,1.180747946E2,-5.921036236E0,-4.021893609E1
5.136292125E0,5.005650332E-1,7.933813590E-1,-3.182518014E-1,-1.367352715E-1,1.199252213E2,1.176376892E2,-5.833905690E0,-4.018229592E1
5.146315125E0,5.034283004E-1,7.917452394E-1,-3.169977430E-1,-1.386064862E-1,1.195458502E2,1.171919270E2,-5.721274596E0,-4.014554190E1
5.156338125E0,5.061931126E-1,7.901339233E-1,-3.156619829E-1,-1.407635830E-1,1.191788282E2,1.167459961E2,-5.573793289E0,-4.011952773E1
5.166361125E0,5.089971635E-1,7.884751919E-1,-3.141822071E-1,-1.432425131E-1,1.188058913E2,1.162804620E2,-5.390852599E0,-4.009963464E1
5.176384125E0,5.119491709E-1,7.866392330E-1,-3.126575448E-1,-1.461229131E-1,1.184124991E2,1.157780616E2,-5.177270964E0,-4.010125056E1
5.186407125E0,5.150051335E-1,7.847239116E-1,-3.109557394E-1,-1.492806603E-1,1.180044038E2,1.152488389E2,-4.933496540E0,-4.010391964E1
5.196430125E0,5.179934504E-1,7.827881069E-1,-3.091720848E-1,-1.527681224E-1,1.176044958E2,1.147126300E2,-4.653411397E0,-4.012238801E1
5.206453125E0,5.207622666E-1,7.808612162E-1,-3.074966000E-1,-1.565508231E-1,1.172332065E2,1.141907030E2,-4.345829137E0,-4.017547788E1
5.216476125E0,5.235514397E-1,7.788131322E-1,-3.058221057E-1,-1.606760934E-1,1.168584440E2,1.136492659E2,-4.011339639E0,-4.025450240E1
5.226499125E0,5.263857520E-1,7.766380388E-1,-3.040437405E-1,-1.652539787E-1,1.164768433E2,1.130794489E2,-3.635193277E0,-4.035649004E1
5.236522125E0,5.291651470E-1,7.745298112E-1,-3.019882809E-1,-1.699731824E-1,1.161018710E2,1.125068548E2,-3.227731646E0,-4.044476758E1
5.246545125E0,5.318860632E-1,7.725818893E-1,-2.995086764E-1,-1.746685521E-1,1.157340454E2,1.119390477E2,-2.792410267E0,-4.049400929E1
5.256568125E0,5.342676552E-1,7.708818751E-1,-2.968061151E-1,-1.794581199E-1,1.154114816E2,1.114078594E2,-2.319152223E0,-4.053365402E1
5.266591125E0,5.360720988E-1,7.694222243E-1,-2.943137402E-1,-1.843788804E-1,1.151667045E2,1.109432591E2,-1.823250395E0,-4.061049986E1
5.276614125E0,5.374145180E-1,7.680787303E-1,-2.922318755E-1,-1.893179431E-1,1.149843865E2,1.105352651E2,-1.333802018E0,-4.073605895E1
5.286637125E0,5.384588116E-1,7.667642966E-1,-2.905643354E-1,-1.941828064E-1,1.148424300E2,1.101665177E2,-8.668590658E-1,-4.090316354E1
5.296660125E0,5.391988997E-1,7.657302658E-1,-2.890580914E-1,-1.984113259E-1,1.147417578E2,1.098650167E2,-4.503778255E-1,-4.104622466E1
5.306683125E0,5.397276741E-1,7.651790482E-1,-2.875042424E-1,-2.013361486E-1,1.146697953E2,1.096525968E2,-1.278606210E-1,-4.109576047E1
5.316706125E0,5.402192328E-1,7.650774322E-1,-2.857964943E-1,-2.028300437E-1,1.146028716E2,1.095145762E2,9.028971809E-2,-4.103037936E1
5.326729125E0,5.405296022E-1,7.653851252E-1,-2.841143082E-1,-2.032054035E-1,1.145606031E2,1.094554132E2,2.243936763E-1,-4.088900999E1
5.336752125E0,5.404809542E-1,7.660923704E-1,-2.825990236E-1,-2.027824283E-1,1.145672290E2,1.094828055E2,2.991633902E-1,-4.070789521E1
5.346775125E0,5.401318623E-1,7.670683650E-1,-2.813055790E-1,-2.018190672E-1,1.146147685E2,1.095761189E2,3.285261332E-1,-4.051067458E1
5.356798125E0,5.394454061E-1,7.682853552E-1,-2.802908936E-1,-2.004330786E-1,1.147082136E2,1.097341250E2,3.195017263E-1,-4.031145327E1
5.366821125E0,5.382815841E-1,7.697501479E-1,-2.797331011E-1,-1.987134661E-1,1.148665294E2,1.099704635E2,2.732495524E-1,-4.013450140E1
5.376844125E0,5.366774329E-1,7.713823689E-1,-2.796877933E-1,-1.967772821E-1,1.150845151E2,1.102742448E2,1.934766503E-1,-3.999404475E1
5.386867125E0,5.347739126E-1,7.731527051E-1,-2.800645861E-1,-1.944624928E-1,1.153428400E2,1.106343489E2,6.623025689E-2,-3.987036438E1
5.396890125E0,5.325526578E-1,7.752413554E-1,-2.807046914E-1,-1.912935872E-1,1.156438191E2,1.110749977E2,-1.365164463E-1,-3.971561069E1
5.406913125E0,5.300104969E-1,7.776458963E-1,-2.815713359E-1,-1.872788786E-1,1.159876719E2,1.115948278E2,-4.124314435E-1,-3.952847391E1
5.416936125E0,5.270840831E-1,7.802540698E-1,-2.827985257E-1,-1.827868570E-1,1.163827021E2,1.121834975E2,-7.378081269E-1,-3.934956354E1
5.426959125E0,5.237248845E-1,7.830617453E-1,-2.843951116E-1,-1.778931548E-1,1.168351146E2,1.128428404E2,-1.105129093E0,-3.918671033E1
5.436982125E0,5.200360659E-1,7.860672371E-1,-2.861256612E-1,-1.726057905E-1,1.173306585E2,1.135579753E2,-1.503144577E0,-3.901819485E1
5.447005125E0,5.161127632E-1,7.892568052E-1,-2.878575805E-1,-1.668510387E-1,1.178562747E2,1.143186701E2,-1.934518758E0,-3.882709990E1
5.457028125E0,5.118508950E-1,7.926402910E-1,-2.897016527E-1,-1.606328402E-1,1.184256085E2,1.151370427E2,-2.402541826E0,-3.862696051E1
5.467051125E0,5.072495339E-1,7.960929187E-1,-2.918619737E-1,-1.541118587E-1,1.190384088E2,1.160056049E2,-2.907230919E0,-3.845100546E1
5.477074125E0,5.023319766E-1,7.994642872E-1,-2.944848985E-1,-1.476423491E-1,1.196911947E2,1.169066655E2,-3.427689649E0,-3.833811317E1
5.487097125E0,4.972923725E-1,8.026567003E-1,-2.974067288E-1,-1.413924983E-1,1.203579482E2,1.178088331E2,-3.946038040E0,-3.828156713E1
5.497120125E0,4.923832551E-1,8.056597475E-1,-3.002856957E-1,-1.352762109E-1,1.210053065E2,1.186834884E2,-4.458563475E0,-3.823911264E1
5.507143125E0,4.876928588E-1,8.085308541E-1,-3.028649353E-1,-1.292531733E-1,1.216218953E2,1.195209119E2,-4.956522229E0,-3.818003126E1
5.517166125E0,4.832228062E-1,8.111372152E-1,-3.052930153E-1,-1.238883853E-1,1.222077980E2,1.203002914E2,-5.397687721E0,-3.815125831E1
5.527189125E0,4.791831993E-1,8.131490739E-1,-3.078002259E-1,-1.201293500E-1,1.227358619E2,1.209616300E2,-5.717245895E0,-3.822716504E1
5.537212125E0,4.758294692E-1,8.143058574E-1,-3.106360977E-1,-1.183111139E-1,1.231732591E2,1.214631626E2,-5.908307043E0,-3.844773450E1
5.547235125E0,4.733164845E-1,8.146155103E-1,-3.137019016E-1,-1.181704909E-1,1.235004140E2,1.217959489E2,-5.994530961E0,-3.878370061E1
5.557258125E0,4.715908450E-1,8.141734320E-1,-3.169095718E-1,-1.195494726E-1,1.237247773E2,1.219719787E2,-5.983110532E0,-3.921554968E1
5.567281125E0,4.706118580E-1,8.131500644E-1,-3.200773711E-1,-1.219096118E-1,1.238519582E2,1.220152447E2,-5.912111209E0,-3.969369877E1
5.577304125E0,4.704376018E-1,8.117291887E-1,-3.229674016E-1,-1.244033355E-1,1.238745881E2,1.219500338E2,-5.849074252E0,-4.014534112E1
5.587327125E0,4.713339178E-1,8.100862413E-1,-3.251524417E-1,-1.260181709E-1,1.237581622E2,1.217822846E2,-5.873909643E0,-4.046654108E1
5.597350125E0,4.736838786E-1,8.082492499E-1,-3.261889802E-1,-1.263228715E-1,1.234526159E2,1.214805413E2,-6.016807054E0,-4.058247329E1
5.607372917E0,4.774060248E-1,8.062220286E-1,-3.260255769E-1,-1.256851581E-1,1.229677560E2,1.210392296E2,-6.236512115E0,-4.050751552E1
5.617395917E0,4.820073122E-1,8.041176365E-1,-3.248985702E-1,-1.245177009E-1,1.223668300E2,1.205025609E2,-6.485583620E0,-4.029241739E1
5.627418917E0,4.870704974E-1,8.020688571E-1,-3.229538513E-1,-1.230801984E-1,1.217035699E2,1.199115048E2,-6.728514624E0,-3.996984579E1
5.637441917E0,4.921977036E-1,8.001386789E-1,-3.204172222E-1,-1.218699095E-1,1.210297342E2,1.192970428E2,-6.914702604E0,-3.959527642E1
5.647464917E0,4.968085267E-1,7.984643532E-1,-3.176535690E-1,-1.213758641E-1,1.204218450E2,1.187164575E2,-6.995847101E0,-3.924078830E1
5.657487917E0,5.005355936E-1,7.970612425E-1,-3.151291836E-1,-1.218652101E-1,1.199291182E2,1.182103998E2,-6.961286519E0,-3.897542361E1
5.667510917E0,5.035980258E-1,7.956869181E-1,-3.131090008E-1,-1.234260343E-1,1.195233393E2,1.177500575E2,-6.831230277E0,-3.883201387E1
5.677533917E0,5.063453470E-1,7.940288400E-1,-3.118028068E-1,-1.261406918E-1,1.191585994E2,1.172884782E2,-6.629068038E0,-3.883611449E1
5.687556917E0,5.088603127E-1,7.920125980E-1,-3.112546659E-1,-1.299917547E-1,1.188241090E2,1.168147556E2,-6.364897690E0,-3.899178349E1
5.697579917E0,5.108996090E-1,7.898225845E-1,-3.114081437E-1,-1.348588095E-1,1.185524583E2,1.163626981E2,-6.036818803E0,-3.928842464E1
5.707602917E0,5.123342456E-1,7.877720139E-1,-3.118442371E-1,-1.402922970E-1,1.183611237E2,1.159630992E2,-5.652816085E0,-3.965630699E1
5.717625917E0,5.129715270E-1,7.862510606E-1,-3.121364412E-1,-1.457409783E-1,1.182760697E2,1.156605562E2,-5.224373338E0,-4.001801527E1
5.727648917E0,5.126200223E-1,7.854984864E-1,-3.121989028E-1,-1.508138573E-1,1.183229875E2,1.154956520E2,-4.769691502E0,-4.034026688E1
5.737671917E0,5.114262128E-1,7.854399655E-1,-3.121797049E-1,-1.551490821E-1,1.184822483E2,1.154659362E2,-4.335306289E0,-4.061356636E1
5.747694917E0,5.096287972E-1,7.858930652E-1,-3.123323398E-1,-1.584268215E-1,1.187217854E2,1.155562485E2,-3.975736932E0,-4.084168434E1
5.757717917E0,5.074220936E-1,7.868124566E-1,-3.127652722E-1,-1.600837616E-1,1.190154625E2,1.157678208E2,-3.755345342E0,-4.099885553E1
5.767740917E0,5.048222547E-1,7.883197332E-1,-3.133853998E-1,-1.596749056E-1,1.193608921E2,1.161190696E2,-3.707221868E0,-4.104752501E1
5.777763917E0,5.020208275E-1,7.903127523E-1,-3.140023665E-1,-1.574269296E-1,1.197324257E2,1.165751987E2,-3.809447996E0,-4.098279768E1
5.787786917E0,4.991900344E-1,7.926614276E-1,-3.143660095E-1,-1.538546892E-1,1.201071449E2,1.170901332E2,-4.010966228E0,-4.081190524E1
5.797809917E0,4.962740414E-1,7.953710274E-1,-3.142572917E-1,-1.494639359E-1,1.204924056E2,1.176470110E2,-4.252781555E0,-4.054478750E1
5.807832917E0,4.931042929E-1,7.984899153E-1,-3.135829210E-1,-1.446637575E-1,1.209103545E2,1.182481674E2,-4.487009524E0,-4.019810702E1
5.817855917E0,4.893799866E-1,8.020631462E-1,-3.125072281E-1,-1.397892638E-1,1.214003239E2,1.189172505E2,-4.682260480E0,-3.981105648E1
5.827878917E0,4.849621856E-1,8.060674340E-1,-3.112177874E-1,-1.349464750E-1,1.219800101E2,1.196674081E2,-4.836106802E0,-3.941057326E1
5.837901917E0,4.799042687E-1,8.103476572E-1,-3.099892489E-1,-1.301356651E-1,1.226417003E2,1.204921599E2,-4.969191408E0,-3.902578757E1
5.847924917E0,4.745383638E-1,8.146659811E-1,-3.089480110E-1,-1.252349771E-1,1.233414056E2,1.213545020E2,-5.115630449E0,-3.866199799E1
5.857947917E0,4.689471839E-1,8.189466679E-1,-3.082443273E-1,-1.200010761E-1,1.240680447E2,1.222535583E2,-5.310419077E0,-3.832205943E1
5.867970917E0,4.628555102E-1,8.231936373E-1,-3.082036134E-1,-1.145760391E-1,1.248569552E2,1.232189692E2,-5.547500838E0,-3.805179956E1
5.877993917E0,4.561178623E-1,8.272992039E-1,-3.091395685E-1,-1.093856652E-1,1.257262349E2,1.242539440E2,-5.797841137E0,-3.791054831E1
5.888016917E0,4.487898741E-1,8.311626791E-1,-3.111423446E-1,-1.046259373E-1,1.266678600E2,1.253452093E2,-6.047488557E0,-3.791922738E1
5.898039917E0,4.408028672E-1,8.347610506E-1,-3.142835070E-1,-1.004622186E-1,1.276897631E2,1.264960208E2,-6.277861568E0,-3.809528663E1
5.908062917E0,4.320020678E-1,8.380859733E-1,-3.186173410E-1,-9.730975020E-2,1.288106327E2,1.277104241E2,-6.440930688E0,-3.846671465E1
5.918085917E0,4.223461195E-1,8.412375039E-1,-3.238006026E-1,-9.537598957E-2,1.300344067E2,1.289827956E2,-6.490826699E0,-3.900469897E1
5.928108917E0,4.121610912E-1,8.444048396E-1,-3.289421809E-1,-9.434312836E-2,1.313186727E2,1.302782442E2,-6.420630327E0,-3.958982412E1
5.938131917E0,4.020531495E-1,8.476874680E-1,-3.331560439E-1,-9.373426445E-2,1.325868127E2,1.315354558E2,-6.256413808E0,-4.009317494E1
5.948154917E0,3.925035376E-1,8.510002102E-1,-3.362580520E-1,-9.311367318E-2,1.337792664E2,1.327129793E2,-6.055135491E0,-4.046830132E1
5.958177917E0,3.836421522E-1,8.542149822E-1,-3.385077875E-1,-9.245509706E-2,1.348810615E2,1.337994086E2,-5.841602508E0,-4.074134688E1
5.968200917E0,3.754941232E-1,8.571395099E-1,-3.402967948E-1,-9.227216920E-2,1.358902881E2,1.347752340E2,-5.588241318E0,-4.097848621E1
5.978223917E0,3.681413842E-1,8.596611769E-1,-3.417290922E-1,-9.314424018E-2,1.367979256E2,1.356094009E2,-5.247850944E0,-4.121487423E1
5.988246917E0,3.616726859E-1,8.618551522E-1,-3.425236657E-1,-9.526882067E-2,1.375940860E2,1.362828541E2,-4.792480363E0,-4.142484096E1
5.998269917E0,3.559259315E-1,8.638865460E-1,-3.424685376E-1,-9.865130546E-2,1.382995935E2,1.368137477E2,-4.205836854E0,-4.158423495E1
6.008292917E0,3.507781154E-1,8.659076349E-1,-3.414224739E-1,-1.029039225E-1,1.389301690E2,1.372322515E2,-3.515380655E0,-4.166118029E1
6.018315917E0,3.463055446E-1,8.679958005E-1,-3.393556346E-1,-1.072078217E-1,1.394769771E2,1.375648826E2,-2.804579280E0,-4.161848048E1
6.028338917E0,3.423711257E-1,8.702578008E-1,-3.363649153E-1,-1.108691711E-1,1.399571963E2,1.378591393E2,-2.140710097E0,-4.143936572E1
6.038361917E0,3.386861109E-1,8.726505827E-1,-3.328130107E-1,-1.140531864E-1,1.404063099E2,1.381441880E2,-1.511702758E0,-4.117373956E1
6.048384917E0,3.350418941E-1,8.750081510E-1,-3.292024167E-1,-1.171894914E-1,1.408498290E2,1.384275332E2,-8.886749558E-1,-4.089805343E1
6.058407917E0,3.314473791E-1,8.772034749E-1,-3.258354946E-1,-1.203661205E-1,1.412867019E2,1.387046812E2,-2.763662980E-1,-4.065068983E1
6.068430917E0,3.279480316E-1,8.791697097E-1,-3.228848780E-1,-1.235155226E-1,1.417114468E2,1.389728863E2,3.095873328E-1,-4.044847910E1
6.078453917E0,3.244628982E-1,8.809474427E-1,-3.203510306E-1,-1.266122729E-1,1.421339240E2,1.392419940E2,8.705551095E-1,-4.029036001E1
6.088476917E0,3.209911148E-1,8.825146311E-1,-3.182915670E-1,-1.297040603E-1,1.425542522E2,1.395094598E2,1.409270603E0,-4.018493227E1
6.098499917E0,3.177441426E-1,8.837732203E-1,-3.166689976E-1,-1.330581276E-1,1.429468902E2,1.397389926E2,1.945392536E0,-4.013985640E1
6.108522917E0,3.147782689E-1,8.846739406E-1,-3.154438308E-1,-1.369742020E-1,1.433051428E2,1.399104173E2,2.508367487E0,-4.016424043E1
6.118545917E0,3.120037313E-1,8.852826676E-1,-3.145353555E-1,-1.414061223E-1,1.436399476E2,1.400351094E2,3.101007368E0,-4.024744495E1
6.128568917E0,3.093861644E-1,8.856790797E-1,-3.139078943E-1,-1.459954873E-1,1.439555164E2,1.401319738E2,3.690840598E0,-4.037027263E1
6.138591917E0,3.067574655E-1,8.861339496E-1,-3.132124502E-1,-1.502149348E-1,1.442721429E2,1.402446381E2,4.247248078E0,-4.046910195E1
6.148614917E0,3.039863471E-1,8.867968352E-1,-3.122490576E-1,-1.538966780E-1,1.446056190E2,1.403971806E2,4.767424450E0,-4.051261275E1
6.158637917E0,3.010052056E-1,8.877370471E-1,-3.109607970E-1,-1.569146979E-1,1.449640238E2,1.406043459E2,5.243942816E0,-4.048768804E1
6.168660917E0,2.979621716E-1,8.889140611E-1,-3.094344700E-1,-1.590615635E-1,1.453295051E2,1.408593470E2,5.646155429E0,-4.039504391E1
6.178683917E0,2.951565191E-1,8.901817751E-1,-3.077919862E-1,-1.603846163E-1,1.456661536E2,1.411260280E2,5.960874008E0,-4.025213855E1
6.188706917E0,2.926455468E-1,8.913762168E-1,-3.063367398E-1,-1.611358734E-1,1.459671848E2,1.413848252E2,6.198262326E0,-4.010570622E1
6.198729917E0,2.903735999E-1,8.924555133E-1,-3.051735711E-1,-1.614790962E-1,1.462393516E2,1.416338524E2,6.372798496E0,-3.997520977E1
6.208752917E0,2.882931103E-1,8.934731068E-1,-3.042479420E-1,-1.613262243E-1,1.464884108E2,1.418826530E2,6.479984424E0,-3.985052501E1
6.218775917E0,2.863314853E-1,8.944806061E-1,-3.034979599E-1,-1.606476443E-1,1.467230914E2,1.421409814E2,6.522325919E0,-3.972320508E1
6.228798917E0,2.843408791E-1,8.955269649E-1,-3.028811619E-1,-1.595137360E-1,1.469610924E2,1.424224296E2,6.514503227E0,-3.959107993E1
6.238821917E0,2.821184810E-1,8.966095699E-1,-3.024747609E-1,-1.581433681E-1,1.472266339E2,1.427393888E2,6.483568817E0,-3.947189493E1
6.248844917E0,2.796195312E-1,8.976360774E-1,-3.023487629E-1,-1.569954355E-1,1.475250031E2,1.430756699E2,6.474689746E0,-3.939360131E1
6.258867917E0,2.769095889E-1,8.985193068E-1,-3.024807668E-1,-1.564915541E-1,1.478483089E2,1.434050149E2,6.528747675E0,-3.937189866E1
6.268890917E0,2.742105469E-1,8.992191341E-1,-3.028515537E-1,-1.565074013E-1,1.481700531E2,1.437080024E2,6.625469481E0,-3.940001906E1
6.278913917E0,2.717802542E-1,8.997549049E-1,-3.034309043E-1,-1.565453545E-1,1.484595403E2,1.439780061E2,6.705832900E0,-3.945456353E1
6.288936917E0,2.696056454E-1,9.001674382E-1,-3.043060414E-1,-1.562343529E-1,1.487183964E2,1.442327503E2,6.729893675E0,-3.952996616E1
6.298959917E0,2.675542582E-1,9.004897563E-1,-3.055379306E-1,-1.554973468E-1,1.489624347E2,1.444904171E2,6.693126313E0,-3.962964040E1
6.308982917E0,2.655529520E-1,9.007190140E-1,-3.071682761E-1,-1.543841695E-1,1.492003762E2,1.447568307E2,6.602161688E0,-3.976053739E1
6.319005917E0,2.636096504E-1,9.008554855E-1,-3.091640136E-1,-1.529275270E-1,1.494312913E2,1.450299181E2,6.461408445E0,-3.992070993E1
6.329028917E0,2.618810817E-1,9.008181645E-1,-3.114814792E-1,-1.514077959E-1,1.496365836E2,1.452797877E2,6.294538916E0,-4.011790266E1
6.339051917E0,2.606358899E-1,9.005424188E-1,-3.139872990E-1,-1.500142157E-1,1.497844061E2,1.454686351E2,6.114494428E0,-4.034578145E1
6.349074917E0,2.600515291E-1,9.000188074E-1,-3.165530095E-1,-1.487740394E-1,1.498537606E2,1.455763136E2,5.921090504E0,-4.059111283E1
6.359097917E0,2.602971136E-1,8.993317716E-1,-3.188872284E-1,-1.475079112E-1,1.498246149E2,1.455937530E2,5.699222793E0,-4.081307891E1
6.369120917E0,2.614431549E-1,8.986030315E-1,-3.206642449E-1,-1.460633016E-1,1.496885778E2,1.455217620E2,5.441817813E0,-4.096737199E1
6.379143917E0,2.633216188E-1,8.979014972E-1,-3.217477982E-1,-1.446130075E-1,1.494655061E2,1.453716750E2,5.177999329E0,-4.104372379E1
6.389166917E0,2.657305061E-1,8.972499702E-1,-3.221584982E-1,-1.433306211E-1,1.491792718E2,1.451576731E2,4.933077457E0,-4.105024860E1
6.399189917E0,2.685207961E-1,8.966683647E-1,-3.219493444E-1,-1.422355196E-1,1.488474709E2,1.448948639E2,4.713652890E0,-4.099313413E1
6.409212917E0,2.715905723E-1,8.961367033E-1,-3.212714756E-1,-1.412875421E-1,1.484821258E2,1.445954686E2,4.514839713E0,-4.088798073E1
6.419235917E0,2.748128043E-1,8.956709806E-1,-3.202171300E-1,-1.404013835E-1,1.480982823E2,1.442769253E2,4.330374256E0,-4.074167785E1
6.429258917E0,2.779272615E-1,8.952717868E-1,-3.190074101E-1,-1.395678295E-1,1.477269279E2,1.439678853E2,4.162220103E0,-4.057868485E1
6.439281917E0,2.806482462E-1,8.949538309E-1,-3.178394366E-1,-1.388245856E-1,1.474022043E2,1.436982371E2,4.018641242E0,-4.042252717E1
6.449304917E0,2.827299106E-1,8.946935531E-1,-3.169521401E-1,-1.383058949E-1,1.471535958E2,1.434892410E2,3.914000899E0,-4.030566918E1
6.459327917E0,2.841759269E-1,8.944295452E-1,-3.164694744E-1,-1.381552621E-1,1.469808078E2,1.433341334E2,3.857445974E0,-4.024848779E1
6.469350917E0,2.850893966E-1,8.940908531E-1,-3.164789996E-1,-1.384434833E-1,1.468716154E2,1.432181037E2,3.848154869E0,-4.026446721E1
6.479373917E0,2.855918555E-1,8.936863066E-1,-3.169061368E-1,-1.390420265E-1,1.468115402E2,1.431333857E2,3.870883905E0,-4.034019109E1
6.489396917E0,2.858912720E-1,8.932244193E-1,-3.176230969E-1,-1.397567053E-1,1.467757369E2,1.430653867E2,3.902387370E0,-4.045361273E1
6.499419917E0,2.862283783E-1,8.927036739E-1,-3.184410618E-1,-1.405306321E-1,1.467354227E2,1.429900228E2,3.934193504E0,-4.058139753E1
6.509442917E0,2.866830901E-1,8.921146506E-1,-3.193439948E-1,-1.412930370E-1,1.466810375E2,1.429014357E2,3.956445167E0,-4.071903527E1
6.519465917E0,2.873424407E-1,8.914769056E-1,-3.203235508E-1,-1.417604403E-1,1.466021629E2,1.428025425E2,3.937440075E0,-4.085399425E1
6.529488917E0,2.882710885E-1,8.907447938E-1,-3.215203738E-1,-1.417682532E-1,1.464910462E2,1.426931013E2,3.852526124E0,-4.099574160E1
6.539511917E0,2.894951542E-1,8.898833543E-1,-3.229729649E-1,-1.413811819E-1,1.463445319E2,1.425673010E2,3.705454249E0,-4.115136469E1
6.549534917E0,2.909545362E-1,8.888601764E-1,-3.247562192E-1,-1.407352761E-1,1.461697773E2,1.424257865E2,3.509232428E0,-4.133490904E1
6.559557917E0,2.925590878E-1,8.877383958E-1,-3.267563400E-1,-1.398575048E-1,1.459775457E2,1.422781001E2,3.274671024E0,-4.153398093E1
6.569580917E0,2.942329025E-1,8.865562610E-1,-3.289059979E-1,-1.388020265E-1,1.457769109E2,1.421307182E2,3.012950760E0,-4.174279891E1
6.579603917E0,2.959835140E-1,8.853594170E-1,-3.310682576E-1,-1.375731087E-1,1.455669549E2,1.419830598E2,2.729560638E0,-4.194569084E1
6.589626917E0,2.977460320E-1,8.841731307E-1,-3.332282204E-1,-1.361770576E-1,1.453554505E2,1.418422308E2,2.428545815E0,-4.214103520E1
6.599649917E0,2.994035832E-1,8.830233225E-1,-3.354083504E-1,-1.346417743E-1,1.451564310E2,1.417201071E2,2.116914922E0,-4.233241651E1
6.609672625E0,3.009787848E-1,8.818821123E-1,-3.376126728E-1,-1.330913973E-1,1.449671986E2,1.416085500E2,1.805880428E0,-4.252565371E1
6.619695625E0,3.026002215E-1,8.807236430E-1,-3.398006210E-1,-1.315083564E-1,1.447723088E2,1.414938905E2,1.489717791E0,-4.271554917E1
6.629718625E0,3.045058491E-1,8.795481674E-1,-3.418225740E-1,-1.297249125E-1,1.445431258E2,1.413569867E2,1.147405870E0,-4.287797798E1
6.639741625E0,3.068013983E-1,8.783697415E-1,-3.435630702E-1,-1.276873441E-1,1.442668536E2,1.411881914E2,7.736390437E-1,-4.299717208E1
6.649764625E0,3.094220472E-1,8.772141381E-1,-3.450002988E-1,-1.254117936E-1,1.439511923E2,1.409936564E2,3.738346645E-1,-4.307092554E1
6.659787625E0,3.123394415E-1,8.761034211E-1,-3.461315835E-1,-1.227995004E-1,1.435994544E2,1.407804775E2,-6.021593645E-2,-4.309458594E1
6.669810625E0,3.156141779E-1,8.750443551E-1,-3.469440904E-1,-1.196451354E-1,1.432042098E2,1.405501639E2,-5.506980995E-1,-4.305796104E1
6.679833625E0,3.191596129E-1,8.740326411E-1,-3.475275924E-1,-1.158825176E-1,1.427757811E2,1.403143603E2,-1.103776231E0,-4.296859702E1
6.689856625E0,3.227883934E-1,8.730245938E-1,-3.480614876E-1,-1.117533277E-1,1.423367216E2,1.400828481E2,-1.694690115E0,-4.285734754E1
6.699879625E0,3.262888577E-1,8.719511768E-1,-3.487791853E-1,-1.076563590E-1,1.419126433E2,1.398624506E2,-2.284606835E0,-4.276794497E1
6.709902625E0,3.295181176E-1,8.708094819E-1,-3.497576876E-1,-1.038189200E-1,1.415209404E2,1.396603508E2,-2.848199597E0,-4.271897841E1
6.719925625E0,3.324462699E-1,8.696145345E-1,-3.509823064E-1,-1.003075818E-1,1.411653569E2,1.394779429E2,-3.377115102E0,-4.271174418E1
6.729948625E0,3.351524769E-1,8.683935614E-1,-3.523164017E-1,-9.715234225E-2,1.408363795E2,1.393052367E2,-3.866186718E0,-4.273157237E1
6.739971625E0,3.377266378E-1,8.671160272E-1,-3.537382467E-1,-9.444487085E-2,1.405231421E2,1.391285639E2,-4.309515497E0,-4.277940744E1
6.749994625E0,3.403605419E-1,8.657454538E-1,-3.551593963E-1,-9.220326964E-2,1.402023165E2,1.389252038E2,-4.710167451E0,-4.284493103E1
6.760017625E0,3.431633706E-1,8.642378399E-1,-3.565833065E-1,-9.044475561E-2,1.398605573E2,1.386820868E2,-5.071630108E0,-4.292862010E1
6.770040625E0,3.460908064E-1,8.626142590E-1,-3.580177323E-1,-8.911224084E-2,1.395032063E2,1.384068061E2,-5.398043194E0,-4.302915860E1
6.780063625E0,3.490161032E-1,8.609144977E-1,-3.595063379E-1,-8.814344285E-2,1.391457052E2,1.381168372E2,-5.691899456E0,-4.314973435E1
6.790086625E0,3.517852249E-1,8.591880364E-1,-3.611182441E-1,-8.738877192E-2,1.388069072E2,1.378365499E2,-5.964102810E0,-4.329326724E1
6.800109625E0,3.543554451E-1,8.574849876E-1,-3.628212086E-1,-8.667503611E-2,1.384921074E2,1.375780163E2,-6.228292827E0,-4.344944171E1
6.810132625E0,3.567931872E-1,8.558740086E-1,-3.644380039E-1,-8.580911857E-2,1.381932305E2,1.373406561E2,-6.498338722E0,-4.358960297E1
6.820155625E0,3.592156300E-1,8.543967615E-1,-3.657918449E-1,-8.465542235E-2,1.378959340E2,1.371154331E2,-6.784633732E0,-4.368703521E1
6.830178625E0,3.617908025E-1,8.530607065E-1,-3.667206772E-1,-8.313118157E-2,1.375795677E2,1.368850057E2,-7.095321499E0,-4.371841439E1
6.840201625E0,3.645829996E-1,8.517897893E-1,-3.673145474E-1,-8.132340841E-2,1.372361559E2,1.366383074E2,-7.428703652E0,-4.369714768E1
6.850224625E0,3.675457650E-1,8.505033200E-1,-3.677424011E-1,-7.949738566E-2,1.368713247E2,1.363704810E2,-7.764329777E0,-4.365375535E1
6.860247625E0,3.705016183E-1,8.491278786E-1,-3.682898254E-1,-7.792913304E-2,1.365068866E2,1.360927899E2,-8.080272795E0,-4.363381150E1
6.870270625E0,3.732558727E-1,8.477268120E-1,-3.690075231E-1,-7.663324389E-2,1.361668879E2,1.358280469E2,-8.368570270E0,-4.364528711E1
6.880293625E0,3.757659493E-1,8.463679555E-1,-3.697945312E-1,-7.558637939E-2,1.358566778E2,1.355818123E2,-8.624875508E0,-4.367600338E1
6.890316625E0,3.780491389E-1,8.451444957E-1,-3.704246476E-1,-7.480193171E-2,1.355742118E2,1.353500699E2,-8.837961497E0,-4.370022968E1
6.900339625E0,3.801115844E-1,8.440745347E-1,-3.708430183E-1,-7.435531209E-2,1.353188108E2,1.351287759E2,-8.998035705E0,-4.371482518E1
6.910362625E0,3.819742328E-1,8.431647950E-1,-3.710334799E-1,-7.418249948E-2,1.350879502E2,1.349180426E2,-9.111387601E0,-4.371535057E1
6.920385625E0,3.837140336E-1,8.423339331E-1,-3.711305652E-1,-7.415685312E-2,1.348721418E2,1.347149298E2,-9.200299333E0,-4.371182471E1
6.930408625E0,3.854267551E-1,8.415212576E-1,-3.712081997E-1,-7.411171384E-2,1.346595274E2,1.345153990E2,-9.288978115E0,-4.370528087E1
6.940431625E0,3.871017025E-1,8.406605768E-1,-3.714379421E-1,-7.399906586E-2,1.344514427E2,1.343239933E2,-9.389916045E0,-4.371378634E1
6.950454625E0,3.886449199E-1,8.397656517E-1,-3.718802101E-1,-7.385027694E-2,1.342595828E2,1.341510734E2,-9.498678467E0,-4.374642352E1
6.960477625E0,3.900278950E-1,8.388450170E-1,-3.725111273E-1,-7.384267997E-2,1.340875298E2,1.339928804E2,-9.595675905E0,-4.380809014E1
6.970500625E0,3.913559422E-1,8.378980616E-1,-3.732062132E-1,-7.405674382E-2,1.339222072E2,1.338328237E2,-9.672074413E0,-4.388686845E1
6.980523625E0,3.927185076E-1,8.369412438E-1,-3.738561176E-1,-7.438426698E-2,1.337524820E2,1.336637318E2,-9.737234123E0,-4.396480978E1
6.990546625E0,3.941678113E-1,8.359662608E-1,-3.744427596E-1,-7.473206277E-2,1.335718346E2,1.334829567E2,-9.801750185E0,-4.403547236E1
7.000569625E0,3.956893336E-1,8.349657157E-1,-3.750037130E-1,-7.506386384E-2,1.333820541E2,1.332939100E2,-9.870299992E0,-4.410180427E1
7.010592625E0,3.972351957E-1,8.339729256E-1,-3.755295161E-1,-7.530544957E-2,1.331890988E2,1.331051244E2,-9.947263931E0,-4.415994010E1
7.020615625E0,3.988200858E-1,8.330281829E-1,-3.759489404E-1,-7.529255264E-2,1.329911259E2,1.329208183E2,-1.004550917E1,-4.419442164E1
7.030638625E0,4.005408679E-1,8.321458176E-1,-3.761541745E-1,-7.488970252E-2,1.327760098E2,1.327338721E2,-1.017713324E1,-4.418595062E1
7.040661625E0,4.024861030E-1,8.313636774E-1,-3.759827000E-1,-7.400226902E-2,1.325326219E2,1.325358337E2,-1.034704578E1,-4.411060228E1
7.050684625E0,4.045988402E-1,8.306573384E-1,-3.755451736E-1,-7.262153826E-2,1.322680183E2,1.323342772E2,-1.055871594E1,-4.398118517E1
7.060707625E0,4.066739614E-1,8.300608340E-1,-3.749619034E-1,-7.084414244E-2,1.320078624E2,1.321504228E2,-1.079902443E1,-4.381759502E1
7.070730625E0,4.085175172E-1,8.295756817E-1,-3.743965877E-1,-6.888185893E-2,1.317765170E2,1.320003878E2,-1.104673930E1,-4.364982315E1
7.080753625E0,4.100897000E-1,8.291495770E-1,-3.739832957E-1,-6.688647960E-2,1.315790605E2,1.318844098E2,-1.129237275E1,-4.350053011E1
7.090776625E0,4.113446646E-1,8.287554197E-1,-3.738190073E-1,-6.495632253E-2,1.314213349E2,1.318054231E2,-1.152942139E1,-4.338586455E1
7.100799625E0,4.121717122E-1,8.284341132E-1,-3.739140695E-1,-6.324368534E-2,1.313173369E2,1.317715072E2,-1.173861187E1,-4.331493696E1
7.110822625E0,4.125495903E-1,8.281950774E-1,-3.742427095E-1,-6.195240073E-2,1.312698060E2,1.317777458E2,-1.189799868E1,-4.329392295E1
7.120845625E0,4.124924076E-1,8.280638110E-1,-3.747149439E-1,-6.122856022E-2,1.312769992E2,1.318164589E2,-1.198946465E1,-4.331856551E1
7.130868625E0,4.120496233E-1,8.280180395E-1,-3.753189925E-1,-6.112942030E-2,1.313326918E2,1.318795299E2,-1.200913111E1,-4.338938249E1
7.140891625E0,4.112925289E-1,8.280488489E-1,-3.760372170E-1,-6.139790626E-2,1.314278893E2,1.319677519E2,-1.198418347E1,-4.349253001E1
7.150914625E0,4.103934207E-1,8.281198874E-1,-3.768318747E-1,-6.158313112E-2,1.315408975E2,1.320768488E2,-1.196430171E1,-4.360255961E1
7.160937625E0,4.095177989E-1,8.281589154E-1,-3.777447755E-1,-6.129292899E-2,1.316509054E2,1.322022324E2,-1.199731466E1,-4.370606087E1
7.170960625E0,4.087479762E-1,8.281399282E-1,-3.787696393E-1,-6.035795384E-2,1.317475823E2,1.323405504E2,-1.210318896E1,-4.379455696E1
7.180983625E0,4.080588752E-1,8.280617458E-1,-3.799071406E-1,-5.892597252E-2,1.318340909E2,1.324892717E2,-1.226656965E1,-4.387497540E1
7.191006625E0,4.074172737E-1,8.278831696E-1,-3.812233445E-1,-5.735393722E-2,1.319146102E2,1.326396113E2,-1.245479267E1,-4.397065179E1
7.201029625E0,4.067306594E-1,8.276004275E-1,-3.827754655E-1,-5.595221733E-2,1.320007506E2,1.327915840E2,-1.263626377E1,-4.410233014E1
7.211052625E0,4.059255492E-1,8.272181134E-1,-3.845930483E-1,-5.498041637E-2,1.321017203E2,1.329445904E2,-1.278367805E1,-4.428500494E1
7.221075625E0,4.049129817E-1,8.267103071E-1,-3.867756018E-1,-5.477388627E-2,1.322286515E2,1.330975125E2,-1.286511901E1,-4.454498921E1
7.231098625E0,4.036770043E-1,8.261360352E-1,-3.891742422E-1,-5.556521443E-2,1.323835041E2,1.332411766E2,-1.284959692E1,-4.487411756E1
7.241121625E0,4.023480615E-1,8.255740281E-1,-3.914678104E-1,-5.741559806E-2,1.325499011E2,1.333529628E2,-1.272142494E1,-4.523510762E1
7.251144625E0,4.012615474E-1,8.250480986E-1,-3.932685135E-1,-6.020471844E-2,1.326858648E2,1.333920411E2,-1.248966390E1,-4.557332244E1
7.261167625E0,4.006462245E-1,8.245905735E-1,-3.943042933E-1,-6.369458286E-2,1.327628334E2,1.333370420E2,-1.217563593E1,-4.584483338E1
7.271190625E0,4.004664787E-1,8.242109990E-1,-3.946286555E-1,-6.760942450E-2,1.327853129E2,1.332038807E2,-1.180738586E1,-4.604601635E1
7.281213625E0,4.005894210E-1,8.238770063E-1,-3.944912778E-1,-7.163381633E-2,1.327699376E2,1.330240162E2,-1.142138238E1,-4.619566202E1
7.291236625E0,4.009020558E-1,8.235872046E-1,-3.940785759E-1,-7.539126056E-2,1.327308351E2,1.328286113E2,-1.105733900E1,-4.630163488E1
7.301259625E0,4.013740162E-1,8.232593864E-1,-3.936395743E-1,-7.868149643E-2,1.326717940E2,1.326323924E2,-1.074526433E1,-4.638497195E1
7.311282625E0,4.020598087E-1,8.228594549E-1,-3.932283475E-1,-8.137390033E-2,1.325859793E2,1.324353104E2,-1.050282830E1,-4.644553445E1
7.321305625E0,4.029763551E-1,8.223752087E-1,-3.928719327E-1,-8.343161485E-2,1.324712457E2,1.322375341E2,-1.033551326E1,-4.648424141E1
7.331328625E0,4.041419789E-1,8.218095769E-1,-3.925422811E-1,-8.490484740E-2,1.323252594E2,1.320347806E2,-1.023782245E1,-4.649931654E1
7.341351625E0,4.056133570E-1,8.211283153E-1,-3.922137043E-1,-8.599157228E-2,1.321408621E2,1.318119135E2,-1.019238921E1,-4.649550777E1
7.351374625E0,4.074661957E-1,8.203237319E-1,-3.918041212E-1,-8.677510326E-2,1.319084715E2,1.315556972E2,-1.019078899E1,-4.646595786E1
7.361397625E0,4.097403869E-1,8.193915701E-1,-3.912737874E-1,-8.726422798E-2,1.316229453E2,1.312604962E2,-1.023198890E1,-4.640584240E1
7.371420625E0,4.125189074E-1,8.182753951E-1,-3.906419640E-1,-8.747817592E-2,1.312736657E2,1.309154932E2,-1.031920037E1,-4.631728384E1
7.381443625E0,4.156708278E-1,8.169861441E-1,-3.900153036E-1,-8.740415552E-2,1.308768624E2,1.305372214E2,-1.045248173E1,-4.621294642E1
7.391466625E0,4.190330400E-1,8.155921581E-1,-3.894150692E-1,-8.704418982E-2,1.304528914E2,1.301448248E2,-1.062443009E1,-4.609646473E1
7.401489625E0,4.223733779E-1,8.142450606E-1,-3.887709811E-1,-8.638772104E-2,1.300309606E2,1.297656130E2,-1.082042517E1,-4.596098535E1
7.411512625E0,4.256000774E-1,8.130599544E-1,-3.879407093E-1,-8.543977520E-2,1.296226955E2,1.294089563E2,-1.102748551E1,-4.579089541E1
7.421535625E0,4.286896838E-1,8.120835173E-1,-3.868608859E-1,-8.416779385E-2,1.292311342E2,1.290782515E2,-1.124378808E1,-4.557754668E1
7.431558625E0,4.316796866E-1,8.113197110E-1,-3.854761302E-1,-8.259017409E-2,1.288515908E2,1.287673723E2,-1.146623136E1,-4.531499590E1
7.441581625E0,4.345325752E-1,8.107064112E-1,-3.839238406E-1,-8.086399722E-2,1.284888907E2,1.284755261E2,-1.168558390E1,-4.502681395E1
7.451604625E0,4.372679056E-1,8.101331719E-1,-3.823728788E-1,-7.919561423E-2,1.281406155E2,1.281936940E2,-1.189277463E1,-4.474194425E1
7.461627625E0,4.398217728E-1,8.095507024E-1,-3.809815270E-1,-7.770199313E-2,1.278149798E2,1.279268469E2,-1.208253684E1,-4.448486101E1
7.471650625E0,4.419806609E-1,8.089924885E-1,-3.799251795E-1,-7.642785176E-2,1.275393529E2,1.277015515E2,-1.225013929E1,-4.428031688E1
7.481673625E0,4.436564828E-1,8.085220243E-1,-3.791883893E-1,-7.534743837E-2,1.273251742E2,1.275301276E2,-1.239315516E1,-4.412651398E1
7.491696625E0,4.448760440E-1,8.081546302E-1,-3.787189999E-1,-7.445316654E-2,1.271691833E2,1.274096499E2,-1.251097846E1,-4.401701549E1
7.501719625E0,4.456889092E-1,8.078664933E-1,-3.785241339E-1,-7.370588184E-2,1.270651532E2,1.273359683E2,-1.261031848E1,-4.395041910E1
7.511742625E0,4.462113404E-1,8.076679184E-1,-3.784895524E-1,-7.289533472E-2,1.269982679E2,1.273018421E2,-1.271033777E1,-4.390254710E1
7.521765625E0,4.466034536E-1,8.075205309E-1,-3.785302242E-1,-7.190895095E-2,1.269480540E2,1.272909792E2,-1.282476123E1,-4.385659137E1
7.531788625E0,4.469320515E-1,8.074186619E-1,-3.785896091E-1,-7.068861003E-2,1.269059654E2,1.272967450E2,-1.295919421E1,-4.380263196E1
7.541811625E0,4.471672942E-1,8.073504473E-1,-3.787200325E-1,-6.926638570E-2,1.268758296E2,1.273220567E2,-1.311215519E1,-4.374862057E1
7.551834625E0,4.473330788E-1,8.072618335E-1,-3.789833028E-1,-6.777145806E-2,1.268545893E2,1.273597541E2,-1.327616716E1,-4.370750400E1
7.561857625E0,4.474890854E-1,8.070605823E-1,-3.794792447E-1,-6.634948661E-2,1.268345999E2,1.273981669E2,-1.344604162E1,-4.369689986E1
7.571880625E0,4.476187923E-1,8.067832561E-1,-3.801431419E-1,-6.503452601E-2,1.268179791E2,1.274375168E2,-1.361407628E1,-4.371115158E1
7.581903625E0,4.476608338E-1,8.065728168E-1,-3.807672946E-1,-6.368947256E-2,1.268125915E2,1.274883487E2,-1.377848748E1,-4.372074926E1
7.591926625E0,4.476155891E-1,8.064481254E-1,-3.813191865E-1,-6.226910269E-2,1.268183895E2,1.275519350E2,-1.394174450E1,-4.371990073E1
7.601949625E0,4.475534858E-1,8.064151876E-1,-3.817172002E-1,-6.068275853E-2,1.268263477E2,1.276218984E2,-1.411132620E1,-4.369415137E1
7.611973167E0,4.475944946E-1,8.064179272E-1,-3.819503145E-1,-5.885012926E-2,1.268210927E2,1.276860200E2,-1.430018358E1,-4.363703842E1
7.621996167E0,4.478192216E-1,8.064217415E-1,-3.820020497E-1,-5.671391625E-2,1.267922933E2,1.277358924E2,-1.451686995E1,-4.354297984E1
7.632019167E0,4.480476786E-1,8.064282110E-1,-3.820320794E-1,-5.457456329E-2,1.267630123E2,1.277845945E2,-1.473307281E1,-4.344649874E1
7.642042167E0,4.479618887E-1,8.064363032E-1,-3.823478435E-1,-5.292381875E-2,1.267740083E2,1.278578046E2,-1.490369694E1,-4.340983398E1
7.652065167E0,4.473848984E-1,8.064172107E-1,-3.831715194E-1,-5.213010930E-2,1.268479497E2,1.279674465E2,-1.499727279E1,-4.347782202E1
7.662088167E0,4.463566628E-1,8.064304659E-1,-3.843232031E-1,-5.226323012E-2,1.269796593E2,1.281040848E2,-1.499869963E1,-4.363199860E1
7.672111167E0,4.451203060E-1,8.065407642E-1,-3.854049020E-1,-5.313113910E-2,1.271379277E2,1.282391364E2,-1.491573855E1,-4.381374907E1
7.682134167E0,4.439056760E-1,8.068476986E-1,-3.859951897E-1,-5.433405230E-2,1.272933091E2,1.283531209E2,-1.477431405E1,-4.395270498E1
7.692157167E0,4.428718138E-1,8.073332303E-1,-3.859840629E-1,-5.562332440E-2,1.274254836E2,1.284340742E2,-1.460002661E1,-4.402274805E1
7.702180167E0,4.420952160E-1,8.079624617E-1,-3.853941124E-1,-5.674514706E-2,1.275247185E2,1.284823675E2,-1.442224322E1,-4.401432429E1
7.712203167E0,4.416638219E-1,8.086088889E-1,-3.844369785E-1,-5.738381933E-2,1.275798244E2,1.285014616E2,-1.428714982E1,-4.393704795E1
7.722226167E0,4.416347617E-1,8.091455026E-1,-3.833511071E-1,-5.730747032E-2,1.275835361E2,1.284956713E2,-1.423279195E1,-4.380769142E1
7.732249167E0,4.420082460E-1,8.094868078E-1,-3.823321649E-1,-5.640799335E-2,1.275358290E2,1.284708582E2,-1.428024470E1,-4.364413713E1
7.742272167E0,4.427246160E-1,8.096729494E-1,-3.813600689E-1,-5.467348194E-2,1.274442960E2,1.284339814E2,-1.442660999E1,-4.344418750E1
7.752295167E0,4.436009332E-1,8.097974722E-1,-3.804032301E-1,-5.234322484E-2,1.273322769E2,1.283978776E2,-1.463850463E1,-4.321720155E1
7.762318167E0,4.444479374E-1,8.099294340E-1,-3.794742714E-1,-4.979559536E-2,1.272239533E2,1.283720915E2,-1.487145317E1,-4.298408848E1
7.772340167E0,4.452335968E-1,8.100214195E-1,-3.786708471E-1,-4.733615816E-2,1.271234296E2,1.283509426E2,-1.510016936E1,-4.277031037E1
7.782364167E0,4.459801439E-1,8.100712371E-1,-3.779687649E-1,-4.501057935E-2,1.270278697E2,1.283299973E2,-1.531999103E1,-4.257478572E1
7.792387167E0,4.466742814E-1,8.100837758E-1,-3.773845464E-1,-4.274579738E-2,1.269389827E2,1.283138143E2,-1.553818834E1,-4.239637940E1
7.802410167E0,4.473277683E-1,8.100953451E-1,-3.768436969E-1,-4.040015667E-2,1.268552697E2,1.283049532E2,-1.576481731E1,-4.222001905E1
7.812433167E0,4.479630056E-1,8.101162288E-1,-3.763001080E-1,-3.793469247E-2,1.267738651E2,1.283012803E2,-1.600218625E1,-4.203833035E1
7.822455167E0,4.485654948E-1,8.101185680E-1,-3.758178848E-1,-3.546547720E-2,1.266966305E2,1.283014807E2,-1.624202534E1,-4.186414826E1
7.832479167E0,4.490464957E-1,8.101210546E-1,-3.754475404E-1,-3.317018091E-2,1.266349509E2,1.283116224E2,-1.646580649E1,-4.171257953E1
7.842501167E0,4.492825181E-1,8.101825258E-1,-3.751971671E-1,-3.125169851E-2,1.266046793E2,1.283410947E2,-1.664852545E1,-4.159547664E1
7.852524167E0,4.491627999E-1,8.103694471E-1,-3.750547529E-1,-2.980098291E-2,1.266200345E2,1.284011953E2,-1.677545563E1,-4.151723937E1
7.862547167E0,4.486967190E-1,8.107232910E-1,-3.749323795E-1,-2.871888365E-2,1.266798050E2,1.284931356E2,-1.685171312E1,-4.146315917E1
7.872570167E0,4.480264366E-1,8.112108668E-1,-3.747419390E-1,-2.788852751E-2,1.267657350E2,1.286017036E2,-1.689038588E1,-4.141553822E1
7.882593167E0,4.472614924E-1,8.117675634E-1,-3.744916499E-1,-2.732285359E-2,1.268637611E2,1.287128263E2,-1.689578330E1,-4.137405722E1
7.892616167E0,4.463718989E-1,8.123643628E-1,-3.742727392E-1,-2.713218124E-2,1.269777082E2,1.288279945E2,-1.686078377E1,-4.135453408E1
7.902639167E0,4.453209040E-1,8.129775784E-1,-3.741737152E-1,-2.740236362E-2,1.271122561E2,1.289502090E2,-1.678012734E1,-4.137147297E1
7.912662167E0,4.441119427E-1,8.135813109E-1,-3.742404547E-1,-2.817982546E-2,1.272669298E2,1.290779258E2,-1.665188975E1,-4.143200608E1
7.922685167E0,4.428061490E-1,8.141688380E-1,-3.744166285E-1,-2.939276961E-2,1.274338760E2,1.292047266E2,-1.648274737E1,-4.152533464E1
7.932708167E0,4.414692299E-1,8.147134806E-1,-3.746892133E-1,-3.090265938E-2,1.276046772E2,1.293263848E2,-1.628849000E1,-4.164284073E1
7.942731167E0,4.401850154E-1,8.152302431E-1,-3.749440753E-1,-3.245985900E-2,1.277686271E2,1.294388793E2,-1.609107624E1,-4.175913097E1
7.952754167E0,4.390609590E-1,8.157092842E-1,-3.750990071E-1,-3.383165462E-2,1.279120361E2,1.295355856E2,-1.591369387E1,-4.185306156E1
7.962777167E0,4.381728195E-1,8.161328811E-1,-3.751240212E-1,-3.483616154E-2,1.280252843E2,1.296130081E2,-1.577595571E1,-4.191231050E1
7.972800167E0,4.375344212E-1,8.165260269E-1,-3.749676564E-1,-3.532965898E-2,1.281066540E2,1.296739659E2,-1.568969770E1,-4.192464780E1
7.982823167E0,4.371155026E-1,8.168991319E-1,-3.746345909E-1,-3.542328821E-2,1.281600336E2,1.297187439E2,-1.564300464E1,-4.189593394E1
7.992846167E0,4.368429179E-1,8.172213656E-1,-3.742534359E-1,-3.538141531E-2,1.281947606E2,1.297492575E2,-1.561375438E1,-4.185364817E1
8.002869167E0,4.366717595E-1,8.174657120E-1,-3.739279990E-1,-3.529219044E-2,1.282165633E2,1.297694599E2,-1.559687473E1,-4.181435861E1
8.012892167E0,4.366300763E-1,8.175863363E-1,-3.737257784E-1,-3.515386448E-2,1.282218728E2,1.297767321E2,-1.559746415E1,-4.178544621E1
8.022915167E0,4.367804352E-1,8.175695618E-1,-3.736049013E-1,-3.495899853E-2,1.282027201E2,1.297630284E2,-1.561689361E1,-4.176079452E1
8.032938167E0,4.371210871E-1,8.174255882E-1,-3.735445470E-1,-3.471191263E-2,1.281593221E2,1.297281467E2,-1.565353144E1,-4.173817103E1
8.042961167E0,4.376024041E-1,8.172176356E-1,-3.734702843E-1,-3.434139968E-2,1.280979903E2,1.296796614E2,-1.570796031E1,-4.170653893E1
8.052984167E0,4.382140813E-1,8.169994835E-1,-3.732816350E-1,-3.377781202E-2,1.280200242E2,1.296198278E2,-1.578102852E1,-4.165130303E1
8.063007167E0,4.390370828E-1,8.167487309E-1,-3.729339024E-1,-3.299055104E-2,1.279150813E2,1.295388981E2,-1.587703067E1,-4.156468752E1
8.073030167E0,4.400570155E-1,8.164904761E-1,-3.723901870E-1,-3.191456307E-2,1.277849620E2,1.294400417E2,-1.599955887E1,-4.143969453E1
8.083053167E0,4.411685332E-1,8.162687626E-1,-3.716763247E-1,-3.053693011E-2,1.276430761E2,1.293369178E2,-1.614630939E1,-4.128028673E1
8.093076167E0,4.423277402E-1,8.160618005E-1,-3.708806976E-1,-2.892742626E-2,1.274950106E2,1.292334936E2,-1.631324070E1,-4.110034576E1
8.103099167E0,4.435093481E-1,8.158365256E-1,-3.700967241E-1,-2.717590860E-2,1.273439867E2,1.291310660E2,-1.649552854E1,-4.091498182E1
8.113122167E0,4.445841138E-1,8.156066777E-1,-3.694353346E-1,-2.545793983E-2,1.272065329E2,1.290416745E2,-1.667621217E1,-4.074672127E1
8.123145167E0,4.453791720E-1,8.154097044E-1,-3.690033927E-1,-2.410266577E-2,1.271047987E2,1.289784034E2,-1.682118570E1,-4.062509657E1
8.133168167E0,4.458087537E-1,8.152925151E-1,-3.687911622E-1,-2.336372615E-2,1.270498116E2,1.289444954E2,-1.690131268E1,-4.056148856E1
8.143191167E0,4.459445087E-1,8.152951071E-1,-3.686246189E-1,-2.330796587E-2,1.270324320E2,1.289268705E2,-1.690385131E1,-4.053747999E1
8.153214167E0,4.458931528E-1,8.154256149E-1,-3.683619387E-1,-2.387203822E-2,1.270390068E2,1.289122640E2,-1.683211790E1,-4.053215086E1
8.163237167E0,4.456721558E-1,8.156950597E-1,-3.679595627E-1,-2.497036402E-2,1.270672978E2,1.289004665E2,-1.669292585E1,-4.053649629E1
8.173260167E0,4.452693162E-1,8.160650247E-1,-3.675166837E-1,-2.654690903E-2,1.271188583E2,1.288959632E2,-1.649668068E1,-4.055988830E1
8.183283167E0,4.447158438E-1,8.164693183E-1,-3.671508279E-1,-2.839011716E-2,1.271896801E2,1.289026935E2,-1.627191854E1,-4.060627728E1
8.193306167E0,4.441110998E-1,8.168406531E-1,-3.669172290E-1,-3.014180340E-2,1.272670376E2,1.289200546E2,-1.606107870E1,-4.066486832E1
8.203329167E0,4.435152276E-1,8.171709580E-1,-3.667807997E-1,-3.158655522E-2,1.273432349E2,1.289469168E2,-1.588589848E1,-4.072118338E1
8.213352167E0,4.429833976E-1,8.175017265E-1,-3.665945106E-1,-3.263590638E-2,1.274112217E2,1.289775429E2,-1.574942221E1,-4.075344127E1
8.223375167E0,4.425763433E-1,8.178733352E-1,-3.661937362E-1,-3.333819932E-2,1.274632443E2,1.290009206E2,-1.564073490E1,-4.074378007E1
8.233398167E0,4.423093220E-1,8.182575670E-1,-3.656042493E-1,-3.392056340E-2,1.274973639E2,1.290083143E2,-1.553986727E1,-4.070495525E1
8.243421167E0,4.421314412E-1,8.186240760E-1,-3.649384134E-1,-3.456066866E-2,1.275200905E2,1.290017764E2,-1.543334177E1,-4.065855785E1
8.253444167E0,4.420835835E-1,8.188951434E-1,-3.643204774E-1,-3.526428922E-2,1.275262046E2,1.289775492E2,-1.532920624E1,-4.061866873E1
8.263467167E0,4.422320879E-1,8.190414351E-1,-3.637537287E-1,-3.585027793E-2,1.275072318E2,1.289332234E2,-1.524823035E1,-4.057677546E1
8.273490167E0,4.426202182E-1,8.190499699E-1,-3.632277150E-1,-3.619609282E-2,1.274576375E2,1.288672216E2,-1.520367312E1,-4.052564496E1
8.283513167E0,4.432070920E-1,8.189651915E-1,-3.626975708E-1,-3.624976683E-2,1.273826281E2,1.287857640E2,-1.519622975E1,-4.045834845E1
8.293536167E0,4.439151169E-1,8.188327239E-1,-3.621552673E-1,-3.600000461E-2,1.272921017E2,1.286987212E2,-1.522299359E1,-4.037449942E1
8.303559167E0,4.446697773E-1,8.186480786E-1,-3.616938858E-1,-3.552001523E-2,1.271955737E2,1.286140592E2,-1.527854808E1,-4.028906860E1
8.313582167E0,4.454103396E-1,8.184617474E-1,-3.612666432E-1,-3.487626426E-2,1.271008097E2,1.285366230E2,-1.535114883E1,-4.020044004E1
8.323605167E0,4.460854899E-1,8.183069420E-1,-3.608549106E-1,-3.413515408E-2,1.270143819E2,1.284704742E2,-1.543103018E1,-4.011015293E1
8.333628167E0,4.466879370E-1,8.182184547E-1,-3.603869752E-1,-3.331135178E-2,1.269372337E2,1.284151651E2,-1.551252986E1,-4.001071079E1
8.343651167E0,4.472265948E-1,8.181698172E-1,-3.599060797E-1,-3.246873091E-2,1.268682322E2,1.283680869E2,-1.559223405E1,-3.990982329E1
8.353674167E0,4.477122951E-1,8.181106641E-1,-3.595010274E-1,-3.174131845E-2,1.268059967E2,1.283247557E2,-1.566249584E1,-3.982352294E1
8.363697167E0,4.481099084E-1,8.179928848E-1,-3.593114720E-1,-3.131293788E-2,1.267550357E2,1.282857255E2,-1.571155212E1,-3.977663316E1
8.373720167E0,4.483606190E-1,8.178016434E-1,-3.594333396E-1,-3.131932313E-2,1.267228970E2,1.282554248E2,-1.572887190E1,-3.978714707E1
8.383743167E0,4.484630990E-1,8.175510593E-1,-3.598375911E-1,-3.174865200E-2,1.267097587E2,1.282340843E2,-1.571398848E1,-3.985125868E1
8.393766167E0,4.484868277E-1,8.173118338E-1,-3.602911755E-1,-3.242236937E-2,1.267067165E2,1.282155918E2,-1.567458068E1,-3.993315199E1
8.403789167E0,4.484986921E-1,8.171237746E-1,-3.606365267E-1,-3.315127805E-2,1.267051954E2,1.281954533E2,-1.562336821E1,-4.000524629E1
8.413812167E0,4.485409232E-1,8.169937305E-1,-3.608171471E-1,-3.381395294E-2,1.266997809E2,1.281714927E2,-1.557091980E1,-4.005498939E1
8.423835167E0,4.486049021E-1,8.169204582E-1,-3.608529087E-1,-3.434652052E-2,1.266915778E2,1.281470719E2,-1.552412011E1,-4.008194130E1
8.433858167E0,4.486843911E-1,8.169294144E-1,-3.607035191E-1,-3.466380200E-2,1.266813857E2,1.281252666E2,-1.548869983E1,-4.007775569E1
8.443881167E0,4.488251826E-1,8.169828777E-1,-3.603938030E-1,-3.480324485E-2,1.266633323E2,1.280994432E2,-1.546444361E1,-4.004627351E1
8.453904167E0,4.490594559E-1,8.170841144E-1,-3.598708449E-1,-3.481612071E-2,1.266332888E2,1.280633009E2,-1.544489176E1,-3.998323064E1
8.463927167E0,4.493517864E-1,8.172159919E-1,-3.592055569E-1,-3.481738511E-2,1.265957943E2,1.280185148E2,-1.542119082E1,-3.990247766E1
8.473950167E0,4.495938990E-1,8.173664562E-1,-3.585470546E-1,-3.494991588E-2,1.265647362E2,1.279760536E2,-1.538283990E1,-3.982920417E1
8.483973167E0,4.496847465E-1,8.175334630E-1,-3.580180905E-1,-3.529377094E-2,1.265530812E2,1.279475576E2,-1.532434524E1,-3.978260057E1
8.493996167E0,4.496096619E-1,8.176815038E-1,-3.577205127E-1,-3.583601122E-2,1.265627140E2,1.279365038E2,-1.525196548E1,-3.977398352E1
8.504019167E0,4.494239629E-1,8.178330850E-1,-3.575462566E-1,-3.644064991E-2,1.265865360E2,1.279388338E2,-1.517540885E1,-3.978396880E1
8.514042167E0,4.492276007E-1,8.179463968E-1,-3.574713827E-1,-3.704537289E-2,1.266117232E2,1.279436016E2,-1.510387264E1,-3.980551252E1
8.524065167E0,4.491961381E-1,8.179752463E-1,-3.573901025E-1,-3.757024867E-2,1.266157586E2,1.279300460E2,-1.504712634E1,-3.982033934E1
8.534088167E0,4.494715678E-1,8.178915216E-1,-3.571960795E-1,-3.794472342E-2,1.265804293E2,1.278813454E2,-1.501249153E1,-3.981104757E1
8.544111167E0,4.499455301E-1,8.177553241E-1,-3.568793670E-1,-3.824057322E-2,1.265196215E2,1.278087240E2,-1.498758189E1,-3.978131765E1
8.554134167E0,4.503763552E-1,8.176350369E-1,-3.565671431E-1,-3.865217935E-2,1.264643339E2,1.277379369E2,-1.494976582E1,-3.975803137E1
8.564157167E0,4.506836058E-1,8.175265931E-1,-3.563668192E-1,-3.920695831E-2,1.264248963E2,1.276794442E2,-1.489876150E1,-3.975589726E1
8.574180167E0,4.509962721E-1,8.174096356E-1,-3.561848712E-1,-3.969959175E-2,1.263847566E2,1.276224386E2,-1.485504248E1,-3.975302776E1
8.584203167E0,4.513901555E-1,8.173290719E-1,-3.558514686E-1,-3.987308925E-2,1.263341802E2,1.275636055E2,-1.483740172E1,-3.971719054E1
8.594226167E0,4.519091940E-1,8.173212747E-1,-3.552373469E-1,-3.962939618E-2,1.262675160E2,1.274989910E2,-1.485004599E1,-3.962846141E1
8.604249167E0,4.525177945E-1,8.173885200E-1,-3.543704073E-1,-3.905657836E-2,1.261893237E2,1.274304931E2,-1.488436239E1,-3.949452836E1
8.614271125E0,4.531359834E-1,8.175079642E-1,-3.533739715E-1,-3.840918169E-2,1.261098718E2,1.273614437E2,-1.491900349E1,-3.934224597E1
8.624294125E0,4.537039121E-1,8.176223718E-1,-3.524280908E-1,-3.796035990E-2,1.260368548E2,1.272929949E2,-1.493490853E1,-3.920557231E1
8.634317125E0,4.542038370E-1,8.176870672E-1,-3.516502707E-1,-3.780106589E-2,1.259725612E2,1.272259717E2,-1.492906119E1,-3.910235629E1
8.644340125E0,4.546778837E-1,8.176868354E-1,-3.510306067E-1,-3.786582452E-2,1.259115788E2,1.271570715E2,-1.490913911E1,-3.902788018E1
8.654363125E0,4.551264526E-1,8.176933471E-1,-3.504173490E-1,-3.801527725E-2,1.258538586E2,1.270888610E2,-1.488019461E1,-3.895846166E1
8.664386125E0,4.554558302E-1,8.177621940E-1,-3.498040491E-1,-3.823844481E-2,1.258114660E2,1.270334888E2,-1.483881528E1,-3.889423676E1
8.674409125E0,4.556155878E-1,8.179295380E-1,-3.491701394E-1,-3.854803448E-2,1.257909015E2,1.269967127E2,-1.478043300E1,-3.883418263E1
8.684432125E0,4.556809997E-1,8.181189671E-1,-3.485906835E-1,-3.899778350E-2,1.257824810E2,1.269682267E2,-1.470738698E1,-3.878823668E1
8.694455125E0,4.557388884E-1,8.182827919E-1,-3.480664188E-1,-3.956303596E-2,1.257750286E2,1.269377878E2,-1.462593118E1,-3.875409372E1
8.704478125E0,4.558177241E-1,8.184393674E-1,-3.475201535E-1,-4.020984257E-2,1.257648792E2,1.269019628E2,-1.453628382E1,-3.872102250E1
8.714501125E0,4.558733579E-1,8.186473200E-1,-3.468672988E-1,-4.097721024E-2,1.257577166E2,1.268642645E2,-1.442800931E1,-3.868191346E1
8.724524125E0,4.558210748E-1,8.189436123E-1,-3.461258515E-1,-4.189776064E-2,1.257644478E2,1.268345639E2,-1.429527548E1,-3.864154884E1
8.734547125E0,4.555847153E-1,8.193658605E-1,-3.453118062E-1,-4.291885234E-2,1.257948757E2,1.268242779E2,-1.414076967E1,-3.860035368E1
8.744570125E0,4.551926653E-1,8.198671130E-1,-3.445018702E-1,-4.400130985E-2,1.258453373E2,1.268317888E2,-1.397384830E1,-3.856473530E1
8.754593125E0,4.547618402E-1,8.204016193E-1,-3.436670254E-1,-4.500967320E-2,1.259007767E2,1.268462095E2,-1.381108158E1,-3.852343178E1
8.764616125E0,4.544200714E-1,8.208846011E-1,-3.428585856E-1,-4.581362433E-2,1.259447464E2,1.268560298E2,-1.367346940E1,-3.847439957E1
8.774639125E0,4.542812397E-1,8.212247051E-1,-3.421563559E-1,-4.634214581E-2,1.259626051E2,1.268499571E2,-1.357722829E1,-3.842180085E1
8.784662125E0,4.544131593E-1,8.213844838E-1,-3.415645720E-1,-4.658141347E-2,1.259456356E2,1.268199216E2,-1.352681234E1,-3.836456158E1
8.794685125E0,4.548230585E-1,8.213703435E-1,-3.410485892E-1,-4.661022084E-2,1.258928998E2,1.267621780E2,-1.351294326E1,-3.830235976E1
8.804708125E0,4.554129668E-1,8.212568421E-1,-3.405483483E-1,-4.650837298E-2,1.258169832E2,1.266859407E2,-1.352028625E1,-3.823343583E1
8.814731125E0,4.559991663E-1,8.211444997E-1,-3.400528489E-1,-4.637445137E-2,1.257415184E2,1.266111642E2,-1.353076117E1,-3.816358927E1
8.824754125E0,4.565771260E-1,8.210685510E-1,-3.394781344E-1,-4.624185739E-2,1.256670894E2,1.265365298E2,-1.353624495E1,-3.808500221E1
8.834777125E0,4.571898991E-1,8.210124536E-1,-3.388173140E-1,-4.602998518E-2,1.255881501E2,1.264590311E2,-1.354596275E1,-3.799253241E1
8.844800125E0,4.578084883E-1,8.209362099E-1,-3.381969545E-1,-4.580403592E-2,1.255084331E2,1.263815671E2,-1.355946900E1,-3.790387721E1
8.854823125E0,4.584403750E-1,8.206968369E-1,-3.379107564E-1,-4.588628550E-2,1.254269731E2,1.262962860E2,-1.356252907E1,-3.786723325E1
8.864846125E0,4.590742004E-1,8.202231274E-1,-3.381164962E-1,-4.649891101E-2,1.253452331E2,1.261994222E2,-1.354223988E1,-3.791107462E1
8.874869125E0,4.597925302E-1,8.194647792E-1,-3.388229195E-1,-4.761590787E-2,1.252525587E2,1.260812779E2,-1.350542177E1,-3.803415773E1
8.884892125E0,4.606646328E-1,8.185196782E-1,-3.397274752E-1,-4.897923198E-2,1.251399933E2,1.259377994E2,-1.346315015E1,-3.818941425E1
8.894915125E0,4.616623962E-1,8.175440840E-1,-3.405411412E-1,-5.021158475E-2,1.250111380E2,1.257812415E2,-1.343427044E1,-3.832675164E1
8.904938125E0,4.626708649E-1,8.167111148E-1,-3.410530357E-1,-5.100556816E-2,1.248808235E2,1.256338114E2,-1.343116407E1,-3.840916942E1
8.914961125E0,4.635700679E-1,8.161159802E-1,-3.412149850E-1,-5.128289442E-2,1.247645630E2,1.255127982E2,-1.345305199E1,-3.842890116E1
8.924984125E0,4.644378715E-1,8.157472585E-1,-3.409687842E-1,-5.093417140E-2,1.246523037E2,1.254112079E2,-1.351022041E1,-3.837298580E1
8.935007125E0,4.653840050E-1,8.154796050E-1,-3.404441613E-1,-5.008489133E-2,1.245298459E2,1.253122656E2,-1.360271204E1,-3.826048534E1
8.945030125E0,4.663201498E-1,8.151466027E-1,-3.400749970E-1,-4.929988520E-2,1.244086132E2,1.252138263E2,-1.369741892E1,-3.816851092E1
8.955053125E0,4.670427786E-1,8.146452870E-1,-3.403210714E-1,-4.904626654E-2,1.243149850E2,1.251321107E2,-1.376725324E1,-3.817399760E1
8.965076125E0,4.674452177E-1,8.140283625E-1,-3.412058813E-1,-4.931016903E-2,1.242628250E2,1.250815981E2,-1.381043742E1,-3.828048444E1
8.975099125E0,4.676433712E-1,8.134334176E-1,-3.422880437E-1,-4.974742151E-2,1.242371378E2,1.250536798E2,-1.383962589E1,-3.842032211E1
8.985122125E0,4.678812269E-1,8.129615204E-1,-3.430432521E-1,-5.002160783E-2,1.242062999E2,1.250224600E2,-1.386740134E1,-3.851508710E1
8.995145125E0,4.683228416E-1,8.127074382E-1,-3.430549900E-1,-4.993706126E-2,1.241490330E2,1.249689725E2,-1.389554317E1,-3.850627153E1
9.005168125E0,4.690338800E-1,8.126563983E-1,-3.422559278E-1,-4.957584169E-2,1.240567963E2,1.248815553E2,-1.391504926E1,-3.838939951E1
9.015191125E0,4.699796974E-1,8.127713117E-1,-3.407508428E-1,-4.909945586E-2,1.239340427E2,1.247605466E2,-1.391479520E1,-3.818465391E1
9.025214125E0,4.710593943E-1,8.130162270E-1,-3.387403117E-1,-4.860905621E-2,1.237938278E2,1.246176736E2,-1.389207122E1,-3.792102401E1
9.035237125E0,4.722854461E-1,8.132920571E-1,-3.364167349E-1,-4.823036677E-2,1.236344953E2,1.244494196E2,-1.384633340E1,-3.762623201E1
9.045260125E0,4.736033781E-1,8.135293017E-1,-3.339850724E-1,-4.820684883E-2,1.234630900E2,1.242576872E2,-1.376366494E1,-3.733615845E1
9.055283125E0,4.748044790E-1,8.137206905E-1,-3.317195529E-1,-4.880162516E-2,1.233067591E2,1.240643265E2,-1.362593656E1,-3.709750164E1
9.065306125E0,4.757062319E-1,8.138823237E-1,-3.298234926E-1,-5.015603521E-2,1.231893146E2,1.238907185E2,-1.342403547E1,-3.694260285E1
9.075329125E0,4.762645933E-1,8.140711416E-1,-3.282343036E-1,-5.217596507E-2,1.231165609E2,1.237445864E2,-1.316186710E1,-3.686054947E1
9.085352125E0,4.765345439E-1,8.143309137E-1,-3.267778138E-1,-5.473849346E-2,1.230813777E2,1.236205519E2,-1.284365005E1,-3.682524392E1
9.095375125E0,4.766417655E-1,8.147094556E-1,-3.251658865E-1,-5.769092234E-2,1.230674017E2,1.235040659E2,-1.247259412E1,-3.679567339E1
9.105398125E0,4.765676924E-1,8.153012184E-1,-3.232063742E-1,-6.086649772E-2,1.230770570E2,1.234007655E2,-1.205264614E1,-3.674268116E1
9.115421125E0,4.762046394E-1,8.162193243E-1,-3.208042778E-1,-6.402945011E-2,1.231243740E2,1.233309535E2,-1.159619234E1,-3.664521624E1
9.125444125E0,4.755753027E-1,8.174615816E-1,-3.179320333E-1,-6.711051118E-2,1.232063709E2,1.232939612E2,-1.110926926E1,-3.649636518E1
9.135467125E0,4.746931902E-1,8.188982201E-1,-3.148396136E-1,-7.034235259E-2,1.233212489E2,1.232830308E2,-1.058523164E1,-3.633519666E1
9.145490125E0,4.736236929E-1,8.203143543E-1,-3.119175726E-1,-7.397640139E-2,1.234604468E2,1.232845284E2,-1.002601431E1,-3.621647342E1
9.155513125E0,4.722549318E-1,8.216012240E-1,-3.095949019E-1,-7.808858510E-2,1.236384623E2,1.233121585E2,-9.444960542E0,-3.619159978E1
9.165536125E0,4.703911560E-1,8.227810196E-1,-3.081331439E-1,-8.256753069E-2,1.238806194E2,1.233942217E2,-8.859744551E0,-3.628423165E1
9.175559125E0,4.679705782E-1,8.239464011E-1,-3.074487423E-1,-8.712777756E-2,1.241947144E2,1.235454486E2,-8.289606270E0,-3.646982401E1
9.185582125E0,4.651181638E-1,8.252121552E-1,-3.071704888E-1,-9.130271793E-2,1.245642607E2,1.237623378E2,-7.761680130E0,-3.668159835E1
9.195605125E0,4.621131146E-1,8.266157928E-1,-3.069423268E-1,-9.457346089E-2,1.249529056E2,1.240260251E2,-7.315464148E0,-3.685097905E1
9.205628125E0,4.592900554E-1,8.280523260E-1,-3.066949248E-1,-9.654165549E-2,1.253173889E2,1.243095882E2,-6.998350762E0,-3.694716897E1
9.215651125E0,4.569485240E-1,8.294187690E-1,-3.063470869E-1,-9.702581742E-2,1.256192481E2,1.245832195E2,-6.835526049E0,-3.695047716E1
9.225674125E0,4.552734397E-1,8.306134003E-1,-3.058390277E-1,-9.628040825E-2,1.258349416E2,1.248156358E2,-6.807686467E0,-3.686744905E1
9.235697125E0,4.542203375E-1,8.316717709E-1,-3.050731562E-1,-9.453264166E-2,1.259704388E2,1.250039765E2,-6.886366246E0,-3.670035477E1
9.245720125E0,4.537409171E-1,8.326666472E-1,-3.038991558E-1,-9.181872180E-2,1.260320963E2,1.251514537E2,-7.058009382E0,-3.643552067E1
9.255743125E0,4.539929763E-1,8.336183231E-1,-3.020589401E-1,-8.792690288E-2,1.259996815E2,1.252426522E2,-7.334989664E0,-3.603320607E1
9.265766125E0,4.551009959E-1,8.344428208E-1,-2.995199928E-1,-8.292270219E-2,1.258571347E2,1.252565302E2,-7.714396795E0,-3.549245113E1
9.275789125E0,4.568802883E-1,8.351870077E-1,-2.962706816E-1,-7.711471895E-2,1.256280386E2,1.252020404E2,-8.158387487E0,-3.482887372E1
9.285812125E0,4.586958902E-1,8.359158110E-1,-2.928192761E-1,-7.141178673E-2,1.253940247E2,1.251305426E2,-8.582973745E0,-3.414877691E1
9.295835125E0,4.599110050E-1,8.366529594E-1,-2.898977409E-1,-6.673165316E-2,1.252372701E2,1.251000635E2,-8.916323725E0,-3.358361130E1
9.305858125E0,4.599750260E-1,8.374269020E-1,-2.882453737E-1,-6.367006393E-2,1.252290080E2,1.251712993E2,-9.121773828E0,-3.324880769E1
9.315881125E0,4.590065968E-1,8.380551850E-1,-2.882531709E-1,-6.234148990E-2,1.253539529E2,1.253321428E2,-9.214383700E0,-3.319146314E1
9.325904125E0,4.575630040E-1,8.383525100E-1,-2.897017370E-1,-6.224335096E-2,1.255400719E2,1.255265930E2,-9.250423157E0,-3.335710871E1
9.335927125E0,4.559407929E-1,8.383837619E-1,-2.920458815E-1,-6.276788957E-2,1.257490343E2,1.257310204E2,-9.268665935E0,-3.365323143E1
9.345950125E0,4.542239621E-1,8.383307833E-1,-2.947010065E-1,-6.350889438E-2,1.259699726E2,1.259426090E2,-9.278737966E0,-3.399524997E1
9.355973125E0,4.525831221E-1,8.383255149E-1,-2.971000472E-1,-6.411292194E-2,1.261809289E2,1.261465464E2,-9.289904638E0,-3.430217916E1
9.365996125E0,4.510800179E-1,8.384800885E-1,-2.988787496E-1,-6.441623174E-2,1.263740042E2,1.263377605E2,-9.300533387E0,-3.452544522E1
9.376019125E0,4.498123461E-1,8.387302511E-1,-3.000507060E-1,-6.457510429E-2,1.265367102E2,1.264995799E2,-9.300407343E0,-3.467320257E1
9.386042125E0,4.489347433E-1,8.389079422E-1,-3.008096864E-1,-6.484355864E-2,1.266492826E2,1.266063353E2,-9.281913077E0,-3.477761062E1
9.396065125E0,4.484244715E-1,8.389456426E-1,-3.013801651E-1,-6.523657800E-2,1.267147110E2,1.266619539E2,-9.255226406E0,-3.486412090E1
9.406088125E0,4.481859203E-1,8.388462814E-1,-3.019369882E-1,-6.557847323E-2,1.267452922E2,1.266850011E2,-9.243308646E0,-3.494414123E1
9.416111125E0,4.481503483E-1,8.386292462E-1,-3.025168234E-1,-6.592213864E-2,1.267498520E2,1.266827037E2,-9.240422187E0,-3.502492821E1
9.426134125E0,4.481818953E-1,8.383775452E-1,-3.030670084E-1,-6.638071742E-2,1.267458081E2,1.266682596E2,-9.227449263E0,-3.510752091E1
9.436157125E0,4.481868475E-1,8.381639871E-1,-3.035365664E-1,-6.689809106E-2,1.267451733E2,1.266547433E2,-9.203358610E0,-3.518442235E1
9.446180125E0,4.481114679E-1,8.380954142E-1,-3.037542549E-1,-6.727224971E-2,1.267548358E2,1.266539727E2,-9.176157813E0,-3.522738392E1
9.456203125E0,4.478399157E-1,8.381810355E-1,-3.038607389E-1,-6.753372876E-2,1.267896412E2,1.266804727E2,-9.146011096E0,-3.525437419E1
9.466226125E0,4.473087179E-1,8.384355604E-1,-3.038939928E-1,-6.774368328E-2,1.268577105E2,1.267404665E2,-9.106578552E0,-3.527310290E1
9.476249125E0,4.466202281E-1,8.388155985E-1,-3.038332592E-1,-6.785404481E-2,1.269459057E2,1.268225539E2,-9.065419813E0,-3.527799829E1
9.486272125E0,4.459713352E-1,8.392830492E-1,-3.035075905E-1,-6.779870599E-2,1.270289975E2,1.269030996E2,-9.027398937E0,-3.524529562E1
9.496295125E0,4.454294110E-1,8.398055437E-1,-3.028331145E-1,-6.790643334E-2,1.270983687E2,1.269629298E2,-8.958855177E0,-3.518132142E1
9.506318125E0,4.447290568E-1,8.404823167E-1,-3.018187452E-1,-6.863725969E-2,1.271879896E2,1.270209116E2,-8.805362415E0,-3.511192907E1
9.516341125E0,4.434927633E-1,8.414394716E-1,-3.005946321E-1,-7.026092488E-2,1.273461071E2,1.271163155E2,-8.533199201E0,-3.506777378E1
9.526364125E0,4.416517469E-1,8.426513200E-1,-2.993229352E-1,-7.272145790E-2,1.275813667E2,1.272599020E2,-8.154062797E0,-3.506412071E1
9.536387125E0,4.392670992E-1,8.440920467E-1,-2.980241590E-1,-7.572772938E-2,1.278857429E2,1.274524137E2,-7.699761914E0,-3.508785829E1
9.546410125E0,4.363216035E-1,8.457317699E-1,-2.968288323E-1,-7.908234457E-2,1.282611612E2,1.277020774E2,-7.195814681E0,-3.514302530E1
9.556433125E0,4.326902943E-1,8.475401015E-1,-2.959752954E-1,-8.278593566E-2,1.287231709E2,1.280242873E2,-6.649912711E0,-3.525571439E1
9.566456125E0,4.284222094E-1,8.494330008E-1,-2.955850998E-1,-8.687552867E-2,1.292650576E2,1.284106316E2,-6.066377999E0,-3.543966652E1
9.576479125E0,4.237662048E-1,8.511897657E-1,-2.958276971E-1,-9.156516635E-2,1.298548137E2,1.288219333E2,-5.442392698E0,-3.572160635E1
9.586502125E0,4.190484025E-1,8.526214941E-1,-2.966958379E-1,-9.698770613E-2,1.304509525E2,1.292110921E2,-4.776678557E0,-3.610523748E1
9.596525125E0,4.144041043E-1,8.537292608E-1,-2.981207596E-1,-1.026619469E-1,1.310364086E2,1.295761694E2,-4.117030380E0,-3.655919705E1
9.606548125E0,4.100833148E-1,8.546699574E-1,-2.996796240E-1,-1.075311934E-1,1.315798628E2,1.299240210E2,-3.553462340E0,-3.698489792E1
9.616572000E0,4.062458653E-1,8.557451867E-1,-3.007037292E-1,-1.106424105E-1,1.320615539E2,1.302723756E2,-3.150326677E0,-3.726213510E1
9.626595000E0,4.029000483E-1,8.571193426E-1,-3.008402850E-1,-1.118625512E-1,1.324807997E2,1.306285744E2,-2.903733476E0,-3.734621038E1
9.636618000E0,3.999276734E-1,8.588346983E-1,-3.000193698E-1,-1.115763425E-1,1.328526859E2,1.309942667E2,-2.769658042E0,-3.724942994E1
9.646641000E0,3.971717120E-1,8.608534691E-1,-2.984122051E-1,-1.101644863E-1,1.331970256E2,1.313745780E2,-2.715163734E0,-3.701058561E1
9.656664000E0,3.945519377E-1,8.630638605E-1,-2.963216792E-1,-1.079022226E-1,1.335239350E2,1.317687633E2,-2.726908602E0,-3.667759050E1
9.666687000E0,3.921109292E-1,8.653567334E-1,-2.939274854E-1,-1.049441777E-1,1.338281770E2,1.321654432E2,-2.801507963E0,-3.627851798E1
9.676710000E0,3.897714209E-1,8.675995779E-1,-2.915605605E-1,-1.016936652E-1,1.341194454E2,1.325588686E2,-2.913323846E0,-3.586995562E1
9.686733000E0,3.874059501E-1,8.697086484E-1,-2.894788855E-1,-9.861776710E-2,1.344136279E2,1.329477446E2,-3.023998786E0,-3.550285144E1
9.696756000E0,3.850410377E-1,8.715719816E-1,-2.878657359E-1,-9.611893314E-2,1.347074241E2,1.333154665E2,-3.103000525E0,-3.521571190E1
9.706779000E0,3.827554879E-1,8.730742218E-1,-2.869283479E-1,-9.440175463E-2,1.349910626E2,1.336467703E2,-3.141802528E0,-3.503999133E1
9.716802000E0,3.805293651E-1,8.741802183E-1,-2.868147411E-1,-9.350740904E-2,1.352670468E2,1.339436218E2,-3.141279519E0,-3.499338533E1
9.726825000E0,3.782622018E-1,8.749387562E-1,-2.875304156E-1,-9.341337942E-2,1.355478382E2,1.342190253E2,-3.099024040E0,-3.507532787E1
9.736848000E0,3.759717735E-1,8.754109063E-1,-2.888965425E-1,-9.401957754E-2,1.358312258E2,1.344736920E2,-3.016432582E0,-3.526111869E1
9.746871000E0,3.738154564E-1,8.756873474E-1,-2.904991764E-1,-9.509874760E-2,1.360977606E2,1.346954699E2,-2.902276661E0,-3.549390961E1
9.756894000E0,3.719794554E-1,8.758574310E-1,-2.919283971E-1,-9.634747442E-2,1.363245054E2,1.348718972E2,-2.774740472E0,-3.571390413E1
9.766917000E0,3.704554148E-1,8.760903345E-1,-2.928448382E-1,-9.731623027E-2,1.365125867E2,1.350195822E2,-2.662707966E0,-3.586321972E1
9.776940000E0,3.691690298E-1,8.765539077E-1,-2.929883482E-1,-9.759724439E-2,1.366712433E2,1.351620215E2,-2.592140605E0,-3.589487121E1
9.786963000E0,3.681192571E-1,8.773189573E-1,-2.922277662E-1,-9.696733866E-2,1.368006527E2,1.353074975E2,-2.579569195E0,-3.578444949E1
9.796986000E0,3.673210485E-1,8.783596473E-1,-2.906158178E-1,-9.540494445E-2,1.368990120E2,1.354548148E2,-2.630737914E0,-3.553720367E1
9.807009000E0,3.666637579E-1,8.796211446E-1,-2.884137714E-1,-9.296106998E-2,1.369799817E2,1.356148678E2,-2.749000782E0,-3.518537559E1
9.817032000E0,3.659254188E-1,8.811173788E-1,-2.857923850E-1,-8.974131417E-2,1.370709087E2,1.358092983E2,-2.924049058E0,-3.475390187E1
9.827055000E0,3.651670285E-1,8.827124474E-1,-2.829248188E-1,-8.617033814E-2,1.371642754E2,1.360152695E2,-3.124303905E0,-3.428105361E1
9.837078000E0,3.645390720E-1,8.842110207E-1,-2.800246098E-1,-8.287501303E-2,1.372415617E2,1.361937057E2,-3.302169158E0,-3.381741268E1
9.847101000E0,3.640837807E-1,8.853525681E-1,-2.776649342E-1,-8.059695479E-2,1.372975842E2,1.363171773E2,-3.409572838E0,-3.345807969E1
9.857124000E0,3.636388470E-1,8.859888380E-1,-2.764761191E-1,-7.969668757E-2,1.373523220E2,1.363964183E2,-3.431441884E0,-3.328850724E1
9.867147000E0,3.632093600E-1,8.860890000E-1,-2.766062475E-1,-8.008891668E-2,1.374051497E2,1.364348939E2,-3.382423336E0,-3.332109748E1
9.877170000E0,3.628606475E-1,8.856929882E-1,-2.778698943E-1,-8.166022495E-2,1.374480351E2,1.364277354E2,-3.267878537E0,-3.353014218E1
9.887193000E0,3.629761088E-1,8.847437147E-1,-2.800077089E-1,-8.409907341E-2,1.374338361E2,1.363379858E2,-3.121870576E0,-3.387267164E1
9.897216000E0,3.642993302E-1,8.832126462E-1,-2.824113858E-1,-8.640212473E-2,1.372710627E2,1.361089751E2,-3.046227701E0,-3.423621568E1
9.907239000E0,3.665594023E-1,8.813978029E-1,-2.846804036E-1,-8.791647153E-2,1.369928349E2,1.357946256E2,-3.079743679E0,-3.454863788E1
9.917262000E0,3.685954428E-1,8.798765334E-1,-2.864709914E-1,-8.881975225E-2,1.367419587E2,1.355263174E2,-3.146143472E0,-3.478196890E1
9.927285000E0,3.699120682E-1,8.790070440E-1,-2.873663590E-1,-8.906310816E-2,1.365796112E2,1.353638856E2,-3.211756271E0,-3.488866206E1
9.937308000E0,3.710225323E-1,8.786979390E-1,-2.871047114E-1,-8.833609609E-2,1.364426134E2,1.352565396E2,-3.313723186E0,-3.482423148E1
9.947331000E0,3.727691187E-1,8.783787187E-1,-2.863067872E-1,-8.673268246E-2,1.362270046E2,1.351019730E2,-3.502056920E0,-3.465934913E1
9.957354000E0,3.755821048E-1,8.774848473E-1,-2.859700550E-1,-8.473127614E-2,1.358794099E2,1.348343649E2,-3.790568375E0,-3.452430303E1
9.967377000E0,3.790899659E-1,8.759118216E-1,-2.867462524E-1,-8.273998506E-2,1.354453511E2,1.344857449E2,-4.155258878E0,-3.450998923E1
9.977400000E0,3.825765956E-1,8.739618976E-1,-2.885783338E-1,-8.092114835E-2,1.350132510E2,1.341365104E2,-4.551930768E0,-3.461936936E1
9.987423000E0,3.860315624E-1,8.719147620E-1,-2.907343769E-1,-7.885336074E-2,1.345844083E2,1.338001840E2,-4.988654199E0,-3.475233642E1
9.997446000E0,3.898292253E-1,8.699134399E-1,-2.924629245E-1,-7.582403493E-2,1.341122526E2,1.334523434E2,-5.514663440E0,-3.479156062E1
1.000746900E1,3.941005660E-1,8.680592736E-1,-2.932307137E-1,-7.192784328E-2,1.335802191E2,1.330697175E2,-6.099161389E0,-3.468036168E1
1.001749200E1,3.984452950E-1,8.664061899E-1,-2.930649923E-1,-6.851776284E-2,1.330379554E2,1.326543630E2,-6.592799319E0,-3.448370107E1
1.002751500E1,4.025000220E-1,8.648133341E-1,-2.925639084E-1,-6.706750032E-2,1.325308795E2,1.322066400E2,-6.863952370E0,-3.433693266E1
1.003753900E1,4.061494122E-1,8.631222761E-1,-2.922893217E-1,-6.804145077E-2,1.320736494E2,1.317309557E2,-6.890376315E0,-3.432633109E1
1.004756100E1,4.092463837E-1,8.612333597E-1,-2.928506123E-1,-7.094463106E-2,1.316849948E2,1.312645737E2,-6.747631294E0,-3.450071188E1
1.005758500E1,4.120845314E-1,8.590916254E-1,-2.943164797E-1,-7.433604045E-2,1.313283015E2,1.308170534E2,-6.594604085E0,-3.480123678E1
1.006760800E1,4.152007746E-1,8.566743140E-1,-2.962574474E-1,-7.712967054E-2,1.309360783E2,1.303556242E2,-6.538027536E0,-3.512645042E1
1.007763100E1,4.187558402E-1,8.541170961E-1,-2.981152805E-1,-7.908812923E-2,1.304878733E2,1.298663153E2,-6.579053658E0,-3.540152068E1
1.008765400E1,4.225706990E-1,8.516979303E-1,-2.993373916E-1,-8.026046489E-2,1.300060137E2,1.293670663E2,-6.676713554E0,-3.556783303E1
1.009767700E1,4.263867905E-1,8.495511384E-1,-2.997691439E-1,-8.121354211E-2,1.295230513E2,1.288699843E2,-6.756213555E0,-3.563652790E1
1.010770000E1,4.298108216E-1,8.477285401E-1,-2.996115147E-1,-8.277691624E-2,1.290888900E2,1.283966810E2,-6.730985972E0,-3.567273678E1
1.011772300E1,4.330254565E-1,8.461666411E-1,-2.987823387E-1,-8.497018555E-2,1.286805660E2,1.279237985E2,-6.601481967E0,-3.566844331E1
1.012774600E1,4.361596332E-1,8.448898655E-1,-2.971261994E-1,-8.741810612E-2,1.282817878E2,1.274475715E2,-6.400151758E0,-3.558861055E1
1.013776900E1,4.388139679E-1,8.439518242E-1,-2.949857506E-1,-9.039319947E-2,1.279435358E2,1.270099762E2,-6.102803485E0,-3.548776814E1
1.014779200E1,4.407195534E-1,8.432745243E-1,-2.928602850E-1,-9.427142603E-2,1.277003990E2,1.266337864E2,-5.689945061E0,-3.544173865E1
1.015781500E1,4.419590922E-1,8.427963683E-1,-2.908477308E-1,-9.886429456E-2,1.275421082E2,1.263149297E2,-5.188958515E0,-3.545165058E1
1.016783800E1,4.427321497E-1,8.423869117E-1,-2.890276192E-1,-1.040942970E-1,1.274433332E2,1.260305536E2,-4.620082241E0,-3.552131659E1
1.017786100E1,4.430669748E-1,8.420109197E-1,-2.874565954E-1,-1.099003099E-1,1.274005389E2,1.257780640E2,-3.993914857E0,-3.565372439E1
1.018788400E1,4.429469300E-1,8.415783244E-1,-2.864145567E-1,-1.162350760E-1,1.274158828E2,1.255601197E2,-3.330247168E0,-3.587664852E1
1.019790700E1,4.423917718E-1,8.410288770E-1,-2.861199713E-1,-1.228626258E-1,1.274868291E2,1.253812657E2,-2.664767978E0,-3.620072059E1
1.020793000E1,4.414609270E-1,8.403048785E-1,-2.866798501E-1,-1.296707643E-1,1.276057375E2,1.252364958E2,-2.016652152E0,-3.663075072E1
1.021795300E1,4.406110358E-1,8.392915839E-1,-2.878722687E-1,-1.363122647E-1,1.277142518E2,1.250813857E2,-1.424973982E0,-3.712281773E1
1.022797600E1,4.399310385E-1,8.382066397E-1,-2.893001196E-1,-1.420414122E-1,1.278010376E2,1.249350225E2,-9.410736065E-1,-3.759280734E1
1.023799900E1,4.393034193E-1,8.374078095E-1,-2.904602327E-1,-1.462654221E-1,1.278811100E2,1.248386830E2,-5.863026681E-1,-3.795259799E1
1.024802200E1,4.387728115E-1,8.371746742E-1,-2.907696538E-1,-1.485593697E-1,1.279487843E2,1.248080355E2,-3.680335599E-1,-3.811416103E1
1.025804500E1,4.383981050E-1,8.375860485E-1,-2.899170020E-1,-1.490130594E-1,1.279965629E2,1.248346774E2,-2.621640166E-1,-3.804799869E1
1.026806800E1,4.381736203E-1,8.383988505E-1,-2.881998972E-1,-1.484324128E-1,1.280251822E2,1.248861343E2,-2.103937902E-1,-3.783106542E1
1.027809100E1,4.379625278E-1,8.393551203E-1,-2.862584870E-1,-1.474042194E-1,1.280520910E2,1.249544391E2,-1.886185347E-1,-3.756516793E1
1.028811400E1,4.376574057E-1,8.402550609E-1,-2.846771161E-1,-1.462412825E-1,1.280909807E2,1.250396021E2,-1.960746075E-1,-3.733062274E1
1.029813700E1,4.370929014E-1,8.410608454E-1,-2.836879085E-1,-1.452159656E-1,1.281629132E2,1.251506510E2,-2.134282188E-1,-3.716752186E1
1.030816000E1,4.361326276E-1,8.418416790E-1,-2.831953594E-1,-1.445379071E-1,1.282852267E2,1.252958158E2,-2.100126318E-1,-3.707721557E1
1.031818300E1,4.346569610E-1,8.427135498E-1,-2.829738988E-1,-1.443359604E-1,1.284730644E2,1.254845185E2,-1.561547193E-1,-3.704250931E1
1.032820600E1,4.326556179E-1,8.437108285E-1,-2.829015748E-1,-1.446650430E-1,1.287275785E2,1.257156180E2,-3.936132563E-2,-3.705308153E1
1.033822900E1,4.299569552E-1,8.447825807E-1,-2.833284802E-1,-1.456171403E-1,1.290703431E2,1.260057883E2,1.370256154E-1,-3.715129991E1
1.034825200E1,4.265090375E-1,8.457494083E-1,-2.847801230E-1,-1.473036570E-1,1.295075640E2,1.263556022E2,3.576064365E-1,-3.739956005E1
1.035827500E1,4.227966377E-1,8.464276565E-1,-2.871971394E-1,-1.494023804E-1,1.299774455E2,1.267177990E2,5.766713403E-1,-3.777395955E1
1.036829800E1,4.193844920E-1,8.468534240E-1,-2.900476994E-1,-1.510905935E-1,1.304085320E2,1.270581076E2,7.231010278E-1,-3.817278734E1
1.037832100E1,4.164112005E-1,8.472578019E-1,-2.927919439E-1,-1.517525519E-1,1.307835640E2,1.273872839E2,7.622498650E-1,-3.850467805E1
1.038834400E1,4.139383079E-1,8.477921607E-1,-2.950770407E-1,-1.511061984E-1,1.310950511E2,1.277116207E2,6.833210253E-1,-3.871667572E1
1.039836700E1,4.122560902E-1,8.485034942E-1,-2.965170510E-1,-1.488767249E-1,1.313067243E2,1.280087415E2,4.677061952E-1,-3.875290767E1
1.040839000E1,4.116255944E-1,8.492812721E-1,-2.970353729E-1,-1.451057832E-1,1.313860138E2,1.282444980E2,1.109547424E-1,-3.860830240E1
1.041841300E1,4.119918611E-1,8.500074834E-1,-2.968068316E-1,-1.401986150E-1,1.313399561E2,1.284057266E2,-3.566257850E-1,-3.832412751E1
1.042843600E1,4.132057219E-1,8.505236980E-1,-2.961152861E-1,-1.348560068E-1,1.311872541E2,1.284786304E2,-8.776109666E-1,-3.796826096E1
1.043845900E1,4.146116881E-1,8.508408952E-1,-2.954927772E-1,-1.298117560E-1,1.310102700E2,1.285116379E2,-1.382751104E0,-3.763690949E1
1.044848200E1,4.156244452E-1,8.510276057E-1,-2.953822681E-1,-1.255299207E-1,1.308827061E2,1.285585465E2,-1.826745761E0,-3.740262362E1
1.045850500E1,4.161254027E-1,8.510549590E-1,-2.959775081E-1,-1.222398534E-1,1.308195831E2,1.286272635E2,-2.192777917E0,-3.729825459E1
1.046852800E1,4.162427711E-1,8.508206647E-1,-2.973546563E-1,-1.201095937E-1,1.308047918E2,1.286978836E2,-2.473654443E0,-3.734014965E1
1.047855100E1,4.160216793E-1,8.502800470E-1,-2.995636148E-1,-1.192122767E-1,1.308326540E2,1.287634718E2,-2.666492498E0,-3.753712721E1
1.048857400E1,4.153796985E-1,8.495045661E-1,-3.025653766E-1,-1.193977229E-1,1.309135396E2,1.288398558E2,-2.780005197E0,-3.787745789E1
1.049859700E1,4.144458929E-1,8.485507197E-1,-3.061870342E-1,-1.201902943E-1,1.310311469E2,1.289290848E2,-2.855703541E0,-3.831797311E1
1.050862000E1,4.136744054E-1,8.474341232E-1,-3.099850975E-1,-1.209875336E-1,1.311282696E2,1.289987151E2,-2.946753053E0,-3.877847300E1
1.051864300E1,4.135176507E-1,8.461940365E-1,-3.134368822E-1,-1.213103047E-1,1.311479990E2,1.290124840E2,-3.090844561E0,-3.917592883E1
1.052866600E1,4.142063618E-1,8.449155962E-1,-3.161153566E-1,-1.209202461E-1,1.310613055E2,1.289516390E2,-3.298574000E0,-3.945011696E1
1.053868900E1,4.157489049E-1,8.437377182E-1,-3.176551917E-1,-1.198113099E-1,1.308670251E2,1.288144408E2,-3.551802584E0,-3.955967127E1
1.054871200E1,4.178166820E-1,8.427297342E-1,-3.181652529E-1,-1.183503631E-1,1.306063559E2,1.286251314E2,-3.806940054E0,-3.953554060E1
1.055873500E1,4.198912447E-1,8.419256777E-1,-3.181118739E-1,-1.168651819E-1,1.303445570E2,1.284336902E2,-4.034732822E0,-3.944736785E1
1.056875800E1,4.215991509E-1,8.413192267E-1,-3.180001426E-1,-1.153772823E-1,1.301288204E2,1.282856944E2,-4.243705285E0,-3.935354079E1
1.057878100E1,4.228289748E-1,8.408791082E-1,-3.181385739E-1,-1.136918930E-1,1.299733565E2,1.282034588E2,-4.464082770E0,-3.927900162E1
1.058880400E1,4.236167205E-1,8.405257490E-1,-3.186527655E-1,-1.119190912E-1,1.298737246E2,1.281789162E2,-4.693849521E0,-3.924331454E1
1.059882700E1,4.240581561E-1,8.401306012E-1,-3.196241449E-1,-1.104338047E-1,1.298178754E2,1.281864849E2,-4.905974349E0,-3.927417039E1
1.060885004E1,4.241496990E-1,8.396681871E-1,-3.210516376E-1,-1.094543119E-1,1.298062920E2,1.282185784E2,-5.079464824E0,-3.938257421E1
1.061887304E1,4.240439420E-1,8.391259047E-1,-3.227028879E-1,-1.091666702E-1,1.298196739E2,1.282488076E2,-5.190718192E0,-3.955145892E1
1.062889604E1,4.236821430E-1,8.385774688E-1,-3.243942620E-1,-1.097712351E-1,1.298654483E2,1.282756203E2,-5.208294121E0,-3.977071032E1
1.063891904E1,4.228914470E-1,8.381516803E-1,-3.260353971E-1,-1.112007087E-1,1.299654566E2,1.283215831E2,-5.126158955E0,-4.002772862E1
1.064894204E1,4.218515894E-1,8.379732726E-1,-3.273298533E-1,-1.126820967E-1,1.300969173E2,1.283936030E2,-5.009451122E0,-4.025011952E1
1.065896504E1,4.210234355E-1,8.381451053E-1,-3.278568153E-1,-1.129694223E-1,1.302015638E2,1.284841295E2,-4.973861611E0,-4.032673785E1
1.066898804E1,4.208772807E-1,8.386601188E-1,-3.273692816E-1,-1.110894937E-1,1.302200274E2,1.285743907E2,-5.119422142E0,-4.017969307E1
1.067901104E1,4.216570501E-1,8.393481028E-1,-3.260172318E-1,-1.068316821E-1,1.301215035E2,1.286414397E2,-5.485681155E0,-3.981486992E1
1.068903404E1,4.229931263E-1,8.400224524E-1,-3.243680256E-1,-1.011152840E-1,1.299525984E2,1.286917045E2,-6.000242517E0,-3.934350269E1
1.069905704E1,4.242622206E-1,8.405928889E-1,-3.229728596E-1,-9.536092207E-2,1.297920534E2,1.287465625E2,-6.530432985E0,-3.890036131E1
1.070908004E1,4.250059333E-1,8.411383535E-1,-3.220428472E-1,-9.024767694E-2,1.296979221E2,1.288386188E2,-7.002847838E0,-3.854471634E1
1.071910304E1,4.251869856E-1,8.416256342E-1,-3.216808269E-1,-8.604417154E-2,1.296750009E2,1.289657526E2,-7.395345784E0,-3.830117291E1
1.072912604E1,4.252238536E-1,8.418923817E-1,-3.218136316E-1,-8.269228537E-2,1.296703331E2,1.290809223E2,-7.726797317E0,-3.815563387E1
1.073914904E1,4.253905022E-1,8.418650705E-1,-3.223312792E-1,-8.005376621E-2,1.296492331E2,1.291562789E2,-8.015696800E0,-3.808674775E1
1.074917204E1,4.256680498E-1,8.416247281E-1,-3.231108484E-1,-7.793591868E-2,1.296140878E2,1.292009956E2,-8.273026325E0,-3.807138735E1
1.075919504E1,4.260778225E-1,8.412856778E-1,-3.239013757E-1,-7.605324003E-2,1.295621897E2,1.292211572E2,-8.513902305E0,-3.806763200E1
1.076921804E1,4.267013851E-1,8.409108026E-1,-3.244766170E-1,-7.422866081E-2,1.294831937E2,1.292114795E2,-8.746898138E0,-3.804102776E1
1.077924104E1,4.274965381E-1,8.405432400E-1,-3.247395712E-1,-7.265025080E-2,1.293824225E2,1.291699190E2,-8.946882154E0,-3.798970089E1
1.078926404E1,4.282804063E-1,8.402545762E-1,-3.246265755E-1,-7.187283110E-2,1.292830404E2,1.290995405E2,-9.049021048E0,-3.793393946E1
1.079928704E1,4.289096377E-1,8.401056082E-1,-3.240963892E-1,-7.225411257E-2,1.292032342E2,1.290057672E2,-9.010412610E0,-3.788724561E1
1.080931004E1,4.292839860E-1,8.401280935E-1,-3.232208516E-1,-7.367703232E-2,1.291557427E2,1.289054852E2,-8.842033475E0,-3.785339788E1
1.081933304E1,4.293724522E-1,8.401701771E-1,-3.224953990E-1,-7.582955617E-2,1.291445180E2,1.288162546E2,-8.599216197E0,-3.787361223E1
1.082935604E1,4.293757502E-1,8.399492012E-1,-3.224597849E-1,-7.836868252E-2,1.291440996E2,1.287281196E2,-8.352416546E0,-3.799026582E1
1.083937904E1,4.295773702E-1,8.391754272E-1,-3.234754818E-1,-8.131159676E-2,1.291185160E2,1.286071400E2,-8.131534793E0,-3.824226427E1
1.084940204E1,4.302477369E-1,8.376881914E-1,-3.254757291E-1,-8.503495472E-2,1.290334337E2,1.284053860E2,-7.909272088E0,-3.863863127E1
1.085942504E1,4.312568483E-1,8.356162734E-1,-3.281994060E-1,-8.971183245E-2,1.289053013E2,1.281291532E2,-7.651492095E0,-3.916072009E1
1.086944804E1,4.324098281E-1,8.332192135E-1,-3.312184690E-1,-9.519369391E-2,1.287588172E2,1.278028819E2,-7.343048050E0,-3.975644640E1
1.087947104E1,4.340471488E-1,8.306498995E-1,-3.338217534E-1,-1.009303436E-1,1.285506441E2,1.274001461E2,-7.014077152E0,-4.031860264E1
1.088949404E1,4.370359294E-1,8.280117386E-1,-3.350256571E-1,-1.056117416E-1,1.281701717E2,1.268611725E2,-6.773285265E0,-4.066769878E1
1.089951704E1,4.419155229E-1,8.254533827E-1,-3.342277751E-1,-1.078384439E-1,1.275476739E2,1.261742267E2,-6.740322793E0,-4.066185218E1
1.090954004E1,4.484273796E-1,8.229270585E-1,-3.318802378E-1,-1.075149247E-1,1.267143381E2,1.253759578E2,-6.932185212E0,-4.034467834E1
1.091956304E1,4.558964650E-1,8.202373309E-1,-3.289839906E-1,-1.055398917E-1,1.257547416E2,1.245145284E2,-7.286434326E0,-3.987371443E1
1.092958604E1,4.639412552E-1,8.169692010E-1,-3.264435261E-1,-1.037030794E-1,1.247165532E2,1.235699479E2,-7.669393263E0,-3.944193146E1
1.093960904E1,4.718837445E-1,8.131973953E-1,-3.245768422E-1,-1.033717209E-1,1.236867118E2,1.225779859E2,-7.943807988E0,-3.916153023E1
1.094963204E1,4.793290274E-1,8.091627407E-1,-3.231893890E-1,-1.051093933E-1,1.227168222E2,1.215691469E2,-8.032043529E0,-3.904787513E1
1.095965504E1,4.860545054E-1,8.050343515E-1,-3.221029486E-1,-1.091805049E-1,1.218368323E2,1.205625685E2,-7.893435760E0,-3.910320139E1
1.096967804E1,4.919402917E-1,8.009914361E-1,-3.211530640E-1,-1.151876742E-1,1.210636174E2,1.195865159E2,-7.553250603E0,-3.929458649E1
1.097970104E1,4.971642461E-1,7.969832498E-1,-3.201744353E-1,-1.230198441E-1,1.203748706E2,1.186189126E2,-7.023074244E0,-3.960210136E1
1.098972404E1,5.020234406E-1,7.929949567E-1,-3.188746475E-1,-1.320997925E-1,1.197320794E2,1.176386033E2,-6.353141504E0,-3.996435875E1
1.099974704E1,5.070050295E-1,7.889775823E-1,-3.170971674E-1,-1.411019801E-1,1.190709173E2,1.166327129E2,-5.675089467E0,-4.028673541E1
1.100977004E1,5.123685953E-1,7.849767717E-1,-3.148442287E-1,-1.488722995E-1,1.183565403E2,1.156163507E2,-5.100903086E0,-4.049771431E1
1.101979304E1,5.180053991E-1,7.811691411E-1,-3.120778782E-1,-1.550889175E-1,1.176028951E2,1.146204368E2,-4.646893020E0,-4.057047555E1
1.102981604E1,5.236407910E-1,7.776686135E-1,-3.087697509E-1,-1.602905340E-1,1.168464261E2,1.136605160E2,-4.247388634E0,-4.053370955E1
1.103983904E1,5.289825458E-1,7.742708189E-1,-3.053083989E-1,-1.657374452E-1,1.161265294E2,1.127225036E2,-3.804616336E0,-4.050834198E1
1.104986304E1,5.339592246E-1,7.705330677E-1,-3.023905725E-1,-1.724136535E-1,1.154532878E2,1.117730049E2,-3.280693962E0,-4.063174303E1
1.105988604E1,5.381401709E-1,7.665044402E-1,-3.007437055E-1,-1.800813243E-1,1.148857565E2,1.108765693E2,-2.729357962E0,-4.096550075E1
1.106990904E1,5.416911693E-1,7.623631119E-1,-3.002430642E-1,-1.876892941E-1,1.144023231E2,1.100566524E2,-2.241022227E0,-4.142459290E1
1.107993204E1,5.449313769E-1,7.581831350E-1,-3.004388995E-1,-1.947939462E-1,1.139600514E2,1.092918521E2,-1.837114139E0,-4.192964127E1
1.108995504E1,5.478662621E-1,7.543187747E-1,-3.005205801E-1,-2.013286992E-1,1.135584951E2,1.085857107E2,-1.464532940E0,-4.239199819E1
1.109997804E1,5.508882228E-1,7.511236854E-1,-2.992800508E-1,-2.068016044E-1,1.131440598E2,1.079126432E2,-1.092842546E0,-4.265365843E1
1.111000104E1,5.539140609E-1,7.487612702E-1,-2.965075468E-1,-2.112320495E-1,1.127280989E2,1.072860440E2,-6.964269123E-1,-4.269422890E1
1.112002404E1,5.567098300E-1,7.470003117E-1,-2.928151247E-1,-2.152300996E-1,1.123428709E2,1.067085353E2,-2.562398197E-1,-4.261854406E1
1.113004704E1,5.591428200E-1,7.456019214E-1,-2.888013538E-1,-2.191594292E-1,1.120069225E2,1.061801835E2,2.205306329E-1,-4.251238317E1
1.114007004E1,5.611719695E-1,7.444807520E-1,-2.848007539E-1,-2.229865843E-1,1.117262279E2,1.057087123E2,7.089983583E-1,-4.240575998E1
1.115009304E1,5.629162063E-1,7.435114377E-1,-2.809806689E-1,-2.266410216E-1,1.114845725E2,1.052823025E2,1.185146827E0,-4.230898180E1
1.116011604E1,5.640507784E-1,7.425613845E-1,-2.778976902E-1,-2.306992785E-1,1.113271968E2,1.049133658E2,1.668685225E0,-4.231839312E1
1.117013904E1,5.646052834E-1,7.411508138E-1,-2.759120678E-1,-2.361965551E-1,1.112502281E2,1.045396927E2,2.209398106E0,-4.254765929E1
1.118016204E1,5.648904490E-1,7.391171440E-1,-2.748537605E-1,-2.430226587E-1,1.112106315E2,1.041208072E2,2.792550056E0,-4.297428972E1
1.119018504E1,5.651248698E-1,7.368380954E-1,-2.742082393E-1,-2.500267063E-1,1.111780741E2,1.036887177E2,3.355704419E0,-4.346143663E1
1.120020804E1,5.661632206E-1,7.344777454E-1,-2.729730417E-1,-2.559051591E-1,1.110337871E2,1.032060824E2,3.831283819E0,-4.381249910E1
1.121023104E1,5.683498834E-1,7.327164497E-1,-2.703358923E-1,-2.588888188E-1,1.107295238E2,1.027374347E2,4.134236766E0,-4.380762955E1
1.122025404E1,5.716787152E-1,7.317908206E-1,-2.662214326E-1,-2.584408083E-1,1.102652584E2,1.023196923E2,4.235894023E0,-4.339338852E1
1.123027704E1,5.764730984E-1,7.311658671E-1,-2.603203681E-1,-2.555554245E-1,1.095942808E2,1.018468738E2,4.219144416E0,-4.262145017E1
1.124030004E1,5.821066358E-1,7.306874582E-1,-2.528064701E-1,-2.516676095E-1,1.088023020E2,1.013125272E2,4.212747534E0,-4.162362223E1
1.125032304E1,5.878271117E-1,7.301923592E-1,-2.445785202E-1,-2.479107554E-1,1.079940708E2,1.007496173E2,4.272799045E0,-4.057507795E1
1.126034604E1,5.933337344E-1,7.292804700E-1,-2.367007684E-1,-2.451076844E-1,1.072121225E2,1.001527295E2,4.394274465E0,-3.964129896E1
1.127036904E1,5.985366680E-1,7.277557024E-1,-2.299301933E-1,-2.434289016E-1,1.064696681E2,9.952690409E1,4.535125059E0,-3.890526792E1
1.128039204E1,6.036830300E-1,7.256465476E-1,-2.243252104E-1,-2.422440905E-1,1.057317337E2,9.887462821E1,4.630212978E0,-3.832069957E1
1.129041504E1,6.089752623E-1,7.231860989E-1,-2.193292072E-1,-2.409267275E-1,1.049691108E2,9.820293437E1,4.665455015E0,-3.778488709E1
1.130043804E1,6.144078014E-1,7.205802014E-1,-2.144693806E-1,-2.393115971E-1,1.041821946E2,9.752158416E1,4.665769986E0,-3.724035731E1
1.131046104E1,6.199466138E-1,7.178976810E-1,-2.097063231E-1,-2.373020775E-1,1.033755279E2,9.683994077E1,4.629019736E0,-3.667482805E1
1.132048404E1,6.256879839E-1,7.150355938E-1,-2.049950430E-1,-2.349804183E-1,1.025345970E2,9.613873656E1,4.560565221E0,-3.609114196E1
1.133050704E1,6.316941416E-1,7.121755298E-1,-1.997971354E-1,-2.320552795E-1,1.016495517E2,9.542337704E1,4.479754154E0,-3.541732620E1
1.134053004E1,6.380220063E-1,7.095576836E-1,-1.936543376E-1,-2.279338867E-1,1.007110338E2,9.471435085E1,4.378967786E0,-3.456408266E1
1.135055304E1,6.446584701E-1,7.070320127E-1,-1.869096406E-1,-2.226792495E-1,9.971985288E1,9.400536797E1,4.237846312E0,-3.356743556E1
1.136057604E1,6.510003485E-1,7.045147711E-1,-1.807291214E-1,-2.172429382E-1,9.876586722E1,9.333386303E1,4.059494174E0,-3.260573250E1
1.137059904E1,6.569486176E-1,7.019478594E-1,-1.752081371E-1,-2.121081034E-1,9.786485975E1,9.269187039E1,3.874552587E0,-3.172643384E1
1.138062204E1,6.626338270E-1,6.995164709E-1,-1.694254420E-1,-2.070943775E-1,9.699789180E1,9.207074370E1,3.738210233E0,-3.083569141E1
1.139064504E1,6.683345044E-1,6.971459004E-1,-1.630620897E-1,-2.018102796E-1,9.612269833E1,9.144710972E1,3.636275030E0,-2.987520174E1
1.140066804E1,6.739051377E-1,6.949628622E-1,-1.564576786E-1,-1.959581054E-1,9.526162907E1,9.085563129E1,3.525453069E0,-2.884828349E1
1.141069104E1,6.793383933E-1,6.931618431E-1,-1.492739168E-1,-1.890589824E-1,9.441607126E1,9.031637728E1,3.398597577E0,-2.768622524E1
1.142071404E1,6.843274632E-1,6.919981475E-1,-1.414369843E-1,-1.811904397E-1,9.363452225E1,8.986982358E1,3.278446775E0,-2.638897798E1
1.143073704E1,6.892811088E-1,6.907351751E-1,-1.334454360E-1,-1.731146399E-1,9.285354138E1,8.941729368E1,3.163756167E0,-2.506498390E1
1.144076004E1,6.941751587E-1,6.894630357E-1,-1.253538944E-1,-1.644629456E-1,9.207695118E1,8.897554643E1,3.023590783E0,-2.368732489E1
1.145078304E1,6.986769900E-1,6.884895699E-1,-1.172698338E-1,-1.551788800E-1,9.135809027E1,8.859667496E1,2.855119287E0,-2.225863706E1
1.146080604E1,7.022379983E-1,6.879515864E-1,-1.103662854E-1,-1.462997823E-1,9.078632832E1,8.833159738E1,2.653028398E0,-2.095970343E1
1.147082904E1,7.049501902E-1,6.875451855E-1,-1.052536409E-1,-1.387391856E-1,9.034895974E1,8.814124408E1,2.429024086E0,-1.991634483E1
1.148085204E1,7.066135998E-1,6.874397130E-1,-1.018695229E-1,-1.332156304E-1,9.007989561E1,8.804441900E1,2.246033973E0,-1.918228789E1
1.149087504E1,7.072948404E-1,6.877556247E-1,-9.973118147E-2,-1.295369059E-1,8.996951964E1,8.804495939E1,2.126205567E0,-1.870185685E1
1.150089804E1,7.074248213E-1,6.884283095E-1,-9.799428877E-2,-1.265451540E-1,8.994844779E1,8.811187491E1,2.039435501E0,-1.831044034E1
1.151092104E1,7.077454956E-1,6.891912517E-1,-9.547593028E-2,-1.224588274E-1,8.989644509E1,8.817668113E1,1.928354744E0,-1.776505313E1
1.152094404E1,7.086708507E-1,6.900058871E-1,-9.131019899E-2,-1.154985493E-1,8.974625052E1,8.821651668E1,1.717503683E0,-1.684839353E1
1.153096704E1,7.102040266E-1,6.907417710E-1,-8.536066557E-2,-1.058285028E-1,8.949696416E1,8.821274450E1,1.429870522E0,-1.556477140E1
1.154099004E1,7.113149543E-1,6.919752196E-1,-7.786343664E-2,-9.559640705E-2,8.931599083E1,8.826813379E1,1.233664043E0,-1.411175325E1
1.155101304E1,7.119436800E-1,6.934007736E-1,-6.941141300E-2,-8.668110526E-2,8.921344136E1,8.835186488E1,1.224816770E0,-1.269342119E1
1.156103604E1,7.125985577E-1,6.943910138E-1,-6.075331236E-2,-7.958281732E-2,8.910652727E1,8.838012356E1,1.371662542E0,-1.141131966E1
1.157105904E1,7.132259978E-1,6.948412896E-1,-5.381638363E-2,-7.488685761E-2,8.900399747E1,8.836057708E1,1.564510920E0,-1.046750944E1
1.158108204E1,7.130752386E-1,6.954509859E-1,-5.057756691E-2,-7.289487111E-2,8.902864152E1,8.841892394E1,1.676622037E0,-1.004270499E1
1.159110504E1,7.124206558E-1,6.962839973E-1,-4.989577842E-2,-7.180322558E-2,8.913558120E1,8.854403625E1,1.655924278E0,-9.896169413E0
1.160112804E1,7.112243597E-1,6.977673346E-1,-4.887571932E-2,-6.994117782E-2,8.933075978E1,8.876963379E1,1.609199315E0,-9.657702762E0
1.161115129E1,7.100145555E-1,6.994474976E-1,-4.582258054E-2,-6.747425955E-2,8.952780077E1,8.900561390E1,1.680153368E0,-9.206035606E0
1.162117429E1,7.096130435E-1,7.006200651E-1,-3.910921977E-2,-6.365046565E-2,8.959311959E1,8.912834753E1,1.930359855E0,-8.349916008E0
1.163119729E1,7.092967947E-1,7.019406734E-1,-2.841818696E-2,-5.805064570E-2,8.964454125E1,8.925774772E1,2.360242943E0,-7.027737549E0
1.164122029E1,7.090705082E-1,7.030016360E-1,-1.644827125E-2,-5.231888503E-2,8.968132088E1,8.936685392E1,2.879439929E0,-5.592055864E0
1.165124329E1,7.088347388E-1,7.037283320E-1,-6.040697063E-3,-4.778295690E-2,8.971962922E1,8.945704424E1,3.364549837E0,-4.380179067E0
1.166126629E1,7.082452519E-1,7.045767269E-1,1.719907521E-3,-4.424104112E-2,8.981535409E1,8.959019541E1,3.714143854E0,-3.461062134E0
1.167128929E1,7.077782648E-1,7.051829672E-1,6.335493195E-3,-4.155358947E-2,8.989112969E1,8.969255200E1,3.874658509E0,-2.866005714E0
1.168131229E1,7.075002642E-1,7.055472846E-1,8.349101029E-3,-3.970679886E-2,8.993621560E1,8.975497402E1,3.890164803E0,-2.550866645E0
1.169133529E1,7.072903939E-1,7.058178884E-1,9.306487767E-3,-3.840275430E-2,8.997024042E1,8.980078813E1,3.863257302E0,-2.365855138E0
1.170135829E1,7.072796043E-1,7.058821834E-1,1.056846978E-2,-3.706905942E-2,8.997198939E1,8.981409470E1,3.857917983E0,-2.154909314E0
1.171138129E1,7.072897617E-1,7.059503560E-1,1.264540325E-2,-3.486364128E-2,8.997034290E1,8.983068847E1,3.848122614E0,-1.807089625E0
1.172140429E1,7.072864111E-1,7.060965423E-1,1.564977813E-2,-3.047545893E-2,8.997088603E1,8.986417709E1,3.736900243E0,-1.206395137E0
1.173142729E1,7.075385335E-1,7.060140398E-1,2.004904510E-2,-2.305457902E-2,8.993001016E1,8.986886852E1,3.492888810E0,-2.476457636E-1
1.174145129E1,7.078203906E-1,7.057685977E-1,2.664702887E-2,-1.306992738E-2,8.988429622E1,8.986449656E1,3.220073813E0,1.096775311E0
1.175147429E1,7.078982569E-1,7.054500096E-1,3.478663899E-2,-3.187018244E-3,8.987166399E1,8.987030405E1,3.080981845E0,2.558121690E0
1.176149729E1,7.078272183E-1,7.051082409E-1,4.227491171E-2,3.991074746E-3,8.988318860E1,8.988119994E1,3.108008748E0,3.747690213E0
1.177152029E1,7.080169424E-1,7.045264879E-1,4.777022855E-2,8.517161588E-3,8.985240697E1,8.984386377E1,3.189763981E0,4.559511979E0
1.178154329E1,7.082019881E-1,7.040960211E-1,5.064116651E-2,1.158374521E-2,8.982237638E1,8.980670000E1,3.176742408E0,5.040204575E0
1.179156629E1,7.078572058E-1,7.044353032E-1,5.034150241E-2,1.322285722E-2,8.987832386E1,8.985809498E1,3.017438480E0,5.150312900E0
1.180158929E1,7.074048858E-1,7.049807677E-1,4.877658993E-2,1.418591271E-2,8.995167988E1,8.992852797E1,2.809077069E0,5.103225394E0
1.181161229E1,7.069020739E-1,7.054575750E-1,4.882122344E-2,1.534941861E-2,9.003316943E1,9.000618365E1,2.714940523E0,5.203042588E0
1.182163529E1,7.064410928E-1,7.057806938E-1,5.050176581E-2,1.625445896E-2,9.010782871E1,9.007764847E1,2.774708873E0,5.414635171E0
1.183165829E1,7.060325212E-1,7.060072121E-1,5.251450963E-2,1.772504680E-2,9.017395930E1,9.013813024E1,2.815839053E0,5.698866221E0
1.184168129E1,7.053022006E-1,7.064517770E-1,5.485618853E-2,2.157592006E-2,9.029207289E1,9.023899390E1,2.687910760E0,6.203522810E0
1.185170429E1,7.042904234E-1,7.070280930E-1,5.782948011E-2,2.723910780E-2,9.045550619E1,9.037081605E1,2.461029960E0,6.906734996E0
1.186172729E1,7.031816663E-1,7.075172493E-1,6.210249620E-2,3.313743281E-2,9.063433960E1,9.050890928E1,2.318135682E0,7.734946271E0
1.187175029E1,7.021167208E-1,7.079136615E-1,6.680618986E-2,3.777811693E-2,9.080584706E1,9.064280133E1,2.311032822E0,8.496876907E0
1.188177329E1,7.011089896E-1,7.084814217E-1,6.991253903E-2,4.015511489E-2,9.096790751E1,9.078377080E1,2.357487696E0,8.945871538E0
1.189179629E1,7.003452255E-1,7.091625569E-1,7.041471873E-2,4.058052411E-2,9.109058389E1,9.090260760E1,2.353962988E0,9.023761885E0
1.190181929E1,6.994626494E-1,7.100993760E-1,6.966697042E-2,4.071069465E-2,9.123218366E1,9.104304308E1,2.271892223E0,8.975655982E0
1.191184229E1,6.983721419E-1,7.111551546E-1,6.910321418E-2,4.194526013E-2,9.140690763E1,9.120605755E1,2.112420649E0,9.031630194E0
1.192186529E1,6.972913070E-1,7.119724873E-1,6.977046201E-2,4.485712268E-2,9.157982570E1,9.134993574E1,1.915559873E0,9.322816086E0
1.193188829E1,6.963686493E-1,7.124213513E-1,7.201823773E-2,4.837198018E-2,9.172723710E1,9.145971995E1,1.798238078E0,9.791765512E0
1.194191129E1,6.956780732E-1,7.125939637E-1,7.498067649E-2,5.118380718E-2,9.183744894E1,9.153787346E1,1.798138227E0,1.026284735E1
1.195193429E1,6.952217282E-1,7.126975606E-1,7.707023295E-2,5.281301468E-2,9.191022258E1,9.159127294E1,1.827035866E0,1.056682986E1
1.196195729E1,6.949224223E-1,7.128887598E-1,7.741472022E-2,5.365938662E-2,9.195792881E1,9.162859886E1,1.781504114E0,1.066368786E1
1.197198029E1,6.942243651E-1,7.134732945E-1,7.735718977E-2,5.499251251E-2,9.206911736E1,9.172309489E1,1.658091323E0,1.076709084E1
1.198200329E1,6.930898141E-1,7.142727991E-1,7.843347276E-2,5.734949072E-2,9.224961028E1,9.187313922E1,1.535511278E0,1.104683244E1
1.199202629E1,6.919655048E-1,7.148689452E-1,8.078465578E-2,6.016717613E-2,9.242820462E1,9.201374303E1,1.477082574E0,1.146879294E1
1.200204929E1,6.908716466E-1,7.154041891E-1,8.374937047E-2,6.228452844E-2,9.260170618E1,9.215755512E1,1.524414072E0,1.188590281E1
1.201207229E1,6.892521539E-1,7.166074816E-1,8.643184879E-2,6.272778684E-2,9.285812103E1,9.240778801E1,1.675812353E0,1.214790111E1
1.202209529E1,6.873824354E-1,7.182742630E-1,8.832377868E-2,6.153376662E-2,9.315347710E1,9.272050372E1,1.892719910E0,1.221562249E1
1.203211829E1,6.853355316E-1,7.201706605E-1,9.004383371E-2,5.967871523E-2,9.347599896E1,9.306936643E1,2.146960302E0,1.221861319E1
1.204214129E1,6.835885447E-1,7.217288295E-1,9.212681526E-2,5.768002738E-2,9.375058991E1,9.337170111E1,2.446986758E0,1.224153609E1
1.205216429E1,6.823376473E-1,7.227734391E-1,9.459227946E-2,5.537271923E-2,9.394682755E1,9.359904195E1,2.811135352E0,1.227236698E1
1.206218729E1,6.812479827E-1,7.237600758E-1,9.649135323E-2,5.255469665E-2,9.411751610E1,9.380611433E1,3.175530760E0,1.221634709E1
1.207221029E1,6.801654619E-1,7.250473038E-1,9.641753302E-2,4.883567981E-2,9.428685165E1,9.402016927E1,3.459523615E0,1.192456929E1
1.208223329E1,6.787171698E-1,7.267601727E-1,9.531208441E-2,4.558603135E-2,9.451304137E1,9.428274472E1,3.618896549E0,1.158482899E1
1.209225629E1,6.770705556E-1,7.283654408E-1,9.518237748E-2,4.471791164E-2,9.476970424E1,9.454908452E1,3.654993124E0,1.151447474E1
1.210227929E1,6.758741541E-1,7.290979952E-1,9.726177655E-2,4.637219651E-2,9.495585973E1,9.471821465E1,3.661037728E0,1.182531204E1
1.211230229E1,6.748523459E-1,7.293518668E-1,1.012233485E-1,4.872323202E-2,9.511462986E1,9.485201940E1,3.758368170E0,1.234964135E1
1.212232529E1,6.740300609E-1,7.294336316E-1,1.053380610E-1,5.013970330E-2,9.524225182E1,9.496484284E1,3.948217261E0,1.281430554E1
1.213234829E1,6.733434045E-1,7.298486517E-1,1.072755095E-1,4.920952236E-2,9.534872439E1,9.508354475E1,4.165376151E0,1.291173858E1
1.214237129E1,6.723944471E-1,7.311957492E-1,1.056920524E-1,4.547158158E-2,9.549572109E1,9.527288279E1,4.337780239E0,1.249371544E1
1.215239429E1,6.715006178E-1,7.327925247E-1,1.022333134E-1,4.062619022E-2,9.563402177E1,9.546059702E1,4.459725995E0,1.183028176E1
1.216241729E1,6.708273640E-1,7.339379707E-1,9.992941918E-2,3.660310494E-2,9.573809338E1,9.560197651E1,4.608221905E0,1.132813789E1
1.217244029E1,6.702462222E-1,7.346808089E-1,9.946719469E-2,3.347077223E-2,9.582785761E1,9.571917367E1,4.827398743E0,1.105204648E1
1.218246329E1,6.697455387E-1,7.353007048E-1,9.936267050E-2,3.001483602E-2,9.590514320E1,9.582454269E1,5.103523529E0,1.078178973E1
1.219248629E1,6.692259313E-1,7.361152348E-1,9.804086104E-2,2.567061283E-2,9.598530022E1,9.593543052E1,5.360958604E0,1.033963030E1
1.220250929E1,6.687708718E-1,7.370956337E-1,9.485744635E-2,2.091842922E-2,9.605545832E1,9.603302223E1,5.511067658E0,9.706232515E0
1.221253229E1,6.687058603E-1,7.378471120E-1,9.024995287E-2,1.640140395E-2,9.606547822E1,9.606287375E1,5.537538594E0,8.965752172E0
1.222255529E1,6.693524562E-1,7.379266009E-1,8.530621184E-2,1.243338353E-2,9.596578657E1,9.597560100E1,5.500244255E0,8.233256792E0
1.223257829E1,6.704630256E-1,7.374189211E-1,8.129161915E-2,9.188919133E-3,9.579437719E1,9.581128844E1,5.477444181E0,7.632585265E0
1.224260129E1,6.717889865E-1,7.366074678E-1,7.790179027E-2,6.359327238E-3,9.558941951E1,9.561039350E1,5.468499032E0,7.115742035E0
1.225262429E1,6.735673939E-1,7.354178941E-1,7.384711593E-2,3.759857135E-3,9.531400263E1,9.533605151E1,5.390997512E0,6.556740142E0
1.226264729E1,6.754151749E-1,7.342295637E-1,6.869335715E-2,1.602043859E-3,9.502720155E1,9.504765164E1,5.188951288E0,5.938532878E0
1.227267029E1,6.772549481E-1,7.330509271E-1,6.294507492E-2,1.373776527E-4,9.474098874E1,9.475827326E1,4.879378347E0,5.325072351E0
1.228269329E1,6.794470268E-1,7.314873633E-1,5.725289015E-2,-2.634599500E-4,9.439910627E1,9.441263160E1,4.484307266E0,4.798836697E0
1.229271629E1,6.817425127E-1,7.297525568E-1,5.184844191E-2,-3.877510063E-5,9.404008070E1,9.405023740E1,4.057132871E0,4.347774590E0
1.230274029E1,6.840900290E-1,7.278896872E-1,4.687467124E-2,-3.259426530E-4,9.367182991E1,9.367950518E1,3.704316663E0,3.895398475E0
1.231276329E1,6.864460167E-1,7.259146648E-1,4.287740091E-2,-1.132780847E-3,9.330113091E1,9.330704913E1,3.469123920E0,3.486129760E0
1.232278629E1,6.888445307E-1,7.238332638E-1,3.942610085E-2,-2.061760609E-3,9.292257417E1,9.292690529E1,3.284942035E0,3.114105684E0
1.233280929E1,6.911751039E-1,7.218652167E-1,3.423693872E-2,-3.920036233E-3,9.255359870E1,9.255542267E1,3.037349012E0,2.525955433E0
1.234283229E1,6.933898997E-1,7.200522068E-1,2.636527719E-2,-6.335113873E-3,9.220189703E1,9.219959193E1,2.618529823E0,1.674068363E0
1.235285529E1,6.955539296E-1,7.182456875E-1,1.608955942E-2,-8.301348650E-3,9.185725062E1,9.185043068E1,1.966039452E0,6.629987879E-1
1.236287829E1,6.969856159E-1,7.170151259E-1,3.790645408E-3,-9.276205256E-3,9.162868584E1,9.161910767E1,1.064984150E0,-4.295022374E-1
1.237290129E1,6.976324014E-1,7.163199769E-1,-1.036098084E-2,-9.347559870E-3,9.152528293E1,9.151526802E1,-6.099848223E-2,-1.597951077E0
1.238292429E1,6.973430633E-1,7.161831050E-1,-2.654518101E-2,-9.468816354E-3,9.157155122E1,9.156169108E1,-1.344246960E0,-2.937268224E0
1.239294729E1,6.958252078E-1,7.167578827E-1,-4.446772794E-2,-1.039033612E-2,9.181397573E1,9.180358223E1,-2.693252868E0,-4.490361184E0
1.240297029E1,6.929106268E-1,7.181899272E-1,-6.280390405E-2,-1.156319862E-2,9.227809175E1,9.226838721E1,-4.038446388E0,-6.113550186E0
1.241299329E1,6.886889877E-1,7.206381744E-1,-7.908976242E-2,-1.152644657E-2,9.294715945E1,9.294449608E1,-5.297302134E0,-7.494066044E0
1.242301629E1,6.841843958E-1,7.235424295E-1,-9.099354972E-2,-9.918481080E-3,9.365700358E1,9.366807736E1,-6.324530293E0,-8.403122066E0
1.243303929E1,6.809838273E-1,7.257932608E-1,-9.711620133E-2,-7.325206565E-3,9.415885861E1,9.418381911E1,-6.986527534E0,-8.747396733E0
1.244306229E1,6.800814633E-1,7.269612343E-1,-9.493990666E-2,-1.729875250E-3,9.429998160E1,9.433459195E1,-7.274239631E0,-8.136231953E0
1.245308529E1,6.812993386E-1,7.272345355E-1,-8.306458955E-2,7.841884781E-3,9.410947686E1,9.413469204E1,-7.157049321E0,-6.372639272E0
1.246310829E1,6.843604853E-1,7.260961492E-1,-6.420581360E-2,1.768441724E-2,9.362933265E1,9.361685416E1,-6.520633731E0,-3.984329946E0
1.247313129E1,6.868529024E-1,7.251327143E-1,-4.309331921E-2,2.363405604E-2,9.323699556E1,9.318685122E1,-5.363449407E0,-1.728450054E0
1.248315429E1,6.865875880E-1,7.262480253E-1,-2.471963241E-2,2.345767148E-2,9.327881959E1,9.322313844E1,-3.900072940E0,-2.121237841E-1
1.249317729E1,6.849212913E-1,7.283017991E-1,-1.256056165E-2,1.736747294E-2,9.354116507E1,9.350972026E1,-2.436005905E0,3.151234985E-1
1.250320029E1,6.808436469E-1,7.323455363E-1,-9.018119029E-3,6.379979193E-3,9.418079237E1,9.417710366E1,-1.239092415E0,-2.591084016E-1
1.251322329E1,6.752269050E-1,7.373905984E-1,-1.456363277E-2,-1.056916520E-2,9.505645369E1,9.504365334E1,-2.337850335E-1,-2.048854639E0
1.252324629E1,6.695272813E-1,7.415973175E-1,-2.604068323E-2,-3.299177330E-2,9.593881875E1,9.581400188E1,8.057957574E-1,-4.750067154E0
1.253326929E1,6.634124268E-1,7.452252761E-1,-3.775139583E-2,-5.565967605E-2,9.687870784E1,9.652479449E1,1.883565848E0,-7.480431556E0
1.254329229E1,6.570341757E-1,7.485694388E-1,-4.819068551E-2,-7.501704922E-2,9.785185502E1,9.721007938E1,2.807762353E0,-9.841946774E0
1.255331529E1,6.507507128E-1,7.517430333E-1,-5.865690704E-2,-8.924822765E-2,9.880354733E1,9.789432257E1,3.315919897E0,-1.181130761E1
1.256333829E1,6.452579879E-1,7.550660173E-1,-6.807449390E-2,-9.425103750E-2,9.962995745E1,9.861186232E1,3.123036848E0,-1.298922191E1
1.257336129E1,6.420589157E-1,7.580504567E-1,-7.367764345E-2,-8.770095362E-2,1.001089609E2,9.922173747E1,2.197988071E0,-1.297267046E1
1.258338429E1,6.414804081E-1,7.600137412E-1,-7.413738128E-2,-7.338763099E-2,1.001954028E2,9.957025901E1,9.417478590E-1,-1.193912110E1
1.259340729E1,6.421277204E-1,7.613144351E-1,-7.069975787E-2,-5.544240905E-2,1.000986763E2,9.974129076E1,-3.654542147E-1,-1.030309406E1
1.260343029E1,6.428818540E-1,7.621724396E-1,-6.627478132E-2,-3.746669386E-2,9.998590139E1,9.982652929E1,-1.610311954E0,-8.583922346E0
1.261345312E1,6.429059620E-1,7.629373838E-1,-6.374497996E-2,-2.312913679E-2,9.998229469E1,9.993097862E1,-2.675074037E0,-7.304651253E0
1.262347613E1,6.413317561E-1,7.643475120E-1,-6.518372585E-2,-1.474893139E-2,1.002176059E2,1.002115358E2,-3.500782354E0,-6.822021967E0
1.263349913E1,6.383804652E-1,7.663704343E-1,-7.075659290E-2,-1.184172607E-2,1.006576788E2,1.006694886E2,-4.139723341E0,-7.116879609E0
1.264352213E1,6.349304928E-1,7.684167270E-1,-7.892256587E-2,-1.304076176E-2,1.011703411E2,1.011869395E2,-4.598866707E0,-7.949257602E0
1.265354513E1,6.316583379E-1,7.702195163E-1,-8.668272791E-2,-1.599508726E-2,1.016548441E2,1.016676041E2,-4.868450438E0,-8.875793674E0
1.266356812E1,6.291381882E-1,7.716107416E-1,-9.191605994E-2,-1.879842167E-2,1.020268636E2,1.020313781E2,-4.970664504E0,-9.562606644E0
1.267359113E1,6.274327581E-1,7.726297259E-1,-9.472046910E-2,-1.998961805E-2,1.022780619E2,1.022795636E2,-5.046965923E0,-9.911062688E0
1.268361413E1,6.263013049E-1,7.733457588E-1,-9.665606311E-2,-1.845907632E-2,1.024444727E2,1.024587949E2,-5.308663132E0,-9.983385635E0
1.269363713E1,6.254428157E-1,7.737016467E-1,-9.978125193E-2,-1.583627793E-2,1.025706073E2,1.026057876E2,-5.757011891E0,-1.008414830E1
1.270366013E1,6.245598814E-1,7.737665529E-1,-1.048612116E-1,-1.464638811E-2,1.027002176E2,1.027513099E2,-6.218390139E0,-1.046530054E1
1.271368313E1,6.237043425E-1,7.736477199E-1,-1.106440753E-1,-1.482783029E-2,1.028256946E2,1.028869133E2,-6.607970924E0,-1.100905080E1
1.272370613E1,6.230107950E-1,7.734403995E-1,-1.157396714E-1,-1.587225027E-2,1.029273328E2,1.029926971E2,-6.872575864E0,-1.155166659E1
1.273372913E1,6.227297177E-1,7.730076567E-1,-1.199085637E-1,-1.699630672E-2,1.029685038E2,1.030353565E2,-7.069008441E0,-1.201283250E1
1.274375213E1,6.228327035E-1,7.724073802E-1,-1.231996636E-1,-1.697677165E-2,1.029534203E2,1.030272697E2,-7.310107835E0,-1.231000120E1
1.275377513E1,6.232534766E-1,7.716908417E-1,-1.256486905E-1,-1.614810139E-2,1.028917764E2,1.029760971E2,-7.567798399E0,-1.247029652E1
1.276379813E1,6.240371972E-1,7.708388221E-1,-1.271703393E-1,-1.458866800E-2,1.027768897E2,1.028739342E2,-7.829578541E0,-1.249061222E1
1.277382113E1,6.250794256E-1,7.697773958E-1,-1.286383140E-1,-1.306453259E-2,1.026239654E2,1.027326900E2,-8.088629893E0,-1.250545870E1
1.278384412E1,6.261472371E-1,7.685115995E-1,-1.310355003E-1,-1.261585831E-2,1.024671175E2,1.025830020E2,-8.320148481E0,-1.268047566E1
1.279386713E1,6.270291177E-1,7.671239567E-1,-1.347573199E-1,-1.398950840E-2,1.023374505E2,1.024529023E2,-8.483822314E0,-1.310735195E1
1.280389113E1,6.278506862E-1,7.656731568E-1,-1.388156610E-1,-1.668724388E-2,1.022165450E2,1.023231375E2,-8.554903630E0,-1.365980882E1
1.281391313E1,6.288279241E-1,7.641927698E-1,-1.421322176E-1,-1.958035107E-2,1.020725965E2,1.021652029E2,-8.558960791E0,-1.415713380E1
1.282393713E1,6.299041439E-1,7.628073608E-1,-1.444388725E-1,-2.197652585E-2,1.019138984E2,1.019921194E2,-8.536392723E0,-1.452621565E1
1.283396012E1,6.310169472E-1,7.616310001E-1,-1.455062414E-1,-2.374315315E-2,1.017496181E2,1.018146415E2,-8.480150332E0,-1.473744494E1
1.284398313E1,6.324956693E-1,7.603523701E-1,-1.455457541E-1,-2.509703637E-2,1.015310211E2,1.015830794E2,-8.392233835E0,-1.482211600E1
1.285400613E1,6.340899792E-1,7.589160476E-1,-1.458080339E-1,-2.676320666E-2,1.012949549E2,1.013313806E2,-8.296095751E0,-1.494857473E1
1.286402913E1,6.355182727E-1,7.573879293E-1,-1.470830183E-1,-2.909681444E-2,1.010831312E2,1.010995803E2,-8.214113576E0,-1.521688872E1
1.287405213E1,6.370238635E-1,7.556654508E-1,-1.489133927E-1,-3.154569385E-2,1.008594944E2,1.008547881E2,-8.166302376E0,-1.554322702E1
1.288407513E1,6.386087325E-1,7.538611653E-1,-1.506927272E-1,-3.411477608E-2,1.006236915E2,1.005951228E2,-8.107554916E0,-1.587314885E1
1.289409813E1,6.401709687E-1,7.522669819E-1,-1.515223669E-1,-3.628375827E-2,1.003908612E2,1.003395875E2,-8.013723957E0,-1.608913433E1
1.290412113E1,6.414794176E-1,7.510269162E-1,-1.516849905E-1,-3.813712378E-2,1.001955508E2,1.001231575E2,-7.892887456E0,-1.622525787E1
1.291414413E1,6.426402050E-1,7.499952878E-1,-1.515070887E-1,-3.957730267E-2,1.000220483E2,9.993216849E1,-7.779640546E0,-1.630263184E1
1.292416713E1,6.434739540E-1,7.493850646E-1,-1.506628241E-1,-4.079205914E-2,9.989729204E1,9.979129584E1,-7.628954559E0,-1.630745559E1
1.293419013E1,6.439417208E-1,7.491369461E-1,-1.492572688E-1,-4.307209828E-2,9.982724874E1,9.969165948E1,-7.336251615E0,-1.634400122E1
1.294421313E1,6.442742805E-1,7.489895797E-1,-1.476783004E-1,-4.600461278E-2,9.977742940E1,9.960309039E1,-6.971563093E0,-1.641469565E1
1.295423612E1,6.442642285E-1,7.489427756E-1,-1.469624993E-1,-4.909492508E-2,9.977893552E1,9.956374299E1,-6.651314947E0,-1.657759106E1
1.296425913E1,6.441642772E-1,7.488322034E-1,-1.469615510E-1,-5.201003293E-2,9.979391054E1,9.953947207E1,-6.398400380E0,-1.679239173E1
1.297428213E1,6.441519703E-1,7.486748060E-1,-1.468391777E-1,-5.470502886E-2,9.979575428E1,9.950327012E1,-6.157444548E0,-1.697959082E1
1.298430513E1,6.443614823E-1,7.484733440E-1,-1.461514254E-1,-5.679458532E-2,9.976436305E1,9.944049394E1,-5.930972587E0,-1.707029133E1
1.299432813E1,6.446564470E-1,7.482716292E-1,-1.452981203E-1,-5.827636314E-2,9.972015613E1,9.937307306E1,-5.746175182E0,-1.710111795E1
1.300435113E1,6.448762218E-1,7.481546717E-1,-1.444140902E-1,-5.953113804E-2,9.968720872E1,9.931999543E1,-5.576887486E0,-1.711325380E1
1.301437413E1,6.449207289E-1,7.482801429E-1,-1.430424210E-1,-6.076941245E-2,9.968053550E1,9.929262923E1,-5.368269529E0,-1.708217094E1
1.302439713E1,6.447847210E-1,7.485517793E-1,-1.415396751E-1,-6.236429135E-2,9.970092698E1,9.928637768E1,-5.115251991E0,-1.706710351E1
1.303442013E1,6.445106611E-1,7.487317463E-1,-1.407092136E-1,-6.486690799E-2,9.974200714E1,9.928643809E1,-4.832400953E0,-1.717982577E1
1.304444313E1,6.440465189E-1,7.488001928E-1,-1.407261566E-1,-6.854584318E-2,9.981155135E1,9.929461158E1,-4.508908688E0,-1.745600248E1
1.305446613E1,6.434480548E-1,7.487308402E-1,-1.414063857E-1,-7.335528328E-2,9.990116914E1,9.930025435E1,-4.136256271E0,-1.787556573E1
1.306448913E1,6.426539028E-1,7.486618458E-1,-1.424847971E-1,-7.873711973E-2,1.000199996E2,9.931940007E1,-3.740740583E0,-1.837402766E1
1.307451212E1,6.416783507E-1,7.486801375E-1,-1.437610880E-1,-8.402260849E-2,1.001658319E2,9.936125100E1,-3.364315105E0,-1.888386064E1
1.308453513E1,6.406324135E-1,7.487873380E-1,-1.451033176E-1,-8.861469730E-2,1.003220137E2,9.942211945E1,-3.050071469E0,-1.934838422E1
1.309455813E1,6.400759276E-1,7.486947836E-1,-1.458948354E-1,-9.205166743E-2,1.004050371E2,9.943070535E1,-2.804621729E0,-1.967624097E1
1.310458113E1,6.397673494E-1,7.486816759E-1,-1.457497238E-1,-9.450130548E-2,1.004510530E2,9.942173586E1,-2.578552304E0,-1.984652070E1
1.311460413E1,6.392502076E-1,7.489478543E-1,-1.451419030E-1,-9.679991031E-2,1.005281359E2,9.944572233E1,-2.325002495E0,-1.996507233E1
1.312462713E1,6.383799805E-1,7.493391035E-1,-1.452371127E-1,-9.933839392E-2,1.006577509E2,9.951561046E1,-2.095008233E0,-2.016503404E1
1.313465013E1,6.372084667E-1,7.496903764E-1,-1.465814918E-1,-1.021939272E-1,1.008320491E2,9.962144822E1,-1.924258185E0,-2.050056571E1
1.314467313E1,6.359681271E-1,7.498847788E-1,-1.485202258E-1,-1.056361868E-1,1.010163486E2,9.972092399E1,-1.746549726E0,-2.093291337E1
1.315469613E1,6.347391250E-1,7.500886009E-1,-1.500833681E-1,-1.093086103E-1,1.011987229E2,9.980967426E1,-1.521111557E0,-2.134881199E1
1.316471913E1,6.335182994E-1,7.504229729E-1,-1.514768483E-1,-1.121370010E-1,1.013796481E2,9.991621095E1,-1.353815961E0,-2.168652607E1
1.317474213E1,6.322709002E-1,7.507070848E-1,-1.535659411E-1,-1.144112660E-1,1.015642703E2,1.000397304E2,-1.284212269E0,-2.204521616E1
1.318476513E1,6.312777308E-1,7.508301326E-1,-1.561461923E-1,-1.155898815E-1,1.017110915E2,1.001545508E2,-1.350385758E0,-2.236607279E1
1.319478812E1,6.305407721E-1,7.509312429E-1,-1.586680490E-1,-1.155212454E-1,1.018199380E2,1.002654903E2,-1.524036794E0,-2.258882032E1
1.320481113E1,6.301816388E-1,7.510274641E-1,-1.603721725E-1,-1.144971191E-1,1.018729504E2,1.003467301E2,-1.727513755E0,-2.266676989E1
1.321483413E1,6.298459813E-1,7.512448576E-1,-1.614681591E-1,-1.133721354E-1,1.019224795E2,1.004268782E2,-1.894525045E0,-2.268279545E1
1.322485713E1,6.292836369E-1,7.514096307E-1,-1.629202234E-1,-1.133255421E-1,1.020054194E2,1.005112725E2,-1.990755868E0,-2.281155340E1
1.323488013E1,6.285775929E-1,7.515247758E-1,-1.647247829E-1,-1.138699951E-1,1.021094846E2,1.006008718E2,-2.059216432E0,-2.301637954E1
1.324490313E1,6.277619671E-1,7.515164729E-1,-1.671511348E-1,-1.148838797E-1,1.022296063E2,1.006938649E2,-2.131206539E0,-2.331256253E1
1.325492613E1,6.268688333E-1,7.512909241E-1,-1.704353648E-1,-1.164008712E-1,1.023610266E2,1.007843667E2,-2.222453246E0,-2.372403665E1
1.326494913E1,6.257063178E-1,7.512548253E-1,-1.737824357E-1,-1.179295585E-1,1.025319038E2,1.009132186E2,-2.308684103E0,-2.414330833E1
1.327497313E1,6.241729522E-1,7.515277893E-1,-1.770679300E-1,-1.194196814E-1,1.027569799E2,1.010964008E2,-2.381187933E0,-2.455577483E1
1.328499613E1,6.224231626E-1,7.518909055E-1,-1.807740921E-1,-1.207071201E-1,1.030133932E2,1.013162533E2,-2.494230865E0,-2.499295912E1
1.329501913E1,6.206513302E-1,7.521986407E-1,-1.848819979E-1,-1.216875190E-1,1.032725727E2,1.015477279E2,-2.661093263E0,-2.544537151E1
1.330504213E1,6.192283472E-1,7.522743154E-1,-1.890100499E-1,-1.221264573E-1,1.034803877E2,1.017440975E2,-2.885234819E0,-2.586015147E1
1.331506513E1,6.182724567E-1,7.523447006E-1,-1.924807586E-1,-1.211106340E-1,1.036198209E2,1.019152251E2,-3.197458443E0,-2.610819279E1
1.332508813E1,6.176905351E-1,7.522946513E-1,-1.957185427E-1,-1.191865039E-1,1.037046389E2,1.020587112E2,-3.581039384E0,-2.626867133E1
1.333511113E1,6.173870357E-1,7.518859954E-1,-1.993005190E-1,-1.173882243E-1,1.037488559E2,1.021584976E2,-3.989059480E0,-2.647007403E1
1.334513413E1,6.168348066E-1,7.513921819E-1,-2.035286277E-1,-1.161926236E-1,1.038292762E2,1.022777509E2,-4.385955496E0,-2.677719843E1
1.335515713E1,6.161902127E-1,7.507511072E-1,-2.083756206E-1,-1.151609531E-1,1.039230915E2,1.024068722E2,-4.811831154E0,-2.715550854E1
1.336518012E1,6.158495186E-1,7.499288644E-1,-2.132217074E-1,-1.134573564E-1,1.039726524E2,1.025118485E2,-5.304861809E0,-2.748551273E1
1.337520313E1,6.160272308E-1,7.489284457E-1,-2.174315243E-1,-1.110867436E-1,1.039468026E2,1.025600971E2,-5.825290785E0,-2.770680529E1
1.338522613E1,6.163146513E-1,7.480496417E-1,-2.209720703E-1,-1.083945083E-1,1.039049852E2,1.025999643E2,-6.327288851E0,-2.784306664E1
1.339524913E1,6.164634928E-1,7.474200100E-1,-2.239128667E-1,-1.058254261E-1,1.038833252E2,1.026546876E2,-6.769544018E0,-2.793404528E1
1.340527213E1,6.163782930E-1,7.470126185E-1,-2.264795254E-1,-1.037164610E-1,1.038957242E2,1.027295214E2,-7.136817842E0,-2.802544471E1
1.341529513E1,6.158264854E-1,7.468567595E-1,-2.291970699E-1,-1.021349638E-1,1.039760025E2,1.028578620E2,-7.454040950E0,-2.817326743E1
1.342531813E1,6.150153482E-1,7.465594346E-1,-2.327966005E-1,-1.010491556E-1,1.040939289E2,1.030126479E2,-7.785715521E0,-2.844253106E1
1.343534113E1,6.139810856E-1,7.463337593E-1,-2.368224885E-1,-9.964109259E-2,1.042441572E2,1.032097245E2,-8.168111055E0,-2.873305780E1
1.344536413E1,6.128479887E-1,7.461652140E-1,-2.408508421E-1,-9.821208261E-2,1.044085656E2,1.034220388E2,-8.548412176E0,-2.902540917E1
1.345538713E1,6.117688186E-1,7.459358298E-1,-2.448468902E-1,-9.679186026E-2,1.045649795E2,1.036266632E2,-8.927140247E0,-2.931691512E1
1.346541013E1,6.108881391E-1,7.453780584E-1,-2.492323541E-1,-9.544882986E-2,1.046925021E2,1.038021675E2,-9.335500768E0,-2.965089711E1
1.347543313E1,6.098548459E-1,7.446263483E-1,-2.544126022E-1,-9.424960450E-2,1.048419838E2,1.039991401E2,-9.784797946E0,-3.007490455E1
1.348545612E1,6.083095107E-1,7.441874942E-1,-2.598466164E-1,-9.286720895E-2,1.050652606E2,1.042766948E2,-1.024822762E1,-3.051973487E1
1.349547913E1,6.069851302E-1,7.438072032E-1,-2.646978451E-1,-9.085697286E-2,1.052563479E2,1.045376912E2,-1.072965509E1,-3.086624263E1
1.350550213E1,6.063176717E-1,7.433296162E-1,-2.685498774E-1,-8.786827661E-2,1.053525595E2,1.047260001E2,-1.124606066E1,-3.104401373E1
1.351552513E1,6.060392074E-1,7.428639567E-1,-2.718166164E-1,-8.357869681E-2,1.053926808E2,1.048882454E2,-1.184635007E1,-3.107384872E1
1.352554813E1,6.063730105E-1,7.421242163E-1,-2.746919377E-1,-7.815186860E-2,1.053445849E2,1.049856592E2,-1.254079953E1,-3.098215250E1
1.353557113E1,6.069987858E-1,7.410926722E-1,-2.775543409E-1,-7.278545789E-2,1.052543789E2,1.050348839E2,-1.324225178E1,-3.089053602E1
1.354559413E1,6.071569419E-1,7.404478886E-1,-2.801802792E-1,-6.779634577E-2,1.052315719E2,1.051382897E2,-1.387635837E1,-3.080994119E1
1.355561713E1,6.066292212E-1,7.401747349E-1,-2.828960957E-1,-6.412577673E-2,1.053076585E2,1.053103106E2,-1.437679084E1,-3.083985003E1
1.356564013E1,6.055019194E-1,7.400302977E-1,-2.861117738E-1,-6.214963745E-2,1.054700635E2,1.055350755E2,-1.474379554E1,-3.104469880E1
1.357566313E1,6.040465466E-1,7.398507521E-1,-2.898174933E-1,-6.127336232E-2,1.056794735E2,1.057871115E2,-1.503803626E1,-3.137916979E1
1.358568613E1,6.027391935E-1,7.394990366E-1,-2.935730725E-1,-6.050995645E-2,1.058673383E2,1.060160589E2,-1.533141574E1,-3.172555906E1
1.359570913E1,6.017943244E-1,7.391922708E-1,-2.965982258E-1,-5.888922047E-2,1.060029699E2,1.062071755E2,-1.565958645E1,-3.193790293E1
1.360573212E1,6.013519089E-1,7.389805250E-1,-2.985336091E-1,-5.622646687E-2,1.060664351E2,1.063409833E2,-1.601845613E1,-3.196491824E1
1.361575438E1,6.014866313E-1,7.385872949E-1,-2.997866349E-1,-5.320476964E-2,1.060471117E2,1.063929942E2,-1.638214971E1,-3.188989657E1
1.362577738E1,6.015933471E-1,7.380690784E-1,-3.012727117E-1,-5.073677663E-2,1.060318037E2,1.064379883E2,-1.671389678E1,-3.187552941E1
1.363580038E1,6.013516349E-1,7.375043106E-1,-3.033959856E-1,-4.913658724E-2,1.060664743E2,1.065201426E2,-1.700280096E1,-3.198952308E1
1.364582338E1,6.009584259E-1,7.368943614E-1,-3.058432845E-1,-4.791148372E-2,1.061228585E2,1.066193035E2,-1.727671251E1,-3.216457095E1
1.365584638E1,6.003810352E-1,7.364790464E-1,-3.081957530E-1,-4.643889390E-2,1.062056157E2,1.067501179E2,-1.755776812E1,-3.231869100E1
1.366586937E1,5.996275549E-1,7.363856911E-1,-3.101507346E-1,-4.460173385E-2,1.063135442E2,1.069114231E2,-1.783408667E1,-3.241362318E1
1.367589238E1,5.989401398E-1,7.363512360E-1,-3.118007626E-1,-4.286958267E-2,1.064119432E2,1.070587602E2,-1.808127935E1,-3.248400369E1
1.368591538E1,5.982587517E-1,7.363666196E-1,-3.132614460E-1,-4.144944461E-2,1.065094171E2,1.071976864E2,-1.828710852E1,-3.255594202E1
1.369593838E1,5.975448894E-1,7.365355442E-1,-3.143731112E-1,-4.031040495E-2,1.066114702E2,1.073332223E2,-1.844076097E1,-3.261168280E1
1.370596138E1,5.970801994E-1,7.367550239E-1,-3.148669248E-1,-3.932056514E-2,1.066778654E2,1.074244949E2,-1.854578531E1,-3.260877594E1
1.371598438E1,5.967170200E-1,7.369610799E-1,-3.151584545E-1,-3.863167490E-2,1.067297368E2,1.074934005E2,-1.861338711E1,-3.260241207E1
1.372600738E1,5.963559690E-1,7.369735553E-1,-3.158236161E-1,-3.853745562E-2,1.067812869E2,1.075534866E2,-1.865593560E1,-3.267249018E1
1.373603038E1,5.957942569E-1,7.368710542E-1,-3.170634921E-1,-3.900100774E-2,1.068614528E2,1.076367906E2,-1.868299119E1,-3.284173232E1
1.374605438E1,5.950681510E-1,7.369233374E-1,-3.182666792E-1,-3.929759511E-2,1.069650188E2,1.077471068E2,-1.871506897E1,-3.300029013E1
1.375607738E1,5.945883302E-1,7.371109751E-1,-3.187354365E-1,-3.924189805E-2,1.070334187E2,1.078222955E2,-1.873439050E1,-3.305553092E1
1.376610038E1,5.946008899E-1,7.371641223E-1,-3.185791138E-1,-3.932126057E-2,1.070316286E2,1.078176230E2,-1.871629733E1,-3.304423507E1
1.377612338E1,5.945800483E-1,7.372738938E-1,-3.183328709E-1,-3.957129675E-2,1.070345990E2,1.078137660E2,-1.867495874E1,-3.303532036E1
1.378614638E1,5.944470750E-1,7.372679089E-1,-3.184978336E-1,-4.034557650E-2,1.070535493E2,1.078192381E2,-1.861268989E1,-3.310458257E1
1.379616938E1,5.944809189E-1,7.368808533E-1,-3.191435866E-1,-4.179167702E-2,1.070487263E2,1.077905188E2,-1.853346972E1,-3.326247067E1
1.380619238E1,5.945350566E-1,7.364279012E-1,-3.198783326E-1,-4.335652628E-2,1.070410111E2,1.077566230E2,-1.845138237E1,-3.343666603E1
1.381621538E1,5.947677704E-1,7.360897148E-1,-3.200873810E-1,-4.435445829E-2,1.070078425E2,1.077037367E2,-1.838844057E1,-3.351682579E1
1.382623838E1,5.953541806E-1,7.355522161E-1,-3.201132170E-1,-4.520917530E-2,1.069242301E2,1.076004830E2,-1.833993133E1,-3.356146228E1
1.383626137E1,5.957161588E-1,7.348321372E-1,-3.209214671E-1,-4.640523964E-2,1.068725954E2,1.075288724E2,-1.830987491E1,-3.371321158E1
1.384628438E1,5.955572651E-1,7.340578363E-1,-3.227383124E-1,-4.806801711E-2,1.068952631E2,1.075309979E2,-1.829133596E1,-3.400969346E1
1.385630738E1,5.953400614E-1,7.331919293E-1,-3.248279110E-1,-4.986598060E-2,1.069262438E2,1.075401630E2,-1.827894060E1,-3.434426473E1
1.386633038E1,5.958114949E-1,7.322381462E-1,-3.259678989E-1,-5.080309470E-2,1.068589932E2,1.074596082E2,-1.830232091E1,-3.451150333E1
1.387635338E1,5.971391628E-1,7.312985875E-1,-3.257192536E-1,-5.034040660E-2,1.066694423E2,1.072735692E2,-1.838325494E1,-3.442786824E1
1.388637638E1,5.990013159E-1,7.303561419E-1,-3.245964194E-1,-4.913856814E-2,1.064031888E2,1.070178050E2,-1.848703469E1,-3.419509078E1
1.389639938E1,6.007208020E-1,7.292760024E-1,-3.239006592E-1,-4.878084676E-2,1.061569225E2,1.067672813E2,-1.854191522E1,-3.406324981E1
1.390642238E1,6.017602276E-1,7.280954271E-1,-3.244159044E-1,-5.015930159E-2,1.060078621E2,1.065887351E2,-1.850574006E1,-3.418247888E1
1.391644538E1,6.024057909E-1,7.267325876E-1,-3.258957435E-1,-5.252542566E-2,1.059152105E2,1.064535651E2,-1.843925644E1,-3.447323255E1
1.392646838E1,6.030582241E-1,7.253559873E-1,-3.274926876E-1,-5.411086366E-2,1.058215155E2,1.063344097E2,-1.845109157E1,-3.472544823E1
1.393649138E1,6.039336984E-1,7.239510853E-1,-3.289137740E-1,-5.453878062E-2,1.056956988E2,1.062062809E2,-1.856119916E1,-3.487976343E1
1.394651438E1,6.051386347E-1,7.223002775E-1,-3.302916387E-1,-5.474479441E-2,1.055223628E2,1.060338811E2,-1.870284976E1,-3.500793974E1
1.395653737E1,6.066902920E-1,7.204832847E-1,-3.313972770E-1,-5.483193302E-2,1.052988553E2,1.058103319E2,-1.885050610E1,-3.509257555E1
1.396656038E1,6.087404622E-1,7.186255992E-1,-3.318019921E-1,-5.403542080E-2,1.050030284E2,1.055263689E2,-1.904436115E1,-3.503607781E1
1.397658338E1,6.114074305E-1,7.165840058E-1,-3.315887291E-1,-5.231877966E-2,1.046173219E2,1.051641962E2,-1.929852066E1,-3.484094178E1
1.398660638E1,6.141879002E-1,7.145230460E-1,-3.311901674E-1,-5.043030582E-2,1.042141293E2,1.047844453E2,-1.955786866E1,-3.461122965E1
1.399662938E1,6.166740585E-1,7.126040579E-1,-3.308592725E-1,-4.940407221E-2,1.038526774E2,1.044289321E2,-1.973398157E1,-3.445084365E1
1.400665238E1,6.188903505E-1,7.107306094E-1,-3.306910434E-1,-4.980248637E-2,1.035297056E2,1.040848224E2,-1.978738094E1,-3.440740285E1
1.401667538E1,6.206753749E-1,7.089825478E-1,-3.308612113E-1,-5.134976040E-2,1.032690586E2,1.037841773E2,-1.974914327E1,-3.448536587E1
1.402669838E1,6.218402717E-1,7.074368332E-1,-3.315971163E-1,-5.376970600E-2,1.030987085E2,1.035626194E2,-1.965304188E1,-3.469432879E1
1.403672138E1,6.225358422E-1,7.060880919E-1,-3.326754434E-1,-5.670748885E-2,1.029968950E2,1.034023457E2,-1.951926607E1,-3.498432066E1
1.404674438E1,6.233968602E-1,7.047074875E-1,-3.334573096E-1,-5.974876330E-2,1.028707645E2,1.032110644E2,-1.936237580E1,-3.524791199E1
1.405676738E1,6.246575145E-1,7.033789346E-1,-3.334579840E-1,-6.218379747E-2,1.026858913E2,1.029659664E2,-1.921516091E1,-3.538308772E1
1.406679038E1,6.264637388E-1,7.020340076E-1,-3.326007381E-1,-6.378240636E-2,1.024205944E2,1.026504624E2,-1.909708162E1,-3.536341263E1
1.407681337E1,6.286465452E-1,7.003453309E-1,-3.316918203E-1,-6.557708239E-2,1.020993249E2,1.022723149E2,-1.897651857E1,-3.534419060E1
1.408683638E1,6.308475379E-1,6.984303677E-1,-3.310947469E-1,-6.784395064E-2,1.017746399E2,1.018816867E2,-1.884275810E1,-3.538923050E1
1.409685938E1,6.329119748E-1,6.965019808E-1,-3.307276479E-1,-7.019123507E-2,1.014694180E2,1.015102034E2,-1.871532366E1,-3.546706296E1
1.410688238E1,6.348734892E-1,6.947148491E-1,-3.302411257E-1,-7.244149746E-2,1.011787959E2,1.011548831E2,-1.858252953E1,-3.552976640E1
1.411690538E1,6.368252043E-1,6.931564694E-1,-3.292752464E-1,-7.460238745E-2,1.008890234E2,1.007996243E2,-1.841873540E1,-3.554012298E1
1.412692838E1,6.387272705E-1,6.918223952E-1,-3.279223747E-1,-7.665656163E-2,1.006060388E2,1.004517983E2,-1.823049433E1,-3.550729010E1
1.413695138E1,6.408412090E-1,6.902237863E-1,-3.266375491E-1,-7.887734230E-2,1.002908501E2,1.000669870E2,-1.804474155E1,-3.548968791E1
1.414697438E1,6.431056327E-1,6.882731248E-1,-3.257859510E-1,-8.098607557E-2,9.995241908E1,9.966271781E1,-1.791155256E1,-3.550495198E1
1.415699838E1,6.455615085E-1,6.860228624E-1,-3.252698628E-1,-8.259779213E-2,9.958442298E1,9.924125444E1,-1.785658413E1,-3.551480990E1
1.416702138E1,6.481132051E-1,6.835197189E-1,-3.250472853E-1,-8.422782150E-2,9.920100756E1,9.880438517E1,-1.782989920E1,-3.555318305E1
1.417704438E1,6.505543927E-1,6.810582586E-1,-3.247976074E-1,-8.628521991E-2,9.883317248E1,9.837252859E1,-1.776216458E1,-3.562256095E1
1.418706738E1,6.528845234E-1,6.790290143E-1,-3.238456365E-1,-8.823493312E-2,9.848112543E1,9.795652469E1,-1.764025126E1,-3.561961346E1
1.419709038E1,6.555137492E-1,6.773325615E-1,-3.217245964E-1,-8.953050617E-2,9.808276675E1,9.750478364E1,-1.748799349E1,-3.545155030E1
1.420711338E1,6.583045028E-1,6.758879994E-1,-3.188243242E-1,-9.034170656E-2,9.765861526E1,9.703635837E1,-1.731622469E1,-3.517190155E1
1.421713638E1,6.610310035E-1,6.745645462E-1,-3.157399757E-1,-9.115377097E-2,9.724289910E1,9.657685301E1,-1.712453722E1,-3.487836392E1
1.422715938E1,6.637647323E-1,6.729112939E-1,-3.130644094E-1,-9.272306672E-2,9.682474265E1,9.609798477E1,-1.690666118E1,-3.468154499E1
1.423718238E1,6.662295433E-1,6.711346146E-1,-3.109605441E-1,-9.497440386E-2,9.644655626E1,9.564534717E1,-1.667012063E1,-3.459736497E1
1.424720537E1,6.685459551E-1,6.693862369E-1,-3.090504068E-1,-9.724348481E-2,9.609012024E1,9.521522310E1,-1.644183890E1,-3.453822036E1
1.425722838E1,6.709440897E-1,6.675671157E-1,-3.071367502E-1,-9.927338241E-2,9.572005604E1,9.477707523E1,-1.623632596E1,-3.446137978E1
1.426725138E1,6.733077693E-1,6.657433583E-1,-3.052499833E-1,-1.013163244E-1,9.535424750E1,9.434307148E1,-1.603073904E1,-3.439081797E1
1.427727438E1,6.754458157E-1,6.640241673E-1,-3.034637367E-1,-1.037051867E-1,9.502244014E1,9.393521250E1,-1.579647938E1,-3.436234496E1
1.428729738E1,6.772183436E-1,6.626162729E-1,-3.017275605E-1,-1.061861188E-1,9.474668971E1,9.358243573E1,-1.554229108E1,-3.435487389E1
1.429732038E1,6.790280028E-1,6.613354091E-1,-2.996701410E-1,-1.084178366E-1,9.446453126E1,9.322889505E1,-1.528186420E1,-3.430015478E1
1.430734338E1,6.812185853E-1,6.597224070E-1,-2.974060544E-1,-1.107122689E-1,9.412211773E1,9.281108855E1,-1.501775366E1,-3.422608599E1
1.431736638E1,6.835804314E-1,6.581031462E-1,-2.947903156E-1,-1.127685926E-1,9.375186372E1,9.237073255E1,-1.474982836E1,-3.410097161E1
1.432738938E1,6.861984883E-1,6.564477233E-1,-2.916705006E-1,-1.146135498E-1,9.334013099E1,9.189328742E1,-1.446639384E1,-3.391188795E1
1.433741238E1,6.887666644E-1,6.545238040E-1,-2.889030542E-1,-1.171920097E-1,9.293488242E1,9.140251331E1,-1.415604922E1,-3.381571984E1
1.434743538E1,6.906997928E-1,6.525944899E-1,-2.871611249E-1,-1.208002646E-1,9.262894183E1,9.098439677E1,-1.382853519E1,-3.390667593E1
1.435745838E1,6.919051926E-1,6.508174734E-1,-2.864445653E-1,-1.251134045E-1,9.243777755E1,9.066161097E1,-1.350516301E1,-3.415999405E1
1.436748137E1,6.924812136E-1,6.492659004E-1,-2.864766601E-1,-1.298255486E-1,9.234631845E1,9.042548663E1,-1.318975649E1,-3.452415926E1
1.437750438E1,6.929268533E-1,6.479655226E-1,-2.863561833E-1,-1.341387096E-1,9.227551285E1,9.021855122E1,-1.288607816E1,-3.484683338E1
1.438752738E1,6.941397553E-1,6.465667319E-1,-2.851798859E-1,-1.370904219E-1,9.208258718E1,8.992673449E1,-1.262876578E1,-3.495668278E1
1.439755038E1,6.963212973E-1,6.446537286E-1,-2.832744690E-1,-1.389741121E-1,9.173479748E1,8.950983096E1,-1.243428597E1,-3.490313046E1
1.440757338E1,6.986399851E-1,6.424894458E-1,-2.816885252E-1,-1.405738168E-1,9.136401720E1,8.907825433E1,-1.229606871E1,-3.485452699E1
1.441759638E1,7.008144042E-1,6.399638591E-1,-2.809954414E-1,-1.426431639E-1,9.101523932E1,8.865306575E1,-1.219727830E1,-3.492547702E1
1.442761938E1,7.028310466E-1,6.368379327E-1,-2.814901400E-1,-1.457028565E-1,9.069083423E1,8.821806820E1,-1.212831850E1,-3.518351427E1
1.443764238E1,7.045724490E-1,6.334014156E-1,-2.829876492E-1,-1.493259892E-1,9.040997360E1,8.780550048E1,-1.209914759E1,-3.557979650E1
1.444766538E1,7.064277322E-1,6.295834696E-1,-2.849892346E-1,-1.528580848E-1,9.010999182E1,8.737290628E1,-1.213259327E1,-3.601152059E1
1.445768838E1,7.085284576E-1,6.258562236E-1,-2.867585909E-1,-1.551157650E-1,8.976937524E1,8.694111993E1,-1.225089343E1,-3.631567423E1
1.446771138E1,7.112003360E-1,6.224681227E-1,-2.874280515E-1,-1.552825612E-1,8.933467586E1,8.648687633E1,-1.244609295E1,-3.634392838E1
1.447773438E1,7.145955175E-1,6.190882827E-1,-2.869932646E-1,-1.540058489E-1,8.877987968E1,8.596034604E1,-1.267859656E1,-3.614524898E1
1.448775737E1,7.183268834E-1,6.155088667E-1,-2.861454913E-1,-1.525651642E-1,8.816696592E1,8.537847806E1,-1.290184916E1,-3.589018217E1
1.449778038E1,7.217964541E-1,6.119657076E-1,-2.855466267E-1,-1.515621114E-1,8.759400224E1,8.482070399E1,-1.310353835E1,-3.569540140E1
1.450780338E1,7.248250423E-1,6.083371379E-1,-2.857349177E-1,-1.513613238E-1,8.709140927E1,8.430548635E1,-1.330049935E1,-3.564046150E1
1.451782638E1,7.275229464E-1,6.046080164E-1,-2.865599528E-1,-1.517989767E-1,8.664173223E1,8.382082823E1,-1.349733443E1,-3.569732303E1
1.452784938E1,7.298012575E-1,6.010208138E-1,-2.877788397E-1,-1.527987631E-1,8.626052928E1,8.338607913E1,-1.367252568E1,-3.584116929E1
1.453787238E1,7.314945915E-1,5.976708558E-1,-2.894446096E-1,-1.546841181E-1,8.597632461E1,8.301950660E1,-1.380120929E1,-3.610734418E1
1.454789538E1,7.329297759E-1,5.944008715E-1,-2.911176498E-1,-1.573279899E-1,8.573485373E1,8.266929058E1,-1.386917704E1,-3.644281726E1
1.455791838E1,7.344760174E-1,5.914721397E-1,-2.919042259E-1,-1.596797419E-1,8.547408243E1,8.231001558E1,-1.388070147E1,-3.667758226E1
1.456794238E1,7.362810615E-1,5.890067914E-1,-2.915796214E-1,-1.610668158E-1,8.516884949E1,8.194120732E1,-1.386471607E1,-3.673333338E1
1.457796538E1,7.383020451E-1,5.866573259E-1,-2.908190710E-1,-1.617635453E-1,8.482604794E1,8.155895868E1,-1.386441405E1,-3.669038526E1
1.458798838E1,7.402664043E-1,5.842497609E-1,-2.902848702E-1,-1.624578093E-1,8.449177185E1,8.118463772E1,-1.388325893E1,-3.666727546E1
1.459801138E1,7.415815756E-1,5.822897955E-1,-2.903715768E-1,-1.633394160E-1,8.426736724E1,8.091627209E1,-1.391290484E1,-3.672412038E1
1.460803438E1,7.425474971E-1,5.805019578E-1,-2.908191447E-1,-1.645142172E-1,8.410224446E1,8.069769578E1,-1.393921684E1,-3.684262195E1
1.461805767E1,7.437862351E-1,5.784740095E-1,-2.909730756E-1,-1.657846497E-1,8.389009722E1,8.042674227E1,-1.394788967E1,-3.693990192E1
1.462808067E1,7.453553834E-1,5.763334975E-1,-2.907590960E-1,-1.665659469E-1,8.362073449E1,8.011467777E1,-1.397170211E1,-3.695858732E1
1.463810367E1,7.473316913E-1,5.737506859E-1,-2.907187720E-1,-1.666974029E-1,8.328046721E1,7.975081982E1,-1.407791818E1,-3.692730587E1
1.464812667E1,7.497683059E-1,5.704321590E-1,-2.911299251E-1,-1.664272205E-1,8.285937636E1,7.931368773E1,-1.428167652E1,-3.688812802E1
1.465814967E1,7.521694540E-1,5.667981207E-1,-2.920320889E-1,-1.664278527E-1,8.244269246E1,7.886753575E1,-1.451617124E1,-3.691165061E1
1.466817267E1,7.543077744E-1,5.633117861E-1,-2.929129054E-1,-1.670375069E-1,8.207015733E1,7.844445693E1,-1.469683844E1,-3.699060260E1
1.467819567E1,7.563840757E-1,5.601939308E-1,-2.930263647E-1,-1.679332328E-1,8.170709071E1,7.802390346E1,-1.478132373E1,-3.703326929E1
1.468821867E1,7.586604480E-1,5.575134439E-1,-2.918980408E-1,-1.685486400E-1,8.130750432E1,7.758117388E1,-1.477161384E1,-3.694745911E1
1.469824167E1,7.610043186E-1,5.551511342E-1,-2.899438390E-1,-1.691516771E-1,8.089436687E1,7.712909833E1,-1.468398305E1,-3.679385514E1
1.470826467E1,7.630118573E-1,5.533412010E-1,-2.876396497E-1,-1.699701689E-1,8.053911825E1,7.673288326E1,-1.452733896E1,-3.663995758E1
1.471828767E1,7.646391049E-1,5.517721581E-1,-2.855334031E-1,-1.713043274E-1,8.025020826E1,7.638679195E1,-1.433660795E1,-3.655682167E1
1.472831067E1,7.663730052E-1,5.498233616E-1,-2.836642009E-1,-1.729200901E-1,7.994140846E1,7.600690801E1,-1.416021487E1,-3.651643959E1
1.473833367E1,7.682404267E-1,5.476696260E-1,-2.819284567E-1,-1.743016848E-1,7.960771483E1,7.560812324E1,-1.401985949E1,-3.646433365E1
1.474835667E1,7.700456184E-1,5.456682197E-1,-2.801925334E-1,-1.754083346E-1,7.928402896E1,7.523035639E1,-1.389200327E1,-3.639030475E1
1.475837967E1,7.718102016E-1,5.436654436E-1,-2.786462077E-1,-1.763327204E-1,7.896655436E1,7.486489532E1,-1.379165185E1,-3.631658575E1
1.476840267E1,7.736341696E-1,5.412515145E-1,-2.776449777E-1,-1.773417792E-1,7.863726946E1,7.447944071E1,-1.374601127E1,-3.629193245E1
1.477842567E1,7.754150215E-1,5.386234056E-1,-2.769871497E-1,-1.785902742E-1,7.831464996E1,7.408874572E1,-1.371981856E1,-3.631649215E1
1.478844867E1,7.771519564E-1,5.361269845E-1,-2.761473105E-1,-1.798482101E-1,7.799890840E1,7.370566379E1,-1.367262261E1,-3.632941909E1
1.479847167E1,7.791312356E-1,5.336902012E-1,-2.746490111E-1,-1.808236778E-1,7.763779834E1,7.328953548E1,-1.358971272E1,-3.626248914E1
1.480849467E1,7.814851160E-1,5.312854601E-1,-2.722546592E-1,-1.813675618E-1,7.720649389E1,7.282197489E1,-1.346256666E1,-3.608216887E1
1.481851767E1,7.844129733E-1,5.288834585E-1,-2.688396370E-1,-1.808420749E-1,7.666716396E1,7.228967643E1,-1.332496993E1,-3.571798275E1
1.482854067E1,7.879819263E-1,5.263887023E-1,-2.647910950E-1,-1.785640799E-1,7.600536540E1,7.170150080E1,-1.325662655E1,-3.513552659E1
1.483856367E1,7.915709201E-1,5.240034962E-1,-2.610961967E-1,-1.751129063E-1,7.533488060E1,7.114653635E1,-1.328722601E1,-3.447254444E1
1.484858667E1,7.946764263E-1,5.218250099E-1,-2.583989670E-1,-1.715168107E-1,7.475059205E1,7.067904451E1,-1.339621333E1,-3.387937343E1
1.485860967E1,7.974528499E-1,5.195967798E-1,-2.564870279E-1,-1.682340349E-1,7.422489751E1,7.025300091E1,-1.354711624E1,-3.337826082E1
1.486863267E1,8.001810576E-1,5.172022803E-1,-2.547738112E-1,-1.652345701E-1,7.370520888E1,6.981836377E1,-1.369839689E1,-3.291756629E1
1.487865567E1,8.032287173E-1,5.145508326E-1,-2.524888514E-1,-1.622046964E-1,7.312092450E1,6.931794319E1,-1.380908669E1,-3.240504224E1
1.488867867E1,8.070101958E-1,5.112894884E-1,-2.490270989E-1,-1.590694977E-1,7.239032083E1,6.867228401E1,-1.384367703E1,-3.178211742E1
1.489870167E1,8.114392606E-1,5.074210821E-1,-2.443080006E-1,-1.562172308E-1,7.152641930E1,6.788367335E1,-1.376536534E1,-3.108333190E1
1.490872467E1,8.160541508E-1,5.033059059E-1,-2.387009946E-1,-1.541452285E-1,7.061654467E1,6.702775077E1,-1.355752271E1,-3.039506465E1
1.491874767E1,8.203804194E-1,4.990768490E-1,-2.332990752E-1,-1.531986313E-1,6.975421331E1,6.618397781E1,-1.328954809E1,-2.983835537E1
1.492877067E1,8.239437880E-1,4.948493515E-1,-2.293922309E-1,-1.536878509E-1,6.903689345E1,6.543316260E1,-1.305627407E1,-2.954026682E1
1.493879367E1,8.264229499E-1,4.907569558E-1,-2.278855865E-1,-1.557271683E-1,6.853395426E1,6.483422199E1,-1.293299259E1,-2.957661577E1
1.494881667E1,8.277855154E-1,4.867954260E-1,-2.290429178E-1,-1.591878882E-1,6.825615125E1,6.439646874E1,-1.295660100E1,-2.995051194E1
1.495883967E1,8.282994962E-1,4.830088688E-1,-2.321504893E-1,-1.634884262E-1,6.815110127E1,6.408807425E1,-1.309977879E1,-3.055228754E1
1.496886267E1,8.285134757E-1,4.794892803E-1,-2.357967712E-1,-1.674971394E-1,6.810732507E1,6.384458235E1,-1.330269072E1,-3.116861707E1
1.497888567E1,8.290594249E-1,4.763639756E-1,-2.384520543E-1,-1.699369572E-1,6.799552181E1,6.359410833E1,-1.350193230E1,-3.156206753E1
1.498890867E1,8.305855834E-1,4.734556112E-1,-2.387914839E-1,-1.701351106E-1,6.768212272E1,6.323643757E1,-1.362526492E1,-3.156528631E1
1.499893267E1,8.330078260E-1,4.711204229E-1,-2.363274106E-1,-1.682045531E-1,6.718206855E1,6.279212238E1,-1.360553248E1,-3.115993125E1
1.500895567E1,8.356792618E-1,4.697255098E-1,-2.317694607E-1,-1.651696429E-1,6.662673208E1,6.235687964E1,-1.342669290E1,-3.050871855E1
1.501897867E1,8.380448169E-1,4.690977746E-1,-2.264341333E-1,-1.623449400E-1,6.613154122E1,6.198953330E1,-1.313302140E1,-2.983854911E1
1.502900167E1,8.400283530E-1,4.690730449E-1,-2.206670009E-1,-1.600903997E-1,6.571377251E1,6.169076272E1,-1.274103913E1,-2.920887152E1
1.503902467E1,8.416782546E-1,4.695943066E-1,-2.145325376E-1,-1.582236104E-1,6.536446843E1,6.145619507E1,-1.227082987E1,-2.860518536E1
1.504904767E1,8.426750908E-1,4.706664592E-1,-2.090484108E-1,-1.570686393E-1,6.515261978E1,6.133565861E1,-1.179823493E1,-2.812911143E1
1.505907067E1,8.428159666E-1,4.718332104E-1,-2.054130765E-1,-1.576072549E-1,6.512263126E1,6.132695202E1,-1.139209938E1,-2.795281407E1
1.506909367E1,8.421033898E-1,4.728908013E-1,-2.038045420E-1,-1.603119446E-1,6.527419304E1,6.140960693E1,-1.104786042E1,-2.813112261E1
1.507911667E1,8.406534118E-1,4.739335670E-1,-2.038252677E-1,-1.647550233E-1,6.558163451E1,6.157297990E1,-1.075016946E1,-2.859417247E1
1.508913967E1,8.388732765E-1,4.746944862E-1,-2.050777456E-1,-1.699997982E-1,6.595733808E1,6.175919434E1,-1.052546697E1,-2.921764506E1
1.509916267E1,8.371442863E-1,4.750826692E-1,-2.071476933E-1,-1.748591191E-1,6.632043879E1,6.193217948E1,-1.040936698E1,-2.985334685E1
1.510918567E1,8.356651005E-1,4.754814206E-1,-2.093815605E-1,-1.781592173E-1,6.662968671E1,6.210583663E1,-1.040022048E1,-3.034307731E1
1.511920867E1,8.348149986E-1,4.761803418E-1,-2.106203407E-1,-1.788165395E-1,6.680684102E1,6.225726944E1,-1.044899746E1,-3.050150538E1
1.512923167E1,8.345942334E-1,4.773108677E-1,-2.105181557E-1,-1.769436179E-1,6.685277878E1,6.238712552E1,-1.051426103E1,-3.031762303E1
1.513925467E1,8.344720286E-1,4.789076116E-1,-2.098034610E-1,-1.740299009E-1,6.687819567E1,6.254278574E1,-1.057146233E1,-2.999230742E1
1.514927767E1,8.340968163E-1,4.809695408E-1,-2.089007387E-1,-1.712054088E-1,6.695618134E1,6.275105260E1,-1.059104426E1,-2.966883346E1
1.515930067E1,8.337724541E-1,4.830528280E-1,-2.074761647E-1,-1.686327651E-1,6.702353348E1,6.294057385E1,-1.054797452E1,-2.933567734E1
1.516932367E1,8.336729243E-1,4.847432221E-1,-2.057588808E-1,-1.663634734E-1,6.704418834E1,6.306875761E1,-1.047369490E1,-2.900892326E1
1.517934667E1,8.337088124E-1,4.856830442E-1,-2.044661632E-1,-1.650306426E-1,6.703674134E1,6.312494357E1,-1.040618472E1,-2.879712323E1
1.518936967E1,8.336890034E-1,4.857678542E-1,-2.041141001E-1,-1.653167354E-1,6.704085193E1,6.312178981E1,-1.035369855E1,-2.880268096E1
1.519939267E1,8.333675493E-1,4.855342026E-1,-2.044779433E-1,-1.671642425E-1,6.710752608E1,6.311824133E1,-1.028139096E1,-2.901035455E1
1.520941567E1,8.327698649E-1,4.853687235E-1,-2.050049580E-1,-1.699545746E-1,6.723133915E1,6.313618582E1,-1.016378553E1,-2.932465610E1
1.521943867E1,8.321010787E-1,4.854068980E-1,-2.053074565E-1,-1.727330634E-1,6.736964315E1,6.317021776E1,-1.001939147E1,-2.962471717E1
1.522946167E1,8.315048694E-1,4.855611133E-1,-2.054870864E-1,-1.749429070E-1,6.749272756E1,6.321042766E1,-9.894589837E0,-2.986054694E1
1.523948467E1,8.308750690E-1,4.858698812E-1,-2.063058310E-1,-1.761106697E-1,6.762253210E1,6.329413761E1,-9.886384743E0,-3.003710654E1
1.524950767E1,8.302956341E-1,4.863404086E-1,-2.080386566E-1,-1.755051038E-1,6.774176248E1,6.343142598E1,-1.006450154E1,-3.010027888E1
1.525953067E1,8.302611791E-1,4.866452251E-1,-2.095832016E-1,-1.729673367E-1,6.774884648E1,6.352825421E1,-1.035054670E1,-2.995548788E1
1.526955367E1,8.311844480E-1,4.865963348E-1,-2.094091772E-1,-1.688319722E-1,6.755879524E1,6.349035098E1,-1.059171787E1,-2.952832492E1
1.527957667E1,8.326154388E-1,4.867327114E-1,-2.073072823E-1,-1.639101265E-1,6.726329651E1,6.338336978E1,-1.069924382E1,-2.889161049E1
1.528959967E1,8.340297395E-1,4.873099441E-1,-2.037912341E-1,-1.593505750E-1,6.697011438E1,6.327377009E1,-1.063954156E1,-2.819989900E1
1.529962267E1,8.352388062E-1,4.883309305E-1,-1.992477407E-1,-1.555937314E-1,6.671857496E1,6.318526285E1,-1.042081334E1,-2.752502985E1
1.530964567E1,8.360044037E-1,4.898083882E-1,-1.945274622E-1,-1.527856133E-1,6.655886226E1,6.315953984E1,-1.011242858E1,-2.694014730E1
1.531966867E1,8.360016009E-1,4.914667192E-1,-1.912811644E-1,-1.515696978E-1,6.655944757E1,6.323290609E1,-9.836650100E0,-2.661724631E1
1.532969167E1,8.348868800E-1,4.933618944E-1,-1.906981471E-1,-1.522899242E-1,6.679187759E1,6.346022828E1,-9.680545031E0,-2.666975973E1
1.533971467E1,8.329376936E-1,4.954065855E-1,-1.920847152E-1,-1.545658330E-1,6.719659299E1,6.379779157E1,-9.604334386E0,-2.701176454E1
1.534973767E1,8.307035946E-1,4.975648414E-1,-1.936457501E-1,-1.576769237E-1,6.765783570E1,6.416243841E1,-9.486514011E0,-2.744986445E1
1.535976067E1,8.285189970E-1,4.998792091E-1,-1.943807490E-1,-1.609139281E-1,6.810619520E1,6.451321756E1,-9.277788007E0,-2.784521348E1
1.536978367E1,8.265655537E-1,5.021111692E-1,-1.943081406E-1,-1.640674606E-1,6.850492622E1,6.481784191E1,-9.001285361E0,-2.817514637E1
1.537980667E1,8.248703654E-1,5.041405927E-1,-1.937163461E-1,-1.670484651E-1,6.884929886E1,6.507226396E1,-8.693572093E0,-2.844926619E1
1.538982967E1,8.236710346E-1,5.058234004E-1,-1.924426157E-1,-1.693355217E-1,6.909202998E1,6.524836724E1,-8.378458298E0,-2.860360283E1
1.539985367E1,8.231987581E-1,5.069164684E-1,-1.905281899E-1,-1.705241260E-1,6.918740870E1,6.531495374E1,-8.094266619E0,-2.859942276E1
1.540987667E1,8.230630663E-1,5.076358730E-1,-1.888509561E-1,-1.709040166E-1,6.921479109E1,6.533972146E1,-7.895021249E0,-2.852821782E1
1.541989967E1,8.228173291E-1,5.081439532E-1,-1.883045222E-1,-1.711806896E-1,6.926435634E1,6.538447070E1,-7.811335628E0,-2.852246175E1
1.542992267E1,8.222107938E-1,5.086894915E-1,-1.889681770E-1,-1.717422964E-1,6.938656204E1,6.548647875E1,-7.817394396E0,-2.862805231E1
1.543994567E1,8.213480479E-1,5.095337561E-1,-1.899737797E-1,-1.722576681E-1,6.956006586E1,6.564226744E1,-7.846927771E0,-2.875515542E1
1.544996867E1,8.205349930E-1,5.106092699E-1,-1.907217915E-1,-1.721210701E-1,6.972323097E1,6.581515308E1,-7.886697869E0,-2.880227205E1
1.545999167E1,8.202017168E-1,5.113228582E-1,-1.912420522E-1,-1.710103110E-1,6.979001705E1,6.592695826E1,-7.980215992E0,-2.873468220E1
1.547001467E1,8.205803852E-1,5.114094594E-1,-1.913876800E-1,-1.687573723E-1,6.971413040E1,6.593552245E1,-8.134059058E0,-2.852334967E1
1.548003767E1,8.216786477E-1,5.109815530E-1,-1.905558593E-1,-1.656219839E-1,6.949362484E1,6.583075301E1,-8.273111311E0,-2.815297287E1
1.549006067E1,8.230748885E-1,5.105852462E-1,-1.882903398E-1,-1.624721814E-1,6.921240577E1,6.566975658E1,-8.281825039E0,-2.768271296E1
1.550008367E1,8.242257504E-1,5.104286285E-1,-1.854240590E-1,-1.604134764E-1,6.897985475E1,6.552135206E1,-8.157997414E0,-2.728157235E1
1.551010667E1,8.244697596E-1,5.106656624E-1,-1.838484413E-1,-1.602182733E-1,6.893046030E1,6.548706661E1,-8.020014916E0,-2.715662832E1
1.552012967E1,8.234790557E-1,5.114465697E-1,-1.845630727E-1,-1.619912226E-1,6.913081503E1,6.562659872E1,-7.947631741E0,-2.738706983E1
1.553015267E1,8.215208499E-1,5.124455554E-1,-1.874605210E-1,-1.654131884E-1,6.952534456E1,6.589241658E1,-7.959607586E0,-2.793179591E1
1.554017567E1,8.188833423E-1,5.134418226E-1,-1.921801672E-1,-1.699247978E-1,7.005366449E1,6.624224049E1,-8.062502702E0,-2.871102024E1
1.555019867E1,8.158833718E-1,5.144130651E-1,-1.978813188E-1,-1.748040121E-1,7.065039689E1,6.663903041E1,-8.224561669E0,-2.959754828E1
1.556022167E1,8.132915724E-1,5.150109076E-1,-2.030902162E-1,-1.790944980E-1,7.116242997E1,6.696950606E1,-8.387771227E0,-3.039184093E1
1.557024467E1,8.116856932E-1,5.151181082E-1,-2.067683084E-1,-1.818424725E-1,7.147808666E1,6.716411019E1,-8.529641735E0,-3.092410417E1
1.558026767E1,8.111582254E-1,5.147168175E-1,-2.088327137E-1,-1.829697743E-1,7.158150399E1,6.721222775E1,-8.652281578E0,-3.117850183E1
1.559029067E1,8.115687146E-1,5.136742730E-1,-2.094663494E-1,-1.833544275E-1,7.150103311E1,6.710628214E1,-8.721037992E0,-3.125196862E1
1.560031367E1,8.128018260E-1,5.120282279E-1,-2.087218254E-1,-1.833453449E-1,7.125882461E1,6.685470175E1,-8.716354958E0,-3.118276498E1
1.561033667E1,8.145824671E-1,5.099233932E-1,-2.072631440E-1,-1.829627147E-1,7.090780383E1,6.650835834E1,-8.689050400E0,-3.102206243E1
1.562035975E1,8.166150200E-1,5.075792487E-1,-2.057946846E-1,-1.820760504E-1,7.050526836E1,6.612887107E1,-8.700764587E0,-3.080918420E1
1.563038275E1,8.184861926E-1,5.055515006E-1,-2.045868191E-1,-1.806715277E-1,7.013291665E1,6.580138958E1,-8.755916698E0,-3.056658041E1
1.564040575E1,8.197439177E-1,5.040469424E-1,-2.042973546E-1,-1.794967475E-1,6.988166571E1,6.558588253E1,-8.858424569E0,-3.041586296E1
1.565042875E1,8.203812624E-1,5.025451659E-1,-2.055659747E-1,-1.793475477E-1,6.975404439E1,6.544687205E1,-9.034227302E0,-3.047555517E1
1.566045175E1,8.205251517E-1,5.009115646E-1,-2.083576871E-1,-1.800367330E-1,6.972520389E1,6.536568605E1,-9.297483818E0,-3.072370700E1
1.567047475E1,8.204696443E-1,4.991738605E-1,-2.119605578E-1,-1.809082033E-1,6.973633077E1,6.531202812E1,-9.625358077E0,-3.104626810E1
1.568049775E1,8.207096917E-1,4.969559037E-1,-2.153308938E-1,-1.819424238E-1,6.968820032E1,6.518853440E1,-9.939812999E0,-3.136420517E1
1.569052075E1,8.215093228E-1,4.944692291E-1,-2.174070581E-1,-1.826386686E-1,6.952766120E1,6.496841287E1,-1.017093452E1,-3.155417274E1
1.570054375E1,8.230043769E-1,4.921419644E-1,-2.173064957E-1,-1.823127681E-1,6.922663160E1,6.465917141E1,-1.026731199E1,-3.148961817E1
1.571056675E1,8.251768994E-1,4.897708354E-1,-2.155052131E-1,-1.810115896E-1,6.878713938E1,6.425747883E1,-1.027375127E1,-3.120735860E1
1.572058975E1,8.274778434E-1,4.872812000E-1,-2.135805141E-1,-1.795016576E-1,6.831896685E1,6.383452022E1,-1.028419009E1,-3.089483932E1
1.573061275E1,8.293103040E-1,4.847944938E-1,-2.128130200E-1,-1.786878020E-1,6.794409079E1,6.347153656E1,-1.035358706E1,-3.073295924E1
1.574063575E1,8.306824158E-1,4.826092956E-1,-2.128559781E-1,-1.781775090E-1,6.766219492E1,6.318792820E1,-1.046595186E1,-3.066079915E1
1.575065875E1,8.319743010E-1,4.808793255E-1,-2.126389324E-1,-1.770831240E-1,6.739583237E1,6.294774081E1,-1.057421788E1,-3.051658798E1
1.576068175E1,8.333183218E-1,4.795303419E-1,-2.118783398E-1,-1.753246310E-1,6.711773141E1,6.272742744E1,-1.065980572E1,-3.027203146E1
1.577070475E1,8.343800220E-1,4.786964665E-1,-2.111825375E-1,-1.733825674E-1,6.689732613E1,6.257565793E1,-1.074380072E1,-3.001907857E1
1.578072775E1,8.350547088E-1,4.782024738E-1,-2.109811915E-1,-1.717351314E-1,6.675692945E1,6.249253514E1,-1.084270163E1,-2.983350278E1
1.579075075E1,8.354642286E-1,4.778409171E-1,-2.112576959E-1,-1.704046186E-1,6.667158433E1,6.245051677E1,-1.096118200E1,-2.971407230E1
1.580077475E1,8.357111038E-1,4.774258549E-1,-2.118345598E-1,-1.696395901E-1,6.662008812E1,6.241893085E1,-1.107444865E1,-2.967160843E1
1.581079775E1,8.357342635E-1,4.767963074E-1,-2.128879360E-1,-1.699768703E-1,6.661525538E1,6.238874714E1,-1.117152423E1,-2.977054469E1
1.582082075E1,8.354563471E-1,4.760558927E-1,-2.143247853E-1,-1.716054245E-1,6.667322776E1,6.237071213E1,-1.122897809E1,-3.002498925E1
1.583084375E1,8.351903162E-1,4.752014074E-1,-2.152782313E-1,-1.740575281E-1,6.672867915E1,6.232091898E1,-1.119634789E1,-3.032829085E1
1.584086675E1,8.351527845E-1,4.741302453E-1,-2.155255911E-1,-1.768303904E-1,6.673649898E1,6.221204386E1,-1.108775954E1,-3.061327300E1
1.585088975E1,8.351987456E-1,4.729377107E-1,-2.157211420E-1,-1.795474923E-1,6.672692276E1,6.208488325E1,-1.098257756E1,-3.088811009E1
1.586091275E1,8.350430552E-1,4.723007138E-1,-2.159635180E-1,-1.816448038E-1,6.675935669E1,6.202762354E1,-1.090001679E1,-3.111005445E1
1.587093575E1,8.345874899E-1,4.724571418E-1,-2.161470043E-1,-1.831078474E-1,6.685418155E1,6.206551907E1,-1.082243628E1,-3.127273616E1
1.588095875E1,8.340849730E-1,4.731883159E-1,-2.160662825E-1,-1.836042951E-1,6.695864158E1,6.215858140E1,-1.075888964E1,-3.132570297E1
1.589098175E1,8.338279194E-1,4.741354188E-1,-2.157624669E-1,-1.826835129E-1,6.701202064E1,6.226011916E1,-1.075350232E1,-3.122213015E1
1.590100475E1,8.337873319E-1,4.750146969E-1,-2.156032678E-1,-1.807621645E-1,6.702044548E1,6.235389673E1,-1.082472448E1,-3.102655876E1
1.591102775E1,8.340014169E-1,4.755096063E-1,-2.154496636E-1,-1.786441379E-1,6.697599674E1,6.239732851E1,-1.092224321E1,-3.080736228E1
1.592105075E1,8.347244250E-1,4.753505335E-1,-2.146065264E-1,-1.766946565E-1,6.682569133E1,6.232481569E1,-1.096975662E1,-3.055046498E1
1.593107375E1,8.360199980E-1,4.746643934E-1,-2.126122956E-1,-1.748150967E-1,6.655560557E1,6.213091495E1,-1.092589706E1,-3.021586973E1
1.594109675E1,8.376203560E-1,4.737329480E-1,-2.097270909E-1,-1.731581776E-1,6.622063669E1,6.186657731E1,-1.079420091E1,-2.984102961E1
1.595111975E1,8.391565454E-1,4.728551661E-1,-2.064801715E-1,-1.720178314E-1,6.589768042E1,6.159788960E1,-1.059463637E1,-2.949606311E1
1.596114275E1,8.404358076E-1,4.722408548E-1,-2.032150762E-1,-1.713470011E-1,6.562766304E1,6.136756472E1,-1.035486897E1,-2.920208007E1
1.597116575E1,8.412643725E-1,4.719383036E-1,-2.004857517E-1,-1.713299316E-1,6.545224789E1,6.120716183E1,-1.011408411E1,-2.901501644E1
1.598118875E1,8.413572010E-1,4.720243780E-1,-1.991962583E-1,-1.721393829E-1,6.543256919E1,6.116606723E1,-9.943818694E0,-2.901235814E1
1.599121175E1,8.407718866E-1,4.725344497E-1,-1.994204268E-1,-1.733359109E-1,6.555656216E1,6.124837272E1,-9.876195113E0,-2.915391025E1
1.600123475E1,8.398806072E-1,4.732661401E-1,-2.005222087E-1,-1.743862525E-1,6.574497163E1,6.139717283E1,-9.890584388E0,-2.934128876E1
1.601125775E1,8.387066489E-1,4.743409268E-1,-2.021227352E-1,-1.752660258E-1,6.599240822E1,6.161173997E1,-9.949008823E0,-2.954848670E1
1.602128075E1,8.371738734E-1,4.758713000E-1,-2.039342700E-1,-1.763436996E-1,6.631424010E1,6.189627794E1,-9.998539497E0,-2.979514660E1
1.603130375E1,8.352900568E-1,4.778501894E-1,-2.056723955E-1,-1.779009625E-1,6.670789405E1,6.223888580E1,-9.995579479E0,-3.009062648E1
1.604132675E1,8.330271292E-1,4.801816055E-1,-2.074184341E-1,-1.801918755E-1,6.717807036E1,6.263230118E1,-9.934411341E0,-3.046477944E1
1.605134975E1,8.302498837E-1,4.827696960E-1,-2.096909711E-1,-1.834347594E-1,6.775116867E1,6.308946445E1,-9.850520924E0,-3.097375989E1
1.606137275E1,8.273007634E-1,4.848053361E-1,-2.129040888E-1,-1.876408674E-1,6.835509725E1,6.352638023E1,-9.807171797E0,-3.163934818E1
1.607139575E1,8.244617727E-1,4.858732108E-1,-2.170393268E-1,-1.925715218E-1,6.893207755E1,6.388938035E1,-9.831461583E0,-3.243341712E1
1.608141875E1,8.221606812E-1,4.859526997E-1,-2.210691977E-1,-1.975608236E-1,6.939665038E1,6.412414878E1,-9.874949074E0,-3.321814725E1
1.609144175E1,8.204393407E-1,4.855271641E-1,-2.242945485E-1,-2.020756572E-1,6.974240469E1,6.425478819E1,-9.893288262E0,-3.389528407E1
1.610146475E1,8.191027588E-1,4.851776297E-1,-2.266431079E-1,-2.056845443E-1,7.000984586E1,6.434825021E1,-9.886728329E0,-3.442122976E1
1.611148775E1,8.180214393E-1,4.850486393E-1,-2.285019736E-1,-2.082200987E-1,7.022556022E1,6.444053888E1,-9.895124630E0,-3.480726345E1
1.612151075E1,8.171469132E-1,4.852523982E-1,-2.302346937E-1,-2.092681855E-1,7.039959945E1,6.456201110E1,-9.972492841E0,-3.503830819E1
1.613153375E1,8.167203871E-1,4.855833985E-1,-2.316366876E-1,-2.086172696E-1,7.048434649E1,6.467415789E1,-1.012304237E1,-3.507637817E1
1.614155675E1,8.166625406E-1,4.858405364E-1,-2.328276311E-1,-2.069121135E-1,7.049583326E1,6.476035555E1,-1.032494911E1,-3.499291749E1
1.615157975E1,8.168845280E-1,4.855519148E-1,-2.343295762E-1,-2.050086353E-1,7.045174362E1,6.479169544E1,-1.058859795E1,-3.490652373E1
1.616160275E1,8.174702006E-1,4.842357952E-1,-2.365698919E-1,-2.032066047E-1,7.033530581E1,6.473060831E1,-1.095149158E1,-3.487266156E1
1.617162675E1,8.183243276E-1,4.817358232E-1,-2.401994837E-1,-2.014453932E-1,7.016519480E1,6.459246422E1,-1.148054801E1,-3.493009809E1
1.618164975E1,8.193122076E-1,4.781620550E-1,-2.454994183E-1,-1.995458769E-1,6.996799551E1,6.440867910E1,-1.220738683E1,-3.508238725E1
1.619167275E1,8.202892137E-1,4.742076058E-1,-2.515907126E-1,-1.973700459E-1,6.977248873E1,6.422324089E1,-1.303613627E1,-3.526026215E1
1.620169575E1,8.213059642E-1,4.708786159E-1,-2.565679815E-1,-1.946863031E-1,6.956851948E1,6.405722558E1,-1.377409714E1,-3.531295290E1
1.621171875E1,8.225622986E-1,4.689996462E-1,-2.585224783E-1,-1.913028174E-1,6.931576328E1,6.390161305E1,-1.423264978E1,-3.508953678E1
1.622174175E1,8.242841027E-1,4.689440756E-1,-2.563283345E-1,-1.869303979E-1,6.896804539E1,6.373558373E1,-1.431513276E1,-3.448243952E1
1.623176475E1,8.263556624E-1,4.707154760E-1,-2.501732403E-1,-1.815948177E-1,6.854764736E1,6.357905103E1,-1.403444456E1,-3.351295504E1
1.624178775E1,8.284037253E-1,4.741505179E-1,-2.410808270E-1,-1.755240910E-1,6.812978103E1,6.348663961E1,-1.347227612E1,-3.228455229E1
1.625181075E1,8.299010553E-1,4.785186805E-1,-2.314490287E-1,-1.694566096E-1,6.782284933E1,6.351070028E1,-1.282554732E1,-3.103988460E1
1.626183375E1,8.300665028E-1,4.833901186E-1,-2.238851656E-1,-1.649211240E-1,6.778885989E1,6.373651503E1,-1.225345908E1,-3.011038913E1
1.627185675E1,8.281344280E-1,4.889327980E-1,-2.196737366E-1,-1.639561087E-1,6.818485423E1,6.424851135E1,-1.174239103E1,-2.978605736E1
1.628187975E1,8.240819243E-1,4.953293725E-1,-2.180140464E-1,-1.673547462E-1,6.900895476E1,6.502518472E1,-1.115894640E1,-3.008490458E1
1.629190275E1,8.184891850E-1,5.019870994E-1,-2.181433951E-1,-1.746363097E-1,7.013231980E1,6.594362765E1,-1.047262202E1,-3.089318175E1
1.630192575E1,8.121583279E-1,5.078080007E-1,-2.200102476E-1,-1.847302903E-1,7.138530981E1,6.684879409E1,-9.773357741E0,-3.208765153E1
1.631194875E1,8.051238082E-1,5.125272571E-1,-2.246817305E-1,-1.964930964E-1,7.275557231E1,6.775498268E1,-9.228784287E0,-3.363382198E1
1.632197175E1,7.969874434E-1,5.163754329E-1,-2.333378503E-1,-2.090956785E-1,7.431324051E1,6.876129934E1,-8.974271486E0,-3.554838199E1
1.633199475E1,7.879410227E-1,5.190809234E-1,-2.460001123E-1,-2.217838397E-1,7.601297790E1,6.985656370E1,-9.057154475E0,-3.777268045E1
1.634201775E1,7.790968016E-1,5.198104959E-1,-2.607804115E-1,-2.340916045E-1,7.764409273E1,7.085461308E1,-9.379898330E0,-4.012745080E1
1.635204075E1,7.717030221E-1,5.190280081E-1,-2.741276335E-1,-2.448231615E-1,7.898586795E1,7.161124247E1,-9.726780731E0,-4.222802419E1
1.636206375E1,7.665899140E-1,5.184261827E-1,-2.828476163E-1,-2.521337221E-1,7.990270814E1,7.211837474E1,-9.917548669E0,-4.364204262E1
1.637208675E1,7.644174547E-1,5.193288839E-1,-2.853469244E-1,-2.540483270E-1,8.028961198E1,7.240575592E1,-9.926172177E0,-4.404173467E1
1.638210975E1,7.655448407E-1,5.214259635E-1,-2.820018765E-1,-2.500619516E-1,8.008902433E1,7.244494908E1,-9.845534479E0,-4.339881346E1
1.639213275E1,7.693122000E-1,5.240936799E-1,-2.743961511E-1,-2.412286254E-1,7.941566974E1,7.227418402E1,-9.749436868E0,-4.194620121E1
1.640215575E1,7.741749137E-1,5.265787003E-1,-2.653500465E-1,-2.301249750E-1,7.853942564E1,7.199940675E1,-9.700435880E0,-4.016502189E1
1.641217875E1,7.790989511E-1,5.280683069E-1,-2.569986801E-1,-2.193181648E-1,7.764369982E1,7.165679095E1,-9.719500990E0,-3.846938223E1
1.642220175E1,7.832008088E-1,5.286685939E-1,-2.505307931E-1,-2.105718086E-1,7.689084013E1,7.132886632E1,-9.775402213E0,-3.712082072E1
1.643222475E1,7.857671726E-1,5.285134514E-1,-2.468530170E-1,-2.056869467E-1,7.641662376E1,7.108150467E1,-9.818133297E0,-3.636003953E1
1.644224775E1,7.862533786E-1,5.279246072E-1,-2.468064553E-1,-2.053966392E-1,7.632650098E1,7.099969869E1,-9.859745054E0,-3.632229568E1
1.645227075E1,7.848167190E-1,5.271065158E-1,-2.503901386E-1,-2.086291761E-1,7.659253962E1,7.110625325E1,-9.967011490E0,-3.690563541E1
1.646229375E1,7.822008959E-1,5.259175532E-1,-2.569717061E-1,-2.133963429E-1,7.707493718E1,7.134710803E1,-1.022704196E1,-3.787079518E1
1.647231675E1,7.794875450E-1,5.243361086E-1,-2.645321026E-1,-2.179299319E-1,7.757264114E1,7.160485464E1,-1.059478556E1,-3.889230252E1
1.648233975E1,7.776266774E-1,5.225055867E-1,-2.707288695E-1,-2.213378417E-1,7.791242617E1,7.175532677E1,-1.093828033E1,-3.969911621E1
1.649236275E1,7.772173261E-1,5.207531313E-1,-2.738645845E-1,-2.230417756E-1,7.798700446E1,7.172676871E1,-1.115157451E1,-4.009798655E1
1.650238575E1,7.781559364E-1,5.193649194E-1,-2.738095196E-1,-2.230733857E-1,7.781591321E1,7.154145375E1,-1.121084502E1,-4.008115506E1
1.651240875E1,7.797638387E-1,5.185601675E-1,-2.716117301E-1,-2.220151627E-1,7.752208444E1,7.129503162E1,-1.114715826E1,-3.979236426E1
1.652243275E1,7.814475632E-1,5.181080793E-1,-2.685395831E-1,-2.208852478E-1,7.721339068E1,7.104229353E1,-1.100031211E1,-3.943153944E1
1.653245575E1,7.830642109E-1,5.176272997E-1,-2.652891022E-1,-2.202137010E-1,7.691601155E1,7.077941482E1,-1.080689698E1,-3.910256538E1
1.654247875E1,7.843857675E-1,5.168033920E-1,-2.629587397E-1,-2.202408436E-1,7.667219020E1,7.053206682E1,-1.065412198E1,-3.891242109E1
1.655250175E1,7.852022362E-1,5.153938328E-1,-2.625125732E-1,-2.211647868E-1,7.652122698E1,7.032536013E1,-1.061898196E1,-3.895275994E1
1.656252475E1,7.852696080E-1,5.136527149E-1,-2.641632440E-1,-2.230031269E-1,7.650875884E1,7.020515784E1,-1.070698531E1,-3.924408570E1
1.657254775E1,7.847303180E-1,5.120283227E-1,-2.669857025E-1,-2.252642843E-1,7.660851430E1,7.017423854E1,-1.085593384E1,-3.967085649E1
1.658257075E1,7.843113361E-1,5.107533384E-1,-2.689970766E-1,-2.272168213E-1,7.668593987E1,7.014007812E1,-1.094411296E1,-4.000781781E1
1.659259375E1,7.846589633E-1,5.099938943E-1,-2.683631458E-1,-2.284680770E-1,7.662170493E1,7.000864802E1,-1.084264921E1,-4.007268600E1
1.660261675E1,7.855016474E-1,5.102355643E-1,-2.647692840E-1,-2.292249501E-1,7.646580331E1,6.982577235E1,-1.048837205E1,-3.986737409E1
1.661263975E1,7.863193174E-1,5.114090274E-1,-2.596166527E-1,-2.296998397E-1,7.631427168E1,6.967293118E1,-9.982189211E0,-3.952461027E1
1.662266263E1,7.867502478E-1,5.126508738E-1,-2.553564176E-1,-2.302308689E-1,7.623430840E1,6.958675457E1,-9.540651563E0,-3.925989333E1
1.663268562E1,7.864224086E-1,5.136915532E-1,-2.535987360E-1,-2.309727588E-1,7.629514858E1,6.962320683E1,-9.298265550E0,-3.920768339E1
1.664270863E1,7.848610364E-1,5.154440719E-1,-2.540356618E-1,-2.318973764E-1,7.658434469E1,6.988035385E1,-9.189781321E0,-3.934843231E1
1.665273163E1,7.822527155E-1,5.181066358E-1,-2.550379350E-1,-2.336705154E-1,7.706540565E1,7.029255255E1,-9.025599556E0,-3.962416171E1
1.666275463E1,7.788455432E-1,5.215847623E-1,-2.560040250E-1,-2.362433487E-1,7.769000876E1,7.081264261E1,-8.762170515E0,-3.998214271E1
1.667277763E1,7.752539784E-1,5.250307835E-1,-2.575449033E-1,-2.387353022E-1,7.834387039E1,7.136267887E1,-8.548042940E0,-4.037555801E1
1.668280063E1,7.720132229E-1,5.275650524E-1,-2.600175114E-1,-2.409596442E-1,7.892995935E1,7.184872328E1,-8.466443022E0,-4.080769678E1
1.669282363E1,7.690154651E-1,5.292137423E-1,-2.635210208E-1,-2.431146337E-1,7.946887877E1,7.228215689E1,-8.510130113E0,-4.130777765E1
1.670284663E1,7.661001254E-1,5.300688913E-1,-2.684647724E-1,-2.450392695E-1,7.999007284E1,7.270194608E1,-8.717712868E0,-4.189546294E1
1.671286963E1,7.632504927E-1,5.304279614E-1,-2.745993516E-1,-2.463535768E-1,8.049680354E1,7.313491756E1,-9.080994774E0,-4.251942728E1
1.672289263E1,7.605992874E-1,5.306885448E-1,-2.811707723E-1,-2.465793996E-1,8.096588348E1,7.358780875E1,-9.555497155E0,-4.307859109E1
1.673291563E1,7.587160608E-1,5.304869354E-1,-2.876553810E-1,-2.453324641E-1,8.129772197E1,7.397871881E1,-1.014885803E1,-4.349086115E1
1.674293863E1,7.576019089E-1,5.300187577E-1,-2.939413411E-1,-2.423177421E-1,8.149351772E1,7.432372066E1,-1.086614243E1,-4.372054475E1
1.675296162E1,7.571615164E-1,5.292140479E-1,-2.999855785E-1,-2.380074261E-1,8.157080316E1,7.461090544E1,-1.167507693E1,-4.380891145E1
1.676298463E1,7.573702698E-1,5.278376372E-1,-3.054869013E-1,-2.333567321E-1,8.153417611E1,7.479069965E1,-1.249676330E1,-4.381828214E1
1.677300763E1,7.579497047E-1,5.266906002E-1,-3.098187228E-1,-2.283015548E-1,8.143243948E1,7.492152547E1,-1.324794347E1,-4.369536925E1
1.678303063E1,7.588618678E-1,5.262288182E-1,-3.126143443E-1,-2.224503710E-1,8.127206971E1,7.503186961E1,-1.390676288E1,-4.337432414E1
1.679305363E1,7.596735318E-1,5.261366641E-1,-3.147921773E-1,-2.167538030E-1,8.112914875E1,7.514792213E1,-1.448901161E1,-4.302135155E1
1.680307663E1,7.599009773E-1,5.262578890E-1,-3.170591615E-1,-2.123125156E-1,8.108906191E1,7.530534931E1,-1.497543326E1,-4.280141523E1
1.681309963E1,7.587849288E-1,5.270303038E-1,-3.205084280E-1,-2.091863152E-1,8.128560666E1,7.564359333E1,-1.542037092E1,-4.282496184E1
1.682312263E1,7.564091109E-1,5.282708330E-1,-3.253920044E-1,-2.071115945E-1,8.170270489E1,7.615969782E1,-1.586888670E1,-4.309006787E1
1.683314563E1,7.538705009E-1,5.296298371E-1,-3.300508959E-1,-2.055187176E-1,8.214645147E1,7.668374336E1,-1.625624052E1,-4.338860598E1
1.684316863E1,7.516100600E-1,5.314935813E-1,-3.332147650E-1,-2.038745901E-1,8.253992123E1,7.716625215E1,-1.650978373E1,-4.355743587E1
1.685319163E1,7.494465147E-1,5.336764192E-1,-3.353746540E-1,-2.025913661E-1,8.291508797E1,7.761897898E1,-1.664579642E1,-4.367482905E1
1.686321463E1,7.472020897E-1,5.358351281E-1,-3.374868539E-1,-2.016736816E-1,8.330281591E1,7.806865455E1,-1.675106570E1,-4.382353766E1
1.687323762E1,7.447278168E-1,5.380163013E-1,-3.398157307E-1,-2.011075652E-1,8.372854844E1,7.854206011E1,-1.684252001E1,-4.402769986E1
1.688326163E1,7.420170580E-1,5.404259209E-1,-3.419341999E-1,-2.010759129E-1,8.419295482E1,7.903423550E1,-1.686446667E1,-4.426694118E1
1.689328463E1,7.394551196E-1,5.430933633E-1,-3.430963044E-1,-2.013470857E-1,8.462995842E1,7.948821487E1,-1.678062799E1,-4.444786540E1
1.690330763E1,7.370669317E-1,5.463377645E-1,-3.432041793E-1,-2.011424838E-1,8.503568222E1,7.993535345E1,-1.662732877E1,-4.449330744E1
1.691333063E1,7.346368708E-1,5.498687748E-1,-3.430732395E-1,-2.006334764E-1,8.544691787E1,8.040243395E1,-1.646468649E1,-4.449227834E1
1.692335362E1,7.321525670E-1,5.527422943E-1,-3.437881028E-1,-2.005950384E-1,8.586568763E1,8.085063288E1,-1.635906249E1,-4.460487026E1
1.693337663E1,7.295243106E-1,5.545232936E-1,-3.462312291E-1,-2.010523950E-1,8.630693971E1,8.129139441E1,-1.639105735E1,-4.491249999E1
1.694339963E1,7.269011329E-1,5.552649623E-1,-3.502403533E-1,-2.015619925E-1,8.674553942E1,8.171992213E1,-1.657914887E1,-4.536247129E1
1.695342263E1,7.247173571E-1,5.556418605E-1,-3.542457158E-1,-2.013873149E-1,8.710931928E1,8.210049275E1,-1.683745774E1,-4.574750727E1
1.696344563E1,7.236940317E-1,5.559796042E-1,-3.564324840E-1,-2.002736266E-1,8.727937037E1,8.232494616E1,-1.704963400E1,-4.586957328E1
1.697346863E1,7.237771663E-1,5.568025425E-1,-3.561260974E-1,-1.982218969E-1,8.726556535E1,8.240542750E1,-1.714380382E1,-4.566804898E1
1.698349163E1,7.244125722E-1,5.584352904E-1,-3.537427142E-1,-1.955573731E-1,8.715999464E1,8.242268621E1,-1.710352106E1,-4.521900092E1
1.699351463E1,7.254846195E-1,5.602575726E-1,-3.500295558E-1,-1.930359801E-1,8.698164521E1,8.235937537E1,-1.695271451E1,-4.465564750E1
1.700353763E1,7.268328128E-1,5.617382230E-1,-3.458917995E-1,-1.911103749E-1,8.675693888E1,8.222071980E1,-1.674442029E1,-4.410051340E1
1.701356063E1,7.280632479E-1,5.628957862E-1,-3.421138824E-1,-1.898167195E-1,8.655145184E1,8.207304598E1,-1.652699279E1,-4.363447276E1
1.702358363E1,7.285982811E-1,5.635263030E-1,-3.396690280E-1,-1.902826740E-1,8.646197725E1,8.196741741E1,-1.629040408E1,-4.344944735E1
1.703360663E1,7.282193599E-1,5.639564011E-1,-3.383501373E-1,-1.927924556E-1,8.652535262E1,8.193073186E1,-1.598186942E1,-4.355515319E1
1.704362962E1,7.273955154E-1,5.646756054E-1,-3.370360723E-1,-1.960711011E-1,8.666301402E1,8.193700566E1,-1.559786436E1,-4.373585087E1
1.705365263E1,7.266262301E-1,5.655652516E-1,-3.354577466E-1,-1.990437394E-1,8.679140070E1,8.194541999E1,-1.521016320E1,-4.386666420E1
1.706367563E1,7.261106266E-1,5.663714471E-1,-3.337775098E-1,-2.014430541E-1,8.687736511E1,8.193317190E1,-1.486459605E1,-4.393513999E1
1.707369863E1,7.257598805E-1,5.670540153E-1,-3.320904136E-1,-2.035641364E-1,8.693580462E1,8.190316224E1,-1.454688043E1,-4.397650575E1
1.708372163E1,7.256367274E-1,5.673936662E-1,-3.302055749E-1,-2.061068558E-1,8.695631631E1,8.181269983E1,-1.420140370E1,-4.403298566E1
1.709374463E1,7.257295137E-1,5.674807521E-1,-3.279813066E-1,-2.090704746E-1,8.694086271E1,8.166382475E1,-1.381363091E1,-4.409327448E1
1.710376763E1,7.261437962E-1,5.672339718E-1,-3.255198147E-1,-2.121261422E-1,8.687183693E1,8.145283422E1,-1.342062600E1,-4.413699777E1
1.711379063E1,7.269352508E-1,5.667141115E-1,-3.229396057E-1,-2.147331566E-1,8.673984627E1,8.119600611E1,-1.306920256E1,-4.412752943E1
1.712381363E1,7.281751689E-1,5.660734478E-1,-3.201227106E-1,-2.164331497E-1,8.653274123E1,8.090455126E1,-1.277815559E1,-4.401422250E1
1.713383663E1,7.297358667E-1,5.652848276E-1,-3.170707413E-1,-2.177261308E-1,8.627148921E1,8.057681077E1,-1.250948480E1,-4.384261596E1
1.714385963E1,7.312817920E-1,5.645564352E-1,-3.138974314E-1,-2.190236004E-1,8.601208180E1,8.025112280E1,-1.222742308E1,-4.366368948E1
1.715388263E1,7.325826545E-1,5.637548548E-1,-3.110657005E-1,-2.207742541E-1,8.579330737E1,7.994385391E1,-1.193708914E1,-4.355906605E1
1.716390562E1,7.337455493E-1,5.627310341E-1,-3.085759071E-1,-2.230068780E-1,8.559735464E1,7.963414661E1,-1.164496484E1,-4.352943015E1
1.717392863E1,7.350853344E-1,5.614278430E-1,-3.058863586E-1,-2.255701440E-1,8.537114552E1,7.927532513E1,-1.132783019E1,-4.351191146E1
1.718395163E1,7.367750858E-1,5.602284702E-1,-3.022254412E-1,-2.279612190E-1,8.508515577E1,7.886491988E1,-1.094832683E1,-4.339687933E1
1.719397463E1,7.388052574E-1,5.595186540E-1,-2.972347275E-1,-2.296892819E-1,8.474051792E1,7.843168298E1,-1.049596516E1,-4.311332835E1
1.720399763E1,7.411541645E-1,5.588450315E-1,-2.914399889E-1,-2.311826501E-1,8.434034861E1,7.795505299E1,-9.997975033E0,-4.274454571E1
1.721402062E1,7.435897887E-1,5.580528604E-1,-2.854442415E-1,-2.327504707E-1,8.392376993E1,7.745748289E1,-9.481707665E0,-4.237148870E1
1.722404463E1,7.454154005E-1,5.571520453E-1,-2.805294658E-1,-2.350332494E-1,8.361041780E1,7.702475575E1,-8.993560484E0,-4.216301558E1
1.723406763E1,7.464540042E-1,5.556150867E-1,-2.778580616E-1,-2.385232403E-1,8.343172130E1,7.665722538E1,-8.613151968E0,-4.225576348E1
1.724409063E1,7.475150933E-1,5.531514242E-1,-2.764732110E-1,-2.425020714E-1,8.324883271E1,7.624999387E1,-8.340467828E0,-4.249734000E1
1.725411363E1,7.491683245E-1,5.506023618E-1,-2.744808662E-1,-2.454466399E-1,8.296322627E1,7.579181202E1,-8.104427909E0,-4.259256928E1
1.726413663E1,7.515470715E-1,5.484456022E-1,-2.711537308E-1,-2.466981695E-1,8.255086342E1,7.530001249E1,-7.872466025E0,-4.242266997E1
1.727415963E1,7.543097975E-1,5.464182229E-1,-2.673553198E-1,-2.469107582E-1,8.206980422E1,7.479674024E1,-7.672145415E0,-4.211908886E1
1.728418263E1,7.570586149E-1,5.440956154E-1,-2.641446361E-1,-2.470826330E-1,8.158885287E1,7.429344193E1,-7.531589145E0,-4.185970970E1
1.729420563E1,7.597163109E-1,5.413010054E-1,-2.618685588E-1,-2.474857255E-1,8.112161027E1,7.378728893E1,-7.467459251E0,-4.169604463E1
1.730422863E1,7.623544718E-1,5.382074583E-1,-2.602344939E-1,-2.478434469E-1,8.065559022E1,7.328193076E1,-7.469562098E0,-4.157815333E1
1.731425163E1,7.651369224E-1,5.347866726E-1,-2.589748721E-1,-2.479936582E-1,8.016165044E1,7.275686835E1,-7.530564824E0,-4.146804523E1
1.732427463E1,7.680688890E-1,5.310109788E-1,-2.583659450E-1,-2.476784209E-1,7.963841586E1,7.222404236E1,-7.691881505E0,-4.136124066E1
1.733429762E1,7.709620173E-1,5.271184433E-1,-2.587929136E-1,-2.465562189E-1,7.911928814E1,7.173623916E1,-7.996369484E0,-4.125500774E1
1.734432063E1,7.737783540E-1,5.231958888E-1,-2.604292545E-1,-2.443557319E-1,7.861119030E1,7.131397929E1,-8.472645423E0,-4.113571839E1
1.735434363E1,7.762921185E-1,5.190880989E-1,-2.638870557E-1,-2.414158628E-1,7.815534440E1,7.097545855E1,-9.153191457E0,-4.108268548E1
1.736436663E1,7.781746496E-1,5.149920785E-1,-2.693552932E-1,-2.380651883E-1,7.781249893E1,7.076227636E1,-1.002090880E1,-4.114616886E1
1.737438963E1,7.791879863E-1,5.112464881E-1,-2.766329581E-1,-2.344508010E-1,7.762742359E1,7.071255925E1,-1.103297183E1,-4.133223690E1
1.738441262E1,7.790648121E-1,5.077494271E-1,-2.864026502E-1,-2.306989940E-1,7.764993989E1,7.086609622E1,-1.223828687E1,-4.171475371E1
1.739443563E1,7.771063956E-1,5.041696951E-1,-3.005071247E-1,-2.271875925E-1,7.800720418E1,7.132402899E1,-1.376674833E1,-4.249430163E1
1.740445863E1,7.718228456E-1,5.007818366E-1,-3.208284911E-1,-2.248915376E-1,7.896427566E1,7.231048889E1,-1.566440512E1,-4.396894305E1
1.741448163E1,7.617950356E-1,4.979277257E-1,-3.483492979E-1,-2.244752742E-1,8.075459834E1,7.405434147E1,-1.789036591E1,-4.637892164E1
1.742450463E1,7.470643959E-1,4.958601910E-1,-3.815690857E-1,-2.245493473E-1,8.332655467E1,7.661611337E1,-2.032978682E1,-4.958252534E1
1.743452763E1,7.277112585E-1,4.950719159E-1,-4.186734457E-1,-2.237245124E-1,8.661027524E1,8.005203200E1,-2.281937593E1,-5.341856491E1
1.744455063E1,7.036449023E-1,4.958960593E-1,-4.580147432E-1,-2.217957883E-1,9.055965706E1,8.438291014E1,-2.512434517E1,-5.783004161E1
1.745457363E1,6.755122602E-1,4.995681324E-1,-4.966526268E-1,-2.178327623E-1,9.501211441E1,8.951559309E1,-2.695851608E1,-6.248569431E1
1.746459663E1,6.450457996E-1,5.071255971E-1,-5.315841588E-1,-2.101375275E-1,9.966178109E1,9.517693424E1,-2.820710315E1,-6.684514144E1
1.747461963E1,6.141331093E-1,5.171423633E-1,-5.625761919E-1,-1.972620024E-1,1.042220851E2,1.010802082E2,-2.914150783E1,-7.066429124E1
1.748464263E1,5.842686532E-1,5.265175610E-1,-5.912828635E-1,-1.783086911E-1,1.084973190E2,1.070699319E2,-3.020999914E1,-7.407041168E1
1.749466563E1,5.557874146E-1,5.349388728E-1,-6.177452338E-1,-1.527470489E-1,1.124700658E2,1.131874357E2,-3.155046727E1,-7.710902754E1
1.750468862E1,5.272727324E-1,5.437327258E-1,-6.415260057E-1,-1.215838588E-1,1.163572623E2,1.196030285E2,-3.297684747E1,-7.988543152E1
1.751471163E1,4.961344300E-1,5.532838918E-1,-6.632043900E-1,-8.881211314E-2,1.205108324E2,1.264174386E2,-3.404199802E1,-8.275189956E1
1.752473463E1,4.611829968E-1,5.638040771E-1,-6.826578632E-1,-5.842514152E-2,1.250730590E2,1.334296671E2,-3.431759659E1,-8.575546648E1
1.753475763E1,4.219120385E-1,5.759227027E-1,-6.994958927E-1,-3.176085351E-2,1.300892771E2,1.404353768E2,-3.361901080E1,-8.866552734E1
1.754478063E1,3.774614433E-1,5.892820894E-1,-7.142802328E-1,-8.547001556E-3,1.356469460E2,1.474070941E2,-3.194826491E1,-9.138698195E1
1.755480363E1,3.278515048E-1,6.025378633E-1,-7.275295161E-1,1.274735648E-2,1.417231553E2,1.543660740E2,-2.949876655E1,-9.388186512E1
1.756482763E1,2.747435149E-1,6.137419128E-1,-7.393869576E-1,3.381975867E-2,1.481065402E2,1.612621088E2,-2.660241334E1,-9.614248572E1
1.757485063E1,2.202988640E-1,6.227586410E-1,-7.486481375E-1,5.626837664E-2,1.545468254E2,1.680271250E2,-2.357417159E1,-9.798246160E1
1.758487363E1,1.649373979E-1,6.291550206E-1,-7.552818776E-1,8.067812435E-2,1.610128044E2,1.747511292E2,-2.052808965E1,-9.945981778E1
1.759489663E1,1.098360930E-1,6.328776620E-1,-7.586691566E-1,1.087341127E-1,1.673882657E2,-1.784383153E2,-1.771541126E1,-1.005740344E2
1.760491963E1,5.827361043E-2,6.328620308E-1,-7.588451987E-1,1.422805666E-1,1.733185510E2,-1.715120910E2,-1.557676654E1,-1.015081426E2
1.761494263E1,1.167996120E-2,6.270663545E-1,-7.574861104E-1,1.812902487E-1,1.786615446E2,-1.644440894E2,-1.418519326E1,-1.027096878E2
1.762496604E1,2.960846664E-2,-6.157677748E-1,7.549911223E-1,-2.234766152E-1,1.766066237E2,-1.574023301E2,-1.332716639E1,-1.042732368E2
1.763498904E1,6.452246287E-2,-6.009816857E-1,7.508472916E-1,-2.662447609E-1,1.726011306E2,-1.506779798E2,-1.289255286E1,-1.060383570E2
1.764501204E1,9.386464573E-2,-5.841809456E-1,7.445860348E-1,-3.090528619E-1,1.692280464E2,-1.442400241E2,-1.278569216E1,-1.079066974E2
1.765503504E1,1.186430308E-1,-5.669691684E-1,7.354062141E-1,-3.516354245E-1,1.663724110E2,-1.380291216E2,-1.295767668E1,-1.097267362E2
1.766505804E1,1.383955623E-1,-5.510472903E-1,7.225687688E-1,-3.938120814E-1,1.640899700E2,-1.320767314E2,-1.353371711E1,-1.113773496E2
1.767508104E1,1.524735791E-1,-5.374622757E-1,7.071554028E-1,-4.333789105E-1,1.624593972E2,-1.266448486E2,-1.448961971E1,-1.128373822E2
1.768510404E1,1.631527371E-1,-5.247702738E-1,6.916939843E-1,-4.685689686E-1,1.612201200E2,-1.217782515E2,-1.543105314E1,-1.142553356E2
1.769512704E1,1.758844571E-1,-5.115081463E-1,6.768746782E-1,-4.992641391E-1,1.597397357E2,-1.171879569E2,-1.582213017E1,-1.155427520E2
1.770515004E1,1.945712212E-1,-4.984720681E-1,6.628357052E-1,-5.237523537E-1,1.575606468E2,-1.129229007E2,-1.532027355E1,-1.163006064E2
1.771517304E1,2.214724377E-1,-4.880627659E-1,6.486770193E-1,-5.403358109E-1,1.544089379E2,-1.091205334E2,-1.389288042E1,-1.159962024E2
1.772519604E1,2.562151913E-1,-4.821613115E-1,6.328157799E-1,-5.490159439E-1,1.503087943E2,-1.057623996E2,-1.183854130E1,-1.143634322E2
1.773521904E1,2.944047668E-1,-4.803298729E-1,6.149441569E-1,-5.517724531E-1,1.457563039E2,-1.027610118E2,-9.670427711E0,-1.117453900E2
1.774524204E1,3.301272239E-1,-4.803656028E-1,5.961767659E-1,-5.521216292E-1,1.414470047E2,-1.000199874E2,-7.863418926E0,-1.088791160E2
1.775526504E1,3.580124323E-1,-4.798116089E-1,5.784210730E-1,-5.541090955E-1,1.380436345E2,-9.749763388E1,-6.752001189E0,-1.065704268E2
1.776528804E1,3.765112004E-1,-4.793556827E-1,5.626156492E-1,-5.584989321E-1,1.357645098E2,-9.534891698E1,-6.417766990E0,-1.049831530E2
1.777531104E1,3.889814151E-1,-4.834472197E-1,5.469172916E-1,-5.620086108E-1,1.342177302E2,-9.379236582E1,-6.772171768E0,-1.033889349E2
1.778533404E1,3.990898941E-1,-4.949057295E-1,5.296554979E-1,-5.614808690E-1,1.329574086E2,-9.294571572E1,-7.642978794E0,-1.011459417E2
1.779535704E1,4.084988303E-1,-5.123449276E-1,5.106851891E-1,-5.566254783E-1,1.317788630E2,-9.270247103E1,-8.808931060E0,-9.821851299E1
1.780538004E1,4.168333275E-1,-5.332388111E-1,4.909403130E-1,-5.485287737E-1,1.307303540E2,-9.295398016E1,-1.012015842E1,-9.488390511E1
1.781540304E1,4.235333435E-1,-5.554870129E-1,4.717193507E-1,-5.380840945E-1,1.298842718E2,-9.363662723E1,-1.143287151E1,-9.140934946E1
1.782542604E1,4.278182872E-1,-5.766283041E-1,4.547685521E-1,-5.269315748E-1,1.293416347E2,-9.462176403E1,-1.262509806E1,-8.817614508E1
1.783544904E1,4.288688290E-1,-5.940089216E-1,4.422774748E-1,-5.173156975E-1,1.292084108E2,-9.572244948E1,-1.360472306E1,-8.566007975E1
1.784547204E1,4.259869355E-1,-6.051772043E-1,4.363019367E-1,-5.117970498E-1,1.295737016E2,-9.670975964E1,-1.434369691E1,-8.434842741E1
1.785549504E1,4.183611508E-1,-6.080495489E-1,4.386686983E-1,-5.126591925E-1,1.305376735E2,-9.738917623E1,-1.485658713E1,-8.468702455E1
1.786551804E1,4.056971081E-1,-6.018652312E-1,4.492610706E-1,-5.208958774E-1,1.321303622E2,-9.763209640E1,-1.521788519E1,-8.681190279E1
1.787554104E1,3.891699748E-1,-5.885814243E-1,4.651086702E-1,-5.345957157E-1,1.341942747E2,-9.748388681E1,-1.550328097E1,-9.025194777E1
1.788556404E1,3.717130768E-1,-5.729141974E-1,4.822898962E-1,-5.486302897E-1,1.363573880E2,-9.725957508E1,-1.566957732E1,-9.400199720E1
1.789558704E1,3.556998980E-1,-5.580608946E-1,4.980614946E-1,-5.603395166E-1,1.383273088E2,-9.710127185E1,-1.572891814E1,-9.740710697E1
1.790561004E1,3.424554721E-1,-5.452289455E-1,5.114207851E-1,-5.691208441E-1,1.399469090E2,-9.701916159E1,-1.568358469E1,-1.002246562E2
1.791563304E1,3.320003984E-1,-5.351664973E-1,5.224380279E-1,-5.748313627E-1,1.412195268E2,-9.707733152E1,-1.556680211E1,-1.023931012E2
1.792565704E1,3.231663241E-1,-5.280306587E-1,5.317304365E-1,-5.779359944E-1,1.422909615E2,-9.733857559E1,-1.546567941E1,-1.040203735E2
1.793568004E1,3.144853588E-1,-5.235088233E-1,5.397611657E-1,-5.793922313E-1,1.433405036E2,-9.780143094E1,-1.549414621E1,-1.052871566E2
1.794570304E1,3.055473610E-1,-5.215212655E-1,5.460358166E-1,-5.800874014E-1,1.444178050E2,-9.838062666E1,-1.574617672E1,-1.062490698E2
1.795572604E1,2.975016329E-1,-5.226405106E-1,5.496688815E-1,-5.798309589E-1,1.453847859E2,-9.902155141E1,-1.620241114E1,-1.067456329E2
1.796574904E1,2.915220594E-1,-5.273200344E-1,5.508133779E-1,-5.775405621E-1,1.461017970E2,-9.979533604E1,-1.673520049E1,-1.066192735E2
1.797577204E1,2.880249141E-1,-5.347395096E-1,5.505635030E-1,-5.726911984E-1,1.465205052E2,-1.007456524E2,-1.717727928E1,-1.059281443E2
1.798579504E1,2.868344447E-1,-5.434044673E-1,5.501383385E-1,-5.654957936E-1,1.466629332E2,-1.018453615E2,-1.739686811E1,-1.048692255E2
1.799581804E1,2.869916103E-1,-5.518108466E-1,5.507644504E-1,-5.565961072E-1,1.466441329E2,-1.030586992E2,-1.734604058E1,-1.037132388E2
1.800584104E1,2.870801819E-1,-5.587798840E-1,5.534043044E-1,-5.468945981E-1,1.466335375E2,-1.043530378E2,-1.706429120E1,-1.027327073E2
1.801586404E1,2.858004455E-1,-5.636722890E-1,5.583544529E-1,-5.374308499E-1,1.467865980E2,-1.056833933E2,-1.666132102E1,-1.021223414E2
1.802588704E1,2.821983967E-1,-5.661852887E-1,5.652766152E-1,-5.293964068E-1,1.472170884E2,-1.069729736E2,-1.628602566E1,-1.020016761E2
1.803591004E1,2.758576773E-1,-5.664005110E-1,5.733703913E-1,-5.237740804E-1,1.479737347E2,-1.081380339E2,-1.608091253E1,-1.023910108E2
1.804593304E1,2.668193700E-1,-5.646839907E-1,5.819452997E-1,-5.208447058E-1,1.490498237E2,-1.091446109E2,-1.612159635E1,-1.032311324E2
1.805595604E1,2.556501812E-1,-5.616543244E-1,5.904206759E-1,-5.201834428E-1,1.503757703E2,-1.100006333E2,-1.640613978E1,-1.043883225E2
1.806597904E1,2.432089478E-1,-5.581801689E-1,5.983915630E-1,-5.207799788E-1,1.518479744E2,-1.107655253E2,-1.687650111E1,-1.056764976E2
1.807600204E1,2.305578126E-1,-5.551940923E-1,6.055753814E-1,-5.214221282E-1,1.533401706E2,-1.115177070E2,-1.744202963E1,-1.068917938E2
1.808602504E1,2.184476216E-1,-5.533227644E-1,6.118958150E-1,-5.212465128E-1,1.547642586E2,-1.123221871E2,-1.802914606E1,-1.078977033E2
1.809604804E1,2.070817756E-1,-5.527459558E-1,6.174730943E-1,-5.199193296E-1,1.560972171E2,-1.132161871E2,-1.860438019E1,-1.086565528E2
1.810607104E1,1.963578998E-1,-5.532032096E-1,6.225314299E-1,-5.175562717E-1,1.573518815E2,-1.141956402E2,-1.915650538E1,-1.092105212E2
1.811609404E1,1.863767253E-1,-5.545371362E-1,6.270528806E-1,-5.143510460E-1,1.585171819E2,-1.152334442E2,-1.967700526E1,-1.095768445E2
1.812611704E1,1.773795427E-1,-5.566367131E-1,6.309802188E-1,-5.104469097E-1,1.595656747E2,-1.162999258E2,-2.014645637E1,-1.097592585E2
1.813614004E1,1.691942876E-1,-5.591854647E-1,6.346320272E-1,-5.058923948E-1,1.605180469E2,-1.173983859E2,-2.054990649E1,-1.098121556E2
1.814616304E1,1.612558444E-1,-5.616480524E-1,6.385503881E-1,-5.008008869E-1,1.614404051E2,-1.185420608E2,-2.089201014E1,-1.098409960E2
1.815618604E1,1.530763107E-1,-5.634565763E-1,6.430054760E-1,-4.956091222E-1,1.623895088E2,-1.196968673E2,-2.120160130E1,-1.099541465E2
1.816620904E1,1.444172933E-1,-5.642498985E-1,6.478801462E-1,-4.909348576E-1,1.633929252E2,-1.207941184E2,-2.152392400E1,-1.102205287E2
1.817623204E1,1.352430729E-1,-5.639963879E-1,6.529426123E-1,-4.871174806E-1,1.644546483E2,-1.217923459E2,-2.189168137E1,-1.106504362E2
1.818625504E1,1.254373873E-1,-5.628136261E-1,6.580922354E-1,-4.841703727E-1,1.655879699E2,-1.226964046E2,-2.232727952E1,-1.112331853E2
1.819627804E1,1.146860634E-1,-5.608421388E-1,6.633048154E-1,-4.820061742E-1,1.668289640E2,-1.235340262E2,-2.286213678E1,-1.119616490E2
1.820630104E1,1.027074444E-1,-5.582559028E-1,6.684780250E-1,-4.805606848E-1,1.682098028E2,-1.243270382E2,-2.353044700E1,-1.128210178E2
1.821632404E1,8.950669320E-2,-5.553151117E-1,6.734755822E-1,-4.796294291E-1,1.697295437E2,-1.250989742E2,-2.433869562E1,-1.137688823E2
1.822634704E1,7.546321576E-2,-5.523806901E-1,6.780650263E-1,-4.789661431E-1,1.713443239E2,-1.258617869E2,-2.526499059E1,-1.147325154E2
1.823637004E1,6.105499950E-2,-5.497883955E-1,6.820769111E-1,-4.783053016E-1,1.729992584E2,-1.266286179E2,-2.627276456E1,-1.156396742E2
1.824639304E1,4.656944377E-2,-5.476506020E-1,6.855473037E-1,-4.774252964E-1,1.746616041E2,-1.274163175E2,-2.732733112E1,-1.164581162E2
1.825641604E1,3.205276259E-2,-5.459284396E-1,6.885790529E-1,-4.762287053E-1,1.763263947E2,-1.282369135E2,-2.841352657E1,-1.171879512E2
1.826643904E1,1.740017889E-2,-5.444762278E-1,6.912811717E-1,-4.747347891E-1,1.780059857E2,-1.290922277E2,-2.953181566E1,-1.178514485E2
1.827646204E1,2.471617637E-3,-5.433114944E-1,6.936776046E-1,-4.728824141E-1,1.797167732E2,-1.300001106E2,-3.069153597E1,-1.184462491E2
1.828648504E1,1.313415918E-2,5.423682479E-1,-6.958783444E-1,4.705502393E-1,1.784948929E2,-1.309957382E2,-3.191783466E1,-1.189859934E2
1.829650904E1,2.964784234E-2,5.415700182E-1,-6.977490429E-1,4.679414758E-1,1.766021096E2,-1.320633314E2,-3.324495935E1,-1.194854486E2
1.830653204E1,4.714976372E-2,5.407990733E-1,-6.991858236E-1,4.652446043E-1,1.745950312E2,-1.331796061E2,-3.469031852E1,-1.199603015E2
1.831655504E1,6.557809391E-2,5.400667929E-1,-7.002287263E-1,4.622846312E-1,1.724799074E2,-1.343674685E2,-3.623997147E1,-1.203929298E2
1.832657804E1,8.468838118E-2,5.395088371E-1,-7.009850252E-1,4.586700121E-1,1.702837884E2,-1.356792811E2,-3.785342955E1,-1.207337810E2
1.833660104E1,1.041922989E-1,5.392039731E-1,-7.016172859E-1,4.540222262E-1,1.680387331E2,-1.371672216E2,-3.948137916E1,-1.209379729E2
1.834662404E1,1.238235634E-1,5.392665875E-1,-7.022064303E-1,4.480684992E-1,1.657743537E2,-1.388772148E2,-4.108334327E1,-1.209562261E2
1.835664704E1,1.432650090E-1,5.398087225E-1,-7.026301326E-1,4.408996258E-1,1.635263548E2,-1.408065184E2,-4.263515985E1,-1.207513008E2
1.836667004E1,1.619022190E-1,5.411279610E-1,-7.025350915E-1,4.329119129E-1,1.613653498E2,-1.429073492E2,-4.410739377E1,-1.202692512E2
1.837669304E1,1.792211598E-1,5.434236050E-1,-7.018518173E-1,4.242340876E-1,1.593512043E2,-1.451655093E2,-4.545102164E1,-1.194715471E2
1.838671604E1,1.950727897E-1,5.466527806E-1,-7.008664556E-1,4.146123940E-1,1.575020484E2,-1.476163502E2,-4.661362041E1,-1.183546151E2
1.839673904E1,2.095024271E-1,5.506264382E-1,-6.998726645E-1,4.038534100E-1,1.558136104E2,-1.502767329E2,-4.756088000E1,-1.169507329E2
1.840676204E1,2.224849472E-1,5.553037900E-1,-6.989672027E-1,3.918966599E-1,1.542899441E2,-1.531397074E2,-4.826767570E1,-1.152814264E2
1.841678504E1,2.340781017E-1,5.606207678E-1,-6.982470974E-1,3.786327622E-1,1.529254275E2,-1.561966905E2,-4.871418322E1,-1.133791068E2
1.842680804E1,2.445485906E-1,5.665160898E-1,-6.976661558E-1,3.640295640E-1,1.516896832E2,-1.594356386E2,-4.891049222E1,-1.112783766E2
1.843683104E1,2.544301721E-1,5.729147243E-1,-6.969479050E-1,3.482781488E-1,1.505203544E2,-1.628373594E2,-4.891334728E1,-1.090096622E2
1.844685404E1,2.644462811E-1,5.796006158E-1,-6.957712809E-1,3.317132203E-1,1.493318933E2,-1.663832912E2,-4.880832686E1,-1.066103471E2
1.845687704E1,2.751793963E-1,5.864060885E-1,-6.938034235E-1,3.147081062E-1,1.480545894E2,-1.700630695E2,-4.867137595E1,-1.040938239E2
1.846690004E1,2.869937845E-1,5.931756574E-1,-6.908707351E-1,2.974470808E-1,1.466438728E2,-1.738857626E2,-4.854084935E1,-1.014607573E2
1.847692304E1,3.000752354E-1,5.997404373E-1,-6.869258033E-1,2.799987949E-1,1.450757560E2,-1.778631470E2,-4.842710088E1,-9.871399606E1
1.848694604E1,3.144477849E-1,6.059634485E-1,-6.819667761E-1,2.623970803E-1,1.433450394E2,1.780009239E2,-4.832186267E1,-9.585758950E1
1.849696904E1,3.299278061E-1,6.116896826E-1,-6.761275041E-1,2.446118372E-1,1.414712127E2,1.737260761E2,-4.819343323E1,-9.292070174E1
1.850699204E1,3.461015907E-1,6.168466946E-1,-6.695973478E-1,2.266126726E-1,1.395018891E2,1.693650223E2,-4.799341954E1,-8.995101234E1
1.851701504E1,3.624682762E-1,6.215195631E-1,-6.625013727E-1,2.083793875E-1,1.374962822E2,1.649845727E2,-4.767141137E1,-8.699166100E1
1.852703804E1,3.789206515E-1,6.256199668E-1,-6.549991283E-1,1.897233221E-1,1.354663173E2,1.606075503E2,-4.720378858E1,-8.408932589E1
1.853706104E1,3.954200785E-1,6.293857686E-1,-6.467892784E-1,1.708217776E-1,1.334156483E2,1.562470807E2,-4.659648568E1,-8.121302448E1
1.854708404E1,4.118729016E-1,6.323667263E-1,-6.385158567E-1,1.508992573E-1,1.313549161E2,1.519195293E2,-4.579272623E1,-7.849636836E1
1.855710704E1,4.277059237E-1,6.348191976E-1,-6.303803044E-1,1.292015856E-1,1.293558797E2,1.476753712E2,-4.469027726E1,-7.601093287E1
1.856713004E1,4.427019515E-1,6.364093243E-1,-6.228803466E-1,1.049676008E-1,1.274471925E2,1.435567528E2,-4.324389759E1,-7.390036159E1
1.857715304E1,4.565606255E-1,6.368571154E-1,-6.162982502E-1,7.837113758E-2,1.256692147E2,1.396512068E2,-4.149674223E1,-7.227188869E1
1.858717604E1,4.685293401E-1,6.363381106E-1,-6.107338632E-1,5.057859951E-2,1.241222498E2,1.361211306E2,-3.954348368E1,-7.117021747E1
1.859719904E1,4.781701788E-1,6.354047818E-1,-6.058704831E-1,2.313193956E-2,1.228680769E2,1.330591459E2,-3.750384619E1,-7.050317420E1
1.860722204E1,4.860056151E-1,6.345351843E-1,-6.009636021E-1,-2.524533006E-3,1.218432428E2,1.304045544E2,-3.551665346E1,-7.005343258E1
1.861724504E1,4.937992628E-1,6.337116085E-1,-5.949206133E-1,-2.532224805E-2,1.208187930E2,1.279203203E2,-3.374162675E1,-6.952638334E1
1.862726904E1,5.037129391E-1,6.330529876E-1,-5.861310909E-1,-4.435721891E-2,1.195080968E2,1.253132583E2,-3.229798951E1,-6.856051438E1
1.863729204E1,5.174216863E-1,6.332108724E-1,-5.726381961E-1,-5.834510465E-2,1.176810766E2,1.223708812E2,-3.124517973E1,-6.675916849E1
1.864731504E1,5.359942430E-1,6.342029381E-1,-5.532293906E-1,-6.658772167E-2,1.151772726E2,1.189337129E2,-3.057030723E1,-6.388395354E1
1.865733804E1,5.587730763E-1,6.353077492E-1,-5.285039683E-1,-6.957195035E-2,1.120580196E2,1.150301211E2,-3.014753814E1,-6.005208150E1
1.866736104E1,5.830895319E-1,6.356635529E-1,-5.010942711E-1,-6.959226513E-2,1.086637229E2,1.109382394E2,-2.972852865E1,-5.579854407E1
1.867738404E1,6.059769565E-1,6.353632882E-1,-4.734971153E-1,-7.004230918E-2,1.054016485E2,1.070044437E2,-2.900278011E1,-5.172230751E1
1.868740704E1,6.265633107E-1,6.350360179E-1,-4.457322467E-1,-7.396257722E-2,1.024059550E2,1.033122810E2,-2.768570585E1,-4.807109080E1
1.869743004E1,6.444124800E-1,6.356079296E-1,-4.172183231E-1,-8.163366190E-2,9.975672096E1,9.998003633E1,-2.571833312E1,-4.486763013E1
1.870745304E1,6.594601483E-1,6.370336205E-1,-3.882087843E-1,-9.270540719E-2,9.748257276E1,9.706402524E1,-2.319760710E1,-4.215474454E1
1.871747604E1,6.722695660E-1,6.381235275E-1,-3.594908595E-1,-1.077887738E-1,9.551505284E1,9.445414583E1,-2.022968721E1,-4.004694640E1
1.872749904E1,6.827268734E-1,6.374279991E-1,-3.336813306E-1,-1.273825908E-1,9.388580039E1,9.211693993E1,-1.705154839E1,-3.882088455E1
1.873752204E1,6.897561038E-1,6.327513110E-1,-3.169205300E-1,-1.530477667E-1,9.277838906E1,9.009603603E1,-1.409399670E1,-3.913838511E1
1.874754504E1,6.888490825E-1,6.211835606E-1,-3.199289299E-1,-1.930372234E-1,9.292185462E1,8.862228537E1,-1.159207343E1,-4.262753421E1
1.875756804E1,6.788726074E-1,6.018274307E-1,-3.409652860E-1,-2.463299535E-1,9.448878540E1,8.749523516E1,-9.581346922E0,-4.905992948E1
1.876759104E1,6.638367402E-1,5.766753822E-1,-3.691174315E-1,-3.008631497E-1,9.681370990E1,8.638543740E1,-8.225340972E0,-5.648554975E1
1.877761404E1,6.457458799E-1,5.479736892E-1,-4.002311886E-1,-3.500744001E-1,9.955675592E1,8.542344680E1,-7.656406737E0,-6.399595952E1
1.878763704E1,6.276290043E-1,5.171631760E-1,-4.306931474E-1,-3.913150597E-1,1.022491788E2,8.455027963E1,-7.809714072E0,-7.098755697E1
1.879766004E1,6.144334477E-1,4.883203832E-1,-4.546952060E-1,-4.210310851E-1,1.041784698E2,8.363833812E1,-8.485769438E0,-7.643562360E1
1.880768304E1,6.116263570E-1,4.666211736E-1,-4.665230337E-1,-4.365022923E-1,1.045856154E2,8.247258052E1,-9.399255533E0,-7.927221492E1
1.881770604E1,6.181410217E-1,4.504119864E-1,-4.696400610E-1,-4.409863535E-1,1.036389825E2,8.103822754E1,-1.056532756E1,-8.004531549E1
1.882772904E1,6.292578325E-1,4.353387219E-1,-4.708764309E-1,-4.390787977E-1,1.020092241E2,7.953865972E1,-1.214048211E1,-7.992822986E1
1.883775204E1,6.422456579E-1,4.204324286E-1,-4.716834232E-1,-4.339029750E-1,1.000810458E2,7.801689050E1,-1.394671974E1,-7.940255829E1
1.884777504E1,6.546354826E-1,4.065919357E-1,-4.719041620E-1,-4.283010688E-1,9.821596781E1,7.655047183E1,-1.563825831E1,-7.875845051E1
1.885779804E1,6.649479314E-1,3.939872147E-1,-4.720532249E-1,-4.240095502E-1,9.664333809E1,7.521875106E1,-1.707797854E1,-7.824382014E1
1.886782104E1,6.734758825E-1,3.828352192E-1,-4.716866553E-1,-4.211640900E-1,9.532818944E1,7.399383791E1,-1.823205099E1,-7.782781429E1
1.887784404E1,6.803348607E-1,3.729010542E-1,-4.707724744E-1,-4.200744254E-1,9.426036844E1,7.284995588E1,-1.910336887E1,-7.754339049E1
1.888786704E1,6.862284547E-1,3.645752446E-1,-4.687406117E-1,-4.200685775E-1,9.333541021E1,7.175686944E1,-1.969621615E1,-7.725847205E1
1.889789004E1,6.914000521E-1,3.580609117E-1,-4.653722671E-1,-4.209356963E-1,9.251792489E1,7.070860247E1,-2.000338024E1,-7.693094761E1
1.890791304E1,6.958520553E-1,3.527691220E-1,-4.614104634E-1,-4.224267359E-1,9.180969210E1,6.972859940E1,-2.012739219E1,-7.661775001E1
1.891793604E1,6.997599533E-1,3.479139421E-1,-4.576107880E-1,-4.241276562E-1,9.118450362E1,6.881855121E1,-2.020105976E1,-7.635361071E1
1.892795904E1,7.033456280E-1,3.431139955E-1,-4.544607431E-1,-4.254915388E-1,9.060791132E1,6.798762093E1,-2.032236660E1,-7.612705628E1
1.893798204E1,7.066404685E-1,3.383190698E-1,-4.522946111E-1,-4.261794070E-1,9.007554432E1,6.726252258E1,-2.053932049E1,-7.593326758E1
1.894800504E1,7.094773201E-1,3.334641374E-1,-4.514603089E-1,-4.261772680E-1,8.961519088E1,6.667362925E1,-2.087755639E1,-7.580559430E1
1.895802804E1,7.115608496E-1,3.284158511E-1,-4.521713474E-1,-4.258701439E-1,8.927589469E1,6.623561050E1,-2.133189644E1,-7.580950033E1
1.896805204E1,7.125998010E-1,3.231052902E-1,-4.545553996E-1,-4.256570178E-1,8.910632419E1,6.596323906E1,-2.188643518E1,-7.600599963E1
1.897807504E1,7.123529680E-1,3.174276619E-1,-4.588095603E-1,-4.257777475E-1,8.914663364E1,6.587732824E1,-2.254205370E1,-7.644867309E1
1.898809804E1,7.106576216E-1,3.111794970E-1,-4.653809915E-1,-4.260910988E-1,8.942310711E1,6.601795028E1,-2.334529598E1,-7.717934554E1
1.899812104E1,7.074865980E-1,3.040631492E-1,-4.746161458E-1,-4.263189236E-1,8.993843150E1,6.641129505E1,-2.435024053E1,-7.822063118E1
1.900814404E1,7.029762425E-1,2.959404610E-1,-4.863802373E-1,-4.262367899E-1,9.066744245E1,6.705297753E1,-2.556571829E1,-7.955684337E1
1.901816704E1,6.972885991E-1,2.866521069E-1,-5.001595910E-1,-4.259807162E-1,9.158025861E1,6.790066859E1,-2.695526075E1,-8.117423783E1
1.902819004E1,6.904154385E-1,2.760702344E-1,-5.155601970E-1,-4.258044791E-1,9.267399314E1,6.893326040E1,-2.847645327E1,-8.308853636E1
1.903821304E1,6.823324422E-1,2.643277747E-1,-5.322420987E-1,-4.257599615E-1,9.394764346E1,7.015861826E1,-3.008284878E1,-8.530052499E1
1.904823604E1,6.731120920E-1,2.518350168E-1,-5.497281624E-1,-4.257913715E-1,9.538457129E1,7.158415456E1,-3.170857589E1,-8.777684499E1
1.905825904E1,6.631095280E-1,2.393133356E-1,-5.673351137E-1,-4.256120155E-1,9.692508706E1,7.319397718E1,-3.327796752E1,-9.041322586E1
1.906828204E1,6.526853374E-1,2.273692876E-1,-5.844537833E-1,-4.251103943E-1,9.851125577E1,7.494893209E1,-3.472336439E1,-9.311131857E1
1.907830504E1,6.424039614E-1,2.166524609E-1,-6.003349476E-1,-4.242365953E-1,1.000573774E2,7.676139009E1,-3.597918407E1,-9.572738971E1
1.908832804E1,6.328424747E-1,2.077015871E-1,-6.143520411E-1,-4.230154852E-1,1.014797042E2,7.852585880E1,-3.700280758E1,-9.811568774E1
1.909835104E1,6.241891577E-1,2.008350226E-1,-6.264521484E-1,-4.214390877E-1,1.027546030E2,8.020470936E1,-3.779004960E1,-1.002120191E2
1.910837404E1,6.164564016E-1,1.962529015E-1,-6.367928777E-1,-4.194771413E-1,1.038843572E2,8.179228260E1,-3.834994429E1,-1.019910900E2
1.911839704E1,6.104413825E-1,1.944498593E-1,-6.447588850E-1,-4.169371088E-1,1.047571507E2,8.316125887E1,-3.868426360E1,-1.032640892E2
1.912842004E1,6.079831465E-1,1.961881429E-1,-6.486864023E-1,-4.136093412E-1,1.051123725E2,8.400297236E1,-3.879165551E1,-1.036345527E2
1.913844304E1,6.099098581E-1,2.015320893E-1,-6.477752085E-1,-4.096120393E-1,1.048340292E2,8.415110104E1,-3.868725431E1,-1.029397085E2
1.914846604E1,6.152296860E-1,2.095337528E-1,-6.428953621E-1,-4.053068546E-1,1.040627768E2,8.373168150E1,-3.840423397E1,-1.014210697E2
1.915848904E1,6.231222418E-1,2.192359573E-1,-6.348201945E-1,-4.008211971E-1,1.029110053E2,8.286684872E1,-3.798043306E1,-9.929477718E1
1.916851204E1,6.333320103E-1,2.302231771E-1,-6.239535990E-1,-3.956890280E-1,1.014072354E2,8.164421138E1,-3.745556737E1,-9.663893100E1
1.917853504E1,6.451340551E-1,2.417669460E-1,-6.111576472E-1,-3.896628716E-1,9.964854559E1,8.020576597E1,-3.688006958E1,-9.363415768E1
1.918855804E1,6.574548855E-1,2.529276001E-1,-5.977236764E-1,-3.827624632E-1,9.778788893E1,7.872645378E1,-3.632254975E1,-9.053772476E1
1.919858104E1,6.691357476E-1,2.626826884E-1,-5.850924029E-1,-3.753958368E-1,9.599920723E1,7.736140346E1,-3.585899693E1,-8.763176226E1
1.920860404E1,6.795752902E-1,2.706096466E-1,-5.741758001E-1,-3.677905855E-1,9.437907274E1,7.619280919E1,-3.554456551E1,-8.505732212E1
1.921862704E1,6.886544905E-1,2.765536482E-1,-5.652816876E-1,-3.601799499E-1,9.295261143E1,7.521884077E1,-3.540479498E1,-8.284977033E1
1.922865004E1,6.964655449E-1,2.805779979E-1,-5.584959607E-1,-3.525536673E-1,9.171176492E1,7.442404143E1,-3.545819421E1,-8.098900683E1
1.923867304E1,7.028890196E-1,2.826889123E-1,-5.540953767E-1,-3.449816067E-1,9.068149506E1,7.382671373E1,-3.572462367E1,-7.950091456E1
1.924869604E1,7.075840521E-1,2.828994147E-1,-5.525475547E-1,-3.376150541E-1,8.992262881E1,7.348550805E1,-3.622271012E1,-7.845801607E1
1.925871904E1,7.102548136E-1,2.813904733E-1,-5.541741702E-1,-3.305273871E-1,8.948869711E1,7.346533375E1,-3.695554760E1,-7.791623098E1
1.926874204E1,7.107289235E-1,2.783795867E-1,-5.590448286E-1,-3.237872210E-1,8.941149293E1,7.381345601E1,-3.790740322E1,-7.790955219E1
1.927876504E1,7.091707545E-1,2.740867405E-1,-5.667860456E-1,-3.173434736E-1,8.966502874E1,7.452217200E1,-3.904546719E1,-7.840550004E1
1.928878804E1,7.060488531E-1,2.688045076E-1,-5.766565531E-1,-3.109766021E-1,9.017131658E1,7.553615846E1,-4.032417906E1,-7.930228125E1
1.929881104E1,7.017866266E-1,2.629357170E-1,-5.878734416E-1,-3.045736529E-1,9.085895672E1,7.680093292E1,-4.167901554E1,-8.049934867E1
1.930883404E1,6.968912491E-1,2.574002553E-1,-5.994318565E-1,-2.979416144E-1,9.164376487E1,7.825498473E1,-4.300773875E1,-8.183756679E1
1.931885704E1,6.930454967E-1,2.529823699E-1,-6.090349001E-1,-2.911432645E-1,9.225665508E1,7.954436872E1,-4.417638511E1,-8.290181508E1
1.932888104E1,6.925703121E-1,2.510089702E-1,-6.137915934E-1,-2.839026256E-1,9.233216538E1,8.017964850E1,-4.504512455E1,-8.306440724E1
1.933890404E1,6.951148227E-1,2.524573256E-1,-6.138450145E-1,-2.761791946E-1,9.192726440E1,8.022183027E1,-4.555628222E1,-8.229830987E1
1.934892704E1,6.990072738E-1,2.561289061E-1,-6.112699264E-1,-2.685812768E-1,9.130517680E1,7.996283207E1,-4.580581766E1,-8.105183340E1
1.935895004E1,7.032841885E-1,2.604411399E-1,-6.076014436E-1,-2.614997423E-1,9.061781520E1,7.956554382E1,-4.592438354E1,-7.965808193E1
1.936897304E1,7.079746480E-1,2.648010944E-1,-6.031872040E-1,-2.545926957E-1,8.985926971E1,7.903979541E1,-4.599256469E1,-7.814763044E1
1.937899604E1,7.131340966E-1,2.691702790E-1,-5.981853951E-1,-2.473083715E-1,8.901902085E1,7.840775786E1,-4.605750856E1,-7.649750024E1
1.938901904E1,7.184535557E-1,2.733282974E-1,-5.930522672E-1,-2.395937070E-1,8.814609941E1,7.773502554E1,-4.615244777E1,-7.478814795E1
1.939904204E1,7.234551012E-1,2.770670601E-1,-5.884017839E-1,-2.315812750E-1,8.731903653E1,7.711606206E1,-4.630583140E1,-7.314443999E1
1.940906504E1,7.276771407E-1,2.801905946E-1,-5.848534934E-1,-2.234404216E-1,8.661597521E1,7.664307664E1,-4.654853614E1,-7.169154041E1
1.941908804E1,7.308672356E-1,2.824334919E-1,-5.828386950E-1,-2.153215055E-1,8.608170635E1,7.636238463E1,-4.691384836E1,-7.051344468E1
1.942911104E1,7.332169856E-1,2.837157465E-1,-5.821947965E-1,-2.072378454E-1,8.568646466E1,7.622901516E1,-4.740506727E1,-6.957416547E1
1.943913404E1,7.352000792E-1,2.843003760E-1,-5.822330131E-1,-1.991453976E-1,8.535174953E1,7.614039667E1,-4.797743929E1,-6.874382651E1
1.944915704E1,7.372715125E-1,2.847660249E-1,-5.821346319E-1,-1.909404177E-1,8.500098790E1,7.600543720E1,-4.855884597E1,-6.787029715E1
1.945918004E1,7.396867587E-1,2.857279635E-1,-5.812823594E-1,-1.825755537E-1,8.459052190E1,7.577688711E1,-4.907781065E1,-6.684673381E1
1.946920304E1,7.424218152E-1,2.875932776E-1,-5.794654298E-1,-1.741261432E-1,8.412374451E1,7.546643867E1,-4.948717155E1,-6.565426800E1
1.947922604E1,7.454145786E-1,2.903455406E-1,-5.767208376E-1,-1.656795776E-1,8.361055908E1,7.508603335E1,-4.978114574E1,-6.431288971E1
1.948924904E1,7.485774678E-1,2.937006299E-1,-5.732889567E-1,-1.571993577E-1,8.306539287E1,7.465199119E1,-4.999276687E1,-6.286059627E1
1.949927204E1,7.517945368E-1,2.971659860E-1,-5.694924950E-1,-1.489148046E-1,8.250786756E1,7.417332417E1,-5.015476014E1,-6.136946208E1
1.950929504E1,7.549892257E-1,3.007321783E-1,-5.654604114E-1,-1.407336377E-1,8.195114331E1,7.367416073E1,-5.028091752E1,-5.985649254E1
1.951931804E1,7.581057955E-1,3.044138531E-1,-5.612167505E-1,-1.328291859E-1,8.140501525E1,7.316814560E1,-5.035867123E1,-5.834810854E1
1.952934104E1,7.611410219E-1,3.082769700E-1,-5.567035606E-1,-1.253430837E-1,8.087021726E1,7.266057975E1,-5.036997118E1,-5.685479144E1
1.953936404E1,7.640419262E-1,3.122057412E-1,-5.520268515E-1,-1.184648656E-1,8.035633464E1,7.216388331E1,-5.031551484E1,-5.541495016E1
1.954938704E1,7.667196630E-1,3.160341923E-1,-5.474329293E-1,-1.121635956E-1,7.987955118E1,7.170058770E1,-5.022476433E1,-5.406405307E1
1.955941004E1,7.690323449E-1,3.195594179E-1,-5.432769339E-1,-1.064017000E-1,7.946585276E1,7.130278820E1,-5.013811887E1,-5.285088696E1
1.956943304E1,7.708496538E-1,3.227602603E-1,-5.398393948E-1,-1.009463594E-1,7.913950311E1,7.100564344E1,-5.009481270E1,-5.179480981E1
1.957945604E1,7.721447843E-1,3.255493386E-1,-5.372607980E-1,-9.571243732E-2,7.890623757E1,7.081273917E1,-5.011812271E1,-5.090158485E1
1.958947904E1,7.730370963E-1,3.278756023E-1,-5.354381048E-1,-9.064927319E-2,7.874518731E1,7.069226830E1,-5.020896448E1,-5.014007851E1
1.959950204E1,7.736460340E-1,3.297574801E-1,-5.341920543E-1,-8.585346759E-2,7.863512379E1,7.061561057E1,-5.034755683E1,-4.948767703E1
1.960952504E1,7.740793668E-1,3.313546033E-1,-5.332942316E-1,-8.125509890E-2,7.855672161E1,7.056338583E1,-5.051360684E1,-4.890379968E1
1.961954754E1,7.744370882E-1,3.327675027E-1,-5.325521415E-1,-7.681891129E-2,7.849195022E1,7.051569048E1,-5.069008437E1,-4.835558570E1
1.962957054E1,7.748050302E-1,3.340734228E-1,-5.318061844E-1,-7.248756396E-2,7.842528144E1,7.045457497E1,-5.086489760E1,-4.781247786E1
1.963959354E1,7.752080383E-1,3.354113745E-1,-5.309403617E-1,-6.822053273E-2,7.835220429E1,7.037989622E1,-5.102446319E1,-4.725760318E1
1.964961654E1,7.756459019E-1,3.368346736E-1,-5.299003461E-1,-6.419850112E-2,7.827274196E1,7.029633356E1,-5.114914581E1,-4.670530338E1
1.965963954E1,7.760825433E-1,3.384701293E-1,-5.286568560E-1,-6.046268876E-2,7.819343394E1,7.022044404E1,-5.122699341E1,-4.616360263E1
1.966966254E1,7.764888389E-1,3.403995067E-1,-5.272065197E-1,-5.697891456E-2,7.811957697E1,7.016438147E1,-5.125588488E1,-4.563411468E1
1.967968654E1,7.768169100E-1,3.426599791E-1,-5.255917370E-1,-5.378544785E-2,7.805989693E1,7.014355946E1,-5.123465842E1,-4.513203148E1
1.968970854E1,7.770412998E-1,3.451642817E-1,-5.239110682E-1,-5.084831827E-2,7.801905565E1,7.016089150E1,-5.117815714E1,-4.466587917E1
1.969973254E1,7.771635678E-1,3.476248937E-1,-5.223658014E-1,-4.803885149E-2,7.799679404E1,7.020129360E1,-5.112602826E1,-4.423762464E1
1.970975554E1,7.772293590E-1,3.498276039E-1,-5.210377226E-1,-4.533011569E-2,7.798481308E1,7.024319604E1,-5.109753933E1,-4.384389198E1
1.971977854E1,7.772465128E-1,3.519615884E-1,-5.197982628E-1,-4.266934299E-2,7.798168902E1,7.029271516E1,-5.107661967E1,-4.346825442E1
1.972980154E1,7.772145233E-1,3.545436729E-1,-5.183248933E-1,-3.969634644E-2,7.798751488E1,7.036734891E1,-5.103689941E1,-4.304843987E1
1.973982454E1,7.771140453E-1,3.577083059E-1,-5.165429298E-1,-3.635899039E-2,7.800581137E1,7.047606404E1,-5.096976000E1,-4.257579152E1
1.974984754E1,7.768285425E-1,3.614009494E-1,-5.146417803E-1,-3.272036867E-2,7.805778013E1,7.064511830E1,-5.088910825E1,-4.208770296E1
1.975987054E1,7.762274442E-1,3.653350311E-1,-5.129813525E-1,-2.918003339E-2,7.816710039E1,7.090041371E1,-5.081042115E1,-4.167200812E1
1.976989354E1,7.752235905E-1,3.692358325E-1,-5.118646875E-1,-2.622486496E-2,7.834938308E1,7.126075865E1,-5.073734170E1,-4.141559642E1
1.977991654E1,7.737966247E-1,3.730193867E-1,-5.113798829E-1,-2.420506154E-2,7.860788510E1,7.173524915E1,-5.065568913E1,-4.136517861E1
1.978993954E1,7.720012532E-1,3.767707460E-1,-5.113891183E-1,-2.321629647E-2,7.893211731E1,7.231575198E1,-5.054208944E1,-4.151161641E1
1.979996254E1,7.699743691E-1,3.805290490E-1,-5.116697478E-1,-2.304825699E-2,7.929682544E1,7.296427594E1,-5.039019235E1,-4.179419290E1
1.980998554E1,7.678844755E-1,3.843425011E-1,-5.119544867E-1,-2.317351742E-2,7.967141034E1,7.362919060E1,-5.021317276E1,-4.211118474E1
1.982000854E1,7.658800978E-1,3.882312433E-1,-5.120203833E-1,-2.322363003E-2,8.002929384E1,7.426718632E1,-5.001923252E1,-4.238524886E1
1.983003154E1,7.640538327E-1,3.921724109E-1,-5.117543366E-1,-2.302280029E-2,8.035421984E1,7.485199821E1,-4.981437200E1,-4.257685264E1
1.984005454E1,7.624690269E-1,3.960098288E-1,-5.111896215E-1,-2.241740296E-2,8.063530400E1,7.536139101E1,-4.962114840E1,-4.266621253E1
1.985007754E1,7.611357114E-1,3.995817900E-1,-5.104392232E-1,-2.141654175E-2,8.087115551E1,7.578944182E1,-4.945641614E1,-4.266457920E1
1.986010054E1,7.600213908E-1,4.028058342E-1,-5.096195723E-1,-2.007235231E-2,8.106783261E1,7.614410250E1,-4.932976798E1,-4.259321734E1
1.987012354E1,7.591159501E-1,4.057211160E-1,-5.087193315E-1,-1.838508752E-2,8.122735227E1,7.643038937E1,-4.923863417E1,-4.245354401E1
1.988014654E1,7.584180826E-1,4.084445821E-1,-5.076491176E-1,-1.635023768E-2,8.135012536E1,7.665285902E1,-4.917099790E1,-4.223790547E1
1.989016954E1,7.579357541E-1,4.110824638E-1,-5.063081787E-1,-1.402440599E-2,8.143489015E1,7.681384834E1,-4.911000317E1,-4.194221863E1
1.990019254E1,7.576331397E-1,4.136801110E-1,-5.047038484E-1,-1.160989733E-2,8.148803466E1,7.692645220E1,-4.903892875E1,-4.159178951E1
1.991021554E1,7.573917647E-1,4.162227909E-1,-5.030196156E-1,-9.361067935E-3,8.153040393E1,7.702329474E1,-4.895318244E1,-4.124305772E1
1.992023854E1,7.570831655E-1,4.187080983E-1,-5.014520979E-1,-7.379323118E-3,8.158454682E1,7.713737704E1,-4.885982968E1,-4.093934629E1
1.993026154E1,7.566479149E-1,4.210057391E-1,-5.002052624E-1,-5.732266425E-3,8.166085998E1,7.728072294E1,-4.877538896E1,-4.071285616E1
1.994028454E1,7.560547823E-1,4.230838000E-1,-4.993626942E-1,-4.277736536E-3,8.176476027E1,7.745778592E1,-4.871799844E1,-4.056048380E1
1.995030754E1,7.552641075E-1,4.249641974E-1,-4.989720193E-1,-2.916056155E-3,8.190309550E1,7.767719089E1,-4.869728644E1,-4.048120759E1
1.996033054E1,7.542672081E-1,4.266637164E-1,-4.990353344E-1,-1.675042200E-3,8.207723768E1,7.794232992E1,-4.871028682E1,-4.047924385E1
1.997035354E1,7.530642527E-1,4.282297747E-1,-4.995128081E-1,-6.056923600E-4,8.228697060E1,7.825571621E1,-4.874756002E1,-4.055637821E1
1.998037654E1,7.516853343E-1,4.297547557E-1,-5.002796885E-1,3.507460733E-4,8.252684322E1,7.861191957E1,-4.879933635E1,-4.069218473E1
1.999039954E1,7.502313523E-1,4.312008641E-1,-5.012158885E-1,1.141505245E-3,8.277915537E1,7.898674192E1,-4.885441875E1,-4.086935244E1
2.000042254E1,7.488210344E-1,4.325879881E-1,-5.021267794E-1,1.848476482E-3,8.302328958E1,7.935065048E1,-4.890366548E1,-4.104786899E1
2.001044554E1,7.475381265E-1,4.339010599E-1,-5.029019995E-1,2.498928795E-3,8.324485907E1,7.968247954E1,-4.894202981E1,-4.120479896E1
2.002046854E1,7.464273463E-1,4.351451006E-1,-5.034730551E-1,3.131005082E-3,8.343631182E1,7.997080479E1,-4.896747162E1,-4.132449098E1
2.003049154E1,7.454910962E-1,4.362935469E-1,-5.038621258E-1,3.737076764E-3,8.359740454E1,8.021458975E1,-4.898260640E1,-4.140937418E1
2.004051454E1,7.447249087E-1,4.373622566E-1,-5.040630477E-1,4.410288375E-3,8.372904778E1,8.041373999E1,-4.899343485E1,-4.145014928E1
2.005053754E1,7.441271399E-1,4.383057744E-1,-5.041200118E-1,5.082909930E-3,8.383163691E1,8.056887562E1,-4.900042990E1,-4.145787887E1
2.006056054E1,7.437119092E-1,4.392082517E-1,-5.039402687E-1,5.748071494E-3,8.390283866E1,8.067852687E1,-4.899234839E1,-4.142250539E1
2.007058454E1,7.434621469E-1,4.401046836E-1,-5.035206863E-1,6.227871217E-3,8.394564298E1,8.075044804E1,-4.895368174E1,-4.136282545E1
2.008060754E1,7.432917894E-1,4.410784470E-1,-5.029163821E-1,6.489940321E-3,8.397482871E1,8.080800868E1,-4.888161195E1,-4.129710297E1
2.009063054E1,7.431354667E-1,4.420617725E-1,-5.022835498E-1,6.503890928E-3,8.400160271E1,8.086619848E1,-4.878823887E1,-4.125094907E1
2.010065354E1,7.429930525E-1,4.431175458E-1,-5.015632655E-1,6.508484934E-3,8.402598851E1,8.092238587E1,-4.868437266E1,-4.119543266E1
2.011067654E1,7.429106554E-1,4.442407724E-1,-5.006903911E-1,6.557670307E-3,8.404009486E1,8.096450937E1,-4.856983700E1,-4.111391366E1
2.012069954E1,7.429453001E-1,4.454662790E-1,-4.995467337E-1,6.718081212E-3,8.403416393E1,8.097851386E1,-4.843963183E1,-4.098224035E1
2.013072254E1,7.432792296E-1,4.466965587E-1,-4.979434544E-1,7.108234589E-3,8.397698013E1,8.091693828E1,-4.829434334E1,-4.075099047E1
2.014074554E1,7.462941623E-1,4.484520408E-1,-4.917552197E-1,1.061232357E-2,8.345924317E1,8.017294726E1,-4.803096441E1,-3.948373931E1
2.015076854E1,7.508664631E-1,4.507681313E-1,-4.824576723E-1,1.556082720E-2,8.266902112E1,7.904826341E1,-4.760814772E1,-3.762431616E1
2.016079154E1,7.559838492E-1,4.526825485E-1,-4.724199558E-1,1.965547783E-2,8.177717850E1,7.781401012E1,-4.706097643E1,-3.574914365E1
2.017081454E1,7.604992097E-1,4.552917067E-1,-4.624144471E-1,2.287701434E-2,8.098354621E1,7.677547867E1,-4.639926983E1,-3.406370907E1
2.018083754E1,7.637259302E-1,4.583748929E-1,-4.538177788E-1,2.578232305E-2,8.041244414E1,7.606758294E1,-4.579261560E1,-3.269701552E1
2.019086054E1,7.663912969E-1,4.603312446E-1,-4.470857677E-1,2.922083154E-2,7.993814549E1,7.544478084E1,-4.541320120E1,-3.150360646E1
2.020088354E1,7.683242357E-1,4.611391463E-1,-4.426263473E-1,3.332483877E-2,7.959271149E1,7.492927166E1,-4.530785303E1,-3.050621615E1
2.021090654E1,7.680579941E-1,4.613229948E-1,-4.426931039E-1,3.592795457E-2,7.964036545E1,7.491707833E1,-4.549397481E1,-3.026153327E1
2.022092954E1,7.665359449E-1,4.621884316E-1,-4.443359104E-1,3.701546970E-2,7.991233862E1,7.524960975E1,-4.567723153E1,-3.044001942E1
2.023095254E1,7.668149992E-1,4.643419058E-1,-4.415187077E-1,3.798227626E-2,7.986253249E1,7.523120100E1,-4.543051152E1,-3.008428036E1
2.024097554E1,7.673355128E-1,4.674236083E-1,-4.373350337E-1,3.807255481E-2,7.976956108E1,7.521760455E1,-4.497169932E1,-2.969043284E1
2.025099854E1,7.675968233E-1,4.711292290E-1,-4.329214302E-1,3.756974291E-2,7.972285313E1,7.529852676E1,-4.442849928E1,-2.937058927E1
2.026102154E1,7.679534277E-1,4.747320707E-1,-4.283987757E-1,3.676351584E-2,7.965907503E1,7.536271330E1,-4.385901758E1,-2.906483919E1
2.027104454E1,7.682353480E-1,4.780451949E-1,-4.242766006E-1,3.573112879E-2,7.960862394E1,7.543822081E1,-4.331829902E1,-2.882204333E1
2.028106754E1,7.683982877E-1,4.808882238E-1,-4.208450331E-1,3.464163276E-2,7.957945287E1,7.552367281E1,-4.284916899E1,-2.865078681E1
2.029109054E1,7.683387342E-1,4.833934878E-1,-4.181449664E-1,3.377960326E-2,7.959011576E1,7.563757526E1,-4.247058656E1,-2.853403286E1
2.030111354E1,7.680324952E-1,4.856151403E-1,-4.161659111E-1,3.331514499E-2,7.964492818E1,7.578250287E1,-4.219180024E1,-2.845525902E1
2.031113654E1,7.676659441E-1,4.875430979E-1,-4.145814504E-1,3.336340313E-2,7.971049431E1,7.591673567E1,-4.199396408E1,-2.835947634E1
2.032115954E1,7.673480304E-1,4.893796099E-1,-4.129756502E-1,3.370095724E-2,7.976732414E1,7.602983767E1,-4.181881420E1,-2.822714935E1
2.033118254E1,7.672537479E-1,4.912761233E-1,-4.108557585E-1,3.416183303E-2,7.978417147E1,7.609446947E1,-4.160772478E1,-2.802063494E1
2.034120554E1,7.674894331E-1,4.931934651E-1,-4.080755021E-1,3.456323962E-2,7.974205135E1,7.609249504E1,-4.133649055E1,-2.773816936E1
2.035122854E1,7.679194152E-1,4.951419086E-1,-4.048647605E-1,3.491078253E-2,7.966515995E1,7.605286560E1,-4.102426579E1,-2.741064218E1
2.036125154E1,7.683532749E-1,4.970278536E-1,-4.016902177E-1,3.523598761E-2,7.958751240E1,7.601164101E1,-4.071573041E1,-2.708916581E1
2.037127454E1,7.686284938E-1,4.987919416E-1,-3.989335715E-1,3.562129410E-2,7.953822392E1,7.599811555E1,-4.045108630E1,-2.680934537E1
2.038129754E1,7.686609469E-1,5.003948600E-1,-3.968199176E-1,3.604554428E-2,7.953241027E1,7.602837832E1,-4.024924763E1,-2.659761713E1
2.039132054E1,7.685785076E-1,5.017932134E-1,-3.951590736E-1,3.660483296E-2,7.954717775E1,7.607244382E1,-4.010254872E1,-2.641762108E1
2.040134354E1,7.684722554E-1,5.030409340E-1,-3.937184047E-1,3.722839558E-2,7.956620750E1,7.611511906E1,-3.998433575E1,-2.625037334E1
2.041136654E1,7.684105525E-1,5.042885176E-1,-3.921827896E-1,3.782873529E-2,7.957725676E1,7.614919113E1,-3.985657320E1,-2.607430064E1
2.042138954E1,7.684431741E-1,5.056907274E-1,-3.902551771E-1,3.837875167E-2,7.957141530E1,7.616983031E1,-3.968701354E1,-2.586480638E1
2.043141254E1,7.686219610E-1,5.073004789E-1,-3.877416286E-1,3.902486285E-2,7.953939415E1,7.616465029E1,-3.946807129E1,-2.558775476E1
2.044143554E1,7.689299702E-1,5.089739195E-1,-3.848411247E-1,3.986855847E-2,7.948420377E1,7.613062083E1,-3.922858621E1,-2.525027809E1
2.045145854E1,7.693135065E-1,5.105438369E-1,-3.818745450E-1,4.090882698E-2,7.941543539E1,7.607386817E1,-3.900100256E1,-2.488230783E1
2.046148254E1,7.696887821E-1,5.119685005E-1,-3.790635030E-1,4.216893346E-2,7.934810005E1,7.600923857E1,-3.880708546E1,-2.450559129E1
2.047150554E1,7.700705904E-1,5.131744114E-1,-3.764750068E-1,4.370345807E-2,7.927954354E1,7.593004776E1,-3.865867879E1,-2.411829721E1
2.048152854E1,7.704944191E-1,5.141497474E-1,-3.740660879E-1,4.541993062E-2,7.920338393E1,7.583089238E1,-3.854557539E1,-2.372335437E1
2.049155154E1,7.708981438E-1,5.149931902E-1,-3.718410715E-1,4.724872452E-2,7.913077996E1,7.572855609E1,-3.846004426E1,-2.333302922E1
2.050157454E1,7.712512922E-1,5.157396846E-1,-3.698137343E-1,4.921112394E-2,7.906722570E1,7.562911869E1,-3.840373746E1,-2.294833152E1
2.051159754E1,7.715064071E-1,5.163870022E-1,-3.680974883E-1,5.125115785E-2,7.902128745E1,7.554310209E1,-3.838261834E1,-2.258718876E1
2.052162054E1,7.715610294E-1,5.170104121E-1,-3.668181049E-1,5.327698827E-2,7.901144877E1,7.549504593E1,-3.839903819E1,-2.227656322E1
2.053164354E1,7.713944229E-1,5.176375572E-1,-3.659993602E-1,5.519563925E-2,7.904145507E1,7.549240687E1,-3.844787523E1,-2.202940229E1
2.054166654E1,7.710430868E-1,5.183096677E-1,-3.655091555E-1,5.701368571E-2,7.910470050E1,7.552923921E1,-3.851709448E1,-2.183213088E1
2.055168954E1,7.706024415E-1,5.190715510E-1,-3.650778721E-1,5.877689912E-2,7.918396314E1,7.558716303E1,-3.858526810E1,-2.165203343E1
2.056171254E1,7.701948393E-1,5.199154205E-1,-3.644572123E-1,6.048801902E-2,7.925722305E1,7.564196645E1,-3.863107974E1,-2.146016401E1
2.057173554E1,7.698654617E-1,5.208322198E-1,-3.635651953E-1,6.213920610E-2,7.931638207E1,7.568485419E1,-3.864702227E1,-2.124749732E1
2.058175854E1,7.695880933E-1,5.217842855E-1,-3.625150118E-1,6.370458220E-2,7.936617123E1,7.572068816E1,-3.864216576E1,-2.102745765E1
2.059178154E1,7.693701941E-1,5.227001892E-1,-3.613791015E-1,6.526291978E-2,7.940526706E1,7.574341427E1,-3.863042434E1,-2.079666302E1
2.060180454E1,7.692428895E-1,5.235418144E-1,-3.601343839E-1,6.687800809E-2,7.942810082E1,7.574382739E1,-3.861531668E1,-2.054416945E1
2.061182754E1,7.692051048E-1,5.242928712E-1,-3.587875392E-1,6.864474076E-2,7.943487694E1,7.571857219E1,-3.860459785E1,-2.026058777E1
2.062185100E1,7.692743732E-1,5.249049172E-1,-3.573498365E-1,7.066013983E-2,7.942245431E1,7.565937688E1,-3.860735046E1,-1.993501254E1
2.063187400E1,7.694586603E-1,5.253850752E-1,-3.558220764E-1,7.276366797E-2,7.938939624E1,7.556989164E1,-3.861166142E1,-1.958367710E1
2.064189700E1,7.697849612E-1,5.257307215E-1,-3.541538620E-1,7.492209237E-2,7.933083504E1,7.544577021E1,-3.861046465E1,-1.920409929E1
2.065192000E1,7.706579489E-1,5.255576349E-1,-3.520052473E-1,7.725125366E-2,7.917398220E1,7.519236391E1,-3.859059155E1,-1.872562171E1
2.066194300E1,7.720946506E-1,5.247115369E-1,-3.495141578E-1,7.992091934E-2,7.891527786E1,7.479484303E1,-3.857854320E1,-1.813876208E1
2.067196600E1,7.730886841E-1,5.243688356E-1,-3.472734259E-1,8.229399765E-2,7.873586799E1,7.450830404E1,-3.855393964E1,-1.763826557E1
2.068198900E1,7.738226925E-1,5.245727737E-1,-3.448634375E-1,8.420790711E-2,7.860316917E1,7.430638078E1,-3.846764944E1,-1.719697695E1
2.069201200E1,7.742774570E-1,5.251175217E-1,-3.425407668E-1,8.609187124E-2,7.852085963E1,7.417048987E1,-3.837895526E1,-1.678870659E1
2.070203500E1,7.743155788E-1,5.259124850E-1,-3.407176732E-1,8.810764964E-2,7.851395653E1,7.411705826E1,-3.833949397E1,-1.643616324E1
2.071205800E1,7.738784106E-1,5.269736584E-1,-3.395802141E-1,8.997890649E-2,7.859308842E1,7.416757216E1,-3.834685687E1,-1.618707098E1
2.072208100E1,7.732825174E-1,5.280441146E-1,-3.388543505E-1,9.154948773E-2,7.870084375E1,7.425899870E1,-3.837053148E1,-1.601289665E1
2.073210400E1,7.731507874E-1,5.286200829E-1,-3.378661018E-1,9.298009928E-2,7.872464780E1,7.424985577E1,-3.837057197E1,-1.579690447E1
2.074212700E1,7.738026727E-1,5.285702021E-1,-3.360927942E-1,9.425845534E-2,7.860679096E1,7.407611885E1,-3.830032085E1,-1.547734320E1
2.075215000E1,"","","","","","","",""