"Time (s)","w","x","y","z","Direct (°)","Yaw (°)","Pitch (°)","Roll (°)"
9.661333403E-3,2.252125280E-2,7.985543578E-1,-2.644420138E-1,5.402537721E-1,1.774190363E2,-1.489733471E2,-6.101600964E1,-5.522236868E1
1.968433335E-2,2.277721061E-2,7.982433773E-1,-2.639747106E-1,5.409308612E-1,1.773896982E2,-1.489375311E2,-6.111774601E1,-5.523449715E1
2.970633341E-2,2.304123954E-2,7.978393155E-1,-2.634641858E-1,5.417639991E-1,1.773594348E2,-1.488778514E2,-6.123756189E1,-5.526649088E1
3.972833336E-2,2.330746011E-2,7.974295638E-1,-2.629653357E-1,5.425975584E-1,1.773289199E2,-1.488165996E2,-6.135715571E1,-5.530129757E1
4.975033342E-2,2.357016141E-2,7.970710627E-1,-2.624966627E-1,5.433394272E-1,1.772988083E2,-1.487684902E2,-6.146607682E1,-5.532587606E1
5.977233336E-2,2.380196908E-2,7.967785425E-1,-2.620710006E-1,5.439633691E-1,1.772722377E2,-1.487329908E2,-6.155951665E1,-5.533972547E1
6.979433342E-2,2.397399144E-2,7.965706532E-1,-2.617320768E-1,5.444232123E-1,1.772525197E2,-1.487097289E2,-6.162941450E1,-5.534494332E1
7.981733338E-2,2.405166809E-2,7.964437490E-1,-2.615239135E-1,5.447055541E-1,1.772436161E2,-1.486910008E2,-6.167070500E1,-5.535032434E1
8.983933332E-2,2.402522094E-2,7.964123918E-1,-2.614641493E-1,5.447813552E-1,1.772466476E2,-1.486789337E2,-6.167914252E1,-5.535458906E1
9.986133338E-2,2.396210603E-2,7.964889937E-1,-2.614924930E-1,5.446584339E-1,1.772538821E2,-1.486895632E2,-6.166175675E1,-5.534190678E1
1.098833333E-1,2.391129801E-2,7.966480769E-1,-2.615570409E-1,5.443969759E-1,1.772597059E2,-1.487248491E2,-6.162957267E1,-5.530952993E1
1.199053334E-1,2.387690618E-2,7.968496021E-1,-2.616333478E-1,5.440666711E-1,1.772636481E2,-1.487745842E2,-6.159085059E1,-5.526544384E1
1.299273333E-1,2.384082848E-2,7.970790917E-1,-2.616840504E-1,5.437076220E-1,1.772677834E2,-1.488323705E2,-6.155003688E1,-5.521111478E1
1.399503334E-1,2.380550942E-2,7.973327736E-1,-2.616884759E-1,5.433350439E-1,1.772718318E2,-1.488979473E2,-6.150958570E1,-5.514509802E1
1.499723333E-1,2.378289763E-2,7.976041361E-1,-2.616538944E-1,5.429541839E-1,1.772744237E2,-1.489712995E2,-6.147043530E1,-5.506896090E1
1.599943334E-1,2.377284561E-2,7.978896599E-1,-2.616169526E-1,5.425527984E-1,1.772755759E2,-1.490506060E2,-6.142997566E1,-5.498783454E1
1.700163333E-1,2.376580709E-2,7.981733503E-1,-2.615702118E-1,5.421581775E-1,1.772763827E2,-1.491299440E2,-6.139070090E1,-5.490602163E1
1.800383334E-1,2.378949361E-2,7.984159054E-1,-2.614774466E-1,5.418446892E-1,1.772736676E2,-1.492037102E2,-6.136323930E1,-5.482784741E1
1.900603333E-1,2.385347253E-2,7.985693200E-1,-2.613295111E-1,5.416871864E-1,1.772663341E2,-1.492603825E2,-6.135619855E1,-5.476438671E1
2.000833334E-1,2.394301351E-2,7.985975794E-1,-2.611667189E-1,5.417199556E-1,1.772560705E2,-1.492867070E2,-6.137077900E1,-5.473098608E1
2.101053334E-1,2.404920249E-2,7.985027490E-1,-2.610176034E-1,5.419270020E-1,1.772438987E2,-1.492811549E2,-6.140382521E1,-5.473109754E1
2.201273334E-1,2.418710698E-2,7.983321807E-1,-2.608547901E-1,5.422503948E-1,1.772280914E2,-1.492600336E2,-6.145121652E1,-5.474751272E1
2.301493334E-1,2.437501871E-2,7.980911850E-1,-2.606554355E-1,5.426924941E-1,1.772065519E2,-1.492283089E2,-6.151513831E1,-5.477481828E1
2.401713334E-1,2.461550862E-2,7.977825015E-1,-2.604101409E-1,5.432529208E-1,1.771789856E2,-1.491873419E2,-6.159602872E1,-5.481100750E1
2.501933334E-1,2.488994783E-2,7.974353801E-1,-2.601187376E-1,5.438893171E-1,1.771475275E2,-1.491421756E2,-6.168846038E1,-5.484976503E1
2.602163333E-1,2.516744268E-2,7.970813676E-1,-2.597887909E-1,5.445527085E-1,1.771157190E2,-1.490963429E2,-6.178528673E1,-5.488592808E1
2.702383334E-1,2.542139851E-2,7.967531701E-1,-2.594721417E-1,5.451718668E-1,1.770866085E2,-1.490534432E2,-6.187571121E1,-5.491866258E1
2.802603333E-1,2.560964741E-2,7.965042719E-1,-2.592370255E-1,5.456383270E-1,1.770650297E2,-1.490200047E2,-6.194352946E1,-5.494448402E1
2.902823334E-1,2.568955784E-2,7.964199993E-1,-2.591262425E-1,5.458102440E-1,1.770558696E2,-1.490121252E2,-6.197004979E1,-5.494833352E1
3.003043333E-1,2.564395495E-2,7.965875962E-1,-2.591813495E-1,5.455416843E-1,1.770610971E2,-1.490507579E2,-6.193766978E1,-5.491224573E1
3.103273334E-1,2.544664448E-2,7.969640729E-1,-2.595045105E-1,5.448470410E-1,1.770837145E2,-1.491167005E2,-6.184254137E1,-5.486211182E1
3.203493333E-1,2.513526356E-2,7.974913511E-1,-2.600471722E-1,5.438301640E-1,1.771194076E2,-1.492007773E2,-6.169940292E1,-5.480541656E1
3.303713334E-1,2.479503313E-2,7.981630665E-1,-2.605708257E-1,5.426082215E-1,1.771584073E2,-1.493206315E2,-6.153415613E1,-5.471010916E1
3.403933333E-1,2.450143818E-2,7.987880410E-1,-2.609124470E-1,5.415368486E-1,1.771920610E2,-1.494385671E2,-6.139387257E1,-5.460390518E1
3.504153334E-1,2.423542834E-2,7.992198355E-1,-2.611177443E-1,5.408121125E-1,1.772225525E2,-1.495098105E2,-6.129594038E1,-5.453276669E1
3.604373334E-1,2.398067172E-2,7.994295793E-1,-2.612479570E-1,5.404505979E-1,1.772517540E2,-1.495227255E2,-6.123897557E1,-5.451232982E1
3.704603334E-1,2.377054861E-2,7.994120251E-1,-2.612848987E-1,5.404678992E-1,1.772758392E2,-1.494820930E2,-6.122714791E1,-5.453878237E1
3.804823334E-1,2.360510115E-2,7.992338283E-1,-2.611818075E-1,5.407883206E-1,1.772948034E2,-1.494073532E2,-6.125432793E1,-5.458905771E1
3.905043334E-1,2.347257039E-2,7.990083848E-1,-2.609711997E-1,5.412288605E-1,1.773099945E2,-1.493271769E2,-6.129975676E1,-5.463744531E1
4.005263334E-1,2.333247426E-2,7.988349505E-1,-2.607435646E-1,5.416004693E-1,1.773260527E2,-1.492605004E2,-6.133822530E1,-5.467058950E1
4.105483334E-1,2.316167416E-2,7.987720885E-1,-2.605758833E-1,5.417811317E-1,1.773456303E2,-1.492182067E2,-6.135300391E1,-5.468313979E1
4.205703334E-1,2.296339431E-2,7.988509663E-1,-2.604981856E-1,5.417107254E-1,1.773683575E2,-1.492089329E2,-6.133700268E1,-5.466970274E1
4.305933333E-1,2.275367159E-2,7.990531236E-1,-2.605257286E-1,5.414081532E-1,1.773923963E2,-1.492298399E2,-6.129253467E1,-5.463563640E1
4.406153334E-1,2.254793175E-2,7.993274364E-1,-2.606306532E-1,5.409611227E-1,1.774159784E2,-1.492697554E2,-6.123055875E1,-5.459045172E1
4.506373333E-1,2.236233810E-2,7.996059639E-1,-2.607600229E-1,5.404944938E-1,1.774372512E2,-1.493135497E2,-6.116683183E1,-5.454528090E1
4.606593334E-1,2.221754261E-2,7.998315127E-1,-2.608770437E-1,5.401103042E-1,1.774538477E2,-1.493495595E2,-6.111447301E1,-5.450976962E1
4.706813333E-1,2.211872932E-2,7.999840632E-1,-2.609622014E-1,5.398472868E-1,1.774651736E2,-1.493736010E2,-6.107845746E1,-5.448653070E1
4.807033334E-1,2.204560454E-2,8.000585156E-1,-2.610135994E-1,5.397151143E-1,1.774735551E2,-1.493809985E2,-6.105867775E1,-5.447835872E1
4.907263333E-1,2.198969674E-2,8.000506131E-1,-2.610317858E-1,5.397201509E-1,1.774799632E2,-1.493692010E2,-6.105526127E1,-5.448708974E1
5.007483334E-1,2.197441851E-2,7.999783523E-1,-2.609999439E-1,5.398432407E-1,1.774817144E2,-1.493473807E2,-6.106823472E1,-5.450416819E1
5.107703333E-1,2.199816826E-2,7.998709832E-1,-2.609376297E-1,5.400315739E-1,1.774789922E2,-1.493229218E2,-6.109134009E1,-5.452408902E1
5.207923334E-1,2.204996674E-2,7.997735186E-1,-2.608663384E-1,5.402080428E-1,1.774730551E2,-1.493060268E2,-6.111515923E1,-5.453799114E1
5.308143334E-1,2.215021301E-2,7.997236379E-1,-2.607931503E-1,5.403131781E-1,1.774615650E2,-1.493103465E2,-6.113453764E1,-5.453494227E1
5.408363334E-1,2.228794892E-2,7.997312664E-1,-2.607317424E-1,5.403259486E-1,1.774457777E2,-1.493365668E2,-6.114614402E1,-5.451463300E1
5.508593334E-1,2.245729495E-2,7.997971630E-1,-2.607120387E-1,5.402307810E-1,1.774263672E2,-1.493832956E2,-6.114690443E1,-5.448064009E1
5.608813334E-1,2.268956624E-2,7.999240250E-1,-2.607424688E-1,5.400185295E-1,1.773997441E2,-1.494562388E2,-6.113740639E1,-5.443068104E1
5.709033334E-1,2.298939892E-2,8.001550108E-1,-2.608145188E-1,5.396287976E-1,1.773653768E2,-1.495682199E2,-6.111195073E1,-5.435190695E1
5.809253334E-1,2.332056778E-2,8.005678182E-1,-2.609148072E-1,5.389534154E-1,1.773274175E2,-1.497347475E2,-6.105762767E1,-5.422525412E1
5.909473334E-1,2.368739287E-2,8.011722461E-1,-2.610153275E-1,5.379896645E-1,1.772853708E2,-1.499593248E2,-6.097526395E1,-5.404517458E1
6.009703333E-1,2.414845832E-2,8.019055591E-1,-2.611220011E-1,5.368235244E-1,1.772325215E2,-1.502337223E2,-6.087676448E1,-5.382479206E1
6.109923334E-1,2.471385830E-2,8.027564408E-1,-2.612375467E-1,5.354683768E-1,1.771677121E2,-1.505558859E2,-6.076380976E1,-5.356723644E1
6.210143333E-1,2.538424607E-2,8.037367133E-1,-2.613498891E-1,5.339094070E-1,1.770908672E2,-1.509287842E2,-6.063499990E1,-5.326857923E1
6.310363334E-1,2.625872995E-2,8.047269745E-1,-2.613950916E-1,5.323511326E-1,1.769906253E2,-1.513379878E2,-6.051940714E1,-5.294470511E1
6.410583333E-1,2.745955689E-2,8.055920807E-1,-2.612380525E-1,5.310575405E-1,1.768529710E2,-1.517719836E2,-6.045613656E1,-5.260375908E1
6.510803334E-1,2.902984310E-2,8.063258574E-1,-2.607451872E-1,5.301018396E-1,1.766729576E2,-1.522417689E2,-6.045961849E1,-5.222616076E1
6.611033333E-1,3.096874564E-2,8.069932317E-1,-2.599308048E-1,5.293760077E-1,1.764506757E2,-1.527667504E2,-6.051739695E1,-5.179429481E1
6.711253334E-1,3.314095207E-2,8.077163451E-1,-2.588968161E-1,5.286478366E-1,1.762016311E2,-1.533556009E2,-6.059315653E1,-5.129870213E1
6.811473334E-1,3.527432017E-2,8.087366993E-1,-2.578120616E-1,5.274784090E-1,1.759570219E2,-1.540195565E2,-6.061830307E1,-5.072319004E1
6.911693334E-1,3.716637650E-2,8.101981202E-1,-2.569247651E-1,5.255354393E-1,1.757400659E2,-1.547488378E2,-6.053700786E1,-5.008482259E1
7.011913334E-1,3.874939105E-2,8.119915318E-1,-2.564948040E-1,5.228563960E-1,1.755585349E2,-1.554888836E2,-6.034124684E1,-4.945512575E1
7.112143334E-1,3.995205137E-2,8.139680504E-1,-2.566279880E-1,5.196171578E-1,1.754206134E2,-1.561808155E2,-6.004400437E1,-4.889545905E1
7.212363334E-1,4.080206902E-2,8.159339691E-1,-2.572523304E-1,5.161475871E-1,1.753231290E2,-1.567824013E2,-5.968660253E1,-4.844210482E1
7.312583334E-1,4.143391349E-2,8.176073254E-1,-2.581644303E-1,5.129841500E-1,1.752506637E2,-1.572584679E2,-5.934272307E1,-4.811995880E1
7.412803334E-1,4.198947218E-2,8.187671013E-1,-2.590752448E-1,5.106244955E-1,1.751869459E2,-1.575958103E2,-5.908405320E1,-4.792503080E1
7.513063333E-1,4.260079114E-2,8.193635424E-1,-2.597156451E-1,5.092901895E-1,1.751168311E2,-1.578187152E2,-5.894981033E1,-4.781851189E1
7.613283334E-1,4.330451707E-2,8.194212415E-1,-2.599895575E-1,5.089979432E-1,1.750361156E2,-1.579446435E2,-5.894637646E1,-4.777709964E1
7.713513334E-1,4.405079025E-2,8.189780252E-1,-2.599344294E-1,5.096750113E-1,1.749505173E2,-1.579732007E2,-5.906219825E1,-4.780082503E1
7.813733334E-1,4.474899494E-2,8.180463902E-1,-2.596540053E-1,5.112509241E-1,1.748704300E2,-1.578875004E2,-5.928206954E1,-4.790868218E1
7.913953334E-1,4.528295336E-2,8.166694737E-1,-2.592803103E-1,5.135895262E-1,1.748091807E2,-1.576706525E2,-5.958121704E1,-4.812061968E1
8.014173334E-1,4.556801357E-2,8.149106225E-1,-2.589494365E-1,5.165166881E-1,1.747764815E2,-1.573142750E2,-5.993178415E1,-4.845137579E1
8.114393334E-1,4.561346895E-2,8.128348902E-1,-2.587344032E-1,5.198800698E-1,1.747712673E2,-1.568284398E2,-6.031449914E1,-4.889926975E1
8.214613334E-1,4.545151968E-2,8.105677480E-1,-2.585917572E-1,5.234924551E-1,1.747898446E2,-1.562466895E2,-6.071050420E1,-4.943107255E1
8.314843334E-1,4.511426060E-2,8.082778044E-1,-2.584510921E-1,5.271194022E-1,1.748285313E2,-1.556165353E2,-6.109679430E1,-4.999740026E1
8.415063333E-1,4.465193075E-2,8.061109085E-1,-2.582436032E-1,5.305673305E-1,1.748815638E2,-1.549862030E2,-6.145647419E1,-5.054936814E1
8.515283334E-1,4.411139741E-2,8.042097695E-1,-2.579097791E-1,5.336510047E-1,1.749435655E2,-1.544050811E2,-6.177391518E1,-5.103740495E1
8.615503333E-1,4.350720127E-2,8.027072133E-1,-2.574231726E-1,5.361917642E-1,1.750128678E2,-1.539153507E2,-6.203198286E1,-5.141919913E1
8.715723334E-1,4.278231762E-2,8.016987867E-1,-2.568509238E-1,5.380301255E-1,1.750960108E2,-1.535342374E2,-6.220891754E1,-5.167948927E1
8.815943333E-1,4.186254694E-2,8.011969231E-1,-2.562890009E-1,5.391168398E-1,1.752015032E2,-1.532521403E2,-6.229281505E1,-5.183024555E1
8.916173334E-1,4.071611052E-2,8.011456725E-1,-2.558120672E-1,5.395072882E-1,1.753329873E2,-1.530479799E2,-6.228589975E1,-5.189602706E1
9.016393333E-1,3.936140544E-2,8.014281196E-1,-2.553606112E-1,5.394019843E-1,1.754883497E2,-1.528965911E2,-6.221297160E1,-5.189698479E1
9.116613334E-1,3.787907970E-2,8.018902177E-1,-2.548320055E-1,5.390713633E-1,1.756583385E2,-1.527744822E2,-6.211127678E1,-5.185278235E1
9.216833333E-1,3.637780896E-2,8.023831040E-1,-2.540905370E-1,5.387913397E-1,1.758304902E2,-1.526653654E2,-6.202112765E1,-5.177514651E1
9.317053334E-1,3.494936797E-2,8.027450190E-1,-2.529746149E-1,5.388718402E-1,1.759942817E2,-1.525472815E2,-6.198638109E1,-5.167773171E1
9.417283334E-1,3.373471687E-2,8.028482155E-1,-2.514003248E-1,5.395320073E-1,1.761335526E2,-1.524137537E2,-6.204138405E1,-5.157021209E1
9.517503334E-1,3.273406639E-2,8.025741767E-1,-2.492461993E-1,5.409987177E-1,1.762482821E2,-1.522374863E2,-6.221473445E1,-5.146819817E1
9.617723334E-1,3.193574186E-2,8.019545970E-1,-2.464382288E-1,5.432468938E-1,1.763398112E2,-1.520285088E2,-6.250598515E1,-5.135484703E1
9.717943334E-1,3.127633334E-2,8.011648493E-1,-2.429762866E-1,5.460028551E-1,1.764154116E2,-1.518254300E2,-6.288272377E1,-5.118829973E1
9.818163334E-1,3.062499595E-2,8.005399380E-1,-2.390962056E-1,5.486628692E-1,1.764900852E2,-1.516915067E2,-6.326512366E1,-5.091861398E1
9.918383334E-1,2.989937473E-2,8.004555600E-1,-2.353640179E-1,5.504367668E-1,1.765732733E2,-1.516960863E2,-6.354375073E1,-5.052259557E1
1.001861333E0,2.894116613E-2,8.010459109E-1,-2.320989437E-1,5.510152745E-1,1.766831235E2,-1.518325910E2,-6.366446876E1,-5.002248161E1
1.011883333E0,2.767003825E-2,8.022787062E-1,-2.292899405E-1,5.504627925E-1,1.768288424E2,-1.520724784E2,-6.362917817E1,-4.943846281E1
1.021905333E0,2.622052384E-2,8.042014244E-1,-2.266969189E-1,5.487997621E-1,1.769950049E2,-1.524581648E2,-6.345444642E1,-4.871813503E1
1.031927333E0,2.476959750E-2,8.066767299E-1,-2.242211076E-1,5.462453892E-1,1.771613229E2,-1.529812602E2,-6.317571364E1,-4.787470328E1
1.041949333E0,2.329380453E-2,8.094618147E-1,-2.218246168E-1,5.431601345E-1,1.773304852E2,-1.535665890E2,-6.283168988E1,-4.697645626E1
1.051971333E0,2.159111400E-2,8.123716753E-1,-2.194295378E-1,5.398487830E-1,1.775256483E2,-1.541284682E2,-6.244797259E1,-4.608413196E1
1.061994333E0,1.928692471E-2,8.152346896E-1,-2.166641356E-1,5.367280829E-1,1.777897442E2,-1.545746821E2,-6.206459037E1,-4.522496652E1
1.072016333E0,1.635367265E-2,8.177805911E-1,-2.133825187E-1,5.342614807E-1,1.781259236E2,-1.548464807E2,-6.173859627E1,-4.444046498E1
1.082038333E0,1.290593400E-2,8.199159612E-1,-2.096759141E-1,5.325479584E-1,1.785210478E2,-1.549450065E2,-6.148609300E1,-4.374636646E1
1.092060333E0,9.209402501E-3,8.218468558E-1,-2.062004218E-1,5.310031078E-1,1.789446653E2,-1.549369400E2,-6.123543238E1,-4.315719833E1
1.102082333E0,5.406660947E-3,8.240031939E-1,-2.035885605E-1,5.287166413E-1,1.793804393E2,-1.549151785E2,-6.087146096E1,-4.265034324E1
1.112104333E0,1.635993145E-3,8.266315979E-1,-2.021141373E-1,5.251927855E-1,1.798125289E2,-1.549445228E2,-6.033606584E1,-4.219795995E1
1.122127333E0,1.974010870E-3,-8.296923020E-1,2.012646254E-1,-5.206720302E-1,1.797737949E2,-1.550628717E2,-5.967786282E1,-4.172767692E1
1.132149333E0,5.085965577E-3,-8.329754994E-1,2.003058268E-1,-5.157553474E-1,1.794171888E2,-1.553139824E2,-5.900204012E1,-4.115799627E1
1.142171333E0,7.368638892E-3,-8.362969028E-1,1.986740904E-1,-5.109616913E-1,1.791556085E2,-1.557346724E2,-5.839743160E1,-4.042883049E1
1.152193333E0,8.801125979E-3,-8.394795378E-1,1.961744030E-1,-5.066678125E-1,1.789914522E2,-1.562957007E2,-5.791072863E1,-3.955273051E1
1.162215333E0,9.646928935E-3,-8.423137448E-1,1.931369639E-1,-5.031029478E-1,1.788945262E2,-1.568947334E2,-5.754516218E1,-3.863761254E1
1.172238333E0,1.018362690E-2,-8.447024385E-1,1.900144093E-1,-5.002685301E-1,1.788330221E2,-1.574488486E2,-5.727617064E1,-3.778240187E1
1.182260333E0,1.054122184E-2,-8.466240397E-1,1.870679653E-1,-4.981186826E-1,1.787920426E2,-1.579244931E2,-5.708679461E1,-3.703262159E1
1.192282333E0,1.077718097E-2,-8.480272137E-1,1.842719222E-1,-4.967672228E-1,1.787650021E2,-1.583085277E2,-5.698967252E1,-3.639396970E1
1.202304333E0,1.091828862E-2,-8.488264865E-1,1.815533662E-1,-4.963999130E-1,1.787488314E2,-1.585886800E2,-5.700838704E1,-3.586947130E1
1.212326333E0,1.101638541E-2,-8.490639840E-1,1.789307786E-1,-4.969433334E-1,1.787375897E2,-1.587668102E2,-5.713283750E1,-3.545500389E1
1.222348333E0,1.109328234E-2,-8.489357944E-1,1.764166980E-1,-4.980584336E-1,1.787287774E2,-1.588770204E2,-5.732274563E1,-3.511740109E1
1.232371333E0,1.106710914E-2,-8.486049627E-1,1.741125087E-1,-4.994317887E-1,1.787317768E2,-1.589577630E2,-5.754217767E1,-3.483513208E1
1.242393333E0,1.096172095E-2,-8.481797010E-1,1.720033118E-1,-5.008852438E-1,1.787438541E2,-1.590257540E2,-5.776961876E1,-3.458894332E1
1.252415333E0,1.078803379E-2,-8.476940850E-1,1.700766951E-1,-5.023667899E-1,1.787637584E2,-1.590857696E2,-5.799881394E1,-3.437225542E1
1.262437333E0,1.052531141E-2,-8.471379363E-1,1.683524464E-1,-5.038888601E-1,1.787938659E2,-1.591376799E2,-5.823155883E1,-3.418851954E1
1.272459333E0,1.024433944E-2,-8.465669729E-1,1.667135662E-1,-5.053968111E-1,1.788260646E2,-1.591869048E2,-5.846148666E1,-3.401657486E1
1.282481333E0,1.000831709E-2,-8.460893648E-1,1.650039215E-1,-5.067606410E-1,1.788531122E2,-1.592529820E2,-5.867441466E1,-3.381874418E1
1.292504333E0,9.861140293E-3,-8.457774781E-1,1.630838796E-1,-5.079042957E-1,1.788699782E2,-1.593515403E2,-5.886281155E1,-3.356405631E1
1.302526333E0,9.771325359E-3,-8.456049079E-1,1.610276403E-1,-5.088485958E-1,1.788802708E2,-1.594784019E2,-5.902843863E1,-3.326560930E1
1.312548333E0,9.809657917E-3,-8.455433313E-1,1.588141299E-1,-5.096451924E-1,1.788758780E2,-1.596174774E2,-5.917522012E1,-3.293157371E1
1.322570333E0,1.003484853E-2,-8.455644048E-1,1.564852637E-1,-5.103259061E-1,1.788500718E2,-1.597500784E2,-5.930381123E1,-3.257922081E1
1.332592333E0,1.043760381E-2,-8.456860195E-1,1.541586101E-1,-5.108241240E-1,1.788039170E2,-1.598721569E2,-5.940377311E1,-3.222358438E1
1.342614333E0,1.106200937E-2,-8.459717330E-1,1.517858690E-1,-5.110485138E-1,1.787323612E2,-1.599902929E2,-5.946366008E1,-3.185060784E1
1.352637333E0,1.184020879E-2,-8.464256545E-1,1.494277528E-1,-5.109743354E-1,1.786431803E2,-1.601119109E2,-5.948147996E1,-3.146368018E1
1.362659333E0,1.274564953E-2,-8.470674878E-1,1.471168200E-1,-5.105595261E-1,1.785394166E2,-1.602417871E2,-5.945232552E1,-3.106311338E1
1.372681333E0,1.376189434E-2,-8.479345960E-1,1.449301783E-1,-5.097183593E-1,1.784229533E2,-1.603823375E2,-5.936451919E1,-3.065455910E1
1.382703333E0,1.490637094E-2,-8.490629304E-1,1.429079936E-1,-5.083769305E-1,1.782917924E2,-1.605320846E2,-5.920756913E1,-3.024161049E1
1.392725333E0,1.617760419E-2,-8.504115874E-1,1.411350864E-1,-5.065759956E-1,1.781461022E2,-1.606760274E2,-5.898470014E1,-2.984639473E1
1.402747333E0,1.759118841E-2,-8.518904360E-1,1.396321298E-1,-5.044564095E-1,1.779840943E2,-1.607934605E2,-5.871232787E1,-2.948954639E1
1.412770333E0,1.916863958E-2,-8.533953735E-1,1.382936723E-1,-5.022189387E-1,1.778033012E2,-1.608712305E2,-5.841683241E1,-2.917274743E1
1.422792333E0,2.088561790E-2,-8.548364164E-1,1.370223969E-1,-5.000434448E-1,1.776065105E2,-1.609068198E2,-5.812336346E1,-2.889172747E1
1.432814333E0,2.269441312E-2,-8.561409457E-1,1.358429595E-1,-4.980506365E-1,1.773991885E2,-1.608958028E2,-5.784778928E1,-2.865663657E1
1.442836333E0,2.460383395E-2,-8.572844318E-1,1.347233285E-1,-4.962940401E-1,1.771803238E2,-1.608362172E2,-5.759710896E1,-2.846582675E1
1.452858333E0,2.665920931E-2,-8.582112410E-1,1.336414189E-1,-4.948765995E-1,1.769447177E2,-1.607139775E2,-5.738292226E1,-2.832743293E1
1.462880333E0,2.890508843E-2,-8.587998217E-1,1.326566578E-1,-4.939936230E-1,1.766872594E2,-1.604985606E2,-5.722621481E1,-2.827280066E1
1.472903333E0,3.136555822E-2,-8.589625086E-1,1.318289780E-1,-4.937822355E-1,1.764051822E2,-1.601680817E2,-5.714128928E1,-2.832663517E1
1.482925333E0,3.400808133E-2,-8.587003552E-1,1.311009333E-1,-4.942566825E-1,1.761022094E2,-1.597320870E2,-5.713165117E1,-2.847732165E1
1.492947333E0,3.680913981E-2,-8.580457725E-1,1.303960273E-1,-4.953779784E-1,1.757810302E2,-1.592039068E2,-5.719448199E1,-2.870729965E1
1.502969333E0,3.968121573E-2,-8.570280525E-1,1.297861202E-1,-4.970752530E-1,1.754516735E2,-1.585957082E2,-5.732163631E1,-2.901822579E1
1.512991333E0,4.254028934E-2,-8.557250827E-1,1.293217884E-1,-4.992001707E-1,1.751237704E2,-1.579284354E2,-5.749594764E1,-2.940102132E1
1.523014333E0,4.533865042E-2,-8.542614491E-1,1.290015145E-1,-5.015380353E-1,1.748027918E2,-1.572293479E2,-5.769248168E1,-2.983284557E1
1.533036333E0,4.801807310E-2,-8.527561744E-1,1.287934355E-1,-5.038982799E-1,1.744954174E2,-1.565301358E2,-5.789072779E1,-3.028461885E1
1.543058333E0,5.058924159E-2,-8.512923722E-1,1.285926901E-1,-5.061679298E-1,1.742004244E2,-1.558512936E2,-5.807954552E1,-3.072622591E1
1.553080333E0,5.304558099E-2,-8.499190593E-1,1.283956114E-1,-5.082700671E-1,1.739185699E2,-1.552037758E2,-5.825032339E1,-3.114707318E1
1.563102333E0,5.543414827E-2,-8.486942719E-1,1.282149700E-1,-5.101040662E-1,1.736444566E2,-1.545908749E2,-5.838938285E1,-3.154110704E1
1.573124333E0,5.782168294E-2,-8.476571644E-1,1.280527468E-1,-5.116020073E-1,1.733704255E2,-1.540104864E2,-5.848658036E1,-3.190505683E1
1.583147333E0,6.017796573E-2,-8.467549689E-1,1.281012157E-1,-5.128105471E-1,1.730999442E2,-1.534456141E2,-5.854299579E1,-3.227456396E1
1.593169333E0,6.256691232E-2,-8.459073958E-1,1.283520737E-1,-5.138596875E-1,1.728256740E2,-1.528719867E2,-5.857179697E1,-3.266759957E1
1.603191333E0,6.498386550E-2,-8.450336073E-1,1.287695804E-1,-5.148919482E-1,1.725481465E2,-1.522776160E2,-5.859068818E1,-3.309323317E1
1.613213333E0,6.744260727E-2,-8.440578235E-1,1.292142296E-1,-5.160635673E-1,1.722657757E2,-1.516545677E2,-5.862146148E1,-3.354618244E1
1.623235333E0,6.994168358E-2,-8.429111763E-1,1.296298819E-1,-5.174986886E-1,1.719787246E2,-1.509919555E2,-5.868003975E1,-3.403253208E1
1.633257333E0,7.255166932E-2,-8.415937923E-1,1.299288294E-1,-5.192056781E-1,1.716788801E2,-1.502829333E2,-5.876718654E1,-3.454586699E1
1.643280333E0,7.520645716E-2,-8.401633704E-1,1.302480918E-1,-5.210612353E-1,1.713738301E2,-1.495399672E2,-5.886619008E1,-3.509104842E1
1.653302333E0,7.799398650E-2,-8.387245191E-1,1.305101188E-1,-5.229007555E-1,1.710534614E2,-1.487762821E2,-5.895709255E1,-3.564117378E1
1.663324333E0,8.084448323E-2,-8.372763113E-1,1.309033067E-1,-5.246873394E-1,1.707257834E2,-1.479912331E2,-5.903156811E1,-3.621866339E1
1.673346333E0,8.380274946E-2,-8.358672368E-1,1.313877637E-1,-5.263460918E-1,1.703856364E2,-1.471921926E2,-5.908044617E1,-3.680909386E1
1.683368333E0,8.690650660E-2,-8.346020938E-1,1.319187929E-1,-5.277158855E-1,1.700286691E2,-1.464016405E2,-5.908566148E1,-3.738319958E1
1.693390333E0,9.021646720E-2,-8.335769560E-1,1.323495758E-1,-5.286720289E-1,1.696478792E2,-1.456438859E2,-5.903674383E1,-3.789920629E1
1.703413333E0,9.354480383E-2,-8.327299097E-1,1.326765300E-1,-5.293461256E-1,1.692648596E2,-1.449351891E2,-5.895719723E1,-3.835607590E1
1.713435333E0,9.673019942E-2,-8.319756497E-1,1.328879386E-1,-5.299063204E-1,1.688981767E2,-1.442805464E2,-5.887368474E1,-3.876114269E1
1.723457333E0,9.976395065E-2,-8.313034707E-1,1.330245155E-1,-5.303642248E-1,1.685488443E2,-1.436758747E2,-5.878682727E1,-3.912262701E1
1.733479333E0,1.026431705E-1,-8.307174398E-1,1.332732030E-1,-5.306705060E-1,1.682172071E2,-1.431121610E2,-5.868417641E1,-3.946561591E1
1.743501333E0,1.054525108E-1,-8.302369446E-1,1.336797725E-1,-5.307692982E-1,1.678935235E2,-1.425799142E2,-5.855428519E1,-3.979636598E1
1.753519958E0,1.082406091E-1,-8.298565272E-1,1.342201794E-1,-5.306665020E-1,1.675721914E2,-1.420729539E2,-5.839683336E1,-4.011492152E1
1.763542958E0,1.109575003E-1,-8.295373280E-1,1.348934964E-1,-5.304338304E-1,1.672589716E2,-1.415895022E2,-5.822194207E1,-4.042715022E1
1.773564958E0,1.135167834E-1,-8.292503080E-1,1.357028002E-1,-5.301345877E-1,1.669638344E2,-1.411343732E2,-5.804017391E1,-4.073567607E1
1.783586958E0,1.159382674E-1,-8.289509389E-1,1.365270661E-1,-5.298670185E-1,1.666845084E2,-1.406994080E2,-5.786639511E1,-4.103675476E1
1.793608958E0,1.183198383E-1,-8.285819433E-1,1.372790080E-1,-5.297234452E-1,1.664097088E2,-1.402609562E2,-5.770976627E1,-4.133841466E1
1.803630958E0,1.207421020E-1,-8.280761811E-1,1.380019951E-1,-5.297798377E-1,1.661301334E2,-1.397896867E2,-5.757251901E1,-4.166682995E1
1.813652958E0,1.232229919E-1,-8.274092494E-1,1.388006778E-1,-5.300419490E-1,1.658437053E2,-1.392727601E2,-5.744937280E1,-4.204220861E1
1.823675958E0,1.258126418E-1,-8.266273410E-1,1.397213336E-1,-5.304115557E-1,1.655446255E2,-1.387135155E2,-5.732516361E1,-4.246093337E1
1.833697958E0,1.284934553E-1,-8.258023375E-1,1.408899182E-1,-5.307448320E-1,1.652349129E2,-1.381279346E2,-5.717961103E1,-4.291921855E1
1.843719958E0,1.312219158E-1,-8.250325043E-1,1.424267398E-1,-5.308642761E-1,1.649195843E2,-1.375431089E2,-5.699063621E1,-4.340383968E1
1.853741958E0,1.341673273E-1,-8.243989107E-1,1.442685992E-1,-5.306147879E-1,1.645790535E2,-1.369635413E2,-5.673726230E1,-4.389068108E1
1.863763958E0,1.373329560E-1,-8.239600356E-1,1.464137474E-1,-5.298986497E-1,1.642129097E2,-1.364070010E2,-5.640978686E1,-4.436159866E1
1.873785958E0,1.407126064E-1,-8.237860955E-1,1.487189693E-1,-5.286390700E-1,1.638218324E2,-1.358993646E2,-5.600821735E1,-4.477903393E1
1.883808958E0,1.441855278E-1,-8.238542681E-1,1.511848339E-1,-5.268944645E-1,1.634197645E2,-1.354506346E2,-5.554503927E1,-4.514314352E1
1.893830958E0,1.476039112E-1,-8.240736846E-1,1.538539095E-1,-5.248281520E-1,1.630238097E2,-1.350544602E2,-5.504229826E1,-4.547647948E1
1.903852958E0,1.508894898E-1,-8.243471755E-1,1.566437358E-1,-5.226346403E-1,1.626430454E2,-1.346973896E2,-5.452738649E1,-4.579215592E1
1.913874958E0,1.539846490E-1,-8.245448863E-1,1.595192046E-1,-5.205458636E-1,1.622841720E2,-1.343538958E2,-5.402758043E1,-4.611759181E1
1.923896958E0,1.568908217E-1,-8.245512083E-1,1.624309617E-1,-5.187645903E-1,1.619470516E2,-1.339958919E2,-5.356470452E1,-4.647669904E1
1.933918958E0,1.596826290E-1,-8.243057662E-1,1.652755158E-1,-5.174024884E-1,1.616230493E2,-1.336020964E2,-5.315039477E1,-4.687555550E1
1.943941958E0,1.624577250E-1,-8.236565572E-1,1.680998393E-1,-5.166621579E-1,1.613008395E2,-1.331245647E2,-5.279584900E1,-4.735780618E1
1.953963958E0,1.653257759E-1,-8.223811936E-1,1.710233133E-1,-5.168244655E-1,1.609676801E2,-1.324973689E2,-5.251421207E1,-4.799014013E1
1.963985958E0,1.683834981E-1,-8.203295271E-1,1.740768946E-1,-5.180769328E-1,1.606123090E2,-1.316750739E2,-5.231318688E1,-4.881238116E1
1.974007958E0,1.715776076E-1,-8.174780399E-1,1.772406900E-1,-5.204579663E-1,1.602408857E2,-1.306570304E2,-5.219531090E1,-4.982799534E1
1.984029958E0,1.747085494E-1,-8.139099299E-1,1.805272591E-1,-5.238678360E-1,1.598766041E2,-1.294800814E2,-5.215591181E1,-5.101834288E1
1.994051958E0,1.776780057E-1,-8.096762579E-1,1.839968930E-1,-5.282044939E-1,1.595309214E2,-1.281622740E2,-5.218222904E1,-5.237893859E1
2.004074958E0,1.806415297E-1,-8.048463976E-1,1.875905862E-1,-5.332923666E-1,1.591857414E2,-1.267045890E2,-5.224756733E1,-5.389049770E1
2.014096958E0,1.836325756E-1,-7.995885993E-1,1.913528457E-1,-5.388147312E-1,1.588371620E2,-1.251461786E2,-5.231494352E1,-5.551482083E1
2.024118958E0,1.866401326E-1,-7.941641103E-1,1.952338329E-1,-5.443827935E-1,1.584864585E2,-1.235562897E2,-5.235231944E1,-5.717940527E1
2.034140958E0,1.896204838E-1,-7.887652887E-1,1.991399817E-1,-5.497606681E-1,1.581387262E2,-1.219901193E2,-5.234862448E1,-5.882485496E1
2.044162958E0,1.926322554E-1,-7.835561911E-1,2.028521075E-1,-5.547824230E-1,1.577871207E2,-1.204853839E2,-5.230291896E1,-6.038964653E1
2.054184958E0,1.955429589E-1,-7.786288451E-1,2.064396051E-1,-5.593591071E-1,1.574471130E2,-1.190777733E2,-5.221642187E1,-6.185542110E1
2.064206958E0,1.983055795E-1,-7.741210922E-1,2.098929282E-1,-5.633440284E-1,1.571242172E2,-1.178063733E2,-5.208722602E1,-6.318640183E1
2.074229958E0,2.009679116E-1,-7.701665166E-1,2.131954921E-1,-5.665713812E-1,1.568128689E2,-1.167019750E2,-5.190767864E1,-6.434620449E1
2.084251958E0,2.036753619E-1,-7.668301932E-1,2.163703931E-1,-5.689215527E-1,1.564960660E2,-1.157724561E2,-5.166464800E1,-6.531660637E1
2.094273958E0,2.065783526E-1,-7.641376207E-1,2.193362457E-1,-5.703602775E-1,1.561561801E2,-1.150117449E2,-5.135656089E1,-6.608375071E1
2.104295958E0,2.096725002E-1,-7.619858765E-1,2.221433734E-1,-5.710230156E-1,1.557936788E2,-1.143925657E2,-5.099292385E1,-6.667945587E1
2.114317958E0,2.128727526E-1,-7.602122107E-1,2.248765544E-1,-5.711333139E-1,1.554184875E2,-1.138777605E2,-5.059018734E1,-6.715542602E1
2.124340958E0,2.161216424E-1,-7.587709571E-1,2.275545651E-1,-5.707688701E-1,1.550373202E2,-1.134568700E2,-5.015734347E1,-6.752851515E1
2.134362958E0,2.194310551E-1,-7.576884363E-1,2.301617902E-1,-5.698980741E-1,1.546487633E2,-1.131329050E2,-4.969404238E1,-6.779330889E1
2.144384958E0,2.228514720E-1,-7.569432168E-1,2.327119907E-1,-5.685238024E-1,1.542468618E2,-1.128960429E2,-4.919693079E1,-6.795641937E1
2.154406958E0,2.263832726E-1,-7.564917187E-1,2.352074423E-1,-5.666996235E-1,1.538315342E2,-1.127330781E2,-4.866953400E1,-6.803112277E1
2.164428958E0,2.300271100E-1,-7.563546993E-1,2.375974637E-1,-5.644135890E-1,1.534026643E2,-1.126445968E2,-4.811497135E1,-6.801223456E1
2.174450958E0,2.337313227E-1,-7.564668310E-1,2.399846401E-1,-5.617250310E-1,1.529662992E2,-1.126190746E2,-4.753321444E1,-6.792453318E1
2.184472958E0,2.375130962E-1,-7.566622027E-1,2.424185574E-1,-5.588231151E-1,1.525203847E2,-1.126162761E2,-4.693046619E1,-6.781106484E1
2.194495958E0,2.412385089E-1,-7.566327210E-1,2.450517028E-1,-5.561120928E-1,1.520807006E2,-1.125751238E2,-4.632872261E1,-6.775774866E1
2.204517958E0,2.447503529E-1,-7.561221541E-1,2.479160869E-1,-5.539985127E-1,1.516658383E2,-1.124450723E2,-4.576018709E1,-6.783185071E1
2.214539958E0,2.478667541E-1,-7.549979712E-1,2.510206660E-1,-5.527465195E-1,1.512973730E2,-1.122060569E2,-4.525164973E1,-6.807029821E1
2.224561958E0,2.505177803E-1,-7.533248888E-1,2.543223026E-1,-5.523248929E-1,1.509836923E2,-1.118767360E2,-4.480819235E1,-6.845719552E1
2.234583958E0,2.526411174E-1,-7.512161556E-1,2.578653774E-1,-5.525867302E-1,1.507322898E2,-1.114897398E2,-4.442133714E1,-6.896940338E1
2.244605958E0,2.542895755E-1,-7.486388758E-1,2.617338680E-1,-5.535088084E-1,1.505370135E2,-1.110412545E2,-4.407856078E1,-6.961384676E1
2.254628958E0,2.555401463E-1,-7.453493985E-1,2.660966569E-1,-5.552891862E-1,1.503888126E2,-1.104844159E2,-4.377055528E1,-7.044563580E1
2.264650958E0,2.565119683E-1,-7.412497114E-1,2.708422024E-1,-5.580278884E-1,1.502736103E2,-1.097909900E2,-4.349786056E1,-7.147285528E1
2.274672958E0,2.572764068E-1,-7.364091458E-1,2.756516635E-1,-5.617176132E-1,1.501829702E2,-1.089599083E2,-4.327263128E1,-7.266206526E1
2.284694958E0,2.578425338E-1,-7.309296340E-1,2.803237260E-1,-5.662841294E-1,1.501158317E2,-1.080037202E2,-4.309962096E1,-7.398199620E1
2.294716958E0,2.582205489E-1,-7.248062870E-1,2.848915171E-1,-5.716771980E-1,1.500709961E2,-1.069241752E2,-4.296729356E1,-7.543284438E1
2.304738958E0,2.584776130E-1,-7.180848762E-1,2.894171614E-1,-5.777378621E-1,1.500405035E2,-1.057355196E2,-4.285254644E1,-7.699997595E1
2.314761958E0,2.586357269E-1,-7.110694490E-1,2.940244863E-1,-5.839841304E-1,1.500217472E2,-1.045154375E2,-4.271999313E1,-7.861513316E1
2.324783958E0,2.588927173E-1,-7.043275126E-1,2.985997375E-1,-5.896910876E-1,1.499912599E2,-1.033772658E2,-4.253657540E1,-8.013788851E1
2.334805958E0,2.594481496E-1,-6.983887266E-1,3.030253673E-1,-5.942352555E-1,1.499253604E2,-1.024215020E2,-4.228165513E1,-8.144018115E1
2.344827958E0,2.605125788E-1,-6.935627228E-1,3.071186903E-1,-5.973123442E-1,1.497990422E2,-1.016915414E2,-4.195375591E1,-8.244390486E1
2.354849958E0,2.621537981E-1,-6.899686292E-1,3.107636130E-1,-5.988694806E-1,1.496042013E2,-1.011948614E2,-4.156479335E1,-8.312502613E1
2.364871958E0,2.643342970E-1,-6.876066145E-1,3.138860412E-1,-5.989993877E-1,1.493451992E2,-1.009178911E2,-4.113307851E1,-8.349328329E1
2.374894958E0,2.669212073E-1,-6.862428268E-1,3.165414612E-1,-5.980178508E-1,1.490377149E2,-1.008111644E2,-4.067651998E1,-8.361413215E1
2.384916958E0,2.698422368E-1,-6.853754025E-1,3.188084981E-1,-5.964955910E-1,1.486902415E2,-1.007737688E2,-4.020998721E1,-8.360141167E1
2.394938958E0,2.728201434E-1,-6.844491201E-1,3.209394216E-1,-5.950600904E-1,1.483356981E2,-1.007151893E2,-3.975150764E1,-8.359230258E1
2.404960958E0,2.755537986E-1,-6.832753093E-1,3.229730282E-1,-5.940483026E-1,1.480099607E2,-1.006051447E2,-3.933134949E1,-8.364698883E1
2.414982958E0,2.778882914E-1,-6.819148090E-1,3.248302712E-1,-5.935112042E-1,1.477315766E2,-1.004521597E2,-3.897012593E1,-8.376346783E1
2.425004958E0,2.798416187E-1,-6.804245597E-1,3.263991665E-1,-5.934429369E-1,1.474984955E2,-1.002580198E2,-3.867529987E1,-8.392820867E1
2.435027958E0,2.812838417E-1,-6.788897927E-1,3.277642503E-1,-5.937664982E-1,1.473263133E2,-1.000480234E2,-3.844875698E1,-8.413527242E1
2.445049958E0,2.820131087E-1,-6.774945319E-1,3.290395612E-1,-5.943085489E-1,1.472392197E2,-9.986994497E1,-3.829383927E1,-8.436527481E1
2.455071958E0,2.820740214E-1,-6.763191195E-1,3.302365528E-1,-5.949542702E-1,1.472319443E2,-9.973884852E1,-3.820344108E1,-8.460041803E1
2.465093958E0,2.815185575E-1,-6.753863254E-1,3.313041325E-1,-5.956829576E-1,1.472982842E2,-9.965329003E1,-3.817720717E1,-8.483276918E1
2.475115958E0,2.804678366E-1,-6.747940990E-1,3.320043392E-1,-5.964594711E-1,1.474237427E2,-9.961000625E1,-3.822429649E1,-8.503299198E1
2.485137958E0,2.789375056E-1,-6.747441760E-1,3.322631419E-1,-5.970891240E-1,1.476063961E2,-9.964172619E1,-3.834560719E1,-8.516008271E1
2.495159958E0,2.769969277E-1,-6.756163208E-1,3.320929108E-1,-5.971009778E-1,1.478378931E2,-9.982405263E1,-3.852418304E1,-8.513352377E1
2.505182958E0,2.749044631E-1,-6.774054545E-1,3.315957465E-1,-5.963167514E-1,1.480873583E2,-1.001637097E2,-3.872492764E1,-8.493321154E1
2.515204958E0,2.727475033E-1,-6.798736899E-1,3.308503901E-1,-5.949107009E-1,1.483443501E2,-1.006220314E2,-3.893593464E1,-8.459730200E1
2.525226958E0,2.703419298E-1,-6.828558849E-1,3.297540978E-1,-5.931992017E-1,1.486307707E2,-1.011630816E2,-3.918647931E1,-8.416836180E1
2.535248958E0,2.673950854E-1,-6.862714656E-1,3.283733671E-1,-5.913563096E-1,1.489813643E2,-1.017845584E2,-3.949798429E1,-8.368049148E1
2.545270958E0,2.636311400E-1,-6.900017567E-1,3.269324085E-1,-5.895009843E-1,1.494287385E2,-1.024902479E2,-3.987645366E1,-8.317436200E1
2.555292958E0,2.588724658E-1,-6.936872457E-1,3.255679464E-1,-5.880378564E-1,1.499936624E2,-1.032254473E2,-4.033590359E1,-8.273202669E1
2.565315958E0,2.531063870E-1,-6.969706959E-1,3.243780987E-1,-5.873225928E-1,1.506771828E2,-1.039272484E2,-4.088090967E1,-8.242547716E1
2.575337958E0,2.465053266E-1,-6.996597492E-1,3.232669392E-1,-5.875456550E-1,1.514583774E2,-1.045446322E2,-4.151300632E1,-8.228088125E1
2.585359958E0,2.391859363E-1,-7.014250067E-1,3.223899687E-1,-5.889462791E-1,1.523230027E2,-1.050153372E2,-4.222014425E1,-8.236338523E1
2.595381958E0,2.314822510E-1,-7.022044705E-1,3.217420030E-1,-5.914448285E-1,1.532312925E2,-1.053125074E2,-4.297469437E1,-8.266978082E1
2.605403958E0,2.237106250E-1,-7.020972700E-1,3.212013222E-1,-5.948467536E-1,1.541458603E2,-1.054335398E2,-4.375437931E1,-8.316408212E1
2.615425958E0,2.161759065E-1,-7.013005892E-1,3.206734961E-1,-5.988437499E-1,1.550309514E2,-1.054000682E2,-4.453100921E1,-8.379031829E1
2.625448958E0,2.091340953E-1,-7.003247632E-1,3.200647692E-1,-6.027989788E-1,1.558567743E2,-1.053075158E2,-4.527049763E1,-8.442381434E1
2.635470958E0,2.028910723E-1,-6.995585756E-1,3.192347713E-1,-6.062524705E-1,1.565878556E2,-1.052234687E2,-4.594547911E1,-8.495937600E1
2.645492958E0,1.977795447E-1,-6.993435846E-1,3.181589730E-1,-6.087502192E-1,1.571857144E2,-1.052169513E2,-4.651882090E1,-8.529892736E1
2.655514958E0,1.939971600E-1,-7.000616615E-1,3.169861315E-1,-6.097530191E-1,1.576277071E2,-1.053869175E2,-4.694851755E1,-8.534157316E1
2.665536958E0,1.915284716E-1,-7.019447405E-1,3.157933336E-1,-6.089868527E-1,1.579160050E2,-1.057982319E2,-4.722138503E1,-8.503168551E1
2.675558958E0,1.901856941E-1,-7.052547644E-1,3.144566252E-1,-6.062691185E-1,1.580727574E2,-1.065104768E2,-4.735270151E1,-8.431512159E1
2.685581958E0,1.897899562E-1,-7.099846734E-1,3.127773894E-1,-6.017241499E-1,1.581189469E2,-1.075130750E2,-4.736689184E1,-8.319986918E1
2.695603958E0,1.900157791E-1,-7.156264505E-1,3.108571790E-1,-5.959367132E-1,1.580925899E2,-1.087036055E2,-4.729037073E1,-8.182460423E1
2.705625958E0,1.907596709E-1,-7.214518404E-1,3.087707203E-1,-5.897277238E-1,1.580057579E2,-1.099153769E2,-4.714845326E1,-8.037060138E1
2.715647958E0,1.917977057E-1,-7.268290407E-1,3.067368609E-1,-5.838199579E-1,1.578845703E2,-1.110178247E2,-4.697127960E1,-7.900580466E1
2.725669958E0,1.927853538E-1,-7.313525777E-1,3.050240130E-1,-5.787207161E-1,1.577692418E2,-1.119426934E2,-4.679337338E1,-7.785087626E1
2.735691958E0,1.936877600E-1,-7.345777599E-1,3.037027725E-1,-5.750175675E-1,1.576638472E2,-1.125879253E2,-4.664743118E1,-7.701600553E1
2.745713958E0,1.945746140E-1,-7.364234547E-1,3.026861062E-1,-5.728894888E-1,1.575602504E2,-1.129247402E2,-4.655113731E1,-7.651580649E1
2.755736583E0,1.955424321E-1,-7.371955849E-1,3.017902328E-1,-5.720388390E-1,1.574471746E2,-1.130100875E2,-4.650075327E1,-7.626897561E1
2.765758583E0,1.967104898E-1,-7.373990699E-1,3.009202376E-1,-5.718344268E-1,1.573106740E2,-1.129535053E2,-4.646485613E1,-7.614833599E1
2.775780583E0,1.983062117E-1,-7.375856962E-1,3.000287474E-1,-5.715108654E-1,1.571241433E2,-1.128743379E2,-4.639248058E1,-7.601206068E1
2.785802583E0,2.005235784E-1,-7.380231172E-1,2.989377973E-1,-5.707436031E-1,1.568648437E2,-1.128170397E2,-4.626589654E1,-7.578360144E1
2.795824583E0,2.029063716E-1,-7.389670591E-1,2.975605859E-1,-5.693982125E-1,1.565860652E2,-1.128553456E2,-4.611884747E1,-7.542039921E1
2.805846583E0,2.051320413E-1,-7.403281284E-1,2.958012289E-1,-5.677470886E-1,1.563255425E2,-1.129749179E2,-4.599520470E1,-7.495531025E1
2.815869583E0,2.074781667E-1,-7.416893873E-1,2.937618272E-1,-5.661745265E-1,1.560507857E2,-1.130727787E2,-4.588572935E1,-7.447621779E1
2.825891583E0,2.098296658E-1,-7.427414991E-1,2.917488515E-1,-5.649683258E-1,1.557752592E2,-1.131002332E2,-4.579220185E1,-7.406878991E1
2.835913583E0,2.118958940E-1,-7.433896122E-1,2.897531350E-1,-5.643715054E-1,1.555330407E2,-1.130464859E2,-4.574990857E1,-7.376766109E1
2.845935583E0,2.135501789E-1,-7.436446639E-1,2.877907146E-1,-5.644159914E-1,1.553390332E2,-1.129203022E2,-4.576908732E1,-7.357650340E1
2.855957583E0,2.149660706E-1,-7.436123372E-1,2.857629032E-1,-5.649511615E-1,1.551729265E2,-1.127333451E2,-4.583617620E1,-7.346032600E1
2.865979583E0,2.161045835E-1,-7.435259573E-1,2.836409569E-1,-5.656994788E-1,1.550393223E2,-1.125402847E2,-4.594167338E1,-7.336570473E1
2.876002583E0,2.168426485E-1,-7.436352651E-1,2.814531351E-1,-5.663656624E-1,1.549526921E2,-1.124067049E2,-4.607734428E1,-7.324049453E1
2.886024583E0,2.175115401E-1,-7.438207745E-1,2.790676445E-1,-5.670455543E-1,1.548741686E2,-1.122835573E2,-4.623307507E1,-7.309352583E1
2.896046583E0,2.182082275E-1,-7.440017952E-1,2.765683786E-1,-5.677643267E-1,1.547923693E2,-1.121530854E2,-4.639705094E1,-7.294168955E1
2.906068583E0,2.187946061E-1,-7.441300902E-1,2.740380504E-1,-5.685968639E-1,1.547235114E2,-1.120142270E2,-4.657743168E1,-7.280526907E1
2.916090583E0,2.193992553E-1,-7.442898057E-1,2.713661298E-1,-5.694357443E-1,1.546524983E2,-1.118756587E2,-4.676709616E1,-7.265486159E1
2.926112583E0,2.199472275E-1,-7.445311175E-1,2.685886736E-1,-5.702251758E-1,1.545881331E2,-1.117547979E2,-4.696610407E1,-7.248276084E1
2.936135583E0,2.204629680E-1,-7.447593637E-1,2.655943297E-1,-5.711296999E-1,1.545275464E2,-1.116220830E2,-4.718913049E1,-7.230653724E1
2.946157583E0,2.209580354E-1,-7.448924424E-1,2.625126575E-1,-5.721886710E-1,1.544693815E2,-1.114646841E2,-4.742814296E1,-7.214953869E1
2.956179583E0,2.214913406E-1,-7.449115771E-1,2.593612533E-1,-5.733935019E-1,1.544067166E2,-1.112765426E2,-4.767712776E1,-7.201434023E1
2.966201583E0,2.221162940E-1,-7.447787091E-1,2.560788778E-1,-5.747980035E-1,1.543332728E2,-1.110427519E2,-4.793934497E1,-7.190591321E1
2.976223583E0,2.228482794E-1,-7.443724978E-1,2.527865346E-1,-5.764956996E-1,1.542472371E2,-1.107390719E2,-4.820971447E1,-7.185778396E1
2.986245583E0,2.236627040E-1,-7.436434205E-1,2.494712846E-1,-5.785615906E-1,1.541514944E2,-1.103526931E2,-4.849450743E1,-7.188377188E1
2.996267583E0,2.243147790E-1,-7.427779139E-1,2.460985041E-1,-5.808609752E-1,1.540748240E2,-1.099364031E2,-4.880691008E1,-7.194932759E1
3.006290583E0,2.248791675E-1,-7.417323771E-1,2.425246621E-1,-5.834758921E-1,1.540084542E2,-1.094682448E2,-4.915559623E1,-7.205746298E1
3.016312583E0,2.255271331E-1,-7.404957042E-1,2.387316143E-1,-5.863537632E-1,1.539322452E2,-1.089372258E2,-4.952629791E1,-7.220310614E1
3.026334583E0,2.263093575E-1,-7.392023439E-1,2.347856999E-1,-5.892704305E-1,1.538402299E2,-1.083782763E2,-4.989914288E1,-7.235286635E1
3.036356583E0,2.273195964E-1,-7.380326424E-1,2.307691474E-1,-5.919284847E-1,1.537213673E2,-1.078383325E2,-5.024700344E1,-7.245890450E1
3.046378583E0,2.286294151E-1,-7.371465260E-1,2.266144164E-1,-5.941292456E-1,1.535672138E2,-1.073536734E2,-5.056080416E1,-7.247289384E1
3.056400583E0,2.303954734E-1,-7.366317865E-1,2.221490843E-1,-5.957694956E-1,1.533592879E2,-1.069350452E2,-5.083779250E1,-7.235573805E1
3.066423583E0,2.326094895E-1,-7.364611339E-1,2.173876284E-1,-5.968755553E-1,1.530984957E2,-1.065793979E2,-5.107950254E1,-7.211243716E1
3.076445583E0,2.350436386E-1,-7.364750003E-1,2.123917517E-1,-5.977028137E-1,1.528116097E2,-1.062585915E2,-5.131038300E1,-7.179601474E1
3.086467583E0,2.374873761E-1,-7.366824892E-1,2.074198987E-1,-5.982269730E-1,1.525234188E2,-1.059958629E2,-5.152571375E1,-7.142349214E1
3.096489583E0,2.400857504E-1,-7.369800459E-1,2.024931850E-1,-5.985112745E-1,1.522167971E2,-1.057608437E2,-5.171607970E1,-7.101438400E1
3.106511583E0,2.429482168E-1,-7.374354005E-1,1.974076619E-1,-5.984942261E-1,1.518787758E2,-1.055591298E2,-5.188579129E1,-7.053605391E1
3.116533583E0,2.459478397E-1,-7.382973246E-1,1.921398749E-1,-5.979206602E-1,1.515242900E2,-1.054610654E2,-5.203378743E1,-6.992697834E1
3.126556583E0,2.490977897E-1,-7.394142583E-1,1.866885593E-1,-5.969625148E-1,1.511517391E2,-1.054279717E2,-5.216661729E1,-6.922445344E1
3.136578583E0,2.523595449E-1,-7.405527289E-1,1.811967407E-1,-5.958725025E-1,1.507656361E2,-1.054061066E2,-5.228810527E1,-6.849780479E1
3.146600583E0,2.556460508E-1,-7.416533517E-1,1.756945539E-1,-5.947493101E-1,1.503762599E2,-1.053838862E2,-5.240702067E1,-6.776871667E1
3.156622583E0,2.590334246E-1,-7.423737046E-1,1.701214972E-1,-5.940046279E-1,1.499745666E2,-1.052650800E2,-5.254323903E1,-6.712210759E1
3.166644583E0,2.626342090E-1,-7.424428254E-1,1.646312801E-1,-5.938843303E-1,1.495471512E2,-1.049779483E2,-5.269066212E1,-6.663323177E1
3.176666583E0,2.664983374E-1,-7.419961531E-1,1.593290380E-1,-5.941671146E-1,1.490879934E2,-1.045591177E2,-5.282726921E1,-6.626949262E1
3.186688583E0,2.704504263E-1,-7.414667044E-1,1.541932759E-1,-5.943971731E-1,1.486178568E2,-1.041290274E2,-5.294411673E1,-6.592337402E1
3.196711583E0,2.742494168E-1,-7.411188032E-1,1.490559333E-1,-5.944010085E-1,1.481654214E2,-1.037610046E2,-5.306202419E1,-6.552833288E1
3.206733583E0,2.776493609E-1,-7.408328580E-1,1.438796470E-1,-5.944544929E-1,1.477600776E2,-1.034290191E2,-5.321485553E1,-6.512931729E1
3.216755583E0,2.807094750E-1,-7.403065070E-1,1.387483736E-1,-5.948927358E-1,1.473948941E2,-1.030509332E2,-5.340888853E1,-6.481106166E1
3.226777583E0,2.836464044E-1,-7.396145822E-1,1.337917778E-1,-5.954953830E-1,1.470440907E2,-1.026429152E2,-5.360784337E1,-6.454877466E1
3.236799583E0,2.866321293E-1,-7.390809820E-1,1.290949541E-1,-5.957648278E-1,1.466871329E2,-1.022900595E2,-5.376810227E1,-6.424821270E1
3.246821583E0,2.897168677E-1,-7.389036492E-1,1.245388587E-1,-5.954624558E-1,1.463179879E2,-1.020424299E2,-5.388316688E1,-6.384433570E1
3.256844583E0,2.927648435E-1,-7.390440403E-1,1.199886427E-1,-5.947312923E-1,1.459528882E2,-1.018904197E2,-5.397966412E1,-6.334767191E1
3.266866583E0,2.955354509E-1,-7.394363011E-1,1.154496379E-1,-5.937710606E-1,1.456207038E2,-1.018230350E2,-5.408350861E1,-6.279137884E1
3.276888583E0,2.979706325E-1,-7.399638110E-1,1.108789808E-1,-5.927671859E-1,1.453284894E2,-1.018091298E2,-5.421090829E1,-6.220870603E1
3.286910583E0,3.001367909E-1,-7.404045828E-1,1.064183269E-1,-5.919410445E-1,1.450683614E2,-1.017882720E2,-5.435778267E1,-6.166646819E1
3.296932583E0,3.021791534E-1,-7.404336852E-1,1.023531580E-1,-5.915822800E-1,1.448229295E2,-1.016698047E2,-5.450803179E1,-6.126668680E1
3.306954583E0,3.042397866E-1,-7.398032104E-1,9.883553987E-2,-5.919128904E-1,1.445751330E2,-1.013801130E2,-5.465254541E1,-6.108344210E1
3.316976583E0,3.063558850E-1,-7.386828840E-1,9.578703724E-2,-5.927211932E-1,1.443204884E2,-1.009616474E2,-5.478323092E1,-6.106393032E1
3.326999583E0,3.084207856E-1,-7.374717522E-1,9.303206634E-2,-5.935967939E-1,1.440718291E2,-1.005252391E2,-5.489860222E1,-6.109133207E1
3.337021583E0,3.102730447E-1,-7.365785972E-1,9.037392783E-2,-5.941508670E-1,1.438486276E2,-1.001868567E2,-5.500443470E1,-6.104683184E1
3.347043583E0,3.117912374E-1,-7.362049865E-1,8.776033853E-2,-5.942109894E-1,1.436655760E2,-1.000059253E2,-5.510445675E1,-6.087718675E1
3.357065583E0,3.129250825E-1,-7.362045650E-1,8.529474789E-2,-5.939743665E-1,1.435288035E2,-9.994412603E1,-5.520425078E1,-6.063422419E1
3.367087583E0,3.137877231E-1,-7.363018399E-1,8.306703407E-2,-5.937144258E-1,1.434247095E2,-9.992177022E1,-5.530313789E1,-6.039568277E1
3.377109583E0,3.145141767E-1,-7.363215647E-1,8.126196884E-2,-5.935553531E-1,1.433370248E2,-9.988749311E1,-5.538413773E1,-6.021624479E1
3.387132583E0,3.152723037E-1,-7.362106763E-1,7.988583209E-2,-5.934774762E-1,1.432454934E2,-9.982127403E1,-5.543441797E1,-6.010130018E1
3.397154583E0,3.161019960E-1,-7.359070504E-1,7.888206275E-2,-5.935468605E-1,1.431452938E2,-9.970312566E1,-5.545904223E1,-6.006276394E1
3.407176583E0,3.168466360E-1,-7.354181048E-1,7.812236580E-2,-5.938563132E-1,1.430553408E2,-9.953709708E1,-5.548316733E1,-6.010047785E1
3.417198583E0,3.173753998E-1,-7.348947674E-1,7.749079528E-2,-5.943044290E-1,1.429914515E2,-9.936782462E1,-5.551911287E1,-6.017173606E1
3.427220583E0,3.176081137E-1,-7.345158672E-1,7.703855959E-2,-5.947071211E-1,1.429633295E2,-9.924871904E1,-5.555884654E1,-6.023400581E1
3.437242583E0,3.174572701E-1,-7.344335334E-1,7.688234230E-2,-5.949095524E-1,1.429815583E2,-9.922668320E1,-5.559146527E1,-6.025741314E1
3.447265583E0,3.170596673E-1,-7.346396525E-1,7.701247069E-2,-5.948503677E-1,1.430296022E2,-9.929632672E1,-5.560534894E1,-6.023406029E1
3.457287583E0,3.165355923E-1,-7.350517223E-1,7.745202018E-2,-5.945632844E-1,1.430929180E2,-9.943161567E1,-5.559223161E1,-6.018109218E1
3.467309583E0,3.160231498E-1,-7.356783405E-1,7.811416824E-2,-5.939739239E-1,1.431548171E2,-9.963073002E1,-5.554550045E1,-6.008060378E1
3.477331583E0,3.154936484E-1,-7.365668382E-1,7.902963994E-2,-5.930323317E-1,1.432187651E2,-9.990788230E1,-5.546188355E1,-5.992333030E1
3.487353583E0,3.149369307E-1,-7.377159510E-1,8.024513397E-2,-5.917353468E-1,1.432859872E2,-1.002628460E2,-5.533794712E1,-5.971429581E1
3.497375583E0,3.144481432E-1,-7.390280245E-1,8.175335895E-2,-5.901495821E-1,1.433449962E2,-1.006644996E2,-5.517095345E1,-5.947562579E1
3.507397583E0,3.140301096E-1,-7.402794066E-1,8.362961020E-2,-5.885384135E-1,1.433954553E2,-1.010495130E2,-5.496897145E1,-5.927730377E1
3.517420583E0,3.136819135E-1,-7.413612951E-1,8.581975011E-2,-5.870450453E-1,1.434374791E2,-1.013868766E2,-5.474436042E1,-5.914659168E1
3.527442583E0,3.132627420E-1,-7.423723559E-1,8.825259265E-2,-5.856289744E-1,1.434880621E2,-1.017080751E2,-5.451001645E1,-5.905875912E1
3.537464583E0,3.125690259E-1,-7.435246297E-1,9.087583357E-2,-5.841345946E-1,1.435717594E2,-1.020777965E2,-5.427481778E1,-5.896255516E1
3.547486583E0,3.114730709E-1,-7.450070818E-1,9.373071358E-2,-5.823774609E-1,1.437039460E2,-1.025524338E2,-5.403359302E1,-5.881605275E1
3.557508583E0,3.101116434E-1,-7.469225507E-1,9.670250894E-2,-5.801605367E-1,1.438680825E2,-1.031542502E2,-5.377405886E1,-5.857465593E1
3.567530583E0,3.085671300E-1,-7.493969079E-1,9.967596910E-2,-5.772827499E-1,1.440541994E2,-1.039121670E2,-5.348627598E1,-5.819185986E1
3.577553583E0,3.069526528E-1,-7.524538610E-1,1.026543604E-1,-5.736335071E-1,1.442486424E2,-1.048262498E2,-5.315354635E1,-5.765739143E1
3.587575583E0,3.053937884E-1,-7.558994080E-1,1.057043171E-1,-5.693657383E-1,1.444362866E2,-1.058371287E2,-5.276908367E1,-5.702527000E1
3.597597583E0,3.039107251E-1,-7.596181087E-1,1.089151484E-1,-5.645849370E-1,1.446147150E2,-1.069107799E2,-5.232937197E1,-5.633544948E1
3.607619583E0,3.024060826E-1,-7.636178868E-1,1.124846071E-1,-5.592723268E-1,1.447956490E2,-1.080516957E2,-5.182333102E1,-5.560855866E1
3.617641583E0,3.009134309E-1,-7.678775845E-1,1.164288778E-1,-5.534072345E-1,1.449750517E2,-1.092498972E2,-5.124482947E1,-5.485303708E1
3.627663583E0,2.994313475E-1,-7.721556582E-1,1.205880974E-1,-5.473345796E-1,1.451530965E2,-1.104397162E2,-5.062760287E1,-5.412267923E1
3.637685583E0,2.978047004E-1,-7.761111399E-1,1.248125603E-1,-5.416508558E-1,1.453484081E2,-1.115418409E2,-5.003375435E1,-5.350042613E1
3.647708583E0,2.958526902E-1,-7.794865757E-1,1.291768032E-1,-5.368287717E-1,1.455826491E2,-1.125063373E2,-4.950538775E1,-5.306052496E1
3.657730583E0,2.934166129E-1,-7.823823170E-1,1.338513945E-1,-5.327931161E-1,1.458747704E2,-1.133737362E2,-4.903824915E1,-5.279094308E1
3.667752583E0,2.905999917E-1,-7.849957167E-1,1.388490413E-1,-5.292015619E-1,1.462122399E2,-1.141926378E2,-4.860275422E1,-5.263376341E1
3.677774583E0,2.872856689E-1,-7.875350221E-1,1.441688587E-1,-5.258050106E-1,1.466089549E2,-1.150228686E2,-4.818869116E1,-5.253898570E1
3.687796583E0,2.833972638E-1,-7.904200371E-1,1.495286102E-1,-5.220760471E-1,1.470738617E2,-1.159684487E2,-4.777971544E1,-5.238401715E1
3.697818583E0,2.792463472E-1,-7.937266049E-1,1.542394688E-1,-5.179089460E-1,1.475695410E2,-1.170235173E2,-4.739301833E1,-5.208808606E1
3.707841583E0,2.745160799E-1,-7.973131753E-1,1.579963125E-1,-5.137800300E-1,1.481336445E2,-1.181681617E2,-4.709993424E1,-5.167453589E1
3.717863583E0,2.688470970E-1,-8.008944141E-1,1.614900123E-1,-5.101082598E-1,1.488086521E2,-1.193661088E2,-4.690764752E1,-5.127097250E1
3.727885583E0,2.626960595E-1,-8.039385967E-1,1.656799991E-1,-5.071721839E-1,1.495398058E2,-1.204811766E2,-4.675440299E1,-5.105500556E1
3.737907583E0,2.568260150E-1,-8.060387530E-1,1.708577605E-1,-5.051233413E-1,1.502363758E2,-1.213786505E2,-4.659682044E1,-5.111873080E1
3.747929583E0,2.511078889E-1,-8.071530104E-1,1.768513163E-1,-5.041551228E-1,1.509138380E2,-1.220576600E2,-4.647243575E1,-5.146017872E1
3.757951208E0,2.447799399E-1,-8.074450669E-1,1.831103130E-1,-5.045649798E-1,1.516623415E2,-1.226014389E2,-4.648328664E1,-5.201626376E1
3.767973208E0,2.377673471E-1,-8.072640252E-1,1.888892149E-1,-5.060753859E-1,1.524903905E2,-1.230879444E2,-4.665630541E1,-5.264929872E1
3.777996208E0,2.301483875E-1,-8.073584341E-1,1.939117705E-1,-5.075452889E-1,1.533883838E2,-1.236819610E2,-4.691028997E1,-5.316086887E1
3.788018208E0,2.221982907E-1,-8.083357352E-1,1.983212581E-1,-5.078287053E-1,1.543236359E2,-1.245106326E2,-4.712660345E1,-5.341075473E1
3.798040208E0,2.144971448E-1,-8.102335024E-1,2.025896591E-1,-5.064288294E-1,1.552279448E2,-1.255513277E2,-4.720097289E1,-5.341238132E1
3.808062208E0,2.072326824E-1,-8.129431865E-1,2.071595787E-1,-5.032524216E-1,1.560795411E2,-1.267689554E2,-4.708551521E1,-5.322469353E1
3.818084208E0,2.003234336E-1,-8.160929470E-1,2.122223846E-1,-4.988230723E-1,1.568882536E2,-1.280806822E2,-4.681482688E1,-5.295624914E1
3.828106208E0,1.935162645E-1,-8.193493811E-1,2.176498871E-1,-4.938082611E-1,1.576838782E2,-1.294233306E2,-4.646596960E1,-5.268243518E1
3.838129208E0,1.866048557E-1,-8.223235788E-1,2.230425975E-1,-4.890957799E-1,1.584905732E2,-1.307181964E2,-4.614936948E1,-5.246492293E1
3.848151208E0,1.797110432E-1,-8.249388540E-1,2.280095403E-1,-4.849653676E-1,1.592941413E2,-1.319343153E2,-4.590457675E1,-5.228895720E1
3.858173208E0,1.726720032E-1,-8.270415392E-1,2.326109857E-1,-4.817454854E-1,1.601135771E2,-1.330527409E2,-4.576759920E1,-5.219157377E1
3.868195208E0,1.654532701E-1,-8.284626466E-1,2.369765563E-1,-4.797052302E-1,1.609528663E2,-1.340426598E2,-4.575958256E1,-5.221634962E1
3.878217208E0,1.583879094E-1,-8.293709323E-1,2.410630937E-1,-4.784828346E-1,1.617733258E2,-1.349140203E2,-4.583337197E1,-5.232020361E1
3.888239208E0,1.516244676E-1,-8.300957316E-1,2.447859669E-1,-4.775256902E-1,1.625578428E2,-1.357252485E2,-4.593514153E1,-5.242503932E1
3.898261208E0,1.448605728E-1,-8.310289050E-1,2.485924596E-1,-4.760337761E-1,1.633415893E2,-1.365961586E2,-4.598625739E1,-5.247910273E1
3.908284208E0,1.380039654E-1,-8.321114890E-1,2.529857628E-1,-4.738602526E-1,1.641352785E2,-1.375295429E2,-4.595409747E1,-5.253350000E1
3.918306208E0,1.310235412E-1,-8.332972905E-1,2.579336763E-1,-4.710824170E-1,1.649425143E2,-1.385182066E2,-4.584949907E1,-5.259603773E1
3.928328208E0,1.235105493E-1,-8.346021570E-1,2.630899218E-1,-4.679402219E-1,1.658105000E2,-1.396001859E2,-4.573334495E1,-5.263266739E1
3.938350208E0,1.156162865E-1,-8.360173849E-1,2.678339500E-1,-4.647287058E-1,1.667216544E2,-1.407514245E2,-4.565226571E1,-5.259774652E1
3.948372208E0,1.074666455E-1,-8.375073603E-1,2.719742035E-1,-4.615869533E-1,1.676614015E2,-1.419500700E2,-4.561932551E1,-5.248413437E1
3.958394208E0,9.932543376E-2,-8.389008616E-1,2.754209306E-1,-4.588278942E-1,1.685993454E2,-1.431318743E2,-4.565218402E1,-5.232323768E1
3.968417208E0,9.160895693E-2,-8.402823931E-1,2.780887840E-1,-4.562893684E-1,1.694876481E2,-1.442710611E2,-4.571479027E1,-5.209785986E1
3.978439208E0,8.437048858E-2,-8.417120985E-1,2.802990490E-1,-4.536902144E-1,1.703203470E2,-1.453777905E2,-4.576258121E1,-5.182371298E1
3.988461208E0,7.721502845E-2,-8.431207516E-1,2.825654326E-1,-4.509346324E-1,1.711429934E2,-1.464845480E2,-4.578664579E1,-5.154933097E1
3.998483208E0,6.991142214E-2,-8.440838281E-1,2.851710140E-1,-4.486784062E-1,1.719822008E2,-1.475291505E2,-4.585429610E1,-5.137817008E1
4.008505208E0,6.229464368E-2,-8.442400876E-1,2.882283674E-1,-4.475516945E-1,1.728569346E2,-1.484561037E2,-4.603565927E1,-5.138521815E1
4.018527208E0,5.415134571E-2,-8.434980291E-1,2.913314924E-1,-4.480005795E-1,1.737916762E2,-1.492677383E2,-4.640426778E1,-5.154475998E1
4.028549208E0,4.557035272E-2,-8.420508749E-1,2.941120886E-1,-4.498576329E-1,1.747762132E2,-1.499935551E2,-4.695354009E1,-5.178587911E1
4.038572208E0,3.706246344E-2,-8.404813262E-1,2.968512122E-1,-4.517707205E-1,1.757519816E2,-1.507034403E2,-4.751088184E1,-5.203050617E1
4.048594208E0,2.922871300E-2,-8.394816451E-1,2.998161166E-1,-4.522460948E-1,1.766501591E2,-1.514755993E2,-4.788310458E1,-5.218656408E1
4.058616208E0,2.244014119E-2,-8.395358671E-1,3.031612066E-1,-4.502991001E-1,1.774283334E2,-1.523655422E2,-4.794297851E1,-5.219133666E1
4.068638208E0,1.675767126E-2,-8.406490707E-1,3.068212178E-1,-4.459698390E-1,1.780796224E2,-1.533580140E2,-4.769097224E1,-5.205143633E1
4.078660208E0,1.171069152E-2,-8.423535735E-1,3.106063420E-1,-4.402580770E-1,1.786580229E2,-1.544024841E2,-4.725916653E1,-5.183334342E1
4.088682208E0,6.892611312E-3,-8.438016971E-1,3.139575644E-1,-4.351802036E-1,1.792101587E2,-1.553613086E2,-4.689340415E1,-5.163941438E1
4.098705208E0,1.812778101E-3,-8.441191682E-1,3.167140315E-1,-4.326104260E-1,1.797922708E2,-1.561137492E2,-4.681947304E1,-5.159680798E1
4.108727208E0,3.567562139E-3,8.431531203E-1,-3.189332738E-1,4.328528968E-1,1.795911866E2,-1.566373663E2,-4.707099231E1,-5.173069813E1
4.118749208E0,8.979091047E-3,8.417422756E-1,-3.207212485E-1,4.341973391E-1,1.789710581E2,-1.570748623E2,-4.745310034E1,-5.190157244E1
4.128771208E0,1.413746491E-2,8.407833506E-1,-3.224697526E-1,4.346226640E-1,1.783799119E2,-1.575809434E2,-4.772841793E1,-5.198802597E1
4.138793208E0,1.867031632E-2,8.404761422E-1,-3.245301856E-1,4.335105773E-1,1.778604150E2,-1.581499117E2,-4.780206093E1,-5.200417836E1
4.148815208E0,2.280519611E-2,8.405215765E-1,-3.269196591E-1,4.314243294E-1,1.773864905E2,-1.587473755E2,-4.774452277E1,-5.200008021E1
4.158837208E0,2.702909005E-2,8.403890879E-1,-3.296912990E-1,4.293242151E-1,1.769023172E2,-1.593286990E2,-4.768214105E1,-5.205625379E1
4.168860208E0,3.109379534E-2,8.399438907E-1,-3.325402996E-1,4.277201271E-1,1.764363391E2,-1.598288856E2,-4.766345661E1,-5.218259310E1
4.178882208E0,3.501973213E-2,8.394006178E-1,-3.349999053E-1,4.265621003E-1,1.759862136E2,-1.602895346E2,-4.769532639E1,-5.229596922E1
4.188904208E0,3.907090829E-2,8.391321845E-1,-3.368707618E-1,4.252631555E-1,1.755216638E2,-1.608218129E2,-4.773377479E1,-5.229569193E1
4.198926208E0,4.314983814E-2,8.392276261E-1,-3.383851613E-1,4.234743590E-1,1.750538571E2,-1.614332110E2,-4.773016268E1,-5.219196751E1
4.208948208E0,4.692585859E-2,8.395228015E-1,-3.400139052E-1,4.211769764E-1,1.746207172E2,-1.620479166E2,-4.765363524E1,-5.207716541E1
4.218970208E0,5.013991404E-2,8.398137623E-1,-3.421306253E-1,4.185038758E-1,1.742519789E2,-1.625903852E2,-4.749678521E1,-5.203852349E1
4.228992208E0,5.279484939E-2,8.397791808E-1,-3.446852511E-1,4.161438419E-1,1.739473419E2,-1.629944088E2,-4.733536853E1,-5.212912870E1
4.239015208E0,5.519005479E-2,8.390996682E-1,-3.471936840E-1,4.151172290E-1,1.736724706E2,-1.632317032E2,-4.730491231E1,-5.234333987E1
4.249037208E0,5.797952289E-2,8.378919925E-1,-3.493562388E-1,4.153620811E-1,1.733523080E2,-1.634151739E2,-4.743988846E1,-5.259548552E1
4.259059208E0,6.118479072E-2,8.365561059E-1,-3.514818730E-1,4.158015042E-1,1.729843575E2,-1.636341670E2,-4.762022036E1,-5.284116908E1
4.269081208E0,6.419428644E-2,8.353787337E-1,-3.539087307E-1,4.156562661E-1,1.726388149E2,-1.638644508E2,-4.772278260E1,-5.309539688E1
4.279103208E0,6.704072653E-2,8.343061597E-1,-3.567346136E-1,4.149448589E-1,1.723119323E2,-1.641015131E2,-4.774961409E1,-5.337478181E1
4.289125208E0,7.027035524E-2,8.330873149E-1,-3.595565559E-1,4.144232074E-1,1.719409687E2,-1.643677897E2,-4.781955135E1,-5.365474980E1
4.299148208E0,7.391502504E-2,8.315391980E-1,-3.618412312E-1,4.149097717E-1,1.715222304E2,-1.646217775E2,-4.803200534E1,-5.391729259E1
4.309170208E0,7.779253510E-2,8.296838516E-1,-3.630785362E-1,4.168296028E-1,1.710766164E2,-1.648330159E2,-4.843151642E1,-5.412265579E1
4.319192208E0,8.167410180E-2,8.276770715E-1,-3.633825836E-1,4.198013244E-1,1.706304007E2,-1.650028613E2,-4.896230145E1,-5.426639007E1
4.329214208E0,8.525593065E-2,8.258405015E-1,-3.636212823E-1,4.224908623E-1,1.702185159E2,-1.651667806E2,-4.944849711E1,-5.438854720E1
4.339236208E0,8.816623376E-2,8.245499861E-1,-3.643772913E-1,4.237607258E-1,1.698837588E2,-1.653534712E2,-4.973606904E1,-5.450018970E1
4.349258208E0,9.021347478E-2,8.239150227E-1,-3.657334716E-1,4.233964084E-1,1.696482235E2,-1.655551722E2,-4.978912442E1,-5.460396340E1
4.359281208E0,9.167611793E-2,8.239395101E-1,-3.672977518E-1,4.216770066E-1,1.694799195E2,-1.658092855E2,-4.966008472E1,-5.464549419E1
4.369303208E0,9.286495409E-2,8.244134092E-1,-3.687307447E-1,4.192329952E-1,1.693431052E2,-1.661142039E2,-4.944013082E1,-5.461193831E1
4.379325208E0,9.383766121E-2,8.249731404E-1,-3.698209783E-1,4.169487203E-1,1.692311523E2,-1.663985989E2,-4.923106864E1,-5.454659095E1
4.389347208E0,9.469824717E-2,8.253494486E-1,-3.704800496E-1,4.154216662E-1,1.691320953E2,-1.666205869E2,-4.910439663E1,-5.448253519E1
4.399369208E0,9.533400077E-2,8.255828578E-1,-3.705527951E-1,4.147469689E-1,1.690589122E2,-1.667688306E2,-4.906632633E1,-5.440506202E1
4.409391208E0,9.559636490E-2,8.259722315E-1,-3.700748288E-1,4.143378916E-1,1.690287095E2,-1.668830940E2,-4.904449193E1,-5.427394134E1
4.419413208E0,9.569038398E-2,8.266366766E-1,-3.693147946E-1,4.136686945E-1,1.690178861E2,-1.670239512E2,-4.898931142E1,-5.407928750E1
4.429436208E0,9.563102015E-2,8.276023873E-1,-3.681439131E-1,4.127941263E-1,1.690247201E2,-1.671970338E2,-4.890935929E1,-5.380374497E1
4.439458208E0,9.547818514E-2,8.285364668E-1,-3.668627964E-1,4.120959322E-1,1.690423142E2,-1.673473429E2,-4.884463373E1,-5.353005359E1
4.449480208E0,9.518152401E-2,8.291262277E-1,-3.653990785E-1,4.122787125E-1,1.690764646E2,-1.674026886E2,-4.887013776E1,-5.330859486E1
4.459502208E0,9.477917966E-2,8.292007433E-1,-3.636434936E-1,4.137710587E-1,1.691227792E2,-1.673337992E2,-4.903674790E1,-5.315534419E1
4.469524208E0,9.409132201E-2,8.290627124E-1,-3.612658635E-1,4.162797023E-1,1.692019557E2,-1.671718112E2,-4.930822362E1,-5.299788065E1
4.479546208E0,9.291313847E-2,8.292059695E-1,-3.583131817E-1,4.188033397E-1,1.693375597E2,-1.669877769E2,-4.956413530E1,-5.276782833E1
4.489568208E0,9.134060795E-2,8.299286826E-1,-3.550326607E-1,4.205083378E-1,1.695185281E2,-1.668611944E2,-4.971535684E1,-5.242928889E1
4.499591208E0,8.952250881E-2,8.311562728E-1,-3.516445388E-1,4.213208131E-1,1.697277240E2,-1.668019671E2,-4.975839003E1,-5.200620445E1
4.509613208E0,8.759469088E-2,8.326097490E-1,-3.482727066E-1,4.216565760E-1,1.699495071E2,-1.667747482E2,-4.974396704E1,-5.155073073E1
4.519635208E0,8.587960917E-2,8.339227287E-1,-3.450599998E-1,4.220559595E-1,1.701467845E2,-1.667561664E2,-4.974635385E1,-5.111911550E1
4.529657208E0,8.458813491E-2,8.349097657E-1,-3.420270705E-1,4.228332422E-1,1.702953171E2,-1.667419821E2,-4.981083457E1,-5.073096780E1
4.539679208E0,8.358555621E-2,8.357710577E-1,-3.389607397E-1,4.237992374E-1,1.704106125E2,-1.667508297E2,-4.991257199E1,-5.033914141E1
4.549701208E0,8.272949050E-2,8.366769831E-1,-3.357813290E-1,4.247099676E-1,1.705090514E2,-1.667947005E2,-5.001816071E1,-4.991558433E1
4.559724208E0,8.186502702E-2,8.376637462E-1,-3.324523812E-1,4.255503231E-1,1.706084488E2,-1.668569299E2,-5.011817610E1,-4.946068314E1
4.569746208E0,8.077109503E-2,8.385865514E-1,-3.289549936E-1,4.266581635E-1,1.707342207E2,-1.668749236E2,-5.023905838E1,-4.901224509E1
4.579768208E0,7.944167806E-2,8.392782234E-1,-3.252524351E-1,4.283830022E-1,1.708870518E2,-1.668161851E2,-5.042058899E1,-4.859463359E1
4.589790208E0,7.810249356E-2,8.397090274E-1,-3.213246228E-1,4.307427305E-1,1.710409894E2,-1.667120582E2,-5.067733772E1,-4.819400332E1
4.599812208E0,7.700079602E-2,8.400220099E-1,-3.171848750E-1,4.333907117E-1,1.711676160E2,-1.666309533E2,-5.098329532E1,-4.776891765E1
4.609834208E0,7.630967199E-2,8.404561646E-1,-3.129365991E-1,4.357534218E-1,1.712470467E2,-1.666472698E2,-5.128104137E1,-4.727634279E1
4.619856208E0,7.608317483E-2,8.412480406E-1,-3.088119189E-1,4.372052122E-1,1.712730770E2,-1.668131613E2,-5.149803793E1,-4.669706756E1
4.629879208E0,7.632183136E-2,8.424558429E-1,-3.049245886E-1,4.375661789E-1,1.712456492E2,-1.671365359E2,-5.161030613E1,-4.603512355E1
4.639901208E0,7.688052998E-2,8.438996253E-1,-3.010612399E-1,4.373613030E-1,1.711814384E2,-1.675608012E2,-5.167164701E1,-4.530882984E1
4.649923208E0,7.773526807E-2,8.452674802E-1,-2.970378806E-1,4.373198305E-1,1.710831987E2,-1.680270295E2,-5.176556645E1,-4.454979123E1
4.659945208E0,7.891856192E-2,8.462307043E-1,-2.927700065E-1,4.381222433E-1,1.709471853E2,-1.684854851E2,-5.197248124E1,-4.379513364E1
4.669967208E0,8.036259724E-2,8.465919449E-1,-2.882020046E-1,4.401859216E-1,1.707811837E2,-1.688974289E2,-5.233875912E1,-4.306859139E1
4.679989208E0,8.207822686E-2,8.464124415E-1,-2.832513093E-1,4.434160561E-1,1.705839354E2,-1.692861204E2,-5.285626573E1,-4.234224121E1
4.690011208E0,8.403491537E-2,8.459375730E-1,-2.777940089E-1,4.473905250E-1,1.703589379E2,-1.697024643E2,-5.347696949E1,-4.155714013E1
4.700034208E0,8.631002333E-2,8.453125563E-1,-2.721266697E-1,4.516020277E-1,1.700972789E2,-1.701839899E2,-5.414131447E1,-4.071510885E1
4.710056208E0,8.902777856E-2,8.446162692E-1,-2.666273700E-1,4.556395694E-1,1.697846432E2,-1.707571991E2,-5.480107082E1,-3.983833695E1
4.720078208E0,9.227974510E-2,8.438348878E-1,-2.618686326E-1,4.591860581E-1,1.694104544E2,-1.714127985E2,-5.541497693E1,-3.899746401E1
4.730100208E0,9.596999671E-2,8.430579738E-1,-2.581128215E-1,4.619748308E-1,1.689856967E2,-1.721313691E2,-5.594345494E1,-3.822882219E1
4.740122208E0,1.001880744E-1,8.424299858E-1,-2.551519211E-1,4.638659809E-1,1.684999985E2,-1.729558836E2,-5.637457412E1,-3.747902157E1
4.750144208E0,1.052054670E-1,8.420531297E-1,-2.526560480E-1,4.648046123E-1,1.679219910E2,-1.739656622E2,-5.671404845E1,-3.666254241E1
4.760167708E0,1.107878803E-1,8.420020056E-1,-2.504679100E-1,4.647844029E-1,1.672785292E2,-1.751341406E2,-5.695015287E1,-3.577235068E1
4.770189708E0,1.158680402E-1,8.422478692E-1,-2.483152387E-1,4.642548804E-1,1.666926104E2,-1.762653816E2,-5.709568633E1,-3.488588242E1
4.780211708E0,1.199853869E-1,8.424719219E-1,-2.460647655E-1,4.640006717E-1,1.662174816E2,-1.772275563E2,-5.723140805E1,-3.407627421E1
4.790233708E0,1.232434015E-1,8.425120457E-1,-2.436879362E-1,4.643283002E-1,1.658413485E2,-1.780178301E2,-5.740189678E1,-3.334926554E1
4.800255708E0,1.260876710E-1,8.425421385E-1,-2.412699715E-1,4.647725386E-1,1.655128565E2,-1.787389410E2,-5.756743410E1,-3.265196930E1
4.810277708E0,1.288607546E-1,8.426377276E-1,-2.389501246E-1,4.650368520E-1,1.651924707E2,-1.794557294E2,-5.770385450E1,-3.196376408E1
4.820299708E0,1.316538367E-1,8.428026693E-1,-2.371030179E-1,4.649010443E-1,1.648696566E2,1.798433408E2,-5.778683745E1,-3.133897307E1
4.830322708E0,1.342215913E-1,8.432851032E-1,-2.360511801E-1,4.638259625E-1,1.645727786E2,1.792055315E2,-5.774071962E1,-3.083779705E1
4.840344708E0,1.362331972E-1,8.441721679E-1,-2.361276766E-1,4.615817482E-1,1.643401285E2,1.787167315E2,-5.752713212E1,-3.054977931E1
4.850366708E0,1.371968006E-1,8.451857364E-1,-2.375766642E-1,4.586887885E-1,1.642286611E2,1.785227604E2,-5.719760504E1,-3.059530197E1
4.860388708E0,1.368266038E-1,8.461521215E-1,-2.404976515E-1,4.554843847E-1,1.642714864E2,1.786959174E2,-5.678606454E1,-3.102803105E1
4.870410708E0,1.350703235E-1,8.471438368E-1,-2.443789548E-1,4.520866954E-1,1.644746273E2,1.791854611E2,-5.630283805E1,-3.174708744E1
4.880432708E0,1.315825243E-1,8.480607415E-1,-2.485230437E-1,4.491274598E-1,1.648779002E2,-1.799941780E2,-5.580986218E1,-3.266939365E1
4.890454708E0,1.264674879E-1,8.484229094E-1,-2.529776706E-1,4.474224196E-1,1.654689815E2,-1.788111378E2,-5.540579155E1,-3.383068568E1
4.900477708E0,1.200570576E-1,8.481612828E-1,-2.582603355E-1,4.466657783E-1,1.662092089E2,-1.772925450E2,-5.505489300E1,-3.528164527E1
4.910499708E0,1.124730589E-1,8.477268120E-1,-2.646933986E-1,4.456977179E-1,1.670842074E2,-1.755186650E2,-5.460729690E1,-3.699501851E1
4.920521708E0,1.039113059E-1,8.472998645E-1,-2.719206559E-1,4.442346743E-1,1.680711083E2,-1.735970067E2,-5.402869020E1,-3.885260311E1
4.930543708E0,9.448512109E-2,8.467047931E-1,-2.790361819E-1,4.430602945E-1,1.691566277E2,-1.715807934E2,-5.341870564E1,-4.072168118E1
4.940565708E0,8.426765027E-2,8.457490922E-1,-2.854363284E-1,4.428697276E-1,1.703321735E2,-1.694739451E2,-5.286539257E1,-4.254236780E1
4.950587708E0,7.333374624E-2,8.444838439E-1,-2.908645053E-1,4.436969437E-1,1.715890214E2,-1.672955111E2,-5.237751783E1,-4.427811244E1
4.960610708E0,6.177442513E-2,8.430057960E-1,-2.953217453E-1,4.453203561E-1,1.729166623E2,-1.650679367E2,-5.193408407E1,-4.591651137E1
4.970632708E0,4.948446732E-2,8.411346656E-1,-2.988122419E-1,4.480567191E-1,1.743271809E2,-1.627316839E2,-5.156604458E1,-4.750526321E1
4.980654708E0,3.637926303E-2,8.384604059E-1,-3.012456745E-1,4.526717780E-1,1.758303235E2,-1.601825625E2,-5.135341088E1,-4.912630522E1
4.990676708E0,2.254021888E-2,8.346509630E-1,-3.026110216E-1,4.596481772E-1,1.774168624E2,-1.573476999E2,-5.134611852E1,-5.085612964E1
5.000698708E0,8.138261420E-3,8.294246484E-1,-3.030432165E-1,4.692051016E-1,1.790674136E2,-1.541687678E2,-5.156123674E1,-5.278185161E1
5.010720708E0,6.563844820E-3,-8.225445758E-1,3.031089866E-1,-4.811467999E-1,1.792478334E2,-1.506044453E2,-5.195716524E1,-5.502511438E1
5.020742708E0,2.149657861E-2,-8.140040227E-1,3.033246099E-1,-4.949036367E-1,1.775364838E2,-1.466421378E2,-5.243537663E1,-5.766018080E1
5.030765708E0,3.650416521E-2,-8.039749272E-1,3.040032585E-1,-5.097781657E-1,1.758160012E2,-1.423357763E2,-5.289230956E1,-6.068206358E1
5.040787708E0,5.176530725E-2,-7.926611747E-1,3.049511622E-1,-5.253697390E-1,1.740654803E2,-1.377183278E2,-5.325524752E1,-6.402910719E1
5.050809708E0,6.739011337E-2,-7.802736259E-1,3.060097224E-1,-5.412852741E-1,1.722718048E2,-1.328556077E2,-5.346151927E1,-6.761441061E1
5.060831708E0,8.314104394E-2,-7.675025408E-1,3.072080416E-1,-5.564627546E-1,1.704617278E2,-1.280032879E2,-5.342619334E1,-7.120810088E1
5.070853708E0,9.879935680E-2,-7.551355807E-1,3.085197991E-1,-5.699336882E-1,1.686599274E2,-1.234442497E2,-5.311017737E1,-7.454309157E1
5.080875708E0,1.139721380E-1,-7.437315707E-1,3.098878015E-1,-5.812428256E-1,1.669113138E2,-1.193855863E2,-5.255526245E1,-7.743645375E1
5.090897708E0,1.282886216E-1,-7.337429362E-1,3.112042161E-1,-5.901823829E-1,1.652585810E2,-1.159559249E2,-5.183517418E1,-7.977662039E1
5.100920708E0,1.417140998E-1,-7.255169882E-1,3.122158880E-1,-5.967105715E-1,1.637059081E2,-1.131895037E2,-5.101917461E1,-8.150603887E1
5.110942708E0,1.545975695E-1,-7.192361595E-1,3.125790463E-1,-6.009103996E-1,1.622130853E2,-1.110370137E2,-5.015182629E1,-8.261121897E1
5.120964708E0,1.673771473E-1,-7.146448083E-1,3.120033625E-1,-6.032590959E-1,1.607292885E2,-1.093433169E2,-4.926953478E1,-8.318178447E1
5.130986708E0,1.801412782E-1,-7.111066225E-1,3.104586384E-1,-6.045593684E-1,1.592440221E2,-1.079098073E2,-4.841393208E1,-8.340365786E1
5.141008708E0,1.927890206E-1,-7.079465993E-1,3.081572729E-1,-6.055436026E-1,1.577688136E2,-1.065727775E2,-4.760943683E1,-8.346641243E1
5.151030708E0,2.049320967E-1,-7.045202502E-1,3.055230738E-1,-6.068853265E-1,1.563489518E2,-1.052144733E2,-4.687826583E1,-8.355807616E1
5.161053708E0,2.162056832E-1,-7.003990470E-1,3.029549821E-1,-6.090275876E-1,1.550274566E2,-1.037720426E2,-4.623008048E1,-8.380855921E1
5.171075708E0,2.263745798E-1,-6.956959645E-1,3.005929041E-1,-6.118869562E-1,1.538325569E2,-1.022852730E2,-4.566626465E1,-8.421197611E1
5.181097708E0,2.352481141E-1,-6.907571336E-1,2.985057711E-1,-6.151482583E-1,1.527875026E2,-1.008358233E2,-4.518532650E1,-8.471064834E1
5.191119708E0,2.426527885E-1,-6.858627676E-1,2.967637786E-1,-6.185815616E-1,1.519136737E2,-9.948514374E1,-4.478940670E1,-8.526562232E1
5.201141708E0,2.485568033E-1,-6.813970350E-1,2.952151559E-1,-6.219048407E-1,1.512157447E2,-9.829402009E1,-4.448903541E1,-8.580662290E1
5.211163708E0,2.531230983E-1,-6.778322546E-1,2.934584752E-1,-6.247834493E-1,1.506752033E2,-9.731711391E1,-4.430153917E1,-8.623008636E1
5.221185708E0,2.564114797E-1,-6.754911236E-1,2.913736814E-1,-6.269499659E-1,1.502855239E2,-9.660160669E1,-4.423278107E1,-8.647370215E1
5.231208708E0,2.586253483E-1,-6.746590394E-1,2.889283423E-1,-6.280673000E-1,1.500229784E2,-9.619615347E1,-4.426789742E1,-8.646890619E1
5.241230708E0,2.601879638E-1,-6.754271657E-1,2.860300300E-1,-6.279229259E-1,1.498375689E2,-9.610635130E1,-4.437802493E1,-8.616540756E1
5.251252708E0,2.609780064E-1,-6.775694690E-1,2.830524605E-1,-6.266349604E-1,1.497437970E2,-9.631836078E1,-4.454236859E1,-8.562098180E1
5.261274708E0,2.609780275E-1,-6.808664905E-1,2.803461692E-1,-6.242735357E-1,1.497437945E2,-9.681854056E1,-4.472989532E1,-8.488188235E1
5.271296708E0,2.604627191E-1,-6.850962639E-1,2.781303408E-1,-6.208428033E-1,1.498049600E2,-9.757824780E1,-4.489332149E1,-8.397192795E1
5.281318708E0,2.598154488E-1,-6.897518680E-1,2.765292874E-1,-6.166602976E-1,1.498817764E2,-9.849329598E1,-4.499070203E1,-8.297268571E1
5.291340708E0,2.590406106E-1,-6.949078816E-1,2.756936629E-1,-6.115505085E-1,1.499737140E2,-9.959057220E1,-4.500032784E1,-8.187001814E1
5.301363708E0,2.581582242E-1,-7.009567973E-1,2.756892796E-1,-6.049871483E-1,1.500783886E2,-1.009603020E2,-4.489395216E1,-8.057790883E1
5.311385708E0,2.572190660E-1,-7.082943108E-1,2.765758807E-1,-5.963751563E-1,1.501897698E2,-1.026915132E2,-4.463091046E1,-7.900851099E1
5.321407708E0,2.561374830E-1,-7.168426821E-1,2.783934425E-1,-5.856852931E-1,1.503180064E2,-1.047651550E2,-4.419275475E1,-7.719265287E1
5.331429708E0,2.548012699E-1,-7.259237685E-1,2.809071227E-1,-5.737615177E-1,1.504763804E2,-1.070073435E2,-4.361928594E1,-7.529408063E1
5.341451708E0,2.534215612E-1,-7.345225264E-1,2.833649161E-1,-5.621019187E-1,1.506398493E2,-1.091304015E2,-4.301043009E1,-7.351543781E1
5.351473708E0,2.519450728E-1,-7.417040544E-1,2.852506926E-1,-5.522960329E-1,1.508147171E2,-1.108963551E2,-4.249651803E1,-7.205242167E1
5.361495708E0,2.499033425E-1,-7.469286409E-1,2.868304618E-1,-5.453203607E-1,1.510564149E2,-1.122240499E2,-4.216523787E1,-7.104962321E1
5.371518708E0,2.472944104E-1,-7.498324534E-1,2.886910134E-1,-5.415294624E-1,1.513650662E2,-1.130739646E2,-4.201532733E1,-7.059817219E1
5.381540708E0,2.445988139E-1,-7.502912008E-1,2.911500080E-1,-5.408014704E-1,1.516837478E2,-1.134215502E2,-4.199665936E1,-7.070833809E1
5.391562708E0,2.416995743E-1,-7.486773980E-1,2.942826147E-1,-5.426428241E-1,1.520262553E2,-1.133588600E2,-4.208812851E1,-7.130477763E1
5.401584708E0,2.378551917E-1,-7.455947986E-1,2.981677744E-1,-5.464515505E-1,1.524800269E2,-1.130536597E2,-4.230068539E1,-7.229158365E1
5.411606708E0,2.330984878E-1,-7.414498878E-1,3.025109439E-1,-5.517283464E-1,1.530408768E2,-1.125774139E2,-4.261963243E1,-7.356747245E1
5.421628708E0,2.278394883E-1,-7.368197826E-1,3.068692020E-1,-5.576890066E-1,1.536601866E2,-1.120147399E2,-4.300002986E1,-7.497239255E1
5.431651708E0,2.223663618E-1,-7.324432749E-1,3.111394997E-1,-5.632693548E-1,1.543038821E2,-1.115131319E2,-4.337353129E1,-7.632564347E1
5.441673708E0,2.169983706E-1,-7.288748698E-1,3.158005196E-1,-5.673827186E-1,1.549344125E2,-1.112208529E2,-4.363371971E1,-7.749658137E1
5.451695708E0,2.122200876E-1,-7.263073470E-1,3.209365557E-1,-5.695962816E-1,1.554950263E2,-1.111751234E2,-4.372402967E1,-7.841576831E1
5.461717708E0,2.079481251E-1,-7.244716410E-1,3.261774741E-1,-5.705318152E-1,1.559957316E2,-1.112938966E2,-4.371029092E1,-7.913897686E1
5.471739708E0,2.036181054E-1,-7.228451309E-1,3.310959060E-1,-5.713231855E-1,1.565027676E2,-1.114467346E2,-4.371900043E1,-7.980445059E1
5.481761708E0,1.989401635E-1,-7.209748434E-1,3.355198710E-1,-5.727517740E-1,1.570500209E2,-1.115268601E2,-4.381900037E1,-8.052602748E1
5.491783708E0,1.940056737E-1,-7.186936242E-1,3.397529108E-1,-5.748123545E-1,1.576267126E2,-1.115149582E2,-4.397942135E1,-8.134254626E1
5.501806708E0,1.890712682E-1,-7.163209041E-1,3.441374685E-1,-5.768065959E-1,1.582028211E2,-1.115007670E2,-4.412485291E1,-8.217525340E1
5.511828708E0,1.843618847E-1,-7.144230948E-1,3.486068257E-1,-5.779998364E-1,1.587521377E2,-1.116001580E2,-4.421343919E1,-8.288486202E1
5.521850708E0,1.800332348E-1,-7.134488914E-1,3.527235824E-1,-5.780698001E-1,1.592566087E2,-1.118735878E2,-4.425416924E1,-8.335821185E1
5.531872708E0,1.759388370E-1,-7.133605516E-1,3.562360164E-1,-5.772851101E-1,1.597334055E2,-1.122955207E2,-4.428863813E1,-8.360944997E1
5.541894708E0,1.719611860E-1,-7.139331377E-1,3.590417532E-1,-5.760362147E-1,1.601962677E2,-1.128095568E2,-4.434844670E1,-8.369424465E1
5.551916708E0,1.681821732E-1,-7.149538079E-1,3.611788935E-1,-5.745483045E-1,1.606357129E2,-1.133670002E2,-4.443208229E1,-8.365730126E1
5.561938708E0,1.648176113E-1,-7.162721824E-1,3.627731191E-1,-5.728744635E-1,1.610267214E2,-1.139354144E2,-4.451414167E1,-8.352439423E1
5.571961708E0,1.619491600E-1,-7.177433181E-1,3.641189101E-1,-5.709943136E-1,1.613598988E2,-1.145022552E2,-4.456493834E1,-8.332889892E1
5.581983708E0,1.594303801E-1,-7.191041029E-1,3.655946082E-1,-5.690447690E-1,1.616523300E2,-1.150435676E2,-4.457409716E1,-8.314224480E1
5.592005708E0,1.572054690E-1,-7.203557905E-1,3.671676867E-1,-5.670643518E-1,1.619105426E2,-1.155580597E2,-4.455025859E1,-8.296732189E1
5.602027708E0,1.551041114E-1,-7.215453221E-1,3.687274783E-1,-5.651152287E-1,1.621543312E2,-1.160538249E2,-4.451775087E1,-8.279976776E1
5.612049708E0,1.530796508E-1,-7.227836913E-1,3.699758574E-1,-5.632657196E-1,1.623891215E2,-1.165333346E2,-4.450463828E1,-8.261272099E1
5.622071708E0,1.510736294E-1,-7.240771044E-1,3.707946759E-1,-5.616052180E-1,1.626216999E2,-1.169908617E2,-4.452788947E1,-8.240527204E1
5.632093708E0,1.491335467E-1,-7.251784858E-1,3.711944809E-1,-5.604372235E-1,1.628465647E2,-1.173681699E2,-4.459725466E1,-8.223151196E1
5.642116708E0,1.473676992E-1,-7.258508334E-1,3.712924934E-1,-5.599689509E-1,1.630511769E2,-1.176146689E2,-4.470645829E1,-8.214323956E1
5.652138708E0,1.458571982E-1,-7.261880925E-1,3.711861147E-1,-5.599976108E-1,1.632261584E2,-1.177555776E2,-4.483332993E1,-8.211820323E1
5.662160708E0,1.445857121E-1,-7.265181234E-1,3.709375115E-1,-5.600641185E-1,1.633734211E2,-1.178725083E2,-4.495319722E1,-8.208367230E1
5.672182708E0,1.434891565E-1,-7.270518079E-1,3.705918863E-1,-5.598823181E-1,1.635004013E2,-1.180213907E2,-4.505417594E1,-8.199428851E1
5.682204708E0,1.426278646E-1,-7.278162674E-1,3.701695749E-1,-5.593883360E-1,1.636001238E2,-1.182074567E2,-4.512687626E1,-8.184200322E1
5.692226708E0,1.419839029E-1,-7.289790568E-1,3.696621690E-1,-5.583727234E-1,1.636746751E2,-1.184702627E2,-4.516270192E1,-8.158874743E1
5.702248708E0,1.415678292E-1,-7.305148669E-1,3.692087743E-1,-5.567686564E-1,1.637228401E2,-1.188146927E2,-4.514706202E1,-8.124210245E1
5.712271708E0,1.415206458E-1,-7.322651201E-1,3.689880301E-1,-5.546237823E-1,1.637283020E2,-1.192102537E2,-4.505818136E1,-8.083760022E1
5.722293708E0,1.418933714E-1,-7.343321913E-1,3.690481948E-1,-5.517480817E-1,1.636851553E2,-1.196808628E2,-4.487818071E1,-8.035233536E1
5.732315708E0,1.426388017E-1,-7.368324898E-1,3.692426814E-1,-5.480801468E-1,1.635988575E2,-1.202427510E2,-4.461583825E1,-7.976062477E1
5.742337708E0,1.435222628E-1,-7.394203906E-1,3.693677732E-1,-5.442667632E-1,1.634965679E2,-1.208099378E2,-4.433552397E1,-7.914649928E1
5.752359708E0,1.442875442E-1,-7.415416415E-1,3.691975843E-1,-5.412858641E-1,1.634079507E2,-1.212497010E2,-4.412537665E1,-7.863879816E1
5.762381667E0,1.447857200E-1,-7.427467042E-1,3.686862587E-1,-5.398471393E-1,1.633502582E2,-1.214638232E2,-4.404143159E1,-7.834070122E1
5.772403667E0,1.452012879E-1,-7.430155379E-1,3.678749108E-1,-5.399190840E-1,1.633021290E2,-1.214421778E2,-4.406745017E1,-7.825082543E1
5.782426667E0,1.457280603E-1,-7.426637803E-1,3.670016281E-1,-5.408546808E-1,1.632411164E2,-1.212659042E2,-4.413740682E1,-7.829696047E1
5.792448667E0,1.464568004E-1,-7.423105054E-1,3.660958080E-1,-5.417558858E-1,1.631567032E2,-1.210761930E2,-4.419221839E1,-7.833678023E1
5.802470667E0,1.472771677E-1,-7.425110822E-1,3.650845787E-1,-5.419410158E-1,1.630616655E2,-1.210026754E2,-4.420735889E1,-7.824578281E1
5.812492667E0,1.483028324E-1,-7.434578269E-1,3.638477794E-1,-5.411946162E-1,1.629428280E2,-1.210751497E2,-4.417014381E1,-7.797413301E1
5.822514667E0,1.496930461E-1,-7.450328125E-1,3.623373628E-1,-5.396572256E-1,1.627817229E2,-1.212542440E2,-4.407871058E1,-7.754276702E1
5.832536667E0,1.515333040E-1,-7.468647253E-1,3.607975277E-1,-5.376392345E-1,1.625684115E2,-1.214671285E2,-4.392704554E1,-7.703891784E1
5.842558667E0,1.537989711E-1,-7.486092044E-1,3.594552981E-1,-5.354642675E-1,1.623057057E2,-1.216513755E2,-4.372035805E1,-7.654697212E1
5.852581667E0,1.561511235E-1,-7.502620563E-1,3.583121702E-1,-5.332318121E-1,1.620328725E2,-1.218238527E2,-4.348980511E1,-7.607821710E1
5.862603667E0,1.582867253E-1,-7.522390385E-1,3.571486221E-1,-5.305907431E-1,1.617850688E2,-1.220804897E2,-4.325120975E1,-7.554299755E1
5.872625667E0,1.601997076E-1,-7.547435096E-1,3.559039203E-1,-5.272862405E-1,1.615630237E2,-1.224633643E2,-4.299232040E1,-7.489525641E1
5.882647667E0,1.620226641E-1,-7.575474341E-1,3.547180977E-1,-5.234937617E-1,1.613513632E2,-1.229221352E2,-4.270298600E1,-7.418658383E1
5.892669667E0,1.640944557E-1,-7.600913968E-1,3.536269368E-1,-5.198866447E-1,1.611107328E2,-1.233125231E2,-4.239719949E1,-7.353319702E1
5.902691667E0,1.665520700E-1,-7.619554676E-1,3.525296858E-1,-5.171141934E-1,1.608251815E2,-1.235252569E2,-4.211392110E1,-7.302048494E1
5.912714667E0,1.689722369E-1,-7.629758006E-1,3.514065987E-1,-5.155866968E-1,1.605438638E2,-1.235470539E2,-4.191323177E1,-7.269404365E1
5.922736667E0,1.709683327E-1,-7.630487358E-1,3.503496190E-1,-5.155400613E-1,1.603117505E2,-1.233834514E2,-4.183340606E1,-7.258906333E1
5.932758667E0,1.725530016E-1,-7.625387800E-1,3.492990456E-1,-5.164785557E-1,1.601274215E2,-1.231123089E2,-4.184553054E1,-7.262329773E1
5.942780667E0,1.738316526E-1,-7.619255855E-1,3.482162509E-1,-5.176846300E-1,1.599786506E2,-1.228330492E2,-4.189844208E1,-7.268781020E1
5.952802667E0,1.750124388E-1,-7.614867103E-1,3.471976880E-1,-5.186159489E-1,1.598412361E2,-1.226031317E2,-4.193680019E1,-7.271850981E1
5.962824667E0,1.765333289E-1,-7.612970284E-1,3.462689611E-1,-5.189995063E-1,1.596641985E2,-1.224177516E2,-4.191054562E1,-7.268615496E1
5.972846667E0,1.788132942E-1,-7.613170060E-1,3.452127611E-1,-5.188935175E-1,1.593987096E2,-1.222317662E2,-4.180731623E1,-7.257961742E1
5.982869667E0,1.816783106E-1,-7.617513504E-1,3.437502865E-1,-5.182311797E-1,1.590649361E2,-1.220826995E2,-4.165338336E1,-7.235012293E1
5.992891667E0,1.844790635E-1,-7.626477296E-1,3.419281940E-1,-5.171277226E-1,1.587384756E2,-1.220184575E2,-4.149964296E1,-7.200911186E1
6.002913667E0,1.869104625E-1,-7.636687159E-1,3.398705637E-1,-5.161031011E-1,1.584549261E2,-1.219873402E2,-4.139243784E1,-7.164411495E1
6.012935667E0,1.890977785E-1,-7.642329358E-1,3.378864166E-1,-5.157741238E-1,1.581997274E2,-1.218729527E2,-4.134229062E1,-7.138773115E1
6.022957667E0,1.910720002E-1,-7.641131966E-1,3.364219400E-1,-5.161809463E-1,1.579692970E2,-1.216513967E2,-4.132120930E1,-7.130255064E1
6.032979667E0,1.931598602E-1,-7.635424439E-1,3.353842003E-1,-5.169232471E-1,1.577255045E2,-1.213518030E2,-4.128615773E1,-7.132419363E1
6.043001667E0,1.953695352E-1,-7.627630223E-1,3.343609170E-1,-5.179054373E-1,1.574673768E2,-1.210019041E2,-4.125644322E1,-7.138626189E1
6.053024667E0,1.975117647E-1,-7.619564370E-1,3.330433011E-1,-5.191277064E-1,1.572170172E2,-1.206321093E2,-4.126521580E1,-7.144609838E1
6.063046667E0,1.994866711E-1,-7.613099254E-1,3.311597374E-1,-5.205243792E-1,1.569861149E2,-1.202715921E2,-4.133319762E1,-7.145840160E1
6.073068667E0,2.010544391E-1,-7.609758695E-1,3.287275270E-1,-5.219493747E-1,1.568027469E2,-1.199671044E2,-4.146768285E1,-7.139931232E1
6.083090667E0,2.023182861E-1,-7.611272188E-1,3.258848486E-1,-5.230218118E-1,1.566548821E2,-1.197614189E2,-4.162920878E1,-7.123126057E1
6.093112667E0,2.037360850E-1,-7.616584377E-1,3.228790196E-1,-5.235620712E-1,1.564889587E2,-1.196252813E2,-4.175806873E1,-7.096735897E1
6.103134667E0,2.056044443E-1,-7.624962327E-1,3.199313533E-1,-5.234218170E-1,1.562702302E2,-1.195421662E2,-4.180947274E1,-7.061911290E1
6.113156667E0,2.078552229E-1,-7.635687014E-1,3.172296560E-1,-5.226131349E-1,1.560066153E2,-1.195104955E2,-4.177647913E1,-7.021077638E1
6.123179667E0,2.104612785E-1,-7.645512709E-1,3.146177737E-1,-5.217116665E-1,1.557012286E2,-1.194491763E2,-4.170695002E1,-6.980979392E1
6.133201667E0,2.130871536E-1,-7.652068441E-1,3.120242041E-1,-5.212419399E-1,1.553933421E2,-1.193172063E2,-4.166231301E1,-6.947837282E1
6.143223667E0,2.154440054E-1,-7.656297666E-1,3.093151522E-1,-5.212668065E-1,1.551168452E2,-1.191418203E2,-4.167577225E1,-6.920214818E1
6.153245667E0,2.174998865E-1,-7.662052818E-1,3.061003171E-1,-5.214651074E-1,1.548755368E2,-1.189883674E2,-4.175486955E1,-6.888389857E1
6.163267667E0,2.191547193E-1,-7.673799777E-1,3.023618284E-1,-5.212259030E-1,1.546812191E2,-1.189616911E2,-4.186891182E1,-6.842738172E1
6.173289667E0,2.205734876E-1,-7.694580070E-1,2.983141926E-1,-5.198947159E-1,1.545145622E2,-1.191360564E2,-4.194938868E1,-6.776483696E1
6.183311667E0,2.219195104E-1,-7.724509179E-1,2.941473233E-1,-5.172510759E-1,1.543563997E2,-1.195182393E2,-4.195510334E1,-6.689259310E1
6.193334667E0,2.231261536E-1,-7.759075707E-1,2.899736684E-1,-5.139041314E-1,1.542145726E2,-1.200169910E2,-4.191926580E1,-6.591667936E1
6.203356667E0,2.239329707E-1,-7.792596781E-1,2.858646879E-1,-5.107737585E-1,1.541197181E2,-1.205221612E2,-4.191456411E1,-6.497492131E1
6.213378667E0,2.240964162E-1,-7.822550546E-1,2.816847320E-1,-5.084402561E-1,1.541005002E2,-1.209845193E2,-4.200618645E1,-6.412493868E1
6.223400667E0,2.236119276E-1,-7.848618372E-1,2.771881691E-1,-5.071057710E-1,1.541574641E2,-1.213884476E2,-4.222554240E1,-6.336078854E1
6.233422667E0,2.224796736E-1,-7.871111513E-1,2.723412604E-1,-5.067435820E-1,1.542905639E2,-1.217429969E2,-4.257434151E1,-6.267085961E1
6.243444667E0,2.206089436E-1,-7.889898892E-1,2.673703768E-1,-5.072866863E-1,1.545103966E2,-1.220631763E2,-4.304084392E1,-6.206877534E1
6.253466667E0,2.181998719E-1,-7.907353588E-1,2.621925522E-1,-5.083122456E-1,1.547933504E2,-1.223908969E2,-4.358739176E1,-6.148828353E1
6.263489667E0,2.152929511E-1,-7.924823035E-1,2.568824286E-1,-5.095412161E-1,1.551345707E2,-1.227607919E2,-4.418639418E1,-6.089828110E1
6.273511667E0,2.119196016E-1,-7.941340385E-1,2.514625124E-1,-5.110848866E-1,1.555302609E2,-1.231532666E2,-4.484248289E1,-6.031733000E1
6.283533667E0,2.083165834E-1,-7.956444130E-1,2.458501538E-1,-5.129442053E-1,1.559525641E2,-1.235435009E2,-4.554600891E1,-5.974235289E1
6.293555667E0,2.046468152E-1,-7.970662791E-1,2.401507198E-1,-5.149103979E-1,1.563823505E2,-1.239389960E2,-4.626485869E1,-5.916126169E1
6.303577667E0,2.008955033E-1,-7.984188346E-1,2.345715939E-1,-5.168604378E-1,1.568213390E2,-1.243520310E2,-4.697814115E1,-5.858132843E1
6.313599667E0,1.970253163E-1,-7.998351795E-1,2.290691964E-1,-5.186253055E-1,1.572738774E2,-1.248158967E2,-4.767732302E1,-5.796861731E1
6.323621667E0,1.929522237E-1,-8.015856856E-1,2.234939481E-1,-5.198849273E-1,1.577497541E2,-1.253999680E2,-4.834990536E1,-5.724799937E1
6.333644667E0,1.886969620E-1,-8.038262121E-1,2.177763066E-1,-5.204137332E-1,1.582464997E2,-1.261440189E2,-4.897794141E1,-5.637193769E1
6.343666667E0,1.842939018E-1,-8.068022854E-1,2.118593948E-1,-5.198283346E-1,1.587600637E2,-1.271099780E2,-4.952670529E1,-5.527073868E1
6.353688667E0,1.796513211E-1,-8.105522801E-1,2.060983210E-1,-5.179324218E-1,1.593010982E2,-1.283235090E2,-4.995781210E1,-5.395745285E1
6.363710667E0,1.746628201E-1,-8.149001701E-1,2.009687756E-1,-5.148223637E-1,1.598819261E2,-1.297533586E2,-5.025110081E1,-5.251330166E1
6.373732667E0,1.694190989E-1,-8.193129030E-1,1.965926262E-1,-5.112484163E-1,1.604919081E2,-1.312565954E2,-5.045562871E1,-5.108334676E1
6.383754667E0,1.638359375E-1,-8.229444862E-1,1.929424141E-1,-5.086190536E-1,1.611407632E2,-1.326326053E2,-5.070619505E1,-4.987183240E1
6.393776667E0,1.576462513E-1,-8.252016607E-1,1.897449434E-1,-5.081207092E-1,1.618593949E2,-1.337673130E2,-5.114891260E1,-4.899084548E1
6.403799667E0,1.504898955E-1,-8.260350092E-1,1.868237243E-1,-5.100155789E-1,1.626893644E2,-1.346909848E2,-5.184582855E1,-4.842456439E1
6.413821667E0,1.422046470E-1,-8.257989236E-1,1.841099519E-1,-5.137486306E-1,1.636491204E2,-1.355117550E2,-5.276340072E1,-4.807188553E1
6.423843667E0,1.329293479E-1,-8.250308816E-1,1.816004021E-1,-5.183390125E-1,1.647221978E2,-1.363521090E2,-5.380495049E1,-4.779782161E1
6.433865667E0,1.229867167E-1,-8.241903470E-1,1.795783228E-1,-5.228155346E-1,1.658709879E2,-1.372928241E2,-5.484800148E1,-4.751865701E1
6.443887667E0,1.126244925E-1,-8.237030241E-1,1.782700214E-1,-5.263543947E-1,1.670667434E2,-1.384123938E2,-5.578814657E1,-4.715516358E1
6.453909667E0,1.018190521E-1,-8.237658861E-1,1.779201393E-1,-5.285708132E-1,1.683121415E2,-1.397607589E2,-5.657482292E1,-4.668095134E1
6.463931667E0,9.072735023E-2,-8.240391241E-1,1.785791896E-1,-5.299409651E-1,1.695890952E2,-1.412319493E2,-5.724376560E1,-4.619280165E1
6.473954667E0,7.958245907E-2,-8.237196510E-1,1.803425294E-1,-5.316287357E-1,1.708708682E2,-1.425865419E2,-5.789999438E1,-4.591684156E1
6.483976667E0,6.869502195E-2,-8.220940471E-1,1.832730841E-1,-5.346526245E-1,1.721219259E2,-1.435897520E2,-5.863727633E1,-4.606467693E1
6.493998667E0,5.821697823E-2,-8.189284394E-1,1.875436978E-1,-5.392534588E-1,1.733250516E2,-1.441323670E2,-5.947228252E1,-4.674628627E1
6.504020667E0,4.842093375E-2,-8.146766654E-1,1.932375685E-1,-5.446252222E-1,1.744491992E2,-1.442570939E2,-6.030484787E1,-4.790533521E1
6.514042667E0,3.987905303E-2,-8.099968479E-1,1.998141627E-1,-5.498990784E-1,1.754289850E2,-1.440455131E2,-6.103269818E1,-4.936977339E1
6.524064667E0,3.289468803E-2,-8.046319755E-1,2.058292766E-1,-5.559852940E-1,1.762298663E2,-1.434098256E2,-6.178572750E1,-5.107709920E1
6.534087667E0,2.743348906E-2,-7.968349561E-1,2.102740200E-1,-5.657616981E-1,1.768559593E2,-1.418317999E2,-6.288585269E1,-5.345340757E1
6.544109667E0,2.289973150E-2,-7.849179979E-1,2.143559634E-1,-5.808880545E-1,1.773756547E2,-1.386737794E2,-6.443304635E1,-5.728548280E1
6.554131667E0,1.909229057E-2,-7.699606925E-1,2.194046290E-1,-5.988803966E-1,1.778120517E2,-1.339783184E2,-6.604305689E1,-6.267252478E1
6.564153667E0,1.648133545E-2,-7.548996847E-1,2.257521973E-1,-6.155410458E-1,1.781112926E2,-1.285943043E2,-6.720575753E1,-6.877006868E1
6.574175667E0,1.466691362E-2,-7.412009896E-1,2.332791608E-1,-6.292748493E-1,1.783192352E2,-1.233582625E2,-6.781892121E1,-7.476816999E1
6.584197667E0,1.379247188E-2,-7.290318247E-1,2.408666261E-1,-6.405510490E-1,1.784194490E2,-1.185735705E2,-6.802081858E1,-8.025421632E1
6.594219667E0,1.391020910E-2,-7.189526166E-1,2.478550372E-1,-6.492160828E-1,1.784059560E2,-1.146208497E2,-6.791327466E1,-8.478561745E1
6.604242667E0,1.583366483E-2,-7.124115100E-1,2.549191862E-1,-6.536325246E-1,1.781855198E2,-1.121759366E2,-6.740415121E1,-8.767885667E1
6.614264667E0,2.124597345E-2,-7.106217230E-1,2.635149306E-1,-6.520163826E-1,1.775652076E2,-1.117109220E2,-6.627352255E1,-8.845211149E1
6.624286667E0,3.115844861E-2,-7.129202646E-1,2.745661504E-1,-6.445054770E-1,1.764289268E2,-1.127797809E2,-6.440257175E1,-8.755220821E1
6.634308667E0,4.536436000E-2,-7.177698496E-1,2.876388384E-1,-6.324653236E-1,1.747998426E2,-1.145407382E2,-6.186414948E1,-8.580407488E1
6.644330667E0,6.193449886E-2,-7.230148773E-1,3.015378364E-1,-6.184565330E-1,1.728982840E2,-1.161756232E2,-5.897643048E1,-8.407825087E1
6.654352667E0,7.901286549E-2,-7.270989491E-1,3.147598507E-1,-6.049877489E-1,1.709363450E2,-1.172649973E2,-5.610200040E1,-8.280706363E1
6.664374667E0,9.574996909E-2,-7.296003014E-1,3.266369801E-1,-5.931471819E-1,1.690110267E2,-1.178044585E2,-5.341463709E1,-8.199810712E1
6.674396667E0,1.119094501E-1,-7.305023914E-1,3.373469369E-1,-5.831291710E-1,1.671492025E2,-1.178993626E2,-5.093666992E1,-8.157643835E1
6.684419667E0,1.274905078E-1,-7.298819687E-1,3.473339909E-1,-5.747848115E-1,1.653507954E2,-1.176539609E2,-4.863254332E1,-8.147563794E1
6.694441667E0,1.427249077E-1,-7.278585407E-1,3.567962534E-1,-5.679329984E-1,1.635888885E2,-1.171336841E2,-4.646072446E1,-8.162794917E1
6.704463667E0,1.582405745E-1,-7.245194988E-1,3.653527380E-1,-5.626268155E-1,1.617904248E2,-1.163223790E2,-4.439820385E1,-8.195963569E1
6.714485667E0,1.744796288E-1,-7.193617360E-1,3.722574876E-1,-5.599105776E-1,1.599032457E2,-1.150473186E2,-4.250494164E1,-8.252958096E1
6.724507667E0,1.906786015E-1,-7.118398301E-1,3.773016646E-1,-5.608647822E-1,1.580152215E2,-1.132277277E2,-4.088971144E1,-8.345652287E1
6.734529667E0,2.049284088E-1,-7.016120755E-1,3.814884272E-1,-5.658724600E-1,1.563493836E2,-1.109631507E2,-3.961980354E1,-8.489737056E1
6.744552667E0,2.161245927E-1,-6.886861006E-1,3.862125410E-1,-5.743182248E-1,1.550369739E2,-1.084208087E2,-3.861688636E1,-8.691886238E1
6.754574667E0,2.239971393E-1,-6.741225206E-1,3.932739820E-1,-5.837120620E-1,1.541121733E2,-1.059974531E2,-3.764754429E1,-8.933195835E1
6.764596208E0,2.302585172E-1,-6.589694325E-1,4.025399140E-1,-5.922009852E-1,1.533754156E2,-1.038632768E2,-3.652034630E1,-9.181695216E1
6.774618208E0,2.361458630E-1,-6.446206117E-1,4.121438426E-1,-5.990299337E-1,1.526816458E2,-1.020775299E2,-3.528486084E1,-9.403217617E1
6.784640208E0,2.412856922E-1,-6.330863996E-1,4.203107744E-1,-6.035907916E-1,1.520751292E2,-1.007897950E2,-3.415407726E1,-9.568440057E1
6.794662208E0,2.459155657E-1,-6.251048191E-1,4.260666641E-1,-6.060006220E-1,1.515281055E2,-9.995362621E1,-3.323504777E1,-9.669670944E1
6.804684208E0,2.507021833E-1,-6.200609266E-1,4.294420472E-1,-6.068380799E-1,1.509618647E2,-9.940254590E1,-3.249520651E1,-9.717502462E1
6.814707208E0,2.554424077E-1,-6.170949053E-1,4.312454055E-1,-6.066057981E-1,1.504003971E2,-9.905059014E1,-3.189403630E1,-9.730034842E1
6.824729208E0,2.585003618E-1,-6.151944934E-1,4.325979927E-1,-6.062773582E-1,1.500378050E2,-9.885102476E1,-3.148689357E1,-9.737254963E1
6.834751208E0,2.590966765E-1,-6.130149323E-1,4.335867367E-1,-6.075229451E-1,1.499670622E2,-9.859023084E1,-3.134295167E1,-9.768170296E1
6.844773208E0,2.590109919E-1,-6.100647794E-1,4.329049271E-1,-6.110054127E-1,1.499772280E2,-9.802716480E1,-3.141623684E1,-9.818294756E1
6.854795208E0,2.585242591E-1,-6.082144274E-1,4.307049670E-1,-6.146003071E-1,1.500349702E2,-9.748409469E1,-3.166300479E1,-9.854578355E1
6.864817208E0,2.565272571E-1,-6.085399591E-1,4.286547019E-1,-6.165453842E-1,1.502717977E2,-9.732845989E1,-3.203666047E1,-9.866724642E1
6.874839208E0,2.538227360E-1,-6.103672357E-1,4.278167804E-1,-6.164402278E-1,1.505923241E2,-9.756177043E1,-3.236633360E1,-9.858268429E1
6.884862208E0,2.524997042E-1,-6.132971055E-1,4.279208094E-1,-6.139986187E-1,1.507490375E2,-9.807528937E1,-3.248150914E1,-9.819343317E1
6.894884208E0,2.538207761E-1,-6.177360221E-1,4.273584756E-1,-6.093784601E-1,1.505925563E2,-9.875230434E1,-3.240667335E1,-9.734642185E1
6.904906208E0,2.571694381E-1,-6.236214923E-1,4.249092379E-1,-6.036656971E-1,1.501956547E2,-9.945853857E1,-3.230122803E1,-9.610685260E1
6.914928208E0,2.602398781E-1,-6.300687274E-1,4.212535573E-1,-5.981924652E-1,1.498314077E2,-1.001463806E2,-3.231345167E1,-9.479036405E1
6.924950208E0,2.612544792E-1,-6.354018842E-1,4.173536461E-1,-5.948331507E-1,1.497109770E2,-1.006525689E2,-3.253707175E1,-9.381016909E1
6.934972208E0,2.610404259E-1,-6.381068268E-1,4.127061553E-1,-5.952739540E-1,1.497363874E2,-1.006479521E2,-3.297211258E1,-9.337268078E1
6.944994208E0,2.603345610E-1,-6.378730698E-1,4.078231163E-1,-5.991863511E-1,1.498201705E2,-1.001127691E2,-3.350905535E1,-9.348525082E1
6.955017208E0,2.595134983E-1,-6.365394803E-1,4.036112763E-1,-6.037948983E-1,1.499176064E2,-9.945365127E1,-3.400003660E1,-9.379980220E1
6.965039208E0,2.601055351E-1,-6.356256840E-1,3.990818915E-1,-6.075020086E-1,1.498473514E2,-9.882192655E1,-3.438013826E1,-9.393593745E1
6.975061208E0,2.619163744E-1,-6.362703832E-1,3.941893800E-1,-6.092409455E-1,1.496323931E2,-9.842114209E1,-3.466621457E1,-9.370300796E1
6.985083208E0,2.637198697E-1,-6.395764136E-1,3.895716553E-1,-6.079701864E-1,1.494181978E2,-9.853028466E1,-3.490456457E1,-9.299066731E1
6.995105208E0,2.663924119E-1,-6.448816377E-1,3.848832083E-1,-6.041751050E-1,1.491005869E2,-9.899558723E1,-3.504243235E1,-9.184260179E1
7.005127208E0,2.705643914E-1,-6.500734972E-1,3.802446526E-1,-5.996776675E-1,1.486042916E2,-9.944341995E1,-3.502317996E1,-9.058761898E1
7.015149208E0,2.753337604E-1,-6.547703841E-1,3.762713427E-1,-5.948840219E-1,1.480361898E2,-9.986896563E1,-3.487754995E1,-8.936682694E1
7.025172208E0,2.807880051E-1,-6.593921970E-1,3.721759440E-1,-5.897838950E-1,1.473855181E2,-1.002691745E2,-3.466608093E1,-8.809926476E1
7.035194208E0,2.860114537E-1,-6.635636287E-1,3.683867000E-1,-5.849547723E-1,1.467613650E2,-1.006245900E2,-3.444284065E1,-8.692504750E1
7.045216208E0,2.903814497E-1,-6.673991499E-1,3.660618903E-1,-5.798755292E-1,1.462384115E2,-1.010667133E2,-3.415417529E1,-8.587779666E1
7.055238208E0,2.951930604E-1,-6.707664829E-1,3.650628731E-1,-5.741624817E-1,1.456617710E2,-1.015363283E2,-3.369210909E1,-8.488822526E1
7.065260208E0,3.009525642E-1,-6.725667645E-1,3.652019366E-1,-5.689543429E-1,1.449703494E2,-1.018032834E2,-3.305901930E1,-8.412160453E1
7.075282208E0,3.069807858E-1,-6.714473020E-1,3.661628426E-1,-5.664329077E-1,1.442452550E2,-1.016041982E2,-3.240155984E1,-8.387018348E1
7.085304208E0,3.112172184E-1,-6.667014194E-1,3.682099782E-1,-5.683964451E-1,1.437347979E2,-1.008748834E2,-3.191866436E1,-8.440912490E1
7.095327208E0,3.124130615E-1,-6.584604461E-1,3.711879060E-1,-5.753671440E-1,1.435905738E2,-9.965772132E1,-3.172111169E1,-8.579684607E1
7.105349208E0,3.108254635E-1,-6.473235628E-1,3.744030362E-1,-5.866703493E-1,1.437820324E2,-9.800774338E1,-3.178835753E1,-8.789100237E1
7.115371208E0,3.078148930E-1,-6.343175828E-1,3.777882394E-1,-6.001393230E-1,1.441448099E2,-9.609816260E1,-3.192307190E1,-9.039034081E1
7.125393208E0,3.052584654E-1,-6.208368500E-1,3.817225424E-1,-6.129166143E-1,1.444525711E2,-9.420700867E1,-3.187004207E1,-9.288593582E1
7.135415208E0,3.040390728E-1,-6.079331709E-1,3.861225891E-1,-6.236078368E-1,1.445992769E2,-9.251212271E1,-3.156268367E1,-9.511423142E1
7.145437208E0,3.038322371E-1,-5.961617985E-1,3.901787280E-1,-6.324852064E-1,1.446241554E2,-9.102396481E1,-3.113319191E1,-9.701603376E1
7.155459208E0,3.034685414E-1,-5.849604727E-1,3.936162671E-1,-6.409323304E-1,1.446678972E2,-8.961508029E1,-3.072645291E1,-9.879641902E1
7.165482208E0,3.024100760E-1,-5.736968539E-1,3.965108705E-1,-6.497684910E-1,1.447951689E2,-8.818643402E1,-3.037932614E1,-1.006098528E2
7.175504208E0,3.000228469E-1,-5.621654919E-1,3.993954693E-1,-6.591203182E-1,1.450820493E2,-8.675959085E1,-3.009358468E1,-1.025439203E2
7.185526208E0,2.963560078E-1,-5.505260971E-1,4.025543282E-1,-6.686136219E-1,1.455222653E2,-8.538833399E1,-2.984000355E1,-1.045685186E2
7.195548208E0,2.919828930E-1,-5.390249755E-1,4.059055980E-1,-6.778190415E-1,1.460465874E2,-8.410046175E1,-2.958325974E1,-1.065965786E2
7.205570208E0,2.873590044E-1,-5.277712401E-1,4.090381414E-1,-6.867095399E-1,1.466001813E2,-8.286500126E1,-2.932543292E1,-1.085777539E2
7.215592208E0,2.827024731E-1,-5.172686616E-1,4.116880033E-1,-6.950002254E-1,1.471568737E2,-8.171659104E1,-2.909330254E1,-1.104302468E2
7.225614208E0,2.785751586E-1,-5.083401468E-1,4.137990125E-1,-7.019661301E-1,1.476496318E2,-8.075111708E1,-2.888982342E1,-1.119989601E2
7.235637208E0,2.755091650E-1,-5.013726300E-1,4.156892671E-1,-7.070521378E-1,1.480152813E2,-8.004548213E1,-2.868153394E1,-1.131882716E2
7.245659208E0,2.731148658E-1,-4.955253843E-1,4.177792055E-1,-7.108610539E-1,1.483005922E2,-7.952695256E1,-2.844376413E1,-1.141490447E2
7.255681208E0,2.710549175E-1,-4.899887162E-1,4.198384215E-1,-7.142660767E-1,1.485458995E2,-7.905866721E1,-2.818799504E1,-1.150275358E2
7.265703208E0,2.692785754E-1,-4.847271853E-1,4.214686642E-1,-7.175602111E-1,1.487573152E2,-7.858670917E1,-2.794714957E1,-1.158419710E2
7.275725208E0,2.673151433E-1,-4.798053817E-1,4.229100654E-1,-7.207471662E-1,1.489908710E2,-7.814160555E1,-2.774493008E1,-1.166274514E2
7.285747208E0,2.651359195E-1,-4.754107061E-1,4.242945288E-1,-7.236447409E-1,1.492499414E2,-7.775929683E1,-2.758509456E1,-1.173627991E2
7.295769208E0,2.630795958E-1,-4.719534080E-1,4.256120313E-1,-7.258812002E-1,1.494942535E2,-7.748773245E1,-2.746615246E1,-1.179666466E2
7.305792208E0,2.614512945E-1,-4.696990415E-1,4.268337157E-1,-7.272132092E-1,1.496876115E2,-7.735421289E1,-2.738389661E1,-1.183797650E2
7.315814208E0,2.603574152E-1,-4.687121573E-1,4.279767119E-1,-7.275706145E-1,1.498174581E2,-7.736665191E1,-2.733475939E1,-1.185857102E2
7.325836208E0,2.599851531E-1,-4.690070179E-1,4.289735678E-1,-7.269263788E-1,1.498616376E2,-7.751885475E1,-2.731057961E1,-1.185667468E2
7.335858208E0,2.600896141E-1,-4.700298745E-1,4.297916013E-1,-7.257441387E-1,1.498492408E2,-7.773943349E1,-2.730158841E1,-1.184153120E2
7.345880208E0,2.600539578E-1,-4.708238000E-1,4.304347991E-1,-7.248605721E-1,1.498534723E2,-7.791085200E1,-2.730265118E1,-1.183088601E2
7.355902208E0,2.594329873E-1,-4.708969156E-1,4.310551678E-1,-7.246669284E-1,1.499271594E2,-7.798943932E1,-2.731144074E1,-1.183484821E2
7.365924208E0,2.583849426E-1,-4.702915393E-1,4.318108397E-1,-7.249844839E-1,1.500514962E2,-7.800075065E1,-2.730720528E1,-1.185104359E2
7.375946208E0,2.571760867E-1,-4.690849422E-1,4.327503101E-1,-7.256354841E-1,1.501948663E2,-7.796249525E1,-2.726994089E1,-1.187580039E2
7.385969208E0,2.558298110E-1,-4.674593501E-1,4.337985746E-1,-7.265339917E-1,1.503544782E2,-7.788787928E1,-2.721256724E1,-1.190675491E2
7.395991208E0,2.545363032E-1,-4.659322236E-1,4.346367687E-1,-7.274677340E-1,1.505077786E2,-7.780061862E1,-2.717048160E1,-1.193633020E2
7.406013208E0,2.533373728E-1,-4.649297674E-1,4.352396728E-1,-7.281668870E-1,1.506498220E2,-7.774727069E1,-2.716586579E1,-1.195901261E2
7.416035208E0,2.523567000E-1,-4.645855751E-1,4.356832473E-1,-7.284618307E-1,1.507659730E2,-7.775313216E1,-2.719179435E1,-1.197186466E2
7.426057208E0,2.515729372E-1,-4.646424352E-1,4.361194211E-1,-7.284356153E-1,1.508587799E2,-7.780648450E1,-2.722542168E1,-1.197792961E2
7.436079208E0,2.509196400E-1,-4.647382034E-1,4.367157042E-1,-7.282424353E-1,1.509361232E2,-7.788518166E1,-2.724027853E1,-1.198191912E2
7.446101208E0,2.503121774E-1,-4.645210733E-1,4.375264304E-1,-7.281033928E-1,1.510080280E2,-7.795427677E1,-2.721961264E1,-1.198883147E2
7.456124208E0,2.496138884E-1,-4.640015081E-1,4.384678857E-1,-7.281081133E-1,1.510906694E2,-7.800367412E1,-2.718024108E1,-1.200003006E2
7.466146208E0,2.488342350E-1,-4.635502865E-1,4.393977268E-1,-7.281018123E-1,1.511829221E2,-7.805913762E1,-2.715177862E1,-1.201119556E2
7.476168208E0,2.481005848E-1,-4.634292816E-1,4.402906091E-1,-7.278898558E-1,1.512697140E2,-7.814893526E1,-2.714076933E1,-1.201796827E2
7.486190208E0,2.473560607E-1,-4.633779336E-1,4.411696370E-1,-7.276436761E-1,1.513577751E2,-7.824516972E1,-2.713548008E1,-1.202401630E2
7.496212208E0,2.465959844E-1,-4.629946284E-1,4.419438963E-1,-7.276757920E-1,1.514476578E2,-7.829003039E1,-2.712007487E1,-1.203444825E2
7.506234208E0,2.458735032E-1,-4.622058054E-1,4.425015860E-1,-7.280826776E-1,1.515330782E2,-7.826171298E1,-2.709384353E1,-1.204986605E2
7.516256208E0,2.451330041E-1,-4.612356178E-1,4.428815491E-1,-7.287162080E-1,1.516206120E2,-7.819061816E1,-2.707072331E1,-1.206799654E2
7.526279208E0,2.442202930E-1,-4.601944978E-1,4.433295786E-1,-7.294082382E-1,1.517284797E2,-7.811869807E1,-2.705201235E1,-1.208848707E2
7.536301208E0,2.430789353E-1,-4.588616419E-1,4.439429035E-1,-7.302556638E-1,1.518633337E2,-7.803232179E1,-2.702288121E1,-1.211433042E2
7.546323208E0,2.417961960E-1,-4.571228836E-1,4.446461138E-1,-7.313433475E-1,1.520148448E2,-7.791026853E1,-2.697489717E1,-1.214617803E2
7.556345208E0,2.404427131E-1,-4.551391016E-1,4.453380106E-1,-7.326047816E-1,1.521746578E2,-7.775947860E1,-2.691817682E1,-1.218158178E2
7.566367208E0,2.392245849E-1,-4.534097340E-1,4.459018492E-1,-7.337321255E-1,1.523184415E2,-7.762388295E1,-2.687343657E1,-1.221281471E2
7.576389208E0,2.381109387E-1,-4.521403134E-1,4.464615169E-1,-7.345369196E-1,1.524498536E2,-7.754130272E1,-2.684720441E1,-1.223750947E2
7.586411208E0,2.370958951E-1,-4.511615578E-1,4.471097570E-1,-7.350725849E-1,1.525695982E2,-7.750376039E1,-2.682437382E1,-1.225757567E2
7.596434208E0,2.361674211E-1,-4.501309050E-1,4.478266686E-1,-7.355667778E-1,1.526791035E2,-7.747013913E1,-2.678722670E1,-1.227724264E2
7.606456208E0,2.353143900E-1,-4.488979979E-1,4.485780901E-1,-7.361354863E-1,1.527796886E2,-7.741939921E1,-2.672993762E1,-1.229845874E2
7.616478208E0,2.344869209E-1,-4.476597949E-1,4.493794831E-1,-7.366644714E-1,1.528772391E2,-7.737515910E1,-2.666690579E1,-1.231933877E2
7.626500208E0,2.337097330E-1,-4.465890424E-1,4.501536905E-1,-7.370886373E-1,1.529688437E2,-7.734707320E1,-2.661164564E1,-1.233778505E2
7.636522208E0,2.328894078E-1,-4.455837386E-1,4.509018984E-1,-7.374992108E-1,1.530655136E2,-7.732305178E1,-2.656512571E1,-1.235590278E2
7.646544208E0,2.319975805E-1,-4.447039149E-1,4.516683471E-1,-7.378422862E-1,1.531705875E2,-7.731495212E1,-2.653028437E1,-1.237317707E2
7.656566208E0,2.313560001E-1,-4.442346414E-1,4.523428758E-1,-7.379131982E-1,1.532461634E2,-7.734283746E1,-2.650710158E1,-1.238341129E2
7.666589208E0,2.311427792E-1,-4.443619407E-1,4.528651438E-1,-7.375829777E-1,1.532712775E2,-7.742081620E1,-2.649723285E1,-1.238285812E2
7.676611208E0,2.313154338E-1,-4.452284888E-1,4.532615681E-1,-7.367623575E-1,1.532509416E2,-7.756756817E1,-2.651053705E1,-1.237019843E2
7.686633208E0,2.319447705E-1,-4.469116986E-1,4.534427663E-1,-7.354326244E-1,1.531768088E2,-7.778152356E1,-2.655133925E1,-1.234398427E2
7.696655208E0,2.331300453E-1,-4.492442112E-1,4.533220360E-1,-7.337091344E-1,1.530371581E2,-7.803516063E1,-2.660667082E1,-1.230532787E2
7.706677208E0,2.347632356E-1,-4.518771485E-1,4.529766610E-1,-7.317823491E-1,1.528446665E2,-7.829950500E1,-2.665818635E1,-1.225914456E2
7.716699208E0,2.368609264E-1,-4.545811915E-1,4.524034785E-1,-7.297835348E-1,1.525973131E2,-7.854905567E1,-2.669097825E1,-1.220797056E2
7.726721208E0,2.392658467E-1,-4.573407782E-1,4.517168423E-1,-7.276972447E-1,1.523135718E2,-7.879529087E1,-2.670842912E1,-1.215324983E2
7.736744208E0,2.418104837E-1,-4.601116658E-1,4.509459070E-1,-7.255843600E-1,1.520131575E2,-7.903561075E1,-2.671884183E1,-1.209704943E2
7.746766208E0,2.445798689E-1,-4.631395537E-1,4.500720602E-1,-7.232686435E-1,1.516859867E2,-7.929682003E1,-2.673030776E1,-1.203560582E2
7.756788792E0,2.476290248E-1,-4.670726258E-1,4.492388045E-1,-7.202135028E-1,1.513254914E2,-7.967349191E1,-2.676260533E1,-1.196011255E2
7.766810792E0,2.511939738E-1,-4.718574554E-1,4.479882410E-1,-7.166300091E-1,1.509036467E2,-8.010760145E1,-2.682266106E1,-1.186962764E2
7.776832792E0,2.548191507E-1,-4.767657509E-1,4.465537730E-1,-7.129876363E-1,1.504742615E2,-8.054129997E1,-2.688975659E1,-1.177682749E2
7.786854792E0,2.581751989E-1,-4.812661269E-1,4.453175862E-1,-7.095215006E-1,1.500763752E2,-8.095528528E1,-2.693615832E1,-1.169076470E2
7.796876792E0,2.614820195E-1,-4.852851951E-1,4.442981093E-1,-7.062043118E-1,1.496839638E2,-8.134228267E1,-2.694076286E1,-1.161039927E2
7.806899792E0,2.649084319E-1,-4.889516640E-1,4.435240943E-1,-7.028771131E-1,1.492769762E2,-8.172056354E1,-2.689515675E1,-1.153260568E2
7.816921792E0,2.681984359E-1,-4.919279664E-1,4.431463136E-1,-6.997841034E-1,1.488858172E2,-8.206313033E1,-2.679402430E1,-1.146400341E2
7.826943792E0,2.711681450E-1,-4.939036052E-1,4.432448898E-1,-6.971808190E-1,1.485324198E2,-8.233765003E1,-2.663418204E1,-1.141037178E2
7.836965792E0,2.737393346E-1,-4.949270940E-1,4.438175865E-1,-6.950826014E-1,1.482261984E2,-8.254779833E1,-2.642652260E1,-1.137196509E2
7.846987792E0,2.759471762E-1,-4.951342300E-1,4.445703871E-1,-6.935793708E-1,1.479630648E2,-8.267510090E1,-2.619795896E1,-1.134723722E2
7.857009792E0,2.776180037E-1,-4.946413015E-1,4.452965563E-1,-6.927980947E-1,1.477638179E2,-8.270886977E1,-2.598452785E1,-1.133663406E2
7.867031792E0,2.786323519E-1,-4.936496731E-1,4.458602256E-1,-6.927356752E-1,1.476428077E2,-8.265805357E1,-2.581554262E1,-1.133885775E2
7.877053792E0,2.792807179E-1,-4.926377668E-1,4.461619575E-1,-6.930005471E-1,1.475654392E2,-8.257205013E1,-2.569545596E1,-1.134516970E2
7.887076792E0,2.798328627E-1,-4.921733796E-1,4.463092318E-1,-6.930129172E-1,1.474995406E2,-8.253508261E1,-2.561876204E1,-1.134563054E2
7.897098792E0,2.804169970E-1,-4.925040348E-1,4.461458153E-1,-6.926471036E-1,1.474298121E2,-8.255944104E1,-2.559768097E1,-1.133615413E2
7.907120792E0,2.811124621E-1,-4.936733385E-1,4.453975585E-1,-6.920141001E-1,1.473467777E2,-8.261858086E1,-2.564819697E1,-1.131584221E2
7.917142792E0,2.816815499E-1,-4.953238750E-1,4.442328910E-1,-6.913515306E-1,1.472788189E2,-8.268802387E1,-2.576120667E1,-1.129116992E2
7.927164792E0,2.820312213E-1,-4.970133156E-1,4.428433673E-1,-6.908876413E-1,1.472370564E2,-8.273574056E1,-2.591067642E1,-1.126833395E2
7.937186792E0,2.821680299E-1,-4.985408017E-1,4.415193662E-1,-6.905787049E-1,1.472207156E2,-8.277109868E1,-2.606547894E1,-1.124941272E2
7.947208792E0,2.821260306E-1,-4.998245130E-1,4.405805847E-1,-6.902674293E-1,1.472257322E2,-8.282141693E1,-2.619494316E1,-1.123466444E2
7.957231792E0,2.822442736E-1,-5.008888658E-1,4.400769536E-1,-6.897686846E-1,1.472116085E2,-8.289691019E1,-2.626838840E1,-1.122052205E2
7.967253792E0,2.827523538E-1,-5.018602453E-1,4.398874824E-1,-6.889749330E-1,1.471509146E2,-8.300007521E1,-2.628137928E1,-1.120338594E2
7.977275792E0,2.835458104E-1,-5.029052290E-1,4.398089259E-1,-6.879361818E-1,1.470561115E2,-8.312733734E1,-2.626487053E1,-1.118240266E2
7.987297792E0,2.844477951E-1,-5.041295765E-1,4.396268700E-1,-6.867831704E-1,1.469483130E2,-8.326602893E1,-2.625414869E1,-1.115819082E2
7.997319792E0,2.852870442E-1,-5.059607149E-1,4.393267581E-1,-6.852787598E-1,1.468479853E2,-8.346847989E1,-2.628137813E1,-1.112676246E2
8.007341792E0,2.857903408E-1,-5.087593262E-1,4.389219192E-1,-6.832534562E-1,1.467878063E2,-8.378255921E1,-2.638136588E1,-1.108582125E2
8.017363792E0,2.860676460E-1,-5.121200685E-1,4.382981089E-1,-6.810235718E-1,1.467546450E2,-8.414557090E1,-2.653637343E1,-1.103963358E2
8.027386792E0,2.864531211E-1,-5.153812862E-1,4.374731476E-1,-6.789285362E-1,1.467085436E2,-8.447639730E1,-2.669127992E1,-1.099371617E2
8.037408792E0,2.870347476E-1,-5.179968169E-1,4.365870707E-1,-6.772607011E-1,1.466389726E2,-8.471937992E1,-2.680827545E1,-1.095443498E2
8.047430792E0,2.874896385E-1,-5.198313428E-1,4.358820804E-1,-6.761153605E-1,1.465845522E2,-8.488174853E1,-2.689190759E1,-1.092644218E2
8.057452792E0,2.876759487E-1,-5.210908171E-1,4.353655707E-1,-6.753990116E-1,1.465622610E2,-8.498968721E1,-2.696203706E1,-1.090838317E2
8.067474792E0,2.878032743E-1,-5.219066326E-1,4.348808609E-1,-6.750268971E-1,1.465470263E2,-8.504255607E1,-2.701873080E1,-1.089680581E2
8.077496792E0,2.878964610E-1,-5.226934563E-1,4.345147470E-1,-6.746140687E-1,1.465358759E2,-8.510543939E1,-2.706764965E1,-1.088575466E2
8.087518792E0,2.881298070E-1,-5.238326856E-1,4.340497830E-1,-6.739298357E-1,1.465079532E2,-8.520481254E1,-2.712463296E1,-1.086871047E2
8.097541792E0,2.884877181E-1,-5.253102066E-1,4.334184021E-1,-6.730322764E-1,1.464651209E2,-8.533134489E1,-2.719560343E1,-1.084606650E2
8.107563792E0,2.887836311E-1,-5.270536004E-1,4.327323884E-1,-6.719830306E-1,1.464297044E2,-8.548806440E1,-2.728456105E1,-1.082035457E2
8.117585792E0,2.889639142E-1,-5.287223891E-1,4.319106671E-1,-6.711226659E-1,1.464081255E2,-8.561981665E1,-2.739110604E1,-1.079683038E2
8.127607792E0,2.890079998E-1,-5.300237257E-1,4.309837631E-1,-6.706730434E-1,1.464028485E2,-8.569015942E1,-2.750524043E1,-1.077970479E2
8.137629792E0,2.887964016E-1,-5.307474345E-1,4.301271231E-1,-6.707418481E-1,1.464281759E2,-8.568967696E1,-2.761646607E1,-1.077280464E2
8.147651792E0,2.884703957E-1,-5.309182873E-1,4.294392971E-1,-6.711873824E-1,1.464671940E2,-8.563294997E1,-2.770570889E1,-1.077439141E2
8.157673792E0,2.884055739E-1,-5.311390051E-1,4.289729475E-1,-6.713386896E-1,1.464749518E2,-8.560937104E1,-2.775630791E1,-1.077256243E2
8.167695792E0,2.887923555E-1,-5.320383767E-1,4.286500605E-1,-6.706663209E-1,1.464286602E2,-8.569669664E1,-2.777876214E1,-1.075691208E2
8.177718792E0,2.894872938E-1,-5.340121926E-1,4.282366052E-1,-6.690601678E-1,1.463454729E2,-8.592254675E1,-2.781605304E1,-1.072350717E2
8.187740792E0,2.901286845E-1,-5.367936897E-1,4.275512395E-1,-6.669916004E-1,1.462686793E2,-8.623013209E1,-2.790351345E1,-1.067951003E2
8.197762792E0,2.904598534E-1,-5.396485750E-1,4.267687147E-1,-6.650420769E-1,1.462290224E2,-8.653864519E1,-2.802518725E1,-1.063723008E2
8.207784792E0,2.905125791E-1,-5.420866016E-1,4.261512634E-1,-6.634302550E-1,1.462227083E2,-8.680960715E1,-2.814267005E1,-1.060296652E2
8.217806792E0,2.905736920E-1,-5.440524254E-1,4.256610007E-1,-6.621076868E-1,1.462153895E2,-8.703060140E1,-2.823381473E1,-1.057501416E2
8.227828792E0,2.907333443E-1,-5.459313899E-1,4.251722922E-1,-6.608037477E-1,1.461962693E2,-8.724112125E1,-2.831270851E1,-1.054727773E2
8.237850792E0,2.908962208E-1,-5.481158716E-1,4.245532288E-1,-6.593199889E-1,1.461767619E2,-8.748169730E1,-2.840921256E1,-1.051515616E2
8.247873792E0,2.911647384E-1,-5.506585014E-1,4.237513481E-1,-6.575963936E-1,1.461445998E2,-8.775494451E1,-2.851958867E1,-1.047695203E2
8.257895792E0,2.917808199E-1,-5.534463416E-1,4.228063367E-1,-6.555881173E-1,1.460707975E2,-8.805046194E1,-2.861568101E1,-1.043197654E2
8.267917792E0,2.926858814E-1,-5.564940012E-1,4.218736902E-1,-6.532012570E-1,1.459623511E2,-8.838823502E1,-2.868881241E1,-1.038031981E2
8.277939792E0,2.938683323E-1,-5.596151650E-1,4.209646459E-1,-6.505851389E-1,1.458206199E2,-8.874277292E1,-2.873363023E1,-1.032477789E2
8.287961792E0,2.953017044E-1,-5.626040773E-1,4.202221607E-1,-6.478324017E-1,1.456487405E2,-8.909954285E1,-2.873515909E1,-1.026849000E2
8.297983792E0,2.968377569E-1,-5.657145252E-1,4.196951459E-1,-6.447560506E-1,1.454644598E2,-8.950050973E1,-2.870715268E1,-1.020903276E2
8.308005792E0,2.984950763E-1,-5.690822270E-1,4.191737051E-1,-6.413575605E-1,1.452655274E2,-8.994268917E1,-2.866762595E1,-1.014442520E2
8.318028792E0,3.003210569E-1,-5.727118135E-1,4.184446647E-1,-6.377401703E-1,1.450462249E2,-9.040403577E1,-2.862971721E1,-1.007432444E2
8.328050792E0,3.021486918E-1,-5.765575449E-1,4.173682342E-1,-6.341067115E-1,1.448265913E2,-9.086353783E1,-2.861903289E1,-1.000094517E2
8.338072792E0,3.038472519E-1,-5.806548139E-1,4.158871887E-1,-6.305193825E-1,1.446223495E2,-9.132189105E1,-2.865248171E1,-9.924834575E1
8.348094792E0,3.054053893E-1,-5.854429645E-1,4.142055136E-1,-6.264327714E-1,1.444348905E2,-9.187006615E1,-2.871676445E1,-9.839027820E1
8.358116792E0,3.071021161E-1,-5.909434075E-1,4.125459973E-1,-6.215141710E-1,1.442306459E2,-9.253786185E1,-2.876196908E1,-9.740280415E1
8.368138792E0,3.091422553E-1,-5.968389403E-1,4.110085329E-1,-6.158622997E-1,1.439849071E2,-9.328838465E1,-2.875210605E1,-9.631470859E1
8.378160792E0,3.110496531E-1,-6.028525264E-1,4.096494762E-1,-6.099216171E-1,1.437550023E2,-9.408601641E1,-2.872086701E1,-9.520996967E1
8.388183792E0,3.123200013E-1,-6.086175304E-1,4.084880039E-1,-6.042999440E-1,1.436017994E2,-9.487648970E1,-2.871264905E1,-9.419010298E1
8.398205792E0,3.130105985E-1,-6.138940313E-1,4.074104249E-1,-5.993123913E-1,1.435184857E2,-9.560877189E1,-2.873642527E1,-9.328970475E1
8.408227792E0,3.130492893E-1,-6.184669117E-1,4.066143236E-1,-5.951165882E-1,1.435138175E2,-9.626706216E1,-2.878597707E1,-9.255030963E1
8.418249792E0,3.123427500E-1,-6.221250579E-1,4.062770118E-1,-5.918964742E-1,1.435990553E2,-9.683313100E1,-2.886005380E1,-9.201570209E1
8.428271792E0,3.108534068E-1,-6.247819953E-1,4.065432956E-1,-5.896950178E-1,1.437786635E2,-9.730512297E1,-2.895423890E1,-9.170505525E1
8.438293792E0,3.086818432E-1,-6.266496064E-1,4.074512230E-1,-5.882255996E-1,1.440403796E2,-9.771918088E1,-2.905684315E1,-9.157667878E1
8.448315792E0,3.059647307E-1,-6.278356398E-1,4.088289824E-1,-5.874238717E-1,1.443675724E2,-9.807404463E1,-2.917224771E1,-9.160235503E1
8.458337792E0,3.028432192E-1,-6.283985953E-1,4.103583651E-1,-5.873731585E-1,1.447430925E2,-9.834592273E1,-2.931826565E1,-9.176153774E1
8.468360792E0,2.994065546E-1,-6.287595409E-1,4.117523300E-1,-5.877729740E-1,1.451560742E2,-9.857475261E1,-2.950984063E1,-9.197773912E1
8.478382792E0,2.956759368E-1,-6.290786979E-1,4.130029745E-1,-5.884422976E-1,1.456038522E2,-9.878615205E1,-2.974382595E1,-9.222253800E1
8.488404792E0,2.920356082E-1,-6.292726471E-1,4.141017534E-1,-5.892799451E-1,1.460402714E2,-9.896194230E1,-2.998482333E1,-9.247887575E1
8.498426792E0,2.888541954E-1,-6.292875355E-1,4.151053014E-1,-5.901255795E-1,1.464212584E2,-9.909516745E1,-3.019254762E1,-9.272689106E1
8.508448792E0,2.862786542E-1,-6.290836501E-1,4.160388331E-1,-5.909398882E-1,1.467294099E2,-9.917983460E1,-3.035094832E1,-9.296232879E1
8.518470792E0,2.844819973E-1,-6.287769054E-1,4.167192518E-1,-5.916542984E-1,1.469442249E2,-9.921453979E1,-3.046014349E1,-9.315355559E1
8.528492792E0,2.834125421E-1,-6.288037213E-1,4.171554611E-1,-5.918315891E-1,1.470720361E2,-9.927381818E1,-3.051990253E1,-9.323191007E1
8.538515792E0,2.829538685E-1,-6.296577956E-1,4.173908829E-1,-5.909763769E-1,1.471268396E2,-9.944640583E1,-3.053210159E1,-9.312371263E1
8.548537792E0,2.829856788E-1,-6.313303722E-1,4.173856356E-1,-5.891776863E-1,1.471230391E2,-9.972824424E1,-3.051096320E1,-9.283972374E1
8.558559792E0,2.833551275E-1,-6.335440511E-1,4.171378543E-1,-5.867945455E-1,1.470788966E2,-1.000743584E2,-3.047245579E1,-9.243806994E1
8.568581792E0,2.838346428E-1,-6.359384979E-1,4.168622139E-1,-5.841626750E-1,1.470215957E2,-1.004483923E2,-3.042055716E1,-9.199636451E1
8.578603792E0,2.844657918E-1,-6.382943487E-1,4.166194375E-1,-5.814531805E-1,1.469461619E2,-1.008187695E2,-3.034785650E1,-9.154842401E1
8.588625792E0,2.851811081E-1,-6.403607243E-1,4.165876588E-1,-5.788476624E-1,1.468606508E2,-1.011610250E2,-3.024753129E1,-9.114218699E1
8.598647792E0,2.857251291E-1,-6.417792819E-1,4.170204437E-1,-5.766927888E-1,1.467956042E2,-1.014416236E2,-3.012661267E1,-9.085863869E1
8.608670792E0,2.858395578E-1,-6.421740609E-1,4.179910540E-1,-5.754926573E-1,1.467819210E2,-1.016060747E2,-3.001165517E1,-9.078189860E1
8.618692792E0,2.855063132E-1,-6.415675572E-1,4.192606119E-1,-5.754109240E-1,1.468217685E2,-1.016346786E2,-2.992902690E1,-9.090937132E1
8.628714792E0,2.848411200E-1,-6.403113072E-1,4.205888488E-1,-5.761701890E-1,1.469012964E2,-1.015626512E2,-2.988459072E1,-9.117200185E1
8.638736792E0,2.839992473E-1,-6.387154167E-1,4.219761966E-1,-5.773413972E-1,1.470019238E2,-1.014417612E2,-2.985666024E1,-9.150472025E1
8.648758792E0,2.830904875E-1,-6.367902962E-1,4.236685822E-1,-5.786733114E-1,1.471105168E2,-1.012982714E2,-2.980924727E1,-9.189653005E1
8.658780792E0,2.822708050E-1,-6.344677941E-1,4.256727913E-1,-5.801521705E-1,1.472084394E2,-1.011206744E2,-2.972685396E1,-9.234604560E1
8.668802792E0,2.816485384E-1,-6.319177096E-1,4.277367541E-1,-5.817176836E-1,1.472827614E2,-1.009116309E2,-2.962047466E1,-9.281599429E1
8.678824792E0,2.814181005E-1,-6.297810540E-1,4.294807696E-1,-5.828600950E-1,1.473102808E2,-1.007374915E2,-2.949984234E1,-9.318513926E1
8.688847792E0,2.816286873E-1,-6.284063819E-1,4.309052593E-1,-5.831906738E-1,1.472851321E2,-1.006547976E2,-2.935707499E1,-9.339282726E1
8.698869792E0,2.821618554E-1,-6.274813639E-1,4.322367415E-1,-5.829436828E-1,1.472214531E2,-1.006351399E2,-2.918631521E1,-9.350040355E1
8.708891792E0,2.826919574E-1,-6.263171626E-1,4.337276652E-1,-5.828313403E-1,1.471581299E2,-1.005935078E2,-2.900276959E1,-9.364645929E1
8.718913792E0,2.829712540E-1,-6.244103970E-1,4.354964420E-1,-5.834225447E-1,1.471247625E2,-1.004623501E2,-2.882423273E1,-9.393209637E1
8.728935792E0,2.829680720E-1,-6.217761874E-1,4.374448381E-1,-5.847782192E-1,1.471251426E2,-1.002359039E2,-2.866166384E1,-9.435603518E1
8.738957792E0,2.828062175E-1,-6.188931217E-1,4.393542273E-1,-5.864808781E-1,1.471444796E2,-9.996971604E1,-2.851792979E1,-9.483002917E1
8.748979792E0,2.824353885E-1,-6.161464116E-1,4.411994163E-1,-5.881640757E-1,1.471887796E2,-9.972446486E1,-2.839645042E1,-9.529551448E1
8.759003292E0,2.816958166E-1,-6.136517027E-1,4.428913963E-1,-5.898528789E-1,1.472771151E2,-9.950990184E1,-2.832075598E1,-9.574753315E1
8.769025292E0,2.803062140E-1,-6.111333811E-1,4.443769515E-1,-5.920081212E-1,1.474430373E2,-9.927720426E1,-2.832475677E1,-9.625369712E1
8.779047292E0,2.782674550E-1,-6.080377425E-1,4.457652213E-1,-5.951056933E-1,1.476863436E2,-9.894885869E1,-2.839904436E1,-9.690234041E1
8.789069292E0,2.757826665E-1,-6.038545255E-1,4.472925125E-1,-5.993606494E-1,1.479826772E2,-9.846855525E1,-2.849892279E1,-9.775638362E1
8.799091292E0,2.731180163E-1,-5.984577638E-1,4.490532656E-1,-6.046536614E-1,1.483002169E2,-9.782803928E1,-2.858293136E1,-9.881115805E1
8.809113292E0,2.703502011E-1,-5.920933052E-1,4.509737605E-1,-6.107037045E-1,1.486297862E2,-9.706235108E1,-2.864266145E1,-1.000181958E2
8.819135292E0,2.675927752E-1,-5.853976040E-1,4.528812425E-1,-6.169297318E-1,1.489578539E2,-9.625482772E1,-2.868036509E1,-1.012668215E2
8.829158292E0,2.650686742E-1,-5.791395293E-1,4.546353364E-1,-6.226096203E-1,1.492579331E2,-9.550764246E1,-2.869431828E1,-1.024205693E2
8.839180292E0,2.630698599E-1,-5.738823527E-1,4.560354863E-1,-6.272837479E-1,1.494954099E2,-9.487946521E1,-2.868773778E1,-1.033735440E2
8.849202292E0,2.616722282E-1,-5.697930284E-1,4.570144575E-1,-6.308735214E-1,1.496613812E2,-9.438292577E1,-2.866964258E1,-1.040986048E2
8.859224292E0,2.609086116E-1,-5.668951902E-1,4.574515098E-1,-6.334783653E-1,1.497520345E2,-9.400332588E1,-2.865442279E1,-1.045942981E2
8.869246292E0,2.605640822E-1,-5.649367210E-1,4.574276442E-1,-6.353840982E-1,1.497929292E2,-9.371034896E1,-2.865439598E1,-1.049178848E2
8.879268292E0,2.604540368E-1,-5.635228733E-1,4.571420466E-1,-6.368883614E-1,1.498059904E2,-9.346774145E1,-2.866406925E1,-1.051427720E2
8.889290292E0,2.604018169E-1,-5.621841050E-1,4.569030055E-1,-6.382629809E-1,1.498121883E2,-9.324202781E1,-2.866488704E1,-1.053505839E2
8.899312292E0,2.603035726E-1,-5.606589792E-1,4.567900519E-1,-6.397236642E-1,1.498238484E2,-9.300425129E1,-2.865441418E1,-1.055879602E2
8.909335292E0,2.599348298E-1,-5.586958896E-1,4.567549594E-1,-6.416132339E-1,1.498676096E2,-9.271268038E1,-2.865146559E1,-1.059116562E2
8.919357292E0,2.593450479E-1,-5.562745057E-1,4.566031096E-1,-6.440593316E-1,1.499375937E2,-9.234200748E1,-2.866659802E1,-1.063226829E2
8.929379292E0,2.587459304E-1,-5.536221887E-1,4.562825564E-1,-6.468069268E-1,1.500086738E2,-9.191944349E1,-2.868872145E1,-1.067696770E2
8.939401292E0,2.584366779E-1,-5.510146633E-1,4.559495805E-1,-6.493869672E-1,1.500453593E2,-9.150325284E1,-2.868378834E1,-1.071841051E2
8.949423292E0,2.586126621E-1,-5.483964484E-1,4.557219559E-1,-6.516887962E-1,1.500244833E2,-9.109942062E1,-2.862381212E1,-1.075552311E2
8.959445292E0,2.592304506E-1,-5.457477508E-1,4.554668200E-1,-6.538416573E-1,1.499511906E2,-9.069003335E1,-2.852378176E1,-1.078909907E2
8.969467292E0,2.602355897E-1,-5.432605125E-1,4.551632626E-1,-6.557224814E-1,1.498319167E2,-9.030033613E1,-2.839561609E1,-1.081681046E2
8.979490292E0,2.616261196E-1,-5.411700762E-1,4.548469452E-1,-6.571156666E-1,1.496668555E2,-8.996758382E1,-2.824371189E1,-1.083523530E2
8.989512292E0,2.633852026E-1,-5.395890109E-1,4.543854899E-1,-6.580318126E-1,1.494579533E2,-8.969119306E1,-2.808472182E1,-1.084316161E2
8.999534292E0,2.654451298E-1,-5.385279061E-1,4.537694031E-1,-6.584981675E-1,1.492131917E2,-8.947070602E1,-2.792643553E1,-1.084110344E2
9.009556292E0,2.677735325E-1,-5.380099635E-1,4.530662672E-1,-6.584629749E-1,1.489363562E2,-8.931668829E1,-2.776725199E1,-1.082897492E2
9.019578292E0,2.703010158E-1,-5.379822756E-1,4.522585202E-1,-6.580081050E-1,1.486356404E2,-8.921922098E1,-2.761328607E1,-1.080820206E2
9.029600292E0,2.730930970E-1,-5.384108853E-1,4.512823386E-1,-6.571743350E-1,1.483031853E2,-8.916595576E1,-2.746298307E1,-1.077878971E2
9.039622292E0,2.762140289E-1,-5.393147140E-1,4.501873319E-1,-6.558786144E-1,1.479312491E2,-8.916545190E1,-2.730672564E1,-1.073982503E2
9.049644292E0,2.796342457E-1,-5.406398162E-1,4.490097437E-1,-6.541434287E-1,1.475232469E2,-8.921461611E1,-2.714184671E1,-1.069226576E2
9.059667292E0,2.832472000E-1,-5.421725074E-1,4.477596892E-1,-6.521742858E-1,1.470917925E2,-8.928507358E1,-2.697030032E1,-1.064003733E2
9.069689292E0,2.867895162E-1,-5.435654397E-1,4.465132594E-1,-6.503186865E-1,1.466683074E2,-8.933721517E1,-2.679957259E1,-1.059029299E2
9.079711292E0,2.899678943E-1,-5.444921435E-1,4.453272681E-1,-6.489457950E-1,1.462879322E2,-8.933179141E1,-2.664303439E1,-1.055021035E2
9.089733292E0,2.926917187E-1,-5.448604279E-1,4.441801942E-1,-6.481995851E-1,1.459616516E2,-8.925328219E1,-2.650915969E1,-1.052195118E2
9.099755292E0,2.948474878E-1,-5.446558787E-1,4.431881944E-1,-6.480734396E-1,1.457032154E2,-8.911286148E1,-2.639827206E1,-1.050661779E2
9.109777292E0,2.965418754E-1,-5.440481422E-1,4.422536091E-1,-6.484492209E-1,1.454999639E2,-8.892311227E1,-2.631345848E1,-1.050098227E2
9.119799292E0,2.977305641E-1,-5.431503880E-1,4.414288216E-1,-6.492185905E-1,1.453573072E2,-8.870575020E1,-2.625666101E1,-1.050379634E2
9.129822292E0,2.985984415E-1,-5.422234945E-1,4.407151069E-1,-6.500790711E-1,1.452531166E2,-8.849719949E1,-2.621767366E1,-1.050974111E2
9.139844292E0,2.993269603E-1,-5.414121782E-1,4.400604715E-1,-6.508632027E-1,1.451656334E2,-8.831160215E1,-2.618855424E1,-1.051522168E2
9.149866292E0,2.999860422E-1,-5.407195317E-1,4.393951466E-1,-6.515847673E-1,1.450864704E2,-8.814139200E1,-2.616926007E1,-1.051965657E2
9.159888292E0,3.005728000E-1,-5.401308877E-1,4.386842347E-1,-6.522812123E-1,1.450159799E2,-8.798047730E1,-2.616268251E1,-1.052332423E2
9.169910292E0,3.011127960E-1,-5.395282299E-1,4.379692134E-1,-6.530110166E-1,1.449510950E2,-8.781731768E1,-2.616000934E1,-1.052759954E2
9.179932292E0,3.016137640E-1,-5.387977302E-1,4.373442704E-1,-6.538013438E-1,1.448908893E2,-8.764699075E1,-2.614952625E1,-1.053388844E2
9.189954292E0,3.020639239E-1,-5.380153741E-1,4.368364273E-1,-6.545768142E-1,1.448367811E2,-8.748300293E1,-2.613194090E1,-1.054120599E2
9.199976292E0,3.025194998E-1,-5.374029066E-1,4.362777181E-1,-6.552418388E-1,1.447820137E2,-8.733673296E1,-2.612255825E1,-1.054615341E2
9.209999292E0,3.030851842E-1,-5.372867341E-1,4.354650584E-1,-6.556161976E-1,1.447139979E2,-8.722988617E1,-2.613845243E1,-1.054348601E2
9.220021292E0,3.039477405E-1,-5.378487623E-1,4.343273042E-1,-6.555107673E-1,1.446102627E2,-8.717976819E1,-2.617445071E1,-1.052903952E2
9.230043292E0,3.052814670E-1,-5.389119587E-1,4.328818359E-1,-6.549737005E-1,1.444498031E2,-8.716503182E1,-2.620886765E1,-1.050360062E2
9.240065292E0,3.070063163E-1,-5.402689028E-1,4.312390518E-1,-6.541327550E-1,1.442421810E2,-8.717016664E1,-2.623340771E1,-1.047061042E2
9.250087292E0,3.087773268E-1,-5.416976441E-1,4.296586662E-1,-6.531567183E-1,1.440288760E2,-8.719346522E1,-2.625003271E1,-1.043602586E2
9.260109292E0,3.103845232E-1,-5.430658362E-1,4.282014600E-1,-6.522150207E-1,1.438351897E2,-8.722296893E1,-2.626843128E1,-1.040357681E2
9.270131292E0,3.115651091E-1,-5.442078893E-1,4.269901174E-1,-6.514940883E-1,1.436928469E2,-8.724861762E1,-2.629711185E1,-1.037791282E2
9.280154292E0,3.121105314E-1,-5.449184220E-1,4.261048439E-1,-6.512185744E-1,1.436270659E2,-8.724992045E1,-2.634264873E1,-1.036380119E2
9.290176292E0,3.119536714E-1,-5.449616225E-1,4.254477324E-1,-6.516870682E-1,1.436459854E2,-8.718257923E1,-2.641367311E1,-1.036532538E2
9.300198292E0,3.112000857E-1,-5.443049114E-1,4.248972735E-1,-6.529540868E-1,1.437368638E2,-8.702847841E1,-2.651013414E1,-1.038211309E2
9.310220292E0,3.100563256E-1,-5.430565112E-1,4.245153493E-1,-6.547835761E-1,1.438747501E2,-8.681000044E1,-2.661041589E1,-1.041066094E2
9.320242292E0,3.088433499E-1,-5.415407419E-1,4.243252670E-1,-6.567324358E-1,1.440209216E2,-8.657577631E1,-2.669202637E1,-1.044338270E2
9.330264292E0,3.077490702E-1,-5.401555699E-1,4.242935462E-1,-6.584052232E-1,1.441527375E2,-8.637786441E1,-2.675206396E1,-1.047297548E2
9.340286292E0,3.068245053E-1,-5.392059488E-1,4.243244504E-1,-6.595941331E-1,1.442640715E2,-8.624773754E1,-2.680323146E1,-1.049481495E2
9.350309292E0,3.061169440E-1,-5.388457407E-1,4.242806387E-1,-6.602452176E-1,1.443492509E2,-8.619114537E1,-2.685805109E1,-1.050648844E2
9.360331292E0,3.058139292E-1,-5.392294246E-1,4.240464076E-1,-6.602226901E-1,1.443857229E2,-8.621691214E1,-2.691475843E1,-1.050422286E2
9.370353292E0,3.059293484E-1,-5.401963207E-1,4.236917366E-1,-6.596063135E-1,1.443718311E2,-8.631106673E1,-2.696167033E1,-1.049003533E2
9.380375292E0,3.062931916E-1,-5.413418088E-1,4.232798566E-1,-6.587622491E-1,1.443280353E2,-8.642461830E1,-2.699647095E1,-1.047106363E2
9.390397292E0,3.067619699E-1,-5.423174662E-1,4.228485679E-1,-6.580181676E-1,1.442716006E2,-8.651313646E1,-2.701873166E1,-1.045348533E2
9.400419292E0,3.073092678E-1,-5.429289748E-1,4.224678554E-1,-6.575029013E-1,1.442057019E2,-8.655715268E1,-2.701978683E1,-1.044021910E2
9.410441292E0,3.079399006E-1,-5.431610248E-1,4.222139733E-1,-6.571791819E-1,1.441297538E2,-8.656282782E1,-2.699258453E1,-1.043136692E2
9.420463292E0,3.086534678E-1,-5.432641687E-1,4.220530882E-1,-6.568623851E-1,1.440437981E2,-8.656116461E1,-2.694681964E1,-1.042344969E2
9.430486292E0,3.093313788E-1,-5.435152902E-1,4.220328472E-1,-6.563485097E-1,1.439621182E2,-8.659564020E1,-2.689615723E1,-1.041362744E2
9.440508292E0,3.099281255E-1,-5.441507540E-1,4.221157343E-1,-6.554866593E-1,1.438902019E2,-8.669484684E1,-2.685383692E1,-1.039904336E2
9.450530292E0,3.104783631E-1,-5.452654749E-1,4.221571857E-1,-6.542721873E-1,1.438238775E2,-8.685620753E1,-2.683114870E1,-1.037817839E2
9.460552292E0,3.111267081E-1,-5.466775103E-1,4.220751363E-1,-6.528372136E-1,1.437457115E2,-8.704594582E1,-2.681717933E1,-1.035230603E2
9.470574292E0,3.119189529E-1,-5.478973402E-1,4.220010263E-1,-6.514831512E-1,1.436501728E2,-8.721037180E1,-2.678420979E1,-1.032777483E2
9.480596292E0,3.127164345E-1,-5.483513671E-1,4.220305924E-1,-6.506992409E-1,1.435539761E2,-8.727901858E1,-2.672263101E1,-1.031391943E2
9.490618292E0,3.134214459E-1,-5.478197373E-1,4.221877896E-1,-6.507059212E-1,1.434689116E2,-8.722336809E1,-2.663426074E1,-1.031474461E2
9.500640292E0,3.138700465E-1,-5.465256130E-1,4.225925310E-1,-6.513148694E-1,1.434147740E2,-8.708817214E1,-2.652845689E1,-1.032843760E2
9.510663292E0,3.140372219E-1,-5.450627697E-1,4.231674246E-1,-6.520862199E-1,1.433945969E2,-8.694840125E1,-2.642814997E1,-1.034687803E2
9.520685292E0,3.140540596E-1,-5.439591070E-1,4.237734172E-1,-6.526060802E-1,1.433925646E2,-8.686235484E1,-2.634700534E1,-1.036158552E2
9.530707292E0,3.142402433E-1,-5.433052303E-1,4.242512044E-1,-6.527505807E-1,1.433700918E2,-8.682522006E1,-2.627321235E1,-1.036851118E2
9.540729292E0,3.148023137E-1,-5.428467832E-1,4.245505050E-1,-6.526667085E-1,1.433022399E2,-8.679639157E1,-2.618666951E1,-1.036937283E2
9.550751292E0,3.155824097E-1,-5.422228413E-1,4.247669712E-1,-6.526677622E-1,1.432080462E2,-8.673619407E1,-2.608376984E1,-1.037057563E2
9.560773292E0,3.161966579E-1,-5.411230403E-1,4.251365359E-1,-6.530425319E-1,1.431338599E2,-8.662734382E1,-2.596991956E1,-1.037976306E2
9.570795292E0,3.164869443E-1,-5.394537722E-1,4.258395453E-1,-6.538242928E-1,1.430987948E2,-8.647727025E1,-2.584070759E1,-1.039946939E2
9.580818292E0,3.164932874E-1,-5.373292128E-1,4.269535919E-1,-6.548433825E-1,1.430980285E2,-8.631136182E1,-2.568842680E1,-1.042758371E2
9.590840292E0,3.163634856E-1,-5.350632033E-1,4.283499433E-1,-6.558489957E-1,1.431137084E2,-8.615933477E1,-2.551915143E1,-1.045846041E2
9.600862292E0,3.161027020E-1,-5.330183067E-1,4.298305779E-1,-6.566705010E-1,1.431452085E2,-8.604832929E1,-2.535931528E1,-1.048728117E2
9.610884292E0,3.158387784E-1,-5.316410583E-1,4.310390703E-1,-6.571217252E-1,1.431770850E2,-8.599809619E1,-2.524108925E1,-1.050721419E2
9.620906292E0,3.156914541E-1,-5.310780502E-1,4.318980336E-1,-6.570837720E-1,1.431948774E2,-8.601872598E1,-2.516538081E1,-1.051532149E2
9.630928292E0,3.156242510E-1,-5.311046080E-1,4.326016278E-1,-6.566316417E-1,1.432029933E2,-8.610118279E1,-2.511275783E1,-1.051484003E2
9.640950292E0,3.156009754E-1,-5.313431117E-1,4.333484331E-1,-6.559571340E-1,1.432058041E2,-8.621702449E1,-2.505867935E1,-1.051102741E2
9.650972292E0,3.154208608E-1,-5.313524578E-1,4.343163882E-1,-6.553956326E-1,1.432275547E2,-8.632671863E1,-2.499298295E1,-1.051155580E2
9.660995292E0,3.147315913E-1,-5.308069406E-1,4.355817735E-1,-6.553292935E-1,1.433107781E2,-8.639458726E1,-2.493084050E1,-1.052404849E2
9.671017292E0,3.132146313E-1,-5.294078812E-1,4.371989850E-1,-6.561104537E-1,1.434938674E2,-8.638678562E1,-2.488673799E1,-1.055540655E2
9.681039292E0,3.109869386E-1,-5.269451065E-1,4.391160423E-1,-6.578702322E-1,1.437625639E2,-8.627131305E1,-2.484748595E1,-1.060729729E2
9.691061292E0,3.081221646E-1,-5.235902859E-1,4.413732747E-1,-6.603814784E-1,1.441078004E2,-8.607811923E1,-2.480585698E1,-1.067646576E2
9.701083292E0,3.048455422E-1,-5.199567639E-1,4.438195200E-1,-6.631278092E-1,1.445022568E2,-8.587344234E1,-2.477164451E1,-1.075259471E2
9.711105292E0,3.016570699E-1,-5.168950166E-1,4.461189993E-1,-6.654325464E-1,1.448856844E2,-8.573118867E1,-2.475680749E1,-1.082010593E2
9.721127292E0,2.988492890E-1,-5.149826139E-1,4.480406743E-1,-6.668895208E-1,1.452229963E2,-8.569822648E1,-2.477650147E1,-1.086909227E2
9.731149292E0,2.963872387E-1,-5.143816894E-1,4.495268513E-1,-6.674516754E-1,1.455185181E2,-8.578639418E1,-2.484606560E1,-1.089798801E2
9.741172292E0,2.942093846E-1,-5.148449123E-1,4.507307049E-1,-6.672461253E-1,1.457797307E2,-8.598055749E1,-2.495069139E1,-1.091048209E2
9.751194292E0,2.922364484E-1,-5.158503570E-1,4.518730636E-1,-6.665635570E-1,1.460162071E2,-8.623906611E1,-2.506122870E1,-1.091388481E2
9.761215792E0,2.901628446E-1,-5.167420315E-1,4.531826346E-1,-6.658894393E-1,1.462645889E2,-8.650309927E1,-2.516285487E1,-1.091938542E2
9.771237792E0,2.875906435E-1,-5.169286920E-1,4.547524862E-1,-6.657901202E-1,1.465724676E2,-8.670564088E1,-2.526255451E1,-1.093838027E2
9.781259792E0,2.843464952E-1,-5.160887606E-1,4.564363661E-1,-6.666822215E-1,1.469604211E2,-8.678722972E1,-2.537635089E1,-1.097693280E2
9.791281792E0,2.804099795E-1,-5.141286187E-1,4.580958324E-1,-6.687227190E-1,1.474306498E2,-8.671977921E1,-2.551260726E1,-1.103661928E2
9.801303792E0,2.758032868E-1,-5.111716353E-1,4.597600876E-1,-6.717564070E-1,1.479802190E2,-8.652392535E1,-2.566820310E1,-1.111545627E2
9.811326792E0,2.705427912E-1,-5.073690018E-1,4.615696810E-1,-6.755269273E-1,1.486068627E2,-8.623771914E1,-2.583201792E1,-1.121093608E2
9.821348792E0,2.647945511E-1,-5.029030888E-1,4.635493514E-1,-6.797752454E-1,1.492905093E2,-8.589011926E1,-2.599109543E1,-1.131892691E2
9.831370792E0,2.587778988E-1,-4.981303138E-1,4.656445371E-1,-6.841603088E-1,1.500048813E2,-8.552241414E1,-2.614248562E1,-1.143268554E2
9.841392792E0,2.526133743E-1,-4.933770923E-1,4.677820409E-1,-6.884369917E-1,1.507355755E2,-8.516804304E1,-2.629430512E1,-1.154691853E2
9.851414792E0,2.463436934E-1,-4.888734526E-1,4.698312167E-1,-6.925143621E-1,1.514774885E2,-8.483941804E1,-2.646326006E1,-1.165851140E2
9.861436792E0,2.401198893E-1,-4.848533189E-1,4.716708410E-1,-6.962659163E-1,1.522127671E2,-8.454958473E1,-2.665765239E1,-1.176340148E2
9.871458792E0,2.340624178E-1,-4.812882385E-1,4.733098948E-1,-6.996814548E-1,1.529272761E2,-8.429482511E1,-2.686750081E1,-1.186097895E2
9.881480792E0,2.283365577E-1,-4.780310724E-1,4.747896439E-1,-7.027968234E-1,1.536016846E2,-8.406175254E1,-2.707096788E1,-1.195164062E2
9.891503792E0,2.231663828E-1,-4.751950962E-1,4.761890027E-1,-7.054292523E-1,1.542098435E2,-8.387421280E1,-2.725131303E1,-1.203182432E2
9.901525792E0,2.184572521E-1,-4.728794989E-1,4.777175498E-1,-7.074231144E-1,1.547631277E2,-8.376976988E1,-2.740840702E1,-1.210074547E2
9.911547792E0,2.142755261E-1,-4.712789731E-1,4.791686228E-1,-7.087874078E-1,1.552539450E2,-8.374503080E1,-2.756308613E1,-1.215582586E2
9.921569792E0,2.105144889E-1,-4.704453572E-1,4.803907484E-1,-7.096404811E-1,1.556949914E2,-8.378544445E1,-2.773842432E1,-1.219777032E2
9.931591792E0,2.070345711E-1,-4.702093990E-1,4.814448611E-1,-7.101060563E-1,1.561027462E2,-8.387753450E1,-2.793344580E1,-1.222987238E2
9.941613792E0,2.036948548E-1,-4.702306285E-1,4.824093621E-1,-7.104032759E-1,1.564937845E2,-8.399000505E1,-2.813678638E1,-1.225754789E2
9.951635792E0,2.003656121E-1,-4.701092588E-1,4.832563320E-1,-7.108546475E-1,1.568833203E2,-8.407063172E1,-2.834000123E1,-1.228712420E2
9.961657792E0,1.969728540E-1,-4.696576388E-1,4.840286052E-1,-7.115755483E-1,1.572800093E2,-8.410189343E1,-2.853612712E1,-1.232158829E2
9.971680792E0,1.933949026E-1,-4.688213420E-1,4.848814236E-1,-7.125272452E-1,1.576980530E2,-8.409689120E1,-2.872124900E1,-1.236237983E2
9.981702792E0,1.897742565E-1,-4.677979184E-1,4.858013346E-1,-7.135459978E-1,1.581207793E2,-8.407836993E1,-2.889496780E1,-1.240572009E2
9.991724792E0,1.861566029E-1,-4.666944000E-1,4.867662742E-1,-7.145633595E-1,1.585428553E2,-8.405661737E1,-2.906069944E1,-1.244988383E2
1.000174679E1,1.825454398E-1,-4.655767637E-1,4.877568799E-1,-7.155479309E-1,1.589638806E2,-8.403708326E1,-2.922295787E1,-1.249403682E2
1.001176879E1,1.789393976E-1,-4.645862324E-1,4.888339808E-1,-7.163669706E-1,1.593840224E2,-8.404479772E1,-2.938562430E1,-1.253622175E2
1.002179079E1,1.755021325E-1,-4.639494488E-1,4.898567452E-1,-7.169310851E-1,1.597842391E2,-8.408891507E1,-2.955756501E1,-1.257243579E2
1.003181279E1,1.722419684E-1,-4.636426145E-1,4.906817329E-1,-7.173561150E-1,1.601636050E2,-8.414734442E1,-2.974638695E1,-1.260329395E2
1.004183579E1,1.689578859E-1,-4.632931434E-1,4.913116491E-1,-7.179315038E-1,1.605455322E2,-8.417468282E1,-2.994732002E1,-1.263537661E2
1.005185779E1,1.654545977E-1,-4.624896532E-1,4.917302542E-1,-7.189780522E-1,1.609527120E2,-8.411821057E1,-3.015372547E1,-1.267579723E2
1.006187979E1,1.618522223E-1,-4.612156949E-1,4.918912829E-1,-7.205046953E-1,1.613711556E2,-8.396999915E1,-3.035716205E1,-1.272387215E2
1.007190179E1,1.582833957E-1,-4.596493639E-1,4.919736233E-1,-7.222401340E-1,1.617854552E2,-8.377615465E1,-3.054480019E1,-1.277564404E2
1.008192379E1,1.547783163E-1,-4.578960524E-1,4.921207185E-1,-7.240112078E-1,1.621921209E2,-8.356910645E1,-3.071076856E1,-1.282907415E2
1.009194579E1,1.514077907E-1,-4.562799275E-1,4.923519822E-1,-7.255851818E-1,1.625829622E2,-8.339066880E1,-3.086707340E1,-1.287928966E2
1.010196779E1,1.484527487E-1,-4.554123834E-1,4.925038728E-1,-7.266370407E-1,1.629254566E2,-8.329239867E1,-3.103836440E1,-1.291642861E2
1.011198979E1,1.461402354E-1,-4.557189898E-1,4.924343845E-1,-7.269605599E-1,1.631933735E2,-8.330639208E1,-3.124177386E1,-1.293341724E2
1.012201279E1,1.445747329E-1,-4.572546063E-1,4.922282482E-1,-7.264488129E-1,1.633746926E2,-8.345239297E1,-3.146761830E1,-1.292826367E2
1.013203479E1,1.434951835E-1,-4.596020778E-1,4.919894679E-1,-7.253423738E-1,1.634997034E2,-8.369551906E1,-3.170470300E1,-1.290819051E2
1.014205679E1,1.425821352E-1,-4.622508729E-1,4.917031723E-1,-7.240320915E-1,1.636054181E2,-8.397222580E1,-3.194822783E1,-1.288259067E2
1.015207879E1,1.416392049E-1,-4.648944733E-1,4.913457011E-1,-7.227661056E-1,1.637145778E2,-8.424157282E1,-3.219702291E1,-1.285725402E2
1.016210079E1,1.406096417E-1,-4.673454917E-1,4.908878072E-1,-7.216968400E-1,1.638337498E2,-8.447602833E1,-3.244680928E1,-1.283527090E2
1.017212279E1,1.395190287E-1,-4.696283712E-1,4.901937797E-1,-7.208978411E-1,1.639599690E2,-8.465946737E1,-3.270579555E1,-1.281656735E2
1.018214479E1,1.383604329E-1,-4.718792684E-1,4.890825332E-1,-7.204058821E-1,1.640940347E2,-8.478351390E1,-3.299390794E1,-1.279999909E2
1.019216679E1,1.368779808E-1,-4.741888880E-1,4.876891861E-1,-7.201170708E-1,1.642655431E2,-8.487701212E1,-3.332827423E1,-1.278618640E2
1.020218979E1,1.349550097E-1,-4.766030397E-1,4.861787471E-1,-7.199075799E-1,1.644879633E2,-8.496828075E1,-3.371042320E1,-1.277498692E2
1.021221179E1,1.327595382E-1,-4.789059656E-1,4.846421352E-1,-7.198235812E-1,1.647418305E2,-8.504307362E1,-3.410933377E1,-1.276757373E2
1.022223379E1,1.305663427E-1,-4.811805872E-1,4.832719007E-1,-7.196290735E-1,1.649953594E2,-8.513983304E1,-3.449574212E1,-1.275976406E2
1.023225579E1,1.285773697E-1,-4.839240735E-1,4.821191207E-1,-7.189204796E-1,1.652252166E2,-8.533244382E1,-3.487770120E1,-1.274259566E2
1.024227779E1,1.269366772E-1,-4.874712299E-1,4.809750934E-1,-7.175805470E-1,1.654147795E2,-8.563966740E1,-3.527440494E1,-1.271054017E2
1.025229979E1,1.255151483E-1,-4.915944459E-1,4.796890346E-1,-7.158765499E-1,1.655789882E2,-8.601324011E1,-3.569182884E1,-1.266815590E2
1.026232179E1,1.240154791E-1,-4.959887020E-1,4.782904922E-1,-7.140402960E-1,1.657521910E2,-8.641742033E1,-3.613437356E1,-1.262207641E2
1.027234379E1,1.223020833E-1,-5.003577049E-1,4.770411990E-1,-7.121208021E-1,1.659500379E2,-8.684847783E1,-3.657995669E1,-1.257676765E2
1.028236679E1,1.205475732E-1,-5.040881831E-1,4.760697379E-1,-7.104372252E-1,1.661525887E2,-8.723737493E1,-3.697510195E1,-1.253947971E2
1.029238879E1,1.187137216E-1,-5.067804948E-1,4.753300897E-1,-7.093250120E-1,1.663642528E2,-8.751622998E1,-3.730715646E1,-1.251707610E2
1.030241079E1,1.167299749E-1,-5.086447236E-1,4.746038257E-1,-7.088059103E-1,1.665931652E2,-8.768038048E1,-3.760828966E1,-1.250813787E2
1.031243279E1,1.147173785E-1,-5.102066332E-1,4.738109276E-1,-7.085424925E-1,1.668253517E2,-8.779317361E1,-3.790089050E1,-1.250411229E2
1.032245479E1,1.126678827E-1,-5.119453448E-1,4.730920011E-1,-7.080974850E-1,1.670617394E2,-8.794412654E1,-3.820010781E1,-1.249722051E2
1.033247679E1,1.107052514E-1,-5.140699279E-1,4.724004109E-1,-7.073290004E-1,1.672880564E2,-8.815892403E1,-3.850908517E1,-1.248324785E2
1.034249879E1,1.090913011E-1,-5.166060895E-1,4.717141588E-1,-7.061891600E-1,1.674741286E2,-8.844044900E1,-3.880879385E1,-1.245952689E2
1.035252179E1,1.078837939E-1,-5.194249734E-1,4.711309122E-1,-7.046946328E-1,1.676133202E2,-8.878449421E1,-3.908090960E1,-1.242711352E2
1.036254379E1,1.072308971E-1,-5.225268603E-1,4.706422143E-1,-7.028251250E-1,1.676885733E2,-8.919106306E1,-3.931291136E1,-1.238472412E2
1.037256579E1,1.073019567E-1,-5.260803954E-1,4.702586279E-1,-7.004160111E-1,1.676803832E2,-8.968870810E1,-3.949648806E1,-1.232813966E2
1.038258779E1,1.079147086E-1,-5.299407149E-1,4.700268992E-1,-6.975614683E-1,1.676097569E2,-9.026224435E1,-3.963442446E1,-1.226097968E2
1.039260979E1,1.088285577E-1,-5.340124956E-1,4.698902855E-1,-6.943991692E-1,1.675044171E2,-9.088919272E1,-3.974416519E1,-1.218696520E2
1.040263179E1,1.100230836E-1,-5.382968623E-1,4.697336968E-1,-6.910004473E-1,1.673667075E2,-9.155412161E1,-3.983386199E1,-1.210663884E2
1.041265379E1,1.115247758E-1,-5.426906950E-1,4.695811015E-1,-6.874174594E-1,1.671935606E2,-9.224385876E1,-3.989407264E1,-1.202142986E2
1.042267579E1,1.131236587E-1,-5.469999073E-1,4.695421236E-1,-6.837575114E-1,1.670091753E2,-9.294181985E1,-3.992601874E1,-1.193594499E2
1.043269879E1,1.147460805E-1,-5.510452514E-1,4.694021908E-1,-6.803263997E-1,1.668220408E2,-9.358800371E1,-3.994538690E1,-1.185466026E2
1.044272079E1,1.162646315E-1,-5.544933430E-1,4.689396133E-1,-6.775804482E-1,1.666468551E2,-9.409551262E1,-3.996993208E1,-1.178514924E2
1.045274279E1,1.173929237E-1,-5.571465135E-1,4.682971847E-1,-6.756510287E-1,1.665166709E2,-9.445008703E1,-4.001017794E1,-1.173269115E2
1.046276479E1,1.181449499E-1,-5.592030321E-1,4.676537656E-1,-6.742653668E-1,1.664298911E2,-9.470777879E1,-4.006083519E1,-1.169328665E2
1.047278679E1,1.187680911E-1,-5.609380229E-1,4.672080469E-1,-6.730225826E-1,1.663579781E2,-9.493972972E1,-4.009591547E1,-1.165970163E2
1.048280879E1,1.194992757E-1,-5.628336143E-1,4.670034714E-1,-6.714507370E-1,1.662735895E2,-9.523220686E1,-4.010698947E1,-1.162161997E2
1.049283079E1,1.204547447E-1,-5.654762480E-1,4.668391566E-1,-6.691700024E-1,1.661633042E2,-9.565859917E1,-4.011572209E1,-1.156847112E2
1.050285279E1,1.216866339E-1,-5.692632109E-1,4.665341135E-1,-6.659412799E-1,1.660210940E2,-9.626530681E1,-4.013942456E1,-1.149323150E2
1.051287579E1,1.231864717E-1,-5.741579140E-1,4.660374340E-1,-6.617982447E-1,1.658479223E2,-9.704380596E1,-4.017575195E1,-1.139639443E2
1.052289779E1,1.247017773E-1,-5.797683076E-1,4.655720748E-1,-6.569330232E-1,1.656729317E2,-9.796187600E1,-4.021236922E1,-1.128576126E2
1.053291979E1,1.261193233E-1,-5.855784772E-1,4.649855856E-1,-6.519050096E-1,1.655092002E2,-9.891192409E1,-4.025538806E1,-1.117164220E2
1.054294179E1,1.272181549E-1,-5.913418164E-1,4.644911083E-1,-6.468218678E-1,1.653822609E2,-9.988102443E1,-4.030093557E1,-1.105940770E2
1.055296379E1,1.279342298E-1,-5.970002046E-1,4.639658690E-1,-6.418406161E-1,1.652995288E2,-1.008438812E2,-4.036418360E1,-1.095084116E2
1.056298579E1,1.279134936E-1,-6.021363935E-1,4.633715931E-1,-6.374612214E-1,1.653019246E2,-1.017236848E2,-4.047635927E1,-1.085615392E2
1.057300779E1,1.270665737E-1,-6.065084020E-1,4.626452027E-1,-6.340039365E-1,1.653997730E2,-1.024676265E2,-4.065357879E1,-1.078066348E2
1.058302979E1,1.254278832E-1,-6.101282578E-1,4.619521926E-1,-6.313567983E-1,1.655890677E2,-1.030966454E2,-4.088431537E1,-1.072363046E2
1.059305279E1,1.231920983E-1,-6.131488539E-1,4.614378167E-1,-6.292433656E-1,1.658472726E2,-1.036529246E2,-4.114361686E1,-1.068067652E2
1.060307479E1,1.206338267E-1,-6.158695858E-1,4.610646643E-1,-6.273527001E-1,1.661426322E2,-1.041829617E2,-4.141398268E1,-1.064447815E2
1.061309679E1,1.177256099E-1,-6.184682604E-1,4.608336311E-1,-6.255159405E-1,1.664782817E2,-1.047216917E2,-4.169918013E1,-1.061175119E2
1.062311879E1,1.144201590E-1,-6.210676725E-1,4.607331899E-1,-6.236247692E-1,1.668596363E2,-1.052935234E2,-4.200473652E1,-1.058029871E2
1.063314079E1,1.105669466E-1,-6.234956787E-1,4.608061777E-1,-6.218406721E-1,1.673040028E2,-1.058741066E2,-4.234010622E1,-1.055421882E2
1.064316279E1,1.059161683E-1,-6.253509725E-1,4.611110785E-1,-6.205597029E-1,1.678400930E2,-1.063963611E2,-4.272318416E1,-1.054281077E2
1.065318479E1,1.004898458E-1,-6.264578751E-1,4.615078068E-1,-6.200506533E-1,1.684652427E2,-1.068054354E2,-4.316624556E1,-1.054990567E2
1.066320679E1,9.448368810E-2,-6.268048596E-1,4.619321097E-1,-6.203284642E-1,1.691567927E2,-1.070836656E2,-4.365858844E1,-1.057499388E2
1.067322979E1,8.844977668E-2,-6.266656538E-1,4.623086865E-1,-6.210775823E-1,1.698511397E2,-1.072609948E2,-4.415755161E1,-1.060983728E2
1.068325179E1,8.286736337E-2,-6.265769821E-1,4.626444230E-1,-6.216867518E-1,1.704931979E2,-1.074356941E2,-4.461930905E1,-1.064084677E2
1.069327379E1,7.801933783E-2,-6.272973034E-1,4.630469781E-1,-6.212879162E-1,1.710505475E2,-1.077745932E2,-4.500846408E1,-1.065019272E2
1.070329579E1,7.430580008E-2,-6.294939919E-1,4.635744090E-1,-6.191242445E-1,1.714773274E2,-1.084198356E2,-4.528191765E1,-1.062109083E2
1.071331779E1,7.187708794E-2,-6.332268697E-1,4.644870411E-1,-6.149059350E-1,1.717563838E2,-1.094177134E2,-4.539607705E1,-1.055050571E2
1.072333979E1,7.086191787E-2,-6.383912548E-1,4.657950633E-1,-6.086626591E-1,1.718730112E2,-1.107433424E2,-4.532575416E1,-1.044019216E2
1.073336179E1,7.102344567E-2,-6.445731649E-1,4.674136076E-1,-6.008374855E-1,1.718544547E2,-1.122990476E2,-4.508644225E1,-1.030114981E2
1.074338379E1,7.198854528E-2,-6.511505283E-1,4.690917160E-1,-5.922615502E-1,1.717435786E2,-1.139231010E2,-4.472980660E1,-1.015003183E2
1.075340679E1,7.336737943E-2,-6.576488137E-1,4.705059113E-1,-5.837289207E-1,1.715851569E2,-1.154802487E2,-4.432581646E1,-1.000005246E2
1.076342879E1,7.473219975E-2,-6.638019585E-1,4.715019678E-1,-5.757326309E-1,1.714283294E2,-1.169086340E2,-4.393740915E1,-9.859067951E1
1.077345079E1,7.567148441E-2,-6.693891766E-1,4.720922977E-1,-5.686131853E-1,1.713203897E2,-1.181801374E2,-4.361421385E1,-9.733105995E1
1.078347279E1,7.584685745E-2,-6.740268051E-1,4.724781520E-1,-5.627605053E-1,1.713002355E2,-1.192514979E2,-4.338989558E1,-9.631003733E1
1.079349479E1,7.525621152E-2,-6.776074117E-1,4.727584497E-1,-5.582868281E-1,1.713681125E2,-1.201128546E2,-4.327042235E1,-9.554598008E1
1.080351679E1,7.397469444E-2,-6.801525755E-1,4.731347367E-1,-5.550349880E-1,1.715153741E2,-1.207900023E2,-4.323694082E1,-9.502726070E1
1.081353879E1,7.206822389E-2,-6.816143020E-1,4.737768124E-1,-5.529408797E-1,1.717344243E2,-1.212885466E2,-4.327465215E1,-9.475990998E1
1.082356179E1,6.968991938E-2,-6.820815104E-1,4.745595952E-1,-5.519976753E-1,1.720076452E2,-1.216057045E2,-4.338291130E1,-9.472098099E1
1.083358379E1,6.689309666E-2,-6.819503494E-1,4.753252349E-1,-5.518467896E-1,1.723288875E2,-1.218092855E2,-4.355671565E1,-9.482358112E1
1.084360579E1,6.381544949E-2,-6.816720959E-1,4.760310260E-1,-5.519467619E-1,1.726823156E2,-1.219891366E2,-4.376777668E1,-9.496512202E1
1.085362779E1,6.070467489E-2,-6.816547841E-1,4.766066993E-1,-5.518220916E-1,1.730394772E2,-1.222172197E2,-4.398259552E1,-9.504877331E1
1.086364979E1,5.768546433E-2,-6.821235413E-1,4.770473024E-1,-5.511856109E-1,1.733860611E2,-1.225386155E2,-4.418009268E1,-9.502048694E1
1.087367179E1,5.481549575E-2,-6.832809254E-1,4.774788546E-1,-5.496694834E-1,1.737154570E2,-1.230127756E2,-4.433167733E1,-9.483133914E1
1.088369379E1,5.222032463E-2,-6.851964996E-1,4.781757105E-1,-5.469247753E-1,1.740132686E2,-1.236822443E2,-4.439178568E1,-9.445919900E1
1.089371579E1,5.012269705E-2,-6.877532328E-1,4.793771275E-1,-5.428452765E-1,1.742539543E2,-1.245350409E2,-4.431733902E1,-9.392433342E1
1.090373879E1,4.865326825E-2,-6.906374892E-1,4.810260176E-1,-5.378350909E-1,1.744225442E2,-1.254818481E2,-4.411423388E1,-9.329815742E1
1.091376079E1,4.762064939E-2,-6.935485720E-1,4.828835978E-1,-5.324905966E-1,1.745410110E2,-1.264336445E2,-4.383831882E1,-9.265768270E1
1.092378279E1,4.677254943E-2,-6.963540454E-1,4.846743226E-1,-5.272516379E-1,1.746383045E2,-1.273418674E2,-4.354852904E1,-9.204050960E1
1.093380479E1,4.582683737E-2,-6.992007278E-1,4.860926483E-1,-5.222377435E-1,1.747467915E2,-1.282232742E2,-4.329429175E1,-9.141999320E1
1.094382679E1,4.455098904E-2,-7.024170065E-1,4.871169326E-1,-5.170518899E-1,1.748931424E2,-1.291677157E2,-4.307608903E1,-9.072567122E1
1.095384879E1,4.292485826E-2,-7.059746115E-1,4.881803925E-1,-5.113092764E-1,1.750796618E2,-1.302207372E2,-4.284618957E1,-8.996206314E1
1.096387079E1,4.125662278E-2,-7.096287432E-1,4.895861585E-1,-5.050053512E-1,1.752709971E2,-1.313395444E2,-4.255792859E1,-8.917934460E1
1.097389279E1,3.974178075E-2,-7.130944681E-1,4.915074752E-1,-4.983346430E-1,1.754447277E2,-1.324627167E2,-4.219474095E1,-8.844024824E1
1.098391579E1,3.822280833E-2,-7.160914883E-1,4.939600425E-1,-4.916864834E-1,1.756189216E2,-1.335369117E2,-4.179165846E1,-8.780962570E1
1.099393779E1,3.623187550E-2,-7.183878172E-1,4.968114454E-1,-4.855767077E-1,1.758472240E2,-1.345281826E2,-4.142689974E1,-8.734078529E1
1.100395979E1,3.343218679E-2,-7.199479039E-1,4.996943109E-1,-4.804818280E-1,1.761682396E2,-1.354151281E2,-4.118039929E1,-8.703845932E1
1.101398179E1,2.969635336E-2,-7.207758576E-1,5.022002571E-1,-4.768597068E-1,1.765965482E2,-1.361659063E2,-4.111639858E1,-8.689559721E1
1.102400379E1,2.505564816E-2,-7.209938201E-1,5.041610339E-1,-4.747228194E-1,1.771285337E2,-1.367901359E2,-4.124500556E1,-8.688030470E1
1.103402579E1,1.970729738E-2,-7.208967137E-1,5.057058845E-1,-4.734778437E-1,1.777415639E2,-1.373576349E2,-4.150803327E1,-8.692582476E1
1.104404779E1,1.400729437E-2,-7.207402646E-1,5.071352527E-1,-4.723888323E-1,1.783948298E2,-1.379358488E2,-4.181534640E1,-8.697541237E1
1.105406979E1,8.187004250E-3,-7.206294184E-1,5.087289093E-1,-4.709788727E-1,1.790618279E2,-1.385638793E2,-4.210354544E1,-8.700636018E1
1.106409279E1,2.421610401E-3,-7.205978504E-1,5.107634642E-1,-4.688855652E-1,1.797225036E2,-1.392676046E2,-4.232088867E1,-8.701260514E1
1.107411479E1,2.994575734E-3,7.206566453E-1,-5.133372458E-1,4.659718904E-1,1.796568464E2,-1.400363926E2,-4.242976586E1,-8.699372557E1
1.108413679E1,8.072238381E-3,7.204659835E-1,-5.163754329E-1,4.628391362E-1,1.790749796E2,-1.407807771E2,-4.247405794E1,-8.702562510E1
1.109415879E1,1.311295932E-2,7.198462562E-1,-5.195714285E-1,4.601033000E-1,1.784973225E2,-1.414481788E2,-4.253446001E1,-8.714511639E1
1.110418079E1,1.847932788E-2,7.191153456E-1,-5.225043434E-1,4.577346681E-1,1.778823045E2,-1.420983313E2,-4.265942881E1,-8.727702713E1
1.111420279E1,2.429852218E-2,7.185070506E-1,-5.249672682E-1,4.555948094E-1,1.772153204E2,-1.427759928E2,-4.285990085E1,-8.736607799E1
1.112422479E1,3.039388370E-2,7.181752496E-1,-5.269023354E-1,4.535134295E-1,1.765165810E2,-1.434970639E2,-4.311253165E1,-8.737773119E1
1.113424679E1,3.649603087E-2,7.181089842E-1,-5.286215159E-1,4.511615089E-1,1.758169340E2,-1.442719138E2,-4.335774159E1,-8.731775309E1
1.114426979E1,4.226433285E-2,7.183386108E-1,-5.304956914E-1,4.480823444E-1,1.751554212E2,-1.451192596E2,-4.351874000E1,-8.718657623E1
1.115429179E1,4.748278705E-2,7.188310335E-1,-5.327868152E-1,4.440332967E-1,1.745568267E2,-1.460394110E2,-4.354833285E1,-8.699900873E1
1.116431379E1,5.190019824E-2,7.194367574E-1,-5.354664380E-1,4.393096465E-1,1.740500021E2,-1.469638446E2,-4.344773801E1,-8.679692332E1
1.117433579E1,5.586246561E-2,7.199694620E-1,-5.383920510E-1,4.343470237E-1,1.735952989E2,-1.478623435E2,-4.328163152E1,-8.661744563E1
1.118435779E1,5.978673761E-2,7.203539466E-1,-5.413463554E-1,4.294879767E-1,1.731448565E2,-1.487327256E2,-4.311754913E1,-8.646808491E1
1.119437979E1,6.375427334E-2,7.205777253E-1,-5.440344182E-1,4.251229962E-1,1.726893402E2,-1.495443803E2,-4.300305550E1,-8.634707354E1
1.120440179E1,6.792574713E-2,7.207238800E-1,-5.463890046E-1,4.211915066E-1,1.722102847E2,-1.503266660E2,-4.294948669E1,-8.623106220E1
1.121442379E1,7.208754822E-2,7.210099623E-1,-5.484628086E-1,4.172966636E-1,1.717322041E2,-1.511166735E2,-4.290812806E1,-8.607753301E1
1.122444679E1,7.591482978E-2,7.215469500E-1,-5.504856519E-1,4.130042494E-1,1.712924239E2,-1.519336109E2,-4.281114093E1,-8.587371265E1
1.123446879E1,7.931026419E-2,7.222932074E-1,-5.527014750E-1,4.080728153E-1,1.709021584E2,-1.527852884E2,-4.262259835E1,-8.563567693E1
1.124449079E1,8.209036515E-2,7.230372521E-1,-5.552036649E-1,4.027744401E-1,1.705825397E2,-1.536082269E2,-4.234518459E1,-8.541802395E1
1.125451279E1,8.428086331E-2,7.234786507E-1,-5.578738838E-1,3.978092463E-1,1.703306540E2,-1.543141255E2,-4.203999402E1,-8.528489255E1
1.126453479E1,8.626371448E-2,7.232889109E-1,-5.604701244E-1,3.940622545E-1,1.701026054E2,-1.548337202E2,-4.181581295E1,-8.529165133E1
1.127455679E1,8.847357911E-2,7.222335380E-1,-5.628001023E-1,3.921824840E-1,1.698484014E2,-1.551337452E2,-4.176527686E1,-8.547096228E1
1.128457879E1,9.128766097E-2,7.204247270E-1,-5.646260249E-1,3.922400777E-1,1.695246208E2,-1.552544027E2,-4.193180952E1,-8.578413269E1
1.129460079E1,9.480482601E-2,7.180455216E-1,-5.657685575E-1,3.941177092E-1,1.691198271E2,-1.552284600E2,-4.231949159E1,-8.618825252E1
1.130462379E1,9.880479374E-2,7.155727870E-1,-5.661567089E-1,3.970640058E-1,1.686593013E2,-1.551395662E2,-4.285414550E1,-8.658929309E1
1.131464579E1,1.028410921E-1,7.136037758E-1,-5.658889026E-1,3.999538255E-1,1.681944063E2,-1.550984088E2,-4.340969035E1,-8.687414237E1
1.132466779E1,1.065292785E-1,7.123423154E-1,-5.653050897E-1,4.020572061E-1,1.677694360E2,-1.551561498E2,-4.388775416E1,-8.701259117E1
1.133468979E1,1.095807208E-1,7.117319974E-1,-5.646158517E-1,4.032847647E-1,1.674177069E2,-1.552908467E2,-4.425103237E1,-8.702779531E1
1.134471179E1,1.117198841E-1,7.116770643E-1,-5.638780027E-1,4.038268575E-1,1.671710623E2,-1.554497804E2,-4.448972910E1,-8.695208823E1
1.135473379E1,1.129611404E-1,7.121349898E-1,-5.628991421E-1,4.040397939E-1,1.670279186E2,-1.555969311E2,-4.463865021E1,-8.679412232E1
1.136475579E1,1.138983178E-1,7.128838971E-1,-5.615433201E-1,4.043424082E-1,1.669198284E2,-1.557326447E2,-4.478238792E1,-8.657915886E1
1.137477779E1,1.148654826E-1,7.138467788E-1,-5.596602042E-1,4.049805748E-1,1.668082673E2,-1.558613817E2,-4.497186209E1,-8.630903012E1
1.138480079E1,1.159550840E-1,7.151467245E-1,-5.571283060E-1,4.058666490E-1,1.666825682E2,-1.560136139E2,-4.521149812E1,-8.594963431E1
1.139482279E1,1.172470113E-1,7.167115369E-1,-5.540312028E-1,4.069730881E-1,1.665335075E2,-1.561954242E2,-4.550254814E1,-8.551193521E1
1.140484479E1,1.184431178E-1,7.186361780E-1,-5.503492910E-1,4.082266829E-1,1.663954820E2,-1.563937815E2,-4.581582187E1,-8.498443881E1
1.141486679E1,1.194923741E-1,7.211536725E-1,-5.460778976E-1,4.092161118E-1,1.662743861E2,-1.566657629E2,-4.611393160E1,-8.431402710E1
1.142488879E1,1.202489311E-1,7.244376917E-1,-5.413878595E-1,4.094256870E-1,1.661870614E2,-1.570610941E2,-4.633669084E1,-8.346810089E1
1.143491079E1,1.203730115E-1,7.285133552E-1,-5.363843753E-1,4.087425287E-1,1.661727388E2,-1.575541369E2,-4.644233282E1,-8.245813751E1
1.144493279E1,1.201211524E-1,7.331354420E-1,-5.310994029E-1,4.074514337E-1,1.662018106E2,-1.581197303E2,-4.647107055E1,-8.132886073E1
1.145495479E1,1.196403306E-1,7.381757310E-1,-5.254450343E-1,4.058205720E-1,1.662573090E2,-1.587356844E2,-4.645742147E1,-8.010054700E1
1.146497779E1,1.188625527E-1,7.434652026E-1,-5.192774753E-1,4.043291636E-1,1.663470764E2,-1.593360923E2,-4.644012384E1,-7.880945913E1
1.147499979E1,1.177552391E-1,7.488927789E-1,-5.123015923E-1,4.035347693E-1,1.664748626E2,-1.598629820E2,-4.647391776E1,-7.746975467E1
1.148502179E1,1.164590022E-1,7.544368807E-1,-5.042817846E-1,4.036857920E-1,1.666244296E2,-1.603173404E2,-4.659937753E1,-7.606428443E1
1.149504379E1,1.150806317E-1,7.600992255E-1,-4.952482820E-1,4.046415139E-1,1.667834484E2,-1.607308585E2,-4.681286986E1,-7.457858633E1
1.150506579E1,1.135201552E-1,7.659445298E-1,-4.853914407E-1,4.060017086E-1,1.669634456E2,-1.611350292E2,-4.706719252E1,-7.300269425E1
1.151508779E1,1.119237484E-1,7.718602825E-1,-4.750424295E-1,4.074795984E-1,1.671475537E2,-1.615592653E2,-4.733863315E1,-7.136049017E1
1.152510979E1,1.102544066E-1,7.778339345E-1,-4.644706407E-1,4.087607677E-1,1.673400376E2,-1.620198803E2,-4.758814980E1,-6.966641090E1
1.153513179E1,1.086538800E-1,7.836962450E-1,-4.539410725E-1,4.098195387E-1,1.675245531E2,-1.625146029E2,-4.781607148E1,-6.796154909E1
1.154515479E1,1.070216590E-1,7.895576073E-1,-4.433382741E-1,4.106046924E-1,1.677126889E2,-1.630461179E2,-4.801206514E1,-6.622352907E1
1.155517679E1,1.053386195E-1,7.954745822E-1,-4.322768547E-1,4.114129741E-1,1.679066476E2,-1.636042833E2,-4.821134999E1,-6.441746234E1
1.156519879E1,1.040884175E-1,8.012041723E-1,-4.203231866E-1,4.129962205E-1,1.680507021E2,-1.641931431E2,-4.852892505E1,-6.252576405E1
1.157522079E1,1.040678709E-1,8.064374622E-1,-4.076265328E-1,4.155348727E-1,1.680530694E2,-1.648898172E2,-4.902951402E1,-6.055267175E1
1.158524279E1,1.051877548E-1,8.107981859E-1,-3.948246383E-1,4.191126343E-1,1.679240320E2,-1.656423414E2,-4.970218207E1,-5.860543761E1
1.159526479E1,1.067590209E-1,8.142468307E-1,-3.825980694E-1,4.233479395E-1,1.677429585E2,-1.663655022E2,-5.045376317E1,-5.678316724E1
1.160528679E1,1.080867626E-1,8.170902257E-1,-3.712770887E-1,4.275909576E-1,1.675899249E2,-1.670157145E2,-5.117103187E1,-5.511064224E1
1.161530879E1,1.085425175E-1,8.195544255E-1,-3.607219584E-1,4.317740112E-1,1.675373902E2,-1.675201458E2,-5.181622130E1,-5.359326022E1
1.162533179E1,1.078272012E-1,8.219958238E-1,-3.507758079E-1,4.354911525E-1,1.676198433E2,-1.678842194E2,-5.233436414E1,-5.218941038E1
1.163535379E1,1.062823401E-1,8.245712492E-1,-3.414907729E-1,4.383724902E-1,1.677978946E2,-1.681789546E2,-5.270511540E1,-5.086468568E1
1.164537579E1,1.041725426E-1,8.273162734E-1,-3.327870272E-1,4.403959288E-1,1.680410094E2,-1.684412269E2,-5.294219869E1,-4.959522762E1
1.165539779E1,1.017418074E-1,8.305358501E-1,-3.247838675E-1,4.408791424E-1,1.683210393E2,-1.687581212E2,-5.297949316E1,-4.833234119E1
1.166541979E1,9.915721515E-2,8.342332035E-1,-3.175272971E-1,4.397718815E-1,1.686187175E2,-1.691426918E2,-5.281752947E1,-4.707969942E1
1.167544179E1,9.666589387E-2,8.380357975E-1,-3.106214306E-1,4.380253372E-1,1.689055803E2,-1.695606005E2,-5.258115639E1,-4.584302113E1
1.168546379E1,9.455563277E-2,8.417286411E-1,-3.037913441E-1,4.361912855E-1,1.691485114E2,-1.700217169E2,-5.235026938E1,-4.460436744E1
1.169548579E1,9.284892775E-2,8.450412359E-1,-2.971909580E-1,4.346976538E-1,1.693449497E2,-1.704779292E2,-5.217267393E1,-4.342251435E1
1.170550879E1,9.162614231E-2,8.478669503E-1,-2.907364842E-1,4.338186181E-1,1.694856704E2,-1.709290298E2,-5.208461063E1,-4.229359629E1
1.171553079E1,9.110029715E-2,8.503580398E-1,-2.841955041E-1,4.333875612E-1,1.695461809E2,-1.714475604E2,-5.207815155E1,-4.114440100E1
1.172555279E1,9.125127770E-2,8.523869259E-1,-2.778802835E-1,4.334654802E-1,1.695288075E2,-1.720043484E2,-5.215510136E1,-4.003018094E1
1.173557479E1,9.136457897E-2,8.538857521E-1,-2.721735159E-1,4.341120866E-1,1.695157696E2,-1.724587754E2,-5.228826703E1,-3.906472872E1
1.174559679E1,9.127815685E-2,8.548732949E-1,-2.671850571E-1,4.352837900E-1,1.695257144E2,-1.727824945E2,-5.246687843E1,-3.827283094E1
1.175561879E1,9.151436887E-2,8.552925085E-1,-2.625006667E-1,4.372564944E-1,1.694985328E2,-1.730713727E2,-5.275071666E1,-3.756274251E1
1.176564033E1,9.212659399E-2,8.552845428E-1,-2.580686305E-1,4.397744314E-1,1.694280793E2,-1.733611412E2,-5.311239347E1,-3.690165189E1
1.177566233E1,9.313863465E-2,8.551019205E-1,-2.541068689E-1,4.422167464E-1,1.693116072E2,-1.736858340E2,-5.347672016E1,-3.628367579E1
1.178568533E1,9.454678193E-2,8.547649775E-1,-2.507884157E-1,4.444578840E-1,1.691495302E2,-1.740386891E2,-5.382680613E1,-3.573154443E1
1.179570733E1,9.606755613E-2,8.543966773E-1,-2.479000290E-1,4.464559081E-1,1.689744653E2,-1.743961261E2,-5.414786250E1,-3.522589702E1
1.180572933E1,9.768427763E-2,8.541993246E-1,-2.451404430E-1,4.480038248E-1,1.687883272E2,-1.747975158E2,-5.441585966E1,-3.470110313E1
1.181575133E1,9.955551341E-2,8.540292200E-1,-2.424773522E-1,4.493635243E-1,1.685728489E2,-1.752514192E2,-5.466843084E1,-3.415633092E1
1.182577333E1,1.016369355E-1,8.537487327E-1,-2.400630543E-1,4.507248254E-1,1.683331194E2,-1.757225424E2,-5.492594825E1,-3.363453768E1
1.183579533E1,1.039053948E-1,8.533430060E-1,-2.382122387E-1,4.519559875E-1,1.680717893E2,-1.761862157E2,-5.516997629E1,-3.318739877E1
1.184581733E1,1.061995215E-1,8.528956594E-1,-2.368686815E-1,4.529721586E-1,1.678074390E2,-1.766256627E2,-5.538489690E1,-3.281375155E1
1.185583933E1,1.085061869E-1,8.524955804E-1,-2.357613362E-1,4.537557844E-1,1.675415781E2,-1.770646393E2,-5.556950950E1,-3.246491393E1
1.186586133E1,1.108050552E-1,8.520376760E-1,-2.344300227E-1,4.547490065E-1,1.672765489E2,-1.775139932E2,-5.577942097E1,-3.208331682E1
1.187588433E1,1.132880314E-1,8.513797215E-1,-2.326379808E-1,4.562870503E-1,1.669902177E2,-1.780088633E2,-5.606354861E1,-3.162598645E1
1.188590633E1,1.159091334E-1,8.506678823E-1,-2.305818679E-1,4.579970428E-1,1.666878695E2,-1.785502089E2,-5.637294510E1,-3.110927604E1
1.189592833E1,1.183898969E-1,8.500031844E-1,-2.284312406E-1,4.596713264E-1,1.664016239E2,-1.790882417E2,-5.667128317E1,-3.057638487E1
1.190595033E1,1.206139229E-1,8.495860360E-1,-2.262602354E-1,4.609363430E-1,1.661449298E2,-1.796180912E2,-5.690752477E1,-3.003252178E1
1.191597233E1,1.225169690E-1,8.495848137E-1,-2.242008139E-1,4.614424950E-1,1.659252273E2,1.798667385E2,-5.703529148E1,-2.949364891E1
1.192599433E1,1.237069220E-1,8.501364106E-1,-2.224326061E-1,4.609644865E-1,1.657878234E2,1.794455517E2,-5.701343916E1,-2.902362549E1
1.193601633E1,1.240253941E-1,8.513099474E-1,-2.209325155E-1,4.594320166E-1,1.657510460E2,1.791453430E2,-5.682891868E1,-2.863457340E1
1.194603933E1,1.238944755E-1,8.527051978E-1,-2.195223452E-1,4.575519826E-1,1.657661647E2,1.789173468E2,-5.658556185E1,-2.829093268E1
1.195606133E1,1.236121759E-1,8.539560109E-1,-2.180752120E-1,4.559848785E-1,1.657987645E2,1.787333211E2,-5.637664102E1,-2.797208701E1
1.196608333E1,1.233516030E-1,8.549359040E-1,-2.167217292E-1,4.548633298E-1,1.658288542E2,1.785819459E2,-5.622467119E1,-2.769149184E1
1.197610533E1,1.231316070E-1,8.556517683E-1,-2.155578440E-1,4.541295005E-1,1.658542576E2,1.784648439E2,-5.612313118E1,-2.746132208E1
1.198612733E1,1.228639218E-1,8.562817583E-1,-2.143947806E-1,4.535648275E-1,1.658851667E2,1.783659801E2,-5.604139314E1,-2.724371944E1
1.199614933E1,1.226060042E-1,8.570348803E-1,-2.132367960E-1,4.527570621E-1,1.659149471E2,1.782542867E2,-5.592914509E1,-2.701696613E1
1.200617133E1,1.224052166E-1,8.579017145E-1,-2.123954184E-1,4.515636319E-1,1.659381302E2,1.781455433E2,-5.577049786E1,-2.682951160E1
1.201619333E1,1.220390026E-1,8.588677203E-1,-2.119849924E-1,4.500166740E-1,1.659804123E2,1.780910773E2,-5.556320035E1,-2.672342435E1
1.202621533E1,1.216530113E-1,8.596757597E-1,-2.119479875E-1,4.485934276E-1,1.660249757E2,1.780831501E2,-5.537192375E1,-2.669362011E1
1.203623833E1,1.213868012E-1,8.601830602E-1,-2.121409990E-1,4.476007956E-1,1.660557089E2,1.780982597E2,-5.523919973E1,-2.671289130E1
1.204626033E1,1.212348829E-1,8.604821132E-1,-2.125677991E-1,4.468641740E-1,1.660732469E2,1.781287148E2,-5.514274803E1,-2.677515470E1
1.205628233E1,1.210960723E-1,8.605950035E-1,-2.131792445E-1,4.463929091E-1,1.660892715E2,1.781874172E2,-5.508052482E1,-2.688028723E1
1.206630433E1,1.209296765E-1,8.605622344E-1,-2.138538258E-1,4.461784659E-1,1.661084802E2,1.782693423E2,-5.504989507E1,-2.700923909E1
1.207632633E1,1.207763041E-1,8.604122126E-1,-2.147667055E-1,4.460707807E-1,1.661261852E2,1.783769284E2,-5.503346868E1,-2.718475981E1
1.208634833E1,1.204371906E-1,8.602350273E-1,-2.159749714E-1,4.459209065E-1,1.661653305E2,1.785418764E2,-5.500642954E1,-2.742814524E1
1.209637033E1,1.199568219E-1,8.600852163E-1,-2.172979820E-1,4.456965799E-1,1.662207787E2,1.787375225E2,-5.496553054E1,-2.770105639E1
1.210639233E1,1.193972698E-1,8.599984781E-1,-2.185770546E-1,4.453884548E-1,1.662853628E2,1.789374847E2,-5.491116927E1,-2.796860525E1
1.211641533E1,1.187807351E-1,8.600496444E-1,-2.198540198E-1,4.448257206E-1,1.663565189E2,1.791326150E2,-5.482270389E1,-2.822898393E1
1.212643733E1,1.179451633E-1,8.601910260E-1,-2.212834512E-1,4.440652334E-1,1.664529462E2,1.793671465E2,-5.470226996E1,-2.852561593E1
1.213645933E1,1.165601968E-1,8.603564945E-1,-2.227764612E-1,4.433632988E-1,1.666127540E2,1.797010300E2,-5.457102299E1,-2.887987969E1
1.214648133E1,1.147162511E-1,8.605087711E-1,-2.242201172E-1,4.428207635E-1,1.668254818E2,-1.798866928E2,-5.444381524E1,-2.926756369E1
1.215650333E1,1.126523305E-1,8.608104582E-1,-2.256076757E-1,4.420589486E-1,1.670635330E2,-1.794583366E2,-5.428084499E1,-2.965005671E1
1.216652533E1,1.105708451E-1,8.614712997E-1,-2.270130413E-1,4.405750635E-1,1.673035533E2,-1.790708639E2,-5.402638559E1,-2.999939232E1
1.217654733E1,1.088288421E-1,8.624686628E-1,-2.288131332E-1,4.381196197E-1,1.675043843E2,-1.787649291E2,-5.366164752E1,-3.034133723E1
1.218656933E1,1.072058618E-1,8.637052934E-1,-2.313472125E-1,4.347395583E-1,1.676914587E2,-1.784735021E2,-5.318526301E1,-3.075405769E1
1.219659233E1,1.053601881E-1,8.650482395E-1,-2.345498040E-1,4.307868372E-1,1.679041621E2,-1.781307388E2,-5.262949784E1,-3.126546434E1
1.220661433E1,1.033975464E-1,8.662473806E-1,-2.381938416E-1,4.268350960E-1,1.681302996E2,-1.777435127E2,-5.206855971E1,-3.185187431E1
1.221663633E1,1.018342355E-1,8.668374365E-1,-2.424027945E-1,4.236312612E-1,1.683103926E2,-1.773389648E2,-5.161062953E1,-3.253315343E1
1.222665833E1,1.004678241E-1,8.665613746E-1,-2.473048101E-1,4.216846352E-1,1.684677790E2,-1.768412427E2,-5.130853953E1,-3.337344800E1
1.223668033E1,9.924415357E-2,8.653980584E-1,-2.527189732E-1,4.211531002E-1,1.686087057E2,-1.762414360E2,-5.117750672E1,-3.435877674E1
1.224670233E1,9.861098146E-2,8.634112559E-1,-2.583060437E-1,4.219890830E-1,1.686816195E2,-1.756295676E2,-5.122798033E1,-3.540717645E1
1.225672433E1,9.852329494E-2,8.608110483E-1,-2.641702720E-1,4.236879592E-1,1.686917168E2,-1.750135473E2,-5.139668766E1,-3.652176247E1
1.226674633E1,9.868298935E-2,8.579266233E-1,-2.705839054E-1,4.254501611E-1,1.686733276E2,-1.743752996E2,-5.157423866E1,-3.772899734E1
1.227676933E1,9.907530275E-2,8.548576584E-1,-2.777236658E-1,4.269333825E-1,1.686281504E2,-1.737219850E2,-5.171750196E1,-3.904077600E1
1.228679133E1,9.955066652E-2,8.515215668E-1,-2.854331674E-1,4.284024636E-1,1.685734071E2,-1.730239803E2,-5.185201660E1,-4.045717759E1
1.229681333E1,1.001303016E-1,8.476967824E-1,-2.935183238E-1,4.303850197E-1,1.685066523E2,-1.722551549E2,-5.204109682E1,-4.198247683E1
1.230683533E1,1.008400545E-1,8.432315345E-1,-3.017238515E-1,4.333067235E-1,1.684249068E2,-1.713957994E2,-5.233598833E1,-4.361016680E1
1.231685733E1,1.017113247E-1,8.381670006E-1,-3.096941578E-1,4.372876936E-1,1.683245506E2,-1.704563830E2,-5.275350557E1,-4.529845494E1
1.232687933E1,1.028283426E-1,8.324063062E-1,-3.170779274E-1,4.427049966E-1,1.681958751E2,-1.694261363E2,-5.334358794E1,-4.702827898E1
1.233690133E1,1.040202344E-1,8.262167254E-1,-3.235860541E-1,4.492637416E-1,1.680585580E2,-1.683140436E2,-5.406637997E1,-4.875354097E1
1.234692333E1,1.052753571E-1,8.201329542E-1,-3.292181796E-1,4.559764386E-1,1.679139374E2,-1.672128550E2,-5.480942711E1,-5.039282366E1
1.235694533E1,1.064588932E-1,8.145590546E-1,-3.342345607E-1,4.620037224E-1,1.677775477E2,-1.661803213E2,-5.546935385E1,-5.191096396E1
1.236696833E1,1.073889267E-1,8.098777830E-1,-3.387412600E-1,4.667119679E-1,1.676703592E2,-1.652763121E2,-5.596680195E1,-5.324970673E1
1.237699033E1,1.081990945E-1,8.063228439E-1,-3.425548122E-1,4.698856889E-1,1.675769767E2,-1.645927663E2,-5.629310758E1,-5.431343217E1
1.238701233E1,1.088953604E-1,8.038062977E-1,-3.453033347E-1,4.720199210E-1,1.674967163E2,-1.641248720E2,-5.651486937E1,-5.506694638E1
1.239703433E1,1.100896124E-1,8.019510566E-1,-3.470536301E-1,4.736120814E-1,1.673590373E2,-1.638987472E2,-5.672443393E1,-5.553511444E1
1.240705633E1,1.117472480E-1,8.003873032E-1,-3.480753750E-1,4.751171875E-1,1.671679069E2,-1.638237250E2,-5.696612973E1,-5.582501111E1
1.241707833E1,1.127928059E-1,7.991554983E-1,-3.487684589E-1,4.764334968E-1,1.670473324E2,-1.637178121E2,-5.715765754E1,-5.606666392E1
1.242710033E1,1.125116864E-1,7.985256980E-1,-3.492652438E-1,4.771914236E-1,1.670797527E2,-1.635168114E2,-5.721327307E1,-5.628111033E1
1.243712233E1,1.108795919E-1,7.984684415E-1,-3.495404838E-1,4.774677383E-1,1.672679547E2,-1.632114803E2,-5.714008310E1,-5.647237302E1
1.244714533E1,1.082328541E-1,7.989117842E-1,-3.495627795E-1,4.773170633E-1,1.675730853E2,-1.628482440E2,-5.696490515E1,-5.661857112E1
1.245716733E1,1.048363449E-1,7.997451117E-1,-3.494696349E-1,4.767474276E-1,1.679645244E2,-1.624510297E2,-5.670205870E1,-5.673044543E1
1.246718933E1,1.010236567E-1,8.009469291E-1,-3.494851028E-1,4.755401311E-1,1.684037596E2,-1.620761738E2,-5.634372859E1,-5.680261368E1
1.247721133E1,9.729216442E-2,8.025904876E-1,-3.496680201E-1,4.734077324E-1,1.688334751E2,-1.618280299E2,-5.588821517E1,-5.678091003E1
1.248723333E1,9.387915478E-2,8.048547638E-1,-3.496307834E-1,4.702699417E-1,1.692263764E2,-1.617847841E2,-5.535036001E1,-5.657229290E1
1.249725533E1,9.090204891E-2,8.077790175E-1,-3.489924905E-1,4.662983388E-1,1.695689932E2,-1.619660931E2,-5.476377545E1,-5.612993056E1
1.250727733E1,8.854079280E-2,8.110854167E-1,-3.475918875E-1,4.620398001E-1,1.698406689E2,-1.623281591E2,-5.419958776E1,-5.549152848E1
1.251729933E1,8.679275226E-2,8.142683256E-1,-3.455155019E-1,4.583154517E-1,1.700417539E2,-1.627517269E2,-5.374180234E1,-5.477444308E1
1.252732233E1,8.536161387E-2,8.169551661E-1,-3.429941299E-1,4.556893237E-1,1.702063612E2,-1.631084494E2,-5.342836633E1,-5.409669957E1
1.253734433E1,8.428830223E-2,8.189622834E-1,-3.405285393E-1,4.541326720E-1,1.703297986E2,-1.633707332E2,-5.324869693E1,-5.353575556E1
1.254736633E1,8.340264942E-2,8.202982542E-1,-3.383198758E-1,4.535353458E-1,1.704316455E2,-1.635168375E2,-5.317807164E1,-5.311901489E1
1.255738833E1,8.216308954E-2,8.211864568E-1,-3.361944102E-1,4.537348058E-1,1.705741779E2,-1.635095559E2,-5.317283741E1,-5.282429369E1
1.256741033E1,8.082003806E-2,8.219611159E-1,-3.340818416E-1,4.541337257E-1,1.707285938E2,-1.634623624E2,-5.318375919E1,-5.255986092E1
1.257743233E1,7.957040508E-2,8.227504842E-1,-3.319616444E-1,4.544795195E-1,1.708722539E2,-1.634348427E2,-5.319462140E1,-5.228373034E1
1.258745433E1,7.841467527E-2,8.234081858E-1,-3.298043580E-1,4.550594812E-1,1.710051059E2,-1.633958015E2,-5.323741839E1,-5.202110874E1
1.259747633E1,7.767820124E-2,8.238725598E-1,-3.277180047E-1,4.558518841E-1,1.710897579E2,-1.633844793E2,-5.332542942E1,-5.177024866E1
1.260749933E1,7.763881501E-2,8.243337728E-1,-3.256107887E-1,4.565345156E-1,1.710942849E2,-1.634872854E2,-5.344001806E1,-5.146335561E1
1.261752133E1,7.809655086E-2,8.249343021E-1,-3.232679086E-1,4.570364213E-1,1.710416725E2,-1.637045611E2,-5.356607197E1,-5.106445128E1
1.262754333E1,7.889436963E-2,8.256138147E-1,-3.206326137E-1,4.575285911E-1,1.709499662E2,-1.640001002E2,-5.371430520E1,-5.058954840E1
1.263756533E1,7.980990454E-2,8.262730546E-1,-3.178554103E-1,4.581169822E-1,1.708447217E2,-1.643170178E2,-5.388109738E1,-5.008951170E1
1.264758733E1,8.034837268E-2,8.268841418E-1,-3.152461411E-1,4.587228853E-1,1.707828190E2,-1.645645921E2,-5.402568280E1,-4.964275441E1
1.265760933E1,8.031063018E-2,8.274755674E-1,-3.131117193E-1,4.591246923E-1,1.707871580E2,-1.647095610E2,-5.410778733E1,-4.929607773E1
1.266763133E1,7.980625884E-2,8.280415364E-1,-3.113946356E-1,4.593599981E-1,1.708451408E2,-1.647672777E2,-5.413902105E1,-4.903748650E1
1.267765333E1,7.921675087E-2,8.283868455E-1,-3.097825608E-1,4.599290649E-1,1.709129080E2,-1.647647302E2,-5.420141943E1,-4.883802938E1
1.268767533E1,7.929786248E-2,8.283344359E-1,-3.078442062E-1,4.613088052E-1,1.709035840E2,-1.647989318E2,-5.439586160E1,-4.861985733E1
1.269769833E1,8.048886920E-2,8.279739118E-1,-3.052198905E-1,4.634884505E-1,1.707666670E2,-1.649720423E2,-5.475047090E1,-4.828556817E1
1.270772033E1,8.260314478E-2,8.274329148E-1,-3.018965272E-1,4.662511132E-1,1.705235792E2,-1.652883898E2,-5.523103674E1,-4.781688643E1
1.271774233E1,8.520996951E-2,8.267112765E-1,-2.981826312E-1,4.694411239E-1,1.702238019E2,-1.656782090E2,-5.579186984E1,-4.727748319E1
1.272776433E1,8.779643731E-2,8.258756731E-1,-2.945163611E-1,4.727380190E-1,1.699262993E2,-1.660605884E2,-5.636268259E1,-4.674834089E1
1.273778633E1,8.996487159E-2,8.249926755E-1,-2.912018697E-1,4.759146902E-1,1.696768276E2,-1.663679652E2,-5.689259649E1,-4.629326685E1
1.274780833E1,9.176589072E-2,8.240612934E-1,-2.882299479E-1,4.789839080E-1,1.694695887E2,-1.666035138E2,-5.738630062E1,-4.591212106E1
1.275783033E1,9.355260100E-2,8.232246784E-1,-2.853828440E-1,4.817736711E-1,1.692639621E2,-1.668641727E2,-5.784512278E1,-4.551952020E1
1.276785304E1,9.558949496E-2,8.227202860E-1,-2.825202933E-1,4.839175759E-1,1.690295004E2,-1.672519281E2,-5.824100003E1,-4.502642867E1
1.277787604E1,9.787079851E-2,8.226320095E-1,-2.795327772E-1,4.853444364E-1,1.687668506E2,-1.677882069E2,-5.856539098E1,-4.440172134E1
1.278789804E1,1.003461883E-1,8.228793061E-1,-2.764563312E-1,4.861814096E-1,1.684817882E2,-1.684461815E2,-5.882828850E1,-4.366990659E1
1.279792004E1,1.028878329E-1,8.233867963E-1,-2.734454868E-1,4.864934016E-1,1.681890217E2,-1.691780090E2,-5.902733427E1,-4.288108954E1
1.280794204E1,1.053119089E-1,8.241590741E-1,-2.705109071E-1,4.863077448E-1,1.679097255E2,-1.699449008E2,-5.915594393E1,-4.205935563E1
1.281796404E1,1.075052941E-1,8.252453037E-1,-2.676869628E-1,4.855475210E-1,1.676569468E2,-1.707270393E2,-5.919857416E1,-4.121869808E1
1.282798604E1,1.094443442E-1,8.266913410E-1,-2.648621335E-1,4.842017721E-1,1.674334291E2,-1.715279269E2,-5.915373448E1,-4.034391442E1
1.283800804E1,1.113308160E-1,8.284151682E-1,-2.619130132E-1,4.824263993E-1,1.672159261E2,-1.723737884E2,-5.905002704E1,-3.941332898E1
1.284803004E1,1.133158694E-1,8.302072311E-1,-2.588480311E-1,4.805341955E-1,1.669870070E2,-1.732542069E2,-5.893129716E1,-3.844787055E1
1.285805204E1,1.153323011E-1,8.318860244E-1,-2.556908950E-1,4.788385856E-1,1.667544159E2,-1.741241440E2,-5.883240360E1,-3.748602527E1
1.286807504E1,1.173388282E-1,8.332818648E-1,-2.526187902E-1,4.775527274E-1,1.665229129E2,-1.749394184E2,-5.877697770E1,-3.658195546E1
1.287809704E1,1.193682833E-1,8.342785956E-1,-2.497922961E-1,4.767956857E-1,1.662887083E2,-1.756816977E2,-5.878133124E1,-3.576966049E1
1.288811904E1,1.214699359E-1,8.349020950E-1,-2.471650512E-1,4.765428468E-1,1.660461113E2,-1.763717742E2,-5.884595625E1,-3.502859237E1
1.289814104E1,1.237794357E-1,8.352178592E-1,-2.446701263E-1,4.766825425E-1,1.657794496E2,-1.770544495E2,-5.896336458E1,-3.432052978E1
1.290816304E1,1.262689552E-1,8.352439692E-1,-2.422282433E-1,4.772307150E-1,1.654919155E2,-1.777359286E2,-5.913516948E1,-3.362985823E1
1.291818504E1,1.287964490E-1,8.350073989E-1,-2.396854818E-1,4.782519437E-1,1.651999015E2,-1.784067388E2,-5.936479650E1,-3.293998849E1
1.292820704E1,1.313989537E-1,8.345350803E-1,-2.370949047E-1,4.796577729E-1,1.648991201E2,-1.790777295E2,-5.964269621E1,-3.224879661E1
1.293822904E1,1.340758265E-1,8.339095157E-1,-2.345509420E-1,4.812529468E-1,1.645896344E2,-1.797549059E2,-5.994420000E1,-3.156038775E1
1.294825204E1,1.367642264E-1,8.332362619E-1,-2.321081106E-1,4.828443907E-1,1.642787021E2,1.795648325E2,-6.024264203E1,-3.087917748E1
1.295827404E1,1.394433014E-1,8.325687401E-1,-2.297786543E-1,4.843414362E-1,1.639687324E2,1.788809142E2,-6.052579109E1,-3.020470756E1
1.296829604E1,1.420648354E-1,8.319387922E-1,-2.275112592E-1,4.857303435E-1,1.636653059E2,1.781962972E2,-6.079018942E1,-2.953148218E1
1.297831804E1,1.445381389E-1,8.314167825E-1,-2.252782981E-1,4.869337203E-1,1.633789305E2,1.775213377E2,-6.102277460E1,-2.886048964E1
1.298834004E1,1.469487279E-1,8.310620114E-1,-2.230381720E-1,4.878482226E-1,1.630997159E2,1.768300031E2,-6.121283790E1,-2.817023914E1
1.299836204E1,1.492722520E-1,8.309968102E-1,-2.208039255E-1,4.882700599E-1,1.628304903E2,1.761194717E2,-6.133287052E1,-2.745884182E1
1.300838404E1,1.513046784E-1,8.313611908E-1,-2.186295906E-1,4.880025749E-1,1.625949157E2,1.754307941E2,-6.135086755E1,-2.675655000E1
1.301840604E1,1.529786564E-1,8.321383365E-1,-2.165641000E-1,4.870764085E-1,1.624008326E2,1.747921180E2,-6.126936536E1,-2.608971485E1
1.302842804E1,1.545972324E-1,8.332508869E-1,-2.145026555E-1,4.855731463E-1,1.622131244E2,1.741407995E2,-6.110794615E1,-2.541152745E1
1.303845104E1,1.564148152E-1,8.346142320E-1,-2.124859499E-1,4.835320587E-1,1.620022798E2,1.734390610E2,-6.087940780E1,-2.470902854E1
1.304847304E1,1.585229584E-1,8.359867231E-1,-2.104534392E-1,4.813586722E-1,1.617576523E2,1.726839085E2,-6.063836485E1,-2.397806038E1
1.305849504E1,1.609058464E-1,8.370947005E-1,-2.083280368E-1,4.795635641E-1,1.614810426E2,1.718902650E2,-6.044965036E1,-2.322072010E1
1.306851704E1,1.634714094E-1,8.379165641E-1,-2.060956868E-1,4.782234208E-1,1.611831059E2,1.710735982E2,-6.031997070E1,-2.244268130E1
1.307853904E1,1.662526694E-1,8.384896558E-1,-2.039160415E-1,4.771931937E-1,1.608599754E2,1.702373041E2,-6.023239299E1,-2.166530576E1
1.308856104E1,1.691930653E-1,8.388633509E-1,-2.017360168E-1,4.764290082E-1,1.605181890E2,1.693817020E2,-6.017889562E1,-2.087994917E1
1.309858304E1,1.723479571E-1,8.392133804E-1,-1.996539204E-1,4.755580541E-1,1.601512752E2,1.684957910E2,-6.011293389E1,-2.009248858E1
1.310860504E1,1.758317103E-1,8.397071729E-1,-1.978842585E-1,4.741486845E-1,1.597458757E2,1.675742370E2,-5.998342897E1,-1.933020932E1
1.311862804E1,1.796059606E-1,8.403848521E-1,-1.966465320E-1,4.720435759E-1,1.593063821E2,1.666520252E2,-5.977261948E1,-1.864554630E1
1.312865004E1,1.834155931E-1,8.411684674E-1,-1.958860132E-1,4.694921953E-1,1.588624559E2,1.657813568E2,-5.950812891E1,-1.806195334E1
1.313867204E1,1.871394252E-1,8.418295407E-1,-1.955401983E-1,4.669752804E-1,1.584282176E2,1.649855096E2,-5.925082038E1,-1.758214714E1
1.314869404E1,1.908166956E-1,8.421176566E-1,-1.955962536E-1,4.649397983E-1,1.579991011E2,1.642564447E2,-5.906088163E1,-1.719557409E1
1.315871604E1,1.944730928E-1,8.418874294E-1,-1.960410925E-1,4.636526020E-1,1.575721104E2,1.635845065E2,-5.897428168E1,-1.689054301E1
1.316873804E1,1.981185318E-1,8.410959537E-1,-1.969069152E-1,4.631784183E-1,1.571460852E2,1.629663255E2,-5.900105731E1,-1.666628724E1
1.317876004E1,2.017768150E-1,8.397444940E-1,-1.981216506E-1,4.635332316E-1,1.567182368E2,1.623852083E2,-5.914317838E1,-1.650148317E1
1.318878204E1,2.054749375E-1,8.379377007E-1,-1.993897229E-1,4.646333591E-1,1.562853943E2,1.617998353E2,-5.938478266E1,-1.633237643E1
1.319880404E1,2.092785536E-1,8.357975470E-1,-2.004272308E-1,4.663410757E-1,1.558398460E2,1.611618964E2,-5.970319645E1,-1.609328848E1
1.320882704E1,2.131876317E-1,8.334723475E-1,-2.010396666E-1,4.684633802E-1,1.553815573E2,1.604447010E2,-6.006830792E1,-1.574295300E1
1.321884904E1,2.171231463E-1,8.310887957E-1,-2.012094973E-1,4.708117078E-1,1.549197650E2,1.596573660E2,-6.045249842E1,-1.528434402E1
1.322887104E1,2.207068086E-1,8.287849857E-1,-2.008181849E-1,4.733666498E-1,1.544988987E2,1.588596576E2,-6.084232492E1,-1.473466663E1
1.323889304E1,2.233047192E-1,8.270008675E-1,-1.997306698E-1,4.757229747E-1,1.541935809E2,1.581704335E2,-6.116927682E1,-1.415091796E1
1.324891504E1,2.250638444E-1,8.261613233E-1,-1.986070980E-1,4.768217009E-1,1.539867351E2,1.576568775E2,-6.131380550E1,-1.368122513E1
1.325893704E1,2.256285068E-1,8.265220793E-1,-1.983023974E-1,4.760558294E-1,1.539203213E2,1.575138710E2,-6.121427213E1,-1.356937927E1
1.326895904E1,2.246540822E-1,8.279138314E-1,-1.992463393E-1,4.736982506E-1,1.540349244E2,1.578581679E2,-6.091336863E1,-1.393627187E1
1.327898104E1,2.221085390E-1,8.298029586E-1,-2.012750989E-1,4.707262235E-1,1.543341842E2,1.586469377E2,-6.053191623E1,-1.471196625E1
1.328900404E1,2.178112463E-1,8.318154706E-1,-2.038584478E-1,4.680630905E-1,1.548389812E2,1.598307017E2,-6.016820843E1,-1.577595680E1
1.329902604E1,2.118233066E-1,8.339333708E-1,-2.065575109E-1,4.658540583E-1,1.555415518E2,1.613378358E2,-5.982450719E1,-1.702291192E1
1.330904804E1,2.040997596E-1,8.365898023E-1,-2.096829526E-1,4.631347120E-1,1.564463902E2,1.631970203E2,-5.937277322E1,-1.851600194E1
1.331907004E1,1.941941333E-1,8.402513941E-1,-2.138137231E-1,4.588573337E-1,1.576046981E2,1.655089948E2,-5.866637232E1,-2.038061606E1
1.332909204E1,1.822509282E-1,8.448468757E-1,-2.193631565E-1,4.526566999E-1,1.589982049E2,1.682069186E2,-5.765152847E1,-2.260446987E1
1.333911404E1,1.687285544E-1,8.500257540E-1,-2.262966081E-1,4.447210173E-1,1.605721945E2,1.711171535E2,-5.634752230E1,-2.505088194E1
1.334913604E1,1.541574089E-1,8.553932184E-1,-2.338774142E-1,4.357054377E-1,1.622641360E2,1.740272904E2,-5.483599059E1,-2.748319231E1
1.335915804E1,1.391884183E-1,8.603314382E-1,-2.409647019E-1,4.270741319E-1,1.639982275E2,1.767684958E2,-5.331476225E1,-2.967077999E1
1.336918004E1,1.242822370E-1,8.642576700E-1,-2.465076868E-1,4.205312340E-1,1.657213844E2,1.793022056E2,-5.201461236E1,-3.149847051E1
1.337920304E1,1.096408749E-1,8.667573153E-1,-2.500333550E-1,4.173656791E-1,1.674107720E2,-1.782981042E2,-5.110858783E1,-3.299630920E1
1.338922504E1,9.541952726E-2,8.676248450E-1,-2.517283537E-1,4.180371100E-1,1.690490667E2,-1.759392658E2,-5.066366324E1,-3.428147259E1
1.339924704E1,8.156292895E-2,8.668465191E-1,-2.520592486E-1,4.223633786E-1,1.706431828E2,-1.735227606E2,-5.065710714E1,-3.549472554E1
1.340926904E1,6.805875205E-2,8.646227882E-1,-2.513191289E-1,4.296906820E-1,1.721950081E2,-1.710127843E2,-5.100944058E1,-3.670941984E1
1.341929104E1,5.480934231E-2,8.611967130E-1,-2.497838456E-1,4.392541812E-1,1.737161632E2,-1.683811754E2,-5.162362312E1,-3.798334413E1
1.342931304E1,4.182248636E-2,8.567806716E-1,-2.477654120E-1,4.503222597E-1,1.752060979E2,-1.656218083E2,-5.240840569E1,-3.936233387E1
1.343933504E1,2.936225529E-2,8.515715108E-1,-2.456169974E-1,4.622078607E-1,1.766348497E2,-1.627735419E2,-5.328602276E1,-4.086961612E1
1.344935704E1,1.770395230E-2,8.457957277E-1,-2.436724894E-1,4.742781491E-1,1.779711705E2,-1.598905112E2,-5.418521024E1,-4.250904113E1
1.345937904E1,6.392328220E-3,8.399484215E-1,-2.419353016E-1,4.857088802E-1,1.792674882E2,-1.569889684E2,-5.498819747E1,-4.423087726E1
1.346940204E1,4.971621177E-3,-8.344488900E-1,2.402829344E-1,-4.959177952E-1,1.794302918E2,-1.541084792E2,-5.561353281E1,-4.595264764E1
1.347942404E1,1.635424163E-2,-8.294310969E-1,2.387738665E-1,-5.047412169E-1,1.781258584E2,-1.513059079E2,-5.604599355E1,-4.762355533E1
1.348944604E1,2.803422917E-2,-8.251649718E-1,2.374743317E-1,-5.117839553E-1,1.767870930E2,-1.486307606E2,-5.623226107E1,-4.917589237E1
1.349946804E1,4.035122418E-2,-8.219422131E-1,2.364526499E-1,-5.165974204E-1,1.753748346E2,-1.461415512E2,-5.611354815E1,-5.052798153E1
1.350949004E1,5.337299879E-2,-8.197134245E-1,2.354890676E-1,-5.193901127E-1,1.738809973E2,-1.438590409E2,-5.572708366E1,-5.163020630E1
1.351951204E1,6.681350234E-2,-8.180512581E-1,2.343734194E-1,-5.209581019E-1,1.723380288E2,-1.417407235E2,-5.518725554E1,-5.252481310E1
1.352953404E1,8.013879748E-2,-8.163254290E-1,2.330221915E-1,-5.223898514E-1,1.708069123E2,-1.397012137E2,-5.463999912E1,-5.332886261E1
1.353955604E1,9.313979369E-2,-8.141059970E-1,2.312349754E-1,-5.244872894E-1,1.693114738E2,-1.376501970E2,-5.418416675E1,-5.412991804E1
1.354957904E1,1.059323527E-1,-8.112320877E-1,2.288747519E-1,-5.275387423E-1,1.678382279E2,-1.355226132E2,-5.384483537E1,-5.497115142E1
1.355960104E1,1.187698613E-1,-8.077427080E-1,2.257250758E-1,-5.315013047E-1,1.663577738E2,-1.332912931E2,-5.361160106E1,-5.584088080E1
1.356962304E1,1.315632210E-1,-8.036301871E-1,2.218151126E-1,-5.363466960E-1,1.648801316E2,-1.309558830E2,-5.348329196E1,-5.675061199E1
1.357964504E1,1.441449615E-1,-7.986657941E-1,2.174561170E-1,-5.422804455E-1,1.634244621E2,-1.284670339E2,-5.346672512E1,-5.779160504E1
1.358966704E1,1.565654270E-1,-7.926771695E-1,2.129232024E-1,-5.493759096E-1,1.619848056E2,-1.257687960E2,-5.354103439E1,-5.904050320E1
1.359968904E1,1.685641711E-1,-7.856847544E-1,2.086256568E-1,-5.574594644E-1,1.605913052E2,-1.228852126E2,-5.367222333E1,-6.053167800E1
1.360971104E1,1.800337827E-1,-7.781206384E-1,2.043498801E-1,-5.660011765E-1,1.592565449E2,-1.199282213E2,-5.382856205E1,-6.214460989E1
1.361973304E1,1.905786081E-1,-7.704469617E-1,2.004547526E-1,-5.743771672E-1,1.580268940E2,-1.170506093E2,-5.396419410E1,-6.379090908E1
1.362975504E1,2.001278195E-1,-7.630348905E-1,1.970471378E-1,-5.821503105E-1,1.569111327E2,-1.143546257E2,-5.405030675E1,-6.538293290E1
1.363977804E1,2.086506077E-1,-7.560459315E-1,1.939939358E-1,-5.892586083E-1,1.559134277E2,-1.118765829E2,-5.410171989E1,-6.687500587E1
1.364980004E1,2.160416055E-1,-7.495281321E-1,1.911550505E-1,-5.958131597E-1,1.550467136E2,-1.096215467E2,-5.415093165E1,-6.825893822E1
1.365982204E1,2.225023802E-1,-7.434200212E-1,1.881944241E-1,-6.019985469E-1,1.542878951E2,-1.075401871E2,-5.422589705E1,-6.953838511E1
1.366984404E1,2.280066954E-1,-7.379859648E-1,1.850593518E-1,-6.075712665E-1,1.536405081E2,-1.056940103E2,-5.432799902E1,-7.064973772E1
1.367986604E1,2.323223220E-1,-7.337636092E-1,1.820425647E-1,-6.119459829E-1,1.531323296E2,-1.042428770E2,-5.443559849E1,-7.147764288E1
1.368988804E1,2.356263820E-1,-7.312704334E-1,1.794481944E-1,-6.144283480E-1,1.527429026E2,-1.033312302E2,-5.449463219E1,-7.188776832E1
1.369991004E1,2.385420378E-1,-7.306844447E-1,1.774192240E-1,-6.145894965E-1,1.523989876E2,-1.029929710E2,-5.443912534E1,-7.180409438E1
1.370993204E1,2.415061413E-1,-7.318400060E-1,1.758278644E-1,-6.125109825E-1,1.520490978E2,-1.031599649E2,-5.425187137E1,-7.124614004E1
1.371995404E1,2.440065663E-1,-7.351221707E-1,1.744688603E-1,-6.079612091E-1,1.517537350E2,-1.039384855E2,-5.396993304E1,-7.013387128E1
1.372997704E1,2.455728908E-1,-7.409638504E-1,1.730489751E-1,-6.006001988E-1,1.515686154E2,-1.054419186E2,-5.361545116E1,-6.836937765E1
1.373999904E1,2.464897006E-1,-7.486424372E-1,1.713812876E-1,-5.911054937E-1,1.514602250E2,-1.074476512E2,-5.318417302E1,-6.613486621E1
1.375002104E1,2.466326522E-1,-7.569342817E-1,1.699139450E-1,-5.808201559E-1,1.514433221E2,-1.096361788E2,-5.269992818E1,-6.379931047E1
1.376004304E1,2.455526919E-1,-7.651216021E-1,1.690947367E-1,-5.707011928E-1,1.515710031E2,-1.118451652E2,-5.221059034E1,-6.160316396E1
1.377006433E1,2.431478665E-1,-7.726264596E-1,1.690877193E-1,-5.615485938E-1,1.518551905E2,-1.139366741E2,-5.176768347E1,-5.970886396E1
1.378008633E1,2.395870478E-1,-7.787168056E-1,1.698206108E-1,-5.543998139E-1,1.522756622E2,-1.157228623E2,-5.145024402E1,-5.828564688E1
1.379010833E1,2.351222530E-1,-7.827461076E-1,1.710070657E-1,-5.502569578E-1,1.528023414E2,-1.170353232E2,-5.135294610E1,-5.745727407E1
1.380013033E1,2.302669361E-1,-7.842711280E-1,1.721927619E-1,-5.497686444E-1,1.533744242E2,-1.177355486E2,-5.153928029E1,-5.727913021E1
1.381015233E1,2.247023720E-1,-7.833229083E-1,1.736330883E-1,-5.529609310E-1,1.540292456E2,-1.178526729E2,-5.202342489E1,-5.777009502E1
1.382017533E1,2.188348984E-1,-7.800584873E-1,1.753125349E-1,-5.593617308E-1,1.547187796E2,-1.173848875E2,-5.274420043E1,-5.889294660E1
1.383019733E1,2.138469138E-1,-7.744666120E-1,1.768396838E-1,-5.685056476E-1,1.553042259E2,-1.162187073E2,-5.360485174E1,-6.062437888E1
1.384021933E1,2.097736105E-1,-7.671836577E-1,1.786209571E-1,-5.792398388E-1,1.557818288E2,-1.144968645E2,-5.447151826E1,-6.285225960E1
1.385024133E1,2.061918027E-1,-7.597040251E-1,1.810369830E-1,-5.895425516E-1,1.562014501E2,-1.126542476E2,-5.519496117E1,-6.520961384E1
1.386026333E1,2.037155489E-1,-7.534243343E-1,1.832522846E-1,-5.977211054E-1,1.564913623E2,-1.110505762E2,-5.569128529E1,-6.721408564E1
1.387028533E1,2.020984376E-1,-7.494867650E-1,1.848743061E-1,-6.027000180E-1,1.566806063E2,-1.100429779E2,-5.596601657E1,-6.849743768E1
1.388030733E1,2.007071069E-1,-7.488795553E-1,1.859122565E-1,-6.035997478E-1,1.568433765E2,-1.099679531E2,-5.603912187E1,-6.877856427E1
1.389032933E1,1.998924294E-1,-7.515177373E-1,1.859933049E-1,-6.005585788E-1,1.569386627E2,-1.107765525E2,-5.592486304E1,-6.804550811E1
1.390035133E1,1.996299388E-1,-7.566210885E-1,1.853641789E-1,-5.944010085E-1,1.569693606E2,-1.122435047E2,-5.563558200E1,-6.654654508E1
1.391037433E1,1.993826422E-1,-7.633195082E-1,1.846639301E-1,-5.860793451E-1,1.569982801E2,-1.141487058E2,-5.519446080E1,-6.460140141E1
1.392039633E1,1.984157724E-1,-7.710762985E-1,1.846073690E-1,-5.761880066E-1,1.571113340E2,-1.163805006E2,-5.461820396E1,-6.244506271E1
1.393041833E1,1.977976257E-1,-7.791712962E-1,1.847204701E-1,-5.653729777E-1,1.571836007E2,-1.186446061E2,-5.389809086E1,-6.024091256E1
1.394044033E1,1.985923888E-1,-7.871617907E-1,1.847130101E-1,-5.539120273E-1,1.570906844E2,-1.207284776E2,-5.300343331E1,-5.808561337E1
1.395046233E1,2.005561896E-1,-7.948914385E-1,1.851053973E-1,-5.419048854E-1,1.568610293E2,-1.226019093E2,-5.193046907E1,-5.607370691E1
1.396048433E1,2.028991434E-1,-8.017515967E-1,1.862490098E-1,-5.304127780E-1,1.565869111E2,-1.241705880E2,-5.079950735E1,-5.439727133E1
1.397050633E1,2.049893321E-1,-8.069441727E-1,1.879333665E-1,-5.210580742E-1,1.563422509E2,-1.253033824E2,-4.980753289E1,-5.322496054E1
1.398052833E1,2.062716816E-1,-8.101476282E-1,1.897797778E-1,-5.148750578E-1,1.561920956E2,-1.259929318E2,-4.910908050E1,-5.258085972E1
1.399055133E1,2.064441570E-1,-8.114659817E-1,1.913025434E-1,-5.121593572E-1,1.561718966E2,-1.263062667E2,-4.878245809E1,-5.238293407E1
1.400057333E1,2.054995091E-1,-8.111691414E-1,1.920882871E-1,-5.127149897E-1,1.562825172E2,-1.263137757E2,-4.883777852E1,-5.252542696E1
1.401059533E1,2.035822806E-1,-8.094333867E-1,1.922788541E-1,-5.161402324E-1,1.565069606E2,-1.260461562E2,-4.922438987E1,-5.297672975E1
1.402061733E1,2.009960341E-1,-8.064239331E-1,1.922914138E-1,-5.218287399E-1,1.568095791E2,-1.255152189E2,-4.984748896E1,-5.373385022E1
1.403063933E1,1.980510020E-1,-8.024985021E-1,1.924680513E-1,-5.288932050E-1,1.571539800E2,-1.247755818E2,-5.059110541E1,-5.474390474E1
1.404066133E1,1.948618553E-1,-7.982451053E-1,1.931597864E-1,-5.362115627E-1,1.575266926E2,-1.239583288E2,-5.133182347E1,-5.589550236E1
1.405068333E1,1.917459072E-1,-7.943939581E-1,1.945029433E-1,-5.425313457E-1,1.578906182E2,-1.232254519E2,-5.194105553E1,-5.701084687E1
1.406070533E1,1.890670956E-1,-7.915264762E-1,1.965908771E-1,-5.468926594E-1,1.582033080E2,-1.227102031E2,-5.231862763E1,-5.793396753E1
1.407072733E1,1.869589314E-1,-7.897018127E-1,1.993131842E-1,-5.492646630E-1,1.584492723E2,-1.224290578E2,-5.246523690E1,-5.862821675E1
1.408075033E1,1.853404502E-1,-7.885132926E-1,2.024747668E-1,-5.503633049E-1,1.586380359E2,-1.222865106E2,-5.245585175E1,-5.917991353E1
1.409077233E1,1.840275337E-1,-7.875733758E-1,2.057741485E-1,-5.509257545E-1,1.587911184E2,-1.221926470E2,-5.237775489E1,-5.966898279E1
1.410079433E1,1.827137954E-1,-7.865942834E-1,2.088612577E-1,-5.515996194E-1,1.589442584E2,-1.220884819E2,-5.232089992E1,-6.015028984E1
1.411081633E1,1.810433472E-1,-7.856195111E-1,2.116855180E-1,-5.524622811E-1,1.591389246E2,-1.220088197E2,-5.231670410E1,-6.061488327E1
1.412083833E1,1.790205303E-1,-7.849098846E-1,2.140918923E-1,-5.532023166E-1,1.593745727E2,-1.220172224E2,-5.235162792E1,-6.098549012E1
1.413086033E1,1.767820269E-1,-7.842763332E-1,2.161748739E-1,-5.540101031E-1,1.596352445E2,-1.220556284E2,-5.242561690E1,-6.131643708E1
1.414088233E1,1.743729973E-1,-7.833650340E-1,2.180242776E-1,-5.553365487E-1,1.599156550E2,-1.220291638E2,-5.256348508E1,-6.170601791E1
1.415090433E1,1.717506415E-1,-7.819026016E-1,2.195142740E-1,-5.576231627E-1,1.602207587E2,-1.218641820E2,-5.280764364E1,-6.222010413E1
1.416092633E1,1.686215330E-1,-7.797104176E-1,2.206354224E-1,-5.611938016E-1,1.605846365E2,-1.215298856E2,-5.319982492E1,-6.291291679E1
1.417094933E1,1.645075159E-1,-7.765162976E-1,2.217085443E-1,-5.663966404E-1,1.610627475E2,-1.209872992E2,-5.377349390E1,-6.389076962E1
1.418097133E1,1.589363347E-1,-7.717073211E-1,2.233986540E-1,-5.738468123E-1,1.617096746E2,-1.201046336E2,-5.455486840E1,-6.538099547E1
1.419099333E1,1.518709845E-1,-7.649082969E-1,2.261519180E-1,-5.837000923E-1,1.625292631E2,-1.187637374E2,-5.551376673E1,-6.754155659E1
1.420101533E1,1.435335582E-1,-7.566211306E-1,2.301871416E-1,-5.949255892E-1,1.634952600E2,-1.170648660E2,-5.653131774E1,-7.027205786E1
1.421103733E1,1.343147991E-1,-7.480568489E-1,2.355072961E-1,-6.057282269E-1,1.645620002E2,-1.153243442E2,-5.745551927E1,-7.322520436E1
1.422105933E1,1.248238135E-1,-7.406648185E-1,2.414698740E-1,-6.144322466E-1,1.656588373E2,-1.139349052E2,-5.820017644E1,-7.590483107E1
1.423108133E1,1.154329477E-1,-7.356518091E-1,2.470648470E-1,-6.200407698E-1,1.667428051E2,-1.132347708E2,-5.878508504E1,-7.785679511E1
1.424110333E1,1.062709394E-1,-7.335903224E-1,2.513642471E-1,-6.223887286E-1,1.677992085E2,-1.133798996E2,-5.928642293E1,-7.883521681E1
1.425112533E1,9.689623693E-2,-7.343967602E-1,2.542792917E-1,-6.217833945E-1,1.688790604E2,-1.143992685E2,-5.976803188E1,-7.883972949E1
1.426114833E1,8.729246637E-2,-7.375817976E-1,2.563057965E-1,-6.185955965E-1,1.699842727E2,-1.162045444E2,-6.020197387E1,-7.800316470E1
1.427117033E1,7.756676497E-2,-7.423207892E-1,2.580956888E-1,-6.134573689E-1,1.711025662E2,-1.185868078E2,-6.054300124E1,-7.658244185E1
1.428119233E1,6.784483572E-2,-7.478550287E-1,2.600586994E-1,-6.070250433E-1,1.722195779E2,-1.213173900E2,-6.076761446E1,-7.483169624E1
1.429121433E1,5.805125682E-2,-7.534646478E-1,2.624541998E-1,-6.000322911E-1,1.733440740E2,-1.241691799E2,-6.089557324E1,-7.300644143E1
1.430123633E1,4.806867039E-2,-7.584967075E-1,2.653129573E-1,-5.932800498E-1,1.744896127E2,-1.269284153E2,-6.098531805E1,-7.133148635E1
1.431125833E1,3.776949790E-2,-7.626138435E-1,2.683085235E-1,-5.873705981E-1,1.756709047E2,-1.294840685E2,-6.111679373E1,-6.989796715E1
1.432128033E1,2.688216614E-2,-7.658414070E-1,2.709719936E-1,-5.825276723E-1,1.769191595E2,-1.318710393E2,-6.136363714E1,-6.865077056E1
1.433130233E1,1.520167283E-2,-7.684660809E-1,2.729457937E-1,-5.785579028E-1,1.782579495E2,-1.342197407E2,-6.175182124E1,-6.744470561E1
1.434132433E1,2.700369658E-3,-7.708115320E-1,2.741705179E-1,-5.750416334E-1,1.796905601E2,-1.366674078E2,-6.225357909E1,-6.614066746E1
1.435134733E1,1.028897295E-2,7.730978088E-1,-2.746860792E-1,5.716304149E-1,1.788209497E2,-1.392720601E2,-6.281110087E1,-6.465813202E1
1.436136933E1,2.331955625E-2,7.753443834E-1,-2.748230776E-1,5.681281804E-1,1.773275334E2,-1.419977210E2,-6.335566436E1,-6.302683821E1
1.437139133E1,3.604465920E-2,7.775576619E-1,-2.750899725E-1,5.642962733E-1,1.758686914E2,-1.447917963E2,-6.381537725E1,-6.131706849E1
1.438141333E1,4.811161803E-2,7.800212295E-1,-2.759662898E-1,5.595487469E-1,1.744846855E2,-1.476567250E2,-6.408903540E1,-5.954342958E1
1.439143533E1,5.895353656E-2,7.835689405E-1,-2.775962348E-1,5.527065643E-1,1.732405030E2,-1.506935048E2,-6.401358413E1,-5.757913116E1
1.440145733E1,6.796259401E-2,7.888016192E-1,-2.796697123E-1,5.431002438E-1,1.722060526E2,-1.538784711E2,-6.348414591E1,-5.537773658E1
1.441147933E1,7.481444932E-2,7.950222623E-1,-2.817043725E-1,5.319634027E-1,1.714188778E2,-1.568541685E2,-6.262257152E1,-5.322269050E1
1.442150133E1,7.952187298E-2,8.009448217E-1,-2.836666454E-1,5.212455434E-1,1.708778330E2,-1.592349055E2,-6.165361339E1,-5.148425248E1
1.443152333E1,8.186058053E-2,8.059693583E-1,-2.854693083E-1,5.120737359E-1,1.706089600E2,-1.608588691E2,-6.071166010E1,-5.028673445E1
1.444154633E1,8.189646857E-2,8.098200208E-1,-2.868464566E-1,5.051768467E-1,1.706048337E2,-1.617333555E2,-5.990418763E1,-4.959507974E1
1.445156833E1,8.030907074E-2,8.122962535E-1,-2.874930524E-1,5.010718912E-1,1.707873373E2,-1.619926848E2,-5.934064622E1,-4.929659051E1
1.446159033E1,7.773855553E-2,8.133733794E-1,-2.870600146E-1,4.999769793E-1,1.710828208E2,-1.617837929E2,-5.908909985E1,-4.926272653E1
1.447161233E1,7.422997790E-2,8.133454782E-1,-2.852696165E-1,5.015779062E-1,1.714860401E2,-1.611963771E2,-5.912214854E1,-4.938557564E1
1.448163433E1,6.964732999E-2,8.125710299E-1,-2.822071001E-1,5.052096791E-1,1.720125374E2,-1.602832291E2,-5.935561590E1,-4.961584206E1
1.449165633E1,6.374504318E-2,8.113470011E-1,-2.782958725E-1,5.101019167E-1,1.726904001E2,-1.590528385E2,-5.967998875E1,-4.997080487E1
1.450167833E1,5.641726565E-2,8.099134814E-1,-2.740968031E-1,5.154882839E-1,1.735316231E2,-1.575253095E2,-5.998900125E1,-5.047910772E1
1.451170033E1,4.767236357E-2,8.084978952E-1,-2.701520688E-1,5.206499874E-1,1.745350782E2,-1.557473016E2,-6.018627881E1,-5.114868943E1
1.452172233E1,3.742625396E-2,8.073264657E-1,-2.666952686E-1,5.250683258E-1,1.757102654E2,-1.537717679E2,-6.020005393E1,-5.194340582E1
1.453174533E1,2.586503624E-2,8.066990045E-1,-2.636966678E-1,5.282344392E-1,1.770357546E2,-1.517384325E2,-5.998488155E1,-5.273852763E1
1.454176733E1,1.327096785E-2,8.068300601E-1,-2.608012847E-1,5.299356546E-1,1.784792145E2,-1.497913893E2,-5.954846924E1,-5.338176153E1
1.455178933E1,7.455777502E-5,-8.074341931E-1,2.575789895E-1,-5.307570335E-1,1.799914563E2,-1.479311513E2,-5.898854853E1,-5.385310401E1
1.456181133E1,1.382781201E-2,-8.077357116E-1,2.539299997E-1,-5.318752526E-1,1.784153990E2,-1.460153158E2,-5.845249726E1,-5.430744921E1
1.457183333E1,2.773087723E-2,-8.069637078E-1,2.501079127E-1,-5.343094438E-1,1.768218681E2,-1.438741542E2,-5.804513034E1,-5.495334132E1
1.458185533E1,4.190113238E-2,-8.047528527E-1,2.462782815E-1,-5.384831409E-1,1.751970778E2,-1.413884250E2,-5.778493329E1,-5.591428776E1
1.459187733E1,5.631008622E-2,-8.012683831E-1,2.423710368E-1,-5.441087758E-1,1.735439245E2,-1.386017735E2,-5.763536007E1,-5.714593654E1
1.460189933E1,7.063023664E-2,-7.968530160E-1,2.381430968E-1,-5.507490960E-1,1.718996266E2,-1.356419339E2,-5.757477596E1,-5.852961755E1
1.461192133E1,8.450209211E-2,-7.918152032E-1,2.335168901E-1,-5.579945397E-1,1.703052123E2,-1.326246215E2,-5.758544579E1,-5.997490387E1
1.462194433E1,9.780098225E-2,-7.864018198E-1,2.285568382E-1,-5.654812108E-1,1.687748895E2,-1.296196981E2,-5.763817409E1,-6.142938944E1
1.463196633E1,1.105145580E-1,-7.808378879E-1,2.233563807E-1,-5.728793104E-1,1.673100431E2,-1.266825813E2,-5.770232094E1,-6.284740625E1
1.464198833E1,1.226453693E-1,-7.753018783E-1,2.180971495E-1,-5.799127132E-1,1.659104018E2,-1.238597555E2,-5.774890471E1,-6.419796291E1
1.465201033E1,1.336767380E-1,-7.699672252E-1,2.132752550E-1,-5.863400444E-1,1.646357820E2,-1.212490989E2,-5.776906713E1,-6.546830416E1
1.466203233E1,1.431250920E-1,-7.650123996E-1,2.091625234E-1,-5.920492144E-1,1.635425551E2,-1.189356568E2,-5.777678314E1,-6.663621008E1
1.467205433E1,1.525303088E-1,-7.606373881E-1,2.044495785E-1,-5.969636423E-1,1.624528195E2,-1.168213656E2,-5.775519668E1,-6.755886032E1
1.468207633E1,1.616778186E-1,-7.573914486E-1,1.986953114E-1,-6.006152874E-1,1.613914075E2,-1.150723205E2,-5.773118180E1,-6.805053711E1
1.469209833E1,1.699412983E-1,-7.557784465E-1,1.921564386E-1,-6.024905692E-1,1.604311879E2,-1.138815630E2,-5.771354613E1,-6.799248711E1
1.470212033E1,1.771829698E-1,-7.560791432E-1,1.854146919E-1,-6.021394017E-1,1.595885629E2,-1.133507445E2,-5.765323743E1,-6.734373797E1
1.471214333E1,1.835155971E-1,-7.583142960E-1,1.792276821E-1,-5.992985566E-1,1.588507985E2,-1.134902226E2,-5.747225625E1,-6.614782423E1
1.472216533E1,1.893629033E-1,-7.628088359E-1,1.739144817E-1,-5.933110699E-1,1.581687874E2,-1.143601166E2,-5.706626982E1,-6.433453607E1
1.473218733E1,1.944024020E-1,-7.702164606E-1,1.698403356E-1,-5.832053515E-1,1.575803686E2,-1.161373656E2,-5.634131400E1,-6.178322463E1
1.474220933E1,1.989077104E-1,-7.802037254E-1,1.668108412E-1,-5.691151753E-1,1.570538156E2,-1.186303910E2,-5.525449317E1,-5.864429300E1
1.475223133E1,2.033513896E-1,-7.913832401E-1,1.643661764E-1,-5.525799024E-1,1.565339841E2,-1.213389722E2,-5.387733689E1,-5.533792923E1
1.476225333E1,2.075303550E-1,-8.022419331E-1,1.624940345E-1,-5.356628950E-1,1.560446722E2,-1.238423996E2,-5.237445956E1,-5.230169756E1
1.477227879E1,2.107736077E-1,-8.119497853E-1,1.613661005E-1,-5.198779203E-1,1.556646170E2,-1.260018523E2,-5.091451020E1,-4.974903888E1
1.478230079E1,2.125894309E-1,-8.200529174E-1,1.607531378E-1,-5.064360576E-1,1.554517144E2,-1.277932303E2,-4.966383248E1,-4.773107333E1
1.479232279E1,2.127956555E-1,-8.260805489E-1,1.606271609E-1,-4.964955969E-1,1.554275294E2,-1.291729573E2,-4.875776744E1,-4.630936935E1
1.480234579E1,2.118584149E-1,-8.295289197E-1,1.610054710E-1,-4.909939369E-1,1.555374352E2,-1.300319548E2,-4.827661526E1,-4.555734078E1
1.481236779E1,2.106123749E-1,-8.300559239E-1,1.614357061E-1,-4.904977948E-1,1.556835172E2,-1.302531724E2,-4.826920115E1,-4.548147202E1
1.482238979E1,2.098939398E-1,-8.274182899E-1,1.614294683E-1,-4.952414647E-1,1.557677262E2,-1.297165658E2,-4.874459089E1,-4.608649448E1
1.483241179E1,2.098108473E-1,-8.216531700E-1,1.610489034E-1,-5.049047045E-1,1.557774647E2,-1.283952431E2,-4.965264422E1,-4.739447196E1
1.484243379E1,2.099112621E-1,-8.133244048E-1,1.607924398E-1,-5.182531804E-1,1.557656959E2,-1.264063864E2,-5.085144186E1,-4.936849612E1
1.485245579E1,2.093533116E-1,-8.038266125E-1,1.614872727E-1,-5.328751128E-1,1.558310853E2,-1.241025847E2,-5.209799638E1,-5.179575990E1
1.486247779E1,2.080447257E-1,-7.946965725E-1,1.634590077E-1,-5.463111172E-1,1.559844145E2,-1.218622110E2,-5.315776371E1,-5.432925034E1
1.487249979E1,2.066628043E-1,-7.869272224E-1,1.661340681E-1,-5.571673130E-1,1.561462892E2,-1.199189724E2,-5.392362756E1,-5.662675864E1
1.488252179E1,2.057228980E-1,-7.808280045E-1,1.686127032E-1,-5.652924140E-1,1.562563599E2,-1.183534088E2,-5.443116808E1,-5.848830843E1
1.489254479E1,2.050182027E-1,-7.763703852E-1,1.704571336E-1,-5.711051388E-1,1.563388708E2,-1.171953612E2,-5.477413562E1,-5.986617878E1
1.490256679E1,2.042446394E-1,-7.735997989E-1,1.714799744E-1,-5.748234180E-1,1.564294309E2,-1.164890524E2,-5.501666405E1,-6.072706832E1
1.491258879E1,2.034895365E-1,-7.727029561E-1,1.716356227E-1,-5.762493302E-1,1.565178156E2,-1.162883932E2,-5.515362586E1,-6.100615243E1
1.492261079E1,2.030061543E-1,-7.735489698E-1,1.713794120E-1,-5.753603267E-1,1.565743879E2,-1.165522931E2,-5.514055296E1,-6.076145220E1
1.493263279E1,2.031772072E-1,-7.755536425E-1,1.711599955E-1,-5.726602943E-1,1.565543695E2,-1.170976001E2,-5.495546185E1,-6.018160325E1
1.494265479E1,2.039509391E-1,-7.779887188E-1,1.711797203E-1,-5.690649995E-1,1.564638102E2,-1.177213729E2,-5.464948177E1,-5.949136839E1
1.495267679E1,2.049357845E-1,-7.803158992E-1,1.713127357E-1,-5.654736244E-1,1.563485201E2,-1.182956999E2,-5.431928564E1,-5.884196223E1
1.496269879E1,2.058253570E-1,-7.823109413E-1,1.712725487E-1,-5.623978949E-1,1.562443622E2,-1.187776529E2,-5.404082326E1,-5.827854867E1
1.497272079E1,2.065354260E-1,-7.839329628E-1,1.709086949E-1,-5.599843345E-1,1.561612076E2,-1.191633619E2,-5.384102163E1,-5.779957273E1
1.498274279E1,2.070938928E-1,-7.852145431E-1,1.702393398E-1,-5.581835472E-1,1.560957978E2,-1.194627190E2,-5.371435904E1,-5.739439482E1
1.499276579E1,2.075498058E-1,-7.861949842E-1,1.694305207E-1,-5.568786281E-1,1.560423937E2,-1.196863221E2,-5.363922100E1,-5.706219587E1
1.500278779E1,2.079402964E-1,-7.868999745E-1,1.686586854E-1,-5.559709114E-1,1.559966488E2,-1.198409430E2,-5.359530017E1,-5.680800796E1
1.501280979E1,2.082765861E-1,-7.873643906E-1,1.680313296E-1,-5.553769359E-1,1.559572502E2,-1.199363382E2,-5.356914019E1,-5.663008088E1
1.502283179E1,2.086042673E-1,-7.876707771E-1,1.674826830E-1,-5.549851915E-1,1.559188574E2,-1.199908921E2,-5.355389571E1,-5.650060469E1
1.503285379E1,2.088504049E-1,-7.878177432E-1,1.670764295E-1,-5.548063203E-1,1.558900169E2,-1.200098348E2,-5.355086131E1,-5.642592941E1
1.504287579E1,2.090021757E-1,-7.878224215E-1,1.667510980E-1,-5.548405856E-1,1.558722328E2,-1.199981548E2,-5.356479497E1,-5.639706738E1
1.505289779E1,2.091663271E-1,-7.876951169E-1,1.663474366E-1,-5.550804539E-1,1.558529973E2,-1.199499835E2,-5.359864483E1,-5.639710761E1
1.506291979E1,2.093727308E-1,-7.873814812E-1,1.658623896E-1,-5.555926540E-1,1.558288096E2,-1.198486564E2,-5.365592262E1,-5.644005867E1
1.507294179E1,2.096101123E-1,-7.869045053E-1,1.654325338E-1,-5.563064425E-1,1.558009904E2,-1.197018599E2,-5.372315118E1,-5.653061586E1
1.508296479E1,2.099218304E-1,-7.863733286E-1,1.652050673E-1,-5.570072603E-1,1.557644573E2,-1.195366276E2,-5.377194328E1,-5.665039873E1
1.509298679E1,2.103737184E-1,-7.858360827E-1,1.652402599E-1,-5.575841769E-1,1.557114920E2,-1.193618906E2,-5.378591650E1,-5.678973113E1
1.510300879E1,2.109866811E-1,-7.852466801E-1,1.654224397E-1,-5.581288195E-1,1.556396389E2,-1.191633649E2,-5.377802577E1,-5.695145451E1
1.511303079E1,2.115754515E-1,-7.845996627E-1,1.655899945E-1,-5.587658481E-1,1.555706126E2,-1.189511910E2,-5.377915966E1,-5.712771596E1
1.512305279E1,2.120128410E-1,-7.839990701E-1,1.655979181E-1,-5.594402925E-1,1.555193280E2,-1.187605035E2,-5.380225616E1,-5.728202598E1
1.513307479E1,2.123064464E-1,-7.834921700E-1,1.654254953E-1,-5.600896806E-1,1.554848995E2,-1.186030195E2,-5.384364394E1,-5.740022296E1
1.514309679E1,2.125352617E-1,-7.830763281E-1,1.650963495E-1,-5.606812959E-1,1.554580669E2,-1.184728318E2,-5.389465438E1,-5.748341721E1
1.515311879E1,2.127099498E-1,-7.827026752E-1,1.647878978E-1,-5.612273189E-1,1.554375806E2,-1.183576688E2,-5.394420257E1,-5.755796526E1
1.516314079E1,2.129676884E-1,-7.823317619E-1,1.644985386E-1,-5.617312582E-1,1.554073534E2,-1.182377742E2,-5.398417935E1,-5.763165290E1
1.517316379E1,2.133431641E-1,-7.819496164E-1,1.641837438E-1,-5.622127122E-1,1.553633150E2,-1.181067236E2,-5.401677691E1,-5.770423047E1
1.518318579E1,2.138078647E-1,-7.815540682E-1,1.638042114E-1,-5.626966528E-1,1.553088065E2,-1.179655143E2,-5.404812949E1,-5.777383936E1
1.519320779E1,2.142871903E-1,-7.811900881E-1,1.633596465E-1,-5.631489412E-1,1.552525766E2,-1.178312646E2,-5.408039790E1,-5.782975238E1
1.520322979E1,2.147726904E-1,-7.809060183E-1,1.628474780E-1,-5.635062095E-1,1.551956162E2,-1.177176474E2,-5.410965102E1,-5.785869480E1
1.521325179E1,2.152852909E-1,-7.806824503E-1,1.622802868E-1,-5.637839467E-1,1.551354695E2,-1.176182078E2,-5.413496721E1,-5.786642083E1
1.522327379E1,2.158612802E-1,-7.804970042E-1,1.616458924E-1,-5.640026783E-1,1.550678768E2,-1.175244538E2,-5.415641666E1,-5.785729056E1
1.523329579E1,2.164903852E-1,-7.803633987E-1,1.609811523E-1,-5.641365999E-1,1.549940408E2,-1.174411840E2,-5.417038572E1,-5.783048307E1
1.524331779E1,2.170737502E-1,-7.802850688E-1,1.603808337E-1,-5.641916753E-1,1.549255637E2,-1.173766399E2,-5.417727466E1,-5.779421772E1
1.525333979E1,2.175773208E-1,-7.803680348E-1,1.598039065E-1,-5.640464373E-1,1.548664458E2,-1.173614304E2,-5.417301310E1,-5.771723519E1
1.526336179E1,2.179666839E-1,-7.806646644E-1,1.592259046E-1,-5.636491505E-1,1.548207309E2,-1.174117289E2,-5.415753622E1,-5.758429984E1
1.527338479E1,2.182656526E-1,-7.810941829E-1,1.586582287E-1,-5.630980594E-1,1.547856264E2,-1.175040965E2,-5.413561316E1,-5.741771326E1
1.528340679E1,2.185338014E-1,-7.815892609E-1,1.580663816E-1,-5.624733483E-1,1.547541386E2,-1.176160599E2,-5.411162178E1,-5.723211390E1
1.529342879E1,2.187631540E-1,-7.820942012E-1,1.575239306E-1,-5.618340754E-1,1.547272051E2,-1.177336137E2,-5.408552554E1,-5.704836008E1
1.530345079E1,2.190013785E-1,-7.825670888E-1,1.570314025E-1,-5.612204068E-1,1.546992281E2,-1.178422560E2,-5.405736192E1,-5.687700180E1
1.531347279E1,2.192568200E-1,-7.829196472E-1,1.566739551E-1,-5.607286900E-1,1.546692276E2,-1.179181623E2,-5.402831274E1,-5.674840200E1
1.532349479E1,2.196808489E-1,-7.829638803E-1,1.564252255E-1,-5.605703549E-1,1.546194232E2,-1.179004772E2,-5.400667125E1,-5.670837467E1
1.533351679E1,2.203045169E-1,-7.825622630E-1,1.563044748E-1,-5.609200262E-1,1.545461613E2,-1.177503481E2,-5.400229392E1,-5.679495186E1
1.534353879E1,2.209913525E-1,-7.818193405E-1,1.563295521E-1,-5.616781532E-1,1.544654669E2,-1.175051721E2,-5.401459823E1,-5.698384058E1
1.535356079E1,2.217151825E-1,-7.809350364E-1,1.564165222E-1,-5.625982189E-1,1.543804122E2,-1.172200352E2,-5.403203279E1,-5.721494938E1
1.536358379E1,2.223765613E-1,-7.800086697E-1,1.566210819E-1,-5.635646356E-1,1.543026833E2,-1.169286623E2,-5.404836654E1,-5.746763311E1
1.537360579E1,2.228720186E-1,-7.791502438E-1,1.568596963E-1,-5.644891899E-1,1.542444466E2,-1.166666824E2,-5.406902360E1,-5.770802390E1
1.538362779E1,2.231672678E-1,-7.784214826E-1,1.569953670E-1,-5.653395763E-1,1.542097394E2,-1.164515331E2,-5.410301431E1,-5.791010040E1
1.539364979E1,2.233345803E-1,-7.778482223E-1,1.569574137E-1,-5.660726892E-1,1.541900704E2,-1.162848198E2,-5.414767125E1,-5.806003967E1
1.540367179E1,2.234227726E-1,-7.774553926E-1,1.567603561E-1,-5.666317882E-1,1.541797023E2,-1.161703993E2,-5.419514134E1,-5.815088243E1
1.541369379E1,2.234149649E-1,-7.772329837E-1,1.565704846E-1,-5.669923650E-1,1.541806202E2,-1.161083312E2,-5.423391760E1,-5.819805111E1
1.542371579E1,2.233789609E-1,-7.771938714E-1,1.563818353E-1,-5.671121569E-1,1.541848529E2,-1.160980086E2,-5.425719678E1,-5.819572406E1
1.543373779E1,2.232581997E-1,-7.772899662E-1,1.562371030E-1,-5.670681240E-1,1.541990497E2,-1.161302890E2,-5.427121890E1,-5.816166964E1
1.544375979E1,2.230880634E-1,-7.774319379E-1,1.560103319E-1,-5.670026594E-1,1.542190503E2,-1.161774138E2,-5.429217922E1,-5.811000869E1
1.545378279E1,2.228733568E-1,-7.775832872E-1,1.556822187E-1,-5.669697954E-1,1.542442893E2,-1.162289961E2,-5.432495772E1,-5.804929847E1
1.546380479E1,2.226240582E-1,-7.777893010E-1,1.553298710E-1,-5.668817506E-1,1.542735931E2,-1.162976012E2,-5.435750488E1,-5.797242652E1
1.547382679E1,2.224383170E-1,-7.780956243E-1,1.549782820E-1,-5.666304289E-1,1.542954249E2,-1.163898353E2,-5.437425377E1,-5.786632214E1
1.548384879E1,2.222825950E-1,-7.784381728E-1,1.547369702E-1,-5.662869637E-1,1.543137275E2,-1.164911691E2,-5.437514002E1,-5.775772287E1
1.549387079E1,2.221847089E-1,-7.788114042E-1,1.545114214E-1,-5.658736085E-1,1.543252321E2,-1.165974252E2,-5.436622715E1,-5.764043898E1
1.550389279E1,2.220281017E-1,-7.791959731E-1,1.543541926E-1,-5.654483363E-1,1.543436377E2,-1.167110688E2,-5.435548024E1,-5.752655330E1
1.551391479E1,2.218566905E-1,-7.795685091E-1,1.541929809E-1,-5.650461289E-1,1.543637824E2,-1.168223499E2,-5.434748289E1,-5.741604207E1
1.552393679E1,2.217070060E-1,-7.798577208E-1,1.540036572E-1,-5.647574019E-1,1.543813731E2,-1.169093396E2,-5.434813299E1,-5.732569441E1
1.553395879E1,2.215749494E-1,-7.800564853E-1,1.537698265E-1,-5.645983081E-1,1.543968916E2,-1.169702695E2,-5.435998980E1,-5.725626204E1
1.554398079E1,2.214395737E-1,-7.801931676E-1,1.535554255E-1,-5.645209265E-1,1.544127997E2,-1.170146923E2,-5.437672725E1,-5.720537987E1
1.555400379E1,2.212763916E-1,-7.802788100E-1,1.534772852E-1,-5.644877885E-1,1.544319747E2,-1.170480016E2,-5.438948546E1,-5.717952321E1
1.556402579E1,2.211190574E-1,-7.803148034E-1,1.535308960E-1,-5.644852176E-1,1.544504618E2,-1.170683362E2,-5.439550889E1,-5.717728229E1
1.557404779E1,2.209702896E-1,-7.802754382E-1,1.536972075E-1,-5.645524734E-1,1.544679417E2,-1.170683665E2,-5.439872671E1,-5.720412218E1
1.558406979E1,2.208533110E-1,-7.802104056E-1,1.538617066E-1,-5.646433209E-1,1.544816860E2,-1.170593375E2,-5.440183993E1,-5.723718723E1
1.559409179E1,2.207768883E-1,-7.801950010E-1,1.539946167E-1,-5.646582936E-1,1.544906651E2,-1.170610137E2,-5.439896558E1,-5.725330839E1
1.560411379E1,2.207598820E-1,-7.802301093E-1,1.541146088E-1,-5.645836726E-1,1.544926631E2,-1.170725508E2,-5.438671021E1,-5.725324612E1
1.561413579E1,2.208538168E-1,-7.802704860E-1,1.541946035E-1,-5.644692545E-1,1.544816266E2,-1.170780829E2,-5.436730666E1,-5.724621200E1
1.562415779E1,2.210137746E-1,-7.802865018E-1,1.542419766E-1,-5.643715897E-1,1.544628324E2,-1.170724844E2,-5.434718959E1,-5.724190189E1
1.563417979E1,2.211714565E-1,-7.802628785E-1,1.542981373E-1,-5.643271142E-1,1.544443048E2,-1.170563076E2,-5.433052593E1,-5.724915840E1
1.564420279E1,2.213728552E-1,-7.802460197E-1,1.542972100E-1,-5.642717965E-1,1.544206396E2,-1.170387566E2,-5.431411098E1,-5.724922023E1
1.565422479E1,2.215371647E-1,-7.802449450E-1,1.543855287E-1,-5.641845314E-1,1.544013317E2,-1.170285643E2,-5.429179890E1,-5.725255730E1
1.566424679E1,2.217242651E-1,-7.802794632E-1,1.545534839E-1,-5.640173243E-1,1.543793448E2,-1.170272045E2,-5.425703918E1,-5.725173337E1
1.567426879E1,2.219630481E-1,-7.803189338E-1,1.548229498E-1,-5.637948100E-1,1.543512831E2,-1.170246726E2,-5.420840126E1,-5.725608916E1
1.568429079E1,2.222511639E-1,-7.802902318E-1,1.551516531E-1,-5.636307745E-1,1.543174216E2,-1.170009870E2,-5.415712912E1,-5.728243244E1
1.569431279E1,2.224848577E-1,-7.802326592E-1,1.555648608E-1,-5.635043867E-1,1.542899546E2,-1.169737335E2,-5.410642604E1,-5.732417921E1
1.570433479E1,2.227150848E-1,-7.802908429E-1,1.559167659E-1,-5.632354687E-1,1.542628936E2,-1.169777007E2,-5.404954131E1,-5.732965554E1
1.571435679E1,2.229320779E-1,-7.804701988E-1,1.562452795E-1,-5.628097644E-1,1.542373867E2,-1.170151462E2,-5.398356207E1,-5.730062773E1
1.572437879E1,2.231049643E-1,-7.807614335E-1,1.565174639E-1,-5.622616025E-1,1.542170635E2,-1.170850895E2,-5.391505796E1,-5.723808525E1
1.573440079E1,2.231754549E-1,-7.811519241E-1,1.567543713E-1,-5.616248269E-1,1.542087770E2,-1.171878787E2,-5.384861756E1,-5.714841084E1
1.574442379E1,2.232127548E-1,-7.815931594E-1,1.569523350E-1,-5.609404042E-1,1.542043921E2,-1.173059071E2,-5.378317445E1,-5.704303516E1
1.575444579E1,2.232668714E-1,-7.820542670E-1,1.571099432E-1,-5.602315785E-1,1.541980303E2,-1.174276213E2,-5.371740678E1,-5.692908590E1
1.576446779E1,2.233738717E-1,-7.825205376E-1,1.571753972E-1,-5.595190966E-1,1.541854512E2,-1.175463281E2,-5.365398942E1,-5.680581919E1
1.577448692E1,2.234364387E-1,-7.828984895E-1,1.573233538E-1,-5.589234562E-1,1.541780957E2,-1.176446472E2,-5.359645882E1,-5.671385170E1
1.578450892E1,2.234455003E-1,-7.831369142E-1,1.575187044E-1,-5.585307740E-1,1.541770304E2,-1.177093188E2,-5.355412842E1,-5.666442682E1
1.579453092E1,2.234086534E-1,-7.832358118E-1,1.576935927E-1,-5.583573924E-1,1.541813622E2,-1.177394694E2,-5.353217715E1,-5.665199365E1
1.580455292E1,2.233018217E-1,-7.832123992E-1,1.578699141E-1,-5.583830493E-1,1.541939215E2,-1.177414853E2,-5.352918817E1,-5.667409745E1
1.581457492E1,2.231411895E-1,-7.831084440E-1,1.580353194E-1,-5.585463789E-1,1.542128051E2,-1.177253815E2,-5.354043038E1,-5.671825249E1
1.582459692E1,2.229299916E-1,-7.829763769E-1,1.581653635E-1,-5.587789031E-1,1.542376320E2,-1.177047489E2,-5.356216453E1,-5.676835719E1
1.583461992E1,2.226485034E-1,-7.828316867E-1,1.583265752E-1,-5.590481687E-1,1.542707197E2,-1.176855078E2,-5.358890710E1,-5.682583365E1
1.584464192E1,2.223730737E-1,-7.826124178E-1,1.585157513E-1,-5.594111796E-1,1.543030933E2,-1.176461115E2,-5.362039714E1,-5.690541908E1
1.585466392E1,2.221181274E-1,-7.822375637E-1,1.587535438E-1,-5.599689931E-1,1.543330573E2,-1.175640403E2,-5.366180806E1,-5.703019505E1
1.586468592E1,2.219402045E-1,-7.816925839E-1,1.589675866E-1,-5.607394164E-1,1.543539677E2,-1.174310051E2,-5.371556598E1,-5.719753944E1
1.587470792E1,2.218229941E-1,-7.810330278E-1,1.591094950E-1,-5.616637389E-1,1.543677424E2,-1.172623652E2,-5.378130609E1,-5.738928319E1
1.588472992E1,2.216808749E-1,-7.803866427E-1,1.592658809E-1,-5.625733522E-1,1.543844439E2,-1.170986183E2,-5.384627571E1,-5.757950957E1
1.589475192E1,2.215826833E-1,-7.798830511E-1,1.594229412E-1,-5.632653929E-1,1.543959828E2,-1.169703390E2,-5.389238225E1,-5.773025053E1
1.590477392E1,2.214891700E-1,-7.795682563E-1,1.595592019E-1,-5.636992842E-1,1.544069716E2,-1.168924490E2,-5.392071633E1,-5.782818727E1
1.591479592E1,2.213578931E-1,-7.794556820E-1,1.596004637E-1,-5.638946243E-1,1.544223978E2,-1.168706760E2,-5.394029879E1,-5.786493675E1
1.592481792E1,2.211837529E-1,-7.795354449E-1,1.594655727E-1,-5.638909892E-1,1.544428600E2,-1.169019454E2,-5.395972663E1,-5.783733094E1
1.593484092E1,2.209191233E-1,-7.797419434E-1,1.592715497E-1,-5.637639059E-1,1.544739535E2,-1.169727481E2,-5.397967805E1,-5.777282236E1
1.594486292E1,2.205986703E-1,-7.800240744E-1,1.590620798E-1,-5.635581976E-1,1.545116036E2,-1.170675450E2,-5.399835871E1,-5.768776827E1
1.595488492E1,2.202402746E-1,-7.803013164E-1,1.589168418E-1,-5.633555345E-1,1.545537083E2,-1.171641628E2,-5.401534170E1,-5.760958648E1
1.596490692E1,2.197768594E-1,-7.804895864E-1,1.588965692E-1,-5.632814930E-1,1.546081456E2,-1.172446568E2,-5.403999536E1,-5.756726094E1
1.597492892E1,2.191181569E-1,-7.804838122E-1,1.589723913E-1,-5.635246277E-1,1.546855132E2,-1.172861004E2,-5.409360856E1,-5.758922391E1
1.598495092E1,2.181534787E-1,-7.801655825E-1,1.591499349E-1,-5.642889397E-1,1.547987979E2,-1.172634111E2,-5.419760775E1,-5.771077698E1
1.599497292E1,2.166768007E-1,-7.794732362E-1,1.595539968E-1,-5.656986886E-1,1.549721597E2,-1.171736411E2,-5.436555713E1,-5.796311723E1
1.600499492E1,2.145459192E-1,-7.784540832E-1,1.601920579E-1,-5.677304406E-1,1.552222225E2,-1.170379061E2,-5.460388323E1,-5.833784036E1
1.601501692E1,2.117168542E-1,-7.772595151E-1,1.610305695E-1,-5.701867589E-1,1.555540334E2,-1.168992904E2,-5.490305709E1,-5.879223016E1
1.602503892E1,2.083322515E-1,-7.760285532E-1,1.621393898E-1,-5.727898748E-1,1.559507284E2,-1.167874963E2,-5.522969315E1,-5.928964158E1
1.603506192E1,2.047244391E-1,-7.748784921E-1,1.636404498E-1,-5.752156366E-1,1.563732631E2,-1.167157857E2,-5.553196463E1,-5.979821567E1
1.604508392E1,2.011504285E-1,-7.739600491E-1,1.656545424E-1,-5.771333604E-1,1.567915180E2,-1.167129755E2,-5.576258646E1,-6.027717002E1
1.605510592E1,1.978108387E-1,-7.734399570E-1,1.680378624E-1,-5.782948854E-1,1.571820561E2,-1.168138672E2,-5.590132725E1,-6.066261029E1
1.606512792E1,1.946514477E-1,-7.734342039E-1,1.706015919E-1,-5.786238626E-1,1.575512743E2,-1.170545175E2,-5.595921178E1,-6.090741343E1
1.607514992E1,1.908890196E-1,-7.741228624E-1,1.736355960E-1,-5.780535947E-1,1.579906582E2,-1.175437384E2,-5.596325187E1,-6.099420061E1
1.608517192E1,1.866798771E-1,-7.753794706E-1,1.768523700E-1,-5.767673782E-1,1.584818227E2,-1.182331144E2,-5.593448410E1,-6.093405250E1
1.609519392E1,1.822852463E-1,-7.769470173E-1,1.797810491E-1,-5.751558302E-1,1.589942054E2,-1.190262164E2,-5.591308482E1,-6.076155754E1
1.610521592E1,1.775183323E-1,-7.784234846E-1,1.821610184E-1,-5.739002124E-1,1.595495141E2,-1.198204147E2,-5.597576451E1,-6.057298468E1
1.611523792E1,1.723353658E-1,-7.794867232E-1,1.839941113E-1,-5.734518542E-1,1.601527400E2,-1.205308395E2,-5.615824368E1,-6.045659240E1
1.612525992E1,1.668703525E-1,-7.801342252E-1,1.854990488E-1,-5.737029652E-1,1.607881914E2,-1.211517236E2,-5.643115757E1,-6.042496827E1
1.613528292E1,1.613240801E-1,-7.805685906E-1,1.868595491E-1,-5.742566904E-1,1.614324822E2,-1.217281101E2,-5.674137208E1,-6.043143622E1
1.614530492E1,1.557953408E-1,-7.809162178E-1,1.880741370E-1,-5.749137598E-1,1.620741474E2,-1.222884400E2,-5.706804653E1,-6.043917982E1
1.615532692E1,1.503056295E-1,-7.811930383E-1,1.891313485E-1,-5.756518354E-1,1.627107227E2,-1.228354603E2,-5.740882803E1,-6.044265783E1
1.616534892E1,1.448874414E-1,-7.814074604E-1,1.899834103E-1,-5.764688521E-1,1.633384775E2,-1.233684730E2,-5.776437809E1,-6.043579437E1
1.617537092E1,1.393752026E-1,-7.816384673E-1,1.907308846E-1,-5.772673873E-1,1.639766129E2,-1.239262438E2,-5.813154307E1,-6.040234183E1
1.618539292E1,1.335021236E-1,-7.820495466E-1,1.914527969E-1,-5.778595506E-1,1.646559723E2,-1.245838965E2,-5.850775634E1,-6.029634076E1
1.619541492E1,1.270963294E-1,-7.827967470E-1,1.920997300E-1,-5.780773866E-1,1.653963353E2,-1.254091666E2,-5.889298697E1,-6.006024629E1
1.620543692E1,1.203539927E-1,-7.840257491E-1,1.924090036E-1,-5.777519497E-1,1.661749341E2,-1.264345304E2,-5.927511251E1,-5.962314184E1
1.621545892E1,1.134068012E-1,-7.858628881E-1,1.923360474E-1,-5.766847915E-1,1.669765194E2,-1.276938244E2,-5.962857326E1,-5.893680638E1
1.622548192E1,1.062538067E-1,-7.884857918E-1,1.920275957E-1,-5.745656901E-1,1.678011829E2,-1.292479140E2,-5.991314317E1,-5.795358974E1
1.623550392E1,9.880367685E-2,-7.919684281E-1,1.918187580E-1,-5.711650294E-1,1.686594299E2,-1.311297327E2,-6.008710577E1,-5.667747592E1
1.624552592E1,9.106260733E-2,-7.962622858E-1,1.919069081E-1,-5.664324020E-1,1.695505179E2,-1.333161275E2,-6.012410956E1,-5.514862111E1
1.625554792E1,8.307797118E-2,-8.012081763E-1,1.922168139E-1,-5.605498820E-1,1.704689805E2,-1.357416389E2,-6.003106062E1,-5.342276963E1
1.626556992E1,7.495387110E-2,-8.065543565E-1,1.926487981E-1,-5.538398087E-1,1.714028563E2,-1.383056698E2,-5.982842796E1,-5.158364785E1
1.627559192E1,6.676395872E-2,-8.121093533E-1,1.931776989E-1,-5.465376354E-1,1.723437188E2,-1.409295298E2,-5.953081881E1,-4.970190664E1
1.628561392E1,5.845085110E-2,-8.177318061E-1,1.937822743E-1,-5.388381859E-1,1.732982060E2,-1.435705891E2,-5.915939132E1,-4.782336227E1
1.629563592E1,4.977563883E-2,-8.232330024E-1,1.944261728E-1,-5.310444328E-1,1.742937740E2,-1.462088567E2,-5.875876613E1,-4.598444116E1
1.630565792E1,4.046166999E-2,-8.283685116E-1,1.952578987E-1,-5.234910643E-1,1.753621681E2,-1.488224503E2,-5.837367625E1,-4.424209693E1
1.631567992E1,3.051678391E-2,-8.330273610E-1,1.963243615E-1,-5.163244985E-1,1.765024912E2,-1.513929026E2,-5.802102465E1,-4.261781884E1
1.632570292E1,2.001794073E-2,-8.371184503E-1,1.975790099E-1,-5.097004679E-1,1.777059597E2,-1.539030138E2,-5.772008325E1,-4.111781591E1
1.633572492E1,9.058221755E-3,-8.405326400E-1,1.988931065E-1,-5.038494949E-1,1.789619901E2,-1.563359436E2,-5.750098222E1,-3.973879527E1
1.634574692E1,2.283221224E-3,8.432379198E-1,-2.002592966E-1,4.988394780E-1,1.797383619E2,-1.586898812E2,-5.737265849E1,-3.847442431E1
1.635576892E1,1.402824135E-2,8.452692504E-1,-2.017683856E-1,4.945833628E-1,1.783924292E2,-1.609870584E2,-5.732783391E1,-3.731191607E1
1.636579092E1,2.608375731E-2,8.466891988E-1,-2.032927318E-1,4.910285290E-1,1.770106825E2,-1.632448839E2,-5.736279621E1,-3.621471293E1
1.637581292E1,3.842829529E-2,8.475520501E-1,-2.047733295E-1,4.881051182E-1,1.755953572E2,-1.654857998E2,-5.747182910E1,-3.515335720E1
1.638583492E1,5.098455795E-2,8.479278525E-1,-2.058859009E-1,4.858290619E-1,1.741550659E2,-1.677405805E2,-5.766015109E1,-3.406184767E1
1.639585692E1,6.366119202E-2,8.478118222E-1,-2.064561899E-1,4.842914185E-1,1.727000283E2,-1.700172655E2,-5.793673743E1,-3.290820662E1
1.640587892E1,7.614582612E-2,8.472961555E-1,-2.065222340E-1,4.833627337E-1,1.712658768E2,-1.722832232E2,-5.827201856E1,-3.170258151E1
1.641590192E1,8.803808626E-2,8.465412423E-1,-2.061451672E-1,4.828264362E-1,1.698985007E2,-1.744883264E2,-5.862325959E1,-3.046808439E1
1.642592392E1,9.912403505E-2,8.456139484E-1,-2.054391865E-1,4.826036268E-1,1.686225385E2,-1.765910161E2,-5.897257087E1,-2.923856025E1
1.643594592E1,1.095090185E-1,8.445838373E-1,-2.046137404E-1,4.825133061E-1,1.674259732E2,-1.785994100E2,-5.930086498E1,-2.803413767E1
1.644596792E1,1.193307094E-1,8.436452691E-1,-2.038807646E-1,4.821363026E-1,1.662930450E2,1.794629269E2,-5.956026160E1,-2.686461787E1
1.645598992E1,1.286257121E-1,8.429907917E-1,-2.033038796E-1,4.811334394E-1,1.652196306E2,1.775878571E2,-5.970985647E1,-2.573351429E1
1.646601192E1,1.374483751E-1,8.426758283E-1,-2.028215089E-1,4.794464064E-1,1.641995570E2,1.757699389E2,-5.974491240E1,-2.463551594E1
1.647603392E1,1.458207939E-1,8.427009689E-1,-2.021995690E-1,4.771861236E-1,1.632303751E2,1.739972407E2,-5.968009490E1,-2.353970338E1
1.648605592E1,1.538028170E-1,8.430526001E-1,-2.013511107E-1,4.744100371E-1,1.623052597E2,1.722627216E2,-5.952403216E1,-2.243639260E1
1.649607792E1,1.614010824E-1,8.437582016E-1,-2.001970668E-1,4.711080950E-1,1.614235412E2,1.705669025E2,-5.927469285E1,-2.132020665E1
1.650609992E1,1.686003437E-1,8.447756054E-1,-1.988787345E-1,4.673064598E-1,1.605870999E2,1.689399783E2,-5.893697470E1,-2.023225347E1
1.651612292E1,1.752420021E-1,8.459786451E-1,-1.976489737E-1,4.631903669E-1,1.598145171E2,1.674514981E2,-5.853631068E1,-1.924861441E1
1.652614492E1,1.811970252E-1,8.472460640E-1,-1.967154421E-1,4.589605830E-1,1.591210182E2,1.661524509E2,-5.810237600E1,-1.842494030E1
1.653616692E1,1.865629406E-1,8.485203529E-1,-1.960778235E-1,4.547097888E-1,1.584954622E2,1.650213179E2,-5.765294801E1,-1.774679920E1
1.654618892E1,1.913884071E-1,8.498433635E-1,-1.953972994E-1,4.505072107E-1,1.579323577E2,1.640102050E2,-5.719450876E1,-1.714013559E1
1.655621092E1,1.953528872E-1,8.513671618E-1,-1.942277033E-1,4.464156157E-1,1.574693220E2,1.631316056E2,-5.672147448E1,-1.655000108E1
1.656623292E1,1.988160937E-1,8.531206603E-1,-1.926350371E-1,4.422093180E-1,1.570645281E2,1.623232905E2,-5.621331266E1,-1.595311979E1
1.657625492E1,2.028701358E-1,8.548943472E-1,-1.911198790E-1,4.375758410E-1,1.565903057E2,1.614341248E2,-5.566026203E1,-1.534022607E1
1.658627692E1,2.067516393E-1,8.566448323E-1,-1.898368025E-1,4.328688915E-1,1.561358848E2,1.606190607E2,-5.509760291E1,-1.480949828E1
1.659629892E1,2.096513952E-1,8.583196638E-1,-1.889963100E-1,4.285022989E-1,1.557961522E2,1.600361602E2,-5.457061331E1,-1.446132951E1
1.660632192E1,2.116252902E-1,8.599571321E-1,-1.886519913E-1,4.243806427E-1,1.555647692E2,1.596706976E2,-5.407106235E1,-1.429107880E1
1.661634392E1,2.132264805E-1,8.615374492E-1,-1.884519835E-1,4.204444747E-1,1.553770008E2,1.593881561E2,-5.359318684E1,-1.418243244E1
1.662636592E1,2.142128116E-1,8.631669307E-1,-1.874012625E-1,4.170569534E-1,1.552613024E2,1.591436570E2,-5.315561070E1,-1.397757822E1
1.663638792E1,2.145383750E-1,8.648779031E-1,-1.849991661E-1,4.144089723E-1,1.552231076E2,1.589039898E2,-5.276923533E1,-1.359248494E1
1.664640992E1,2.148639172E-1,8.666357638E-1,-1.819656046E-1,4.119034264E-1,1.551849125E2,1.586189009E2,-5.238559007E1,-1.310521261E1
1.665643192E1,2.150870532E-1,8.685083061E-1,-1.793121654E-1,4.089964213E-1,1.551587309E2,1.583914404E2,-5.195891027E1,-1.270509820E1
1.666645392E1,2.140659720E-1,8.706086943E-1,-1.772248427E-1,4.059650830E-1,1.552785286E2,1.584253984E2,-5.151297214E1,-1.250772141E1
1.667647592E1,2.116412638E-1,8.729727321E-1,-1.755724123E-1,4.028658566E-1,1.555628963E2,1.587296818E2,-5.105033709E1,-1.249549535E1
1.668649792E1,2.082864695E-1,8.756685289E-1,-1.744652989E-1,3.992284045E-1,1.559560923E2,1.592286457E2,-5.052130236E1,-1.265044260E1
1.669651992E1,2.043027283E-1,8.787114470E-1,-1.742676302E-1,3.946612245E-1,1.564226310E2,1.598923022E2,-4.988861332E1,-1.300645258E1
1.670654292E1,2.001914191E-1,8.819078219E-1,-1.752395787E-1,3.891696692E-1,1.569036942E2,1.606458027E2,-4.916418581E1,-1.355632841E1
1.671656492E1,1.964119005E-1,8.850295336E-1,-1.773351410E-1,3.830110031E-1,1.573455706E2,1.614012512E2,-4.838407807E1,-1.424635550E1
1.672658692E1,1.931580690E-1,8.879685176E-1,-1.803058195E-1,3.764194994E-1,1.577257137E2,1.621051660E2,-4.757426343E1,-1.501641854E1
1.673660892E1,1.905587674E-1,8.906315873E-1,-1.837473836E-1,3.697292984E-1,1.580292100E2,1.627102980E2,-4.677037093E1,-1.579137959E1
1.674663092E1,1.888879979E-1,8.927692755E-1,-1.870511908E-1,3.637254640E-1,1.582242077E2,1.631440598E2,-4.606350418E1,-1.645808786E1
1.675665292E1,1.883264860E-1,8.940937191E-1,-1.896274380E-1,3.594038842E-1,1.582897282E2,1.633603284E2,-4.556991899E1,-1.691849099E1
1.676667454E1,1.881384636E-1,8.949556643E-1,-1.911375174E-1,3.565456166E-1,1.583116661E2,1.634593575E2,-4.524351408E1,-1.717893664E1
1.677669654E1,1.876911538E-1,8.959986724E-1,-1.918292737E-1,3.537794399E-1,1.583638537E2,1.635452864E2,-4.490886285E1,-1.732923656E1
1.678671854E1,1.860577632E-1,8.971793742E-1,-1.919622891E-1,3.515711031E-1,1.585543829E2,1.637779852E2,-4.460996125E1,-1.746207026E1
1.679674054E1,1.830554852E-1,8.979843579E-1,-1.918535713E-1,3.511511414E-1,1.589044320E2,1.642154336E2,-4.449894747E1,-1.762809531E1
1.680676354E1,1.791163775E-1,8.982936315E-1,-1.919367692E-1,3.523439183E-1,1.593634089E2,1.648200571E2,-4.456955706E1,-1.787037541E1
1.681678554E1,1.747069795E-1,8.983632581E-1,-1.926696186E-1,3.539766398E-1,1.598767868E2,1.655406903E2,-4.469403263E1,-1.823901903E1
1.682680754E1,1.700708367E-1,8.984724817E-1,-1.943812232E-1,3.550199323E-1,1.604161247E2,1.663495665E2,-4.475433328E1,-1.877307334E1
1.683682954E1,1.654450304E-1,8.987230868E-1,-1.970600769E-1,3.550946376E-1,1.609538237E2,1.672026294E2,-4.470596653E1,-1.945402080E1
1.684685154E1,1.609187855E-1,8.990287779E-1,-2.002490339E-1,3.546162814E-1,1.614795403E2,1.680606849E2,-4.459316812E1,-2.020344900E1
1.685687354E1,1.559984781E-1,8.994372862E-1,-2.033721786E-1,3.540013589E-1,1.620505814E2,1.689659448E2,-4.444750992E1,-2.096196888E1
1.686689554E1,1.504654082E-1,9.000467507E-1,-2.062599753E-1,3.531753544E-1,1.626922028E2,1.699366247E2,-4.425225438E1,-2.171426832E1
1.687691754E1,1.442769970E-1,9.007074237E-1,-2.091013683E-1,3.524018649E-1,1.634091721E2,1.709940785E2,-4.403988775E1,-2.249111630E1
1.688693954E1,1.374407360E-1,9.010988414E-1,-2.120688014E-1,3.523600974E-1,1.642004408E2,1.721642814E2,-4.389320228E1,-2.332505240E1
1.689696254E1,1.302009190E-1,9.009605998E-1,-2.148155959E-1,3.537967149E-1,1.650375944E2,1.734162398E2,-4.390400368E1,-2.416520101E1
1.690698454E1,1.229219264E-1,9.002166236E-1,-2.167367335E-1,3.571072445E-1,1.658784691E2,1.746830910E2,-4.412540527E1,-2.491763862E1
1.691700654E1,1.159202391E-1,8.990366383E-1,-2.173753847E-1,3.619994821E-1,1.666865883E2,1.758931294E2,-4.453123635E1,-2.550294247E1
1.692702854E1,1.091950877E-1,8.975785259E-1,-2.166524819E-1,3.680908712E-1,1.674621640E2,1.770348204E2,-4.508018645E1,-2.590945964E1
1.693705054E1,1.021099075E-1,8.959280553E-1,-2.145083875E-1,3.753299718E-1,1.682786373E2,1.781978110E2,-4.575346707E1,-2.616878963E1
1.694707254E1,9.510315194E-2,8.940653543E-1,-2.113812388E-1,3.833022695E-1,1.690854863E2,1.793329476E2,-4.651883386E1,-2.631730708E1
1.695709454E1,8.963505143E-2,8.918505585E-1,-2.083443687E-1,3.913575964E-1,1.697147756E2,-1.797300864E2,-4.734228610E1,-2.641632915E1
1.696711654E1,8.632682938E-2,8.891169350E-1,-2.066798000E-1,3.991268938E-1,1.700953458E2,-1.790137506E2,-4.819561488E1,-2.661372491E1
1.697713854E1,8.468618955E-2,8.862242492E-1,-2.068921991E-1,4.057468466E-1,1.702840404E2,-1.784475348E2,-4.895614593E1,-2.698792728E1
1.698716054E1,8.401749819E-2,8.838764380E-1,-2.078796787E-1,4.104746588E-1,1.703609409E2,-1.780461846E2,-4.951260453E1,-2.737087685E1
1.699718354E1,8.435019487E-2,8.823242327E-1,-2.081515469E-1,4.135962757E-1,1.703226808E2,-1.779238667E2,-4.990408121E1,-2.751428597E1
1.700720554E1,8.577972114E-2,8.813596389E-1,-2.070452975E-1,4.159076615E-1,1.701582733E2,-1.781170732E2,-5.023272732E1,-2.732269926E1
1.701722754E1,8.817856171E-2,8.805392926E-1,-2.050158424E-1,4.181429512E-1,1.698823406E2,-1.785414342E2,-5.058240356E1,-2.690253678E1
1.702724954E1,9.088669692E-2,8.795211512E-1,-2.026784204E-1,4.208367776E-1,1.695707597E2,-1.790244364E2,-5.099683880E1,-2.641890017E1
1.703727154E1,9.357264182E-2,8.783743144E-1,-2.010656501E-1,4.234093686E-1,1.692616555E2,-1.794598254E2,-5.139374107E1,-2.604643812E1
1.704729354E1,9.591418375E-2,8.776473023E-1,-2.008076061E-1,4.245138373E-1,1.689921221E2,-1.798032061E2,-5.159760049E1,-2.587025920E1
1.705731554E1,9.735923060E-2,8.776776691E-1,-2.017298423E-1,4.236841344E-1,1.688257532E2,-1.799963688E2,-5.153577817E1,-2.589041778E1
1.706733754E1,9.818366510E-2,8.781479015E-1,-2.035582148E-1,4.216401387E-1,1.687308252E2,1.799282445E2,-5.130610181E1,-2.606733447E1
1.707735954E1,9.867896433E-2,8.784566904E-1,-2.059722809E-1,4.197043445E-1,1.686737911E2,1.799566356E2,-5.108096135E1,-2.637088651E1
1.708738154E1,9.869326265E-2,8.783058679E-1,-2.087760789E-1,4.186299686E-1,1.686721446E2,-1.798695783E2,-5.094849220E1,-2.680461156E1
1.709740454E1,9.829969537E-2,8.774668717E-1,-2.117547021E-1,4.189856459E-1,1.687174645E2,-1.795508985E2,-5.097969545E1,-2.734910115E1
1.710742654E1,9.818241123E-2,8.754699118E-1,-2.147046021E-1,4.216806313E-1,1.687309696E2,-1.791602678E2,-5.130617990E1,-2.796237679E1
1.711744854E1,9.880369793E-2,8.721148330E-1,-2.173713386E-1,4.270870183E-1,1.686594275E2,-1.787590541E2,-5.198895263E1,-2.859630125E1
1.712747054E1,9.997720317E-2,8.678169503E-1,-2.195515108E-1,4.343910987E-1,1.685242845E2,-1.783633321E2,-5.292472981E1,-2.920976511E1
1.713749254E1,1.013426452E-1,8.632567667E-1,-2.209906360E-1,4.423578541E-1,1.683670176E2,-1.779992608E2,-5.395239766E1,-2.973674051E1
1.714751454E1,1.027065909E-1,8.589369044E-1,-2.216640373E-1,4.500486951E-1,1.682099011E2,-1.776964646E2,-5.495083692E1,-3.013895868E1
1.715753654E1,1.038072243E-1,8.551734858E-1,-2.218978258E-1,4.567973644E-1,1.680831000E2,-1.774307773E2,-5.582759424E1,-3.045358089E1
1.716755854E1,1.046305419E-1,8.520691808E-1,-2.222517118E-1,4.622065120E-1,1.679882382E2,-1.771785090E2,-5.652976945E1,-3.075553339E1
1.717758054E1,1.053049125E-1,8.495759629E-1,-2.233699310E-1,4.660873306E-1,1.679105317E2,-1.769142858E2,-5.703436557E1,-3.113844408E1
1.718760254E1,1.057144535E-1,8.477564623E-1,-2.253602948E-1,4.683440414E-1,1.678633383E2,-1.766177804E2,-5.732336886E1,-3.162260399E1
1.719762554E1,1.057160340E-1,8.466780509E-1,-2.277858881E-1,4.691204918E-1,1.678631562E2,-1.763058829E2,-5.741030542E1,-3.213943549E1
1.720764754E1,1.053885108E-1,8.463395064E-1,-2.299263790E-1,4.687607263E-1,1.679008984E2,-1.760498424E2,-5.734391847E1,-3.255834663E1
1.721766954E1,1.047984128E-1,8.465042163E-1,-2.313876102E-1,4.678757689E-1,1.679688952E2,-1.758606100E2,-5.720519648E1,-3.283390766E1
1.722769154E1,1.039116431E-1,8.467899087E-1,-2.323893355E-1,4.670594266E-1,1.680710694E2,-1.756648265E2,-5.706609940E1,-3.305021395E1
1.723771354E1,1.027003637E-1,8.468748346E-1,-2.335250666E-1,4.666067483E-1,1.682106185E2,-1.753733809E2,-5.695906583E1,-3.334318620E1
1.724773554E1,1.013790179E-1,8.464416703E-1,-2.351417143E-1,4.668695761E-1,1.683628280E2,-1.749594959E2,-5.693294644E1,-3.378481309E1
1.725775754E1,1.002912499E-1,8.453618049E-1,-2.370629995E-1,4.680879150E-1,1.684881156E2,-1.744778985E2,-5.703024775E1,-3.433173868E1
1.726777954E1,9.979720451E-2,8.437134205E-1,-2.389313904E-1,4.702127063E-1,1.685450145E2,-1.740249615E2,-5.726058196E1,-3.488707977E1
1.727780154E1,1.000207303E-1,8.416738502E-1,-2.405773091E-1,4.729729666E-1,1.685192716E2,-1.736568974E2,-5.759737674E1,-3.539270187E1
1.728782454E1,1.007491754E-1,8.394420692E-1,-2.418934920E-1,4.761031077E-1,1.684353741E2,-1.733693433E2,-5.800162178E1,-3.582811404E1
1.729784654E1,1.016778812E-1,8.371659076E-1,-2.432079468E-1,4.792336491E-1,1.683284029E2,-1.731067116E2,-5.841388410E1,-3.625541434E1
1.730786854E1,1.021908083E-1,8.351361786E-1,-2.446501487E-1,4.819241353E-1,1.682693180E2,-1.727881107E2,-5.875383085E1,-3.671903965E1
1.731789054E1,1.019681887E-1,8.334591766E-1,-2.464354682E-1,4.839605025E-1,1.682949623E2,-1.723552307E2,-5.897914771E1,-3.727129632E1
1.732791254E1,1.009584766E-1,8.321244702E-1,-2.487166242E-1,4.853002665E-1,1.684112670E2,-1.717893348E2,-5.907943841E1,-3.794043327E1
1.733793454E1,9.935350356E-2,8.311525217E-1,-2.514077426E-1,4.859101525E-1,1.685961129E2,-1.711429067E2,-5.905790499E1,-3.868294139E1
1.734795654E1,9.778102572E-2,8.304372475E-1,-2.543777889E-1,4.859061696E-1,1.687771873E2,-1.705346711E2,-5.895647544E1,-3.942030122E1
1.735797854E1,9.668421721E-2,8.298298061E-1,-2.573553162E-1,4.855953155E-1,1.689034707E2,-1.700431152E2,-5.883575092E1,-4.008464346E1
1.736800054E1,9.609059992E-2,8.291608935E-1,-2.600031077E-1,4.854453360E-1,1.689718125E2,-1.696605462E2,-5.875888260E1,-4.065201575E1
1.737802254E1,9.576290817E-2,8.283160177E-1,-2.620693148E-1,4.858412213E-1,1.690095371E2,-1.693305134E2,-5.876560936E1,-4.113310625E1
1.738804554E1,9.552321905E-2,8.271722787E-1,-2.636891446E-1,4.869593772E-1,1.690371300E2,-1.689850905E2,-5.886766784E1,-4.159111323E1
1.739806754E1,9.517809958E-2,8.257290442E-1,-2.653027367E-1,4.885971405E-1,1.690768588E2,-1.685608049E2,-5.902586539E1,-4.211396395E1
1.740808954E1,9.459900188E-2,8.241440487E-1,-2.672697512E-1,4.903106628E-1,1.691435193E2,-1.680425592E2,-5.917541803E1,-4.274185529E1
1.741811154E1,9.385283407E-2,8.225672508E-1,-2.697622315E-1,4.917348891E-1,1.692294059E2,-1.674642836E2,-5.927236567E1,-4.346502075E1
1.742813354E1,9.300787405E-2,8.211810199E-1,-2.725340822E-1,4.926828139E-1,1.693266566E2,-1.668907136E2,-5.930077557E1,-4.420443861E1
1.743815554E1,9.202519921E-2,8.200818722E-1,-2.753516412E-1,4.931314881E-1,1.694397479E2,-1.663491202E2,-5.925992506E1,-4.490925419E1
1.744817754E1,9.094301565E-2,8.192315385E-1,-2.782055518E-1,4.931436475E-1,1.695642792E2,-1.658429132E2,-5.915968119E1,-4.557783826E1
1.745819954E1,8.986477283E-2,8.185474530E-1,-2.811671687E-1,4.927973690E-1,1.696883448E2,-1.653740009E2,-5.901366471E1,-4.622264453E1
1.746822154E1,8.882709634E-2,8.180045384E-1,-2.841213046E-1,4.921925828E-1,1.698077312E2,-1.649502404E2,-5.883791512E1,-4.682784440E1
1.747824354E1,8.809167598E-2,8.174779767E-1,-2.870535240E-1,4.914976234E-1,1.698923358E2,-1.645942412E2,-5.866606905E1,-4.738978374E1
1.748826654E1,8.771591575E-2,8.169787473E-1,-2.898257330E-1,4.907673239E-1,1.699355621E2,-1.643222506E2,-5.851068683E1,-4.788421800E1
1.749828854E1,8.759680876E-2,8.165759288E-1,-2.924667177E-1,4.898916388E-1,1.699492635E2,-1.641276007E2,-5.835397438E1,-4.831281092E1
1.750831054E1,8.761362535E-2,8.161873138E-1,-2.951301668E-1,4.889377713E-1,1.699473290E2,-1.639646775E2,-5.819475604E1,-4.872413688E1
1.751833254E1,8.756880218E-2,8.157012342E-1,-2.977718048E-1,4.881549147E-1,1.699524852E2,-1.637741405E2,-5.805194445E1,-4.915481866E1
1.752835454E1,8.743951672E-2,8.149660878E-1,-3.005078307E-1,4.877290840E-1,1.699673573E2,-1.635150425E2,-5.794271426E1,-4.965240328E1
1.753837654E1,8.709414437E-2,8.139575348E-1,-3.033861865E-1,4.876930274E-1,1.700070856E2,-1.631568662E2,-5.786198395E1,-5.024041537E1
1.754839854E1,8.657152345E-2,8.126673354E-1,-3.065353147E-1,4.879686256E-1,1.700672006E2,-1.627017550E2,-5.779931378E1,-5.093230307E1
1.755842054E1,8.592775141E-2,8.112038704E-1,-3.098569500E-1,4.884191965E-1,1.701412474E2,-1.621868273E2,-5.774333119E1,-5.168814292E1
1.756844254E1,8.524429812E-2,8.097516797E-1,-3.132365161E-1,4.887929969E-1,1.702198538E2,-1.616715476E2,-5.767248814E1,-5.244753061E1
1.757846454E1,8.451425148E-2,8.085125834E-1,-3.165113894E-1,4.888612537E-1,1.703038140E2,-1.612052139E2,-5.756499430E1,-5.314814476E1
1.758848754E1,8.386388346E-2,8.075481371E-1,-3.196633415E-1,4.885163239E-1,1.703786062E2,-1.608254179E2,-5.741754226E1,-5.376233835E1
1.759850954E1,8.314723952E-2,8.069029320E-1,-3.226906021E-1,4.877139954E-1,1.704610154E2,-1.605179003E2,-5.721806632E1,-5.429253250E1
1.760853154E1,8.219149651E-2,8.065283519E-1,-3.256963257E-1,4.864962676E-1,1.705709116E2,-1.602413678E2,-5.695946079E1,-5.477466759E1
1.761855354E1,8.095033504E-2,8.063413885E-1,-3.286324438E-1,4.850375863E-1,1.707136138E2,-1.599699134E2,-5.665934396E1,-5.522472028E1
1.762857554E1,7.967836423E-2,8.062692331E-1,-3.314637005E-1,4.834389352E-1,1.708598433E2,-1.597298333E2,-5.634450486E1,-5.563337964E1
1.763859754E1,7.861910856E-2,8.062486444E-1,-3.341087734E-1,4.818231304E-1,1.709816071E2,-1.595457272E2,-5.604465670E1,-5.598759029E1
1.764861954E1,7.782866549E-2,8.062115762E-1,-3.365297516E-1,4.803264326E-1,1.710724636E2,-1.594083263E2,-5.577882468E1,-5.629632990E1
1.765864154E1,7.720657800E-2,8.061170197E-1,-3.388727582E-1,4.789360081E-1,1.711439647E2,-1.592896994E2,-5.553614555E1,-5.659251954E1
1.766866354E1,7.647035685E-2,8.060724284E-1,-3.412792589E-1,4.774180472E-1,1.712285796E2,-1.591693291E2,-5.527167839E1,-5.688866645E1
1.767868554E1,7.539089177E-2,8.061673009E-1,-3.437357037E-1,4.756639796E-1,1.713526353E2,-1.590323386E2,-5.496071481E1,-5.718054278E1
1.768870754E1,7.414796013E-2,8.063246140E-1,-3.462236954E-1,4.737845042E-1,1.714954646E2,-1.588903781E2,-5.462611829E1,-5.746866383E1
1.769873054E1,7.295712200E-2,8.064671758E-1,-3.487220552E-1,4.718908252E-1,1.716322952E2,-1.587595872E2,-5.429302055E1,-5.775173360E1
1.770875254E1,7.187325257E-2,8.065310072E-1,-3.511233087E-1,4.701642585E-1,1.717568245E2,-1.586318496E2,-5.398634175E1,-5.803043987E1
1.771877454E1,7.094460999E-2,8.064811474E-1,-3.534147907E-1,4.686716910E-1,1.718635114E2,-1.585052238E2,-5.371618814E1,-5.830875099E1
1.772879654E1,7.024884981E-2,8.062954906E-1,-3.557065256E-1,4.673602497E-1,1.719434391E2,-1.583870358E2,-5.347881510E1,-5.859647392E1
1.773881854E1,6.976867077E-2,8.059130922E-1,-3.579535005E-1,4.663751093E-1,1.719985989E2,-1.582586662E2,-5.328924911E1,-5.890491738E1
1.774884054E1,6.931618220E-2,8.053323719E-1,-3.600770484E-1,4.658108051E-1,1.720505761E2,-1.580887933E2,-5.314761681E1,-5.924124725E1
1.775886254E1,6.881728995E-2,8.045921046E-1,-3.621978778E-1,4.655194439E-1,1.721078818E2,-1.578769532E2,-5.303066508E1,-5.961255299E1
1.776888467E1,6.816864996E-2,8.037738446E-1,-3.645608198E-1,4.651840393E-1,1.721823854E2,-1.576319737E2,-5.289286117E1,-6.002799520E1
1.777890667E1,6.729515652E-2,8.029333522E-1,-3.672714522E-1,4.646298926E-1,1.722827108E2,-1.573599150E2,-5.270864012E1,-6.048721359E1
1.778892967E1,6.639903023E-2,8.019672621E-1,-3.702648057E-1,4.640514692E-1,1.723856295E2,-1.570668900E2,-5.251179278E1,-6.099288203E1
1.779895167E1,6.564894276E-2,8.008199617E-1,-3.733551601E-1,4.636631281E-1,1.724717712E2,-1.567608687E2,-5.233923605E1,-6.153115425E1
1.780897367E1,6.498024087E-2,7.995935305E-1,-3.764210483E-1,4.633949477E-1,1.725485627E2,-1.564532059E2,-5.218318138E1,-6.207476104E1
1.781899567E1,6.436264202E-2,7.984050526E-1,-3.794258025E-1,4.630798790E-1,1.726194828E2,-1.561661958E2,-5.202621172E1,-6.259740133E1
1.782901767E1,6.380765232E-2,7.972867281E-1,-3.823607405E-1,4.626691158E-1,1.726832110E2,-1.559086699E2,-5.186472388E1,-6.309089478E1
1.783903967E1,6.320638538E-2,7.962720849E-1,-3.851697436E-1,4.621687063E-1,1.727522504E2,-1.556708192E2,-5.169427638E1,-6.355062741E1
1.784906167E1,6.257114808E-2,7.952439125E-1,-3.878297577E-1,4.618008907E-1,1.728251876E2,-1.554245405E2,-5.153816108E1,-6.400080652E1
1.785908367E1,6.208989429E-2,7.939627959E-1,-3.905192535E-1,4.618035670E-1,1.728804427E2,-1.551439132E2,-5.142607363E1,-6.449689929E1
1.786910567E1,6.188135168E-2,7.923122410E-1,-3.934562987E-1,4.621733635E-1,1.729043860E2,-1.548249157E2,-5.135832178E1,-6.507360796E1
1.787912767E1,6.197264176E-2,7.903455004E-1,-3.966482482E-1,4.627997921E-1,1.728939048E2,-1.544845493E2,-5.132527502E1,-6.571827200E1
1.788914967E1,6.231238750E-2,7.883045815E-1,-3.998810800E-1,4.634525625E-1,1.728548974E2,-1.541661641E2,-5.130808672E1,-6.636574424E1
1.789917267E1,6.280301897E-2,7.864549670E-1,-4.029865020E-1,4.638386698E-1,1.727985648E2,-1.539143427E2,-5.127834031E1,-6.695082823E1
1.790919467E1,6.338534090E-2,7.847439946E-1,-4.059838805E-1,4.640433981E-1,1.727317024E2,-1.537083756E2,-5.124019824E1,-6.749009182E1
1.791921667E1,6.385068425E-2,7.829748806E-1,-4.089031819E-1,4.644047230E-1,1.726782698E2,-1.534713761E2,-5.121042483E1,-6.804181561E1
1.792923867E1,6.399843003E-2,7.810978918E-1,-4.116791630E-1,4.650922013E-1,1.726613047E2,-1.531597180E2,-5.119275417E1,-6.862456742E1
1.793926067E1,6.398793547E-2,7.790723775E-1,-4.144641636E-1,4.660162710E-1,1.726625097E2,-1.527925478E2,-5.118393299E1,-6.924813498E1
1.794928267E1,6.401585775E-2,7.769424654E-1,-4.172881499E-1,4.670469932E-1,1.726593035E2,-1.524093292E2,-5.118404102E1,-6.989392799E1
1.795930467E1,6.426661043E-2,7.747607128E-1,-4.200621501E-1,4.681489437E-1,1.726305101E2,-1.520431149E2,-5.120555932E1,-7.053595875E1
1.796932667E1,6.473454581E-2,7.726153539E-1,-4.226143104E-1,4.693315632E-1,1.725767767E2,-1.517048752E2,-5.125517688E1,-7.114592240E1
1.797934867E1,6.527942027E-2,7.705971520E-1,-4.248724964E-1,4.705336756E-1,1.725142064E2,-1.513936399E2,-5.132055654E1,-7.170682514E1
1.798937067E1,6.582686569E-2,7.687143259E-1,-4.270388866E-1,4.715749978E-1,1.724513385E2,-1.511131821E2,-5.137371468E1,-7.223056153E1
1.799939367E1,6.621027557E-2,7.669795300E-1,-4.292566853E-1,4.723316601E-1,1.724073069E2,-1.508538683E2,-5.138708609E1,-7.272840919E1
1.800941567E1,6.635888535E-2,7.654741499E-1,-4.314951677E-1,4.727132156E-1,1.723902400E2,-1.506263502E2,-5.134915906E1,-7.318209403E1
1.801943767E1,6.629604440E-2,7.641816430E-1,-4.337054643E-1,4.727904707E-1,1.723974569E2,-1.504270666E2,-5.126987059E1,-7.359143602E1
1.802945967E1,6.616222816E-2,7.629607858E-1,-4.358667863E-1,4.727932103E-1,1.724128248E2,-1.502366708E2,-5.118018303E1,-7.398252407E1
1.803948167E1,6.606819854E-2,7.617286859E-1,-4.380614359E-1,4.727647612E-1,1.724236235E2,-1.500536306E2,-5.108884004E1,-7.437358762E1
1.804950367E1,6.585706390E-2,7.605795942E-1,-4.401856371E-1,4.726713427E-1,1.724478705E2,-1.498749826E2,-5.098553191E1,-7.474488011E1
1.805952567E1,6.557200369E-2,7.595061983E-1,-4.422029539E-1,4.725538162E-1,1.724806068E2,-1.497017775E2,-5.087828918E1,-7.509474988E1
1.806954767E1,6.528679597E-2,7.586360450E-1,-4.440713974E-1,4.722388106E-1,1.725133594E2,-1.495734020E2,-5.075961093E1,-7.538789303E1
1.807956967E1,6.506609400E-2,7.580989466E-1,-4.458015045E-1,4.715012197E-1,1.725387038E2,-1.495321648E2,-5.061523135E1,-7.559111801E1
1.808959167E1,6.483847994E-2,7.578270468E-1,-4.474103867E-1,4.704446193E-1,1.725648417E2,-1.495518469E2,-5.044828365E1,-7.572516840E1
1.809961467E1,6.450836475E-2,7.575898865E-1,-4.489649732E-1,4.693896626E-1,1.726027495E2,-1.495649383E2,-5.027616082E1,-7.585227864E1
1.810963667E1,6.404300032E-2,7.571709257E-1,-4.505582294E-1,4.686020855E-1,1.726561868E2,-1.495182170E2,-5.011507995E1,-7.602883092E1
1.811965867E1,6.350415286E-2,7.565258998E-1,-4.522640072E-1,4.680737326E-1,1.727180601E2,-1.494141932E2,-4.996584131E1,-7.626481504E1
1.812968067E1,6.300260537E-2,7.556907284E-1,-4.540641729E-1,4.677477267E-1,1.727756485E2,-1.492752075E2,-4.983229236E1,-7.654594596E1
1.813970267E1,6.254274110E-2,7.547631290E-1,-4.558964123E-1,4.675249807E-1,1.728284492E2,-1.491224511E2,-4.970876426E1,-7.684647166E1
1.814972467E1,6.209849225E-2,7.538528519E-1,-4.576936276E-1,4.672965658E-1,1.728794555E2,-1.489757692E2,-4.958687908E1,-7.713905772E1
1.815974667E1,6.179197929E-2,7.529146735E-1,-4.595437795E-1,4.670340542E-1,1.729146469E2,-1.488454329E2,-4.947000115E1,-7.743271441E1
1.816976867E1,6.162897635E-2,7.519371722E-1,-4.614563508E-1,4.667443999E-1,1.729333614E2,-1.487299610E2,-4.935879458E1,-7.773020979E1
1.817979067E1,6.156242648E-2,7.509440555E-1,-4.633025197E-1,4.665231290E-1,1.729410019E2,-1.486189044E2,-4.926269483E1,-7.802401666E1
1.818981267E1,6.156436524E-2,7.500985265E-1,-4.650013538E-1,4.661927820E-1,1.729407793E2,-1.485438302E2,-4.916853150E1,-7.827436994E1
1.819983567E1,6.155793784E-2,7.495301552E-1,-4.667396374E-1,4.653701387E-1,1.729415173E2,-1.485443015E2,-4.903244471E1,-7.845919184E1
1.820985767E1,6.150143999E-2,7.490404615E-1,-4.687570700E-1,4.641367323E-1,1.729480037E2,-1.485847757E2,-4.884855608E1,-7.863383482E1
1.821987967E1,6.138578904E-2,7.483361244E-1,-4.712378124E-1,4.627738718E-1,1.729612814E2,-1.486056474E2,-4.863157714E1,-7.887233666E1
1.822990167E1,6.119515884E-2,7.474086198E-1,-4.740796269E-1,4.613936889E-1,1.729831672E2,-1.485957168E2,-4.839343364E1,-7.917318134E1
1.823992367E1,6.101203079E-2,7.462415419E-1,-4.770006880E-1,4.602949206E-1,1.730041914E2,-1.485370684E2,-4.817524443E1,-7.952854800E1
1.824994567E1,6.100884870E-2,7.447695317E-1,-4.797011947E-1,4.598727988E-1,1.730045567E2,-1.484062742E2,-4.803303766E1,-7.994007726E1
1.825996767E1,6.124444958E-2,7.431254779E-1,-4.821261452E-1,4.599653533E-1,1.729775083E2,-1.482379217E2,-4.796013208E1,-8.037429563E1
1.826998967E1,6.164208402E-2,7.414561993E-1,-4.845464807E-1,4.600628601E-1,1.729318565E2,-1.480847967E2,-4.789948621E1,-8.080657597E1
1.828001167E1,6.208803983E-2,7.397914620E-1,-4.869952336E-1,4.600971254E-1,1.728806556E2,-1.479442315E2,-4.783587236E1,-8.123456609E1
1.829003367E1,6.262996401E-2,7.380461715E-1,-4.895019490E-1,4.601665413E-1,1.728184346E2,-1.478028802E2,-4.777942111E1,-8.167727367E1
1.830005667E1,6.309242030E-2,7.362900283E-1,-4.919986125E-1,4.602538906E-1,1.727653360E2,-1.476517339E2,-4.771808305E1,-8.212255645E1
1.831007867E1,6.347247951E-2,7.345924691E-1,-4.944629071E-1,4.602733414E-1,1.727216969E2,-1.475060965E2,-4.764598018E1,-8.255377740E1
1.832010067E1,6.373235698E-2,7.330428665E-1,-4.967832070E-1,4.602095311E-1,1.726918568E2,-1.473732100E2,-4.756378253E1,-8.294921501E1
1.833012267E1,6.394642082E-2,7.315983675E-1,-4.990005948E-1,4.600794659E-1,1.726672767E2,-1.472544266E2,-4.747694052E1,-8.331755206E1
1.834014467E1,6.412257357E-2,7.303557625E-1,-5.011026584E-1,4.597442931E-1,1.726470496E2,-1.471738324E2,-4.737636198E1,-8.363591549E1
1.835016667E1,6.433058934E-2,7.291922566E-1,-5.030819587E-1,4.594004380E-1,1.726231634E2,-1.471066605E2,-4.728268355E1,-8.393126097E1
1.836018867E1,6.469593930E-2,7.277802108E-1,-5.050940914E-1,4.593803551E-1,1.725812100E2,-1.469993014E2,-4.722370749E1,-8.427901355E1
1.837021067E1,6.517255694E-2,7.261825291E-1,-5.071462846E-1,4.595804472E-1,1.725264781E2,-1.468634039E2,-4.718758492E1,-8.466597597E1
1.838023267E1,6.555324835E-2,7.246435791E-1,-5.090640505E-1,4.598349931E-1,1.724827606E2,-1.467193793E2,-4.715319259E1,-8.503875871E1
1.839025467E1,6.570501915E-2,7.233344348E-1,-5.107403782E-1,4.600156345E-1,1.724653314E2,-1.465840850E2,-4.710537126E1,-8.536012223E1
1.840027667E1,6.576809191E-2,7.221219753E-1,-5.124303615E-1,4.600320507E-1,1.724580881E2,-1.464668392E2,-4.703764533E1,-8.566020968E1
1.841029967E1,6.580326345E-2,7.208015356E-1,-5.142622110E-1,4.600538196E-1,1.724540490E2,-1.463364457E2,-4.696149968E1,-8.598639640E1
1.842032167E1,6.575593254E-2,7.193202319E-1,-5.161417181E-1,4.602740790E-1,1.724594845E2,-1.461632756E2,-4.689039092E1,-8.635125870E1
1.843034367E1,6.562995561E-2,7.177644442E-1,-5.179662341E-1,4.606711866E-1,1.724739516E2,-1.459584712E2,-4.682732380E1,-8.673348450E1
1.844036567E1,6.533305214E-2,7.162940882E-1,-5.197068357E-1,4.610412991E-1,1.725080475E2,-1.457495299E2,-4.675162325E1,-8.709773259E1
1.845038767E1,6.504980424E-2,7.147861793E-1,-5.214705760E-1,4.614301249E-1,1.725405745E2,-1.455375026E2,-4.667645519E1,-8.746879396E1
1.846040967E1,6.485394783E-2,7.132340268E-1,-5.232117150E-1,4.618881768E-1,1.725630654E2,-1.453234056E2,-4.661323952E1,-8.784605135E1
1.847043167E1,6.474017242E-2,7.117832058E-1,-5.248574230E-1,4.622749795E-1,1.725761306E2,-1.451349367E2,-4.655525365E1,-8.819555713E1
1.848045367E1,6.485864721E-2,7.104239910E-1,-5.263461972E-1,4.626563242E-1,1.725625258E2,-1.449779013E2,-4.652215676E1,-8.851616551E1
1.849047567E1,6.534582263E-2,7.090812451E-1,-5.277685163E-1,4.630272165E-1,1.725065809E2,-1.448578217E2,-4.652067931E1,-8.882314917E1
1.850049767E1,6.606484787E-2,7.076060738E-1,-5.292076942E-1,4.635389214E-1,1.724240083E2,-1.447317838E2,-4.654626495E1,-8.915509144E1
1.851052067E1,6.689275948E-2,7.059499345E-1,-5.306654062E-1,4.642782403E-1,1.723289262E2,-1.445743945E2,-4.659458517E1,-8.952640009E1
1.852054267E1,6.784348702E-2,7.042149542E-1,-5.320282298E-1,4.652144693E-1,1.722197328E2,-1.443991897E2,-4.666980869E1,-8.991291925E1
1.853056467E1,6.897485595E-2,7.024276275E-1,-5.331490462E-1,4.664654089E-1,1.720897831E2,-1.442004804E2,-4.679125510E1,-9.030760877E1
1.854058667E1,7.023938784E-2,7.006491254E-1,-5.339210817E-1,4.680655561E-1,1.719445260E2,-1.439748662E2,-4.696223528E1,-9.069801130E1
1.855060867E1,7.163040243E-2,6.989943821E-1,-5.342975953E-1,4.698956987E-1,1.717847250E2,-1.437444796E2,-4.717664181E1,-9.105805801E1
1.856063067E1,7.328590957E-2,6.975381874E-1,-5.341236342E-1,4.719975410E-1,1.715945178E2,-1.435233377E2,-4.745615149E1,-9.136775183E1
1.857065267E1,7.530883186E-2,6.963588817E-1,-5.335965826E-1,4.740124132E-1,1.713620655E2,-1.433676453E2,-4.777697340E1,-9.160531394E1
1.858067467E1,7.725660631E-2,6.955331407E-1,-5.331843021E-1,4.753732507E-1,1.711382147E2,-1.433099862E2,-4.804410779E1,-9.175974618E1
1.859069667E1,7.865763078E-2,6.952028885E-1,-5.332872141E-1,4.755108391E-1,1.709771790E2,-1.433879237E2,-4.816315624E1,-9.180518082E1
1.860071867E1,7.936163066E-2,6.953975648E-1,-5.338122374E-1,4.745193555E-1,1.708962536E2,-1.435811297E2,-4.813227554E1,-9.173852835E1
1.861074067E1,7.964066387E-2,6.958644254E-1,-5.346659219E-1,4.728239353E-1,1.708641772E2,-1.438408930E2,-4.800515370E1,-9.161532496E1
1.862076367E1,7.978168723E-2,6.961644531E-1,-5.358068950E-1,4.710635036E-1,1.708479655E2,-1.440785186E2,-4.784829142E1,-9.153522717E1
1.863078567E1,7.991133093E-2,6.960375226E-1,-5.370135435E-1,4.698535097E-1,1.708330619E2,-1.442125027E2,-4.772275129E1,-9.155810798E1
1.864080767E1,8.026949485E-2,6.953943564E-1,-5.382503059E-1,4.693294980E-1,1.707918871E2,-1.442417821E2,-4.765891669E1,-9.169877910E1
1.865082967E1,8.068403018E-2,6.942642202E-1,-5.394833646E-1,4.695156817E-1,1.707442302E2,-1.441512306E2,-4.764555727E1,-9.195423899E1
1.866085167E1,8.089699821E-2,6.927949864E-1,-5.406532715E-1,4.703029848E-1,1.707197459E2,-1.439436445E2,-4.765663907E1,-9.229574822E1
1.867087367E1,8.095615131E-2,6.911268088E-1,-5.416402717E-1,4.716096425E-1,1.707129451E2,-1.436450947E2,-4.769585103E1,-9.268925568E1
1.868089567E1,8.076025276E-2,6.893592332E-1,-5.423717092E-1,4.733863007E-1,1.707354672E2,-1.432608549E2,-4.775447055E1,-9.311413730E1
1.869091767E1,8.025465916E-2,6.876026896E-1,-5.430886587E-1,4.752014812E-1,1.707935926E2,-1.428454556E2,-4.778855672E1,-9.354330801E1
1.870093967E1,7.913802056E-2,6.861299944E-1,-5.439981034E-1,4.764755804E-1,1.709219583E2,-1.424661631E2,-4.772717703E1,-9.391490189E1
1.871096167E1,7.727805906E-2,6.849630114E-1,-5.450144536E-1,4.772977601E-1,1.711357490E2,-1.421055244E2,-4.756964035E1,-9.422507330E1
1.872098467E1,7.491726656E-2,6.839096036E-1,-5.460356612E-1,4.780167642E-1,1.714070627E2,-1.417275574E2,-4.736263489E1,-9.451401907E1
1.873100667E1,7.203408495E-2,6.829402366E-1,-5.470312435E-1,4.787070453E-1,1.717383465E2,-1.413201684E2,-4.711039566E1,-9.478792894E1
1.874102867E1,6.843653533E-2,6.821972403E-1,-5.480245077E-1,4.791580798E-1,1.721516162E2,-1.409058219E2,-4.678341422E1,-9.501394779E1
1.875105067E1,6.431394134E-2,6.818343296E-1,-5.488388112E-1,4.793136860E-1,1.726250751E2,-1.405204683E2,-4.640408488E1,-9.515277742E1
1.876107267E1,6.007002765E-2,6.819029921E-1,-5.493189850E-1,4.792165586E-1,1.731123354E2,-1.401950682E2,-4.601763906E1,-9.518849372E1
1.877109471E1,5.580986635E-2,6.825442301E-1,-5.495205997E-1,4.785872218E-1,1.736013358E2,-1.399803227E2,-4.561462399E1,-9.508827065E1
1.878111671E1,5.160489634E-2,6.835470775E-1,-5.496864844E-1,4.774358753E-1,1.740838867E2,-1.398606141E2,-4.518878693E1,-9.490007803E1
1.879113871E1,4.731537976E-2,6.847793038E-1,-5.498851436E-1,4.758831643E-1,1.745760318E2,-1.397978705E2,-4.473154466E1,-9.465685436E1
1.880116071E1,4.307641833E-2,6.859101722E-1,-5.501098864E-1,4.743950434E-1,1.750622782E2,-1.397216569E2,-4.428103079E1,-9.443356156E1
1.881118271E1,3.890744173E-2,6.866163005E-1,-5.501468070E-1,4.736907063E-1,1.755404100E2,-1.395267846E2,-4.389167537E1,-9.430440245E1
1.882120571E1,3.517154508E-2,6.868379087E-1,-5.498585226E-1,4.739960603E-1,1.759688064E2,-1.392137940E2,-4.361393680E1,-9.428003418E1
1.883122771E1,3.204953835E-2,6.866291553E-1,-5.491585899E-1,4.753295233E-1,1.763267644E2,-1.387998473E2,-4.346811320E1,-9.434831477E1
1.884124971E1,2.932687301E-2,6.863309558E-1,-5.482519795E-1,4.769795514E-1,1.766389060E2,-1.383749709E2,-4.338432395E1,-9.443344196E1
1.885127171E1,2.691952932E-2,6.862407616E-1,-5.473181740E-1,4.783218864E-1,1.769148765E2,-1.380261584E2,-4.331076250E1,-9.446901729E1
1.886129371E1,2.488501665E-2,6.864231204E-1,-5.463941991E-1,4.792258520E-1,1.771480927E2,-1.377773454E2,-4.324327285E1,-9.444117933E1
1.887131571E1,2.307965639E-2,6.871525454E-1,-5.455042790E-1,4.792845625E-1,1.773550313E2,-1.376842363E2,-4.314627890E1,-9.428991926E1
1.888133771E1,2.121419473E-2,6.883530088E-1,-5.447538596E-1,4.785011369E-1,1.775688500E2,-1.377176590E2,-4.298982134E1,-9.403259477E1
1.889135971E1,1.890935217E-2,6.898043777E-1,-5.440783299E-1,4.772747058E-1,1.778330187E2,-1.377848104E2,-4.276778881E1,-9.371961720E1
1.890138171E1,1.632815273E-2,6.912796860E-1,-5.433985855E-1,4.760082351E-1,1.781288484E2,-1.378347924E2,-4.252058397E1,-9.340162533E1
1.891140371E1,1.356327732E-2,6.925686631E-1,-5.425000569E-1,4.752456722E-1,1.784457152E2,-1.377979729E2,-4.229877323E1,-9.312562912E1
1.892142571E1,1.087637358E-2,6.935710574E-1,-5.413525088E-1,4.751614206E-1,1.787536348E2,-1.376689770E2,-4.213597206E1,-9.291271792E1
1.893144871E1,8.469893897E-3,6.942686878E-1,-5.399454626E-1,4.757921693E-1,1.790294100E2,-1.374591595E2,-4.205176729E1,-9.276644695E1
1.894147071E1,6.219462921E-3,6.948585330E-1,-5.384056275E-1,4.767099591E-1,1.792872975E2,-1.372214557E2,-4.200451407E1,-9.264300202E1
1.895149271E1,4.169018741E-3,6.953205362E-1,-5.369852050E-1,4.776597804E-1,1.795222643E2,-1.369867358E2,-4.196917598E1,-9.254572134E1
1.896151471E1,2.317107291E-3,6.954110623E-1,-5.356632322E-1,4.790229570E-1,1.797344788E2,-1.366946700E2,-4.196820449E1,-9.252811325E1
1.897153671E1,4.832768385E-4,6.952724835E-1,-5.343379667E-1,4.807065761E-1,1.799446206E2,-1.363515621E2,-4.198689219E1,-9.255937767E1
1.898155871E1,1.604488376E-3,-6.952551348E-1,5.329130502E-1,-4.823083882E-1,1.798161391E2,-1.360064386E2,-4.198566542E1,-9.256269617E1
1.899158071E1,4.067634497E-3,-6.954811367E-1,5.313219962E-1,-4.837214034E-1,1.795338821E2,-1.356707645E2,-4.195261476E1,-9.251073979E1
1.900160271E1,6.740271528E-3,-6.959289628E-1,5.295755414E-1,-4.849610476E-1,1.792276159E2,-1.353541591E2,-4.190195192E1,-9.240827209E1
1.901162471E1,9.585036288E-3,-6.965608863E-1,5.276789596E-1,-4.860719331E-1,1.789016189E2,-1.350517328E2,-4.183915411E1,-9.226328861E1
1.902164671E1,1.244777668E-2,-6.973390647E-1,5.258769500E-1,-4.868435998E-1,1.785735530E2,-1.347967003E2,-4.175126391E1,-9.208376486E1
1.903166971E1,1.524213381E-2,-6.981313885E-1,5.241865611E-1,-4.874513363E-1,1.782533125E2,-1.345664834E2,-4.165400094E1,-9.189908585E1
1.904169171E1,1.789905007E-2,-6.988973179E-1,5.225273713E-1,-4.880443214E-1,1.779488104E2,-1.343465327E2,-4.156583948E1,-9.171900988E1
1.905171371E1,2.035501015E-2,-6.995195687E-1,5.208578556E-1,-4.888405386E-1,1.776673266E2,-1.341089837E2,-4.150633943E1,-9.156983915E1
1.906173571E1,2.281596463E-2,-6.997912157E-1,5.190242465E-1,-4.902911909E-1,1.773852561E2,-1.337725974E2,-4.149225943E1,-9.149506648E1
1.907175771E1,2.543195630E-2,-6.998988272E-1,5.168960308E-1,-4.922533164E-1,1.770853982E2,-1.333546269E2,-4.151098913E1,-9.145312892E1
1.908177971E1,2.797307409E-2,-6.999663359E-1,5.146352844E-1,-4.943837553E-1,1.767941036E2,-1.329200601E2,-4.155296497E1,-9.141883237E1
1.909180171E1,3.047682870E-2,-6.999491610E-1,5.122542193E-1,-4.967272254E-1,1.765070718E2,-1.324575983E2,-4.161667671E1,-9.140145886E1
1.910182371E1,3.301944270E-2,-7.001479361E-1,5.097859207E-1,-4.988195847E-1,1.762155627E2,-1.320351129E2,-4.166923196E1,-9.133513802E1
1.911184571E1,3.563612979E-2,-7.007332505E-1,5.073077914E-1,-5.003416759E-1,1.759155355E2,-1.316985961E2,-4.168655459E1,-9.118206584E1
1.912186771E1,3.843046585E-2,-7.016350350E-1,5.048590489E-1,-5.013468361E-1,1.755951083E2,-1.314294823E2,-4.166093043E1,-9.095582475E1
1.913188971E1,4.168426578E-2,-7.028916959E-1,5.023737230E-1,-5.018230323E-1,1.752219506E2,-1.312100342E2,-4.157289105E1,-9.064422077E1
1.914191271E1,4.539719239E-2,-7.043226763E-1,5.000571531E-1,-5.018084073E-1,1.747960764E2,-1.310230804E2,-4.141190417E1,-9.028554794E1
1.915193471E1,4.945074984E-2,-7.058125147E-1,4.979764159E-1,-5.014009738E-1,1.743310494E2,-1.308577888E2,-4.118858546E1,-8.990611638E1
1.916195671E1,5.330526880E-2,-7.069820265E-1,4.963038393E-1,-5.010163205E-1,1.738887697E2,-1.306825081E2,-4.095816891E1,-8.959558991E1
1.917197871E1,5.652271707E-2,-7.073031644E-1,4.948575491E-1,-5.016408104E-1,1.735195199E2,-1.303847545E2,-4.081985414E1,-8.947417860E1
1.918200071E1,5.874324486E-2,-7.065832014E-1,4.934854268E-1,-5.037474996E-1,1.732646425E2,-1.299264041E2,-4.083638337E1,-8.958945065E1
1.919202271E1,5.997188871E-2,-7.049901138E-1,4.922054481E-1,-5.070760680E-1,1.731236016E2,-1.293456255E2,-4.099022405E1,-8.990774969E1
1.920204471E1,6.046496469E-2,-7.026746397E-1,4.910636162E-1,-5.113208457E-1,1.730669965E2,-1.286636775E2,-4.123889588E1,-9.039506874E1
1.921206671E1,6.063953694E-2,-6.999798229E-1,4.899995242E-1,-5.159956898E-1,1.730469552E2,-1.279240215E2,-4.152497520E1,-9.097214906E1
1.922208871E1,6.066419284E-2,-6.970646307E-1,4.889958181E-1,-5.208683713E-1,1.730441247E2,-1.271496408E2,-4.182277663E1,-9.160261731E1
1.923211071E1,6.061039239E-2,-6.939458588E-1,4.878538808E-1,-5.260837277E-1,1.730503011E2,-1.263169710E2,-4.214500460E1,-9.228262379E1
1.924213371E1,6.049343489E-2,-6.906666759E-1,4.864726338E-1,-5.316619052E-1,1.730637281E2,-1.254226594E2,-4.249652733E1,-9.300402759E1
1.925215571E1,6.021054524E-2,-6.872865513E-1,4.850572056E-1,-5.373373998E-1,1.730962041E2,-1.245089957E2,-4.285915017E1,-9.375639277E1
1.926217771E1,6.006079749E-2,-6.838083510E-1,4.837417077E-1,-5.429482412E-1,1.731133950E2,-1.235752509E2,-4.319136670E1,-9.453116655E1
1.927219971E1,6.004412841E-2,-6.803941297E-1,4.826087898E-1,-5.482220553E-1,1.731153086E2,-1.226687116E2,-4.347661719E1,-9.529112787E1
1.928222171E1,5.981820023E-2,-6.771094150E-1,4.816418147E-1,-5.531417515E-1,1.731412447E2,-1.218212656E2,-4.374524329E1,-9.602995981E1
1.929224371E1,5.951718744E-2,-6.743122446E-1,4.806287414E-1,-5.574555658E-1,1.731757998E2,-1.210817111E2,-4.399430649E1,-9.666691716E1
1.930226571E1,5.944772943E-2,-6.723454830E-1,4.794632335E-1,-5.608320763E-1,1.731837732E2,-1.204995067E2,-4.419797984E1,-9.711779500E1
1.931228771E1,5.994272309E-2,-6.713473086E-1,4.780830612E-1,-5.631486567E-1,1.731269497E2,-1.200826325E2,-4.433252660E1,-9.734125106E1
1.932230971E1,6.121705413E-2,-6.714007719E-1,4.764575205E-1,-5.643240691E-1,1.729806535E2,-1.198368578E2,-4.438213883E1,-9.731090783E1
1.933233171E1,6.319825104E-2,-6.723391083E-1,4.746286212E-1,-5.645297457E-1,1.727531844E2,-1.197340456E2,-4.435640031E1,-9.706419997E1
1.934235371E1,6.573043370E-2,-6.738760669E-1,4.726656423E-1,-5.640547507E-1,1.724624128E2,-1.197257948E2,-4.427228086E1,-9.666788062E1
1.935237671E1,6.864322347E-2,-6.758287936E-1,4.706824013E-1,-5.630290440E-1,1.721278756E2,-1.197926054E2,-4.413921685E1,-9.616639431E1
1.936239871E1,7.166500499E-2,-6.780820905E-1,4.686351181E-1,-5.616494301E-1,1.717807496E2,-1.199164701E2,-4.398892904E1,-9.559436121E1
1.937242071E1,7.449613525E-2,-6.803860691E-1,4.664324606E-1,-5.603265670E-1,1.714554560E2,-1.200451079E2,-4.386662200E1,-9.501713952E1
1.938244271E1,7.708051678E-2,-6.828323038E-1,4.641070188E-1,-5.589304315E-1,1.711584534E2,-1.202062595E2,-4.376993053E1,-9.441563809E1
1.939246471E1,7.963286671E-2,-6.856280728E-1,4.617558990E-1,-5.570943673E-1,1.708650736E2,-1.204476583E2,-4.365997359E1,-9.373646232E1
1.940248671E1,8.228392455E-2,-6.886898939E-1,4.594763234E-1,-5.548126001E-1,1.705602841E2,-1.207547371E2,-4.351722619E1,-9.299356791E1
1.941250871E1,8.485989778E-2,-6.916613837E-1,4.574128453E-1,-5.524280579E-1,1.702640630E2,-1.210708971E2,-4.335796659E1,-9.227062882E1
1.942253071E1,8.727078181E-2,-6.942428676E-1,4.555810695E-1,-5.503240029E-1,1.699867671E2,-1.213337537E2,-4.320409430E1,-9.163684892E1
1.943255271E1,8.933523982E-2,-6.960097267E-1,4.541284573E-1,-5.489600677E-1,1.697492698E2,-1.214717877E2,-4.308038334E1,-9.119084790E1
1.944257471E1,9.106715919E-2,-6.967184470E-1,4.531124022E-1,-5.486159176E-1,1.695499941E2,-1.214350072E2,-4.299498487E1,-9.098555445E1
1.945259671E1,9.250815994E-2,-6.963420335E-1,4.524089291E-1,-5.494325549E-1,1.693841676E2,-1.212020494E2,-4.295963339E1,-9.102565827E1
1.946261971E1,9.359021706E-2,-6.949403874E-1,4.518009292E-1,-5.515202358E-1,1.692596327E2,-1.207670692E2,-4.299848947E1,-9.130034711E1
1.947264171E1,9.433134832E-2,-6.928799228E-1,4.511319639E-1,-5.545259594E-1,1.691743279E2,-1.201949655E2,-4.310425803E1,-9.172971686E1
1.948266371E1,9.487333571E-2,-6.906606910E-1,4.504758534E-1,-5.577261064E-1,1.691119409E2,-1.195988706E2,-4.322952843E1,-9.220030253E1
1.949268571E1,9.527274032E-2,-6.885403252E-1,4.499799957E-1,-5.606722343E-1,1.690659642E2,-1.190496444E2,-4.334180909E1,-9.265358565E1
1.950270771E1,9.561058946E-2,-6.867684401E-1,4.495980926E-1,-5.630891454E-1,1.690270720E2,-1.185944142E2,-4.342867302E1,-9.303220787E1
1.951272971E1,9.599144946E-2,-6.855372780E-1,4.493255395E-1,-5.647397213E-1,1.689832270E2,-1.182709008E2,-4.347495556E1,-9.329019266E1
1.952275171E1,9.661381090E-2,-6.846446920E-1,4.492481578E-1,-5.657770185E-1,1.689115766E2,-1.180341362E2,-4.346452404E1,-9.346409554E1
1.953277371E1,9.761581007E-2,-6.837868561E-1,4.494565108E-1,-5.664763611E-1,1.687962107E2,-1.178201423E2,-4.338916175E1,-9.361446411E1
1.954279571E1,9.902216612E-2,-6.828344427E-1,4.498841959E-1,-5.670415082E-1,1.686342695E2,-1.175923831E2,-4.325872742E1,-9.376835464E1
1.955281771E1,1.007838622E-1,-6.818450455E-1,4.503035992E-1,-5.675883636E-1,1.684313789E2,-1.173417191E2,-4.309797407E1,-9.391540974E1
1.956284071E1,1.026927562E-1,-6.808828540E-1,4.507043947E-1,-5.680830622E-1,1.682114948E2,-1.170908232E2,-4.292401755E1,-9.404909688E1
1.957286271E1,1.047388804E-1,-6.800059572E-1,4.511018289E-1,-5.684442396E-1,1.679757549E2,-1.168547808E2,-4.273395944E1,-9.415690848E1
1.958288471E1,1.068195438E-1,-6.790247048E-1,4.515995727E-1,-5.688346459E-1,1.677359832E2,-1.166078119E2,-4.253389398E1,-9.428283935E1
1.959290671E1,1.087434421E-1,-6.776395486E-1,4.522639334E-1,-5.695935210E-1,1.675142288E2,-1.163002234E2,-4.234527198E1,-9.449765553E1
1.960292871E1,1.104290842E-1,-6.757756253E-1,4.530546294E-1,-5.708538593E-1,1.673198980E2,-1.159155940E2,-4.218119635E1,-9.482001035E1
1.961295071E1,1.118223326E-1,-6.735096106E-1,4.538974294E-1,-5.725886657E-1,1.671592485E2,-1.154653363E2,-4.204979415E1,-9.523571071E1
1.962297271E1,1.130222955E-1,-6.709896189E-1,4.546721201E-1,-5.746930578E-1,1.670208656E2,-1.149645018E2,-4.194754581E1,-9.570990439E1
1.963299471E1,1.141397560E-1,-6.683996423E-1,4.553670900E-1,-5.769357970E-1,1.668919800E2,-1.144471027E2,-4.185873978E1,-9.619931166E1
1.964301671E1,1.152982886E-1,-6.658291482E-1,4.559635101E-1,-5.792020331E-1,1.667583397E2,-1.139254345E2,-4.177103859E1,-9.667996068E1
1.965303871E1,1.163950760E-1,-6.632620680E-1,4.565554204E-1,-5.814573952E-1,1.666318051E2,-1.134103860E2,-4.168506142E1,-9.715907920E1
1.966306071E1,1.173767815E-1,-6.606705004E-1,4.572148078E-1,-5.836881225E-1,1.665185335E2,-1.129060606E2,-4.159938936E1,-9.764424691E1
1.967308371E1,1.183695505E-1,-6.581626154E-1,4.579425785E-1,-5.857468275E-1,1.664039719E2,-1.124309553E2,-4.150002795E1,-9.810716603E1
1.968310571E1,1.193356195E-1,-6.557453145E-1,4.587724605E-1,-5.876094443E-1,1.662924783E2,-1.119915757E2,-4.138752195E1,-9.854782414E1
1.969312771E1,1.201695159E-1,-6.534114012E-1,4.596029958E-1,-5.893876830E-1,1.661962282E2,-1.115776488E2,-4.128193181E1,-9.897447792E1
1.970314971E1,1.207356535E-1,-6.512953133E-1,4.603356555E-1,-5.910399870E-1,1.661308778E2,-1.112088798E2,-4.120272882E1,-9.936840277E1
1.971317171E1,1.210708895E-1,-6.498068446E-1,4.608485932E-1,-5.922088877E-1,1.660921787E2,-1.109527019E2,-4.115148194E1,-9.964733745E1
1.972319371E1,1.213552543E-1,-6.493890745E-1,4.609082837E-1,-5.925625419E-1,1.660593508E2,-1.108653224E2,-4.112773906E1,-9.971696313E1
1.973321571E1,1.217267577E-1,-6.504041498E-1,4.602800322E-1,-5.918608601E-1,1.660164617E2,-1.109885278E2,-4.113540154E1,-9.950055633E1
1.974323771E1,1.221525041E-1,-6.531615020E-1,4.589139475E-1,-5.897939997E-1,1.659673079E2,-1.113832891E2,-4.117388859E1,-9.893583453E1
1.975325971E1,1.225095511E-1,-6.577457093E-1,4.570444187E-1,-5.860651205E-1,1.659260837E2,-1.121046652E2,-4.122205374E1,-9.800332640E1
1.976328171E1,1.226449689E-1,-6.639942852E-1,4.548707687E-1,-5.806570476E-1,1.659104481E2,-1.131564011E2,-4.126409112E1,-9.673386438E1
1.977330454E1,1.226196387E-1,-6.714451736E-1,4.523004853E-1,-5.740645640E-1,1.659133728E2,-1.144395066E2,-4.129864627E1,-9.521235076E1
1.978332654E1,1.223691178E-1,-6.796482042E-1,4.492027868E-1,-5.668517631E-1,1.659422982E2,-1.158558261E2,-4.134431027E1,-9.352872890E1
1.979334854E1,1.215211232E-1,-6.882356667E-1,4.456835671E-1,-5.594018019E-1,1.660402019E2,-1.173615438E2,-4.142817187E1,-9.176766768E1
1.980337054E1,1.199610155E-1,-6.970228105E-1,4.417213945E-1,-5.519517142E-1,1.662202946E2,-1.189282356E2,-4.156483851E1,-8.996454229E1
1.981339254E1,1.176947584E-1,-7.059498080E-1,4.373766023E-1,-5.445038814E-1,1.664818417E2,-1.205580542E2,-4.174610554E1,-8.812325818E1
1.982341454E1,1.148258856E-1,-7.150219699E-1,4.325948211E-1,-5.370477456E-1,1.668128350E2,-1.222507779E2,-4.196339623E1,-8.623062241E1
1.983343654E1,1.113342932E-1,-7.240730477E-1,4.273672210E-1,-5.297925661E-1,1.672155251E2,-1.239782002E2,-4.222592993E1,-8.431494017E1
1.984345854E1,1.072537196E-1,-7.329846406E-1,4.215699431E-1,-5.229809188E-1,1.676859428E2,-1.257089571E2,-4.255083427E1,-8.239143619E1
1.985348054E1,1.027537427E-1,-7.418666253E-1,4.148684678E-1,-5.166815244E-1,1.682044691E2,-1.274389718E2,-4.294993019E1,-8.041727365E1
1.986350254E1,9.785665824E-2,-7.508422076E-1,4.069927496E-1,-5.108983025E-1,1.687684787E2,-1.291874430E2,-4.343680659E1,-7.834600316E1
1.987352454E1,9.218721169E-2,-7.595800291E-1,3.981473694E-1,-5.059825259E-1,1.694211034E2,-1.309386231E2,-4.404795954E1,-7.624326470E1
1.988354754E1,8.531799188E-2,-7.674225039E-1,3.887903897E-1,-5.026186173E-1,1.702113782E2,-1.326233430E2,-4.483762709E1,-7.425397954E1
1.989356954E1,7.746516999E-2,-7.738153379E-1,3.791711302E-1,-5.014361664E-1,1.711142432E2,-1.341262779E2,-4.583142559E1,-7.249493606E1
1.990359154E1,6.918000573E-2,-7.788331520E-1,3.691814209E-1,-5.023326509E-1,1.720662183E2,-1.354211414E2,-4.700277216E1,-7.093702767E1
1.991361354E1,6.091393400E-2,-7.829567575E-1,3.584606535E-1,-5.047515639E-1,1.730154534E2,-1.365703501E2,-4.830763302E1,-6.945125900E1
1.992363554E1,5.301449769E-2,-7.865299252E-1,3.467892218E-1,-5.082298380E-1,1.739221368E2,-1.376251651E2,-4.970335840E1,-6.794225012E1
1.993365754E1,4.558204847E-2,-7.895973728E-1,3.342425265E-1,-5.125818162E-1,1.747748715E2,-1.386031235E2,-5.116870459E1,-6.639470932E1
1.994367954E1,3.881815364E-2,-7.920754811E-1,3.209229001E-1,-5.178012819E-1,1.755506494E2,-1.394766692E2,-5.268928407E1,-6.483134196E1
1.995370154E1,3.277810985E-2,-7.937552859E-1,3.072448147E-1,-5.239071591E-1,1.762432324E2,-1.402024852E2,-5.424925107E1,-6.333022510E1
1.996372354E1,2.748899646E-2,-7.946034490E-1,2.936087920E-1,-5.307011257E-1,1.768495962E2,-1.407698875E2,-5.581746465E1,-6.193801241E1
1.997374554E1,2.326982297E-2,-7.947999376E-1,2.799348370E-1,-5.379480866E-1,1.773332340E2,-1.411694854E2,-5.736192115E1,-6.063203636E1
1.998376754E1,2.017582282E-2,-7.945600167E-1,2.660055775E-1,-5.454432714E-1,1.776878641E2,-1.414346769E2,-5.887493837E1,-5.935648391E1
1.999379054E1,1.779496842E-2,-7.942193016E-1,2.516615720E-1,-5.527797101E-1,1.779607392E2,-1.417106392E2,-6.035422284E1,-5.798841657E1
2.000381254E1,1.538079694E-2,-7.941921169E-1,2.370636317E-1,-5.593058967E-1,1.782374210E2,-1.422381673E2,-6.177536757E1,-5.636504048E1
2.001383454E1,1.262597356E-2,-7.949263993E-1,2.224841939E-1,-5.642989285E-1,1.785531316E2,-1.432254455E2,-6.306665512E1,-5.432834534E1
2.002385654E1,9.589440634E-3,-7.964483641E-1,2.083430411E-1,-5.676014080E-1,1.789011142E2,-1.446895628E2,-6.417577062E1,-5.189074047E1
2.003387854E1,6.533351575E-3,-7.984908847E-1,1.950355109E-1,-5.695005240E-1,1.792513277E2,-1.464897987E2,-6.508496287E1,-4.920152578E1
2.004390054E1,3.951688516E-3,-8.011792425E-1,1.827740022E-1,-5.698156138E-1,1.795471687E2,-1.485254623E2,-6.572801117E1,-4.633709245E1
2.005392254E1,2.566806295E-3,-8.049223252E-1,1.710347351E-1,-5.681905788E-1,1.797058653E2,-1.507411242E2,-6.603877918E1,-4.324825092E1
2.006394454E1,1.662524586E-3,-8.096893655E-1,1.600832348E-1,-5.646005314E-1,1.798094886E2,-1.531530107E2,-6.603162309E1,-3.999844196E1
2.007396654E1,9.800828153E-4,-8.155255661E-1,1.497869704E-1,-5.589999317E-1,1.798876908E2,-1.557349010E2,-6.570843708E1,-3.662271146E1
2.008398854E1,9.259873352E-4,-8.225677144E-1,1.402446710E-1,-5.511016755E-1,1.798938897E2,-1.583153758E2,-6.500940701E1,-3.326700603E1
2.009401154E1,1.853871279E-3,-8.308164638E-1,1.317186797E-1,-5.407317174E-1,1.797875619E2,-1.606847166E2,-6.389761313E1,-3.013311837E1
2.010403354E1,3.712441931E-3,-8.396206876E-1,1.243929673E-1,-5.287245649E-1,1.795745845E2,-1.626459158E2,-6.249028937E1,-2.743434371E1
2.011405554E1,5.653198938E-3,-8.480385091E-1,1.183309861E-1,-5.165235370E-1,1.793521877E2,-1.642150220E2,-6.101254112E1,-2.522588444E1
2.012407754E1,7.342866094E-3,-8.553942721E-1,1.128845596E-1,-5.054737712E-1,1.791585620E2,-1.654727262E2,-5.966656032E1,-2.339662758E1
2.013409954E1,8.252458306E-3,-8.614906030E-1,1.071238019E-1,-4.962764649E-1,1.790543272E2,-1.666328184E2,-5.857319450E1,-2.169693069E1
2.014412154E1,7.986300957E-3,-8.664365778E-1,1.004444115E-1,-4.890141414E-1,1.790848276E2,-1.678732480E2,-5.775722672E1,-1.993119308E1
2.015414354E1,7.118982035E-3,-8.701567115E-1,9.280403082E-2,-4.839049529E-1,1.791842179E2,-1.691164678E2,-5.722733453E1,-1.812523116E1
2.016416554E1,6.401389792E-3,-8.729526492E-1,8.484518853E-2,-4.803268119E-1,1.792664498E2,-1.702341323E2,-5.687903860E1,-1.640081693E1
2.017418754E1,7.005333058E-3,-8.754973494E-1,7.761932209E-2,-4.768968803E-1,1.791972414E2,-1.710027530E2,-5.650732844E1,-1.497511189E1
2.018420954E1,9.384775538E-3,-8.781731264E-1,7.196932631E-2,-4.728046742E-1,1.789245682E2,-1.713043144E2,-5.600208140E1,-1.400038811E1
2.019423154E1,1.345061879E-2,-8.808815251E-1,6.794358579E-2,-4.682419618E-1,1.784586261E2,-1.711545095E2,-5.539669581E1,-1.347148952E1
2.020425454E1,1.905789874E-2,-8.835230788E-1,6.483083029E-2,-4.634876076E-1,1.778159935E2,-1.706518196E2,-5.473921647E1,-1.324063341E1
2.021427654E1,2.588261148E-2,-8.859147017E-1,6.180557165E-2,-4.589828260E-1,1.770337399E2,-1.699233853E2,-5.409982872E1,-1.313668860E1
2.022429854E1,3.229890018E-2,-8.877479632E-1,5.910669820E-2,-4.553753719E-1,1.762981748E2,-1.692065903E2,-5.358119177E1,-1.308027293E1
2.023432054E1,3.700885265E-2,-8.891771207E-1,5.746056874E-2,-4.524297708E-1,1.757581292E2,-1.686681845E2,-5.316136880E1,-1.307853704E1
2.024434254E1,3.979650843E-2,-8.908705810E-1,5.689588527E-2,-4.489193808E-1,1.754384514E2,-1.683901956E2,-5.268640056E1,-1.307222229E1
2.025436454E1,4.158686441E-2,-8.935071614E-1,5.618195980E-2,-4.435753290E-1,1.752331217E2,-1.683657820E2,-5.199924149E1,-1.288500720E1
2.026438654E1,4.372790324E-2,-8.970593400E-1,5.479343188E-2,-4.363141646E-1,1.749875531E2,-1.684056664E2,-5.107849416E1,-1.254529368E1
2.027440854E1,4.673767291E-2,-9.010657351E-1,5.381301189E-2,-4.277853915E-1,1.746423054E2,-1.683106420E2,-4.998671013E1,-1.229948578E1
2.028443054E1,5.086884378E-2,-9.050832148E-1,5.454514479E-2,-4.186424968E-1,1.741683430E2,-1.679319192E2,-4.878681383E1,-1.238632713E1
2.029445254E1,5.580341788E-2,-9.087083074E-1,5.764407612E-2,-4.096492655E-1,1.736020759E2,-1.672730045E2,-4.756725989E1,-1.288699167E1
2.030447554E1,6.126036002E-2,-9.113455200E-1,6.281380856E-2,-4.021827616E-1,1.729756816E2,-1.663726832E2,-4.649871418E1,-1.376284030E1
2.031449754E1,6.629049156E-2,-9.129697331E-1,6.953155260E-2,-3.965565893E-1,1.723980946E2,-1.654061438E2,-4.563252698E1,-1.487746531E1
2.032451954E1,7.032637894E-2,-9.140976671E-1,7.670351322E-2,-3.919134923E-1,1.719345329E2,-1.645542930E2,-4.488659744E1,-1.600524094E1
2.033454154E1,7.381738133E-2,-9.148822307E-1,8.326868567E-2,-3.880823227E-1,1.715334502E2,-1.638115855E2,-4.425123420E1,-1.701961486E1
2.034456354E1,7.756260297E-2,-9.151504954E-1,8.839243589E-2,-3.855781993E-1,1.711030445E2,-1.630773174E2,-4.378960894E1,-1.787675430E1
2.035458554E1,8.182730559E-2,-9.143884804E-1,9.213111424E-2,-3.856291654E-1,1.706127859E2,-1.622432373E2,-4.364214625E1,-1.866498459E1
2.036460754E1,8.661684185E-2,-9.120067619E-1,9.545532047E-2,-3.893961137E-1,1.700619879E2,-1.611813049E2,-4.392591792E1,-1.959692466E1
2.037462954E1,9.175693452E-2,-9.080755146E-1,9.929350753E-2,-3.963839031E-1,1.694706194E2,-1.598568842E2,-4.456124674E1,-2.080515929E1
2.038465154E1,9.671072758E-2,-9.030345408E-1,1.043746051E-1,-4.053166116E-1,1.689004185E2,-1.583361846E2,-4.538494404E1,-2.233504379E1
2.039467354E1,1.012887604E-1,-8.976079655E-1,1.107232692E-1,-4.144647115E-1,1.683732243E2,-1.567192460E2,-4.618869168E1,-2.410472229E1
2.040469554E1,1.056775960E-1,-8.929125115E-1,1.176774571E-1,-4.215348032E-1,1.678675857E2,-1.551698417E2,-4.671193974E1,-2.587626513E1
2.041471854E1,1.097997053E-1,-8.893368151E-1,1.246505267E-1,-4.260119154E-1,1.673924608E2,-1.538066781E2,-4.691683240E1,-2.748704092E1
2.042474054E1,1.138076072E-1,-8.866451066E-1,1.310008345E-1,-4.286573150E-1,1.669302911E2,-1.526230484E2,-4.691289522E1,-2.887477405E1
2.043476254E1,1.175420603E-1,-8.846615073E-1,1.364811050E-1,-4.300358647E-1,1.664994619E2,-1.516309469E2,-4.678486808E1,-3.001970707E1
2.044478454E1,1.208900690E-1,-8.834092823E-1,1.412536876E-1,-4.301409051E-1,1.661130525E2,-1.508456151E2,-4.653782134E1,-3.093073930E1
2.045480654E1,1.239161390E-1,-8.829327700E-1,1.456852602E-1,-4.287776127E-1,1.657636630E2,-1.502560316E2,-4.614190842E1,-3.164554667E1
2.046482854E1,1.267271230E-1,-8.828104599E-1,1.500650764E-1,-4.266923130E-1,1.654389882E2,-1.497698286E2,-4.567125427E1,-3.227219952E1
2.047485054E1,1.295261163E-1,-8.826925751E-1,1.542620174E-1,-4.245940532E-1,1.651155815E2,-1.493061370E2,-4.520320218E1,-3.286186179E1
2.048487254E1,1.323232235E-1,-8.823247174E-1,1.581780497E-1,-4.230524585E-1,1.647922736E2,-1.488202918E2,-4.480353788E1,-3.344905981E1
2.049489454E1,1.351770604E-1,-8.815413761E-1,1.619624995E-1,-4.223508083E-1,1.644622829E2,-1.482701750E2,-4.449541588E1,-3.408351968E1
2.050491654E1,1.383111317E-1,-8.805898689E-1,1.657740076E-1,-4.218416428E-1,1.640997390E2,-1.476692020E2,-4.419337255E1,-3.474668985E1
2.051493854E1,1.416631548E-1,-8.797267435E-1,1.699025865E-1,-4.208866795E-1,1.637118054E2,-1.470661920E2,-4.381980858E1,-3.542148130E1
2.052496154E1,1.448727532E-1,-8.790114062E-1,1.745943104E-1,-4.193657367E-1,1.633401786E2,-1.465109245E2,-4.336681833E1,-3.611176513E1
2.053498354E1,1.476843695E-1,-8.783570763E-1,1.798574824E-1,-4.175276283E-1,1.630144877E2,-1.460182759E2,-4.287118822E1,-3.682610807E1
2.054500554E1,1.499674011E-1,-8.776516856E-1,1.855338410E-1,-4.157096029E-1,1.627499252E2,-1.455848802E2,-4.238029743E1,-3.756550391E1
2.055502754E1,1.517520567E-1,-8.766918544E-1,1.914290683E-1,-4.144125864E-1,1.625430510E2,-1.451712199E2,-4.195330755E1,-3.834920852E1
2.056504954E1,1.532807334E-1,-8.752263241E-1,1.973924259E-1,-4.141499167E-1,1.623658040E2,-1.447044985E2,-4.163914091E1,-3.921434198E1
2.057507154E1,1.546454800E-1,-8.731150410E-1,2.033979092E-1,-4.151917552E-1,1.622075283E2,-1.441458455E2,-4.146108420E1,-4.018848904E1
2.058509354E1,1.558895180E-1,-8.703047734E-1,2.094633465E-1,-4.176039563E-1,1.620632220E2,-1.434766694E2,-4.142041945E1,-4.128730075E1
2.059511554E1,1.569124852E-1,-8.671032356E-1,2.155261496E-1,-4.207839149E-1,1.619445380E2,-1.427619511E2,-4.145936419E1,-4.244970226E1
2.060513754E1,1.576029349E-1,-8.639031307E-1,2.214559372E-1,-4.240165361E-1,1.618644214E2,-1.420861943E2,-4.151485561E1,-4.359043030E1
2.061515954E1,1.581505067E-1,-8.609121164E-1,2.271021187E-1,-4.268998863E-1,1.618008774E2,-1.414708068E2,-4.154544912E1,-4.465877874E1
2.062518154E1,1.585619653E-1,-8.582522920E-1,2.325033427E-1,-4.291893241E-1,1.617531252E2,-1.409397490E2,-4.152701199E1,-4.563436113E1
2.063520454E1,1.589029649E-1,-8.559627066E-1,2.378044890E-1,-4.307279897E-1,1.617135477E2,-1.404968259E2,-4.143718243E1,-4.652127545E1
2.064522654E1,1.596054054E-1,-8.541768182E-1,2.431553264E-1,-4.310261576E-1,1.616320134E2,-1.401337328E2,-4.120288114E1,-4.730529465E1
2.065524854E1,1.608001210E-1,-8.529507453E-1,2.488748435E-1,-4.297436500E-1,1.614933177E2,-1.398588032E2,-4.077287269E1,-4.799715678E1
2.066527054E1,1.623877296E-1,-8.520669259E-1,2.549715537E-1,-4.273191315E-1,1.613089683E2,-1.396417299E2,-4.019570978E1,-4.863634757E1
2.067529254E1,1.642744438E-1,-8.510864848E-1,2.611721348E-1,-4.247997931E-1,1.610898239E2,-1.393995301E2,-3.958891531E1,-4.928650234E1
2.068531454E1,1.658924613E-1,-8.496023046E-1,2.672359916E-1,-4.233681911E-1,1.609018334E2,-1.390921741E2,-3.910358097E1,-5.001147961E1
2.069533654E1,1.664497586E-1,-8.472647772E-1,2.733057067E-1,-4.239585947E-1,1.608370715E2,-1.387129692E2,-3.886054761E1,-5.089673088E1
2.070535854E1,1.658829783E-1,-8.440309549E-1,2.794981535E-1,-4.265856394E-1,1.609029354E2,-1.382552218E2,-3.885671900E1,-5.196406780E1
2.071538054E1,1.646065294E-1,-8.401805031E-1,2.858760675E-1,-4.304373029E-1,1.610512445E2,-1.377404322E2,-3.898934989E1,-5.316331698E1
2.072540254E1,1.631572257E-1,-8.359350932E-1,2.924341593E-1,-4.348271500E-1,1.612195987E2,-1.371698916E2,-3.916450178E1,-5.444776229E1
2.073542554E1,1.618725792E-1,-8.314159395E-1,2.989679323E-1,-4.395031005E-1,1.613687917E2,-1.365356024E2,-3.934810408E1,-5.577789399E1
2.074544754E1,1.604574672E-1,-8.267937368E-1,3.052979254E-1,-4.443630852E-1,1.615330995E2,-1.358897938E2,-3.955499511E1,-5.711111830E1
2.075546954E1,1.586889011E-1,-8.224574161E-1,3.113078131E-1,-4.488531154E-1,1.617383929E2,-1.353269954E2,-3.975625684E1,-5.836403418E1
2.076549154E1,1.567317806E-1,-8.188504045E-1,3.170843759E-1,-4.520804155E-1,1.619655046E2,-1.349335954E2,-3.986479004E1,-5.944836616E1
2.077551354E1,1.546924632E-1,-8.161345248E-1,3.226766094E-1,-4.537340050E-1,1.622020789E2,-1.347399959E2,-3.985035708E1,-6.033121363E1
2.078553554E1,1.527266288E-1,-8.140736704E-1,3.278393876E-1,-4.544007892E-1,1.624300562E2,-1.346725033E2,-3.976884370E1,-6.104750098E1
2.079555754E1,1.507265606E-1,-8.120385887E-1,3.324567224E-1,-4.553541825E-1,1.626619317E2,-1.345945955E2,-3.974040347E1,-6.172533858E1
2.080557954E1,1.481842311E-1,-8.096119207E-1,3.366089666E-1,-4.574543073E-1,1.629565705E2,-1.344533916E2,-3.986348928E1,-6.246348970E1
2.081560154E1,1.450246505E-1,-8.069464486E-1,3.403859354E-1,-4.603722601E-1,1.633225867E2,-1.342894806E2,-4.011042658E1,-6.323720892E1
2.082562354E1,1.416423659E-1,-8.044853677E-1,3.439380296E-1,-4.630846627E-1,1.637142119E2,-1.341777504E2,-4.036520265E1,-6.395736245E1
2.083564554E1,1.383532890E-1,-8.025329571E-1,3.475074462E-1,-4.647985853E-1,1.640948613E2,-1.341755013E2,-4.053216073E1,-6.456717318E1
2.084566754E1,1.356006573E-1,-8.012598273E-1,3.510428503E-1,-4.651494368E-1,1.644132912E2,-1.342864517E2,-4.055727336E1,-6.502305201E1
2.085569054E1,1.331279122E-1,-8.005656687E-1,3.545304178E-1,-4.644134580E-1,1.646992399E2,-1.345068590E2,-4.048064595E1,-6.534838391E1
2.086571254E1,1.304006529E-1,-8.000775660E-1,3.580118739E-1,-4.633563518E-1,1.650145098E2,-1.347956036E2,-4.039640219E1,-6.562931546E1
2.087573454E1,1.271659560E-1,-7.995509833E-1,3.614615934E-1,-4.624853555E-1,1.653882915E2,-1.351159031E2,-4.036315320E1,-6.591843819E1
2.088575654E1,1.232448977E-1,-7.987745119E-1,3.648878372E-1,-4.621980089E-1,1.658411758E2,-1.354351860E2,-4.042430203E1,-6.626123301E1
2.089577854E1,1.184337717E-1,-7.974335256E-1,3.682689838E-1,-4.630888036E-1,1.663965606E2,-1.356981825E2,-4.064226336E1,-6.672326364E1
2.090580054E1,1.128976146E-1,-7.956115595E-1,3.715102029E-1,-4.650124700E-1,1.670352450E2,-1.359059737E2,-4.099956974E1,-6.728039377E1
2.091582254E1,1.071711328E-1,-7.935918193E-1,3.746592258E-1,-4.672865770E-1,1.676954614E2,-1.360840403E2,-4.140400542E1,-6.787073871E1
2.092584454E1,1.016525720E-1,-7.914779441E-1,3.777761117E-1,-4.695899655E-1,1.683313183E2,-1.362279552E2,-4.180030005E1,-6.847320667E1
2.093586654E1,9.628163051E-2,-7.892683324E-1,3.809221421E-1,-4.718937965E-1,1.689498200E2,-1.363451322E2,-4.218681140E1,-6.909165621E1
2.094588854E1,9.080905189E-2,-7.870927542E-1,3.840890141E-1,-4.740405252E-1,1.695796941E2,-1.364844246E2,-4.256842452E1,-6.969878120E1
2.095591154E1,8.532576797E-2,-7.850398444E-1,3.871451875E-1,-4.759733586E-1,1.702104839E2,-1.366510148E2,-4.294133581E1,-7.026967187E1
2.096593354E1,7.981829177E-2,-7.831381786E-1,3.901917303E-1,-4.775710824E-1,1.708437576E2,-1.368596433E2,-4.329221179E1,-7.080152737E1
2.097595554E1,7.447156364E-2,-7.813211858E-1,3.931574776E-1,-4.789763215E-1,1.714582796E2,-1.370752938E2,-4.362303177E1,-7.130603482E1
2.098597754E1,6.911653258E-2,-7.792392790E-1,3.964055877E-1,-4.804909739E-1,1.720735093E2,-1.372542255E2,-4.395064917E1,-7.187367654E1
2.099599954E1,6.398747185E-2,-7.769461954E-1,3.997372539E-1,-4.821517705E-1,1.726625630E2,-1.373755321E2,-4.427121312E1,-7.248647871E1
2.100602154E1,5.901751547E-2,-7.744155933E-1,4.030855892E-1,-4.840655746E-1,1.732331588E2,-1.374330547E2,-4.460036897E1,-7.314887168E1
2.101604354E1,5.385336749E-2,-7.715466784E-1,4.065847681E-1,-4.863171224E-1,1.738258719E2,-1.374417572E2,-4.496225494E1,-7.388746178E1
2.102606554E1,4.843545334E-2,-7.683999315E-1,4.101354504E-1,-4.888808520E-1,1.744475334E2,-1.374138397E2,-4.536376381E1,-7.468556049E1
2.103608754E1,4.254970916E-2,-7.648915540E-1,4.138338258E-1,-4.918048950E-1,1.751226900E2,-1.373545687E2,-4.581867494E1,-7.556441521E1
2.104610954E1,3.606248731E-2,-7.609588105E-1,4.176027024E-1,-4.952264815E-1,1.758666471E2,-1.372545215E2,-4.635037728E1,-7.653563251E1
2.105613154E1,2.891474005E-2,-7.565583529E-1,4.212993920E-1,-4.992895852E-1,1.766861530E2,-1.370964198E2,-4.698036052E1,-7.760597296E1
2.106615454E1,2.078556128E-2,-7.516837643E-1,4.249987578E-1,-5.039003872E-1,1.776179786E2,-1.369119729E2,-4.772117776E1,-7.877813275E1
2.107617654E1,1.156659144E-2,-7.464841392E-1,4.287381632E-1,-5.087349469E-1,1.786745367E2,-1.367517050E2,-4.855635163E1,-8.001671094E1
2.108619854E1,1.496908545E-3,-7.411374954E-1,4.324367810E-1,-5.135284344E-1,1.798284669E2,-1.366341854E2,-4.945500554E1,-8.127792108E1
2.109622054E1,9.546092600E-3,7.356239395E-1,-4.361987138E-1,5.181670112E-1,1.789060818E2,-1.365782980E2,-5.041500083E1,-8.256410873E1
2.110624254E1,2.167452261E-2,7.299771679E-1,-4.401348291E-1,5.224413338E-1,1.775160882E2,-1.366198135E2,-5.142750846E1,-8.386149301E1
2.111626454E1,3.443150964E-2,7.243070049E-1,-4.443875093E-1,5.260356381E-1,1.760536596E2,-1.367646444E2,-5.243145228E1,-8.514404981E1
2.112628654E1,4.744536064E-2,7.188404533E-1,-4.490707196E-1,5.285383601E-1,1.745611203E2,-1.370578974E2,-5.336778856E1,-8.635191242E1
2.113630854E1,6.055020669E-2,7.137557100E-1,-4.538929724E-1,5.299694985E-1,1.730572106E2,-1.375154525E2,-5.424315115E1,-8.742755232E1
2.114633054E1,7.394232566E-2,7.090984305E-1,-4.585121511E-1,5.305454774E-1,1.715190934E2,-1.381496863E2,-5.510730746E1,-8.833949069E1
2.115635254E1,8.756610478E-2,7.048685201E-1,-4.628380720E-1,5.303520865E-1,1.699527955E2,-1.389576588E2,-5.596694594E1,-8.907704082E1
2.116637454E1,1.012084496E-1,7.008451925E-1,-4.670307456E-1,5.295801670E-1,1.683824748E2,-1.398759241E2,-5.680816578E1,-8.970127040E1
2.117639754E1,1.146488688E-1,6.967225774E-1,-4.712945526E-1,5.285025142E-1,1.668332545E2,-1.408106672E2,-5.761905098E1,-9.030672141E1
2.118641954E1,1.277548739E-1,6.922289331E-1,-4.758610267E-1,5.273083887E-1,1.653202515E2,-1.416832965E2,-5.838867832E1,-9.098337711E1
2.119644154E1,1.405415534E-1,6.870090354E-1,-4.808892406E-1,5.263194550E-1,1.638416304E2,-1.423937446E2,-5.913096106E1,-9.184660246E1
2.120646354E1,1.529764121E-1,6.807512715E-1,-4.862397514E-1,5.260672693E-1,1.624010928E2,-1.428071910E2,-5.988365875E1,-9.301049534E1
2.121648554E1,1.652989705E-1,6.732612076E-1,-4.916740606E-1,5.269271493E-1,1.609707946E2,-1.428455593E2,-6.069957587E1,-9.454629481E1
2.122650754E1,1.779482829E-1,6.645679617E-1,-4.969197786E-1,5.289184299E-1,1.594994483E2,-1.425250791E2,-6.162506137E1,-9.644773848E1
2.123652954E1,1.912700482E-1,6.548299903E-1,-5.017811067E-1,5.318168792E-1,1.579461759E2,-1.418983652E2,-6.267920067E1,-9.867505133E1
2.124655154E1,2.051808474E-1,6.443337813E-1,-5.059940636E-1,5.354482727E-1,1.563198282E2,-1.409804194E2,-6.385157146E1,-1.011828989E2
2.125657354E1,2.194019316E-1,6.333763646E-1,-5.095138259E-1,5.395302161E-1,1.546521840E2,-1.397848347E2,-6.509782203E1,-1.039338525E2
2.126659554E1,2.336052510E-1,6.222711231E-1,-5.124269002E-1,5.437149767E-1,1.529811573E2,-1.383471428E2,-6.636063981E1,-1.068774868E2
2.127661754E1,2.476922450E-1,6.112301450E-1,-5.149175471E-1,5.476368252E-1,1.513180139E2,-1.367335609E2,-6.760006090E1,-1.099614479E2
2.128663954E1,2.616446642E-1,6.004937991E-1,-5.170945425E-1,5.509650354E-1,1.496646538E2,-1.350435835E2,-6.879499848E1,-1.130979058E2
2.129666254E1,2.755694983E-1,5.904284310E-1,-5.189293054E-1,5.533244792E-1,1.480080892E2,-1.334543172E2,-6.995090091E1,-1.161165851E2
2.130668454E1,2.897059411E-1,5.815203336E-1,-5.203555785E-1,5.541972035E-1,1.463192961E2,-1.322545850E2,-7.109446991E1,-1.187428499E2
2.131670654E1,3.042696792E-1,5.744162005E-1,-5.212678338E-1,5.529428500E-1,1.445715371E2,-1.318657855E2,-7.226031237E1,-1.205630173E2
2.132672854E1,3.193773119E-1,5.699175644E-1,-5.216319484E-1,5.487187137E-1,1.427494569E2,-1.329199302E2,-7.346452164E1,-1.209529762E2
2.133675054E1,3.347506594E-1,5.689992083E-1,-5.215627195E-1,5.405128593E-1,1.408852472E2,-1.363307436E2,-7.464197807E1,-1.189906305E2
2.134677254E1,3.499019352E-1,5.721382897E-1,-5.215664443E-1,5.274418677E-1,1.390373657E2,-1.429925827E2,-7.558858431E1,-1.138043608E2
2.135679454E1,3.642655811E-1,5.789119811E-1,-5.221709802E-1,5.094202125E-1,1.372752154E2,-1.529160628E2,-7.598604148E1,-1.054089290E2
2.136681654E1,3.775353425E-1,5.879617708E-1,-5.236877426E-1,4.873594614E-1,1.356378012E2,-1.645073934E2,-7.558516235E1,-9.542514720E1
2.137683854E1,3.898417007E-1,5.973140037E-1,-5.260992008E-1,4.630972224E-1,1.341107002E2,-1.753868574E2,-7.445488434E1,-8.625142579E1
2.138686054E1,4.018695381E-1,6.051059708E-1,-5.291481618E-1,4.385769749E-1,1.326097911E2,1.756562222E2,-7.295369320E1,-7.912533903E1
2.139688254E1,4.148364216E-1,6.106059423E-1,-5.319607290E-1,4.148359239E-1,1.309819688E2,1.681745341E2,-7.143371451E1,-7.360750853E1
2.140690554E1,4.303202189E-1,6.140822986E-1,-5.329997331E-1,3.919677458E-1,1.290242325E2,1.610532118E2,-7.007206026E1,-6.856726865E1
2.141692754E1,4.490385168E-1,6.159809062E-1,-5.307190223E-1,3.704986074E-1,1.266359742E2,1.535999534E2,-6.891801847E1,-6.320819831E1
2.142694954E1,4.704378495E-1,6.163704379E-1,-5.247031392E-1,3.513721700E-1,1.238745559E2,1.457731205E2,-6.794613503E1,-5.737251507E1
2.143697154E1,4.932108243E-1,6.153716735E-1,-5.152920535E-1,3.354623037E-1,1.208963218E2,1.378246695E2,-6.709673580E1,-5.119645532E1
2.144699354E1,5.167724036E-1,6.128696785E-1,-5.031212975E-1,3.228095089E-1,1.177680027E2,1.298396200E2,-6.630229949E1,-4.477132775E1
2.145701554E1,5.409218102E-1,6.089639458E-1,-4.884364767E-1,3.130434730E-1,1.145071749E2,1.217935806E2,-6.546065180E1,-3.809128384E1
2.146703754E1,5.652607617E-1,6.042198281E-1,-4.713983445E-1,3.052576119E-1,1.111591979E2,1.138307374E2,-6.439719583E1,-3.130876231E1
2.147705954E1,5.893738378E-1,5.994303551E-1,-4.518749022E-1,2.985478968E-1,1.077748272E2,1.062149423E2,-6.294418376E1,-2.466563398E1
2.148708154E1,6.130148691E-1,5.949433963E-1,-4.299799569E-1,2.921856404E-1,1.043843633E2,9.922771278E1,-6.102557796E1,-1.846142931E1
2.149710354E1,6.354524815E-1,5.910108530E-1,-4.070310716E-1,2.850123522E-1,1.010928955E2,9.330055840E1,-5.867020961E1,-1.321832159E1
2.150712554E1,6.560681488E-1,5.875583939E-1,-3.851502402E-1,2.756974350E-1,9.799861528E1,8.868024004E1,-5.603164508E1,-9.357175991E0
2.151714854E1,6.746334352E-1,5.842720144E-1,-3.661970764E-1,2.634304894E-1,9.514861838E1,8.529037332E1,-5.331458127E1,-6.968313882E0
2.152717054E1,6.912678480E-1,5.808603219E-1,-3.510376874E-1,2.480375542E-1,9.253889200E1,8.286307415E1,-5.066674692E1,-5.875824525E0
2.153719254E1,7.061722802E-1,5.772458503E-1,-3.394285487E-1,2.299914959E-1,9.015134247E1,8.110571735E1,-4.815165582E1,-5.767143864E0
2.154721454E1,7.196135845E-1,5.733270258E-1,-3.305701346E-1,2.101805383E-1,8.795482706E1,7.975357155E1,-4.578843604E1,-6.302747120E0
2.155723654E1,7.318883273E-1,5.690293117E-1,-3.233534140E-1,1.897041874E-1,8.591013267E1,7.859340029E1,-4.356773767E1,-7.160079486E0
2.156725854E1,7.432754153E-1,5.644873987E-1,-3.164540592E-1,1.695657278E-1,8.397763349E1,7.748648680E1,-4.144191822E1,-8.067360538E0
2.157728054E1,7.538809954E-1,5.601894738E-1,-3.086493479E-1,1.502892765E-1,8.214462109E1,7.640339616E1,-3.932738745E1,-8.864727447E0
2.158730254E1,7.636109326E-1,5.566403931E-1,-2.994220330E-1,1.318948746E-1,8.043285552E1,7.539082969E1,-3.716553749E1,-9.527899997E0
2.159732454E1,7.724527935E-1,5.537418384E-1,-2.892721763E-1,1.140532285E-1,7.885067720E1,7.447054788E1,-3.497439382E1,-1.013308452E1
2.160734654E1,7.804562271E-1,5.508557697E-1,-2.795906448E-1,9.630696077E-2,7.739526775E1,7.362880113E1,-3.285528394E1,-1.082034857E1
2.161736854E1,7.874948562E-1,5.473489096E-1,-2.722628146E-1,7.831933910E-2,7.609597129E1,7.286952719E1,-3.096719011E1,-1.175534245E1
2.162739154E1,7.934717429E-1,5.427883571E-1,-2.686655073E-1,6.001787092E-2,7.497770939E1,7.218769844E1,-2.943994236E1,-1.303434526E1
2.163741354E1,7.984145567E-1,5.371148856E-1,-2.689092004E-1,4.158730695E-2,7.404206146E1,7.156796537E1,-2.829922916E1,-1.463493511E1
2.164743554E1,8.024449756E-1,5.305929136E-1,-2.720356536E-1,2.344620753E-2,7.327156256E1,7.099279065E1,-2.748188001E1,-1.643842172E1
2.165745754E1,8.056912101E-1,5.236885644E-1,-2.767185267E-1,6.234193244E-3,7.264587577E1,7.045465828E1,-2.689962810E1,-1.828405542E1
2.166747954E1,8.083045676E-1,5.168477516E-1,-2.818169045E-1,-9.553173271E-3,7.213877539E1,6.995047090E1,-2.646894677E1,-2.004008096E1
2.167750154E1,8.104366502E-1,5.104280701E-1,-2.865234010E-1,-2.366094573E-2,7.172276943E1,6.947990763E1,-2.612070801E1,-2.162217913E1
2.168752354E1,8.121903385E-1,5.046610325E-1,-2.904642156E-1,-3.598110175E-2,7.137902245E1,6.904784254E1,-2.581761924E1,-2.299230364E1
2.169754554E1,8.136472707E-1,4.996115872E-1,-2.936086234E-1,-4.648030318E-2,7.109234831E1,6.865612036E1,-2.555285317E1,-2.414362426E1
2.170756754E1,8.149547503E-1,4.953882095E-1,-2.956852091E-1,-5.485960243E-2,7.083422411E1,6.829454704E1,-2.531449257E1,-2.502364127E1
2.171758954E1,8.163233427E-1,4.921272446E-1,-2.961754402E-1,-6.088550595E-2,7.056315612E1,6.794209251E1,-2.506353604E1,-2.556609977E1
2.172761154E1,8.178598482E-1,4.899927491E-1,-2.946858125E-1,-6.459594590E-2,7.025774671E1,6.759461305E1,-2.475382086E1,-2.574455871E1
2.173763454E1,8.195047133E-1,4.890776989E-1,-2.912092454E-1,-6.642389687E-2,6.992951131E1,6.727101008E1,-2.435077065E1,-2.560492639E1
2.174765654E1,8.211825372E-1,4.893599985E-1,-2.858460590E-1,-6.691773149E-2,6.959330790E1,6.698586971E1,-2.382658949E1,-2.521214948E1
2.175767854E1,8.227685652E-1,4.906465416E-1,-2.790651684E-1,-6.663673845E-2,6.927418835E1,6.675448489E1,-2.319252083E1,-2.465884535E1
2.176770054E1,8.241159157E-1,4.925591550E-1,-2.717777360E-1,-6.599585348E-2,6.900207832E1,6.658851803E1,-2.251584981E1,-2.405277020E1
2.177772254E1,8.251137002E-1,4.946942090E-1,-2.649664891E-1,-6.525170872E-2,6.879995905E1,6.649191006E1,-2.188196295E1,-2.348749691E1
2.178774454E1,8.257185496E-1,4.966949304E-1,-2.594608358E-1,-6.452117739E-2,6.867718204E1,6.645875989E1,-2.136995890E1,-2.302882723E1
2.179776654E1,8.259193793E-1,4.983351277E-1,-2.558437827E-1,-6.374352589E-2,6.863637347E1,6.648278650E1,-2.104379239E1,-2.270781228E1
2.180778854E1,8.257075914E-1,4.995143017E-1,-2.544354984E-1,-6.288916712E-2,6.867940813E1,6.656177807E1,-2.093757424E1,-2.254180530E1
2.181781054E1,8.251228882E-1,5.003036806E-1,-2.550086429E-1,-6.195928121E-2,6.879809543E1,6.669128895E1,-2.102836111E1,-2.251420178E1
2.182783254E1,8.241881975E-1,5.009563456E-1,-2.569438787E-1,-6.112633304E-2,6.898745377E1,6.687578113E1,-2.124132834E1,-2.260047905E1
2.183785454E1,8.229828820E-1,5.017873761E-1,-2.592978012E-1,-6.060708386E-2,6.923096771E1,6.711207708E1,-2.146738667E1,-2.275658448E1
2.184787754E1,8.216755289E-1,5.030298652E-1,-2.611112958E-1,-6.025798152E-2,6.949425190E1,6.737942106E1,-2.162156004E1,-2.289827489E1
2.185789954E1,8.203481560E-1,5.048365109E-1,-2.619490277E-1,-5.959652888E-2,6.976067859E1,6.766938984E1,-2.169130778E1,-2.294640319E1
2.186792154E1,8.190388220E-1,5.071497723E-1,-2.619174281E-1,-5.808573295E-2,7.002261684E1,6.797379634E1,-2.172331121E1,-2.285464638E1
2.187794354E1,8.177955743E-1,5.096921650E-1,-2.614521163E-1,-5.538175973E-2,7.027054553E1,6.827476184E1,-2.178800638E1,-2.261734346E1
2.188796554E1,8.165028040E-1,5.123182403E-1,-2.611494282E-1,-5.151887463E-2,7.052754421E1,6.858564868E1,-2.194215693E1,-2.228296903E1
2.189798754E1,8.151357710E-1,5.151588220E-1,-2.607619617E-1,-4.656514479E-2,7.079842235E1,6.891224922E1,-2.215638709E1,-2.184239646E1
2.190800954E1,8.138196092E-1,5.183784724E-1,-2.594712882E-1,-4.069417308E-2,7.105837165E1,6.923528283E1,-2.234208713E1,-2.125093136E1
2.191803154E1,8.127220631E-1,5.218999997E-1,-2.567953110E-1,-3.405102897E-2,7.127451328E1,6.952085051E1,-2.244918888E1,-2.048165672E1
2.192805354E1,8.118483589E-1,5.255974373E-1,-2.528419577E-1,-2.684240059E-2,7.144616762E1,6.976227181E1,-2.247759095E1,-1.956071435E1
2.193807554E1,8.110702860E-1,5.294794782E-1,-2.478848351E-1,-1.922541139E-2,7.159873313E1,6.998080029E1,-2.244182178E1,-1.852691828E1
2.194809754E1,8.102745956E-1,5.335684811E-1,-2.421422427E-1,-1.126914006E-2,7.175446234E1,7.019551015E1,-2.235708020E1,-1.740641879E1
2.195812054E1,8.095593214E-1,5.377130336E-1,-2.355208885E-1,-2.866112139E-3,7.189420350E1,7.038284508E1,-2.222557138E1,-1.617829938E1
2.196814254E1,8.089909290E-1,5.417181433E-1,-2.281190800E-1,6.066659522E-3,7.200508141E1,7.052302046E1,-2.206544285E1,-1.483843562E1
2.197816454E1,8.084514915E-1,5.455303679E-1,-2.203697497E-1,1.548787101E-2,7.211017461E1,7.063229071E1,-2.191401414E1,-1.342485250E1
2.198818654E1,8.079359934E-1,5.490191470E-1,-2.125513091E-1,2.528494809E-2,7.221048039E1,7.070638668E1,-2.179084960E1,-1.196700000E1
2.199820854E1,8.073926784E-1,5.521888218E-1,-2.048557371E-1,3.519523161E-2,7.231606865E1,7.075610919E1,-2.169507386E1,-1.050492913E1
2.200823054E1,8.067628781E-1,5.551628826E-1,-1.972195606E-1,4.507938408E-2,7.243829817E1,7.079713194E1,-2.160906441E1,-9.049996957E0
2.201825254E1,8.061054294E-1,5.578792048E-1,-1.896609026E-1,5.471402721E-2,7.256570397E1,7.082235495E1,-2.151969336E1,-7.622878456E0
2.202827454E1,8.055058483E-1,5.602127705E-1,-1.822954247E-1,6.395565098E-2,7.268172771E1,7.081783773E1,-2.142836104E1,-6.242178914E0
2.203829654E1,8.049461803E-1,5.621278600E-1,-1.755254397E-1,7.255828638E-2,7.278988404E1,7.079221092E1,-2.135535131E1,-4.960035456E0
2.204831854E1,8.043782094E-1,5.636826994E-1,-1.696232371E-1,8.040754685E-2,7.289950352E1,7.076005286E1,-2.131721556E1,-3.808114009E0
2.205834054E1,8.037840231E-1,5.649279702E-1,-1.647271220E-1,8.747961945E-2,7.301403086E1,7.072888741E1,-2.132448965E1,-2.798963167E0
2.206836254E1,8.030749867E-1,5.659990902E-1,-1.609702363E-1,9.383043302E-2,7.315049313E1,7.071795949E1,-2.139270392E1,-1.939491312E0
2.207838554E1,8.022206911E-1,5.669923018E-1,-1.582686443E-1,9.956314199E-2,7.331462186E1,7.073466737E1,-2.152060673E1,-1.215311273E0
2.208840754E1,8.013088019E-1,5.678478828E-1,-1.564565827E-1,1.047584997E-1,7.348946778E1,7.076243578E1,-2.169797127E1,-6.042828669E-1
2.209842954E1,8.003781573E-1,5.685167533E-1,-1.555806869E-1,1.094451028E-1,7.366754218E1,7.079354657E1,-2.193098644E1,-1.053419760E-1
2.210845154E1,7.994447311E-1,5.689977542E-1,-1.556786151E-1,1.135512595E-1,7.384577851E1,7.082864903E1,-2.221812883E1,2.719721769E-1
2.211847354E1,7.985199871E-1,5.693711121E-1,-1.563351577E-1,1.172254111E-1,7.402199392E1,7.086672758E1,-2.252974564E1,5.699534662E-1
2.212849554E1,7.975663093E-1,5.697841090E-1,-1.570489145E-1,1.207051181E-1,7.420334713E1,7.091388135E1,-2.283418649E1,8.438160156E-1
2.213851754E1,7.965568922E-1,5.703532811E-1,-1.574331041E-1,1.241332585E-1,7.439488734E1,7.097567291E1,-2.310444474E1,1.132136041E0
2.214853954E1,7.954656050E-1,5.711701503E-1,-1.573620656E-1,1.274223353E-1,7.460148931E1,7.106345962E1,-2.332285846E1,1.432664060E0
2.215856154E1,7.943718732E-1,5.721388535E-1,-1.568807486E-1,1.304566766E-1,7.480806463E1,7.116552906E1,-2.348581247E1,1.733651295E0
2.216858354E1,7.933388961E-1,5.731037213E-1,-1.563316173E-1,1.331390285E-1,7.500271890E1,7.126897679E1,-2.361899767E1,2.005275655E0
2.217860554E1,7.923649456E-1,5.739793431E-1,-1.560678834E-1,1.354561990E-1,7.518585632E1,7.137062429E1,-2.375481194E1,2.222959827E0
2.218862854E1,7.914264196E-1,5.747579008E-1,-1.561999506E-1,1.374746958E-1,7.536197374E1,7.147151526E1,-2.390810239E1,2.385278867E0
2.219865054E1,7.905230862E-1,5.754391624E-1,-1.567472696E-1,1.391874173E-1,7.553115678E1,7.157221556E1,-2.408004117E1,2.490026565E0
2.220867254E1,7.896923086E-1,5.759944261E-1,-1.574679596E-1,1.407844246E-1,7.568646691E1,7.165990968E1,-2.426041365E1,2.574493591E0
2.221869454E1,7.889504819E-1,5.764430793E-1,-1.579409737E-1,1.425668570E-1,7.582491942E1,7.172281314E1,-2.442983416E1,2.698707346E0
2.222871654E1,7.882961942E-1,5.768278800E-1,-1.580277119E-1,1.445196048E-1,7.594685586E1,7.176358915E1,-2.457418970E1,2.870257866E0
2.223873854E1,7.876870458E-1,5.772054736E-1,-1.578911139E-1,1.464694444E-1,7.606023068E1,7.179711872E1,-2.469725203E1,3.058368496E0
2.224876054E1,7.871153028E-1,5.775720669E-1,-1.577285114E-1,1.482625189E-1,7.616651328E1,7.182988268E1,-2.480716687E1,3.233484626E0
2.225878254E1,7.865903005E-1,5.778864403E-1,-1.576923916E-1,1.498534149E-1,7.626399645E1,7.186024474E1,-2.491511762E1,3.381203710E0
2.226880454E1,7.861149052E-1,5.781068472E-1,-1.578796289E-1,1.512938888E-1,7.635217750E1,7.188391384E1,-2.503369166E1,3.500797460E0
2.227882654E1,7.856682961E-1,5.782617790E-1,-1.583115498E-1,1.525650588E-1,7.643494042E1,7.190603852E1,-2.516369158E1,3.587855492E0
2.228884854E1,7.852501572E-1,5.783830355E-1,-1.588806587E-1,1.536626892E-1,7.651235867E1,7.192863099E1,-2.529467960E1,3.648845865E0
2.229887054E1,7.848483502E-1,5.785187905E-1,-1.594323188E-1,1.546296011E-1,7.658669063E1,7.195439716E1,-2.541506554E1,3.697798007E0
2.230889354E1,7.845008916E-1,5.786510052E-1,-1.598454001E-1,1.554699250E-1,7.665091925E1,7.197716802E1,-2.551347607E1,3.744777095E0
2.231891554E1,7.842144405E-1,5.787853482E-1,-1.600646691E-1,1.561876226E-1,7.670383624E1,7.199619879E1,-2.558491298E1,3.794111690E0
2.232893754E1,7.839868265E-1,5.789166568E-1,-1.601886862E-1,1.567154908E-1,7.674586207E1,7.201416111E1,-2.563407782E1,3.832040026E0
2.233895954E1,7.838109266E-1,5.790061134E-1,-1.604082502E-1,1.570395790E-1,7.677832626E1,7.203056370E1,-2.567801063E1,3.844285538E0
2.234898154E1,7.836765835E-1,5.790261964E-1,-1.608535527E-1,1.571804970E-1,7.680311288E1,7.204461896E1,-2.573042919E1,3.824088055E0
2.235900354E1,7.835947976E-1,5.789454641E-1,-1.615245095E-1,1.571979669E-1,7.681819928E1,7.205090025E1,-2.579532457E1,3.778396626E0
2.236902554E1,7.836003188E-1,5.786931520E-1,-1.625898343E-1,1.570009304E-1,7.681718090E1,7.204439579E1,-2.588215641E1,3.688091599E0
2.237904754E1,7.836911663E-1,5.782650875E-1,-1.640590945E-1,1.565959202E-1,7.680042265E1,7.202496498E1,-2.599235607E1,3.553182999E0
2.238906954E1,7.838396497E-1,5.777538884E-1,-1.657482137E-1,1.559597135E-1,7.677302591E1,7.200219095E1,-2.610724400E1,3.381847665E0
2.239909154E1,7.840622904E-1,5.771896053E-1,-1.675816227E-1,1.549673028E-1,7.673193084E1,7.198015572E1,-2.621111423E1,3.166341307E0
2.240911354E1,7.842694422E-1,5.766255541E-1,-1.690808283E-1,1.543895116E-1,7.669367801E1,7.194430716E1,-2.631205039E1,3.016622636E0
2.241913654E1,7.845139993E-1,5.759892631E-1,-1.702272647E-1,1.542620385E-1,7.664849709E1,7.188205091E1,-2.641040920E1,2.940399969E0
2.242915854E1,7.848013565E-1,5.752692263E-1,-1.713031052E-1,1.542960088E-1,7.659538021E1,7.180312683E1,-2.651302907E1,2.888485562E0
2.243918054E1,7.850633202E-1,5.745081175E-1,-1.722505031E-1,1.547440509E-1,7.654693003E1,7.170936433E1,-2.663200786E1,2.888698453E0
2.244920254E1,7.853823929E-1,5.736271851E-1,-1.730597015E-1,1.554881746E-1,7.648788245E1,7.158945673E1,-2.675783655E1,2.933187524E0
2.245922454E1,7.858140820E-1,5.725609120E-1,-1.738538746E-1,1.563487079E-1,7.640793259E1,7.143902112E1,-2.688954445E1,2.997476412E0
2.246924654E1,7.860892167E-1,5.718188114E-1,-1.747014266E-1,1.567368804E-1,7.635694000E1,7.134586950E1,-2.699495277E1,2.999320502E0
2.247926854E1,7.862107049E-1,5.713592843E-1,-1.753421852E-1,1.570877739E-1,7.633441455E1,7.129048293E1,-2.707902095E1,3.002741348E0
2.248929054E1,7.863135433E-1,5.708577157E-1,-1.758311940E-1,1.578470073E-1,7.631534264E1,7.121897972E1,-2.717651094E1,3.059790042E0
2.249931254E1,7.864086687E-1,5.703011455E-1,-1.766275797E-1,1.584952679E-1,7.629769752E1,7.114981894E1,-2.729570788E1,3.084830153E0
2.250933454E1,7.864365910E-1,5.698349592E-1,-1.780135789E-1,1.584826028E-1,7.629251747E1,7.112123618E1,-2.742651796E1,2.996302619E0
2.251935654E1,7.865146259E-1,5.693818174E-1,-1.795553738E-1,1.579841110E-1,7.627803912E1,7.110600608E1,-2.753900907E1,2.847071924E0
2.252937854E1,7.866699581E-1,5.688965385E-1,-1.808883943E-1,1.574376560E-1,7.624921232E1,7.108024235E1,-2.762808702E1,2.709982098E0
2.253940154E1,7.868316123E-1,5.684815817E-1,-1.819249328E-1,1.569332636E-1,7.621920246E1,7.105566398E1,-2.769183819E1,2.596829599E0
2.254942354E1,7.870229590E-1,5.681103102E-1,-1.826745145E-1,1.564466361E-1,7.618366747E1,7.102854074E1,-2.772937826E1,2.505553457E0
2.255944554E1,7.872513949E-1,5.677496596E-1,-1.831342945E-1,1.560686631E-1,7.614122621E1,7.099237253E1,-2.774655566E1,2.446723797E0
2.256946754E1,7.874798308E-1,5.673920436E-1,-1.833630255E-1,1.559481232E-1,7.609876489E1,7.094595385E1,-2.775921295E1,2.430993585E0
2.257948954E1,7.876901647E-1,5.670230268E-1,-1.834635668E-1,1.561094402E-1,7.605965056E1,7.089006229E1,-2.777885725E1,2.453538801E0
2.258951154E1,7.879063780E-1,5.666445271E-1,-1.834508595E-1,1.564069970E-1,7.601942506E1,7.082729130E1,-2.779688465E1,2.498658281E0
2.259953354E1,7.881249516E-1,5.663069730E-1,-1.833025447E-1,1.567022778E-1,7.597874209E1,7.076647620E1,-2.780175942E1,2.552301450E0
2.260955554E1,7.883348218E-1,5.660356948E-1,-1.829995300E-1,1.569808052E-1,7.593966164E1,7.071112967E1,-2.779071484E1,2.613464157E0
2.261957754E1,7.885651965E-1,5.657758594E-1,-1.825682413E-1,1.572620090E-1,7.589674335E1,7.065342325E1,-2.776744923E1,2.684140378E0
2.262959954E1,7.888181829E-1,5.654989336E-1,-1.820491818E-1,1.575910705E-1,7.584958877E1,7.058973503E1,-2.773886845E1,2.766836276E0
2.263962154E1,7.890574928E-1,5.651988269E-1,-1.815423448E-1,1.580537586E-1,7.580496047E1,7.052126391E1,-2.772046697E1,2.862781821E0
2.264964354E1,7.892857812E-1,5.648526749E-1,-1.810578668E-1,1.587058336E-1,7.576236671E1,7.044407446E1,-2.771692894E1,2.977688525E0
2.265966654E1,7.895092437E-1,5.644467586E-1,-1.806262409E-1,1.595281186E-1,7.572065363E1,7.035722339E1,-2.772979673E1,3.107915073E0
2.266968854E1,7.897192826E-1,5.640055864E-1,-1.803112143E-1,1.604023496E-1,7.568142850E1,7.026796186E1,-2.775722594E1,3.235960403E0
2.267971054E1,7.899294689E-1,5.635280626E-1,-1.801276226E-1,1.612506392E-1,7.564215851E1,7.017753493E1,-2.779534398E1,3.353011803E0
2.268973254E1,7.901449657E-1,5.630146087E-1,-1.800646763E-1,1.620561920E-1,7.560187834E1,7.008583121E1,-2.784196470E1,3.458205130E0
2.269975454E1,7.903706832E-1,5.624741386E-1,-1.801389180E-1,1.627480957E-1,7.555966817E1,6.999565027E1,-2.789393292E1,3.542870950E0
2.270977654E1,7.906007628E-1,5.619183691E-1,-1.803381251E-1,1.633289214E-1,7.551662160E1,6.990838706E1,-2.795033039E1,3.607737564E0
2.271979854E1,7.908165968E-1,5.613567413E-1,-1.806500750E-1,1.638692019E-1,7.547622131E1,6.982419097E1,-2.801484524E1,3.660452559E0
2.272982054E1,7.909963321E-1,5.607934697E-1,-1.810472879E-1,1.644908468E-1,7.544256402E1,6.974124316E1,-2.809314037E1,3.715211352E0
2.273984254E1,7.911356696E-1,5.602256885E-1,-1.815447683E-1,1.652059945E-1,7.541646284E1,6.965938026E1,-2.818749250E1,3.772271579E0
2.274986454E1,7.912321858E-1,5.596716471E-1,-1.820747017E-1,1.660362032E-1,7.539837856E1,6.957899899E1,-2.829284410E1,3.838195048E0
2.275988654E1,7.913264894E-1,5.591141496E-1,-1.826324520E-1,1.668503328E-1,7.538070531E1,6.949906639E1,-2.839976219E1,3.900764718E0
2.276990854E1,7.914290959E-1,5.585593917E-1,-1.832944315E-1,1.674954113E-1,7.536147202E1,6.942504618E1,-2.850538551E1,3.938550181E0
2.277993158E1,7.915464327E-1,5.579892713E-1,-1.841036931E-1,1.679524518E-1,7.533947244E1,6.935581521E1,-2.861257719E1,3.947065342E0
2.278995358E1,7.916605032E-1,5.574003534E-1,-1.851155125E-1,1.682579111E-1,7.531808004E1,6.929219058E1,-2.872925601E1,3.925981541E0
2.279997558E1,7.917324900E-1,5.568057878E-1,-1.863432080E-1,1.685325399E-1,7.530457720E1,6.923507553E1,-2.886501500E1,3.885992244E0
2.280999758E1,7.917823919E-1,5.561714567E-1,-1.878288212E-1,1.687427684E-1,7.529521571E1,6.918116965E1,-2.902157508E1,3.821847336E0
2.282001958E1,7.917626250E-1,5.555744044E-1,-1.893649053E-1,1.690859702E-1,7.529892405E1,6.913312664E1,-2.919239457E1,3.765998895E0
2.283004158E1,7.916965177E-1,5.550268747E-1,-1.908857743E-1,1.694827617E-1,7.531132492E1,6.909185473E1,-2.936570429E1,3.714755053E0
2.284006358E1,7.916064288E-1,5.545410691E-1,-1.922996536E-1,1.698948525E-1,7.532822162E1,6.905678069E1,-2.952996184E1,3.670581182E0
2.285008558E1,7.915151809E-1,5.541338673E-1,-1.935202895E-1,1.702622466E-1,7.534533242E1,6.902847409E1,-2.967269453E1,3.633127797E0
2.286010758E1,7.913881924E-1,5.538446135E-1,-1.944981385E-1,1.706792054E-1,7.536913976E1,6.900989573E1,-2.979555099E1,3.614134389E0
2.287012958E1,7.912633745E-1,5.536015737E-1,-1.952428101E-1,1.711953989E-1,7.539253394E1,6.898932694E1,-2.990246624E1,3.620946887E0
2.288015158E1,7.911196116E-1,5.534041578E-1,-1.959092361E-1,1.717359322E-1,7.541947126E1,6.897290903E1,-3.000357502E1,3.634282557E0
2.289017458E1,7.909779771E-1,5.532223995E-1,-1.965791392E-1,1.722076608E-1,7.544600176E1,6.896011596E1,-3.010046844E1,3.639677267E0
2.290019658E1,7.908487338E-1,5.531082659E-1,-1.970932464E-1,1.725793328E-1,7.547020427E1,6.895413581E1,-3.017561054E1,3.643749639E0
2.291021858E1,7.907481082E-1,5.530608296E-1,-1.974049435E-1,1.728359860E-1,7.548904315E1,6.895344875E1,-3.022339458E1,3.648516912E0
2.292024058E1,7.906514023E-1,5.530813762E-1,-1.975917594E-1,1.729993683E-1,7.550714444E1,6.896054827E1,-3.025291072E1,3.650289870E0
2.293026258E1,7.905590375E-1,5.531342073E-1,-1.977322980E-1,1.730921546E-1,7.552442972E1,6.897219009E1,-3.027325154E1,3.646951819E0
2.294028458E1,7.904704869E-1,5.531922224E-1,-1.978154748E-1,1.732159399E-1,7.554099803E1,6.898221578E1,-3.029007204E1,3.650907301E0
2.295030658E1,7.903744553E-1,5.532489942E-1,-1.978685377E-1,1.734121124E-1,7.555896259E1,6.898992184E1,-3.030882675E1,3.664618268E0
2.296032858E1,7.902637566E-1,5.533104022E-1,-1.978513840E-1,1.737402045E-1,7.557966641E1,6.899394868E1,-3.032963180E1,3.696983556E0
2.297035058E1,7.901263579E-1,5.534024298E-1,-1.977642453E-1,1.741704396E-1,7.560535719E1,6.899881376E1,-3.035061670E1,3.743830986E0
2.298037258E1,7.900006339E-1,5.534987775E-1,-1.975846998E-1,1.746378902E-1,7.562885854E1,6.900063922E1,-3.036506664E1,3.801312829E0
2.299039458E1,7.899057192E-1,5.535756744E-1,-1.973758832E-1,1.750592744E-1,7.564659665E1,6.899913620E1,-3.037343378E1,3.857106521E0
2.300041658E1,7.898286115E-1,5.536220781E-1,-1.972327947E-1,1.754211262E-1,7.566100429E1,6.899601312E1,-3.038408903E1,3.903110019E0
2.301043858E1,7.897508716E-1,5.536420979E-1,-1.971931345E-1,1.757524215E-1,7.567552769E1,6.899274591E1,-3.040272457E1,3.939281542E0
2.302046158E1,7.896925404E-1,5.536234900E-1,-1.972084549E-1,1.760558788E-1,7.568642361E1,6.898572165E1,-3.042469256E1,3.970084749E0
2.303048358E1,7.896548190E-1,5.535706800E-1,-1.972307505E-1,1.763660375E-1,7.569346903E1,6.897347151E1,-3.044762752E1,4.002512424E0
2.304050558E1,7.896318489E-1,5.534895684E-1,-1.972648263E-1,1.766846255E-1,7.569775899E1,6.895704916E1,-3.047214242E1,4.036129794E0
2.305052758E1,7.896418799E-1,5.533821993E-1,-1.972394328E-1,1.770042672E-1,7.569588560E1,6.893447635E1,-3.049073683E1,4.075484537E0
2.306054958E1,7.897006326E-1,5.532445266E-1,-1.971630838E-1,1.772573169E-1,7.568491212E1,6.890644961E1,-3.049963704E1,4.113141815E0
2.307057158E1,7.897966431E-1,5.530732840E-1,-1.970631536E-1,1.774747946E-1,7.566697692E1,6.887291834E1,-3.050361793E1,4.150355658E0
2.308059358E1,7.899068993E-1,5.528772169E-1,-1.969126893E-1,1.777618990E-1,7.564637612E1,6.883273049E1,-3.050718385E1,4.199607649E0
2.309061558E1,7.900222552E-1,5.526494764E-1,-1.967014283E-1,1.781904903E-1,7.562481735E1,6.878336253E1,-3.051412574E1,4.269357920E0
2.310063758E1,7.901324692E-1,5.523974171E-1,-1.964236173E-1,1.787891019E-1,7.560421466E1,6.872534324E1,-3.052582215E1,4.362679615E0
2.311065958E1,7.902364244E-1,5.521531551E-1,-1.960681297E-1,1.794730399E-1,7.558477758E1,6.866464552E1,-3.053559593E1,4.470313830E0
2.312068158E1,7.903555946E-1,5.519099467E-1,-1.956736563E-1,1.801253256E-1,7.556249043E1,6.860334628E1,-3.053931386E1,4.577566653E0
2.313070458E1,7.905887088E-1,5.514555194E-1,-1.955562352E-1,1.806213519E-1,7.551887735E1,6.852065174E1,-3.055853653E1,4.656952652E0
2.314072658E1,7.907769367E-1,5.509194536E-1,-1.962972189E-1,1.806294441E-1,7.548364637E1,6.846118894E1,-3.062914416E1,4.625215994E0
2.315074858E1,7.907917091E-1,5.507741945E-1,-1.970909494E-1,1.801429641E-1,7.548088078E1,6.847250899E1,-3.067395288E1,4.521682296E0
2.316077058E1,7.907777164E-1,5.507980812E-1,-1.972858049E-1,1.799178156E-1,7.548350040E1,6.848629723E1,-3.067816595E1,4.482774048E0
2.317079258E1,7.907229676E-1,5.507870282E-1,-1.972021118E-1,1.802831867E-1,7.549374929E1,6.847600838E1,-3.069445893E1,4.527288522E0
2.318081458E1,7.906503697E-1,5.506984461E-1,-1.971661921E-1,1.809106900E-1,7.550733771E1,6.845103481E1,-3.073269634E1,4.598671020E0
2.319083658E1,7.905786147E-1,5.505460220E-1,-1.974045958E-1,1.814277686E-1,7.552076630E1,6.842692544E1,-3.079022917E1,4.640853574E0
2.320085858E1,7.905656756E-1,5.502714774E-1,-1.980410975E-1,1.816231193E-1,7.552318757E1,6.840208267E1,-3.086473555E1,4.625182723E0
2.321088058E1,7.906213094E-1,5.499072443E-1,-1.988906936E-1,1.815553471E-1,7.551277643E1,6.837461343E1,-3.094210248E1,4.570149766E0
2.322090258E1,7.907210499E-1,5.495433906E-1,-1.996248496E-1,1.814172530E-1,7.549410826E1,6.834457544E1,-3.100336702E1,4.516471660E0
2.323092458E1,7.908517684E-1,5.492269837E-1,-1.999691577E-1,1.814264621E-1,7.546963608E1,6.830648570E1,-3.103626706E1,4.505297784E0
2.324094658E1,7.909774081E-1,5.489840703E-1,-1.998696701E-1,1.817234709E-1,7.544610833E1,6.826025862E1,-3.104501572E1,4.554135961E0
2.325096858E1,7.910814476E-1,5.487964536E-1,-1.994672309E-1,1.822783552E-1,7.542662079E1,6.820832331E1,-3.104138534E1,4.650062428E0
2.326099158E1,7.911677855E-1,5.486326499E-1,-1.989260022E-1,1.829868227E-1,7.541044568E1,6.815304458E1,-3.103441073E1,4.771276956E0
2.327101358E1,7.912451460E-1,5.484564444E-1,-1.984207773E-1,1.837277854E-1,7.539594993E1,6.809658821E1,-3.103304328E1,4.893686026E0
2.328103558E1,7.913055003E-1,5.482538867E-1,-1.981875367E-1,1.843230674E-1,7.538463915E1,6.804744562E1,-3.104863260E1,4.981781425E0
2.329105758E1,7.913591743E-1,5.480081179E-1,-1.982573003E-1,1.847480130E-1,7.537457908E1,6.800432785E1,-3.108253451E1,5.031466115E0
2.330107958E1,7.914155036E-1,5.477280942E-1,-1.984478040E-1,1.851320341E-1,7.536402010E1,6.796047555E1,-3.112543326E1,5.069424482E0
2.331110158E1,7.914693251E-1,5.474526330E-1,-1.986331553E-1,1.855177199E-1,7.535393003E1,6.791711320E1,-3.116794804E1,5.107793570E0
2.332112358E1,7.915217768E-1,5.472035556E-1,-1.987658231E-1,1.858861465E-1,7.534409565E1,6.787639784E1,-3.120422452E1,5.147181779E0
2.333114558E1,7.915715944E-1,5.469797032E-1,-1.988514338E-1,1.862411916E-1,7.533475415E1,6.783828098E1,-3.123507850E1,5.187617215E0
2.334116758E1,7.916281133E-1,5.467745323E-1,-1.989115352E-1,1.865388748E-1,7.532415485E1,6.780317887E1,-3.125965671E1,5.223177581E0
2.335118958E1,7.916778466E-1,5.466054708E-1,-1.989499416E-1,1.867823150E-1,7.531482705E1,6.777390972E1,-3.127867094E1,5.253132585E0
2.336121158E1,7.917219111E-1,5.464574721E-1,-1.990245204E-1,1.869487318E-1,7.530656164E1,6.775040302E1,-3.129625158E1,5.271444297E0
2.337123358E1,7.917566823E-1,5.463159535E-1,-1.991240607E-1,1.871088477E-1,7.530003890E1,6.772883418E1,-3.131593340E1,5.286970085E0
2.338125658E1,7.917822444E-1,5.461581030E-1,-1.993045019E-1,1.872697433E-1,7.529524338E1,6.770735631E1,-3.134360897E1,5.297295668E0
2.339127858E1,7.917947620E-1,5.459816026E-1,-1.995200304E-1,1.875020989E-1,7.529289495E1,6.768290901E1,-3.137943412E1,5.313316162E0
2.340130058E1,7.918281844E-1,5.457724805E-1,-1.997117880E-1,1.877653902E-1,7.528662424E1,6.765203170E1,-3.141474068E1,5.335793972E0
2.341132258E1,7.918856727E-1,5.455522210E-1,-1.997888324E-1,1.880809015E-1,7.527583727E1,6.761473144E1,-3.144203746E1,5.372777261E0
2.342134458E1,7.919738018E-1,5.453306866E-1,-1.997209023E-1,1.884235976E-1,7.525929839E1,6.757197867E1,-3.145668202E1,5.423448578E0
2.343136658E1,7.920920658E-1,5.451113018E-1,-1.994774304E-1,1.888185135E-1,7.523709930E1,6.752291711E1,-3.145731387E1,5.492527974E0
2.344138858E1,7.922318037E-1,5.449003779E-1,-1.991218164E-1,1.892165694E-1,7.521086221E1,6.747149697E1,-3.144700025E1,5.569865506E0
2.345141058E1,7.923818676E-1,5.447036153E-1,-1.987276802E-1,1.895685588E-1,7.518267764E1,6.742187380E1,-3.142981876E1,5.644566487E0
2.346143258E1,7.925444701E-1,5.445106460E-1,-1.982774043E-1,1.899145845E-1,7.515212792E1,6.737120066E1,-3.140662661E1,5.722582580E0
2.347145458E1,7.927091379E-1,5.443248837E-1,-1.978189098E-1,1.902375558E-1,7.512117940E1,6.732186475E1,-3.138108260E1,5.798416430E0
2.348147658E1,7.928747539E-1,5.441425459E-1,-1.974048697E-1,1.904987187E-1,7.509004168E1,6.727562266E1,-3.135583845E1,5.864289912E0
2.349149858E1,7.930381994E-1,5.439623787E-1,-1.970700868E-1,1.906798659E-1,7.505930126E1,6.723368154E1,-3.133316110E1,5.915803083E0
2.350152158E1,7.931986946E-1,5.437790293E-1,-1.968881072E-1,1.907232771E-1,7.502910526E1,6.719848762E1,-3.131651740E1,5.941741559E0
2.351154358E1,7.933467143E-1,5.435931091E-1,-1.968966735E-1,1.906285310E-1,7.500124725E1,6.717131029E1,-3.130967371E1,5.939287447E0
2.352156558E1,7.934663060E-1,5.434186000E-1,-1.971039728E-1,1.904141089E-1,7.497873308E1,6.715427688E1,-3.131480340E1,5.909185609E0
2.353158758E1,7.935635177E-1,5.432466514E-1,-1.974563099E-1,1.901342328E-1,7.496042788E1,6.714339178E1,-3.133009284E1,5.861448979E0
2.354160958E1,7.936544917E-1,5.430628279E-1,-1.979349928E-1,1.897815269E-1,7.494329381E1,6.713596987E1,-3.135308673E1,5.797294694E0
2.355163158E1,7.937341914E-1,5.428920278E-1,-1.984311665E-1,1.894186004E-1,7.492828040E1,6.713138525E1,-3.137726485E1,5.730192825E0
2.356165358E1,7.937989078E-1,5.427517526E-1,-1.987790572E-1,1.891842007E-1,7.491608756E1,6.712465745E1,-3.139541391E1,5.686135678E0
2.357167558E1,7.938491680E-1,5.426572804E-1,-1.988752152E-1,1.891434657E-1,7.490661718E1,6.711368643E1,-3.140163614E1,5.678927194E0
2.358169758E1,7.939006714E-1,5.425822590E-1,-1.987414411E-1,1.892831404E-1,7.489691147E1,6.709525955E1,-3.139702252E1,5.706727123E0
2.359171958E1,7.939324501E-1,5.425425567E-1,-1.985336571E-1,1.894815678E-1,7.489092230E1,6.707897574E1,-3.138916792E1,5.744586334E0
2.360174158E1,7.939526595E-1,5.424885139E-1,-1.985055136E-1,1.895810554E-1,7.488711333E1,6.706792021E1,-3.139257739E1,5.759477075E0
2.361176358E1,7.938904297E-1,5.425102722E-1,-1.988919896E-1,1.893739668E-1,7.489884158E1,6.708729186E1,-3.141758252E1,5.708359788E0
2.362178558E1,7.937675295E-1,5.426653094E-1,-1.993444571E-1,1.889690199E-1,7.492199957E1,6.713308502E1,-3.143696345E1,5.625719001E0
2.363180858E1,7.936811495E-1,5.428173120E-1,-1.995844202E-1,1.886417707E-1,7.493827243E1,6.717024312E1,-3.144023009E1,5.566993353E0
2.364183058E1,7.936356731E-1,5.429237223E-1,-1.996471874E-1,1.884604971E-1,7.494683838E1,6.719202915E1,-3.143517930E1,5.538658053E0
2.365185258E1,"","","","","","","",""