"Time (s)","w","x","y","z","Direct (°)","Yaw (°)","Pitch (°)","Roll (°)"
4.119249992E-3,8.637816635E-1,4.303864632E-1,-4.588143861E-2,-2.579603342E-1,6.051224604E1,5.081709116E1,8.208871222E0,-2.935099434E1
1.414225018E-2,8.636813330E-1,4.305896743E-1,-4.706110783E-2,-2.577444791E-1,6.053505978E1,5.087381100E1,8.086769839E0,-2.938166573E1
2.416625014E-2,8.636241818E-1,4.308473601E-1,-4.794480080E-2,-2.573421453E-1,6.054805165E1,5.093094946E1,7.986385356E0,-2.937775908E1
3.418925009E-2,8.636589108E-1,4.313030518E-1,-4.783458679E-2,-2.564815067E-1,6.054015719E1,5.099001645E1,7.967824679E0,-2.927542353E1
4.421225004E-2,8.638454949E-1,4.322354033E-1,-4.552955457E-2,-2.546970513E-1,6.049772764E1,5.105862938E1,8.135647512E0,-2.896469289E1
5.423524999E-2,8.640534686E-1,4.336277034E-1,-4.158319763E-2,-2.522885907E-1,6.045040230E1,5.114994229E1,8.449545653E0,-2.850431102E1
6.425825018E-2,8.641403754E-1,4.349969913E-1,-3.792276491E-2,-2.502019002E-1,6.043061632E1,5.124693792E1,8.750555172E0,-2.809227061E1
7.428225013E-2,8.641442529E-1,4.359532401E-1,-3.548526515E-2,-2.488783206E-1,6.042973339E1,5.131852661E1,8.955647098E0,-2.782441998E1
8.430525009E-2,8.641614488E-1,4.364362219E-1,-3.430584881E-2,-2.481363674E-1,6.042581767E1,5.135691601E1,9.050202330E0,-2.768356747E1
9.432825004E-2,8.642251748E-1,4.364893901E-1,-3.425230124E-2,-2.478277682E-1,6.041130446E1,5.136440553E1,9.041219353E0,-2.764712589E1
1.043512500E-1,8.643164227E-1,4.362358979E-1,-3.502537981E-2,-2.478478723E-1,6.039051781E1,5.135015518E1,8.957063047E0,-2.768841800E1
1.143742502E-1,8.644322212E-1,4.358135443E-1,-3.628321036E-2,-2.480062812E-1,6.036412912E1,5.132513311E1,8.826346518E0,-2.776926289E1
1.243982501E-1,8.645614645E-1,4.353683893E-1,-3.759970932E-2,-2.481413829E-1,6.033466420E1,5.129905904E1,8.687856352E0,-2.785053806E1
1.344212501E-1,8.646671056E-1,4.350801892E-1,-3.865131534E-2,-2.481170010E-1,6.031057044E1,5.128773864E1,8.572487500E0,-2.790051984E1
1.444442500E-1,8.647359525E-1,4.350004052E-1,-3.942011600E-2,-2.478961726E-1,6.029486371E1,5.129725144E1,8.481721508E0,-2.791395899E1
1.544672500E-1,8.647599972E-1,4.350947930E-1,-3.995843662E-2,-2.475599882E-1,6.028937726E1,5.132390102E1,8.413447426E0,-2.790245141E1
1.644902502E-1,8.647405043E-1,4.353253152E-1,-4.034785243E-2,-2.471592771E-1,6.029382512E1,5.136449377E1,8.360937307E0,-2.787573435E1
1.745142501E-1,8.646260335E-1,4.356313013E-1,-4.084556456E-2,-2.469387647E-1,6.031993887E1,5.141602703E1,8.309266378E0,-2.787306832E1
1.845372501E-1,8.644677089E-1,4.359271722E-1,-4.162140375E-2,-2.468415952E-1,6.035603993E1,5.147218886E1,8.235907245E0,-2.789718883E1
1.945602500E-1,8.642849390E-1,4.360683431E-1,-4.299507491E-2,-2.469964638E-1,6.039769066E1,5.152184119E1,8.111195952E0,-2.797858243E1
2.045832502E-1,8.641126427E-1,4.359132005E-1,-4.516487897E-2,-2.474856201E-1,6.043693081E1,5.155202518E1,7.915321372E0,-2.813688954E1
2.146062502E-1,8.639703760E-1,4.353899053E-1,-4.829150078E-2,-2.483118459E-1,6.046931440E1,5.155873432E1,7.630272769E0,-2.838072143E1
2.246302501E-1,8.638654304E-1,4.344991106E-1,-5.244825478E-2,-2.493917324E-1,6.049319269E1,5.154616037E1,7.244543925E0,-2.870456828E1
2.346532501E-1,8.638098598E-1,4.332836376E-1,-5.742073997E-2,-2.506006094E-1,6.050583322E1,5.151710812E1,6.774445541E0,-2.908425846E1
2.446762500E-1,8.637338690E-1,4.317706500E-1,-6.296393563E-2,-2.521377471E-1,6.052311481E1,5.146970524E1,6.255551503E0,-2.952915751E1
2.546992502E-1,8.636065223E-1,4.298774768E-1,-6.905818027E-2,-2.542047761E-1,6.055206559E1,5.139447123E1,5.697459320E0,-3.006045150E1
2.647222502E-1,8.634203807E-1,4.274551710E-1,-7.566465662E-2,-2.570256857E-1,6.059436018E1,5.127371846E1,5.110285674E0,-3.070102829E1
2.747462501E-1,8.631632428E-1,4.244060994E-1,-8.288613980E-2,-2.606887948E-1,6.065274247E1,5.110162350E1,4.484378727E0,-3.146560968E1
2.847692501E-1,8.628274378E-1,4.205847289E-1,-9.107468241E-2,-2.652220044E-1,6.072890938E1,5.087600118E1,3.780435362E0,-3.237484258E1
2.947922500E-1,8.623446035E-1,4.158896227E-1,-1.006348837E-1,-2.706846574E-1,6.083827411E1,5.060508652E1,2.956971536E0,-3.345534634E1
3.048152502E-1,8.616513511E-1,4.103393780E-1,-1.116499731E-1,-2.769709653E-1,6.099498963E1,5.030499266E1,1.999884779E0,-3.470005517E1
3.148382502E-1,8.607788481E-1,4.039967725E-1,-1.238065256E-1,-2.837575983E-1,6.119171061E1,4.998405350E1,9.244634466E-1,-3.605889664E1
3.248622501E-1,8.597087817E-1,3.969487236E-1,-1.369924621E-1,-2.908014747E-1,6.143219873E1,4.965890258E1,-2.681851671E-1,-3.750089409E1
3.348852501E-1,8.584841840E-1,3.894418852E-1,-1.507088379E-1,-2.977024100E-1,6.170637836E1,4.934677540E1,-1.540681925E0,-3.895851985E1
3.449082500E-1,8.573110054E-1,3.818181946E-1,-1.643415732E-1,-3.036849655E-1,6.196801951E1,4.906298350E1,-2.859030381E0,-4.031635645E1
3.549312502E-1,8.565246084E-1,3.743793391E-1,-1.767762633E-1,-3.081490122E-1,6.214284539E1,4.878432830E1,-4.134451943E0,-4.144951542E1
3.649542502E-1,8.561927652E-1,3.674181759E-1,-1.874236741E-1,-3.111433561E-1,6.221648560E1,4.850298475E1,-5.296061362E0,-4.232985470E1
3.749782501E-1,8.562812736E-1,3.611654908E-1,-1.960238966E-1,-3.129162211E-1,6.219685214E1,4.821882214E1,-6.296529357E0,-4.296835891E1
3.850012501E-1,8.566321882E-1,3.557309760E-1,-2.025137684E-1,-3.140460095E-1,6.211895520E1,4.793147604E1,-7.095748241E0,-4.342380546E1
3.950242500E-1,8.571655777E-1,3.512105316E-1,-2.064213555E-1,-3.151325764E-1,6.200038335E1,4.762133486E1,-7.615168577E0,-4.373576201E1
4.050472502E-1,8.582064995E-1,3.478270037E-1,-2.071955299E-1,-3.155442036E-1,6.176839750E1,4.727438207E1,-7.823592108E0,-4.380319924E1
4.150702502E-1,8.598853770E-1,3.455637284E-1,-2.056715736E-1,-3.144551290E-1,6.139256906E1,4.692533390E1,-7.838390528E0,-4.358081949E1
4.250941251E-1,8.618330461E-1,3.440147053E-1,-2.025054181E-1,-3.128725359E-1,6.095395116E1,4.656974389E1,-7.688438516E0,-4.321779154E1
4.351171250E-1,8.632610867E-1,3.428606877E-1,-1.979369895E-1,-3.131259017E-1,6.063053334E1,4.620011611E1,-7.297739625E0,-4.299009873E1
4.451401250E-1,8.641025907E-1,3.415707360E-1,-1.929231214E-1,-3.153360824E-1,6.043921943E1,4.580602993E1,-6.776205229E0,-4.296252969E1
4.551631252E-1,8.647507039E-1,3.396810188E-1,-1.887770726E-1,-3.180979865E-1,6.029149785E1,4.539206369E1,-6.337597030E0,-4.304481892E1
4.651861251E-1,8.653908091E-1,3.366734987E-1,-1.865902465E-1,-3.208330009E-1,6.014527891E1,4.494975186E1,-6.137510939E0,-4.322438788E1
4.752101251E-1,8.659700333E-1,3.321796437E-1,-1.868218329E-1,-3.238055759E-1,6.001268877E1,4.446181016E1,-6.225452466E0,-4.355035066E1
4.852331250E-1,8.663375327E-1,3.261400530E-1,-1.892644430E-1,-3.275225276E-1,5.992842660E1,4.391711362E1,-6.563099067E0,-4.406718898E1
4.952561250E-1,8.664566608E-1,3.187579535E-1,-1.933529771E-1,-3.320556529E-1,5.990108923E1,4.331657055E1,-7.086819191E0,-4.475430448E1
5.052791252E-1,8.660487636E-1,3.100845166E-1,-1.989638974E-1,-3.379653997E-1,5.999464611E1,4.267117753E1,-7.760308358E0,-4.567037620E1
5.153021251E-1,8.652097673E-1,3.001997899E-1,-2.058275381E-1,-3.448582850E-1,6.018666685E1,4.198320900E1,-8.575655942E0,-4.675850875E1
5.253261251E-1,8.640164636E-1,2.890180545E-1,-2.137250224E-1,-3.525132907E-1,6.045882539E1,4.123977963E1,-9.529678378E0,-4.798315621E1
5.353491250E-1,8.625229057E-1,2.765565696E-1,-2.223774859E-1,-3.607199986E-1,6.079790835E1,4.043536720E1,-1.060822078E1,-4.930727890E1
5.453721250E-1,8.607978985E-1,2.629919383E-1,-2.314181588E-1,-3.691990383E-1,6.118742147E1,3.957369774E1,-1.178359589E1,-5.068165963E1
5.553951252E-1,8.588315372E-1,2.484875798E-1,-2.406040065E-1,-3.778517442E-1,6.162871995E1,3.866262848E1,-1.303191040E1,-5.208423465E1
5.654181251E-1,8.566700361E-1,2.332241849E-1,-2.497985502E-1,-3.864242024E-1,6.211054838E1,3.771387142E1,-1.434399033E1,-5.347981274E1
5.754421251E-1,8.542707425E-1,2.173040841E-1,-2.589395412E-1,-3.949062136E-1,6.264147460E1,3.673623311E1,-1.571065583E1,-5.486544542E1
5.854651250E-1,8.517135035E-1,2.008824246E-1,-2.678552262E-1,-4.030928385E-1,6.320293711E1,3.573218045E1,-1.711696349E1,-5.620833240E1
5.954881250E-1,8.489815659E-1,1.840989200E-1,-2.764217391E-1,-4.110096814E-1,6.379785788E1,3.470680581E1,-1.854328821E1,-5.750579394E1
6.055111252E-1,8.461525219E-1,1.671561872E-1,-2.844878399E-1,-4.185110407E-1,6.440873975E1,3.366476825E1,-1.996992149E1,-5.873218260E1
6.155341251E-1,8.431875543E-1,1.501488432E-1,-2.920001732E-1,-4.257065404E-1,6.504347163E1,3.260966944E1,-2.138193035E1,-5.989804555E1
6.255581251E-1,8.401432453E-1,1.331324325E-1,-2.989061872E-1,-4.325391767E-1,6.568950188E1,3.153715344E1,-2.277280843E1,-6.099199408E1
6.355811250E-1,8.369260288E-1,1.160344781E-1,-3.053746221E-1,-4.391324401E-1,6.636614930E1,3.045143177E1,-2.415728588E1,-6.203838128E1
6.456041250E-1,8.335322381E-1,9.881545690E-2,-3.116027989E-1,-4.453799096E-1,6.707337458E1,2.935849470E1,-2.555905194E1,-6.303439733E1
6.556271252E-1,8.299238568E-1,8.136267874E-2,-3.177661222E-1,-4.512550327E-1,6.781816590E1,2.825812100E1,-2.700142983E1,-6.398564573E1
6.656501251E-1,8.261911422E-1,6.367838794E-2,-3.238751604E-1,-4.565722159E-1,6.858111738E1,2.714324133E1,-2.849082411E1,-6.486635885E1
6.756741251E-1,8.223813411E-1,4.578332075E-2,-3.298910962E-1,-4.612643192E-1,6.935221895E1,2.600635424E1,-3.002356480E1,-6.566246165E1
6.856971250E-1,8.186212837E-1,2.772448144E-2,-3.358338123E-1,-4.650874282E-1,7.010596766E1,2.483961566E1,-3.160449992E1,-6.633779998E1
6.957201250E-1,8.148272877E-1,9.357264182E-3,-3.419177521E-1,-4.680396674E-1,7.085942387E1,2.364081195E1,-3.326065141E1,-6.690028643E1
7.057431252E-1,8.108735234E-1,-9.347001425E-3,-3.482749087E-1,-4.702140760E-1,7.163726997E1,2.241678434E1,-3.500192713E1,-6.736834486E1
7.157661251E-1,8.067211000E-1,-2.817915111E-2,-3.547747852E-1,-4.717432796E-1,7.244640002E1,2.117605871E1,-3.679797230E1,-6.775135676E1
7.257901251E-1,8.025856407E-1,-4.673619777E-2,-3.611241658E-1,-4.725054737E-1,7.324454582E1,1.991717337E1,-3.859653689E1,-6.800957013E1
7.358131250E-1,7.985691408E-1,-6.477385829E-2,-3.669643808E-1,-4.726826486E-1,7.401263643E1,1.862760737E1,-4.034043250E1,-6.813881532E1
7.458361250E-1,7.947659673E-1,-8.207496048E-2,-3.721153263E-1,-4.723780217E-1,7.473368749E1,1.730628959E1,-4.199224454E1,-6.813649996E1
7.558591252E-1,7.911367970E-1,-9.857344969E-2,-3.765715337E-1,-4.717835720E-1,7.541625161E1,1.596215780E1,-4.353913433E1,-6.802774980E1
7.658821251E-1,7.877634159E-1,-1.141819977E-1,-3.803002127E-1,-4.709173173E-1,7.604602453E1,1.459532459E1,-4.496816207E1,-6.780918250E1
7.759061251E-1,7.847472505E-1,-1.288946090E-1,-3.830961608E-1,-4.698884811E-1,7.660538388E1,1.318522938E1,-4.625294475E1,-6.747596674E1
7.859291250E-1,7.822844942E-1,-1.425805653E-1,-3.847549027E-1,-4.686847987E-1,7.705955988E1,1.171855574E1,-4.736016213E1,-6.700734982E1
7.959521252E-1,7.803978221E-1,-1.551075991E-1,-3.852036192E-1,-4.674815167E-1,7.740597187E1,1.021569341E1,-4.826606086E1,-6.643220441E1
8.059751252E-1,7.791856472E-1,-1.663237500E-1,-3.844610444E-1,-4.662572667E-1,7.762785124E1,8.700207521E0,-4.895834105E1,-6.575893688E1
8.159981251E-1,7.786010282E-1,-1.763190648E-1,-3.825383684E-1,-4.651412603E-1,7.773467054E1,7.182752433E0,-4.943917434E1,-6.501881936E1
8.260211251E-1,7.786665244E-1,-1.851848967E-1,-3.795556464E-1,-4.640284992E-1,7.772270948E1,5.668781581E0,-4.972555121E1,-6.421228669E1
8.360451250E-1,7.792660001E-1,-1.930903600E-1,-3.756622681E-1,-4.629670097E-1,7.761315978E1,4.170600247E0,-4.984214488E1,-6.336810812E1
8.460681252E-1,7.803067323E-1,-2.001572486E-1,-3.710512343E-1,-4.619303237E-1,7.742266379E1,2.703275504E0,-4.981677368E1,-6.250533536E1
8.560911252E-1,7.815484206E-1,-2.065069084E-1,-3.660368288E-1,-4.610357568E-1,7.719486646E1,1.303999151E0,-4.969086056E1,-6.167655172E1
8.661141251E-1,7.829003861E-1,-2.123195014E-1,-3.608198550E-1,-4.602134929E-1,7.694619100E1,-3.014572548E-2,-4.949917431E1,-6.088280948E1
8.761371251E-1,7.842962581E-1,-2.177426418E-1,-3.555168331E-1,-4.594294245E-1,7.668872498E1,-1.306570080E0,-4.926499531E1,-6.012320776E1
8.861611250E-1,7.857842737E-1,-2.228415517E-1,-3.502141011E-1,-4.585135946E-1,7.641345545E1,-2.538414751E0,-4.900241462E1,-5.937100108E1
8.961841252E-1,7.873811124E-1,-2.277059250E-1,-3.449903838E-1,-4.573430291E-1,7.611711699E1,-3.739594375E0,-4.872545314E1,-5.860563106E1
9.062071252E-1,7.890807789E-1,-2.323684306E-1,-3.399816418E-1,-4.558168390E-1,7.580061670E1,-4.910559143E0,-4.845031563E1,-5.781566926E1
9.162301251E-1,7.907575386E-1,-2.369577694E-1,-3.354903366E-1,-4.538720254E-1,7.548727779E1,-6.048869153E0,-4.821754173E1,-5.700025299E1
9.262531251E-1,7.921417781E-1,-2.417875295E-1,-3.318179289E-1,-4.516049780E-1,7.522776626E1,-7.167551501E0,-4.808001792E1,-5.617492742E1
9.362771250E-1,7.930986801E-1,-2.468849538E-1,-3.290264852E-1,-4.492036192E-1,7.504792347E1,-8.257135701E0,-4.804791751E1,-5.536805183E1
9.463001252E-1,7.937851996E-1,-2.520061515E-1,-3.270616228E-1,-4.465742986E-1,7.491867039E1,-9.303366391E0,-4.810006396E1,-5.456401031E1
9.563231252E-1,7.943888584E-1,-2.570730008E-1,-3.256932016E-1,-4.436030827E-1,7.480486033E1,-1.032694229E1,-4.820471541E1,-5.372977313E1
9.663461251E-1,7.950093021E-1,-2.621754405E-1,-3.247353143E-1,-4.401946249E-1,7.468773147E1,-1.136453397E1,-4.834424209E1,-5.283221190E1
9.763691251E-1,7.957847198E-1,-2.673229168E-1,-3.240006131E-1,-4.362211043E-1,7.454112529E1,-1.244320991E1,-4.849460028E1,-5.183783766E1
9.863931250E-1,7.966604892E-1,-2.724731932E-1,-3.234471670E-1,-4.318244716E-1,7.437524892E1,-1.355013498E1,-4.864899873E1,-5.077132125E1
9.964161252E-1,7.974749138E-1,-2.775291160E-1,-3.232121272E-1,-4.272531611E-1,7.422070713E1,-1.464430697E1,-4.882110705E1,-4.968596245E1
1.006439125E0,7.981574399E-1,-2.822871145E-1,-3.232577736E-1,-4.228038869E-1,7.409098139E1,-1.567685683E1,-4.900137921E1,-4.864248929E1
1.016462125E0,7.988730302E-1,-2.865534385E-1,-3.231436307E-1,-4.186492824E-1,7.395476196E1,-1.663153536E1,-4.913315747E1,-4.766830584E1
1.026485125E0,7.997584301E-1,-2.902296104E-1,-3.223296512E-1,-4.150382458E-1,7.378591937E1,-1.750035007E1,-4.915525069E1,-4.680096460E1
1.036509125E0,8.009571707E-1,-2.931854835E-1,-3.206734605E-1,-4.119205591E-1,7.355679423E1,-1.826910886E1,-4.904544205E1,-4.604143037E1
1.046532125E0,8.023994359E-1,-2.954590413E-1,-3.184330724E-1,-4.092182718E-1,7.328030726E1,-1.893034619E1,-4.883659929E1,-4.538554107E1
1.056555125E0,8.039592486E-1,-2.972003567E-1,-3.159745440E-1,-4.067942801E-1,7.298027284E1,-1.949588936E1,-4.857826287E1,-4.481136193E1
1.066578125E0,8.054967235E-1,-2.985641096E-1,-3.135193564E-1,-4.046482047E-1,7.268349220E1,-1.997781807E1,-4.830571139E1,-4.431435506E1
1.076601125E0,8.069298217E-1,-2.996028661E-1,-3.114314805E-1,-4.026322999E-1,7.240591566E1,-2.037911147E1,-4.806181318E1,-4.387149108E1
1.086625125E0,8.080839921E-1,-3.004157764E-1,-3.099154765E-1,-4.008778741E-1,7.218169509E1,-2.069752716E1,-4.787946810E1,-4.350055791E1
1.096648125E0,8.088814948E-1,-3.010057292E-1,-3.091842474E-1,-3.993889102E-1,7.202641211E1,-2.092619064E1,-4.778455811E1,-4.320269423E1
1.106671125E0,8.092191542E-1,-3.014031776E-1,-3.091109504E-1,-3.984605205E-1,7.196057863E1,-2.105578184E1,-4.777159886E1,-4.302180913E1
1.116694125E0,8.091582731E-1,-3.014545585E-1,-3.094890880E-1,-3.982518304E-1,7.197245247E1,-2.106201121E1,-4.781334005E1,-4.298939060E1
1.126717125E0,8.088530878E-1,-3.009871098E-1,-3.102777379E-1,-3.986117223E-1,7.203194825E1,-2.093186357E1,-4.789285181E1,-4.308937498E1
1.136741125E0,8.083974382E-1,-2.999916029E-1,-3.113636076E-1,-3.994387699E-1,7.212069799E1,-2.067550612E1,-4.799339118E1,-4.330432734E1
1.146764125E0,8.077876365E-1,-2.985631968E-1,-3.125759690E-1,-4.007933907E-1,7.223932541E1,-2.030921340E1,-4.810023783E1,-4.363748651E1
1.156787125E0,8.069799554E-1,-2.967940051E-1,-3.140026753E-1,-4.026152936E-1,7.239618866E1,-1.984595639E1,-4.822573813E1,-4.407620714E1
1.166810125E0,8.058762769E-1,-2.948468886E-1,-3.157678018E-1,-4.048696653E-1,7.261006568E1,-1.930482010E1,-4.839055920E1,-4.460958295E1
1.176833125E0,8.044873908E-1,-2.928758754E-1,-3.179094254E-1,-4.073787304E-1,7.287844233E1,-1.871764580E1,-4.860173137E1,-4.520179478E1
1.186857125E0,8.028140766E-1,-2.909960970E-1,-3.203979729E-1,-4.100682051E-1,7.320065319E1,-1.810589473E1,-4.885932295E1,-4.583564364E1
1.196880125E0,8.008489587E-1,-2.892400999E-1,-3.232445619E-1,-4.129091345E-1,7.357750283E1,-1.747327298E1,-4.916536256E1,-4.650748063E1
1.206903125E0,7.986229308E-1,-2.874629793E-1,-3.263533542E-1,-4.160046520E-1,7.400239519E1,-1.679261665E1,-4.950286309E1,-4.724432285E1
1.216926125E0,7.962443101E-1,-2.855474683E-1,-3.295183086E-1,-4.193750722E-1,7.445411532E1,-1.605414922E1,-4.984094883E1,-4.805326430E1
1.226949125E0,7.937813537E-1,-2.834981213E-1,-3.325966288E-1,-4.229886376E-1,7.491939500E1,-1.526822326E1,-5.016129835E1,-4.892528566E1
1.236973125E0,7.912615833E-1,-2.813166109E-1,-3.355889181E-1,-4.267857104E-1,7.539286962E1,-1.443968685E1,-5.046186553E1,-4.985004378E1
1.246996125E0,7.887173888E-1,-2.791117512E-1,-3.384276664E-1,-4.306834931E-1,7.586837895E1,-1.359607152E1,-5.073846218E1,-5.080350471E1
1.257019125E0,7.861054537E-1,-2.771720479E-1,-3.411348638E-1,-4.345583163E-1,7.635392977E1,-1.278927557E1,-5.100772383E1,-5.174669154E1
1.267042125E0,7.832511111E-1,-2.757319928E-1,-3.440381310E-1,-4.383233681E-1,7.688156899E1,-1.203732381E1,-5.132068188E1,-5.266522175E1
1.277065125E0,7.801091057E-1,-2.747300516E-1,-3.473948588E-1,-4.418936698E-1,7.745886780E1,-1.131714584E1,-5.170354599E1,-5.356164687E1
1.287089125E0,7.767085083E-1,-2.740483158E-1,-3.511300917E-1,-4.453414716E-1,7.807962073E1,-1.060715641E1,-5.214269578E1,-5.445622436E1
1.297112125E0,7.731359517E-1,-2.735611272E-1,-3.550782952E-1,-4.487141678E-1,7.872732828E1,-9.894946289E0,-5.261268758E1,-5.535924895E1
1.307135125E0,7.694350054E-1,-2.732003422E-1,-3.590535517E-1,-4.521192433E-1,7.939364019E1,-9.173958550E0,-5.308953765E1,-5.628661738E1
1.317158125E0,7.656754643E-1,-2.729344141E-1,-3.628424506E-1,-4.556242174E-1,8.006575641E1,-8.450954751E0,-5.354754535E1,-5.724073806E1
1.327181125E0,7.618970099E-1,-2.727099874E-1,-3.663398330E-1,-4.592790130E-1,8.073655859E1,-7.723670558E0,-5.397168270E1,-5.822654110E1
1.337205125E0,7.581193457E-1,-2.723985169E-1,-3.695642408E-1,-4.631161042E-1,8.140263420E1,-6.970240140E0,-5.435584246E1,-5.925736322E1
1.347228125E0,7.544072515E-1,-2.718716813E-1,-3.725183134E-1,-4.671034173E-1,8.205279272E1,-6.177313033E0,-5.469086185E1,-6.033195533E1
1.357251125E0,7.508352850E-1,-2.711145290E-1,-3.750939758E-1,-4.712194996E-1,8.267443051E1,-5.359178703E0,-5.496250258E1,-6.143518173E1
1.367274125E0,7.474437492E-1,-2.700972410E-1,-3.771519959E-1,-4.755332085E-1,8.326113982E1,-4.523921077E0,-5.515294435E1,-6.256650991E1
1.377297125E0,7.442485545E-1,-2.687766275E-1,-3.786382044E-1,-4.800899993E-1,8.381080802E1,-3.672990642E0,-5.525290275E1,-6.372661128E1
1.387321125E0,7.412733768E-1,-2.670630736E-1,-3.796693586E-1,-4.848115738E-1,8.431999801E1,-2.796561189E0,-5.526821581E1,-6.490706676E1
1.397344125E0,7.385512067E-1,-2.649051075E-1,-3.803478860E-1,-4.895945562E-1,8.478370716E1,-1.893973924E0,-5.520559916E1,-6.609142748E1
1.407367125E0,7.361015476E-1,-2.623089249E-1,-3.806770318E-1,-4.944023315E-1,8.519924487E1,-9.762653922E-1,-5.506539759E1,-6.726562106E1
1.417390125E0,7.339263276E-1,-2.592760535E-1,-3.806838017E-1,-4.992073462E-1,8.556686022E1,-4.963570704E-2,-5.485051065E1,-6.842032617E1
1.427412750E0,7.320098578E-1,-2.557394166E-1,-3.805252558E-1,-5.039438617E-1,8.588969358E1,9.014002321E-1,-5.457283885E1,-6.955503209E1
1.437436750E0,7.302335683E-1,-2.516725460E-1,-3.804011702E-1,-5.086401691E-1,8.618804304E1,1.904391157E0,-5.425107469E1,-7.069351998E1
1.447459750E0,7.284533697E-1,-2.471686758E-1,-3.803989522E-1,-5.133809310E-1,8.648621839E1,2.965063580E0,-5.389993028E1,-7.185665934E1
1.457482750E0,7.267861879E-1,-2.422362670E-1,-3.806436621E-1,-5.178936994E-1,8.676471774E1,4.067398950E0,-5.353290982E1,-7.299811628E1
1.467505750E0,7.248594447E-1,-2.372591720E-1,-3.810364443E-1,-5.225879732E-1,8.708568691E1,5.195836067E0,-5.316576569E1,-7.418077886E1
1.477528750E0,7.227933219E-1,-2.321667316E-1,-3.817877172E-1,-5.271684084E-1,8.742882711E1,6.356606751E0,-5.281509320E1,-7.536911875E1
1.487552750E0,7.204740441E-1,-2.270396571E-1,-3.830741180E-1,-5.316243629E-1,8.781273546E1,7.566228882E0,-5.250340758E1,-7.658149567E1
1.497575750E0,7.177846431E-1,-2.220712548E-1,-3.850392623E-1,-5.359238578E-1,8.825624387E1,8.824770082E0,-5.225819267E1,-7.782796676E1
1.507598750E0,7.145891533E-1,-2.174636455E-1,-3.877293165E-1,-5.401277530E-1,8.878092220E1,1.013028513E1,-5.209687955E1,-7.912950978E1
1.517621750E0,7.109001978E-1,-2.131992537E-1,-3.911833930E-1,-5.441897082E-1,8.938358967E1,1.149440094E1,-5.202007170E1,-8.049071380E1
1.527644750E0,7.067561247E-1,-2.092628012E-1,-3.953586916E-1,-5.480842720E-1,9.005681224E1,1.291918795E1,-5.202056251E1,-8.191103473E1
1.537668750E0,7.022542196E-1,-2.056552101E-1,-4.001034890E-1,-5.517810037E-1,9.078371738E1,1.438747132E1,-5.208302007E1,-8.337383562E1
1.547691750E0,6.974008625E-1,-2.024065205E-1,-4.053529316E-1,-5.552951868E-1,9.156230997E1,1.589616592E1,-5.220212107E1,-8.488205815E1
1.557714750E0,6.921563036E-1,-1.994933936E-1,-4.111335194E-1,-5.586513140E-1,9.239791542E1,1.746305273E1,-5.237579448E1,-8.645420926E1
1.567737750E0,6.864567589E-1,-1.968165313E-1,-4.174405740E-1,-5.619462967E-1,9.329943811E1,1.911571963E1,-5.259017423E1,-8.812101589E1
1.577760750E0,6.802809022E-1,-1.942534866E-1,-4.241261284E-1,-5.653322006E-1,9.426880474E1,2.086347503E1,-5.281472871E1,-8.990206721E1
1.587784750E0,6.735464627E-1,-1.917969365E-1,-4.309604717E-1,-5.690538148E-1,9.531724768E1,2.269652445E1,-5.301845936E1,-9.181934041E1
1.597807750E0,6.662950395E-1,-1.893934598E-1,-4.377079819E-1,-5.732300354E-1,9.643649171E1,2.458888340E1,-5.316997518E1,-9.386078024E1
1.607830750E0,6.587802353E-1,-1.869704269E-1,-4.440570359E-1,-5.778097330E-1,9.758617436E1,2.647605757E1,-5.323897456E1,-9.595604772E1
1.617853750E0,6.510796347E-1,-1.845639156E-1,-4.499475321E-1,-5.827338678E-1,9.875389752E1,2.832741689E1,-5.322633705E1,-9.807213762E1
1.627876750E0,6.431608898E-1,-1.821814491E-1,-4.554781575E-1,-5.879570688E-1,9.994415010E1,3.014791915E1,-5.314167916E1,-1.002083035E2
1.637899750E0,6.351038191E-1,-1.796289411E-1,-4.606261948E-1,-5.934645925E-1,1.011446301E2,3.193426384E1,-5.296785493E1,-1.023441175E2
1.647923750E0,6.271280601E-1,-1.764988633E-1,-4.651874532E-1,-5.992989544E-1,1.023228952E2,3.365859539E1,-5.265670822E1,-1.044258014E2
1.657946750E0,6.194412000E-1,-1.724597306E-1,-4.689871075E-1,-6.054761143E-1,1.034493212E2,3.528526394E1,-5.217246462E1,-1.063945663E2
1.667969750E0,6.120514184E-1,-1.675236603E-1,-4.719679012E-1,-6.120254035E-1,1.045240357E2,3.678690711E1,-5.151717421E1,-1.082288720E2
1.677992750E0,6.048693729E-1,-1.619135459E-1,-4.741854893E-1,-6.189226205E-1,1.055611147E2,3.815125665E1,-5.072029115E1,-1.099324911E2
1.688016750E0,5.978128868E-1,-1.559050912E-1,-4.758620909E-1,-6.259941110E-1,1.065731655E2,3.939306231E1,-4.983092676E1,-1.115206999E2
1.698039750E0,5.907132462E-1,-1.497824712E-1,-4.772282283E-1,-6.331479524E-1,1.075847227E2,4.054141499E1,-4.889264520E1,-1.130332743E2
1.708062750E0,5.834369484E-1,-1.436628963E-1,-4.784104685E-1,-6.403794902E-1,1.086147117E2,4.161989143E1,-4.792277125E1,-1.145024169E2
1.718085750E0,5.760475021E-1,-1.374047426E-1,-4.793967680E-1,-6.476635694E-1,1.096539551E2,4.263150928E1,-4.691110662E1,-1.159172708E2
1.728108750E0,5.686356364E-1,-1.307419475E-1,-4.801940704E-1,-6.549607957E-1,1.106897215E2,4.358600231E1,-4.583798308E1,-1.172614715E2
1.738131750E0,5.611649521E-1,-1.235830946E-1,-4.808124911E-1,-6.622993075E-1,1.117271994E2,4.449215415E1,-4.469464228E1,-1.185409631E2
1.748155750E0,5.536389632E-1,-1.161343134E-1,-4.812666234E-1,-6.696112747E-1,1.127659579E2,4.534295011E1,-4.350561033E1,-1.197576671E2
1.758178750E0,5.459824086E-1,-1.087986545E-1,-4.816145035E-1,-6.768407974E-1,1.138163528E2,4.613570361E1,-4.231334993E1,-1.209344564E2
1.768201750E0,5.381022440E-1,-1.018414320E-1,-4.819952582E-1,-6.839260725E-1,1.148909128E2,4.688770321E1,-4.114976242E1,-1.221008652E2
1.778224750E0,5.298639997E-1,-9.541863164E-2,-4.825567385E-1,-6.908533812E-1,1.160074674E2,4.762356017E1,-4.003230727E1,-1.232912271E2
1.788247750E0,5.213613998E-1,-8.936440544E-2,-4.833798243E-1,-6.975242790E-1,1.171527682E2,4.835914960E1,-3.895419105E1,-1.244935013E2
1.798271750E0,5.124870174E-1,-8.355682260E-2,-4.844493848E-1,-7.040483846E-1,1.183407377E2,4.910314845E1,-3.789411388E1,-1.257224208E2
1.808294750E0,5.034139283E-1,-7.765440934E-2,-4.857741024E-1,-7.103292449E-1,1.195477562E2,4.986222310E1,-3.682774633E1,-1.269436269E2
1.818317750E0,4.940805193E-1,-7.153557202E-2,-4.873248536E-1,-7.164368185E-1,1.207817260E2,5.063877430E1,-3.573639002E1,-1.281608791E2
1.828340750E0,4.846097220E-1,-6.506965541E-2,-4.889920565E-1,-7.223614642E-1,1.220261888E2,5.141670623E1,-3.460727332E1,-1.293472896E2
1.838363750E0,4.749222373E-1,-5.847207203E-2,-4.905827207E-1,-7.282571656E-1,1.232914259E2,5.216498548E1,-3.344544215E1,-1.305138345E2
1.848387750E0,4.650748684E-1,-5.180848670E-2,-4.921869140E-1,-7.340118225E-1,1.245698650E2,5.289312842E1,-3.226687716E1,-1.316585676E2
1.858410750E0,4.549733436E-1,-4.523467415E-2,-4.939779022E-1,-7.395532269E-1,1.258735618E2,5.362437902E1,-3.109110931E1,-1.328062496E2
1.868433750E0,4.449188230E-1,-3.863234925E-2,-4.960722002E-1,-7.446255686E-1,1.271637096E2,5.437101063E1,-2.993101890E1,-1.339173488E2
1.878456750E0,4.349770874E-1,-3.208312939E-2,-4.984367438E-1,-7.492172675E-1,1.284323281E2,5.512644897E1,-2.879594116E1,-1.349874961E2
1.888479750E0,4.254403725E-1,-2.556421311E-2,-5.010321256E-1,-7.532023153E-1,1.296429185E2,5.588152095E1,-2.769913232E1,-1.359804365E2
1.898503750E0,4.163111755E-1,-1.925594678E-2,-5.038473876E-1,-7.566056943E-1,1.307961708E2,5.663332144E1,-2.665728913E1,-1.369073246E2
1.908526750E0,4.076300942E-1,-1.325640612E-2,-5.067772890E-1,-7.594990017E-1,1.318879046E2,5.736732322E1,-2.567664834E1,-1.377688775E2
1.918549750E0,3.991818638E-1,-7.941625298E-3,-5.098091015E-1,-7.620272015E-1,1.329459144E2,5.807941399E1,-2.477882502E1,-1.386125379E2
1.928572750E0,3.907673298E-1,-3.777706326E-3,-5.130642079E-1,-7.642327461E-1,1.339954933E2,5.878064582E1,-2.400093524E1,-1.394915843E2
1.938595750E0,3.820855848E-1,-1.052301440E-3,-5.165500684E-1,-7.662803243E-1,1.350741429E2,5.947260995E1,-2.334990877E1,-1.404597253E2
1.948619750E0,3.734290436E-1,6.154704288E-4,-5.201344261E-1,-7.681214672E-1,1.361454973E2,6.014420725E1,-2.280034208E1,-1.414645654E2
1.958642750E0,3.648597252E-1,1.553912158E-3,-5.236669220E-1,-7.698363593E-1,1.372020996E2,6.078404498E1,-2.231741895E1,-1.424820283E2
1.968665750E0,3.567456983E-1,2.302503408E-3,-5.269793061E-1,-7.713754779E-1,1.381990556E2,6.137731430E1,-2.186636326E1,-1.434409873E2
1.978688750E0,3.493399701E-1,3.183878304E-3,-5.299670119E-1,-7.727136614E-1,1.391060999E2,6.191395455E1,-2.142954660E1,-1.442958553E2
1.988711750E0,3.428054174E-1,4.327596258E-3,-5.326377944E-1,-7.737976151E-1,1.399042246E2,6.239631707E1,-2.100717617E1,-1.450239672E2
1.998735750E0,3.372448572E-1,5.689360934E-3,-5.350381417E-1,-7.745759410E-1,1.405817910E2,6.282952659E1,-2.061361305E1,-1.456195933E2
2.008758750E0,3.327080229E-1,7.264810131E-3,-5.372225708E-1,-7.750125612E-1,1.411335517E2,6.322152967E1,-2.025603531E1,-1.460808538E2
2.018781750E0,3.289354375E-1,9.012344911E-3,-5.392630683E-1,-7.751874074E-1,1.415916528E2,6.358573324E1,-1.992519247E1,-1.464417897E2
2.028804750E0,3.259167748E-1,1.117047429E-2,-5.411381394E-1,-7.751277486E-1,1.419577465E2,6.392466679E1,-1.959777008E1,-1.466908623E2
2.038827750E0,3.234454100E-1,1.389832369E-2,-5.428339811E-1,-7.749329880E-1,1.422571656E2,6.424261760E1,-1.924533520E1,-1.468418437E2
2.048851750E0,3.215133353E-1,1.737265700E-2,-5.443809812E-1,-7.745817151E-1,1.424910606E2,6.454827803E1,-1.885282890E1,-1.468865030E2
2.058874750E0,3.201155351E-1,2.155503629E-2,-5.457709632E-1,-7.740771752E-1,1.426601758E2,6.484111978E1,-1.842415285E1,-1.468274364E2
2.068897750E0,3.194747976E-1,2.633876682E-2,-5.469177157E-1,-7.733842178E-1,1.427376683E2,6.510636704E1,-1.798167977E1,-1.466453636E2
2.078920750E0,3.195907646E-1,3.145739620E-2,-5.477004880E-1,-7.725906980E-1,1.427236442E2,6.532357969E1,-1.754607551E1,-1.463538709E2
2.088943750E0,3.202809404E-1,3.655935651E-2,-5.481675594E-1,-7.717485407E-1,1.426401684E2,6.549501744E1,-1.713990765E1,-1.459945004E2
2.098967750E0,3.210637127E-1,4.113656748E-2,-5.485371662E-1,-7.709297750E-1,1.425454682E2,6.564413828E1,-1.678636373E1,-1.456527573E2
2.108990750E0,3.217139121E-1,4.497032911E-2,-5.490594078E-1,-7.700725502E-1,1.424667865E2,6.580124355E1,-1.650023445E1,-1.453702596E2
2.119013750E0,3.220381689E-1,4.796420942E-2,-5.498736217E-1,-7.691748434E-1,1.424275409E2,6.598339162E1,-1.628257891E1,-1.451757795E2
2.129036750E0,3.222013826E-1,5.032525480E-2,-5.509308122E-1,-7.681985327E-1,1.424077849E2,6.618615361E1,-1.612308663E1,-1.450389826E2
2.139059750E0,3.222925041E-1,5.225244053E-2,-5.521061403E-1,-7.671870927E-1,1.423967548E2,6.639580389E1,-1.600400484E1,-1.449367367E2
2.149083750E0,3.224548748E-1,5.401369410E-2,-5.533336040E-1,-7.661117369E-1,1.423770991E2,6.660843314E1,-1.590774296E1,-1.448371169E2
2.159106750E0,3.226676742E-1,5.571975639E-2,-5.546053430E-1,-7.649796304E-1,1.423513371E2,6.682588020E1,-1.582246349E1,-1.447357445E2
2.169129750E0,3.230013087E-1,5.752711862E-2,-5.559077017E-1,-7.637587205E-1,1.423109425E2,6.704967680E1,-1.573831463E1,-1.446156670E2
2.179152750E0,3.235586375E-1,5.959058617E-2,-5.571769540E-1,-7.624385337E-1,1.422434533E2,6.727429281E1,-1.564585146E1,-1.444556940E2
2.189175750E0,3.245926473E-1,6.213796277E-2,-5.583134227E-1,-7.609629936E-1,1.421182050E2,6.749017104E1,-1.553812264E1,-1.442137882E2
2.199199750E0,3.262341195E-1,6.529579432E-2,-5.592783538E-1,-7.592862866E-1,1.419192790E2,6.769504269E1,-1.541181747E1,-1.438677890E2
2.209222750E0,3.283821758E-1,6.902090138E-2,-5.601088996E-1,-7.574161466E-1,1.416587809E2,6.789487626E1,-1.526622832E1,-1.434313107E2
2.219245750E0,3.308396321E-1,7.316602286E-2,-5.608674796E-1,-7.553937301E-1,1.413605087E2,6.809702715E1,-1.510424692E1,-1.429348192E2
2.229268750E0,3.332441098E-1,7.733299748E-2,-5.616681433E-1,-7.533239827E-1,1.410684030E2,6.830948399E1,-1.494143562E1,-1.424421816E2
2.239291750E0,3.353797960E-1,8.115186020E-2,-5.626624928E-1,-7.512294318E-1,1.408087304E2,6.854379389E1,-1.480226230E1,-1.420009859E2
2.249314750E0,3.371229896E-1,8.427561602E-2,-5.640177247E-1,-7.490858431E-1,1.405966247E2,6.881263937E1,-1.471595821E1,-1.416482222E2
2.259338750E0,3.384245054E-1,8.638167297E-2,-5.658662644E-1,-7.468617328E-1,1.404381691E2,6.912368976E1,-1.471289842E1,-1.414113238E2
2.269361750E0,3.391849188E-1,8.723716970E-2,-5.682918156E-1,-7.445721474E-1,1.403455546E2,6.948139265E1,-1.480933603E1,-1.413171272E2
2.279384750E0,3.394918743E-1,8.699412990E-2,-5.712578368E-1,-7.421870994E-1,1.403081613E2,6.988507716E1,-1.499548606E1,-1.413475282E2
2.289407750E0,3.393606290E-1,8.589730031E-2,-5.746479186E-1,-7.397538776E-1,1.403241501E2,7.032716926E1,-1.524458527E1,-1.414849454E2
2.299430750E0,3.388262491E-1,8.424533351E-2,-5.783205317E-1,-7.373227209E-1,1.403892421E2,7.079814109E1,-1.552556744E1,-1.417055852E2
2.309454750E0,3.378776711E-1,8.214148928E-2,-5.821901182E-1,-7.349462498E-1,1.405047541E2,7.129047319E1,-1.582374079E1,-1.420032579E2
2.319477750E0,3.365053697E-1,7.957609490E-2,-5.862475953E-1,-7.326291846E-1,1.406717906E2,7.180405584E1,-1.613797515E1,-1.423798638E2
2.329500750E0,3.346053476E-1,7.635196636E-2,-5.905511046E-1,-7.303827155E-1,1.409029177E2,7.234417027E1,-1.647941242E1,-1.428602634E2
2.339523750E0,3.321947586E-1,7.239064729E-2,-5.951048819E-1,-7.281870754E-1,1.411959147E2,7.291183887E1,-1.685517681E1,-1.434485731E2
2.349546750E0,3.294023192E-1,6.783665923E-2,-5.998433889E-1,-7.260028992E-1,1.415349946E2,7.350349668E1,-1.725832796E1,-1.441218612E2
2.359570750E0,3.264915103E-1,6.308679370E-2,-6.046318609E-1,-7.237704439E-1,1.418880756E2,7.410980183E1,-1.766755975E1,-1.448254290E2
2.369593750E0,3.237076477E-1,5.850357680E-2,-6.093109198E-1,-7.214782243E-1,1.422254068E2,7.471459409E1,-1.806279191E1,-1.455074847E2
2.379616750E0,3.212152517E-1,5.432928971E-2,-6.137505634E-1,-7.191518026E-1,1.425271318E2,7.530158229E1,-1.843025644E1,-1.461322691E2
2.389639750E0,3.191633324E-1,5.072723037E-2,-6.178453194E-1,-7.168184266E-1,1.427753313E2,7.585508015E1,-1.876350869E1,-1.466708274E2
2.399662750E0,3.176608183E-1,4.775701552E-2,-6.215710165E-1,-7.144650098E-1,1.429569601E2,7.636915539E1,-1.906593847E1,-1.471067684E2
2.409686750E0,3.167645234E-1,4.535270640E-2,-6.249466419E-1,-7.120709845E-1,1.430652613E2,7.684256987E1,-1.934971273E1,-1.474384847E2
2.419710042E0,3.165897194E-1,4.351716900E-2,-6.279798663E-1,-7.095903685E-1,1.430863792E2,7.727382606E1,-1.962515958E1,-1.476537872E2
2.429733042E0,3.171285247E-1,4.218638225E-2,-6.306671915E-1,-7.070422544E-1,1.430212824E2,7.765969809E1,-1.989819954E1,-1.477571672E2
2.439756042E0,3.181992443E-1,4.123896325E-2,-6.330107670E-1,-7.045183114E-1,1.428918846E2,7.799831044E1,-2.016591825E1,-1.477744849E2
2.449779042E0,3.196042306E-1,4.058754156E-2,-6.350371032E-1,-7.020923599E-1,1.427220158E2,7.829256462E1,-2.042180263E1,-1.477314852E2
2.459803042E0,3.211864443E-1,4.013890943E-2,-6.367991997E-1,-6.997963471E-1,1.425306176E2,7.854940563E1,-2.066384078E1,-1.476510702E2
2.469826042E0,3.228351026E-1,3.977330659E-2,-6.383647234E-1,-6.976289454E-1,1.423310664E2,7.877760795E1,-2.089638536E1,-1.475539333E2
2.479849042E0,3.245695929E-1,3.944692140E-2,-6.397698571E-1,-6.955523070E-1,1.421209981E2,7.898169281E1,-2.112629225E1,-1.474419033E2
2.489872042E0,3.262857705E-1,3.906344829E-2,-6.410751240E-1,-6.935664739E-1,1.419130176E2,7.917003090E1,-2.135596973E1,-1.473335060E2
2.499895042E0,3.279492855E-1,3.864231698E-2,-6.423044211E-1,-6.916655035E-1,1.417112947E2,7.934680017E1,-2.158193839E1,-1.472313547E2
2.509919042E0,3.294446557E-1,3.805628613E-2,-6.434535760E-1,-6.899170837E-1,1.415298563E2,7.950994549E1,-2.180527522E1,-1.471556550E2
2.519942042E0,3.307813008E-1,3.724053388E-2,-6.445115462E-1,-6.883325307E-1,1.413675918E2,7.965662473E1,-2.203154393E1,-1.471096757E2
2.529965042E0,3.320450952E-1,3.613767729E-2,-6.454681954E-1,-6.868849762E-1,1.412140969E2,7.978386802E1,-2.227201672E1,-1.470886362E2
2.539988042E0,3.332957607E-1,3.469688727E-2,-6.463092779E-1,-6.855613965E-1,1.410621254E2,7.988838200E1,-2.253517773E1,-1.470897179E2
2.550011042E0,3.347370354E-1,3.304713318E-2,-6.470099692E-1,-6.842785940E-1,1.408869040E2,7.996702699E1,-2.282572844E1,-1.470827926E2
2.560035042E0,3.365225551E-1,3.136408308E-2,-6.475279961E-1,-6.829907443E-1,1.406696993E2,8.001459103E1,-2.313960229E1,-1.470387027E2
2.570058042E0,3.386258303E-1,2.969239156E-2,-6.478466895E-1,-6.817224824E-1,1.404136513E2,8.002890853E1,-2.347015377E1,-1.469560331E2
2.580081042E0,3.410886077E-1,2.812431806E-2,-6.479537425E-1,-6.804582772E-1,1.401135764E2,8.000864044E1,-2.381247055E1,-1.468232319E2
2.590104042E0,3.439492196E-1,2.668118889E-2,-6.478411051E-1,-6.791825553E-1,1.397646691E2,7.995205971E1,-2.416753170E1,-1.466340981E2
2.600127042E0,3.471898171E-1,2.530286050E-2,-6.475274904E-1,-6.778843375E-1,1.393689444E2,7.986100800E1,-2.453978975E1,-1.463945358E2
2.610151042E0,3.508460983E-1,2.394476260E-2,-6.470148161E-1,-6.765394737E-1,1.389218500E2,7.973449658E1,-2.493602847E1,-1.461033554E2
2.620174042E0,3.549360917E-1,2.261338581E-2,-6.463127760E-1,-6.751213377E-1,1.384209447E2,7.957355375E1,-2.535756023E1,-1.457576512E2
2.630197042E0,3.594178190E-1,2.132261750E-2,-6.454498825E-1,-6.736161894E-1,1.378711068E2,7.938277585E1,-2.580093920E1,-1.453607001E2
2.640220042E0,3.641921929E-1,2.006889627E-2,-6.444600427E-1,-6.720362094E-1,1.372842453E2,7.916788029E1,-2.625970388E1,-1.449230890E2
2.650243042E0,3.692105971E-1,1.891335612E-2,-6.433713475E-1,-6.703724415E-1,1.366661180E2,7.893421951E1,-2.672578843E1,-1.444457831E2
2.660266042E0,3.743220826E-1,1.778940504E-2,-6.422170085E-1,-6.686731649E-1,1.360351608E2,7.868723752E1,-2.719378328E1,-1.439496118E2
2.670290042E0,3.794381305E-1,1.666589650E-2,-6.410360538E-1,-6.669495168E-1,1.354022330E2,7.843347432E1,-2.766081568E1,-1.434470431E2
2.680313042E0,3.844862482E-1,1.545139291E-2,-6.398887745E-1,-6.651871674E-1,1.347763007E2,7.818213375E1,-2.813175645E1,-1.429540270E2
2.690336042E0,3.893846287E-1,1.402849423E-2,-6.388436380E-1,-6.633714917E-1,1.341675708E2,7.794363684E1,-2.861355644E1,-1.424897976E2
2.700359042E0,3.941494142E-1,1.239536707E-2,-6.379323599E-1,-6.614642625E-1,1.335741285E2,7.772316913E1,-2.910968995E1,-1.420541587E2
2.710382042E0,3.987080595E-1,1.053072728E-2,-6.371607986E-1,-6.595052349E-1,1.330051243E2,7.752240658E1,-2.961649400E1,-1.416569048E2
2.720406042E0,4.029774720E-1,8.404819163E-3,-6.365217470E-1,-6.575550791E-1,1.324711058E2,7.734106911E1,-3.012939884E1,-1.413092740E2
2.730429042E0,4.070045086E-1,6.100039826E-3,-6.360211900E-1,-6.555816056E-1,1.319663978E2,7.718130703E1,-3.064576933E1,-1.410015149E2
2.740452042E0,4.107958178E-1,3.599172275E-3,-6.356304887E-1,-6.536113774E-1,1.314903267E2,7.703860289E1,-3.116629718E1,-1.407335028E2
2.750475042E0,4.143572370E-1,8.945036394E-4,-6.353119218E-1,-6.516794396E-1,1.310423097E2,7.690704308E1,-3.169021395E1,-1.405040836E2
2.760498042E0,4.178317389E-1,-1.886851188E-3,-6.350457644E-1,-6.497152279E-1,1.306044568E2,7.678364417E1,-3.221761362E1,-1.402885024E2
2.770522042E0,4.213218141E-1,-4.682493796E-3,-6.348105428E-1,-6.476739085E-1,1.301638654E2,7.666443585E1,-3.275068437E1,-1.400703883E2
2.780545042E0,4.249160973E-1,-7.431479843E-3,-6.345404237E-1,-6.455614242E-1,1.297092945E2,7.653776090E1,-3.328800544E1,-1.398327243E2
2.790568042E0,4.286717925E-1,-1.006293940E-2,-6.341819015E-1,-6.433914621E-1,1.292334035E2,7.639417151E1,-3.382516936E1,-1.395615070E2
2.800591042E0,4.325653815E-1,-1.256119385E-2,-6.337014274E-1,-6.412112267E-1,1.287390476E2,7.622783476E1,-3.435670523E1,-1.392562151E2
2.810614042E0,4.365531478E-1,-1.493526261E-2,-6.330837022E-1,-6.390643505E-1,1.282316713E2,7.603603006E1,-3.487853346E1,-1.389211063E2
2.820638042E0,4.406527085E-1,-1.718291189E-2,-6.323502627E-1,-6.369168632E-1,1.277089322E2,7.582163226E1,-3.539302131E1,-1.385543813E2
2.830661042E0,4.449581460E-1,-1.929569126E-2,-6.314857887E-1,-6.347169136E-1,1.271586780E2,7.557997968E1,-3.590648907E1,-1.381430119E2
2.840684042E0,4.494277245E-1,-2.137418417E-2,-6.304527484E-1,-6.325244451E-1,1.265860534E2,7.530337833E1,-3.642181318E1,-1.376955966E2
2.850707042E0,4.540639885E-1,-2.333763725E-2,-6.292267387E-1,-6.303608524E-1,1.259905485E2,7.498765932E1,-3.693013003E1,-1.372043937E2
2.860730042E0,4.588720219E-1,-2.507876571E-2,-6.278100988E-1,-6.282213045E-1,1.253713099E2,7.463359759E1,-3.742186873E1,-1.366611432E2
2.870754042E0,4.638600330E-1,-2.654199892E-2,-6.262176434E-1,-6.260837692E-1,1.247270595E2,7.424362960E1,-3.789306622E1,-1.360612540E2
2.880777042E0,4.690434315E-1,-2.770011003E-2,-6.244731010E-1,-6.239104985E-1,1.240555570E2,7.382146367E1,-3.834350889E1,-1.354016629E2
2.890800042E0,4.743599720E-1,-2.868225804E-2,-6.225794010E-1,-6.217353313E-1,1.233646279E2,7.336692234E1,-3.877906716E1,-1.346975905E2
2.900823042E0,4.798627751E-1,-2.949234154E-2,-6.205299894E-1,-6.195194765E-1,1.226471199E2,7.287734226E1,-3.920379615E1,-1.339415640E2
2.910846042E0,4.854825464E-1,-3.025734899E-2,-6.183436216E-1,-6.172862889E-1,1.219118153E2,7.235538471E1,-3.962387202E1,-1.331501847E2
2.920870042E0,4.912267035E-1,-3.102064949E-2,-6.160539730E-1,-6.149890696E-1,1.211575177E2,7.180564200E1,-4.004574725E1,-1.323259279E2
2.930893042E0,4.970452129E-1,-3.180645640E-2,-6.137274459E-1,-6.125952446E-1,1.203905907E2,7.124000765E1,-4.047148630E1,-1.314793287E2
2.940916042E0,5.028248365E-1,-3.270848326E-2,-6.114259751E-1,-6.101274359E-1,1.196258674E2,7.067016571E1,-4.090395735E1,-1.306333623E2
2.950939042E0,5.086417865E-1,-3.367082225E-2,-6.091561144E-1,-6.075184512E-1,1.188531958E2,7.009569370E1,-4.134532774E1,-1.297744314E2
2.960962042E0,5.144340121E-1,-3.474544044E-2,-6.068798896E-1,-6.048531003E-1,1.180807379E2,6.951016128E1,-4.179220841E1,-1.289111152E2
2.970986042E0,5.202522370E-1,-3.582720253E-2,-6.045759110E-1,-6.021144613E-1,1.173016548E2,6.890989014E1,-4.223771614E1,-1.280290154E2
2.981009042E0,5.260557079E-1,-3.687514177E-2,-6.022160668E-1,-5.993675642E-1,1.165213196E2,6.829180065E1,-4.267211569E1,-1.271298926E2
2.991032042E0,5.318188838E-1,-3.788702439E-2,-5.997985868E-1,-5.966364326E-1,1.157431359E2,6.765641923E1,-4.309248417E1,-1.262170845E2
3.001055042E0,5.375768809E-1,-3.885560111E-2,-5.973095625E-1,-5.939044949E-1,1.149623230E2,6.700034078E1,-4.349984832E1,-1.252843661E2
3.011078042E0,5.433384499E-1,-3.978034511E-2,-5.947668010E-1,-5.911458046E-1,1.141776158E2,6.632635385E1,-4.389598322E1,-1.243312910E2
3.021101042E0,5.489293624E-1,-4.083359486E-2,-5.921532328E-1,-5.885267507E-1,1.134128126E2,6.563363607E1,-4.427987994E1,-1.233912109E2
3.031125042E0,5.545841774E-1,-4.183616302E-2,-5.894647485E-1,-5.858475875E-1,1.126358425E2,6.491720390E1,-4.465489129E1,-1.224200540E2
3.041148042E0,5.601388106E-1,-4.299073379E-2,-5.866909801E-1,-5.832581536E-1,1.118692041E2,6.417600724E1,-4.502426397E1,-1.214512315E2
3.051171042E0,5.657203981E-1,-4.415196376E-2,-5.838308528E-1,-5.806485090E-1,1.110953360E2,6.340857659E1,-4.538511344E1,-1.204582270E2
3.061194042E0,5.712270653E-1,-4.533266557E-2,-5.808842402E-1,-5.781158920E-1,1.103283257E2,6.261901383E1,-4.572920739E1,-1.194578187E2
3.071217042E0,5.766298684E-1,-4.648934368E-2,-5.778816144E-1,-5.756644641E-1,1.095722941E2,6.181578153E1,-4.605217906E1,-1.184552804E2
3.081241042E0,5.819093849E-1,-4.761630826E-2,-5.748563558E-1,-5.732838078E-1,1.088300981E2,6.100637827E1,-4.635449541E1,-1.174562066E2
3.091264042E0,5.870218276E-1,-4.870763768E-2,-5.718634027E-1,-5.709686515E-1,1.081080967E2,6.020328120E1,-4.663662006E1,-1.164716782E2
3.101287042E0,5.918254238E-1,-4.985339976E-2,-5.689744048E-1,-5.687930799E-1,1.074266938E2,5.942335702E1,-4.690145050E1,-1.155339893E2
3.111310042E0,5.964140895E-1,-5.093364456E-2,-5.662546476E-1,-5.666142867E-1,1.067729898E2,5.867802174E1,-4.715230010E1,-1.146277593E2
3.121333042E0,6.006870766E-1,-5.208678234E-2,-5.636938473E-1,-5.645452426E-1,1.061617565E2,5.796634600E1,-4.739329819E1,-1.137758820E2
3.131357042E0,6.046822607E-1,-5.329643904E-2,-5.612953966E-1,-5.625533825E-1,1.055880379E2,5.728810079E1,-4.762716209E1,-1.129726247E2
3.141380042E0,6.082907342E-1,-5.464140819E-2,-5.590758803E-1,-5.607413762E-1,1.050679715E2,5.664966566E1,-4.785429060E1,-1.122419992E2
3.151403042E0,6.117290662E-1,-5.590693054E-2,-5.570052267E-1,-5.589339587E-1,1.045707380E2,5.604356711E1,-4.807063198E1,-1.115389622E2
3.161426042E0,6.150340693E-1,-5.705888820E-2,-5.550100792E-1,-5.571724575E-1,1.040912083E2,5.545818648E1,-4.826946036E1,-1.108539199E2
3.171449042E0,6.183318890E-1,-5.800500066E-2,-5.530542968E-1,-5.553664677E-1,1.036111555E2,5.488493880E1,-4.844940311E1,-1.101606307E2
3.181473042E0,6.215333109E-1,-5.885843219E-2,-5.510977558E-1,-5.536454117E-1,1.031436168E2,5.431852529E1,-4.860983956E1,-1.094776218E2
3.191496042E0,6.246792492E-1,-5.959039651E-2,-5.491501921E-1,-5.519591031E-1,1.026827019E2,5.375992967E1,-4.875248321E1,-1.087977559E2
3.201519042E0,6.276514633E-1,-6.027564105E-2,-5.472062319E-1,-5.504416295E-1,1.022458730E2,5.321339099E1,-4.887408897E1,-1.081462296E2
3.211542042E0,6.306289960E-1,-6.071462155E-2,-5.452295658E-1,-5.489495204E-1,1.018069120E2,5.267247581E1,-4.896718152E1,-1.074845323E2
3.221565042E0,6.335565845E-1,-6.098362381E-2,-5.432089405E-1,-5.475501766E-1,1.013739779E2,5.213632375E1,-4.903326848E1,-1.068254726E2
3.231589042E0,6.364576364E-1,-6.111202418E-2,-5.411821618E-1,-5.461766951E-1,1.009436427E2,5.160816140E1,-4.908088266E1,-1.061669322E2
3.241612042E0,6.392797209E-1,-6.122765406E-2,-5.392025876E-1,-5.448240183E-1,1.005237379E2,5.109289973E1,-4.912325515E1,-1.055232052E2
3.251635042E0,6.419941781E-1,-6.134766721E-2,-5.373333538E-1,-5.434638236E-1,1.001186368E2,5.060115689E1,-4.916626905E1,-1.049026873E2
3.261658042E0,6.445321191E-1,-6.151113377E-2,-5.356039210E-1,-5.421468768E-1,9.973879114E1,5.014011217E1,-4.921130777E1,-1.043210196E2
3.271681042E0,6.470533225E-1,-6.163038827E-2,-5.339963349E-1,-5.407139051E-1,9.936039664E1,4.969999301E1,-4.926159085E1,-1.037438452E2
3.281705042E0,6.494681736E-1,-6.182908959E-2,-5.324901962E-1,-5.392795582E-1,9.899696713E1,4.927687723E1,-4.931958541E1,-1.031899292E2
3.291728042E0,6.518213323E-1,-6.205790483E-2,-5.311199600E-1,-5.377633517E-1,9.864187262E1,4.887501885E1,-4.938805112E1,-1.026504326E2
3.301751042E0,6.540713365E-1,-6.234307041E-2,-5.299274570E-1,-5.361723556E-1,9.830145755E1,4.850167055E1,-4.947072041E1,-1.021351743E2
3.311774042E0,6.562121699E-1,-6.266254352E-2,-5.289132353E-1,-5.345181497E-1,9.797674576E1,4.815858896E1,-4.956543160E1,-1.016453479E2
3.321797042E0,6.582289703E-1,-6.306104197E-2,-5.280425657E-1,-5.328499880E-1,9.767011307E1,4.783887788E1,-4.967180717E1,-1.011832503E2
3.331820042E0,6.601497445E-1,-6.356610873E-2,-5.273044269E-1,-5.311418869E-1,9.737741169E1,4.753645097E1,-4.979369635E1,-1.007422560E2
3.341844042E0,6.619346055E-1,-6.425251231E-2,-5.267324520E-1,-5.294027130E-1,9.710483154E1,4.725390285E1,-4.993865455E1,-1.003316832E2
3.351867042E0,6.635070412E-1,-6.518899421E-2,-5.264125785E-1,-5.276348845E-1,9.686421728E1,4.700455606E1,-5.011641381E1,-9.996998424E1
3.361890042E0,6.647375975E-1,-6.646829857E-2,-5.263991547E-1,-5.259370040E-1,9.667560452E1,4.680061076E1,-5.033152466E1,-9.968701349E1
3.371913042E0,6.656696487E-1,-6.800345538E-2,-5.266846996E-1,-5.242733678E-1,9.653256091E1,4.664374962E1,-5.057899624E1,-9.947358167E1
3.381936042E0,6.663285146E-1,-6.972951634E-2,-5.272036327E-1,-5.226858382E-1,9.643134740E1,4.652801686E1,-5.084810744E1,-9.932346180E1
3.391960042E0,6.668102531E-1,-7.152906033E-2,-5.278653382E-1,-5.211580993E-1,9.635729323E1,4.644139386E1,-5.112599167E1,-9.921407259E1
3.401983042E0,6.671915187E-1,-7.335090001E-2,-5.285249364E-1,-5.197467646E-1,9.629865364E1,4.636107274E1,-5.139834910E1,-9.912561557E1
3.412006042E0,6.676549866E-1,-7.506680358E-2,-5.290829817E-1,-5.183368472E-1,9.622733495E1,4.626552333E1,-5.165686627E1,-9.901463963E1
3.422028875E0,6.682377405E-1,-7.668069070E-2,-5.294439273E-1,-5.169792656E-1,9.613760391E1,4.613733567E1,-5.189428596E1,-9.887019722E1
3.432051875E0,6.690084009E-1,-7.815629402E-2,-5.295983534E-1,-5.156015220E-1,9.601884246E1,4.597077669E1,-5.211141971E1,-9.867595228E1
3.442075875E0,6.698783961E-1,-7.958340738E-2,-5.295260083E-1,-5.143264955E-1,9.588463989E1,4.576459722E1,-5.230714405E1,-9.845112923E1
3.452098875E0,6.708483532E-1,-8.095800577E-2,-5.291945444E-1,-5.131874453E-1,9.573485017E1,4.551438917E1,-5.247727635E1,-9.819473405E1
3.462121875E0,6.719173553E-1,-8.226738191E-2,-5.286147724E-1,-5.121771959E-1,9.556955953E1,4.522277334E1,-5.262143901E1,-9.790748005E1
3.472144875E0,6.730659307E-1,-8.352011269E-2,-5.278543168E-1,-5.112498072E-1,9.539172377E1,4.490050124E1,-5.274609975E1,-9.759541176E1
3.482167875E0,6.741895288E-1,-8.486611444E-2,-5.270025290E-1,-5.104257889E-1,9.521751191E1,4.455889462E1,-5.286685825E1,-9.728347724E1
3.492191875E0,6.752376524E-1,-8.639636115E-2,-5.261392983E-1,-5.096737890E-1,9.505478400E1,4.420675701E1,-5.299719542E1,-9.698391231E1
3.502214875E0,6.760786401E-1,-8.826492060E-2,-5.253561888E-1,-5.090460644E-1,9.492406217E1,4.385769909E1,-5.315169074E1,-9.672758679E1
3.512237875E0,6.766833789E-1,-9.048747144E-2,-5.247368198E-1,-5.084908903E-1,9.482997787E1,4.352457630E1,-5.333930988E1,-9.652246659E1
3.522260875E0,6.770508836E-1,-9.304688096E-2,-5.242629206E-1,-5.080283023E-1,9.477276738E1,4.320628013E1,-5.355681002E1,-9.636829702E1
3.532283875E0,6.772550640E-1,-9.578733227E-2,-5.239105519E-1,-5.076102688E-1,9.474097069E1,4.290455366E1,-5.379292877E1,-9.624928289E1
3.542306875E0,6.772743936E-1,-9.872551552E-2,-5.236224360E-1,-5.073185862E-1,9.473796010E1,4.261292694E1,-5.404151871E1,-9.616939039E1
3.552330875E0,6.771553288E-1,-1.018544976E-1,-5.233569952E-1,-5.071328451E-1,9.475650332E1,4.232139102E1,-5.430117350E1,-9.611627861E1
3.562353875E0,6.769771688E-1,-1.051125332E-1,-5.230786574E-1,-5.069929649E-1,9.478424489E1,4.202134949E1,-5.456830735E1,-9.607034564E1
3.572376875E0,6.767902106E-1,-1.084487092E-1,-5.227142557E-1,-5.069159995E-1,9.481334979E1,4.170140303E1,-5.483377496E1,-9.601848538E1
3.582399875E0,6.767654862E-1,-1.117296517E-1,-5.221165081E-1,-5.068524684E-1,9.481719827E1,4.133270858E1,-5.508096640E1,-9.591708633E1
3.592422875E0,6.770588915E-1,-1.148610361E-1,-5.211368467E-1,-5.067687859E-1,9.477152048E1,4.088416414E1,-5.529523027E1,-9.572517592E1
3.602446875E0,6.778091001E-1,-1.177189717E-1,-5.196692513E-1,-5.066173153E-1,9.465465056E1,4.033516145E1,-5.546196781E1,-9.540806350E1
3.612469875E0,6.789967246E-1,-1.202849351E-1,-5.176760215E-1,-5.064649018E-1,9.446941356E1,3.968501682E1,-5.557235843E1,-9.497105686E1
3.622492875E0,6.805748501E-1,-1.225758481E-1,-5.151435648E-1,-5.063794491E-1,9.422283959E1,3.893780738E1,-5.562168752E1,-9.442710417E1
3.632515875E0,6.825115347E-1,-1.245656008E-1,-5.121625604E-1,-5.063112186E-1,9.391956733E1,3.811442887E1,-5.561401130E1,-9.378920924E1
3.642538875E0,6.846906637E-1,-1.262927365E-1,-5.088170700E-1,-5.063141162E-1,9.357743109E1,3.723995561E1,-5.555324409E1,-9.309071268E1
3.652562875E0,6.870249353E-1,-1.277343484E-1,-5.052598971E-1,-5.063527965E-1,9.320986868E1,3.635035880E1,-5.544777673E1,-9.236070418E1
3.662585875E0,6.894188236E-1,-1.289119946E-1,-5.016679951E-1,-5.063719838E-1,9.283175738E1,3.548007754E1,-5.531303802E1,-9.162787248E1
3.672608875E0,6.916824676E-1,-1.299422111E-1,-4.982195610E-1,-5.064264165E-1,9.247312249E1,3.466464676E1,-5.516814775E1,-9.094106771E1
3.682631875E0,6.936008763E-1,-1.309544309E-1,-4.950797262E-1,-5.066209979E-1,9.216834055E1,3.393789056E1,-5.503117331E1,-9.035364970E1
3.692654875E0,6.951083637E-1,-1.320381949E-1,-4.923347020E-1,-5.069485843E-1,9.192829396E1,3.330728386E1,-5.491747861E1,-8.987844652E1
3.702678875E0,6.962413763E-1,-1.332297706E-1,-4.900096711E-1,-5.073344598E-1,9.174755683E1,3.276486130E1,-5.483671659E1,-8.950210418E1
3.712701875E0,6.969951727E-1,-1.346125666E-1,-4.881115877E-1,-5.077640626E-1,9.162715864E1,3.230116134E1,-5.479809061E1,-8.922019498E1
3.722724875E0,6.975125147E-1,-1.361113296E-1,-4.865732488E-1,-5.081303714E-1,9.154445632E1,3.189635384E1,-5.479617969E1,-8.899613160E1
3.732747875E0,6.978542941E-1,-1.377100333E-1,-4.852901407E-1,-5.084572097E-1,9.148978757E1,3.153173169E1,-5.482167813E1,-8.881352013E1
3.742770875E0,6.981482262E-1,-1.393468062E-1,-4.841553790E-1,-5.086897760E-1,9.144275182E1,3.118478394E1,-5.486447386E1,-8.864027901E1
3.752793875E0,6.984515781E-1,-1.410253887E-1,-4.830306060E-1,-5.088797108E-1,9.139418893E1,3.083197840E1,-5.491267458E1,-8.846025470E1
3.762817875E0,6.988280022E-1,-1.427288063E-1,-4.818580702E-1,-5.089996923E-1,9.133390016E1,3.046021590E1,-5.496182117E1,-8.825685013E1
3.772840875E0,6.993028918E-1,-1.444809245E-1,-4.805690615E-1,-5.090717845E-1,9.125779673E1,3.005576012E1,-5.500768730E1,-8.802150398E1
3.782863875E0,6.999735114E-1,-1.462241709E-1,-4.791257743E-1,-5.090129686E-1,9.115024229E1,2.960767423E1,-5.504584227E1,-8.773040305E1
3.792886875E0,7.007980302E-1,-1.479953395E-1,-4.774708888E-1,-5.089216363E-1,9.101786962E1,2.911154395E1,-5.507051923E1,-8.739326480E1
3.802909875E0,7.017967314E-1,-1.497525996E-1,-4.756141199E-1,-5.087697496E-1,9.085733131E1,2.857070923E1,-5.507959417E1,-8.700701394E1
3.812933875E0,7.029423565E-1,-1.514608536E-1,-4.735941058E-1,-5.085670338E-1,9.067290209E1,2.799767561E1,-5.507225346E1,-8.658186209E1
3.822956875E0,7.040797208E-1,-1.531932576E-1,-4.714312138E-1,-5.084843522E-1,9.048951208E1,2.740827510E1,-5.504907899E1,-8.615730886E1
3.832979875E0,7.052055685E-1,-1.549153146E-1,-4.691956817E-1,-5.084700012E-1,9.030769199E1,2.681467946E1,-5.501462199E1,-8.573637685E1
3.843002875E0,7.063122815E-1,-1.566320401E-1,-4.669118283E-1,-5.085102726E-1,9.012868196E1,2.622013901E1,-5.497174805E1,-8.532101217E1
3.853025875E0,7.074548088E-1,-1.582988636E-1,-4.646336647E-1,-5.084927289E-1,8.994358582E1,2.562773388E1,-5.492517451E1,-8.489813233E1
3.863049875E0,7.085884115E-1,-1.599972236E-1,-4.623633299E-1,-5.084519940E-1,8.975963927E1,2.503390170E1,-5.488034427E1,-8.447451076E1
3.873072875E0,7.097699352E-1,-1.617029908E-1,-4.602382015E-1,-5.081923905E-1,8.956760059E1,2.444608375E1,-5.485311676E1,-8.403320196E1
3.883095875E0,7.109006087E-1,-1.635341344E-1,-4.583544165E-1,-5.077283958E-1,8.938352271E1,2.387144345E1,-5.486026142E1,-8.359120955E1
3.893118875E0,7.119623299E-1,-1.655182395E-1,-4.567499702E-1,-5.070431302E-1,8.921039800E1,2.331099628E1,-5.490773322E1,-8.314944691E1
3.903141875E0,7.129357641E-1,-1.676964202E-1,-4.553884268E-1,-5.061836612E-1,8.905143607E1,2.275730373E1,-5.499437883E1,-8.270931565E1
3.913165875E0,7.139128229E-1,-1.699887557E-1,-4.542316539E-1,-5.050800775E-1,8.889165648E1,2.220232610E1,-5.511277980E1,-8.224942248E1
3.923188875E0,7.148472501E-1,-1.724558109E-1,-4.532928012E-1,-5.037637998E-1,8.873863569E1,2.164437458E1,-5.526782371E1,-8.177624577E1
3.933211875E0,7.157355687E-1,-1.751474667E-1,-4.526026993E-1,-5.021919437E-1,8.859297168E1,2.107775966E1,-5.546732028E1,-8.128344140E1
3.943234875E0,7.164754988E-1,-1.781527478E-1,-4.522318070E-1,-5.004107336E-1,8.847149500E1,2.050919337E1,-5.572306832E1,-8.078897888E1
3.953257875E0,7.170779564E-1,-1.814417719E-1,-4.521818525E-1,-4.984070618E-1,8.837248985E1,1.993839240E1,-5.603335802E1,-8.028884301E1
3.963280875E0,7.174928394E-1,-1.850020426E-1,-4.523924181E-1,-4.963057991E-1,8.830425865E1,1.936760923E1,-5.638867216E1,-7.979821982E1
3.973304875E0,7.178240820E-1,-1.886767737E-1,-4.527193618E-1,-4.941404942E-1,8.824975281E1,1.878961493E1,-5.676308894E1,-7.930250722E1
3.983327875E0,7.181322809E-1,-1.923366901E-1,-4.529903555E-1,-4.920287474E-1,8.819901480E1,1.819973545E1,-5.712790989E1,-7.880094274E1
3.993350875E0,7.184498152E-1,-1.958811558E-1,-4.531328961E-1,-4.900317455E-1,8.814671564E1,1.760308915E1,-5.746706570E1,-7.829748938E1
4.003373875E0,7.187376044E-1,-1.993157130E-1,-4.531294717E-1,-4.882246467E-1,8.809929432E1,1.700579151E1,-5.777752452E1,-7.780653005E1
4.013396875E0,7.190616294E-1,-2.025405475E-1,-4.530459682E-1,-4.864946028E-1,8.804587786E1,1.641858944E1,-5.806034109E1,-7.731771841E1
4.023420875E0,7.194969115E-1,-2.054933768E-1,-4.527410990E-1,-4.848939603E-1,8.797407974E1,1.583041432E1,-5.829624170E1,-7.682216727E1
4.033443875E0,7.201431491E-1,-2.080595614E-1,-4.520489740E-1,-4.834840218E-1,8.786739928E1,1.523388548E1,-5.845909162E1,-7.631148687E1
4.043466875E0,7.210361144E-1,-2.101777883E-1,-4.508726449E-1,-4.823340451E-1,8.771981931E1,1.463057516E1,-5.853319373E1,-7.579050393E1
4.053489875E0,7.221215433E-1,-2.118781396E-1,-4.493008836E-1,-4.814321236E-1,8.754016419E1,1.403560821E1,-5.852955586E1,-7.527423073E1
4.063512875E0,7.233555398E-1,-2.132394196E-1,-4.474863985E-1,-4.806679801E-1,8.733556101E1,1.345654668E1,-5.847129124E1,-7.476333086E1
4.073536875E0,7.246359505E-1,-2.144563993E-1,-4.455865134E-1,-4.799624524E-1,8.712285674E1,1.289010595E1,-5.839028244E1,-7.426054213E1
4.083559875E0,7.258133122E-1,-2.157887560E-1,-4.437930280E-1,-4.792475260E-1,8.692690414E1,1.233028468E1,-5.832651906E1,-7.377193246E1
4.093582875E0,7.268065132E-1,-2.174023692E-1,-4.422924106E-1,-4.783993101E-1,8.676132675E1,1.177204474E1,-5.831321631E1,-7.329092890E1
4.103605875E0,7.275756932E-1,-2.193650215E-1,-4.411173986E-1,-4.774179629E-1,8.663292196E1,1.121008036E1,-5.835882938E1,-7.281745420E1
4.113628875E0,7.281570774E-1,-2.215722730E-1,-4.402258874E-1,-4.763341040E-1,8.653576594E1,1.065143626E1,-5.845089547E1,-7.235343904E1
4.123651875E0,7.285296976E-1,-2.239332552E-1,-4.395366178E-1,-4.752956478E-1,8.647345074E1,1.011069819E1,-5.857242631E1,-7.192194044E1
4.133675875E0,7.287194744E-1,-2.263613141E-1,-4.390253133E-1,-4.743260701E-1,8.644169955E1,9.596771987E0,-5.871455045E1,-7.152720495E1
4.143698875E0,7.286460756E-1,-2.288638043E-1,-4.387021102E-1,-4.735363857E-1,8.645398087E1,9.124167668E0,-5.887790382E1,-7.119530139E1
4.153721875E0,7.284368587E-1,-2.313565796E-1,-4.385856163E-1,-4.727543930E-1,8.648898005E1,8.684419703E0,-5.906082007E1,-7.089293126E1
4.163744875E0,7.281424208E-1,-2.339177172E-1,-4.385303618E-1,-4.719981100E-1,8.653821630E1,8.245709698E0,-5.925405098E1,-7.059924938E1
4.173767875E0,7.279830003E-1,-2.364578761E-1,-4.384018877E-1,-4.710969471E-1,8.656486539E1,7.774911395E0,-5.943889736E1,-7.025877232E1
4.183791875E0,7.279910398E-1,-2.389989096E-1,-4.379858561E-1,-4.701882295E-1,8.656352165E1,7.252111458E0,-5.959262269E1,-6.987091572E1
4.193814875E0,7.283273717E-1,-2.413650653E-1,-4.372705925E-1,-4.691233472E-1,8.650729121E1,6.679626634E0,-5.970189733E1,-6.940830148E1
4.203837875E0,7.288633953E-1,-2.436157070E-1,-4.362162048E-1,-4.681078610E-1,8.641761416E1,6.072206627E0,-5.976426496E1,-6.891203592E1
4.213860875E0,7.296690955E-1,-2.456271127E-1,-4.348592975E-1,-4.670630196E-1,8.628267932E1,5.444156628E0,-5.977479816E1,-6.837734541E1
4.223883875E0,7.307409953E-1,-2.474023590E-1,-4.332189633E-1,-4.659732496E-1,8.610289936E1,4.798826474E0,-5.973544191E1,-6.780599210E1
4.233907875E0,7.320945097E-1,-2.489922962E-1,-4.313462207E-1,-4.647374092E-1,8.587545444E1,4.126541661E0,-5.965561695E1,-6.718182183E1
4.243930875E0,7.335819774E-1,-2.505714859E-1,-4.292264134E-1,-4.635040027E-1,8.562493906E1,3.423411266E0,-5.954497526E1,-6.653120120E1
4.253953875E0,7.352050209E-1,-2.521567501E-1,-4.268962458E-1,-4.622231073E-1,8.535091412E1,2.688245239E0,-5.940853877E1,-6.584892663E1
4.263976875E0,7.369118734E-1,-2.537936546E-1,-4.244062047E-1,-4.609002126E-1,8.506197051E1,1.924777695E0,-5.925455333E1,-6.514239695E1
4.273999875E0,7.386747180E-1,-2.554945855E-1,-4.218457310E-1,-4.594871868E-1,8.476271216E1,1.139058616E0,-5.909348759E1,-6.441245070E1
4.284023875E0,7.403805696E-1,-2.573688243E-1,-4.192033238E-1,-4.581119351E-1,8.447231129E1,3.311118654E-1,-5.893111334E1,-6.368154287E1
4.294046875E0,7.420997606E-1,-2.593197597E-1,-4.164867065E-1,-4.567057266E-1,8.417881707E1,-4.925892107E-1,-5.876139296E1,-6.294091358E1
4.304069875E0,7.437611894E-1,-2.613131529E-1,-4.136352036E-1,-4.554564097E-1,8.389439091E1,-1.310426305E0,-5.857519122E1,-6.222899808E1
4.314092875E0,7.454434071E-1,-2.631957631E-1,-4.106064098E-1,-4.543617191E-1,8.360560323E1,-2.104764667E0,-5.835769828E1,-6.155080322E1
4.324115875E0,7.472017420E-1,-2.648226472E-1,-4.072526429E-1,-4.535457877E-1,8.330287586E1,-2.855371880E0,-5.808335776E1,-6.092916168E1
4.334138875E0,7.491009949E-1,-2.660347274E-1,-4.035034489E-1,-4.530543238E-1,8.297487361E1,-3.539322924E0,-5.773477936E1,-6.037926558E1
4.344162875E0,7.512321503E-1,-2.666428958E-1,-3.992461220E-1,-4.529397266E-1,8.260555287E1,-4.133415657E0,-5.728818556E1,-5.991557308E1
4.354185875E0,7.536320024E-1,-2.664995491E-1,-3.942786154E-1,-4.533886642E-1,8.218803940E1,-4.615410860E0,-5.671360600E1,-5.957064714E1
4.364208875E0,7.564541553E-1,-2.652485833E-1,-3.883466203E-1,-4.545407062E-1,8.169481324E1,-4.945868405E0,-5.596188398E1,-5.937309207E1
4.374231875E0,7.597398288E-1,-2.625541879E-1,-3.811521006E-1,-4.567097622E-1,8.111746572E1,-5.078330351E0,-5.498231704E1,-5.937961914E1
4.384254875E0,7.626993805E-1,-2.588101780E-1,-3.732705345E-1,-4.604086539E-1,8.059449858E1,-4.969630418E0,-5.387214096E1,-5.970879040E1
4.394278875E0,7.637221792E-1,-2.550510848E-1,-3.668094806E-1,-4.659702888E-1,8.041311000E1,-4.542435250E0,-5.293702184E1,-6.051475226E1
4.404301875E0,7.618351173E-1,-2.526027375E-1,-3.638170069E-1,-4.726906670E-1,8.074750810E1,-3.854149472E0,-5.248021290E1,-6.173580348E1
4.414324875E0,7.573408091E-1,-2.522145439E-1,-3.649982356E-1,-4.791648655E-1,8.153934598E1,-3.043324607E0,-5.261379310E1,-6.313773860E1
4.424347750E0,7.515616438E-1,-2.533145661E-1,-3.696850600E-1,-4.840660277E-1,8.254833207E1,-2.187910905E0,-5.321844534E1,-6.447341994E1
4.434370750E0,7.457753135E-1,-2.552234443E-1,-3.764280447E-1,-4.868081754E-1,8.354852845E1,-1.385613785E0,-5.409116425E1,-6.556193570E1
4.444394750E0,7.407117490E-1,-2.578547616E-1,-3.842037958E-1,-4.870775359E-1,8.441583799E1,-7.733228913E-1,-5.512075270E1,-6.625267054E1
4.454417750E0,7.361798775E-1,-2.617350112E-1,-3.930065445E-1,-4.848504859E-1,8.518598309E1,-4.414627627E-1,-5.635141824E1,-6.650160877E1
4.464440750E0,7.317561864E-1,-2.670525579E-1,-4.028053864E-1,-4.805867842E-1,8.593235179E1,-3.944838766E-1,-5.780014632E1,-6.637269572E1
4.474463750E0,7.273308727E-1,-2.730238550E-1,-4.125014639E-1,-4.756999204E-1,8.667380816E1,-5.277796120E-1,-5.929468991E1,-6.607180021E1
4.484486750E0,7.231078322E-1,-2.783180260E-1,-4.209383989E-1,-4.716619256E-1,8.737666291E1,-6.336090396E-1,-6.061143160E1,-6.586010894E1
4.494509750E0,7.193990465E-1,-2.818593412E-1,-4.276536036E-1,-4.691829639E-1,8.799022626E1,-5.114408603E-1,-6.161757094E1,-6.591877007E1
4.504533750E0,7.165129989E-1,-2.833108365E-1,-4.327451537E-1,-4.680553671E-1,8.846533496E1,-1.102220468E-1,-6.229405275E1,-6.624179627E1
4.514556750E0,7.144819634E-1,-2.830984480E-1,-4.364045643E-1,-4.678908891E-1,8.879847949E1,4.797676821E-1,-6.268844893E1,-6.673117341E1
4.524579750E0,7.133071200E-1,-2.816651179E-1,-4.385788359E-1,-4.685151260E-1,8.899073451E1,1.145967834E0,-6.282447485E1,-6.729536681E1
4.534602750E0,7.131313360E-1,-2.791152547E-1,-4.389888194E-1,-4.699224409E-1,8.901947211E1,1.809032246E0,-6.267766942E1,-6.786791568E1
4.544625750E0,7.138939727E-1,-2.755210452E-1,-4.376407208E-1,-4.721379848E-1,8.889474122E1,2.445963204E0,-6.225472691E1,-6.843503342E1
4.554649750E0,7.152641141E-1,-2.712590400E-1,-4.349100160E-1,-4.750462544E-1,8.867030310E1,3.035068532E0,-6.162695521E1,-6.899114122E1
4.564672750E0,7.168411543E-1,-2.669333192E-1,-4.313809971E-1,-4.783262169E-1,8.841141532E1,3.535404728E0,-6.090630239E1,-6.950701342E1
4.574695750E0,7.181070349E-1,-2.631996195E-1,-4.277727580E-1,-4.817245595E-1,8.820317185E1,3.940093228E0,-6.022159409E1,-6.999500441E1
4.584718750E0,7.186580628E-1,-2.604765590E-1,-4.247327006E-1,-4.850616627E-1,8.811240306E1,4.277025793E0,-5.967434393E1,-7.048907611E1
4.594741750E0,7.184170987E-1,-2.588346864E-1,-4.226431863E-1,-4.881128100E-1,8.815210532E1,4.573048735E0,-5.931088354E1,-7.099121857E1
4.604765750E0,7.176592773E-1,-2.580108314E-1,-4.214347624E-1,-4.907017434E-1,8.827687470E1,4.833988642E0,-5.910456997E1,-7.146683576E1
4.614788750E0,7.167879860E-1,-2.575661347E-1,-4.207961164E-1,-4.927527249E-1,8.842015323E1,5.061904511E0,-5.898984815E1,-7.187736855E1
4.624811750E0,7.160516279E-1,-2.571138148E-1,-4.203399611E-1,-4.944459008E-1,8.854109939E1,5.270900513E0,-5.889566158E1,-7.222870411E1
4.634834750E0,7.153639494E-1,-2.564517405E-1,-4.197656576E-1,-4.962699427E-1,8.865393184E1,5.503377924E0,-5.877178075E1,-7.260131603E1
4.644857750E0,7.146879034E-1,-2.554592770E-1,-4.189232159E-1,-4.984628537E-1,8.876474490E1,5.780524049E0,-5.859140496E1,-7.303330529E1
4.654880750E0,7.139190711E-1,-2.542504158E-1,-4.178664732E-1,-5.010627980E-1,8.889063396E1,6.099476962E0,-5.836826065E1,-7.353493840E1
4.664904750E0,7.128656107E-1,-2.530633920E-1,-4.167314586E-1,-5.040995206E-1,8.906289963E1,6.454567505E0,-5.813402179E1,-7.412203133E1
4.674927750E0,7.115100626E-1,-2.520896523E-1,-4.155564676E-1,-5.074614272E-1,8.928417727E1,6.813416894E0,-5.790807072E1,-7.476694516E1
4.684950750E0,7.098984093E-1,-2.515251690E-1,-4.143141577E-1,-5.110019732E-1,8.954669954E1,7.129948673E0,-5.770426834E1,-7.542619701E1
4.694973750E0,7.082450201E-1,-2.513483103E-1,-4.130780011E-1,-5.143730151E-1,8.981539171E1,7.376263032E0,-5.753232572E1,-7.603249983E1
4.704996750E0,7.067231395E-1,-2.514123946E-1,-4.118298854E-1,-5.174265964E-1,9.006215494E1,7.549912258E0,-5.738106918E1,-7.655538799E1
4.715020750E0,7.054215500E-1,-2.515691387E-1,-4.104068393E-1,-5.202494343E-1,9.027277900E1,7.653615249E0,-5.722226659E1,-7.699682596E1
4.725043750E0,7.044333750E-1,-2.515773152E-1,-4.087121988E-1,-5.229119350E-1,9.043242913E1,7.708583013E0,-5.702694300E1,-7.736638587E1
4.735066750E0,7.039220178E-1,-2.511787588E-1,-4.065942090E-1,-5.254371529E-1,9.051495766E1,7.722577888E0,-5.675965480E1,-7.765497972E1
4.745089750E0,7.039974027E-1,-2.501876862E-1,-4.038095140E-1,-5.279503431E-1,9.050279491E1,7.693257607E0,-5.638072725E1,-7.786266005E1
4.755112750E0,7.044793625E-1,-2.487265814E-1,-4.003278893E-1,-5.306426311E-1,9.042500427E1,7.626774569E0,-5.589540068E1,-7.802771367E1
4.765136750E0,7.049155086E-1,-2.472105329E-1,-3.965207487E-1,-5.336219813E-1,9.035456296E1,7.549711127E0,-5.537224499E1,-7.821705650E1
4.775159750E0,7.049128797E-1,-2.461035565E-1,-3.929372866E-1,-5.367785432E-1,9.035498768E1,7.482885704E0,-5.490295038E1,-7.846858076E1
4.785182750E0,7.044417991E-1,-2.456294676E-1,-3.899490540E-1,-5.397849253E-1,9.043106906E1,7.420270502E0,-5.454456971E1,-7.875221942E1
4.795205750E0,7.038446941E-1,-2.456572951E-1,-3.875736049E-1,-5.422563006E-1,9.052743189E1,7.335371089E0,-5.429196483E1,-7.898770392E1
4.805228750E0,7.033758895E-1,-2.460169025E-1,-3.856507287E-1,-5.440695054E-1,9.060303295E1,7.209364146E0,-5.411698560E1,-7.913097470E1
4.815251750E0,7.030299850E-1,-2.466058468E-1,-3.842651669E-1,-5.452290126E-1,9.065878307E1,7.067048339E0,-5.401912940E1,-7.919584438E1
4.825275750E0,7.026262182E-1,-2.474274522E-1,-3.836038881E-1,-5.458426708E-1,9.072382509E1,6.947924186E0,-5.401523136E1,-7.922898881E1
4.835298750E0,7.019715407E-1,-2.484934619E-1,-3.836828818E-1,-5.461450006E-1,9.082920843E1,6.878972089E0,-5.410529740E1,-7.928306101E1
4.845321750E0,7.010017680E-1,-2.497399707E-1,-3.843233717E-1,-5.463716400E-1,9.098513731E1,6.866962758E0,-5.426475382E1,-7.938881183E1
4.855344750E0,6.997855312E-1,-2.509828918E-1,-3.853583192E-1,-5.466323236E-1,9.118040067E1,6.919961059E0,-5.446169169E1,-7.955410956E1
4.865367750E0,6.984227866E-1,-2.520801271E-1,-3.865793292E-1,-5.470078204E-1,9.139879897E1,7.032007782E0,-5.466369053E1,-7.977418900E1
4.875391750E0,6.970738714E-1,-2.529775968E-1,-3.878179882E-1,-5.474372599E-1,9.161458160E1,7.176763402E0,-5.485066465E1,-8.001531968E1
4.885414750E0,6.957887824E-1,-2.536627571E-1,-3.889890594E-1,-5.479240876E-1,9.181978732E1,7.342744866E0,-5.501321523E1,-8.026718566E1
4.895437750E0,6.946888129E-1,-2.540401821E-1,-3.900189177E-1,-5.484125907E-1,9.199515039E1,7.521630722E0,-5.513700462E1,-8.050875374E1
4.905460750E0,6.937313260E-1,-2.541070270E-1,-3.908496321E-1,-5.490017983E-1,9.214758738E1,7.715362518E0,-5.521511079E1,-8.075365838E1
4.915483750E0,6.928340091E-1,-2.538965140E-1,-3.916174528E-1,-5.496846721E-1,9.229026791E1,7.940501713E0,-5.526315876E1,-8.101756327E1
4.925507750E0,6.920042588E-1,-2.535467373E-1,-3.924348909E-1,-5.503082400E-1,9.242205306E1,8.182038545E0,-5.530472141E1,-8.127841964E1
4.935530750E0,6.913058855E-1,-2.532551654E-1,-3.932731075E-1,-5.507215320E-1,9.253285976E1,8.396702054E0,-5.535500421E1,-8.149429791E1
4.945553750E0,6.907217302E-1,-2.531957015E-1,-3.940443895E-1,-5.509305804E-1,9.262546549E1,8.552766881E0,-5.542020406E1,-8.165111305E1
4.955576750E0,6.901647596E-1,-2.534544252E-1,-3.947745573E-1,-5.509868464E-1,9.271369513E1,8.651477877E0,-5.550939809E1,-8.176253726E1
4.965599750E0,6.895640933E-1,-2.540184975E-1,-3.954773350E-1,-5.509752033E-1,9.280877406E1,8.706441562E0,-5.562193478E1,-8.184998356E1
4.975622750E0,6.889568204E-1,-2.547472745E-1,-3.961414692E-1,-5.509211921E-1,9.290482242E1,8.733402675E0,-5.574494365E1,-8.192000855E1
4.985646750E0,6.883443582E-1,-2.556337860E-1,-3.966973492E-1,-5.508762478E-1,9.300161411E1,8.727633899E0,-5.587074088E1,-8.197437978E1
4.995669750E0,6.878180968E-1,-2.566285096E-1,-3.971251661E-1,-5.507628886E-1,9.308472094E1,8.681329157E0,-5.599437505E1,-8.199299308E1
5.005692750E0,6.873800594E-1,-2.577008308E-1,-3.974020077E-1,-5.506091843E-1,9.315385198E1,8.596918693E0,-5.611079146E1,-8.197914170E1
5.015715750E0,6.870934608E-1,-2.587810967E-1,-3.975284061E-1,-5.503691158E-1,9.319906159E1,8.475748653E0,-5.621484593E1,-8.192314620E1
5.025738750E0,6.869460469E-1,-2.598823253E-1,-3.974288394E-1,-5.501059351E-1,9.322230889E1,8.311430297E0,-5.629957016E1,-8.182818733E1
5.035762750E0,6.870142932E-1,-2.609611951E-1,-3.971526985E-1,-5.497094492E-1,9.321154694E1,8.102968949E0,-5.636725434E1,-8.167655337E1
5.045785750E0,6.872601727E-1,-2.620420458E-1,-3.967927276E-1,-5.491473841E-1,9.317276561E1,7.859218313E0,-5.642877766E1,-8.147372868E1
5.055808750E0,6.875812105E-1,-2.632124690E-1,-3.964539459E-1,-5.484301659E-1,9.312211123E1,7.589476369E0,-5.650104455E1,-8.123560932E1
5.065831750E0,6.878973171E-1,-2.645335356E-1,-3.962646065E-1,-5.475342872E-1,9.307221418E1,7.305143130E0,-5.660137578E1,-8.097364553E1
5.075854750E0,6.880071623E-1,-2.661085265E-1,-3.963392011E-1,-5.465781333E-1,9.305487042E1,7.028190794E0,-5.674795875E1,-8.072921632E1
5.085877750E0,6.878489536E-1,-2.679246763E-1,-3.967514816E-1,-5.455900320E-1,9.307984963E1,6.775059025E0,-5.694677348E1,-8.051921089E1
5.095901750E0,6.874075602E-1,-2.699802624E-1,-3.973674578E-1,-5.446839064E-1,9.314951296E1,6.537943200E0,-5.718392600E1,-8.035091103E1
5.105924750E0,6.867714905E-1,-2.722322212E-1,-3.980339575E-1,-5.438782167E-1,9.324983083E1,6.298511682E0,-5.744114703E1,-8.020756260E1
5.115947750E0,6.860013411E-1,-2.746791197E-1,-3.986414411E-1,-5.431744065E-1,9.337118415E1,6.038840301E0,-5.770778845E1,-8.007363097E1
5.125970750E0,6.852025266E-1,-2.772976086E-1,-3.990803268E-1,-5.425297757E-1,9.349692639E1,5.737219885E0,-5.797168538E1,-7.992316006E1
5.135993750E0,6.845156120E-1,-2.799806823E-1,-3.991795352E-1,-5.419455413E-1,9.360495064E1,5.376383600E0,-5.820708114E1,-7.973322963E1
5.146017750E0,6.841023253E-1,-2.825855524E-1,-3.987310242E-1,-5.414452530E-1,9.366989809E1,4.940150309E0,-5.838118869E1,-7.948205761E1
5.156040750E0,6.839843668E-1,-2.849730871E-1,-3.976608315E-1,-5.411300262E-1,9.368842877E1,4.446471418E0,-5.847395595E1,-7.918781866E1
5.166063750E0,6.841287514E-1,-2.870058349E-1,-3.960156661E-1,-5.410796291E-1,9.366574630E1,3.932266166E0,-5.847777548E1,-7.888294481E1
5.176086750E0,6.844725748E-1,-2.886582811E-1,-3.937717310E-1,-5.414033274E-1,9.361171549E1,3.414740003E0,-5.838754494E1,-7.859484260E1
5.186109750E0,6.848762099E-1,-2.900545851E-1,-3.909125520E-1,-5.422178205E-1,9.354825492E1,2.896184937E0,-5.821155453E1,-7.835005772E1
5.196133750E0,6.852244904E-1,-2.913391789E-1,-3.875543333E-1,-5.434983471E-1,9.349347079E1,2.378157777E0,-5.797406767E1,-7.815832818E1
5.206156750E0,6.854439965E-1,-2.926579011E-1,-3.838991163E-1,-5.451048954E-1,9.345893007E1,1.858899910E0,-5.770851088E1,-7.801181416E1
5.216179750E0,6.854573465E-1,-2.941782275E-1,-3.801544899E-1,-5.468912159E-1,9.345682904E1,1.332659560E0,-5.745043773E1,-7.789953696E1
5.226202750E0,6.852290475E-1,-2.959801054E-1,-3.764911122E-1,-5.487361836E-1,9.349275379E1,8.001893933E-1,-5.722419468E1,-7.781248262E1
5.236225750E0,6.848457746E-1,-2.980294853E-1,-3.729994671E-1,-5.504872060E-1,9.355304119E1,2.584561337E-1,-5.703646819E1,-7.772591717E1
5.246248750E0,6.842781462E-1,-3.003524800E-1,-3.697235743E-1,-5.521380085E-1,9.364227230E1,-2.908268528E-1,-5.689379440E1,-7.764196037E1
5.256272750E0,6.835680244E-1,-3.028599172E-1,-3.667792429E-1,-5.536096395E-1,9.375381162E1,-8.314572137E-1,-5.680053896E1,-7.755722425E1
5.266295750E0,6.826578949E-1,-3.054256804E-1,-3.641937550E-1,-5.550282287E-1,9.389661783E1,-1.330032048E0,-5.674927657E1,-7.750658649E1
5.276318750E0,6.816545259E-1,-3.078017906E-1,-3.620024587E-1,-5.563807421E-1,9.405386157E1,-1.755290644E0,-5.672336759E1,-7.749648835E1
5.286341750E0,6.807970904E-1,-3.097449474E-1,-3.602853776E-1,-5.574656020E-1,9.418807611E1,-2.093818275E0,-5.671037679E1,-7.749405980E1
5.296364750E0,6.799609444E-1,-3.113581865E-1,-3.589800634E-1,-5.584286944E-1,9.431881765E1,-2.348828620E0,-5.671254356E1,-7.752237919E1
5.306388750E0,6.792572342E-1,-3.126210773E-1,-3.580992338E-1,-5.591446271E-1,9.442874412E1,-2.532622308E0,-5.672885816E1,-7.755291994E1
5.316411750E0,6.786710927E-1,-3.135017739E-1,-3.575343014E-1,-5.597245308E-1,9.452023076E1,-2.643168722E0,-5.674576813E1,-7.759956057E1
5.326434750E0,6.782051804E-1,-3.139205002E-1,-3.572395711E-1,-5.602422838E-1,9.459290357E1,-2.668291346E0,-5.675212928E1,-7.767641544E1
5.336457750E0,6.777015625E-1,-3.138972496E-1,-3.572278819E-1,-5.608719208E-1,9.467140987E1,-2.586179290E0,-5.675145656E1,-7.782582905E1
5.346480750E0,6.771342237E-1,-3.133714203E-1,-3.576026148E-1,-5.616120616E-1,9.475978994E1,-2.374937978E0,-5.674896766E1,-7.806144469E1
5.356504750E0,6.763898472E-1,-3.123155205E-1,-3.583083164E-1,-5.626463242E-1,9.487565393E1,-2.015724234E0,-5.673667026E1,-7.842135217E1
5.366527750E0,6.755354989E-1,-3.105509426E-1,-3.594149398E-1,-5.639422871E-1,9.500850283E1,-1.482061050E0,-5.670556880E1,-7.891099242E1
5.376550750E0,6.744440589E-1,-3.080793355E-1,-3.610304180E-1,-5.655700037E-1,9.517801390E1,-7.495213898E-1,-5.666486199E1,-7.956039896E1
5.386573750E0,6.731179662E-1,-3.050168085E-1,-3.634754515E-1,-5.672411947E-1,9.538366108E1,1.805180002E-1,-5.665333322E1,-8.033945477E1
5.396596750E0,6.715615832E-1,-3.016905318E-1,-3.666501260E-1,-5.688194098E-1,9.562459351E1,1.242328804E0,-5.668578655E1,-8.120001027E1
5.406619750E0,6.697639095E-1,-2.983564158E-1,-3.704854102E-1,-5.702108722E-1,9.590230832E1,2.390391102E0,-5.677524504E1,-8.211151192E1
5.416643750E0,6.675643919E-1,-2.953131868E-1,-3.750066449E-1,-5.714174943E-1,9.624127884E1,3.604597455E0,-5.694805088E1,-8.308078471E1
5.426666167E0,6.649386064E-1,-2.927663845E-1,-3.802792525E-1,-5.723043009E-1,9.664476877E1,4.867187127E0,-5.722761923E1,-8.409265272E1
5.436689167E0,6.616879938E-1,-2.910215497E-1,-3.863332653E-1,-5.729065741E-1,9.714252760E1,6.171219958E0,-5.764200048E1,-8.517160332E1
5.446712167E0,6.578231015E-1,-2.902417645E-1,-3.933372550E-1,-5.729872695E-1,9.773187860E1,7.517735151E0,-5.822280200E1,-8.630447805E1
5.456735167E0,6.533115869E-1,-2.904941715E-1,-4.013805701E-1,-5.724428481E-1,9.841650165E1,8.928460518E0,-5.898537156E1,-8.750774110E1
5.466759167E0,6.483022601E-1,-2.915347719E-1,-4.102673226E-1,-5.713075016E-1,9.917255695E1,1.042480177E1,-5.989029605E1,-8.879188758E1
5.476782167E0,6.428001497E-1,-2.931232761E-1,-4.196506547E-1,-5.698948314E-1,9.999812414E1,1.203559217E1,-6.087993884E1,-9.020881692E1
5.486805167E0,6.368654467E-1,-2.949274299E-1,-4.294600650E-1,-5.683170273E-1,1.008830422E2,1.382252333E1,-6.191390058E1,-9.180636381E1
5.496828167E0,6.303759647E-1,-2.968333367E-1,-4.397171486E-1,-5.667141458E-1,1.018442680E2,1.585753246E1,-6.297565527E1,-9.366344482E1
5.506851167E0,6.234076629E-1,-2.987058527E-1,-4.503688215E-1,-5.650712563E-1,1.028691813E2,1.817683816E1,-6.404092459E1,-9.580525569E1
5.516874167E0,6.161417491E-1,-3.004391629E-1,-4.612268823E-1,-5.633608187E-1,1.039301425E2,2.077164482E1,-6.507681711E1,-9.821470835E1
5.526898167E0,6.088837641E-1,-3.019892344E-1,-4.719847020E-1,-5.615101110E-1,1.049823289E2,2.356689981E1,-6.605107365E1,-1.008092042E2
5.536921167E0,6.017631699E-1,-3.034694265E-1,-4.824018067E-1,-5.595319593E-1,1.060074399E2,2.648784436E1,-6.695313773E1,-1.035278252E2
5.546944167E0,5.949289979E-1,-3.049721618E-1,-4.924686341E-1,-5.572487565E-1,1.069848586E2,2.948416673E1,-6.779816114E1,-1.063074791E2
5.556967167E0,5.885808988E-1,-3.065719614E-1,-5.021516302E-1,-5.544637177E-1,1.078872620E2,3.249059616E1,-6.860376251E1,-1.090664674E2
5.566990167E0,5.828931039E-1,-3.084014191E-1,-5.113574818E-1,-5.510332949E-1,1.086914270E2,3.542637303E1,-6.939232550E1,-1.117192210E2
5.577014167E0,5.779471251E-1,-3.105387595E-1,-5.200118420E-1,-5.469281536E-1,1.093874330E2,3.824057418E1,-7.018017053E1,-1.142177123E2
5.587037167E0,5.738420774E-1,-3.128223496E-1,-5.279561120E-1,-5.423188347E-1,1.099628351E2,4.087706502E1,-7.094853682E1,-1.165094508E2
5.597060167E0,5.707459436E-1,-3.150267351E-1,-5.349843308E-1,-5.374001552E-1,1.103954819E2,4.323477114E1,-7.167185193E1,-1.184932906E2
5.607083167E0,5.686153453E-1,-3.170961032E-1,-5.409627348E-1,-5.324338985E-1,1.106925482E2,4.524351943E1,-7.233836623E1,-1.201212637E2
5.617106167E0,5.672977690E-1,-3.190141325E-1,-5.459327649E-1,-5.275987936E-1,1.108759898E2,4.689863105E1,-7.294737633E1,-1.214046770E2
5.627130167E0,5.667386489E-1,-3.208615764E-1,-5.498425805E-1,-5.229992237E-1,1.109537730E2,4.814159977E1,-7.350707395E1,-1.223022237E2
5.637153167E0,5.671319159E-1,-3.223761340E-1,-5.524868211E-1,-5.188385343E-1,1.108990666E2,4.881782893E1,-7.398471736E1,-1.226558578E2
5.647176167E0,5.689094776E-1,-3.230321286E-1,-5.537237258E-1,-5.151526475E-1,1.106515695E2,4.873467204E1,-7.433546609E1,-1.222264664E2
5.657199167E0,5.722240217E-1,-3.226326397E-1,-5.536611166E-1,-5.117882858E-1,1.101890808E2,4.785214949E1,-7.455264504E1,-1.209382422E2
5.667222167E0,5.768795863E-1,-3.214159971E-1,-5.525702192E-1,-5.084957503E-1,1.095372654E2,4.628822964E1,-7.466808725E1,-1.189045986E2
5.677245167E0,5.824897480E-1,-3.198273560E-1,-5.507903156E-1,-5.050210851E-1,1.087483011E2,4.423819675E1,-7.473067252E1,-1.163355777E2
5.687269167E0,5.886643272E-1,-3.182285785E-1,-5.486251267E-1,-5.012139787E-1,1.078754360E2,4.188400151E1,-7.477746672E1,-1.134311986E2
5.697292167E0,5.951079218E-1,-3.168008856E-1,-5.462140846E-1,-4.971256343E-1,1.069593480E2,3.933506014E1,-7.481658321E1,-1.103237072E2
5.707315167E0,6.016935038E-1,-3.154893916E-1,-5.436760541E-1,-4.927958359E-1,1.060174351E2,3.667054415E1,-7.483936790E1,-1.070916451E2
5.717338167E0,6.082352901E-1,-3.143321340E-1,-5.410382409E-1,-4.883878603E-1,1.050759759E2,3.395739307E1,-7.483776489E1,-1.038227983E2
5.727361167E0,6.144549637E-1,-3.135236204E-1,-5.383758771E-1,-4.840450701E-1,1.041753447E2,3.127887679E1,-7.482582773E1,-1.006325749E2
5.737385167E0,6.199977326E-1,-3.133370469E-1,-5.358529984E-1,-4.798794916E-1,1.033680622E2,2.873471472E1,-7.483650188E1,-9.765538597E1
5.747408167E0,6.246645425E-1,-3.138869684E-1,-5.338457231E-1,-4.756866652E-1,1.026848600E2,2.641823469E1,-7.492202050E1,-9.497038211E1
5.757431167E0,6.285800322E-1,-3.150240588E-1,-5.324340882E-1,-4.713394232E-1,1.021091252E2,2.429521068E1,-7.508781844E1,-9.251535438E1
5.767454167E0,6.321521146E-1,-3.163077675E-1,-5.313522629E-1,-4.669023189E-1,1.015818385E2,2.225740790E1,-7.527581951E1,-9.015013564E1
5.777477167E0,6.356278335E-1,-3.174152392E-1,-5.302585311E-1,-4.626561556E-1,1.010668695E2,2.025419210E1,-7.542120427E1,-8.782558065E1
5.787500167E0,6.389988964E-1,-3.182902709E-1,-5.291087018E-1,-4.587110526E-1,1.005655797E2,1.832302302E1,-7.551342571E1,-8.558512374E1
5.797524167E0,6.420793464E-1,-3.192276695E-1,-5.280099651E-1,-4.550091052E-1,1.001059071E2,1.647431009E1,-7.559272560E1,-8.345875173E1
5.807547167E0,6.447893361E-1,-3.204776397E-1,-5.270956524E-1,-4.513433936E-1,9.970023510E1,1.466396846E1,-7.570151044E1,-8.140294937E1
5.817570167E0,6.471236182E-1,-3.220929493E-1,-5.264708781E-1,-4.475664248E-1,9.934983114E1,1.286467149E1,-7.585947347E1,-7.937952010E1
5.827593167E0,6.489984575E-1,-3.240659908E-1,-5.260512851E-1,-4.439058235E-1,9.906773528E1,1.109949715E1,-7.605381100E1,-7.743399614E1
5.837616167E0,6.503679245E-1,-3.262049749E-1,-5.257474591E-1,-4.406830753E-1,9.886130489E1,9.464590183E0,-7.625542984E1,-7.567746586E1
5.847640167E0,6.511970795E-1,-3.283344550E-1,-5.255402968E-1,-4.381167958E-1,9.873616509E1,8.065042230E0,-7.644815647E1,-7.422034008E1
5.857663167E0,6.515299553E-1,-3.302819555E-1,-5.254920175E-1,-4.362116740E-1,9.868589298E1,6.972919484E0,-7.662905427E1,-7.311841327E1
5.867686167E0,6.516295378E-1,-3.318336655E-1,-5.258138193E-1,-4.344942426E-1,9.867084999E1,6.155354998E0,-7.681314500E1,-7.227078938E1
5.877709167E0,6.516165671E-1,-3.331954828E-1,-5.266496229E-1,-4.324543246E-1,9.867280945E1,5.443203118E0,-7.704102726E1,-7.147566469E1
5.887732167E0,6.515860949E-1,-3.347481201E-1,-5.278290287E-1,-4.298555921E-1,9.867741271E1,4.587366195E0,-7.732720322E1,-7.049730147E1
5.897756167E0,6.517635437E-1,-3.365240724E-1,-5.289498293E-1,-4.268111461E-1,9.865060431E1,3.438830681E0,-7.762473238E1,-6.920440609E1
5.907779167E0,6.522253994E-1,-3.383906404E-1,-5.295644462E-1,-4.238576530E-1,9.858080331E1,2.045991405E0,-7.786355130E1,-6.768960431E1
5.917802167E0,6.531481414E-1,-3.400362430E-1,-5.294996033E-1,-4.211922231E-1,9.844123814E1,5.107043411E-1,-7.799366475E1,-6.604656735E1
5.927825167E0,6.545945791E-1,-3.414159622E-1,-5.287813367E-1,-4.187260002E-1,9.822216812E1,-1.144679007E0,-7.801286880E1,-6.428469608E1
5.937848167E0,6.566217793E-1,-3.425216110E-1,-5.275489102E-1,-4.161957352E-1,9.791452692E1,-2.930843941E0,-7.793532144E1,-6.236583508E1
5.947871167E0,6.591786179E-1,-3.434139757E-1,-5.258342605E-1,-4.135803968E-1,9.752548086E1,-4.817166602E0,-7.776753028E1,-6.032427937E1
5.957895167E0,6.622103882E-1,-3.439560264E-1,-5.235376366E-1,-4.111935576E-1,9.706266356E1,-6.624119421E0,-7.748759606E1,-5.835837178E1
5.967918167E0,6.656194255E-1,-3.437316365E-1,-5.207726347E-1,-4.093839089E-1,9.654027282E1,-8.024605692E0,-7.708665402E1,-5.678972743E1
5.977941167E0,6.690395158E-1,-3.425003848E-1,-5.179779351E-1,-4.083853236E-1,9.601404522E1,-8.752465505E0,-7.661578177E1,-5.588096511E1
5.987964167E0,6.720132921E-1,-3.405435488E-1,-5.154531282E-1,-4.083335884E-1,9.555471508E1,-8.825176997E0,-7.614226998E1,-5.565008818E1
5.997987167E0,6.745584138E-1,-3.380519378E-1,-5.132185602E-1,-4.090213828E-1,9.516026423E1,-8.425047188E0,-7.568076087E1,-5.591207262E1
6.008011167E0,6.770751075E-1,-3.349176294E-1,-5.109618652E-1,-4.102649466E-1,9.476899546E1,-7.698945600E0,-7.517885405E1,-5.649607012E1
6.018034167E0,6.797252592E-1,-3.312076478E-1,-5.084263582E-1,-4.120408884E-1,9.435564489E1,-6.766165196E0,-7.460588240E1,-5.728992965E1
6.028057167E0,6.824595992E-1,-3.270952534E-1,-5.057714018E-1,-4.140687208E-1,9.392770985E1,-5.745644106E0,-7.399069574E1,-5.816240516E1
6.038080167E0,6.849929830E-1,-3.229665375E-1,-5.035173988E-1,-4.158696345E-1,9.352988938E1,-4.757762621E0,-7.342270721E1,-5.897646536E1
6.048103167E0,6.870170012E-1,-3.192192823E-1,-5.023889380E-1,-4.167878036E-1,9.321111990E1,-3.894661942E0,-7.301728013E1,-5.960397483E1
6.058126167E0,6.882214316E-1,-3.163793961E-1,-5.029773397E-1,-4.162560368E-1,9.302103170E1,-3.261321848E0,-7.288368280E1,-5.992506467E1
6.068150167E0,6.884952176E-1,-3.149835451E-1,-5.052477377E-1,-4.141068004E-1,9.297777995E1,-3.004821952E0,-7.305696328E1,-5.982500640E1
6.078173167E0,6.880690181E-1,-3.149264467E-1,-5.087192366E-1,-4.105934497E-1,9.304510275E1,-3.149266789E0,-7.347210861E1,-5.930107925E1
6.088196167E0,6.870308464E-1,-3.157973270E-1,-5.128657700E-1,-4.064842268E-1,9.320893648E1,-3.540199773E0,-7.403762052E1,-5.855175289E1
6.098219167E0,6.854387387E-1,-3.169990179E-1,-5.173741341E-1,-4.025037625E-1,9.345975754E1,-3.921940352E0,-7.467520647E1,-5.785237533E1
6.108242167E0,6.834603972E-1,-3.178983790E-1,-5.219166898E-1,-3.992812672E-1,9.377070783E1,-4.013789668E0,-7.530288105E1,-5.749012824E1
6.118266167E0,6.814132089E-1,-3.180826134E-1,-5.261922664E-1,-3.970152313E-1,9.409164977E1,-3.678247561E0,-7.585397421E1,-5.758652692E1
6.128289167E0,6.796468450E-1,-3.174616428E-1,-5.299724804E-1,-3.955091453E-1,9.436789515E1,-2.976111807E0,-7.628962418E1,-5.805557997E1
6.138312167E0,6.782263487E-1,-3.164096786E-1,-5.331666004E-1,-3.944965040E-1,9.458960267E1,-2.112615131E0,-7.662088719E1,-5.870052425E1
6.148335167E0,6.771655441E-1,-3.152372691E-1,-5.358624498E-1,-3.936036336E-1,9.475491248E1,-1.287514078E0,-7.687885213E1,-5.931282937E1
6.158358167E0,6.764581514E-1,-3.141115163E-1,-5.379538713E-1,-3.928662323E-1,9.486502670E1,-5.831690339E-1,-7.706232339E1,-5.982901105E1
6.168382167E0,6.762846223E-1,-3.128597970E-1,-5.393101147E-1,-3.923041303E-1,9.489202375E1,-4.471946809E-3,-7.714253360E1,-6.023140310E1
6.178405167E0,6.768971530E-1,-3.113518144E-1,-5.395978618E-1,-3.920514495E-1,9.479670226E1,4.080826401E-1,-7.706800441E1,-6.048288719E1
6.188428167E0,6.784184119E-1,-3.095323876E-1,-5.386666166E-1,-3.921432348E-1,9.455964910E1,6.240439333E-1,-7.681653562E1,-6.055276068E1
6.198451167E0,6.806074665E-1,-3.075766263E-1,-5.366381520E-1,-3.926697016E-1,9.421773825E1,6.746363211E-1,-7.641728896E1,-6.049577138E1
6.208474167E0,6.831098302E-1,-3.056440353E-1,-5.339400688E-1,-3.935108473E-1,9.382572656E1,6.238041045E-1,-7.593671078E1,-6.037570773E1
6.218497167E0,6.856215928E-1,-3.038400659E-1,-5.310560443E-1,-3.944408807E-1,9.343097695E1,5.247471732E-1,-7.544363701E1,-6.022985348E1
6.228521167E0,6.880352585E-1,-3.021996368E-1,-5.282552914E-1,-3.952583610E-1,9.305043385E1,3.860196428E-1,-7.497446845E1,-6.004855421E1
6.238544167E0,6.903414919E-1,-3.008014151E-1,-5.256415546E-1,-3.957877676E-1,9.268570602E1,1.663565625E-1,-7.454743979E1,-5.977975200E1
6.248567167E0,6.925592591E-1,-2.997770043E-1,-5.232406066E-1,-3.958722299E-1,9.233392121E1,-2.003994143E-1,-7.417456692E1,-5.935377179E1
6.258590167E0,6.946383842E-1,-2.991907311E-1,-5.210672728E-1,-3.955392487E-1,9.200318379E1,-7.118877162E-1,-7.386096729E1,-5.878078665E1
6.268613167E0,6.965075231E-1,-2.989284407E-1,-5.193062616E-1,-3.947659278E-1,9.170506124E1,-1.301054800E0,-7.362050603E1,-5.811363722E1
6.278637167E0,6.979588077E-1,-2.989590183E-1,-5.181574438E-1,-3.936873899E-1,9.147306519E1,-1.881428807E0,-7.347543835E1,-5.744642998E1
6.288660167E0,6.988699383E-1,-2.992383149E-1,-5.176663171E-1,-3.925032321E-1,9.132718168E1,-2.388503656E0,-7.342896267E1,-5.685796492E1
6.298683167E0,6.992400508E-1,-2.996906665E-1,-5.178356316E-1,-3.912737453E-1,9.126787014E1,-2.797471783E0,-7.347687089E1,-5.637186335E1
6.308706167E0,6.991117348E-1,-3.002711972E-1,-5.186388662E-1,-3.899919121E-1,9.128843654E1,-3.112143534E0,-7.361334536E1,-5.597997704E1
6.318729167E0,6.985799890E-1,-3.009106913E-1,-5.199747106E-1,-3.886707980E-1,9.137362588E1,-3.337754831E0,-7.382148849E1,-5.567337476E1
6.328753167E0,6.976652549E-1,-3.015713116E-1,-5.216416079E-1,-3.875665295E-1,9.152002815E1,-3.437095376E0,-7.407472086E1,-5.551211825E1
6.338776167E0,6.965200513E-1,-3.019109309E-1,-5.235674660E-1,-3.867643802E-1,9.170306050E1,-3.309098799E0,-7.434145154E1,-5.557578625E1
6.348799167E0,6.951475813E-1,-3.017738482E-1,-5.257646866E-1,-3.863597704E-1,9.192204260E1,-2.870098003E0,-7.461278789E1,-5.594307274E1
6.358822167E0,6.934340485E-1,-3.012876106E-1,-5.281339611E-1,-3.865870368E-1,9.219487580E1,-2.089219097E0,-7.488401410E1,-5.667919899E1
6.368845167E0,6.914143821E-1,-3.003149667E-1,-5.306266733E-1,-3.875467100E-1,9.251565199E1,-8.932164410E-1,-7.513611872E1,-5.785531618E1
6.378868167E0,6.889284134E-1,-2.988206502E-1,-5.333252095E-1,-3.894200320E-1,9.290931349E1,8.264491184E-1,-7.537050374E1,-5.959341352E1
6.388892167E0,6.858689526E-1,-2.966916232E-1,-5.363469068E-1,-3.922881462E-1,9.339203256E1,3.182158787E0,-7.558191048E1,-6.200328368E1
6.398915167E0,6.821603250E-1,-2.937147175E-1,-5.398912776E-1,-3.961140263E-1,9.397462004E1,6.300721072E0,-7.576000015E1,-6.518879054E1
6.408938167E0,6.778885628E-1,-2.895753491E-1,-5.441517761E-1,-4.006394283E-1,9.464226519E1,1.025054256E1,-7.587817215E1,-6.916650066E1
6.418961167E0,6.730575961E-1,-2.842266401E-1,-5.491822764E-1,-4.057183869E-1,9.539301512E1,1.499902732E1,-7.590530173E1,-7.388779850E1
6.428985375E0,6.676301779E-1,-2.775685970E-1,-5.550141569E-1,-4.113209675E-1,9.623115354E1,2.050474408E1,-7.579594081E1,-7.930225112E1
6.439009375E0,6.614145609E-1,-2.696164666E-1,-5.615796560E-1,-4.176913478E-1,9.718431066E1,2.667594921E1,-7.549066952E1,-8.534686315E1
6.449032375E0,6.540505265E-1,-2.606172083E-1,-5.689242290E-1,-4.249962922E-1,9.830461001E1,3.334643026E1,-7.495738959E1,-9.189740268E1
6.459055375E0,6.453194380E-1,-2.509586574E-1,-5.769335738E-1,-4.332784325E-1,9.962073988E1,4.019874647E1,-7.417158601E1,-9.868036603E1
6.469078375E0,6.354631763E-1,-2.410083554E-1,-5.852512754E-1,-4.422470816E-1,1.010913083E2,4.675345340E1,-7.313317666E1,-1.052264739E2
6.479101375E0,6.248950437E-1,-2.312784078E-1,-5.935540465E-1,-4.513424348E-1,1.026510313E2,5.263538223E1,-7.191360636E1,-1.111537468E2
6.489124375E0,6.142419061E-1,-2.219575479E-1,-6.014346642E-1,-4.601282140E-1,1.042062871E2,5.762626772E1,-7.058068155E1,-1.162176560E2
6.499148375E0,6.037824597E-1,-2.130895349E-1,-6.085720434E-1,-4.686999874E-1,1.057174412E2,6.172146205E1,-6.917012253E1,-1.204254884E2
6.509171375E0,5.932138477E-1,-2.045975771E-1,-6.152456175E-1,-4.771898325E-1,1.072291884E2,6.519002503E1,-6.769977182E1,-1.240515773E2
6.519194375E0,5.821611001E-1,-1.963501975E-1,-6.217405312E-1,-4.857711732E-1,1.087946262E2,6.825154046E1,-6.615874090E1,-1.273226551E2
6.529217375E0,5.704787128E-1,-1.880202944E-1,-6.281580632E-1,-4.945906937E-1,1.104327708E2,7.099424736E1,-6.451364463E1,-1.303163570E2
6.539240375E0,5.579960991E-1,-1.795781120E-1,-6.343920879E-1,-5.039233362E-1,1.121653448E2,7.343159743E1,-6.274332882E1,-1.330760423E2
6.549264375E0,5.448164595E-1,-1.710297828E-1,-6.402565057E-1,-5.138047320E-1,1.139757560E2,7.553604716E1,-6.085575319E1,-1.355818980E2
6.559287375E0,5.315610518E-1,-1.623840523E-1,-6.451213268E-1,-5.243021343E-1,1.157780208E2,7.715356553E1,-5.888361688E1,-1.376873739E2
6.569310375E0,5.190815444E-1,-1.535637495E-1,-6.484397800E-1,-5.352555885E-1,1.174586731E2,7.818198285E1,-5.688523455E1,-1.392618586E2
6.579333375E0,5.073565566E-1,-1.450506551E-1,-6.502998258E-1,-5.464978264E-1,1.190241777E2,7.874649408E1,-5.492569428E1,-1.404520946E2
6.589356375E0,4.957572605E-1,-1.373785167E-1,-6.514094469E-1,-5.576895625E-1,1.205606053E2,7.910924987E1,-5.304529806E1,-1.415325765E2
6.599380375E0,4.838964735E-1,-1.307520206E-1,-6.522352723E-1,-5.686276706E-1,1.221196047E2,7.941337563E1,-5.125390399E1,-1.426445914E2
6.609403375E0,4.719010932E-1,-1.249510970E-1,-6.528432827E-1,-5.792168635E-1,1.236844569E2,7.966885302E1,-4.954382348E1,-1.437676951E2
6.619426375E0,4.598839467E-1,-1.196663036E-1,-6.532432563E-1,-5.894574361E-1,1.252407619E2,7.987197638E1,-4.789425027E1,-1.448707652E2
6.629449375E0,4.479790372E-1,-1.146109578E-1,-6.535371884E-1,-5.992231401E-1,1.267718104E2,8.004010279E1,-4.629418276E1,-1.459303528E2
6.639472375E0,4.360999058E-1,-1.098135506E-1,-6.536578127E-1,-6.086784062E-1,1.282893935E2,8.016490328E1,-4.473288045E1,-1.469597067E2
6.649495375E0,4.242888258E-1,-1.052220308E-1,-6.535315829E-1,-6.179028499E-1,1.297886866E2,8.023337076E1,-4.320465126E1,-1.479497983E2
6.659519375E0,4.123258748E-1,-1.009213242E-1,-6.531894769E-1,-6.270133021E-1,1.312979468E2,8.026002765E1,-4.169858157E1,-1.489399425E2
6.669542375E0,4.002209101E-1,-9.661414807E-2,-6.526860117E-1,-6.359951854E-1,1.328160213E2,8.025254722E1,-4.019038064E1,-1.499126988E2
6.679565375E0,3.881049661E-1,-9.197978598E-2,-6.517663464E-1,-6.450696442E-1,1.343267277E2,8.015882794E1,-3.865094515E1,-1.508160249E2
6.689588375E0,3.762437155E-1,-8.647066604E-2,-6.503770388E-1,-6.541965759E-1,1.357975942E2,7.996513912E1,-3.705189810E1,-1.515831281E2
6.699611375E0,3.645873934E-1,-7.997339217E-2,-6.486201896E-1,-6.633039409E-1,1.372356152E2,7.969883578E1,-3.538381009E1,-1.522255169E2
6.709635375E0,3.530128889E-1,-7.281356984E-2,-6.465833167E-1,-6.723170128E-1,1.386565840E2,7.938849278E1,-3.367023072E1,-1.527925091E2
6.719658375E0,3.418083283E-1,-6.514020923E-2,-6.443678465E-1,-6.809654513E-1,1.400258289E2,7.905538517E1,-3.195256976E1,-1.532750784E2
6.729681375E0,3.311855313E-1,-5.716096787E-2,-6.420485054E-1,-6.890736831E-1,1.413185036E2,7.871494681E1,-3.026834854E1,-1.536738706E2
6.739704375E0,3.211729784E-1,-4.897099227E-2,-6.397577821E-1,-6.965341599E-1,1.425322470E2,7.839116204E1,-2.863093082E1,-1.540009002E2
6.749727375E0,3.116278763E-1,-4.057972332E-2,-6.377257561E-1,-7.032405876E-1,1.436852774E2,7.812321322E1,-2.703539643E1,-1.542807382E2
6.759751375E0,3.021515367E-1,-3.211444450E-2,-6.359504465E-1,-7.093942382E-1,1.448262493E2,7.791241206E1,-2.545933652E1,-1.545605706E2
6.769774375E0,2.923566091E-1,-2.360794606E-2,-6.342637718E-1,-7.153178934E-1,1.460018089E2,7.773252378E1,-2.386836814E1,-1.548731713E2
6.779797375E0,2.819895380E-1,-1.550498263E-2,-6.325349291E-1,-7.212080420E-1,1.472420350E2,7.756120750E1,-2.227801391E1,-1.552689264E2
6.789820375E0,2.710254147E-1,-8.390320647E-3,-6.308669044E-1,-7.269675352E-1,1.485494118E2,7.740822885E1,-2.074202727E1,-1.557923881E2
6.799843375E0,2.596221634E-1,-2.394088509E-3,-6.294004469E-1,-7.324244563E-1,1.499047123E2,7.728801141E1,-1.928817440E1,-1.564386450E2
6.809866375E0,2.480134672E-1,2.628277473E-3,-6.281477794E-1,-7.375044370E-1,1.512800190E2,7.719707918E1,-1.792076576E1,-1.571732499E2
6.819890375E0,2.364057194E-1,6.764126644E-3,-6.269719877E-1,-7.422753760E-1,1.526510008E2,7.711089550E1,-1.664242223E1,-1.579662324E2
6.829913375E0,2.250957601E-1,1.019728248E-2,-6.256018779E-1,-7.468937644E-1,1.539829815E2,7.698687092E1,-1.545063836E1,-1.587714028E2
6.839936375E0,2.142587095E-1,1.317512592E-2,-6.237359948E-1,-7.515803254E-1,1.552559179E2,7.678105160E1,-1.432828824E1,-1.595513075E2
6.849959375E0,2.040524709E-1,1.594931578E-2,-6.213178193E-1,-7.563546782E-1,1.564519256E2,7.648779127E1,-1.326388037E1,-1.602757101E2
6.859982375E0,1.943965436E-1,1.877488265E-2,-6.183728083E-1,-7.612309000E-1,1.575810530E2,7.611515927E1,-1.222991149E1,-1.609378857E2
6.870006375E0,1.847917826E-1,2.151303696E-2,-6.149630440E-1,-7.662960240E-1,1.587020138E2,7.567444013E1,-1.120439078E1,-1.615977200E2
6.880029375E0,1.751587199E-1,2.438414350E-2,-6.114453626E-1,-7.712712698E-1,1.598242105E2,7.522116174E1,-1.017098975E1,-1.622539398E2
6.890052375E0,1.654778628E-1,2.780701551E-2,-6.079695963E-1,-7.760262562E-1,1.609500088E2,7.478160766E1,-9.093907504E0,-1.628819327E2
6.900075375E0,1.556463728E-1,3.168060591E-2,-6.043789377E-1,-7.807025965E-1,1.620914287E2,7.433251496E1,-7.971037771E0,-1.634969817E2
6.910098375E0,1.458753425E-1,3.591531052E-2,-6.006389950E-1,-7.852791121E-1,1.632240568E2,7.386780546E1,-6.824569056E0,-1.640860876E2
6.920122375E0,1.366829041E-1,4.086332946E-2,-5.967708626E-1,-7.896281189E-1,1.642881093E2,7.339439579E1,-5.658735358E0,-1.645780594E2
6.930145375E0,1.279765453E-1,4.628381457E-2,-5.929471108E-1,-7.936582849E-1,1.652946396E2,7.293574452E1,-4.490832205E0,-1.649998457E2
6.940168375E0,1.197127284E-1,5.151074029E-2,-5.894051740E-1,-7.972559399E-1,1.662489528E2,7.251720346E1,-3.381503603E0,-1.654015253E2
6.950191375E0,1.119086283E-1,5.589584592E-2,-5.862027932E-1,-8.004488376E-1,1.671492973E2,7.213646363E1,-2.391003429E0,-1.658240697E2
6.960214375E0,1.044384365E-1,5.897614834E-2,-5.832469504E-1,-8.033912777E-1,1.680103731E2,7.177169517E1,-1.550896955E0,-1.663086290E2
6.970237375E0,9.698794847E-2,6.053284219E-2,-5.804523615E-1,-8.062283717E-1,1.688685013E2,7.140615640E1,-8.587341877E-1,-1.668978894E2
6.980261375E0,8.957221048E-2,6.113750195E-2,-5.778031581E-1,-8.089390884E-1,1.697220057E2,7.104563982E1,-2.634000530E-1,-1.675510227E2
6.990284375E0,8.243868778E-2,6.190194042E-2,-5.754491934E-1,-8.113139790E-1,1.705424891E2,7.072771425E1,3.188679233E-1,-1.681697234E2
7.000307375E0,7.569915382E-2,6.373534940E-2,-5.736310416E-1,-8.131143238E-1,1.713172099E2,7.049934839E1,9.626993146E-1,-1.686820720E2
7.010330375E0,6.949425264E-2,6.721870214E-2,-5.722983582E-1,-8.143260036E-1,1.720301214E2,7.036280586E1,1.715289677E0,-1.690352247E2
7.020353375E0,6.399889365E-2,7.244777734E-2,-5.714020633E-1,-8.149571105E-1,1.726612514E2,7.031538684E1,2.576053136E0,-1.692049986E2
7.030377375E0,5.878836306E-2,7.843496898E-2,-5.709182807E-1,-8.151343801E-1,1.732594634E2,7.034097944E1,3.482482983E0,-1.692954999E2
7.040400375E0,5.354411499E-2,8.403476786E-2,-5.709066060E-1,-8.149459837E-1,1.738613608E2,7.042916152E1,4.348925982E0,-1.694116110E2
7.050423375E0,4.882371011E-2,8.908452929E-2,-5.714834910E-1,-8.143015163E-1,1.744029898E2,7.059350986E1,5.122155511E0,-1.695101051E2
7.060446375E0,4.529580815E-2,9.392227100E-2,-5.727409001E-1,-8.130772767E-1,1.748077062E2,7.085469860E1,5.787923819E0,-1.695036438E2
7.070469375E0,4.360424439E-2,9.912816544E-2,-5.746458112E-1,-8.112055774E-1,1.750017369E2,7.122271150E1,6.356398255E0,-1.692914368E2
7.080492375E0,4.404724991E-2,1.048792715E-1,-5.769473663E-1,-8.088213723E-1,1.749509234E2,7.166982211E1,6.824658561E0,-1.688344564E2
7.090516375E0,4.604332466E-2,1.109002649E-1,-5.798286724E-1,-8.058411686E-1,1.747219576E2,7.221727556E1,7.200478468E0,-1.682041216E2
7.100539375E0,4.863737889E-2,1.174322678E-1,-5.833322135E-1,-8.022266549E-1,1.744243672E2,7.287664842E1,7.566168952E0,-1.674712690E2
7.110562375E0,5.033956366E-2,1.234894864E-1,-5.867890137E-1,-7.986832429E-1,1.742290718E2,7.352611134E1,7.942576814E0,-1.668490189E2
7.120585375E0,4.992504940E-2,1.268863960E-1,-5.895893768E-1,-7.961103885E-1,1.742766315E2,7.401383547E1,8.230777994E0,-1.666147204E2
7.130608375E0,4.721222535E-2,1.263119555E-1,-5.914100995E-1,-7.950160035E-1,1.745878656E2,7.425079160E1,8.337075256E0,-1.668870883E2
7.140632375E0,4.289887473E-2,1.218847873E-1,-5.921555719E-1,-7.953964631E-1,1.750826420E2,7.422928125E1,8.226565996E0,-1.675960255E2
7.150655375E0,3.823047905E-2,1.148607411E-1,-5.921024458E-1,-7.967183147E-1,1.756180419E2,7.403407438E1,7.917703520E0,-1.685313343E2
7.160678375E0,3.410438688E-2,1.067547220E-1,-5.911474825E-1,-7.987395932E-1,1.760911672E2,7.369884421E1,7.482132179E0,-1.694992508E2
7.170701375E0,3.114024117E-2,9.916443280E-2,-5.892242586E-1,-8.012561394E-1,1.764310142E2,7.325442824E1,7.019956716E0,-1.703271442E2
7.180724375E0,2.955682622E-2,9.341357962E-2,-5.865762564E-1,-8.039456563E-1,1.766125439E2,7.275916453E1,6.633862065E0,-1.708992180E2
7.190748375E0,2.866107925E-2,8.994078467E-2,-5.833170617E-1,-8.067405402E-1,1.767152324E2,7.222901409E1,6.412213175E0,-1.712499763E2
7.200771375E0,2.809631148E-2,8.875559421E-2,-5.794504887E-1,-8.096729494E-1,1.767799761E2,7.165913912E1,6.382486554E0,-1.714146910E2
7.210794375E0,2.726096094E-2,8.858711219E-2,-5.751268754E-1,-8.127966209E-1,1.768757369E2,7.104470010E1,6.468075387E0,-1.715382281E2
7.220817375E0,2.636681555E-2,8.808779847E-2,-5.705057684E-1,-8.161302259E-1,1.769782353E2,7.038462798E1,6.528498149E0,-1.716926229E2
7.230840375E0,2.575926873E-2,8.660330217E-2,-5.661368683E-1,-8.193444710E-1,1.770478787E2,6.974583264E1,6.473826815E0,-1.718844305E2
7.240863375E0,2.588507707E-2,8.391719922E-2,-5.625113542E-1,-8.221124652E-1,1.770334573E2,6.919500249E1,6.249456857E0,-1.720801063E2
7.250887375E0,2.692884377E-2,7.941001524E-2,-5.594150781E-1,-8.246355020E-1,1.769138087E2,6.869394190E1,5.787533840E0,-1.723025539E2
7.260910375E0,2.946237513E-2,7.373728124E-2,-5.565972874E-1,-8.269789511E-1,1.766233719E2,6.822256260E1,5.115342048E0,-1.724531657E2
7.270933375E0,3.355378045E-2,6.799816595E-2,-5.539420148E-1,-8.290951022E-1,1.761542981E2,6.778206852E1,4.334559664E0,-1.724524870E2
7.280956375E0,3.862674372E-2,6.281389285E-2,-5.513274772E-1,-8.310237420E-1,1.755725998E2,6.736117766E1,3.543579119E0,-1.723155532E2
7.290979375E0,4.453240228E-2,5.904543776E-2,-5.486384451E-1,-8.327823193E-1,1.748952744E2,6.695222668E1,2.836131299E0,-1.720024245E2
7.301003375E0,5.090331990E-2,5.706794978E-2,-5.458109394E-1,-8.344115478E-1,1.741643872E2,6.654800525E1,2.273470543E0,-1.715259639E2
7.311026375E0,5.715534127E-2,5.673265052E-2,-5.428457190E-1,-8.359625097E-1,1.734469092E2,6.614537434E1,1.879619967E0,-1.709533745E2
7.321049375E0,6.300005548E-2,5.770603199E-2,-5.397669760E-1,-8.374679530E-1,1.727759413E2,6.574415782E1,1.641359311E0,-1.703350954E2
7.331072375E0,6.869696070E-2,5.949299514E-2,-5.367084846E-1,-8.388595577E-1,1.721217032E2,6.535776601E1,1.493987823E0,-1.696782388E2
7.341095375E0,7.446117444E-2,6.149747819E-2,-5.337872233E-1,-8.400861574E-1,1.714594734E2,6.499492085E1,1.365689031E0,-1.689996519E2
7.351119375E0,8.010944220E-2,6.312860337E-2,-5.310257196E-1,-8.411950410E-1,1.708102870E2,6.464988660E1,1.210554380E0,-1.683538925E2
7.361142375E0,8.530484206E-2,6.417799668E-2,-5.285661349E-1,-8.421533339E-1,1.702128906E2,6.433760817E1,1.026619197E0,-1.677863263E2
7.371165375E0,8.982690388E-2,6.450252741E-2,-5.266527101E-1,-8.428567226E-1,1.696927018E2,6.408761352E1,8.089065113E-1,-1.673270773E2
7.381188375E0,9.341499154E-2,6.381612384E-2,-5.252458483E-1,-8.433966659E-1,1.692798004E2,6.388919479E1,5.450594879E-1,-1.670194510E2
7.391211375E0,9.585284955E-2,6.149027108E-2,-5.241340777E-1,-8.439873118E-1,1.689991830E2,6.370408459E1,1.899087785E-1,-1.669232099E2
7.401234375E0,9.733747229E-2,5.743947424E-2,-5.232343057E-1,-8.446608606E-1,1.688282584E2,6.352173219E1,-2.765596634E-1,-1.670238445E2
7.411258375E0,9.872043683E-2,5.321676042E-2,-5.224160457E-1,-8.452831588E-1,1.686690154E2,6.335008495E1,-7.551697974E-1,-1.671431824E2
7.421281375E0,1.004341277E-1,4.993385809E-2,-5.215331114E-1,-8.458266846E-1,1.684716600E2,6.318491616E1,-1.162534751E0,-1.671717211E2
7.431303625E0,1.025094385E-1,4.770452162E-2,-5.206542864E-1,-8.462478159E-1,1.682326130E2,6.303538860E1,-1.490102471E0,-1.671001638E2
7.441326625E0,1.049550937E-1,4.635858308E-2,-5.198269227E-1,-8.465314220E-1,1.679508414E2,6.290447601E1,-1.755185345E0,-1.669384050E2
7.451349625E0,1.076972519E-1,4.570916337E-2,-5.189757460E-1,-8.467444322E-1,1.676348216E2,6.277924665E1,-1.970020182E0,-1.667050525E2
7.461373625E0,1.104529815E-1,4.530716673E-2,-5.180673971E-1,-8.469672205E-1,1.673171428E2,6.264944522E1,-2.160379822E0,-1.664548839E2
7.471396625E0,1.129953637E-1,4.462236473E-2,-5.172171687E-1,-8.471878171E-1,1.670239717E2,6.252356395E1,-2.365798242E0,-1.662421928E2
7.481419625E0,1.153373798E-1,4.330944825E-2,-5.164995765E-1,-8.473782365E-1,1.667538301E2,6.240686755E1,-2.621878743E0,-1.660863639E2
7.491442625E0,1.172156119E-1,4.094863468E-2,-5.158940949E-1,-8.476065882E-1,1.665371306E2,6.229167942E1,-2.953473938E0,-1.660381201E2
7.501465625E0,1.186095346E-1,3.773797206E-2,-5.155315477E-1,-8.477822984E-1,1.663762767E2,6.219915916E1,-3.342626182E0,-1.660881143E2
7.511488625E0,1.196995364E-1,3.426266937E-2,-5.154067508E-1,-8.478525993E-1,1.662504754E2,6.213686851E1,-3.743418835E0,-1.661840954E2
7.521512625E0,1.205935132E-1,3.090232221E-2,-5.154869774E-1,-8.478061956E-1,1.661472857E2,6.210528097E1,-4.124871189E0,-1.662932163E2
7.531535625E0,1.215708144E-1,2.803903391E-2,-5.157812467E-1,-8.475872006E-1,1.660344652E2,6.210921231E1,-4.466536805E0,-1.663657173E2
7.541558625E0,1.229331269E-1,2.591575997E-2,-5.162181409E-1,-8.471922425E-1,1.658771758E2,6.214035853E1,-4.761564941E0,-1.663573026E2
7.551581625E0,1.246475343E-1,2.450902461E-2,-5.167581263E-1,-8.466542380E-1,1.656791964E2,6.219248027E1,-5.009672348E0,-1.662725441E2
7.561604625E0,1.264704698E-1,2.364229575E-2,-5.173320610E-1,-8.460577758E-1,1.654686370E2,6.225467322E1,-5.212449082E0,-1.661456400E2
7.571628625E0,1.281316878E-1,2.299327643E-2,-5.178190257E-1,-8.455276948E-1,1.652767140E2,6.230795569E1,-5.383128191E0,-1.660216156E2
7.581651625E0,1.292708750E-1,2.236227488E-2,-5.181976098E-1,-8.451392273E-1,1.651450780E2,6.234841380E1,-5.519081297E0,-1.659478192E2
7.591674625E0,1.299224231E-1,2.174145180E-2,-5.184883387E-1,-8.448771161E-1,1.650697811E2,6.237869783E1,-5.623369082E0,-1.659213862E2
7.601697625E0,1.303558613E-1,2.122091715E-2,-5.187301141E-1,-8.446752327E-1,1.650196867E2,6.240419941E1,-5.704013698E0,-1.659104644E2
7.611720625E0,1.308633937E-1,2.089396297E-2,-5.188449854E-1,-8.445342936E-1,1.649610253E2,6.241452681E1,-5.768210734E0,-1.658799793E2
7.621743625E0,1.314873778E-1,2.064339996E-2,-5.187728300E-1,-8.444878057E-1,1.648888987E2,6.240022190E1,-5.828891751E0,-1.658321736E2
7.631767625E0,1.321764787E-1,2.040318400E-2,-5.185211922E-1,-8.445405735E-1,1.648092383E2,6.236175068E1,-5.889484505E0,-1.657760406E2
7.641790625E0,1.328981592E-1,2.009511161E-2,-5.181035380E-1,-8.446910799E-1,1.647258037E2,6.230020186E1,-5.955826915E0,-1.657194566E2
7.651813625E0,1.336455071E-1,1.949030433E-2,-5.174822935E-1,-8.449681533E-1,1.646393931E2,6.220816620E1,-6.049117702E0,-1.656761903E2
7.661836625E0,1.342871086E-1,1.844021560E-2,-5.167156001E-1,-8.453590653E-1,1.645652023E2,6.209238897E1,-6.176943047E0,-1.656682803E2
7.671859625E0,1.349909610E-1,1.724830273E-2,-5.158127725E-1,-8.458233550E-1,1.644838056E2,6.195683556E1,-6.320047668E0,-1.656611551E2
7.681883625E0,1.358436760E-1,1.616190448E-2,-5.147526318E-1,-8.463539838E-1,1.643851832E2,6.180092599E1,-6.459126582E0,-1.656314830E2
7.691906625E0,1.369652458E-1,1.537489638E-2,-5.135380439E-1,-8.469255372E-1,1.642554482E2,6.162651186E1,-6.582338933E0,-1.655559709E2
7.701929625E0,1.380597573E-1,1.475272460E-2,-5.122269397E-1,-8.475526402E-1,1.641288234E2,6.144102428E1,-6.686021711E0,-1.654724641E2
7.711952625E0,1.390741898E-1,1.428588504E-2,-5.108962583E-1,-8.481976977E-1,1.640114457E2,6.125486612E1,-6.769216475E0,-1.653874890E2
7.721975625E0,1.398369635E-1,1.385036058E-2,-5.095509520E-1,-8.488884003E-1,1.639231757E2,6.106813695E1,-6.834006339E0,-1.653255369E2
7.731999625E0,1.402370635E-1,1.320694679E-2,-5.082716687E-1,-8.495992911E-1,1.638768714E2,6.088964640E1,-6.898787347E0,-1.653122078E2
7.742022625E0,1.402467151E-1,1.217184126E-2,-5.071185942E-1,-8.503019213E-1,1.638757543E2,6.072574660E1,-6.981216930E0,-1.653612989E2
7.752045625E0,1.401185044E-1,1.094231232E-2,-5.060803276E-1,-8.509581477E-1,1.638905927E2,6.057601214E1,-7.076793213E0,-1.654360168E2
7.762068625E0,1.399449016E-1,9.807550575E-3,-5.051938108E-1,-8.515271723E-1,1.639106841E2,6.044784832E1,-7.163189228E0,-1.655108929E2
7.772091625E0,1.397110287E-1,8.975234611E-3,-5.044280026E-1,-8.520285091E-1,1.639377499E2,6.033908955E1,-7.218524942E0,-1.655754612E2
7.782114625E0,1.392519231E-1,8.350007186E-3,-5.037037300E-1,-8.525383595E-1,1.639908788E2,6.023890296E1,-7.241166308E0,-1.656512355E2
7.792138625E0,1.385160391E-1,7.756832440E-3,-5.030020693E-1,-8.530779234E-1,1.640760302E2,6.014331044E1,-7.245054504E0,-1.657532509E2
7.802161625E0,1.374952424E-1,7.093883587E-3,-5.023602360E-1,-8.536269283E-1,1.641941349E2,6.005635623E1,-7.240427112E0,-1.658884338E2
7.812184625E0,1.364475561E-1,6.455611713E-3,-5.017333860E-1,-8.541685996E-1,1.643153333E2,5.997185897E1,-7.232283672E0,-1.660250412E2
7.822207625E0,1.353813672E-1,5.837886428E-3,-5.010504595E-1,-8.547433562E-1,1.644386538E2,5.988030991E1,-7.220373318E0,-1.661618815E2
7.832230625E0,1.344227372E-1,5.336170343E-3,-5.003410437E-1,-8.553133923E-1,1.645495182E2,5.978592734E1,-7.203060577E0,-1.662811039E2
7.842254625E0,1.335840992E-1,4.990060423E-3,-4.996085315E-1,-8.558748726E-1,1.646464937E2,5.968940701E1,-7.177162474E0,-1.663792646E2
7.852277625E0,1.327878609E-1,4.749865533E-3,-4.988687700E-1,-8.564314639E-1,1.647385560E2,5.959272137E1,-7.143311037E0,-1.664671536E2
7.862300625E0,1.318793013E-1,4.505266298E-3,-4.981318113E-1,-8.570020058E-1,1.648435931E2,5.949690314E1,-7.103639228E0,-1.665667013E2
7.872323625E0,1.309103453E-1,4.317649602E-3,-4.973863811E-1,-8.575842223E-1,1.649555983E2,5.940074695E1,-7.054912614E0,-1.666691297E2
7.882346625E0,1.298519957E-1,4.188385218E-3,-4.966581678E-1,-8.581675769E-1,1.650779204E2,5.930777375E1,-6.995733625E0,-1.667775223E2
7.892369625E0,1.286985208E-1,4.143330237E-3,-4.958806849E-1,-8.587910130E-1,1.652112174E2,5.920941349E1,-6.922212992E0,-1.668905051E2
7.902393625E0,1.275556669E-1,4.258264692E-3,-4.950231230E-1,-8.594553317E-1,1.653432672E2,5.910176594E1,-6.832456229E0,-1.669929412E2
7.912416625E0,1.264481320E-1,4.452308783E-3,-4.941754234E-1,-8.601056575E-1,1.654712175E2,5.899595421E1,-6.737238393E0,-1.670876031E2
7.922439625E0,1.254828848E-1,4.725610022E-3,-4.933528645E-1,-8.607175455E-1,1.655827148E2,5.889355802E1,-6.642839323E0,-1.671637796E2
7.932462625E0,1.247816877E-1,5.154496353E-3,-4.925923246E-1,-8.612525154E-1,1.656637026E2,5.879960875E1,-6.549084845E0,-1.672051824E2
7.942485625E0,1.242959031E-1,5.779386602E-3,-4.918893362E-1,-8.617203455E-1,1.657198062E2,5.871408332E1,-6.449026271E0,-1.672144450E2
7.952509625E0,1.238492308E-1,6.648012076E-3,-4.912724960E-1,-8.621302657E-1,1.657713896E2,5.864191245E1,-6.328259283E0,-1.672069913E2
7.962532625E0,1.233048622E-1,7.742860760E-3,-4.908119152E-1,-8.624614556E-1,1.658342515E2,5.859275558E1,-6.181776653E0,-1.671981297E2
7.972555625E0,1.225055472E-1,8.840406842E-3,-4.904263559E-1,-8.627840898E-1,1.659265460E2,5.855457490E1,-6.021703224E0,-1.672155559E2
7.982578625E0,1.214208980E-1,9.688843976E-3,-4.900663586E-1,-8.631327706E-1,1.660517725E2,5.851864826E1,-5.870655444E0,-1.672759198E2
7.992601625E0,1.201308251E-1,1.014244943E-2,-4.898256790E-1,-8.634445309E-1,1.662006941E2,5.849558371E1,-5.749042894E0,-1.673797791E2
8.002624625E0,1.187554470E-1,1.026153535E-2,-4.897658515E-1,-8.636672770E-1,1.663594373E2,5.849353609E1,-5.658536115E0,-1.675119726E2
8.012648625E0,1.174652477E-1,1.018145634E-2,-4.898431910E-1,-8.638008825E-1,1.665083254E2,5.850740723E1,-5.594628798E0,-1.676474269E2
8.022671625E0,1.162447593E-1,9.981532766E-3,-4.899717178E-1,-8.638954600E-1,1.666491479E2,5.852669377E1,-5.547290053E0,-1.677827540E2
8.032694625E0,1.151545467E-1,9.817539378E-3,-4.900900240E-1,-8.639761712E-1,1.667749217E2,5.854449078E1,-5.503580088E0,-1.679028106E2
8.042717625E0,1.140919404E-1,9.731644101E-3,-4.901714939E-1,-8.640719289E-1,1.668974953E2,5.855800041E1,-5.453135868E0,-1.680154826E2
8.052740625E0,1.129789264E-1,9.789132402E-3,-4.902374116E-1,-8.641801620E-1,1.670258674E2,5.857080196E1,-5.385355212E0,-1.681251571E2
8.062764625E0,1.118502760E-1,9.971902211E-3,-4.902350724E-1,-8.643261165E-1,1.671560262E2,5.857566770E1,-5.303298177E0,-1.682289964E2
8.072787625E0,1.107344381E-1,1.015269112E-2,-4.901504626E-1,-8.645156509E-1,1.672846911E2,5.856959949E1,-5.221067121E0,-1.683311339E2
8.082810625E0,1.097649763E-1,1.027599172E-2,-4.900578028E-1,-8.646903074E-1,1.673964647E2,5.856148058E1,-5.152749422E0,-1.684216235E2
8.092833625E0,1.088984371E-1,1.041537135E-2,-4.899421940E-1,-8.648637839E-1,1.674963616E2,5.855012090E1,-5.088370381E0,-1.685006916E2
8.102856625E0,1.080907771E-1,1.071621556E-2,-4.896876270E-1,-8.651055803E-1,1.675894622E2,5.852161168E1,-5.009453965E0,-1.685640499E2
8.112879625E0,1.072021529E-1,1.122924807E-2,-4.893081578E-1,-8.654242105E-1,1.676918862E2,5.847865582E1,-4.903262119E0,-1.686231226E2
8.122903625E0,1.062044106E-1,1.194721963E-2,-4.888020163E-1,-8.658235519E-1,1.678068755E2,5.842107185E1,-4.768931880E0,-1.686812118E2
8.132926625E0,1.050987301E-1,1.276901996E-2,-4.881180362E-1,-8.663324329E-1,1.679342903E2,5.834132370E1,-4.615969242E0,-1.687436144E2
8.142949625E0,1.040537833E-1,1.367629409E-2,-4.872803465E-1,-8.669161247E-1,1.680546926E2,5.824200025E1,-4.456047834E0,-1.687945524E2
8.152972625E0,1.030582326E-1,1.454620505E-2,-4.863489012E-1,-8.675438177E-1,1.681693909E2,5.813001120E1,-4.301542681E0,-1.688423532E2
8.162995625E0,1.022741327E-1,1.540555821E-2,-4.852573610E-1,-8.682326658E-1,1.682597195E2,5.799651317E1,-4.158012974E0,-1.688688784E2
8.173019625E0,1.014284561E-1,1.629300226E-2,-4.840533941E-1,-8.689873894E-1,1.683571335E2,5.784885910E1,-4.006908174E0,-1.688998767E2
8.183042625E0,1.003596964E-1,1.735291120E-2,-4.828860529E-1,-8.697401321E-1,1.684802325E2,5.770822726E1,-3.826738884E0,-1.689444747E2
8.193065625E0,9.898246378E-2,1.861807530E-2,-4.818070935E-1,-8.704699048E-1,1.686388415E2,5.758183765E1,-3.610186628E0,-1.690097799E2
8.203088625E0,9.725692966E-2,1.995295029E-2,-4.808990818E-1,-8.711367101E-1,1.688375319E2,5.747922684E1,-3.369675896E0,-1.691075799E2
8.213111625E0,9.534805674E-2,2.120022305E-2,-4.802224774E-1,-8.716912361E-1,1.690572941E2,5.740631783E1,-3.130850659E0,-1.692298977E2
8.223135625E0,9.341499154E-2,2.217274051E-2,-4.797319935E-1,-8.721463800E-1,1.692798004E2,5.735503065E1,-2.920631858E0,-1.693705471E2
8.233158625E0,9.162750154E-2,2.283322377E-2,-4.793509017E-1,-8.725284411E-1,1.694855140E2,5.731465222E1,-2.751150000E0,-1.695140053E2
8.243181625E0,8.992042774E-2,2.336863626E-2,-4.790236103E-1,-8.728715586E-1,1.696819412E2,5.727981672E1,-2.599391571E0,-1.696563968E2
8.253204625E0,8.830426469E-2,2.401409417E-2,-4.787996630E-1,-8.731418042E-1,1.698678797E2,5.725916450E1,-2.442954706E0,-1.697838967E2
8.263227625E0,8.672135550E-2,2.471234101E-2,-4.787601714E-1,-8.733025945E-1,1.700499663E2,5.726283271E1,-2.285261266E0,-1.699056334E2
8.273250625E0,8.517465045E-2,2.536471100E-2,-4.789064421E-1,-8.733558681E-1,1.702278640E2,5.729007437E1,-2.136283308E0,-1.700266207E2
8.283274625E0,8.373377614E-2,2.606915343E-2,-4.792783459E-1,-8.732705207E-1,1.703935680E2,5.734693098E1,-1.990438892E0,-1.701344598E2
8.293297625E0,8.240012341E-2,2.676012994E-2,-4.797954666E-1,-8.730925346E-1,1.705469234E2,5.742235408E1,-1.853398896E0,-1.702323355E2
8.303320625E0,8.115451545E-2,2.723246967E-2,-4.804387540E-1,-8.728407493E-1,1.706901392E2,5.751200423E1,-1.744371906E0,-1.703333964E2
8.313343625E0,8.004643266E-2,2.735100768E-2,-4.811398457E-1,-8.725531813E-1,1.708175306E2,5.760570814E1,-1.678813979E0,-1.704400141E2
8.323366625E0,7.921951149E-2,2.725630371E-2,-4.818081261E-1,-8.722627896E-1,1.709125907E2,5.769286965E1,-1.649652494E0,-1.705298791E2
8.333390625E0,7.875092283E-2,2.733014499E-2,-4.824411297E-1,-8.719529259E-1,1.709664553E2,5.777664392E1,-1.623072387E0,-1.705741953E2
8.343413625E0,7.856239997E-2,2.778463553E-2,-4.829709788E-1,-8.716622391E-1,1.709881256E2,5.785020598E1,-1.572914179E0,-1.705689944E2
8.353436625E0,7.853218068E-2,2.857375098E-2,-4.833719217E-1,-8.714171552E-1,1.709915992E2,5.790994629E1,-1.496804112E0,-1.705290098E2
8.363459625E0,7.859038548E-2,2.955787989E-2,-4.836857893E-1,-8.712049458E-1,1.709849087E2,5.796019457E1,-1.405271922E0,-1.704690775E2
8.373482625E0,7.867206607E-2,3.063091758E-2,-4.839150050E-1,-8.710331553E-1,1.709755197E2,5.800038720E1,-1.305316322E0,-1.704016278E2
8.383505625E0,7.873903742E-2,3.169485155E-2,-4.840159677E-1,-8.709329722E-1,1.709678215E2,5.802394053E1,-1.204086110E0,-1.703359128E2
8.393529625E0,7.886459288E-2,3.275155733E-2,-4.839489542E-1,-8.709196116E-1,1.709533890E2,5.802561975E1,-1.105013444E0,-1.702644405E2
8.403552625E0,7.921428528E-2,3.385407674E-2,-4.836143083E-1,-8.710316801E-1,1.709131915E2,5.799287628E1,-1.010886180E0,-1.701675529E2
8.413575625E0,7.973517818E-2,3.492064489E-2,-4.829255445E-1,-8.713241371E-1,1.708533121E2,5.791368136E1,-9.258201717E-1,-1.700550980E2
8.423598625E0,8.034070195E-2,3.590993679E-2,-4.818266286E-1,-8.718365163E-1,1.707837009E2,5.778040775E1,-8.483173967E-1,-1.699381126E2
8.433621542E0,8.098428433E-2,3.682701007E-2,-4.803519525E-1,-8.725522541E-1,1.707097107E2,5.759770581E1,-7.755184402E-1,-1.698211143E2
8.443645542E0,8.153215121E-2,3.770908039E-2,-4.785364138E-1,-8.734606451E-1,1.706467215E2,5.737068939E1,-6.965855080E-1,-1.697156330E2
8.453668542E0,8.193027034E-2,3.863540490E-2,-4.764078926E-1,-8.745457579E-1,1.706009472E2,5.710402174E1,-6.009060010E-1,-1.696229091E2
8.463691542E0,8.212718042E-2,3.971834710E-2,-4.740032674E-1,-8.757845381E-1,1.705783067E2,5.680395273E1,-4.748542460E-1,-1.695422228E2
8.473714542E0,8.198657853E-2,4.092785628E-2,-4.713490907E-1,-8.771734453E-1,1.705944730E2,5.647380449E1,-3.143801429E-1,-1.694893538E2
8.483737542E0,8.134114170E-2,4.204493743E-2,-4.684795436E-1,-8.787165257E-1,1.706686825E2,5.611555231E1,-1.330500399E-1,-1.694935334E2
8.493760542E0,8.019247149E-2,4.284254547E-2,-4.654457502E-1,-8.803941389E-1,1.708007418E2,5.573302906E1,4.504375478E-2,-1.695671046E2
8.503784542E0,7.839275891E-2,4.314844729E-2,-4.622205469E-1,-8.822386114E-1,1.710076251E2,5.532055276E1,2.099874771E-1,-1.697343906E2
8.513807542E0,7.581105370E-2,4.290353196E-2,-4.587064691E-1,-8.843078952E-1,1.713043501E2,5.486486663E1,3.626745396E-1,-1.700118602E2
8.523830542E0,7.212219293E-2,4.162917984E-2,-4.548456492E-1,-8.866683716E-1,1.717282238E2,5.435336691E1,4.706112171E-1,-1.704579016E2
8.533853542E0,6.675415957E-2,3.844359459E-2,-4.504020227E-1,-8.894964673E-1,1.723448442E2,5.374781602E1,4.731806360E-1,-1.711765339E2
8.543876542E0,5.931325991E-2,3.270475326E-2,-4.451442876E-1,-8.928935455E-1,1.731992095E2,5.301805315E1,3.207324782E-1,-1.722390878E2
8.553900542E0,4.988399837E-2,2.446626663E-2,-4.391887693E-1,-8.966750450E-1,1.742813415E2,5.219113711E1,3.414700240E-3,-1.736299119E2
8.563923542E0,3.903974069E-2,1.402250938E-2,-4.329037259E-1,-9.004852466E-1,1.755252381E2,5.133114931E1,-4.896999704E-1,-1.752704092E2
8.573946542E0,2.734968005E-2,1.383554596E-3,-4.266730308E-1,-9.039913164E-1,1.768655667E2,5.050324668E1,-1.193975707E0,-1.770973356E2
8.583969542E0,1.540581110E-2,-1.385624006E-2,-4.204552327E-1,-9.070766765E-1,1.782345542E2,4.972026254E1,-2.183053440E0,-1.790655514E2
8.593992542E0,3.543622729E-3,-3.251315369E-2,-4.139695282E-1,-9.097030573E-1,1.795939299E2,4.897329818E1,-3.559700573E0,1.788247129E2
8.604015542E0,8.031672040E-3,5.495797317E-2,4.069922228E-1,9.117415318E-1,1.790796283E2,4.827156894E1,-5.375193862E0,1.765806897E2
8.614039542E0,1.888823660E-2,8.023790579E-2,3.998584472E-1,9.128626801E-1,1.778354388E2,4.768656143E1,-7.549757038E0,1.742887552E2
8.624062542E0,2.886540717E-2,1.070731098E-1,3.929915349E-1,9.128305642E-1,1.766918085E2,4.728203287E1,-9.950162201E0,1.720131330E2
8.634085542E0,3.790392527E-2,1.349165296E-1,3.864755162E-1,9.115906461E-1,1.756554894E2,4.707439269E1,-1.251407354E1,1.697694732E2
8.644108542E0,4.659633346E-2,1.640703056E-1,3.803156700E-1,9.089937680E-1,1.746585194E2,4.709232904E1,-1.523835600E1,1.674587069E2
8.654131542E0,5.464532785E-2,1.942091165E-1,3.746314299E-1,9.049574908E-1,1.737349860E2,4.736225429E1,-1.809287794E1,1.651001029E2
8.664155542E0,6.184190223E-2,2.251168915E-1,3.694284278E-1,8.994558098E-1,1.729089152E2,4.789783958E1,-2.105556000E1,1.626963158E2
8.674178542E0,6.692603442E-2,2.563825986E-1,3.650986452E-1,8.924639426E-1,1.723251047E2,4.873381190E1,-2.412666491E1,1.603653349E2
8.684201542E0,6.993780607E-2,2.882555337E-1,3.618522289E-1,8.837875503E-1,1.719791700E2,4.992975158E1,-2.731608490E1,1.580418291E2
8.694224542E0,7.069223466E-2,3.207969772E-1,3.600679117E-1,8.731798628E-1,1.718925043E2,5.157155598E1,-3.061847335E1,1.556757987E2
8.704247542E0,6.914923853E-2,3.538140343E-1,3.599162084E-1,8.605198768E-1,1.720697525E2,5.372277037E1,-3.399718386E1,1.532086350E2
8.714270542E0,6.514360205E-2,3.871169702E-1,3.609464325E-1,8.459399332E-1,1.725298032E2,5.637157645E1,-3.743988516E1,1.506083877E2
8.724294542E0,5.878397979E-2,4.203751458E-1,3.626331362E-1,8.296543909E-1,1.732599665E2,5.949925829E1,-4.091192633E1,1.478250016E2
8.734317542E0,5.046221099E-2,4.526953381E-1,3.644153921E-1,8.122326960E-1,1.742149996E2,6.302650459E1,-4.431554994E1,1.448516057E2
8.744340542E0,4.005944154E-2,4.826009347E-1,3.658448815E-1,7.947635860E-1,1.754082975E2,6.674572154E1,-4.754402379E1,1.418702317E2
8.754363542E0,2.741142519E-2,5.084970859E-1,3.668150703E-1,7.785410111E-1,1.768584886E2,7.036207859E1,-5.050335454E1,1.391841212E2
8.764386542E0,1.308604855E-2,5.298588736E-1,3.668869781E-1,7.645079650E-1,1.785004065E2,7.359070114E1,-5.318365541E1,1.369847954E2
8.774410542E0,2.223372699E-3,-5.473116412E-1,-3.658655809E-1,-7.527200815E-1,1.797452200E2,7.634832153E1,-5.564650976E1,1.352694123E2
8.784433542E0,1.872820502E-2,-5.607574237E-1,-3.636856510E-1,-7.435947409E-1,1.778537803E2,7.841537220E1,-5.794887385E1,1.342651108E2
8.794456542E0,3.711719112E-2,-5.693038878E-1,-3.601517115E-1,-7.381098554E-1,1.757457060E2,7.931194267E1,-6.012949644E1,1.344917706E2
8.804479542E0,5.737911996E-2,-5.734437620E-1,-3.551785099E-1,-7.360149885E-1,1.734212239E2,7.885702810E1,-6.223750411E1,1.361180354E2
8.814502542E0,7.911416544E-2,-5.754776530E-1,-3.488243983E-1,-7.354508951E-1,1.709247005E2,7.740527097E1,-6.437779614E1,1.387521745E2
8.824525542E0,1.017373504E-1,-5.781932799E-1,-3.410314249E-1,-7.341931277E-1,1.683215527E2,7.554218614E1,-6.669362021E1,1.417442066E2
8.834549542E0,1.252586215E-1,-5.827046364E-1,-3.323275528E-1,-7.309746679E-1,1.656086178E2,7.360020578E1,-6.925052216E1,1.448087082E2
8.844572542E0,1.486277635E-1,-5.891210937E-1,-3.230585968E-1,-7.255889961E-1,1.629051764E2,7.169854281E1,-7.198035714E1,1.477750223E2
8.854595542E0,1.708582452E-1,-5.967681230E-1,-3.137564607E-1,-7.184930263E-1,1.603245540E2,6.980126029E1,-7.474475167E1,1.506519202E2
8.864618542E0,1.913577769E-1,-6.047224345E-1,-3.047930693E-1,-7.104886865E-1,1.579359338E2,6.767225458E1,-7.740766720E1,1.536647586E2
8.874641542E0,2.101360313E-1,-6.120890082E-1,-2.966049693E-1,-7.022930000E-1,1.557393517E2,6.487233247E1,-7.986192774E1,1.572945471E2
8.884665542E0,2.272831605E-1,-6.182499924E-1,-2.894406372E-1,-6.945023025E-1,1.537256547E2,6.067091257E1,-8.202225501E1,1.623001457E2
8.894688542E0,2.432574904E-1,-6.227221629E-1,-2.836159744E-1,-6.874626830E-1,1.518422396E2,5.384582888E1,-8.381537971E1,1.699679457E2
8.904711542E0,2.584617974E-1,-6.252688967E-1,-2.791703564E-1,-6.813958127E-1,1.500423796E2,4.261693680E1,-8.515101881E1,-1.778871174E2
8.914734542E0,2.738198140E-1,-6.257463152E-1,-2.762646052E-1,-6.761229470E-1,1.482166097E2,2.568416415E1,-8.591247862E1,-1.598727052E2
8.924757542E0,2.898304113E-1,-6.244495936E-1,-2.741853641E-1,-6.714785118E-1,1.463043935E2,5.119041484E0,-8.598314079E1,-1.380796041E2
8.934780542E0,3.063904771E-1,-6.223835972E-1,-2.720335568E-1,-6.669043354E-1,1.443163242E2,-1.349476917E1,-8.544215970E1,-1.181796548E2
8.944804542E0,3.228194134E-1,-6.207322626E-1,-2.689501987E-1,-6.619251805E-1,1.423329659E2,-2.782864709E1,-8.450306295E1,-1.026377875E2
8.954827542E0,3.383785232E-1,-6.201777049E-1,-2.648534302E-1,-6.563020217E-1,1.404437686E2,-3.854000888E1,-8.335846708E1,-9.087160543E1
8.964850542E0,3.525857411E-1,-6.204978103E-1,-2.600495746E-1,-6.504153503E-1,1.387088952E2,-4.634760421E1,-8.211363564E1,-8.218033052E1
8.974873542E0,3.654837304E-1,-6.207257615E-1,-2.549125270E-1,-6.450897167E-1,1.371252893E2,-5.146344092E1,-8.081582050E1,-7.631612366E1
8.984896542E0,3.772088045E-1,-6.198043682E-1,-2.497423520E-1,-6.412369152E-1,1.356782072E2,-5.402024574E1,-7.951195496E1,-7.310941277E1
8.994920542E0,3.877059302E-1,-6.172015895E-1,-2.450645155E-1,-6.392883505E-1,1.343763384E2,-5.446823048E1,-7.828381956E1,-7.207191661E1
9.004943542E0,3.967646894E-1,-6.131222171E-1,-2.413312108E-1,-6.390760463E-1,1.332478425E2,-5.351787045E1,-7.720452560E1,-7.247712373E1
9.014966542E0,4.042386638E-1,-6.084697319E-1,-2.385110598E-1,-6.398969088E-1,1.323131466E2,-5.201969469E1,-7.629938683E1,-7.349486779E1
9.024989542E0,4.104175393E-1,-6.041128014E-1,-2.362720928E-1,-6.409216884E-1,1.315378667E2,-5.061708359E1,-7.553913097E1,-7.448680882E1
9.035012542E0,4.158922147E-1,-6.003009562E-1,-2.345099331E-1,-6.416209362E-1,1.308489679E2,-4.952533768E1,-7.488250320E1,-7.519197083E1
9.045035542E0,4.211481164E-1,-5.967385149E-1,-2.333895223E-1,-6.419242038E-1,1.301858118E2,-4.861559758E1,-7.430278692E1,-7.567839242E1
9.055059542E0,4.260641248E-1,-5.931066788E-1,-2.334342401E-1,-6.420297395E-1,1.295639247E2,-4.764973174E1,-7.384245803E1,-7.615045483E1
9.065082542E0,4.297861867E-1,-5.899164574E-1,-2.352203814E-1,-6.418362118E-1,1.290920164E2,-4.669479535E1,-7.362730728E1,-7.657716781E1
9.075105542E0,4.309909860E-1,-5.888784016E-1,-2.389941049E-1,-6.405863154E-1,1.289390659E2,-4.633918295E1,-7.383491115E1,-7.648531177E1
9.085128542E0,4.285893532E-1,-5.924841698E-1,-2.444521007E-1,-6.368019709E-1,1.292438596E2,-4.776655536E1,-7.460731704E1,-7.483147674E1
9.095151542E0,4.233549675E-1,-6.012943468E-1,-2.509636518E-1,-6.294703580E-1,1.299068349E2,-5.199981595E1,-7.580981384E1,-7.056476036E1
9.105175542E0,4.170011088E-1,-6.137719319E-1,-2.580010691E-1,-6.187321523E-1,1.307092016E2,-5.950506746E1,-7.708284855E1,-6.307874604E1
9.115198542E0,4.114279257E-1,-6.273572942E-1,-2.648925846E-1,-6.057902249E-1,1.314108671E2,-6.963008568E1,-7.797650081E1,-5.288472391E1
9.125221542E0,4.083935739E-1,-6.395037419E-1,-2.709799593E-1,-5.923001462E-1,1.317920770E2,-8.008039836E1,-7.820613162E1,-4.216370358E1
9.135244542E0,4.087158761E-1,-6.486878774E-1,-2.758336747E-1,-5.797163985E-1,1.317516127E2,-8.830171142E1,-7.784598976E1,-3.343927703E1
9.145267542E0,4.123714988E-1,-6.549282452E-1,-2.788822195E-1,-5.685449811E-1,1.312922081E2,-9.344146268E1,-7.708904513E1,-2.762623545E1
9.155290542E0,4.185224099E-1,-6.589129347E-1,-2.793205889E-1,-5.591537361E-1,1.305173277E2,-9.581852962E1,-7.608918280E1,-2.456383930E1
9.165314542E0,4.265370282E-1,-6.600683273E-1,-2.764720730E-1,-5.531178279E-1,1.295040177E2,-9.538615817E1,-7.502579967E1,-2.443159400E1
9.175337542E0,4.365435119E-1,-6.573755019E-1,-2.705657612E-1,-5.514356840E-1,1.282328987E2,-9.222311354E1,-7.399301267E1,-2.712479534E1
9.185360542E0,4.479251946E-1,-6.512393001E-1,-2.621849025E-1,-5.536329573E-1,1.267787114E2,-8.720824976E1,-7.293520905E1,-3.176448668E1
9.195383542E0,4.592300014E-1,-6.430617157E-1,-2.519068034E-1,-5.586791889E-1,1.253251359E2,-8.153164192E1,-7.178618578E1,-3.723805161E1
9.205406542E0,4.693410515E-1,-6.341023493E-1,-2.403229529E-1,-5.655776797E-1,1.240169375E2,-7.605155496E1,-7.053670218E1,-4.273605937E1
9.215430542E0,4.777828914E-1,-6.255277627E-1,-2.281812677E-1,-5.730374243E-1,1.229186020E2,-7.137764105E1,-6.921907503E1,-4.762554577E1
9.225453542E0,4.843677306E-1,-6.181819252E-1,-2.165903575E-1,-5.799377221E-1,1.220578877E2,-6.779838210E1,-6.794636784E1,-5.154224549E1
9.235476542E0,4.895689678E-1,-6.113674542E-1,-2.064107135E-1,-5.864697461E-1,1.213754900E2,-6.486714024E1,-6.680963770E1,-5.481711133E1
9.245499542E0,4.935232642E-1,-6.041580461E-1,-1.979541380E-1,-5.934998457E-1,1.208551605E2,-6.206486111E1,-6.585670404E1,-5.793448744E1
9.255522542E0,4.951867950E-1,-5.968496140E-1,-1.914034219E-1,-6.016024140E-1,1.206358629E2,-5.929538955E1,-6.518849458E1,-6.108806974E1
9.265545542E0,4.936019576E-1,-5.906052001E-1,-1.869459923E-1,-6.104047306E-1,1.208447920E2,-5.676788391E1,-6.490019350E1,-6.415634121E1
9.275569542E0,4.893256014E-1,-5.862077665E-1,-1.849440170E-1,-6.186408675E-1,1.214074701E2,-5.468514723E1,-6.499892358E1,-6.684944616E1
9.285592542E0,4.840532150E-1,-5.837338729E-1,-1.857250402E-1,-6.248627381E-1,1.220990795E2,-5.315614788E1,-6.540999285E1,-6.885529232E1
9.295615542E0,4.789997763E-1,-5.829966613E-1,-1.889272524E-1,-6.284747546E-1,1.227598076E2,-5.222008823E1,-6.603441350E1,-7.004088773E1
9.305638542E0,4.747095906E-1,-5.838341614E-1,-1.938031792E-1,-6.294671180E-1,1.233191136E2,-5.191879188E1,-6.678167098E1,-7.037286800E1
9.315661542E0,4.722306078E-1,-5.858404567E-1,-2.000534514E-1,-6.275092177E-1,1.236416244E2,-5.230628078E1,-6.754552397E1,-6.971442731E1
9.325685542E0,4.729584207E-1,-5.887532044E-1,-2.072508898E-1,-6.218737415E-1,1.235469879E2,-5.356457291E1,-6.817172135E1,-6.777515145E1
9.335708542E0,4.773411555E-1,-5.933034835E-1,-2.139828163E-1,-6.118396201E-1,1.229762156E2,-5.613343587E1,-6.848143502E1,-6.418553559E1
9.345731542E0,4.844097668E-1,-5.990445375E-1,-2.182311554E-1,-5.990558961E-1,1.220523817E2,-5.960753048E1,-6.830253514E1,-5.961242042E1
9.355754542E0,4.918832407E-1,-6.044495548E-1,-2.191383031E-1,-5.870859435E-1,1.210711263E2,-6.281698548E1,-6.771493407E1,-5.553163873E1
9.365777542E0,4.982011139E-1,-6.082596720E-1,-2.176009125E-1,-5.783301280E-1,1.202378843E2,-6.498811929E1,-6.697991436E1,-5.281152382E1
9.375800542E0,5.034143155E-1,-6.092356244E-1,-2.151027845E-1,-5.737044535E-1,1.195477049E2,-6.575117172E1,-6.629307761E1,-5.169989366E1
9.385824542E0,5.079805051E-1,-6.070743551E-1,-2.125455455E-1,-5.729231352E-1,1.189411888E2,-6.518498731E1,-6.572069755E1,-5.199714798E1
9.395847542E0,5.121075719E-1,-6.026845290E-1,-2.102476783E-1,-5.747287431E-1,1.183913674E2,-6.376162720E1,-6.524396891E1,-5.317928302E1
9.405870542E0,5.158128884E-1,-5.976321123E-1,-2.086943351E-1,-5.772516350E-1,1.178963899E2,-6.213598585E1,-6.485868537E1,-5.454279069E1
9.415893542E0,5.192914180E-1,-5.930490430E-1,-2.084005926E-1,-5.789633212E-1,1.174305336E2,-6.075839357E1,-6.457506900E1,-5.557007107E1
9.425916250E0,5.227891823E-1,-5.891338536E-1,-2.093306050E-1,-5.794768411E-1,1.169609380E2,-5.969797745E1,-6.437586021E1,-5.616876429E1
9.435939250E0,5.264445469E-1,-5.859195031E-1,-2.113675411E-1,-5.786866193E-1,1.164689191E2,-5.895958675E1,-6.424682080E1,-5.632949364E1
9.445963250E0,5.300525489E-1,-5.837097228E-1,-2.139724903E-1,-5.766654461E-1,1.159819892E2,-5.860897486E1,-6.416382292E1,-5.605556778E1
9.455986250E0,5.335206352E-1,-5.825785646E-1,-2.165938768E-1,-5.736244759E-1,1.155127199E2,-5.864387907E1,-6.408943932E1,-5.540720030E1
9.466009250E0,5.367663799E-1,-5.825564797E-1,-2.191574167E-1,-5.696313833E-1,1.150724352E2,-5.906242181E1,-6.402138138E1,-5.440168970E1
9.476032250E0,5.397030340E-1,-5.834955325E-1,-2.217190810E-1,-5.648843535E-1,1.146731493E2,-5.980365316E1,-6.396680434E1,-5.310440316E1
9.486055250E0,5.425131804E-1,-5.849415066E-1,-2.245442686E-1,-5.595558486E-1,1.142902273E2,-6.073411326E1,-6.392915630E1,-5.160484002E1
9.496079250E0,5.452327762E-1,-5.865265021E-1,-2.276828390E-1,-5.539571172E-1,1.139188556E2,-6.173021846E1,-6.390961012E1,-5.001813277E1
9.506102250E0,5.478810360E-1,-5.878671301E-1,-2.310830571E-1,-5.484881375E-1,1.135564714E2,-6.265532053E1,-6.390791531E1,-4.848391693E1
9.516125250E0,5.504494484E-1,-5.887717279E-1,-2.344711158E-1,-5.434854917E-1,1.132042951E2,-6.342505860E1,-6.391031670E1,-4.711280133E1
9.526148250E0,5.530604661E-1,-5.891811529E-1,-2.377301525E-1,-5.389565395E-1,1.128455437E2,-6.402054578E1,-6.390218711E1,-4.592087033E1
9.536171250E0,5.555321476E-1,-5.894195566E-1,-2.409364951E-1,-5.347130888E-1,1.125052488E2,-6.454648903E1,-6.390118057E1,-4.481693626E1
9.546194250E0,5.580934136E-1,-5.891561493E-1,-2.438174745E-1,-5.310176511E-1,1.121519063E2,-6.488261337E1,-6.387694559E1,-4.392107813E1
9.556218250E0,5.610072781E-1,-5.882498972E-1,-2.462645311E-1,-5.278130577E-1,1.117490272E2,-6.499060680E1,-6.380337077E1,-4.325136921E1
9.566241250E0,5.642159111E-1,-5.869822992E-1,-2.482624497E-1,-5.248599189E-1,1.113042790E2,-6.496607611E1,-6.367773836E1,-4.271901081E1
9.576264250E0,5.679405031E-1,-5.852061256E-1,-2.497863323E-1,-5.220959378E-1,1.107865294E2,-6.477440793E1,-6.348211447E1,-4.233491140E1
9.586287250E0,5.720032987E-1,-5.830843268E-1,-2.509002313E-1,-5.194940363E-1,1.102199193E2,-6.446613079E1,-6.323348644E1,-4.206263549E1
9.596310250E0,5.762150385E-1,-5.808298286E-1,-2.520117912E-1,-5.168201507E-1,1.096304669E2,-6.413244980E1,-6.297332781E1,-4.179513664E1
9.606334250E0,5.802714198E-1,-5.788032290E-1,-2.536594907E-1,-5.137400590E-1,1.090607298E2,-6.391196194E1,-6.275930824E1,-4.137955558E1
9.616357250E0,5.841108765E-1,-5.769420031E-1,-2.559608140E-1,-5.103297415E-1,1.085195954E2,-6.378356396E1,-6.260808530E1,-4.083407691E1
9.626380250E0,5.877618446E-1,-5.750123413E-1,-2.586093325E-1,-5.069695866E-1,1.080033155E2,-6.364574746E1,-6.250224617E1,-4.028629074E1
9.636403250E0,5.912292290E-1,-5.731593551E-1,-2.614082625E-1,-5.035892776E-1,1.075114268E2,-6.353656750E1,-6.242160588E1,-3.971464367E1
9.646426250E0,5.944360220E-1,-5.717818907E-1,-2.641970563E-1,-4.999112829E-1,1.070551244E2,-6.357649488E1,-6.234728287E1,-3.902059508E1
9.656449250E0,5.975394104E-1,-5.708578105E-1,-2.668892811E-1,-4.958208153E-1,1.066122532E2,-6.376497167E1,-6.225645610E1,-3.819293744E1
9.666473250E0,6.006646993E-1,-5.703089427E-1,-2.693961229E-1,-4.912997914E-1,1.061649639E2,-6.407775968E1,-6.213101670E1,-3.724834730E1
9.676496250E0,6.039392829E-1,-5.698628604E-1,-2.714676405E-1,-4.866406838E-1,1.056948959E2,-6.440841010E1,-6.194991263E1,-3.630209618E1
9.686519250E0,6.074949069E-1,-5.692561565E-1,-2.729572366E-1,-4.820704165E-1,1.051828240E2,-6.466217947E1,-6.170072677E1,-3.544767298E1
9.696542250E0,6.111978131E-1,-5.685016015E-1,-2.737480379E-1,-4.778129421E-1,1.046476737E2,-6.481897129E1,-6.139045891E1,-3.473367492E1
9.706565250E0,6.150420482E-1,-5.674873587E-1,-2.740054076E-1,-4.739224297E-1,1.040900487E2,-6.485461032E1,-6.103783640E1,-3.417088765E1
9.716588250E0,6.190567305E-1,-5.660185094E-1,-2.737596388E-1,-4.705820970E-1,1.035054308E2,-6.471215685E1,-6.065233502E1,-3.381169936E1
9.726612250E0,6.231337901E-1,-5.642260145E-1,-2.730941296E-1,-4.677315107E-1,1.029093134E2,-6.443832668E1,-6.024562621E1,-3.361474546E1
9.736635250E0,6.271392948E-1,-5.623036756E-1,-2.722343549E-1,-4.651874901E-1,1.023212423E2,-6.410779396E1,-5.983831548E1,-3.350022733E1
9.746658250E0,6.309599857E-1,-5.603494632E-1,-2.713629583E-1,-4.628824842E-1,1.017580318E2,-6.375836046E1,-5.945048675E1,-3.342762422E1
9.756681250E0,6.342402907E-1,-5.587907674E-1,-2.708476920E-1,-4.605797332E-1,1.012726780E2,-6.352201848E1,-5.912628896E1,-3.327493767E1
9.766704250E0,6.368368896E-1,-5.578161637E-1,-2.709708451E-1,-4.580990382E-1,1.008872867E2,-6.346218377E1,-5.889239944E1,-3.297075620E1
9.776728250E0,6.388817493E-1,-5.574005641E-1,-2.717639118E-1,-4.552790979E-1,1.005830304E2,-6.358175264E1,-5.873716737E1,-3.249172455E1
9.786751250E0,6.406494303E-1,-5.574119438E-1,-2.730692840E-1,-4.519883141E-1,1.003194741E2,-6.385143811E1,-5.862419473E1,-3.184518034E1
9.796774250E0,6.424474043E-1,-5.576289368E-1,-2.746011323E-1,-4.482248640E-1,1.000508814E2,-6.420763009E1,-5.850874227E1,-3.108078759E1
9.806797250E0,6.445925630E-1,-5.576911983E-1,-2.759519704E-1,-4.442201020E-1,9.972973178E1,-6.453243116E1,-5.834553565E1,-3.031469875E1
9.816820250E0,6.472310927E-1,-5.573950956E-1,-2.767647091E-1,-4.402317774E-1,9.933367605E1,-6.474437261E1,-5.810605385E1,-2.964431586E1
9.826843250E0,6.501620793E-1,-5.569228402E-1,-2.770303607E-1,-4.363260184E-1,9.889235385E1,-6.488091884E1,-5.780386619E1,-2.905907312E1
9.836867250E0,6.534277331E-1,-5.561737853E-1,-2.768999794E-1,-4.324689601E-1,9.839892082E1,-6.492809189E1,-5.745019237E1,-2.855313826E1
9.846890250E0,6.566830924E-1,-5.554980765E-1,-2.767592195E-1,-4.284781382E-1,9.790521105E1,-6.499601509E1,-5.708986433E1,-2.802336337E1
9.856913250E0,6.596082418E-1,-5.552879007E-1,-2.769746215E-1,-4.240959723E-1,9.745999615E1,-6.520480733E1,-5.675982985E1,-2.735464434E1
9.866936250E0,6.622261406E-1,-5.555037242E-1,-2.773757436E-1,-4.194460054E-1,9.706025456E1,-6.552796149E1,-5.644737965E1,-2.658748548E1
9.876959250E0,6.645742679E-1,-5.560392525E-1,-2.778938864E-1,-4.146520121E-1,9.670065465E1,-6.592978334E1,-5.614888383E1,-2.576054735E1
9.886983250E0,6.668426851E-1,-5.565576061E-1,-2.783569644E-1,-4.099778528E-1,9.635230615E1,-6.631143669E1,-5.585228901E1,-2.496739929E1
9.897006250E0,6.691679267E-1,-5.568020578E-1,-2.784037474E-1,-4.058041347E-1,9.599424514E1,-6.657832026E1,-5.553812244E1,-2.432356672E1
9.907029250E0,6.716573409E-1,-5.565693967E-1,-2.776675368E-1,-4.025019607E-1,9.560978323E1,-6.665032736E1,-5.518857855E1,-2.393492676E1
9.917052250E0,6.742027471E-1,-5.558383807E-1,-2.760488660E-1,-4.003642831E-1,9.521546100E1,-6.650888846E1,-5.481556650E1,-2.384883549E1
9.927075250E0,6.764105676E-1,-5.548546522E-1,-2.739785496E-1,-3.994257571E-1,9.487243020E1,-6.623482404E1,-5.447779952E1,-2.399930524E1
9.937098250E0,6.783613661E-1,-5.534857120E-1,-2.717880198E-1,-3.995132645E-1,9.456854653E1,-6.582786427E1,-5.419284382E1,-2.434373373E1
9.947122250E0,6.799046783E-1,-5.520987435E-1,-2.698168117E-1,-4.001443082E-1,9.432761056E1,-6.540770011E1,-5.397279030E1,-2.474421806E1
9.957145250E0,6.809769152E-1,-5.510309109E-1,-2.683781712E-1,-4.007601369E-1,9.415994022E1,-6.508533446E1,-5.382142693E1,-2.506151288E1
9.967168250E0,6.817723738E-1,-5.502178561E-1,-2.672305546E-1,-4.012912925E-1,9.403540338E1,-6.483668896E1,-5.370462699E1,-2.531444045E1
9.977191250E0,6.823500701E-1,-5.499415940E-1,-2.663223216E-1,-4.012917667E-1,9.394488024E1,-6.473942361E1,-5.359327858E1,-2.541504408E1
9.987214250E0,6.828059515E-1,-5.503898152E-1,-2.654946102E-1,-4.004493144E-1,9.387339796E1,-6.484001123E1,-5.345303790E1,-2.531315703E1
9.997237250E0,6.833195530E-1,-5.511473205E-1,-2.645285623E-1,-3.991687245E-1,9.379281519E1,-6.502025042E1,-5.327517430E1,-2.512873906E1
1.000726125E1,6.838935087E-1,-5.515771446E-1,-2.634702444E-1,-3.982912272E-1,9.370270020E1,-6.510745840E1,-5.310603106E1,-2.504383774E1
1.001728425E1,6.844292795E-1,-5.513413857E-1,-2.627018125E-1,-3.982047418E-1,9.361852054E1,-6.502980424E1,-5.300567676E1,-2.511610755E1
1.002730725E1,6.845306005E-1,-5.506046377E-1,-2.623745212E-1,-3.992643979E-1,9.360259457E1,-6.481196609E1,-5.302332441E1,-2.536710290E1
1.003733025E1,6.840507797E-1,-5.496123955E-1,-2.626410789E-1,-4.012734749E-1,9.367799599E1,-6.451902970E1,-5.316921701E1,-2.573423833E1
1.004735325E1,6.831226534E-1,-5.487514092E-1,-2.634074878E-1,-4.035242536E-1,9.382371449E1,-6.425968421E1,-5.339334810E1,-2.608705237E1
1.005737725E1,6.818953267E-1,-5.484519558E-1,-2.646493446E-1,-4.051910877E-1,9.401614264E1,-6.416386600E1,-5.364716247E1,-2.626418622E1
1.006740025E1,6.804542732E-1,-5.488771332E-1,-2.665288412E-1,-4.058058100E-1,9.424169648E1,-6.429945902E1,-5.392009089E1,-2.616453221E1
1.007742325E1,6.787559238E-1,-5.500461077E-1,-2.692347637E-1,-4.052806603E-1,9.450699426E1,-6.468931256E1,-5.422661748E1,-2.575237560E1
1.008744625E1,6.768319729E-1,-5.517295687E-1,-2.727147131E-1,-4.038806579E-1,9.480684899E1,-6.527772179E1,-5.457054398E1,-2.508697911E1
1.009746925E1,6.748506179E-1,-5.535463402E-1,-2.765781566E-1,-4.020789960E-1,9.511489820E1,-6.594842624E1,-5.492859559E1,-2.430372463E1
1.010749225E1,6.729119893E-1,-5.552449214E-1,-2.804486071E-1,-4.003014527E-1,9.541557332E1,-6.660959014E1,-5.528200015E1,-2.352164076E1
1.011751625E1,6.710913298E-1,-5.566072867E-1,-2.839651610E-1,-3.989845323E-1,9.569729974E1,-6.717031002E1,-5.561775282E1,-2.286181158E1
1.012753925E1,6.694257390E-1,-5.575796566E-1,-2.869121108E-1,-3.983158620E-1,9.595448295E1,-6.759169003E1,-5.592637710E1,-2.238180021E1
1.013756225E1,6.679188522E-1,-5.581610092E-1,-2.891360525E-1,-3.984232205E-1,9.618671337E1,-6.785171548E1,-5.620236743E1,-2.212010313E1
1.014758525E1,6.666004777E-1,-5.583916578E-1,-2.907795899E-1,-3.991110782E-1,9.638954575E1,-6.797188158E1,-5.644837981E1,-2.203544073E1
1.015760825E1,6.653955204E-1,-5.584229203E-1,-2.919552447E-1,-4.002183391E-1,9.657464842E1,-6.799808856E1,-5.666935684E1,-2.207908513E1
1.016763225E1,6.643797813E-1,-5.581542341E-1,-2.928509073E-1,-4.016237679E-1,9.673047703E1,-6.792252213E1,-5.687333314E1,-2.222973942E1
1.017765525E1,6.634552480E-1,-5.576861828E-1,-2.937461591E-1,-4.031456063E-1,9.687214981E1,-6.779365520E1,-5.708022356E1,-2.242322961E1
1.018767825E1,6.624543868E-1,-5.572986215E-1,-2.952327416E-1,-4.042402021E-1,9.702534401E1,-6.774142686E1,-5.732235096E1,-2.248855789E1
1.019770125E1,6.612408421E-1,-5.572696560E-1,-2.975427788E-1,-4.045729620E-1,9.721084949E1,-6.786608638E1,-5.760849340E1,-2.231641148E1
1.020772425E1,6.598256668E-1,-5.578313576E-1,-3.007056785E-1,-4.037701173E-1,9.742684298E1,-6.825105952E1,-5.791898078E1,-2.181273080E1
1.021774725E1,6.583120681E-1,-5.590486324E-1,-3.044904760E-1,-4.017155638E-1,9.765746357E1,-6.891245947E1,-5.821782420E1,-2.096611073E1
1.022777125E1,6.568100493E-1,-5.607047717E-1,-3.085647908E-1,-3.987462235E-1,9.788591923E1,-6.976541575E1,-5.848405582E1,-1.988192711E1
1.023779425E1,6.551983538E-1,-5.626379634E-1,-3.127192900E-1,-3.954242932E-1,9.813061620E1,-7.073053425E1,-5.873188021E1,-1.868310913E1
1.024781725E1,6.537508203E-1,-5.643111616E-1,-3.166172307E-1,-3.923218215E-1,9.835000347E1,-7.162011912E1,-5.895479866E1,-1.756313602E1
1.025784025E1,6.524953183E-1,-5.655344212E-1,-3.200501021E-1,-3.898572740E-1,9.853999309E1,-7.234397321E1,-5.916174222E1,-1.663649259E1
1.026786325E1,6.514379066E-1,-5.663293529E-1,-3.229771586E-1,-3.880535891E-1,9.869979640E1,-7.289636533E1,-5.935381331E1,-1.591356759E1
1.027788625E1,6.505794912E-1,-5.669728721E-1,-3.255013965E-1,-3.864412719E-1,9.882938543E1,-7.337247450E1,-5.951166815E1,-1.528141307E1
1.028791025E1,6.499288176E-1,-5.677373211E-1,-3.275870860E-1,-3.846472597E-1,9.892752952E1,-7.385049543E1,-5.960680726E1,-1.465736092E1
1.029793325E1,6.496663481E-1,-5.684717405E-1,-3.289235099E-1,-3.828613924E-1,9.896709865E1,-7.424834727E1,-5.961802642E1,-1.413335927E1
1.030795625E1,6.498518996E-1,-5.689746050E-1,-3.295324792E-1,-3.812726037E-1,9.893912666E1,-7.450452548E1,-5.956037235E1,-1.376529553E1
1.031797925E1,6.501345469E-1,-5.694788710E-1,-3.300736236E-1,-3.795658144E-1,9.889650620E1,-7.475798972E1,-5.948474010E1,-1.339114707E1
1.032800225E1,6.503947405E-1,-5.700109012E-1,-3.310670565E-1,-3.774503165E-1,9.885725954E1,-7.508092076E1,-5.942343192E1,-1.289939983E1
1.033802625E1,6.508031118E-1,-5.702677863E-1,-3.322122285E-1,-3.753464618E-1,9.879563907E1,-7.534828936E1,-5.937338739E1,-1.242975979E1
1.034804925E1,6.513215707E-1,-5.701497119E-1,-3.331477832E-1,-3.737941406E-1,9.871736619E1,-7.547621632E1,-5.934016065E1,-1.211600088E1
1.035807225E1,6.517144637E-1,-5.698562539E-1,-3.338018496E-1,-3.729723614E-1,9.865801970E1,-7.550185971E1,-5.933547947E1,-1.196183889E1
1.036809525E1,6.520805933E-1,-5.693586471E-1,-3.339090922E-1,-3.729964272E-1,9.860269202E1,-7.538488932E1,-5.934003057E1,-1.202257189E1
1.037811825E1,6.526667296E-1,-5.685199248E-1,-3.335631509E-1,-3.735598042E-1,9.851407018E1,-7.511174457E1,-5.933494844E1,-1.226505966E1
1.038814225E1,6.534909112E-1,-5.674483518E-1,-3.330690528E-1,-3.741883401E-1,9.838935669E1,-7.476131072E1,-5.931437232E1,-1.256939748E1
1.039816525E1,6.545323598E-1,-5.662304448E-1,-3.326083351E-1,-3.746227898E-1,9.823159899E1,-7.438561631E1,-5.927747524E1,-1.286379587E1
1.040818825E1,6.557119447E-1,-5.649390654E-1,-3.322875976E-1,-3.747940114E-1,9.805268912E1,-7.401750159E1,-5.923151941E1,-1.311394722E1
1.041821125E1,6.569135198E-1,-5.636663570E-1,-3.321648238E-1,-3.747151441E-1,9.787019419E1,-7.368581688E1,-5.918611318E1,-1.330084935E1
1.042823417E1,6.580711040E-1,-5.624570691E-1,-3.321680375E-1,-3.744982775E-1,9.769414078E1,-7.338971194E1,-5.914397290E1,-1.344283764E1
1.043825717E1,6.592051598E-1,-5.613096001E-1,-3.321722311E-1,-3.742215729E-1,9.752143619E1,-7.311279310E1,-5.909807151E1,-1.356702232E1
1.044828117E1,6.603682653E-1,-5.601558828E-1,-3.323687935E-1,-3.737247248E-1,9.734407030E1,-7.286361983E1,-5.905483361E1,-1.363680443E1
1.045830417E1,6.614534940E-1,-5.590501391E-1,-3.331119899E-1,-3.727985583E-1,9.717836213E1,-7.269939603E1,-5.903729312E1,-1.357127114E1
1.046832717E1,6.621138087E-1,-5.582814333E-1,-3.347659482E-1,-3.712935365E-1,9.707743241E1,-7.273496756E1,-5.907925244E1,-1.326315865E1
1.047835017E1,6.622178903E-1,-5.578666767E-1,-3.375180004E-1,-3.692343469E-1,9.706151627E1,-7.299536652E1,-5.920314392E1,-1.268700745E1
1.048837317E1,6.620535071E-1,-5.574583053E-1,-3.412877515E-1,-3.666716604E-1,9.708665283E1,-7.339024851E1,-5.939637627E1,-1.190315486E1
1.049839617E1,6.617068598E-1,-5.571912102E-1,-3.459093747E-1,-3.633576010E-1,9.713964421E1,-7.395575970E1,-5.962116460E1,-1.087331105E1
1.050842017E1,6.611312181E-1,-5.573134466E-1,-3.511860653E-1,-3.591317051E-1,9.722759384E1,-7.474958346E1,-5.984367613E1,-9.559149230E0
1.051844317E1,6.605640901E-1,-5.576443626E-1,-3.564587414E-1,-3.544362090E-1,9.731418458E1,-7.563770098E1,-6.002304005E1,-8.134715452E0
1.052846617E1,6.600512684E-1,-5.581070507E-1,-3.607908474E-1,-3.502554735E-1,9.739243415E1,-7.644518067E1,-6.013959305E1,-6.881284137E0
1.053848917E1,6.595590669E-1,-5.586265949E-1,-3.634788470E-1,-3.475648292E-1,9.746749321E1,-7.701733337E1,-6.020276695E1,-6.050737662E0
1.054851217E1,6.589857223E-1,-5.591438737E-1,-3.644923417E-1,-3.467582860E-1,9.755487198E1,-7.731148055E1,-6.024621598E1,-5.713969957E0
1.055853617E1,6.580048176E-1,-5.597008759E-1,-3.645971293E-1,-3.476111486E-1,9.770422845E1,-7.744258699E1,-6.033451992E1,-5.720023833E0
1.056855917E1,6.564691866E-1,-5.604068778E-1,-3.644687922E-1,-3.495067979E-1,9.793770887E1,-7.754818440E1,-6.048852875E1,-5.870049096E0
1.057858217E1,6.544522070E-1,-5.613347196E-1,-3.648798714E-1,-3.513664012E-1,9.824374713E1,-7.778678504E1,-6.069905431E1,-5.895198735E0
1.058860517E1,6.524003615E-1,-5.622738673E-1,-3.660661050E-1,-3.524452446E-1,9.855435146E1,-7.816243806E1,-6.092505614E1,-5.693747292E0
1.059862817E1,6.511047252E-1,-5.625929400E-1,-3.670566192E-1,-3.533006992E-1,9.875010941E1,-7.835670424E1,-6.110581324E1,-5.589651412E0
1.060865117E1,6.509806027E-1,-5.618342967E-1,-3.666120542E-1,-3.551930505E-1,9.876884804E1,-7.802900329E1,-6.121513978E1,-6.019664233E0
1.061867517E1,6.518138986E-1,-5.602443595E-1,-3.643106572E-1,-3.585283308E-1,9.864299586E1,-7.717365715E1,-6.124114985E1,-7.065663214E0
1.062869817E1,6.530559136E-1,-5.584301906E-1,-3.612420294E-1,-3.621850441E-1,9.845519423E1,-7.614896116E1,-6.120308446E1,-8.307202715E0
1.063872117E1,6.542693424E-1,-5.568219933E-1,-3.586337717E-1,-3.650515988E-1,9.827145836E1,-7.527659495E1,-6.114260847E1,-9.335941280E0
1.064874417E1,6.552326929E-1,-5.555704321E-1,-3.568090344E-1,-3.670136610E-1,9.812540736E1,-7.463896514E1,-6.109113785E1,-1.006607477E1
1.065876717E1,6.559675338E-1,-5.546359732E-1,-3.556694469E-1,-3.682185024E-1,9.801389147E1,-7.420325948E1,-6.105322268E1,-1.054131886E1
1.066879117E1,6.565604767E-1,-5.540310922E-1,-3.548776656E-1,-3.688357641E-1,9.792384053E1,-7.392297859E1,-6.100833931E1,-1.083358061E1
1.067881417E1,6.572184417E-1,-5.537007768E-1,-3.541272515E-1,-3.688811457E-1,9.782384245E1,-7.374617438E1,-6.092419013E1,-1.099797498E1
1.068883717E1,6.583032067E-1,-5.534076033E-1,-3.531430383E-1,-3.683298755E-1,9.765881255E1,-7.357966155E1,-6.076495290E1,-1.110656486E1
1.069886017E1,6.600678742E-1,-5.531118589E-1,-3.517479355E-1,-3.669484072E-1,9.738990106E1,-7.340431801E1,-6.049143270E1,-1.115718773E1
1.070888317E1,6.624629532E-1,-5.530007282E-1,-3.500065436E-1,-3.644565590E-1,9.702403359E1,-7.328941496E1,-6.009143506E1,-1.107369771E1
1.071890617E1,6.652445398E-1,-5.533304324E-1,-3.478378881E-1,-3.609486979E-1,9.659782289E1,-7.328564917E1,-5.956928930E1,-1.084512741E1
1.072893017E1,6.681083549E-1,-5.542360312E-1,-3.447835586E-1,-3.571807486E-1,9.615753183E1,-7.334227882E1,-5.894032752E1,-1.062054086E1
1.073895317E1,6.710118619E-1,-5.556310392E-1,-3.403060144E-1,-3.538490297E-1,9.570958220E1,-7.335480134E1,-5.820272486E1,-1.057542139E1
1.074897617E1,6.741848136E-1,-5.574262843E-1,-3.338919806E-1,-3.510940904E-1,9.521824349E1,-7.325648450E1,-5.731242889E1,-1.079649193E1
1.075899917E1,6.777548519E-1,-5.595081489E-1,-3.258584752E-1,-3.484469838E-1,9.466310522E1,-7.308979286E1,-5.626573738E1,-1.118063307E1
1.076902217E1,6.815488374E-1,-5.618917429E-1,-3.172096679E-1,-3.451767150E-1,9.407041292E1,-7.299049991E1,-5.511399997E1,-1.150071499E1
1.077904617E1,6.853773728E-1,-5.645657602E-1,-3.089738681E-1,-3.406734928E-1,9.346941477E1,-7.305917124E1,-5.391971513E1,-1.156913531E1
1.078906917E1,6.888590081E-1,-5.677219480E-1,-3.018183659E-1,-3.347699311E-1,9.292028560E1,-7.337594908E1,-5.274347597E1,-1.129014975E1
1.079909217E1,6.915424347E-1,-5.715791222E-1,-2.958621100E-1,-3.279207099E-1,9.249533941E1,-7.395730709E1,-5.163453126E1,-1.070810473E1
1.080911517E1,6.933043205E-1,-5.761316141E-1,-2.906166397E-1,-3.208481526E-1,9.221550596E1,-7.472611261E1,-5.059453897E1,-9.980878647E0
1.081913817E1,6.943959660E-1,-5.811430008E-1,-2.854232629E-1,-3.140394557E-1,9.204179393E1,-7.556435583E1,-4.958752620E1,-9.266555576E0
1.082916117E1,6.954130327E-1,-5.860891758E-1,-2.797149885E-1,-3.076680534E-1,9.187972056E1,-7.631982160E1,-4.856238288E1,-8.694031648E0
1.083918517E1,6.967956601E-1,-5.905747806E-1,-2.729662666E-1,-3.019710217E-1,9.165903724E1,-7.687835622E1,-4.748295819E1,-8.373084673E0
1.084920817E1,6.984920075E-1,-5.944729005E-1,-2.654987301E-1,-2.970206847E-1,9.138771517E1,-7.725027754E1,-4.638896072E1,-8.274695626E0
1.085923117E1,7.001251347E-1,-5.980220550E-1,-2.581238218E-1,-2.925176101E-1,9.112591113E1,-7.755418939E1,-4.534094172E1,-8.250934082E0
1.086925417E1,7.012636685E-1,-6.015753926E-1,-2.513995240E-1,-2.883307632E-1,9.094304713E1,-7.789914690E1,-4.438690982E1,-8.199430368E0
1.087927717E1,7.020430481E-1,-6.049707848E-1,-2.452015349E-1,-2.846438412E-1,9.081770255E1,-7.824025156E1,-4.352622226E1,-8.165710916E0
1.088930117E1,7.028805902E-1,-6.079007284E-1,-2.384859614E-1,-2.820282921E-1,9.068285304E1,-7.844898574E1,-4.269883409E1,-8.333200212E0
1.089932417E1,7.039429859E-1,-6.102059713E-1,-2.305418916E-1,-2.810040815E-1,9.051157476E1,-7.845680487E1,-4.187574696E1,-8.827508572E0
1.090934717E1,7.049491576E-1,-6.120264412E-1,-2.218299905E-1,-2.815345839E-1,9.034912657E1,-7.832978721E1,-4.109967328E1,-9.579338425E0
1.091937017E1,7.054587551E-1,-6.137085009E-1,-2.136488868E-1,-2.829205830E-1,9.026676379E1,-7.821523305E1,-4.044384640E1,-1.036621967E1
1.092939317E1,7.052018701E-1,-6.155738782E-1,-2.067525244E-1,-2.846271510E-1,9.030828973E1,-7.821067537E1,-3.994280647E1,-1.104612021E1
1.093941617E1,7.043381969E-1,-6.175737251E-1,-2.009061875E-1,-2.866133634E-1,9.044779450E1,-7.828777904E1,-3.957008222E1,-1.164527261E1
1.094944017E1,7.032038566E-1,-6.194770557E-1,-1.952200930E-1,-2.892085978E-1,9.063076320E1,-7.835548243E1,-3.926257149E1,-1.229521938E1
1.095946317E1,7.021144659E-1,-6.210301039E-1,-1.889323522E-1,-2.926797068E-1,9.080620994E1,-7.833186185E1,-3.896386153E1,-1.310702711E1
1.096948617E1,7.013777811E-1,-6.219703369E-1,-1.819931054E-1,-2.968173051E-1,9.092470328E1,-7.817385813E1,-3.864659561E1,-1.407784271E1
1.097950917E1,7.009411398E-1,-6.223941445E-1,-1.749556143E-1,-3.011603693E-1,9.099487874E1,-7.793065669E1,-3.832694858E1,-1.510354529E1
1.098953217E1,7.003260276E-1,-6.227412870E-1,-1.685929364E-1,-3.054721815E-1,9.109366581E1,-7.771298880E1,-3.806829476E1,-1.606647674E1
1.099955617E1,6.993488529E-1,-6.231268042E-1,-1.633234423E-1,-3.097576309E-1,9.125042860E1,-7.755057425E1,-3.791390544E1,-1.692806423E1
1.100957917E1,6.984623783E-1,-6.231091026E-1,-1.592195194E-1,-3.139022256E-1,9.139245959E1,-7.736132200E1,-3.785087045E1,-1.770059489E1
1.101960217E1,6.979425390E-1,-6.225439133E-1,-1.560300988E-1,-3.177577350E-1,9.147566837E1,-7.710916363E1,-3.783839212E1,-1.840000895E1
1.102962517E1,6.977295289E-1,-6.216436356E-1,-1.539358429E-1,-3.209929271E-1,9.150974713E1,-7.683958535E1,-3.787186058E1,-1.896524238E1
1.103964817E1,6.973386590E-1,-6.209022303E-1,-1.530766794E-1,-3.236770913E-1,9.157225538E1,-7.664219777E1,-3.798362427E1,-1.936368923E1
1.104967117E1,6.966519393E-1,-6.203126170E-1,-1.534385312E-1,-3.261058245E-1,9.168199595E1,-7.650940995E1,-3.819658942E1,-1.962906339E1
1.105969517E1,6.961461982E-1,-6.193374443E-1,-1.547549248E-1,-3.284092130E-1,9.176275019E1,-7.633435379E1,-3.848109300E1,-1.982971664E1
1.106971817E1,6.962908251E-1,-6.176431831E-1,-1.566417128E-1,-3.303925804E-1,9.173966252E1,-7.604877778E1,-3.877515607E1,-1.999680128E1
1.107974117E1,6.973521460E-1,-6.150845955E-1,-1.588058902E-1,-3.318907534E-1,9.157009908E1,-7.562091378E1,-3.903308451E1,-2.014576224E1
1.108976417E1,6.984650335E-1,-6.127847684E-1,-1.617189539E-1,-3.323979064E-1,9.139203443E1,-7.527734405E1,-3.929303642E1,-2.011377053E1
1.109978717E1,6.976520419E-1,-6.132485734E-1,-1.669622537E-1,-3.306530901E-1,9.152214155E1,-7.554587489E1,-3.968066843E1,-1.947473692E1
1.110981017E1,6.945642373E-1,-6.170720090E-1,-1.760090326E-1,-3.253052872E-1,9.201499456E1,-7.663250386E1,-4.023864690E1,-1.790366304E1
1.111983417E1,6.903592673E-1,-6.226117908E-1,-1.897225213E-1,-3.158545940E-1,9.268289056E1,-7.833608299E1,-4.093959429E1,-1.534163382E1
1.112985717E1,6.857436395E-1,-6.282275634E-1,-2.060746134E-1,-3.043338794E-1,9.341176344E1,-8.030831504E1,-4.168313660E1,-1.225039624E1
1.113988017E1,6.813534341E-1,-6.330034546E-1,-2.213355869E-1,-2.933847393E-1,9.410100820E1,-8.217977573E1,-4.230233314E1,-9.304885832E0
1.114990317E1,6.778463105E-1,-6.372901052E-1,-2.332868526E-1,-2.827771362E-1,9.464885095E1,-8.385006308E1,-4.258532448E1,-6.708999707E0
1.115992617E1,6.760718861E-1,-6.410760933E-1,-2.411897871E-1,-2.716166929E-1,9.492511255E1,-8.520691188E1,-4.240580527E1,-4.506976624E0
1.116995017E1,6.766526907E-1,-6.430807871E-1,-2.444576641E-1,-2.623522887E-1,9.483475400E1,-8.588565846E1,-4.193239677E1,-3.130825663E0
1.117997317E1,6.792468503E-1,-6.428805685E-1,-2.428112607E-1,-2.576259201E-1,9.443036546E1,-8.575832543E1,-4.138404543E1,-2.886715923E0
1.118999617E1,6.833249794E-1,-6.403868659E-1,-2.366968909E-1,-2.587396084E-1,9.379196352E1,-8.485605894E1,-4.090969408E1,-3.827756308E0
1.120001917E1,6.887113255E-1,-6.355899224E-1,-2.266673318E-1,-2.651865800E-1,9.294362902E1,-8.325717447E1,-4.049009267E1,-5.821499241E0
1.121004217E1,6.945876920E-1,-6.294293807E-1,-2.140604718E-1,-2.748538869E-1,9.201125861E1,-8.128523705E1,-4.004355558E1,-8.438863557E0
1.122006617E1,7.000074607E-1,-6.230662603E-1,-2.001574488E-1,-2.858583237E-1,9.114479485E1,-7.928174638E1,-3.952692566E1,-1.127310519E1
1.123008917E1,7.047847006E-1,-6.169062666E-1,-1.859764462E-1,-2.968467868E-1,9.037569408E1,-7.740095897E1,-3.893217539E1,-1.405901684E1
1.124011217E1,7.089112564E-1,-6.112199402E-1,-1.724353802E-1,-3.067916308E-1,8.970719788E1,-7.574049276E1,-3.828087829E1,-1.659418347E1
1.125013517E1,7.125250536E-1,-6.061382104E-1,-1.603289509E-1,-3.149591421E-1,8.911853246E1,-7.434362164E1,-3.761078799E1,-1.873726884E1
1.126015817E1,7.157884841E-1,-6.017156784E-1,-1.500543711E-1,-3.210433768E-1,8.858428878E1,-7.320958739E1,-3.695359882E1,-2.043567800E1
1.127018117E1,7.188546673E-1,-5.979282783E-1,-1.418811699E-1,-3.249608421E-1,8.807999913E1,-7.231469568E1,-3.634104970E1,-2.167682354E1
1.128020517E1,7.218033662E-1,-5.947987694E-1,-1.359948778E-1,-3.266799910E-1,8.759285780E1,-7.164285733E1,-3.579881035E1,-2.245664646E1
1.129022817E1,7.239345005E-1,-5.935231950E-1,-1.340766483E-1,-3.250730792E-1,8.723943427E1,-7.142386890E1,-3.545070075E1,-2.248237077E1
1.130025117E1,7.244554988E-1,-5.948461635E-1,-1.374792688E-1,-3.200341916E-1,8.715285884E1,-7.179497600E1,-3.544614309E1,-2.161863138E1
1.131027417E1,7.239709154E-1,-5.971912352E-1,-1.445038629E-1,-3.136038259E-1,8.723338536E1,-7.243935886E1,-3.571798547E1,-2.028570859E1
1.132029717E1,7.227256025E-1,-5.997112164E-1,-1.527161553E-1,-3.077205052E-1,8.744005570E1,-7.315200435E1,-3.614498994E1,-1.890388024E1
1.133032017E1,7.208936897E-1,-6.021887346E-1,-1.601315983E-1,-3.033790847E-1,8.774337103E1,-7.383854935E1,-3.660241063E1,-1.773550077E1
1.134034417E1,7.189298573E-1,-6.045593894E-1,-1.649374559E-1,-3.007380368E-1,8.806760398E1,-7.442754626E1,-3.692613490E1,-1.694492700E1
1.135036717E1,7.180867306E-1,-6.059036632E-1,-1.653410963E-1,-2.998242299E-1,8.820651508E1,-7.468931885E1,-3.692633285E1,-1.673888263E1
1.136039017E1,7.194276959E-1,-6.047853808E-1,-1.599910175E-1,-3.017635539E-1,8.798549972E1,-7.431271942E1,-3.652748346E1,-1.742787468E1
1.137041317E1,7.221403935E-1,-6.011738595E-1,-1.491055402E-1,-3.080111920E-1,8.753704160E1,-7.331486561E1,-3.585152560E1,-1.912660124E1
1.138043617E1,7.251606788E-1,-5.957279388E-1,-1.346502248E-1,-3.179930408E-1,8.703556789E1,-7.193010592E1,-3.504088187E1,-2.155206732E1
1.139046017E1,7.281710385E-1,-5.888389521E-1,-1.186966311E-1,-3.300707471E-1,8.653343179E1,-7.034122684E1,-3.416513058E1,-2.433140416E1
1.140048317E1,7.308195254E-1,-5.813596988E-1,-1.029619903E-1,-3.425238975E-1,8.608971636E1,-6.876127203E1,-3.328146755E1,-2.710783220E1
1.141050617E1,7.325053361E-1,-5.746779482E-1,-8.893214736E-2,-3.539382545E-1,8.580632306E1,-6.743609328E1,-3.248559598E1,-2.957309757E1
1.142052917E1,7.328888303E-1,-5.698901294E-1,-7.742717461E-2,-3.634616300E-1,8.574175046E1,-6.651728549E1,-3.185405715E1,-3.155509523E1
1.143055204E1,7.322071261E-1,-5.672749385E-1,-6.885292512E-2,-3.705823611E-1,8.585650850E1,-6.601382247E1,-3.141770594E1,-3.298235922E1
1.144057504E1,7.311125724E-1,-5.662833496E-1,-6.323449733E-2,-3.752319172E-1,8.604050763E1,-6.580957472E1,-3.116057044E1,-3.388244042E1
1.145059904E1,7.302178475E-1,-5.659600833E-1,-5.992702339E-2,-3.779944218E-1,8.619067982E1,-6.573347720E1,-3.102279612E1,-3.440393147E1
1.146062204E1,7.297599852E-1,-5.657894729E-1,-5.831385276E-2,-3.793840666E-1,8.626744691E1,-6.569468709E1,-3.095824418E1,-3.466348024E1
1.147064504E1,7.297604383E-1,-5.655370975E-1,-5.795627890E-2,-3.798137643E-1,8.626737098E1,-6.565083525E1,-3.094305804E1,-3.474342908E1
1.148066804E1,7.301285489E-1,-5.651920834E-1,-5.836632559E-2,-3.795570900E-1,8.620565632E1,-6.559898946E1,-3.094901838E1,-3.470374420E1
1.149069104E1,7.307494563E-1,-5.649634157E-1,-5.923697411E-2,-3.785663019E-1,8.610147908E1,-6.557514776E1,-3.095248101E1,-3.454817878E1
1.150071504E1,7.314320666E-1,-5.649651227E-1,-6.023794069E-2,-3.770849244E-1,8.598683205E1,-6.559530069E1,-3.094396907E1,-3.431937938E1
1.151073804E1,7.317914949E-1,-5.653929764E-1,-6.109202550E-2,-3.756060758E-1,8.592641522E1,-6.568245112E1,-3.094021072E1,-3.408275072E1
1.152076104E1,7.316695009E-1,-5.660842690E-1,-6.159770339E-2,-3.747185685E-1,8.594692521E1,-6.580184520E1,-3.095621579E1,-3.392423892E1
1.153078404E1,7.310553370E-1,-5.667383249E-1,-6.148746831E-2,-3.749466673E-1,8.605012043E1,-6.589917475E1,-3.099042193E1,-3.393141371E1
1.154080704E1,7.302152239E-1,-5.668329024E-1,-6.038907929E-2,-3.766155560E-1,8.619111987E1,-6.589067994E1,-3.100749693E1,-3.418369084E1
1.155083004E1,7.295084002E-1,-5.658407024E-1,-5.790108760E-2,-3.798542252E-1,8.630960535E1,-6.569724736E1,-3.095419321E1,-3.473950988E1
1.156085404E1,7.289943877E-1,-5.638496220E-1,-5.396290715E-2,-3.843549924E-1,8.639568770E1,-6.534331851E1,-3.080475491E1,-3.556192543E1
1.157087704E1,7.287201171E-1,-5.611218358E-1,-4.886069396E-2,-3.895149257E-1,8.644159200E1,-6.488469307E1,-3.055346759E1,-3.655186456E1
1.158090004E1,7.285065696E-1,-5.582280121E-1,-4.345753121E-2,-3.946784520E-1,8.647731962E1,-6.441606555E1,-3.026229467E1,-3.756100944E1
1.159092304E1,7.280569470E-1,-5.558277702E-1,-3.882321126E-2,-3.993510202E-1,8.655250512E1,-6.403125581E1,-3.003121839E1,-3.844917277E1
1.160094604E1,7.273175964E-1,-5.543843671E-1,-3.586956011E-2,-4.029644486E-1,8.667602492E1,-6.379074183E1,-2.993197869E1,-3.908636996E1
1.161097004E1,7.264609617E-1,-5.538551923E-1,-3.464525738E-2,-4.053378641E-1,8.681896262E1,-6.368472675E1,-2.995593536E1,-3.945227873E1
1.162099304E1,7.258542473E-1,-5.536924423E-1,-3.457683198E-2,-4.066505383E-1,8.692008480E1,-6.363509268E1,-3.003402107E1,-3.961822658E1
1.163101604E1,7.255495467E-1,-5.535954624E-1,-3.499084047E-2,-4.072904749E-1,8.697083430E1,-6.360047951E1,-3.011409113E1,-3.967634914E1
1.164103904E1,7.253865964E-1,-5.533025418E-1,-3.515791058E-2,-4.079639921E-1,8.699796480E1,-6.354013657E1,-3.016296450E1,-3.975848696E1
1.165106204E1,7.251140644E-1,-5.526961118E-1,-3.469882603E-2,-4.093073913E-1,8.704332506E1,-6.343016095E1,-3.018319434E1,-3.996482306E1
1.166108504E1,7.245116278E-1,-5.517475127E-1,-3.345966654E-2,-4.117498749E-1,8.714352764E1,-6.326065478E1,-3.018858672E1,-4.035596745E1
1.167110904E1,7.237824979E-1,-5.503168380E-1,-3.165595001E-2,-4.150760937E-1,8.726467995E1,-6.301236274E1,-3.017685471E1,-4.089991559E1
1.168113204E1,7.230428945E-1,-5.486550720E-1,-2.969742810E-2,-4.186940740E-1,8.738743543E1,-6.272818445E1,-3.015773615E1,-4.149546306E1
1.169115504E1,7.222560655E-1,-5.471344980E-1,-2.797227330E-2,-4.221465225E-1,8.751787823E1,-6.246528136E1,-3.015547364E1,-4.205463157E1
1.170117804E1,7.212979096E-1,-5.459051587E-1,-2.660713688E-2,-4.254515836E-1,8.767651505E1,-6.224201062E1,-3.019176844E1,-4.256839428E1
1.171120104E1,7.203254659E-1,-5.447212959E-1,-2.548754799E-2,-4.286727302E-1,8.783728392E1,-6.202247553E1,-3.024728148E1,-4.305896234E1
1.172122504E1,7.195626079E-1,-5.433226317E-1,-2.443098972E-2,-4.317792058E-1,8.796323933E1,-6.177288835E1,-3.028821887E1,-4.354052315E1
1.173124804E1,7.189540706E-1,-5.417681716E-1,-2.319853158E-2,-4.348036848E-1,8.806361209E1,-6.150687816E1,-3.029703558E1,-4.402659142E1
1.174127104E1,7.184542406E-1,-5.400190774E-1,-2.164411366E-2,-4.378748097E-1,8.814598658E1,-6.122000675E1,-3.026645947E1,-4.454100673E1
1.175129404E1,7.179994867E-1,-5.382241906E-1,-1.990932830E-2,-4.409027974E-1,8.822087922E1,-6.093339239E1,-3.021186266E1,-4.506038037E1
1.176131704E1,7.176075842E-1,-5.365433322E-1,-1.828688537E-2,-4.436510458E-1,8.828538047E1,-6.066853572E1,-3.015371745E1,-4.553567803E1
1.177134004E1,7.173250949E-1,-5.350670756E-1,-1.708281312E-2,-4.459328973E-1,8.833185075E1,-6.043449923E1,-3.011358702E1,-4.592610740E1
1.178136404E1,7.170600756E-1,-5.339314709E-1,-1.648314776E-2,-4.477392269E-1,8.837542956E1,-6.024533743E1,-3.011670403E1,-4.621758736E1
1.179138704E1,7.167638570E-1,-5.331422922E-1,-1.648333742E-2,-4.491516626E-1,8.842411849E1,-6.009928593E1,-3.016903709E1,-4.642068049E1
1.180141004E1,7.165079835E-1,-5.324230984E-1,-1.660438317E-2,-4.504069222E-1,8.846615885E1,-5.996358145E1,-3.022575823E1,-4.659646189E1
1.181143304E1,7.161885525E-1,-5.315204815E-1,-1.624710434E-2,-4.519912644E-1,8.851861957E1,-5.980670971E1,-3.024888785E1,-4.684211013E1
1.182145604E1,7.155914897E-1,-5.302647372E-1,-1.501007326E-2,-4.544480147E-1,8.861661024E1,-5.960316583E1,-3.022769660E1,-4.725017267E1
1.183148004E1,7.146185613E-1,-5.285930246E-1,-1.288734724E-2,-4.579777396E-1,8.877610481E1,-5.934094606E1,-3.017128622E1,-4.784827480E1
1.184150304E1,7.131809745E-1,-5.266680516E-1,-1.019399503E-2,-4.624822683E-1,8.901135784E1,-5.903853908E1,-3.011184593E1,-4.860475774E1
1.185152604E1,7.114508779E-1,-5.247049568E-1,-7.525530536E-3,-4.674031341E-1,8.929382863E1,-5.872312055E1,-3.007979218E1,-4.941551626E1
1.186154904E1,7.097202124E-1,-5.228370927E-1,-5.280662944E-3,-4.721342338E-1,8.957568880E1,-5.841525865E1,-3.007903694E1,-5.018159604E1
1.187157204E1,7.083222963E-1,-5.210856804E-1,-3.390292494E-3,-4.761699526E-1,8.980284765E1,-5.813140128E1,-3.006972530E1,-5.083989619E1
1.188159504E1,7.073832645E-1,-5.194749965E-1,-1.515221351E-3,-4.793249813E-1,8.995518519E1,-5.789026541E1,-3.000915494E1,-5.137927383E1
1.189161904E1,7.067511461E-1,-5.180560385E-1,5.290272425E-4,-4.817889704E-1,9.005761865E1,-5.770061226E1,-2.989681766E1,-5.182986435E1
1.190164204E1,7.062558047E-1,-5.168582040E-1,2.601366710E-3,-4.837908930E-1,9.013782379E1,-5.755603468E1,-2.976396658E1,-5.221435231E1
1.191166504E1,7.059168071E-1,-5.157786336E-1,4.390732237E-3,-4.854220287E-1,9.019268166E1,-5.742882959E1,-2.963952997E1,-5.253447771E1
1.192168804E1,7.058310593E-1,-5.148238810E-1,5.615688242E-3,-4.865462749E-1,9.020655353E1,-5.731266160E1,-2.954084071E1,-5.276043044E1
1.193171104E1,7.059418739E-1,-5.141953872E-1,6.219694728E-3,-4.870425435E-1,9.018862614E1,-5.723543080E1,-2.947795007E1,-5.286847206E1
1.194173504E1,7.061729545E-1,-5.139083250E-1,6.393424038E-3,-4.870082886E-1,9.015123333E1,-5.720305301E1,-2.944089776E1,-5.287916960E1
1.195175804E1,7.064606489E-1,-5.136995084E-1,6.625927128E-3,-4.868081754E-1,9.010466243E1,-5.718765991E1,-2.939214617E1,-5.286832447E1
1.196178104E1,7.066939212E-1,-5.132726241E-1,7.500874629E-3,-4.869071889E-1,9.006688731E1,-5.715804571E1,-2.929002474E1,-5.292966864E1
1.197180404E1,7.068377473E-1,-5.125204925E-1,9.202659005E-3,-4.874611460E-1,9.004359052E1,-5.710289048E1,-2.912116250E1,-5.309415314E1
1.198182704E1,7.067706706E-1,-5.113218361E-1,1.162445907E-2,-4.887637154E-1,9.005445611E1,-5.699588016E1,-2.890766298E1,-5.339880544E1
1.199185004E1,7.063411415E-1,-5.100307517E-1,1.419617547E-2,-4.906620621E-1,9.012401014E1,-5.686950615E1,-2.871484830E1,-5.378992390E1
1.200187404E1,7.054302744E-1,-5.095623527E-1,1.612470989E-2,-4.923963944E-1,9.027136849E1,-5.683647659E1,-2.862426297E1,-5.411083151E1
1.201189704E1,7.046395679E-1,-5.093320413E-1,1.707084342E-2,-4.937333241E-1,9.039913472E1,-5.680880377E1,-2.861298476E1,-5.433245993E1
1.202192004E1,7.041640145E-1,-5.093911944E-1,1.723747099E-2,-4.943444217E-1,9.047590888E1,-5.680831057E1,-2.864317858E1,-5.441854139E1
1.203194304E1,7.039152005E-1,-5.103432706E-1,1.662404468E-2,-4.937375703E-1,9.051605751E1,-5.692866207E1,-2.872116343E1,-5.428822808E1
1.204196604E1,7.041197708E-1,-5.115786158E-1,1.543830632E-2,-4.922035199E-1,9.048304906E1,-5.708889813E1,-2.880700169E1,-5.400410741E1
1.205198904E1,7.047415527E-1,-5.126538873E-1,1.404048501E-2,-4.902328702E-1,9.038266346E1,-5.723096883E1,-2.887168947E1,-5.365766502E1
1.206201304E1,7.052313413E-1,-5.140346813E-1,1.260717606E-2,-4.881170563E-1,9.030352642E1,-5.741799039E1,-2.894934873E1,-5.328244784E1
1.207203604E1,7.054078523E-1,-5.154115767E-1,1.141804488E-2,-4.864364086E-1,9.027499352E1,-5.760400425E1,-2.903351579E1,-5.297456313E1
1.208205904E1,7.052500966E-1,-5.164041349E-1,1.075330478E-2,-4.856268097E-1,9.030049496E1,-5.773592480E1,-2.910370272E1,-5.281325011E1
1.209208204E1,7.046831161E-1,-5.172901460E-1,1.059184021E-2,-4.855104212E-1,9.039210167E1,-5.785482409E1,-2.916797900E1,-5.276685811E1
1.210210504E1,7.038848232E-1,-5.176669810E-1,1.101364587E-2,-4.862569578E-1,9.052095824E1,-5.790375044E1,-2.920485771E1,-5.287225228E1
1.211212904E1,7.030124993E-1,-5.173948388E-1,1.206478827E-2,-4.877812934E-1,9.066160056E1,-5.786721589E1,-2.919527389E1,-5.312433744E1
1.212215204E1,7.020624145E-1,-5.169964246E-1,1.370021243E-2,-4.895257620E-1,9.081458619E1,-5.782962502E1,-2.913895430E1,-5.343380733E1
1.213217504E1,7.010859774E-1,-5.166180302E-1,1.585585514E-2,-4.912565434E-1,9.097160563E1,-5.781511583E1,-2.903549382E1,-5.376318149E1
1.214219804E1,7.001715805E-1,-5.160245393E-1,1.837410827E-2,-4.930930291E-1,9.111845690E1,-5.778347179E1,-2.889239323E1,-5.412766280E1
1.215222104E1,6.992356886E-1,-5.157707100E-1,2.071070848E-2,-4.945917500E-1,9.126856937E1,-5.780103936E1,-2.876567088E1,-5.443102432E1
1.216224404E1,6.983924250E-1,-5.157778749E-1,2.249537463E-2,-4.956966612E-1,9.140366019E1,-5.784362074E1,-2.868001673E1,-5.465235758E1
1.217226804E1,6.976135302E-1,-5.162719413E-1,2.347109525E-2,-4.962336332E-1,9.152830120E1,-5.793548097E1,-2.866159833E1,-5.475190142E1
1.218229104E1,6.968780466E-1,-5.174332556E-1,2.353498987E-2,-4.960543615E-1,9.164587437E1,-5.810045208E1,-2.872119959E1,-5.470084391E1
1.219231404E1,6.965495857E-1,-5.177885114E-1,2.351012323E-2,-4.961462101E-1,9.169834373E1,-5.814578282E1,-2.875371944E1,-5.470262566E1
1.220233704E1,6.961602120E-1,-5.176467505E-1,2.421610401E-2,-4.968060822E-1,9.176051327E1,-5.813777854E1,-2.872613379E1,-5.482354050E1
1.221236004E1,6.955169879E-1,-5.176739563E-1,2.540007221E-2,-4.976189895E-1,9.186314242E1,-5.816774623E1,-2.867733103E1,-5.498078129E1
1.222238404E1,6.948647970E-1,-5.172028809E-1,2.721984669E-2,-4.989220120E-1,9.196711148E1,-5.814331728E1,-2.857179385E1,-5.524284584E1
1.223240704E1,6.941610079E-1,-5.159729305E-1,2.996400692E-2,-5.010135283E-1,9.207920394E1,-5.803480246E1,-2.838664411E1,-5.566783909E1
1.224243004E1,6.930647262E-1,-5.147563828E-1,3.325063924E-2,-5.035687653E-1,9.225359836E1,-5.794163324E1,-2.818634934E1,-5.617669038E1
1.225245304E1,6.917977603E-1,-5.135911700E-1,3.630879350E-2,-5.062822953E-1,9.245482763E1,-5.784563084E1,-2.802180483E1,-5.669537712E1
1.226247604E1,6.904820938E-1,-5.126265761E-1,3.886953064E-2,-5.088590799E-1,9.266343422E1,-5.776188044E1,-2.790662154E1,-5.716995825E1
1.227249904E1,6.892113874E-1,-5.122474863E-1,4.078424090E-2,-5.108099521E-1,9.286456856E1,-5.774577200E1,-2.784649405E1,-5.752011439E1
1.228252304E1,6.881644913E-1,-5.120057952E-1,4.222817086E-2,-5.123440658E-1,9.303002500E1,-5.773867976E1,-2.780905325E1,-5.779175115E1
1.229254604E1,6.874554127E-1,-5.118097491E-1,4.318488324E-2,-5.134111397E-1,9.314196254E1,-5.772830221E1,-2.778546941E1,-5.797945939E1
1.230256904E1,6.869076406E-1,-5.119651446E-1,4.371070732E-2,-5.139445818E-1,9.322836487E1,-5.775900604E1,-2.778745745E1,-5.806946397E1
1.231259204E1,6.863993970E-1,-5.128939979E-1,4.378705634E-2,-5.136909790E-1,9.330847717E1,-5.789210027E1,-2.782854093E1,-5.801717419E1
1.232261504E1,6.861300155E-1,-5.136100307E-1,4.355533297E-2,-5.133549632E-1,9.335091723E1,-5.798570795E1,-2.787598003E1,-5.794565154E1
1.233263904E1,6.860622117E-1,-5.137761525E-1,4.340657567E-2,-5.132919432E-1,9.336159712E1,-5.800305232E1,-2.789645264E1,-5.792698835E1
1.234266204E1,6.856807775E-1,-5.143217645E-1,4.342037876E-2,-5.132540163E-1,9.342166003E1,-5.807750207E1,-2.793116054E1,-5.790968605E1
1.235268504E1,6.851534098E-1,-5.150408530E-1,4.334436692E-2,-5.132436745E-1,9.350465370E1,-5.817079142E1,-2.798807850E1,-5.788809862E1
1.236270804E1,6.846551128E-1,-5.151936142E-1,4.371477450E-2,-5.137235954E-1,9.358302047E1,-5.819574174E1,-2.800023238E1,-5.796446979E1
1.237273104E1,6.839992236E-1,-5.148903466E-1,4.472935451E-2,-5.148129228E-1,9.368609501E1,-5.817287267E1,-2.796646659E1,-5.816069789E1
1.238275404E1,6.831314463E-1,-5.143364106E-1,4.599936549E-2,-5.164043615E-1,9.382233480E1,-5.811602826E1,-2.792814639E1,-5.844103040E1
1.239277804E1,6.823003789E-1,-5.137505694E-1,4.714310452E-2,-5.179807537E-1,9.395266930E1,-5.805033616E1,-2.789769746E1,-5.871486740E1
1.240280104E1,6.814829250E-1,-5.135361262E-1,4.811340927E-2,-5.191788780E-1,9.408073401E1,-5.803586834E1,-2.788233304E1,-5.892211019E1
1.241282404E1,6.807917114E-1,-5.131245411E-1,4.928861092E-2,-5.203810800E-1,9.418891763E1,-5.800434561E1,-2.783520326E1,-5.914327606E1
1.242284704E1,6.800853144E-1,-5.123411155E-1,5.087253163E-2,-5.219220688E-1,9.429937965E1,-5.793405146E1,-2.774963915E1,-5.943596239E1
1.243287100E1,6.791937716E-1,-5.120486796E-1,5.224388471E-2,-5.232328042E-1,9.443865281E1,-5.792555603E1,-2.770206079E1,-5.967759383E1
1.244289500E1,6.784467451E-1,-5.118880158E-1,5.319952236E-2,-5.242618775E-1,9.455522973E1,-5.792291286E1,-2.768049833E1,-5.986074131E1
1.245291800E1,6.778948479E-1,-5.117209879E-1,5.398513961E-2,-5.250579735E-1,9.464128550E1,-5.791746257E1,-2.765676967E1,-6.000542360E1
1.246294100E1,6.773188691E-1,-5.117163096E-1,5.468532521E-2,-5.257328288E-1,9.473103276E1,-5.793260391E1,-2.764379735E1,-6.012655099E1
1.247296400E1,6.767794474E-1,-5.115988463E-1,5.537552200E-2,-5.264690763E-1,9.481502516E1,-5.793105822E1,-2.762792584E1,-6.025811821E1
1.248298700E1,6.762761508E-1,-5.110648036E-1,5.632787219E-2,-5.275325888E-1,9.489334157E1,-5.787894144E1,-2.758217333E1,-6.045434579E1
1.249301000E1,6.756703636E-1,-5.108240186E-1,5.739283876E-2,-5.284264919E-1,9.498754111E1,-5.787494239E1,-2.753617836E1,-6.062601137E1
1.250303400E1,6.751286291E-1,-5.105814846E-1,5.848627552E-2,-5.292328243E-1,9.507172043E1,-5.787437599E1,-2.748145210E1,-6.078711119E1
1.251305700E1,6.747906746E-1,-5.095544502E-1,5.987851237E-2,-5.304962393E-1,9.512420602E1,-5.777424114E1,-2.737565535E1,-6.103979590E1
1.252308000E1,6.742571060E-1,-5.084114066E-1,6.162889206E-2,-5.320686434E-1,9.520702648E1,-5.766937618E1,-2.725246085E1,-6.135199315E1
1.253310300E1,6.735605029E-1,-5.076003748E-1,6.313071071E-2,-5.335472391E-1,9.531507098E1,-5.759953315E1,-2.716875598E1,-6.163387358E1
1.254312600E1,6.730431819E-1,-5.067860555E-1,6.416372997E-2,-5.348494187E-1,9.539524843E1,-5.751190210E1,-2.711246278E1,-6.187197074E1
1.255314900E1,6.727815764E-1,-5.059567531E-1,6.505924513E-2,-5.358544946E-1,9.543577416E1,-5.742321218E1,-2.704544535E1,-6.206399043E1
1.256317300E1,6.726769416E-1,-5.053139715E-1,6.599376721E-2,-5.364778728E-1,9.545197966E1,-5.736997468E1,-2.696168476E1,-6.220163215E1
1.257319600E1,6.728852103E-1,-5.045395863E-1,6.676777301E-2,-5.368493762E-1,9.541972164E1,-5.729816955E1,-2.686368807E1,-6.230061909E1
1.258321900E1,6.733960722E-1,-5.038287797E-1,6.702196065E-2,-5.368446979E-1,9.534056095E1,-5.721854041E1,-2.678802439E1,-6.232490001E1
1.259324200E1,6.741490573E-1,-5.037020652E-1,6.637991663E-2,-5.360978663E-1,9.522379114E1,-5.718854896E1,-2.678008641E1,-6.219837287E1
1.260326500E1,6.751362313E-1,-5.038612960E-1,6.501941636E-2,-5.348712139E-1,9.507053952E1,-5.717235011E1,-2.682120663E1,-6.197052685E1
1.261328900E1,6.761461435E-1,-5.044332288E-1,6.311222932E-2,-5.332827097E-1,9.491356361E1,-5.719257500E1,-2.691478740E1,-6.166223079E1
1.262331200E1,6.769381935E-1,-5.056178292E-1,6.086708777E-2,-5.314137235E-1,9.479031297E1,-5.728423694E1,-2.706351831E1,-6.128907171E1
1.263333500E1,6.777362809E-1,-5.069368148E-1,5.836702101E-2,-5.294165582E-1,9.466599939E1,-5.738644551E1,-2.723535034E1,-6.088485189E1
1.264335800E1,6.786071718E-1,-5.082361811E-1,5.548179528E-2,-5.273613409E-1,9.453020364E1,-5.747203075E1,-2.743535539E1,-6.045679995E1
1.265338100E1,6.795245980E-1,-5.095624792E-1,5.227663282E-2,-5.252233419E-1,9.438699076E1,-5.755137660E1,-2.765986348E1,-6.000331125E1
1.266340400E1,6.804296700E-1,-5.105510124E-1,4.939085917E-2,-5.233676056E-1,9.424554379E1,-5.759665201E1,-2.785254703E1,-5.960882126E1
1.267342800E1,6.812046926E-1,-5.108725718E-1,4.740095894E-2,-5.222282657E-1,9.412429231E1,-5.757810934E1,-2.796970773E1,-5.936393297E1
1.268345100E1,6.816407650E-1,-5.104056690E-1,4.663789025E-2,-5.221847491E-1,9.405601673E1,-5.748349534E1,-2.799999839E1,-5.933672216E1
1.269347400E1,6.816904140E-1,-5.091135520E-1,4.702119476E-2,-5.233455576E-1,9.404824082E1,-5.730142318E1,-2.795492757E1,-5.953915395E1
1.270349700E1,6.813241736E-1,-5.072081562E-1,4.832072962E-2,-5.255496534E-1,9.410558900E1,-5.705484257E1,-2.785800806E1,-5.993478911E1
1.271352000E1,6.806695488E-1,-5.049951938E-1,5.028502564E-2,-5.283373302E-1,9.420802774E1,-5.678567699E1,-2.772061976E1,-6.044377475E1
1.272354400E1,6.798202160E-1,-5.027391362E-1,5.262912798E-2,-5.313455931E-1,9.434080862E1,-5.652583737E1,-2.756145568E1,-6.099903891E1
1.273356700E1,6.788436630E-1,-5.004250635E-1,5.520299388E-2,-5.345077974E-1,9.449330251E1,-5.626882196E1,-2.738799746E1,-6.158563715E1
1.274359000E1,6.779222855E-1,-4.980343467E-1,5.775500663E-2,-5.376313478E-1,9.463700864E1,-5.600548023E1,-2.720728060E1,-6.216729584E1
1.275361300E1,6.770327446E-1,-4.959023484E-1,5.991975306E-2,-5.404785254E-1,9.477559174E1,-5.576686784E1,-2.705939263E1,-6.268975276E1
1.276363600E1,6.762853124E-1,-4.941268702E-1,6.150106067E-2,-5.428575465E-1,9.489191639E1,-5.555919458E1,-2.695537975E1,-6.311697117E1
1.277365900E1,6.758205855E-1,-4.925725998E-1,6.258450863E-2,-5.447218860E-1,9.496418832E1,-5.536916585E1,-2.687453793E1,-6.344869046E1
1.278368300E1,6.756889451E-1,-4.912064097E-1,6.333328954E-2,-5.460308564E-1,9.498465276E1,-5.520087754E1,-2.679762274E1,-6.368632195E1
1.279370600E1,6.757887910E-1,-4.899368624E-1,6.390218770E-2,-5.469808043E-1,9.496913131E1,-5.504524731E1,-2.671823838E1,-6.386493315E1
1.280372900E1,6.760242601E-1,-4.888173578E-1,6.422427392E-2,-5.476533468E-1,9.493251904E1,-5.490343464E1,-2.665201138E1,-6.399222614E1
1.281375200E1,6.762448725E-1,-4.880112993E-1,6.423135459E-2,-5.480987389E-1,9.489820706E1,-5.479112319E1,-2.662085417E1,-6.406955702E1
1.282377500E1,6.764392801E-1,-4.874240251E-1,6.393076327E-2,-5.484163312E-1,9.486796290E1,-5.469406923E1,-2.662390010E1,-6.411294858E1
1.283379900E1,6.765744609E-1,-4.868113153E-1,6.359027995E-2,-5.488331899E-1,9.484692840E1,-5.458937572E1,-2.663526173E1,-6.416915919E1
1.284382200E1,6.765551366E-1,-4.860667491E-1,6.359841429E-2,-5.495158213E-1,9.484993554E1,-5.447924918E1,-2.662486389E1,-6.427856282E1
1.285384500E1,6.764339117E-1,-4.852317147E-1,6.395571420E-2,-5.503607076E-1,9.486879818E1,-5.437161128E1,-2.658860900E1,-6.442587309E1
1.286386800E1,6.762782528E-1,-4.842623371E-1,6.448790246E-2,-5.513428661E-1,9.489301458E1,-5.425291535E1,-2.653635921E1,-6.460159725E1
1.287389100E1,6.761716951E-1,-4.831509458E-1,6.505715886E-2,-5.523809535E-1,9.490958944E1,-5.411733070E1,-2.647371085E1,-6.478910520E1
1.288391400E1,6.761311340E-1,-4.820664020E-1,6.549428490E-2,-5.533254802E-1,9.491589806E1,-5.398100635E1,-2.641782363E1,-6.495783793E1
1.289393800E1,6.761745031E-1,-4.811832148E-1,6.562515087E-2,-5.540253286E-1,9.490915268E1,-5.386031422E1,-2.638670148E1,-6.507684186E1
1.290396100E1,6.764144188E-1,-4.805615067E-1,6.539810580E-2,-5.542988459E-1,9.487183102E1,-5.376432419E1,-2.637708646E1,-6.511761154E1
1.291398400E1,6.767654441E-1,-4.801924267E-1,6.497195901E-2,-5.542404883E-1,9.481720483E1,-5.369772927E1,-2.638128724E1,-6.509969195E1
1.292400700E1,6.771774980E-1,-4.800289602E-1,6.435667824E-2,-5.539504073E-1,9.475305088E1,-5.365270025E1,-2.640175962E1,-6.503839325E1
1.293403000E1,6.776302500E-1,-4.800798525E-1,6.344181768E-2,-5.534579530E-1,9.468252238E1,-5.362397360E1,-2.645071479E1,-6.493352394E1
1.294405400E1,6.781604889E-1,-4.803380651E-1,6.216622223E-2,-5.527288652E-1,9.459987228E1,-5.360859162E1,-2.653062358E1,-6.477810296E1
1.295407700E1,6.787311889E-1,-4.806613525E-1,6.082491985E-2,-5.518956747E-1,9.451085389E1,-5.360092620E1,-2.661430409E1,-6.460448224E1
1.296410000E1,6.793355642E-1,-4.808952465E-1,5.969258155E-2,-5.510715458E-1,9.441651305E1,-5.359295270E1,-2.667395084E1,-6.444175696E1
1.297412300E1,6.799570827E-1,-4.810918405E-1,5.876195806E-2,-5.502326338E-1,9.431942116E1,-5.359123144E1,-2.671248400E1,-6.428533296E1
1.298414600E1,6.806892050E-1,-4.812699320E-1,5.786619001E-2,-5.492657535E-1,9.420495308E1,-5.359240025E1,-2.673806389E1,-6.411272609E1
1.299416900E1,6.813544930E-1,-4.814669474E-1,5.701813220E-2,-5.483561824E-1,9.410084242E1,-5.359711036E1,-2.676496319E1,-6.394971040E1
1.300419300E1,6.819087030E-1,-4.817837653E-1,5.605747908E-2,-5.474873040E-1,9.401404704E1,-5.361036517E1,-2.681356324E1,-6.378599448E1
1.301421600E1,6.824567543E-1,-4.821259345E-1,5.500092081E-2,-5.466097487E-1,9.392815587E1,-5.362249459E1,-2.687194419E1,-6.361703968E1
1.302423900E1,6.829997427E-1,-4.824094985E-1,5.407356370E-2,-5.457732496E-1,9.384299884E1,-5.363295988E1,-2.691755570E1,-6.345985621E1
1.303426200E1,6.835015431E-1,-4.826132995E-1,5.337597014E-2,-5.450330667E-1,9.376424869E1,-5.364259633E1,-2.694373457E1,-6.332635414E1
1.304428500E1,6.839537261E-1,-4.827252416E-1,5.287374829E-2,-5.444152466E-1,9.369324182E1,-5.364737545E1,-2.695429317E1,-6.321909410E1
1.305430800E1,6.844662107E-1,-4.826585020E-1,5.251644838E-2,-5.438646612E-1,9.361271582E1,-5.363515139E1,-2.694341572E1,-6.313015145E1
1.306433200E1,6.849090687E-1,-4.828762327E-1,5.210374644E-2,-5.431532435E-1,9.354308733E1,-5.366016878E1,-2.694782427E1,-6.301129267E1
1.307435500E1,6.853245786E-1,-4.833048661E-1,5.145101820E-2,-5.423091843E-1,9.347772246E1,-5.370341124E1,-2.698003784E1,-6.286087619E1
1.308437800E1,6.858939562E-1,-4.834037215E-1,5.073424782E-2,-5.415684377E-1,9.338809529E1,-5.369938271E1,-2.700033881E1,-6.272888372E1
1.309440100E1,6.864091804E-1,-4.836387534E-1,5.006581988E-2,-5.407674579E-1,9.330693556E1,-5.371659152E1,-2.702253599E1,-6.258774701E1
1.310442400E1,6.868267134E-1,-4.844034237E-1,4.917154805E-2,-5.396337656E-1,9.324112463E1,-5.379848440E1,-2.708142120E1,-6.238150917E1
1.311444800E1,6.873101272E-1,-4.851709810E-1,4.822292785E-2,-5.384130348E-1,9.316488501E1,-5.388073611E1,-2.713937324E1,-6.216108171E1
1.312447100E1,6.878264683E-1,-4.857045812E-1,4.747935208E-2,-5.373375737E-1,9.308339937E1,-5.393984866E1,-2.717176239E1,-6.197325382E1
1.313449400E1,6.882152308E-1,-4.861355538E-1,4.698102881E-2,-5.364931194E-1,9.302201111E1,-5.399206296E1,-2.719051226E1,-6.182881813E1
1.314451700E1,6.885451089E-1,-4.864557224E-1,4.660577435E-2,-5.358118209E-1,9.296989662E1,-5.403204800E1,-2.720123491E1,-6.171389595E1
1.315454000E1,6.888667473E-1,-4.868694358E-1,4.610056008E-2,-5.350658480E-1,9.291906217E1,-5.407948355E1,-2.722591269E1,-6.158322636E1
1.316456300E1,6.892265602E-1,-4.875002688E-1,4.536912259E-2,-5.340897639E-1,9.286216890E1,-5.414985634E1,-2.727092730E1,-6.140775631E1
1.317458700E1,6.896454841E-1,-4.880685558E-1,4.465049775E-2,-5.330897193E-1,9.279589518E1,-5.421371226E1,-2.730858074E1,-6.123076778E1
1.318461000E1,6.900204751E-1,-4.887090404E-1,4.385723084E-2,-5.320825255E-1,9.273654065E1,-5.428375637E1,-2.735757731E1,-6.104845361E1
1.319463300E1,6.902560181E-1,-4.895786985E-1,4.275218262E-2,-5.310665915E-1,9.269924333E1,-5.436925132E1,-2.745022624E1,-6.084816361E1
1.320465600E1,6.904646239E-1,-4.904722116E-1,4.135008341E-2,-5.300810507E-1,9.266620173E1,-5.444387964E1,-2.757300911E1,-6.064000369E1
1.321467900E1,6.906617552E-1,-4.912659000E-1,3.990463617E-2,-5.291993702E-1,9.263496924E1,-5.450177583E1,-2.769947920E1,-6.044641815E1
1.322470300E1,6.907935853E-1,-4.920512433E-1,3.861230843E-2,-5.283928534E-1,9.261407821E1,-5.456442234E1,-2.781682967E1,-6.026906677E1
1.323472600E1,6.909157532E-1,-4.929121770E-1,3.738081966E-2,-5.275185328E-1,9.259471509E1,-5.464200409E1,-2.792961958E1,-6.008294143E1
1.324474900E1,6.910541582E-1,-4.938809434E-1,3.606619624E-2,-5.265216809E-1,9.257277469E1,-5.473363050E1,-2.804927016E1,-5.987424270E1
1.325477200E1,6.911621648E-1,-4.949930934E-1,3.455887742E-2,-5.254354459E-1,9.255565035E1,-5.483838712E1,-2.819034552E1,-5.964242690E1
1.326479500E1,6.912610676E-1,-4.963108356E-1,3.266001438E-2,-5.241822252E-1,9.253996724E1,-5.495796659E1,-2.836986213E1,-5.936763137E1
1.327481800E1,6.913954002E-1,-4.979460280E-1,3.020552944E-2,-5.225991369E-1,9.251866274E1,-5.510492748E1,-2.859951335E1,-5.901836472E1
1.328484200E1,6.916231143E-1,-5.001747323E-1,2.694464884E-2,-5.203428106E-1,9.248253969E1,-5.531549094E1,-2.889811418E1,-5.853089387E1
1.329486500E1,6.919720797E-1,-5.030954457E-1,2.281132848E-2,-5.172516027E-1,9.242716099E1,-5.560787756E1,-2.926727267E1,-5.787704611E1
1.330488800E1,6.925250780E-1,-5.064422215E-1,1.793584426E-2,-5.134232885E-1,9.233935092E1,-5.595440514E1,-2.968270318E1,-5.708035806E1
1.331491100E1,6.932956699E-1,-5.100215426E-1,1.241178327E-2,-5.089842349E-1,9.221688152E1,-5.633397753E1,-3.013080275E1,-5.616554143E1
1.332493400E1,6.941639898E-1,-5.137854248E-1,6.333617660E-3,-5.041037879E-1,9.207872923E1,-5.674328950E1,-3.061117057E1,-5.515961083E1
1.333495800E1,6.950779442E-1,-5.176463290E-1,-2.232940034E-4,-4.989077980E-1,9.193314264E1,-5.717346752E1,-3.111958524E1,-5.408396192E1
1.334498100E1,6.960116760E-1,-5.214868763E-1,-7.168926051E-3,-4.935260564E-1,9.178422074E1,-5.761098664E1,-3.164899426E1,-5.296215155E1
1.335500400E1,6.970178266E-1,-5.250412254E-1,-1.423777441E-2,-4.881549252E-1,9.162353840E1,-5.802378009E1,-3.217120133E1,-5.183913257E1
1.336502700E1,6.980438706E-1,-5.281135410E-1,-2.110292705E-2,-4.831000640E-1,9.145945322E1,-5.838494419E1,-3.266491415E1,-5.077632971E1
1.337505000E1,6.989509129E-1,-5.308760140E-1,-2.771783278E-2,-4.784036828E-1,9.131420784E1,-5.871648493E1,-3.314042586E1,-4.977669460E1
1.338507300E1,6.997114844E-1,-5.334414295E-1,-3.412505991E-2,-4.740038153E-1,9.119227813E1,-5.903295067E1,-3.360484212E1,-4.882686818E1
1.339509700E1,7.003980144E-1,-5.357889668E-1,-4.046124852E-2,-4.698252503E-1,9.108210904E1,-5.932808829E1,-3.406494954E1,-4.791205220E1
1.340512000E1,7.009571767E-1,-5.380887728E-1,-4.681634000E-2,-4.657550870E-1,9.099230210E1,-5.962722854E1,-3.453208610E1,-4.700717567E1
1.341514300E1,7.014018470E-1,-5.405499591E-1,-5.345284599E-2,-4.615017745E-1,9.092083427E1,-5.996451921E1,-3.502357103E1,-4.605337506E1
1.342516600E1,7.018449473E-1,-5.431747173E-1,-6.058318660E-2,-4.568420506E-1,9.084957512E1,-6.034514310E1,-3.554414998E1,-4.500995955E1
1.343518963E1,7.024138877E-1,-5.457723329E-1,-6.811518668E-2,-4.517826164E-1,9.075801438E1,-6.074555902E1,-3.607409703E1,-4.388816800E1
1.344521263E1,7.029320832E-1,-5.482270497E-1,-7.560101488E-2,-4.467864869E-1,9.067455724E1,-6.114447057E1,-3.659577210E1,-4.277382191E1
1.345523663E1,7.030866146E-1,-5.506875827E-1,-8.285490898E-2,-4.422073793E-1,9.064965781E1,-6.155690394E1,-3.712418356E1,-4.171523241E1
1.346525963E1,7.026021471E-1,-5.534713820E-1,-9.003201152E-2,-4.380797171E-1,9.072770151E1,-6.202953942E1,-3.769388140E1,-4.069360579E1
1.347528263E1,7.014755724E-1,-5.566395817E-1,-9.736465700E-2,-4.342861531E-1,9.090898082E1,-6.257528812E1,-3.832194622E1,-3.967627596E1
1.348530563E1,6.998368924E-1,-5.600236997E-1,-1.050298833E-1,-4.307790400E-1,9.117216137E1,-6.317087894E1,-3.901328125E1,-3.865259070E1
1.349532863E1,6.979411587E-1,-5.633022820E-1,-1.130310199E-1,-4.275424676E-1,9.147588923E1,-6.376804325E1,-3.975076724E1,-3.763366608E1
1.350535263E1,6.958151558E-1,-5.664792061E-1,-1.212545655E-1,-4.245466170E-1,9.181557954E1,-6.437135159E1,-4.052163929E1,-3.661961605E1
1.351537563E1,6.934804206E-1,-5.695186471E-1,-1.294076837E-1,-4.218851805E-1,9.218750056E1,-6.497344454E1,-4.130188198E1,-3.563964430E1
1.352539863E1,6.909485856E-1,-5.723230563E-1,-1.373638707E-1,-4.197230366E-1,9.258951076E1,-6.555096911E1,-4.208690996E1,-3.472838826E1
1.353542163E1,6.881622153E-1,-5.750368497E-1,-1.453962592E-1,-4.178820201E-1,9.303038445E1,-6.613451758E1,-4.289895784E1,-3.383836398E1
1.354544463E1,6.852312392E-1,-5.776906471E-1,-1.536160959E-1,-4.160934764E-1,9.349240897E1,-6.674039362E1,-4.373086060E1,-3.292457888E1
1.355546763E1,6.823530941E-1,-5.802714672E-1,-1.620182387E-1,-4.140405245E-1,9.394440621E1,-6.737912309E1,-4.455704925E1,-3.194496115E1
1.356549163E1,6.795822233E-1,-5.828809682E-1,-1.704736341E-1,-4.115296366E-1,9.437798976E1,-6.807682145E1,-4.535279304E1,-3.087330700E1
1.357551463E1,6.769743449E-1,-5.856406174E-1,-1.789933245E-1,-4.082796088E-1,9.478468454E1,-6.886872862E1,-4.610057097E1,-2.966097838E1
1.358553763E1,6.745357072E-1,-5.884819472E-1,-1.874399323E-1,-4.044216759E-1,9.516378885E1,-6.973778820E1,-4.679087240E1,-2.833735100E1
1.359556063E1,6.723182140E-1,-5.911214568E-1,-1.955976866E-1,-4.003815423E-1,9.550752242E1,-7.060937798E1,-4.742192219E1,-2.699583745E1
1.360558363E1,6.701589572E-1,-5.934907841E-1,-2.029659672E-1,-3.968128738E-1,9.584133124E1,-7.142822982E1,-4.799175164E1,-2.576819941E1
1.361560763E1,6.679575114E-1,-5.956376603E-1,-2.092963396E-1,-3.940096342E-1,9.618076078E1,-7.217558317E1,-4.850176025E1,-2.471488105E1
1.362563063E1,6.657834610E-1,-5.975831166E-1,-2.145968537E-1,-3.918863076E-1,9.651508302E1,-7.284723522E1,-4.894848026E1,-2.383058047E1
1.363565363E1,6.637004268E-1,-5.994364189E-1,-2.190821003E-1,-3.901033800E-1,9.683459448E1,-7.347515093E1,-4.933162147E1,-2.305162387E1
1.364567663E1,6.616822355E-1,-6.013150093E-1,-2.230921832E-1,-3.883640111E-1,9.714340766E1,-7.410144345E1,-4.966654038E1,-2.230502193E1
1.365569963E1,6.597979553E-1,-6.031698921E-1,-2.271778987E-1,-3.863196150E-1,9.743106894E1,-7.474928601E1,-4.997961918E1,-2.150476596E1
1.366572263E1,6.581636374E-1,-6.048860064E-1,-2.315451762E-1,-3.838232045E-1,9.768005746E1,-7.540896074E1,-5.027563067E1,-2.062489085E1
1.367574663E1,6.566306933E-1,-6.066824526E-1,-2.360710102E-1,-3.808451714E-1,9.791317256E1,-7.612261712E1,-5.054528740E1,-1.965170961E1
1.368576963E1,6.549999053E-1,-6.087301573E-1,-2.403008258E-1,-3.777276955E-1,9.816071445E1,-7.689277829E1,-5.077444505E1,-1.865398667E1
1.369579263E1,6.533069718E-1,-6.109098869E-1,-2.438019013E-1,-3.748863868E-1,9.841720017E1,-7.765427122E1,-5.095018953E1,-1.773916827E1
1.370581563E1,6.516987324E-1,-6.130132465E-1,-2.464232877E-1,-3.725308837E-1,9.866039642E1,-7.834128957E1,-5.107054528E1,-1.697318219E1
1.371583863E1,6.503436058E-1,-6.147928550E-1,-2.481689259E-1,-3.708034740E-1,9.886497342E1,-7.889049178E1,-5.114396722E1,-1.640219134E1
1.372586263E1,6.494059543E-1,-6.159935976E-1,-2.490782231E-1,-3.698430000E-1,9.900634333E1,-7.924041429E1,-5.118259682E1,-1.606796605E1
1.373588563E1,6.487183706E-1,-6.167419571E-1,-2.493597640E-1,-3.696127939E-1,9.910991587E1,-7.943192816E1,-5.120932681E1,-1.593222232E1
1.374590863E1,6.481323082E-1,-6.171489903E-1,-2.492776830E-1,-3.700165291E-1,9.919813304E1,-7.950930397E1,-5.124597358E1,-1.594415290E1
1.375593163E1,6.476317090E-1,-6.172487308E-1,-2.488518102E-1,-3.710122695E-1,9.927344009E1,-7.948210194E1,-5.129193145E1,-1.609353828E1
1.376595463E1,6.470929880E-1,-6.173222138E-1,-2.480302206E-1,-3.723774902E-1,9.935443499E1,-7.941417921E1,-5.132939019E1,-1.633097269E1
1.377597763E1,6.465049341E-1,-6.176187801E-1,-2.468824566E-1,-3.736676263E-1,9.944279149E1,-7.937569500E1,-5.133294020E1,-1.657139972E1
1.378600163E1,6.458659036E-1,-6.182733839E-1,-2.458131278E-1,-3.743943223E-1,9.953874195E1,-7.943494401E1,-5.130461121E1,-1.670053878E1
1.379602463E1,6.452424463E-1,-6.191931756E-1,-2.453014018E-1,-3.742849302E-1,9.963228861E1,-7.960893878E1,-5.126671962E1,-1.664559519E1
1.380604763E1,6.445841336E-1,-6.202913539E-1,-2.454823804E-1,-3.734812530E-1,9.973099521E1,-7.988419300E1,-5.124249413E1,-1.641774700E1
1.381607063E1,6.436995345E-1,-6.216155868E-1,-2.462235117E-1,-3.723158294E-1,9.986351817E1,-8.025635214E1,-5.124799372E1,-1.606389205E1
1.382609363E1,6.427623361E-1,-6.229481648E-1,-2.473177492E-1,-3.709797954E-1,1.000037806E2,-8.065935192E1,-5.127297727E1,-1.565062180E1
1.383611763E1,6.420454603E-1,-6.241110807E-1,-2.487434928E-1,-3.693096422E-1,1.001109721E2,-8.105504345E1,-5.129627353E1,-1.518052244E1
1.384614063E1,6.414397153E-1,-6.253800380E-1,-2.506804777E-1,-3.668978415E-1,1.002014812E2,-8.152657285E1,-5.130582790E1,-1.455834055E1
1.385616363E1,6.407219650E-1,-6.270548062E-1,-2.531028046E-1,-3.636160244E-1,1.003086486E2,-8.214322039E1,-5.129276089E1,-1.374057617E1
1.386618663E1,6.399771037E-1,-6.289328698E-1,-2.556702220E-1,-3.598686217E-1,1.004197756E2,-8.282696496E1,-5.125257259E1,-1.283303767E1
1.387620963E1,6.391895688E-1,-6.307835590E-1,-2.575760814E-1,-3.566556621E-1,1.005371716E2,-8.344627556E1,-5.118966673E1,-1.206395110E1
1.388623262E1,6.386195959E-1,-6.321658702E-1,-2.581616908E-1,-3.548012639E-1,1.006220738E2,-8.383410168E1,-5.110707903E1,-1.164787583E1
1.389625663E1,6.384932291E-1,-6.327710779E-1,-2.572342283E-1,-3.546234991E-1,1.006408901E2,-8.389949796E1,-5.101180554E1,-1.167423355E1
1.390627963E1,6.387064922E-1,-6.327003766E-1,-2.553368404E-1,-3.557350801E-1,1.006091333E2,-8.371677463E1,-5.092468333E1,-1.202433093E1
1.391630263E1,6.388111955E-1,-6.324685900E-1,-2.532497074E-1,-3.574468216E-1,1.005935393E2,-8.347677814E1,-5.086901872E1,-1.247610884E1
1.392632563E1,6.385791560E-1,-6.323743707E-1,-2.513365566E-1,-3.593734173E-1,1.006280957E2,-8.328105229E1,-5.085162505E1,-1.291438298E1
1.393634862E1,6.380977863E-1,-6.323115508E-1,-2.494934960E-1,-3.616161881E-1,1.006997560E2,-8.309513445E1,-5.086950980E1,-1.337426705E1
1.394637163E1,6.375234301E-1,-6.321119012E-1,-2.474741140E-1,-3.643557122E-1,1.007852103E2,-8.285894911E1,-5.091107107E1,-1.392227465E1
1.395639563E1,6.371436133E-1,-6.316311110E-1,-2.451302224E-1,-3.674253409E-1,1.008416916E2,-8.253089215E1,-5.094312353E1,-1.457321088E1
1.396641863E1,6.370846498E-1,-6.309570986E-1,-2.425458619E-1,-3.703888123E-1,1.008504578E2,-8.214465271E1,-5.093607933E1,-1.526009501E1
1.397644163E1,6.370252017E-1,-6.305776295E-1,-2.403385261E-1,-3.725697642E-1,1.008592955E2,-8.186697464E1,-5.090229910E1,-1.578643806E1
1.398646462E1,6.367590970E-1,-6.306489209E-1,-2.390736360E-1,-3.737158950E-1,1.008988483E2,-8.177603621E1,-5.088049623E1,-1.604538057E1
1.399648763E1,6.361137023E-1,-6.310530881E-1,-2.387653950E-1,-3.743293424E-1,1.009947306E2,-8.183656029E1,-5.091461493E1,-1.610416411E1
1.400651163E1,6.352095576E-1,-6.313109214E-1,-2.388143064E-1,-3.753974384E-1,1.011289426E2,-8.188187016E1,-5.102124575E1,-1.618914065E1
1.401653463E1,6.343239259E-1,-6.308811500E-1,-2.385516894E-1,-3.777767544E-1,1.012602813E2,-8.172738474E1,-5.119676226E1,-1.652789692E1
1.402655763E1,6.334989013E-1,-6.297849316E-1,-2.379988703E-1,-3.813222737E-1,1.013825210E2,-8.137918757E1,-5.142991379E1,-1.710312577E1
1.403658062E1,6.325456344E-1,-6.285806696E-1,-2.376254913E-1,-3.851059544E-1,1.015236289E2,-8.101099526E1,-5.169832503E1,-1.770196854E1
1.404660363E1,6.314397117E-1,-6.275837913E-1,-2.376395895E-1,-3.885226203E-1,1.016871562E2,-8.071986397E1,-5.197770674E1,-1.819915820E1
1.405662663E1,6.303801399E-1,-6.266179331E-1,-2.377614149E-1,-3.917145697E-1,1.018436517E2,-8.044401465E1,-5.224825204E1,-1.865994185E1
1.406665063E1,6.294829810E-1,-6.254415092E-1,-2.374403613E-1,-3.952164881E-1,1.019760238E2,-8.007955439E1,-5.249487894E1,-1.923282459E1
1.407667363E1,6.288061448E-1,-6.238101732E-1,-2.361701396E-1,-3.996090748E-1,1.020758062E2,-7.952310703E1,-5.270921021E1,-2.006906306E1
1.408669662E1,6.282670549E-1,-6.216206234E-1,-2.338161749E-1,-4.052140472E-1,1.021552312E2,-7.873511611E1,-5.289932444E1,-2.123434699E1
1.409671963E1,6.277016444E-1,-6.190493284E-1,-2.307853950E-1,-4.117119638E-1,1.022384863E2,-7.779144962E1,-5.307940385E1,-2.262896269E1
1.410674263E1,6.270525092E-1,-6.163479473E-1,-2.276642734E-1,-4.184366516E-1,1.023340095E2,-7.680386384E1,-5.325634340E1,-2.408371608E1
1.411676663E1,6.263196493E-1,-6.136900195E-1,-2.249349910E-1,-4.248675125E-1,1.024417762E2,-7.585379710E1,-5.344026840E1,-2.546660626E1
1.412678963E1,6.255198496E-1,-6.111427272E-1,-2.227943736E-1,-4.308040015E-1,1.025592936E2,-7.497142489E1,-5.363827835E1,-2.672617072E1
1.413681263E1,6.247468026E-1,-6.087500084E-1,-2.211475698E-1,-4.361290767E-1,1.026727883E2,-7.416426173E1,-5.383390194E1,-2.785110278E1
1.414683563E1,6.241501403E-1,-6.066214872E-1,-2.198331149E-1,-4.405910266E-1,1.027603257E2,-7.345873831E1,-5.399461104E1,-2.880828947E1
1.415685863E1,6.238831505E-1,-6.048489383E-1,-2.187111026E-1,-4.439516793E-1,1.027994789E2,-7.288046142E1,-5.409082650E1,-2.956356455E1
1.416688163E1,6.240066302E-1,-6.034286527E-1,-2.176754070E-1,-4.462140484E-1,1.027813723E2,-7.242682401E1,-5.411337292E1,-3.012267730E1
1.417690563E1,6.244281935E-1,-6.021992924E-1,-2.164417056E-1,-4.478820415E-1,1.027195386E2,-7.203209201E1,-5.406986308E1,-3.059474215E1
1.418692863E1,6.250889666E-1,-6.009038036E-1,-2.147432508E-1,-4.495150686E-1,1.026225647E2,-7.160744376E1,-5.396890735E1,-3.110640696E1
1.419695163E1,6.259643777E-1,-5.993961055E-1,-2.126670338E-1,-4.512932230E-1,1.024939895E2,-7.111895414E1,-5.382818788E1,-3.168922095E1
1.420697463E1,6.268741806E-1,-5.977425792E-1,-2.105310526E-1,-4.532209145E-1,1.023602402E2,-7.059523011E1,-5.368486195E1,-3.230925422E1
1.421699763E1,6.277050162E-1,-5.960889055E-1,-2.088123884E-1,-4.550406100E-1,1.022379900E2,-7.009554365E1,-5.357497035E1,-3.287702335E1
1.422702163E1,6.283843391E-1,-5.946685778E-1,-2.076041015E-1,-4.565117036E-1,1.021379553E2,-6.968209590E1,-5.349998098E1,-3.332846053E1
1.423704463E1,6.289831088E-1,-5.936776000E-1,-2.067295754E-1,-4.573729007E-1,1.020497241E2,-6.940126878E1,-5.342936207E1,-3.362080309E1
1.424706763E1,6.297427847E-1,-5.929918286E-1,-2.059512496E-1,-4.575681881E-1,1.019377036E2,-6.922003125E1,-5.332736844E1,-3.377721700E1
1.425709063E1,6.307396736E-1,-5.925223759E-1,-2.051562968E-1,-4.571604279E-1,1.017905692E2,-6.911247106E1,-5.318322902E1,-3.382467685E1
1.426711363E1,6.319696134E-1,-5.922553546E-1,-2.044004142E-1,-4.561451840E-1,1.016088260E2,-6.907668243E1,-5.300219423E1,-3.376051383E1
1.427713663E1,6.333351713E-1,-5.921361212E-1,-2.035946086E-1,-4.547642847E-1,1.014067674E2,-6.908701546E1,-5.279261393E1,-3.363278557E1
1.428716063E1,6.347725685E-1,-5.920429555E-1,-2.025337092E-1,-4.533531028E-1,1.011937633E2,-6.909670333E1,-5.255475156E1,-3.351758041E1
1.429718363E1,6.361926539E-1,-5.918631360E-1,-2.009909870E-1,-4.522826677E-1,1.009830048E2,-6.906017628E1,-5.229000616E1,-3.349538641E1
1.430720663E1,6.375690435E-1,-5.915324097E-1,-1.989448839E-1,-4.516813586E-1,1.007784258E2,-6.895956016E1,-5.200370131E1,-3.359080722E1
1.431722963E1,6.388192455E-1,-5.911684295E-1,-1.966595132E-1,-4.513921048E-1,1.005923403E2,-6.883516794E1,-5.171672802E1,-3.374940952E1
1.432725263E1,6.396608022E-1,-5.911260930E-1,-1.944513766E-1,-4.512125066E-1,1.004669380E2,-6.877820067E1,-5.146362794E1,-3.388601794E1
1.433727663E1,6.402904655E-1,-5.910321477E-1,-1.925898768E-1,-4.512409241E-1,1.003730356E2,-6.871225129E1,-5.126265463E1,-3.403106538E1
1.434729963E1,6.407250206E-1,-5.906137981E-1,-1.911906857E-1,-4.517664742E-1,1.003081925E2,-6.857121311E1,-5.113625409E1,-3.424259342E1
1.435732263E1,6.408163107E-1,-5.901380655E-1,-1.900687155E-1,-4.527311313E-1,1.002945666E2,-6.840806665E1,-5.107289719E1,-3.450118611E1
1.436734563E1,6.409022903E-1,-5.895208038E-1,-1.888544437E-1,-4.539202624E-1,1.002817321E2,-6.820551176E1,-5.101087242E1,-3.481023140E1
1.437736863E1,6.413236007E-1,-5.887118162E-1,-1.875748865E-1,-4.549046337E-1,1.002188240E2,-6.797184846E1,-5.091467087E1,-3.511103782E1
1.438739163E1,6.417882697E-1,-5.883878544E-1,-1.867508524E-1,-4.550072613E-1,1.001494082E2,-6.788453005E1,-5.081867989E1,-3.521069370E1
1.439741563E1,6.421349275E-1,-5.888038649E-1,-1.868949735E-1,-4.539195776E-1,1.000975990E2,-6.801729097E1,-5.076540984E1,-3.500894518E1
1.440743863E1,6.424458343E-1,-5.895112154E-1,-1.880922390E-1,-4.520631459E-1,1.000511162E2,-6.826285302E1,-5.077519026E1,-3.460031318E1
1.441746163E1,6.425867207E-1,-5.902702802E-1,-1.899679424E-1,-4.500839825E-1,1.000300474E2,-6.854003146E1,-5.084894803E1,-3.412215088E1
1.442748463E1,6.426086054E-1,-5.908254595E-1,-1.917112836E-1,-4.485824905E-1,1.000267744E2,-6.875515615E1,-5.093745783E1,-3.373768331E1
1.443750625E1,6.427008333E-1,-5.908093805E-1,-1.925294171E-1,-4.481210563E-1,1.000129801E2,-6.878983220E1,-5.098542793E1,-3.361630146E1
1.444752925E1,6.428394016E-1,-5.901671468E-1,-1.918509371E-1,-4.490584970E-1,9.999225230E1,-6.860335065E1,-5.095921803E1,-3.385485045E1
1.445755325E1,6.431076452E-1,-5.889255850E-1,-1.894126577E-1,-4.513336471E-1,9.995211792E1,-6.820064467E1,-5.082582821E1,-3.445872417E1
1.446757625E1,6.436141555E-1,-5.871320891E-1,-1.855693498E-1,-4.545334464E-1,9.987630208E1,-6.762472056E1,-5.058906902E1,-3.533449346E1
1.447759925E1,6.441394633E-1,-5.851278378E-1,-1.811370186E-1,-4.581474649E-1,9.979762799E1,-6.699097263E1,-5.030942991E1,-3.631793852E1
1.448762225E1,6.445559057E-1,-5.831190769E-1,-1.766887980E-1,-4.618451449E-1,9.973522606E1,-6.636754255E1,-5.003108323E1,-3.730435675E1
1.449764525E1,6.449054928E-1,-5.811517673E-1,-1.725482706E-1,-4.653886623E-1,9.968281997E1,-6.577694109E1,-4.977173694E1,-3.823619622E1
1.450766925E1,6.450688592E-1,-5.794350841E-1,-1.689439985E-1,-4.686139867E-1,9.965832301E1,-6.526641394E1,-4.955453666E1,-3.906107818E1
1.451769225E1,6.450668783E-1,-5.780533839E-1,-1.659891251E-1,-4.713711071E-1,9.965862008E1,-6.485502327E1,-4.938522811E1,-3.974713822E1
1.452771525E1,6.449837647E-1,-5.770393940E-1,-1.636598585E-1,-4.735366965E-1,9.967108357E1,-6.454994085E1,-4.925435168E1,-4.027806979E1
1.453773825E1,6.448235856E-1,-5.765515021E-1,-1.619928663E-1,-4.749200614E-1,9.969510037E1,-6.438690675E1,-4.916058648E1,-4.061348750E1
1.454776125E1,6.445587559E-1,-5.766138583E-1,-1.608876284E-1,-4.755792171E-1,9.973479887E1,-6.436511395E1,-4.910006341E1,-4.076727656E1
1.455778425E1,6.442368962E-1,-5.770580229E-1,-1.601704366E-1,-4.757186652E-1,9.978303068E1,-6.444132604E1,-4.906120360E1,-4.079310646E1
1.456780825E1,6.439230550E-1,-5.775914755E-1,-1.595537018E-1,-4.757034238E-1,9.983004444E1,-6.454189535E1,-4.902581532E1,-4.078371090E1
1.457783125E1,6.437661476E-1,-5.779278706E-1,-1.588273640E-1,-4.757502437E-1,9.985354326E1,-6.460153328E1,-4.897244794E1,-4.080492997E1
1.458785425E1,6.437920310E-1,-5.780064323E-1,-1.577138443E-1,-4.759903069E-1,9.984966718E1,-6.460200663E1,-4.887885620E1,-4.089606150E1
1.459787725E1,6.440500277E-1,-5.778452628E-1,-1.561501119E-1,-4.763523747E-1,9.981102576E1,-6.455036860E1,-4.873376024E1,-4.104821586E1
1.460790025E1,6.443991669E-1,-5.775387498E-1,-1.542619542E-1,-4.768667401E-1,9.975871599E1,-6.446470284E1,-4.855838870E1,-4.125095489E1
1.461792425E1,6.447463357E-1,-5.771271437E-1,-1.523423338E-1,-4.775124667E-1,9.970668148E1,-6.435501913E1,-4.838421368E1,-4.148154340E1
1.462794725E1,6.450925036E-1,-5.765608797E-1,-1.505110322E-1,-4.783091527E-1,9.965477715E1,-6.421157634E1,-4.822233489E1,-4.173980362E1
1.463797025E1,6.451952998E-1,-5.761124583E-1,-1.487983318E-1,-4.792456979E-1,9.963936009E1,-6.408611703E1,-4.809101447E1,-4.200227782E1
1.464799325E1,6.450126195E-1,-5.758802292E-1,-1.469589590E-1,-4.803369799E-1,9.966675671E1,-6.399604553E1,-4.797167210E1,-4.227742743E1
1.465801625E1,6.449755883E-1,-5.753105092E-1,-1.449556139E-1,-4.816764331E-1,9.967230963E1,-6.383408601E1,-4.783482108E1,-4.262127008E1
1.466803925E1,6.450845431E-1,-5.743437026E-1,-1.430136979E-1,-4.832622873E-1,9.965597096E1,-6.358985375E1,-4.769983482E1,-4.302527519E1
1.467806325E1,6.452406656E-1,-5.733473511E-1,-1.413358319E-1,-4.847283970E-1,9.963255571E1,-6.334709059E1,-4.758057907E1,-4.339849445E1
1.468808625E1,6.453064252E-1,-5.725845775E-1,-1.398790682E-1,-4.859634577E-1,9.962269187E1,-6.315855423E1,-4.747988289E1,-4.370858646E1
1.469810925E1,6.453912247E-1,-5.719081205E-1,-1.385484079E-1,-4.870273284E-1,9.960997102E1,-6.299419570E1,-4.738379542E1,-4.398003390E1
1.470813225E1,6.455102632E-1,-5.710668273E-1,-1.371943561E-1,-4.882384445E-1,9.959211193E1,-6.279467630E1,-4.728645790E1,-4.428504166E1
1.471815525E1,6.456093504E-1,-5.699565529E-1,-1.360062364E-1,-4.897350369E-1,9.957724429E1,-6.253403116E1,-4.721174971E1,-4.464190451E1
1.472817925E1,6.453317976E-1,-5.689468830E-1,-1.352282056E-1,-4.914870551E-1,9.961888585E1,-6.227856478E1,-4.720542369E1,-4.500963122E1
1.473820225E1,6.446971609E-1,-5.682279420E-1,-1.349277829E-1,-4.932311654E-1,9.971405314E1,-6.207256199E1,-4.726587668E1,-4.533403793E1
1.474822525E1,6.439838624E-1,-5.675508740E-1,-1.347841253E-1,-4.949789162E-1,9.982093670E1,-6.187217890E1,-4.734517271E1,-4.564965673E1
1.475824825E1,6.433135747E-1,-5.667652989E-1,-1.345320029E-1,-4.968156601E-1,9.992129892E1,-6.164848713E1,-4.741279959E1,-4.599206543E1
1.476827125E1,6.426726634E-1,-5.659699457E-1,-1.340908097E-1,-4.986677032E-1,1.000171936E2,-6.142370242E1,-4.746079280E1,-4.634704076E1
1.477829425E1,6.422107076E-1,-5.652461157E-1,-1.336176691E-1,-5.002086183E-1,1.000862708E2,-6.122643605E1,-4.748524675E1,-4.665187762E1
1.478831825E1,6.420267682E-1,-5.647033697E-1,-1.334033735E-1,-5.011139432E-1,1.001137659E2,-6.108870716E1,-4.749840573E1,-4.683612404E1
1.479834125E1,6.421794241E-1,-5.642677398E-1,-1.335263580E-1,-5.013762652E-1,1.000909474E2,-6.099675499E1,-4.750333532E1,-4.689983836E1
1.480836425E1,6.426408478E-1,-5.637663188E-1,-1.338242519E-1,-5.012696336E-1,1.000219522E2,-6.090847571E1,-4.749341900E1,-4.690362634E1
1.481838725E1,6.430347259E-1,-5.633843419E-1,-1.340999766E-1,-5.011203758E-1,9.996302922E1,-6.084393648E1,-4.748569416E1,-4.689392819E1
1.482841025E1,6.432163314E-1,-5.632281035E-1,-1.343134504E-1,-5.010056995E-1,9.993585303E1,-6.081893919E1,-4.748887879E1,-4.687728730E1
1.483843325E1,6.432531361E-1,-5.631510380E-1,-1.344957144E-1,-5.009962903E-1,9.993034476E1,-6.080350668E1,-4.750215462E1,-4.687292105E1
1.484845725E1,6.432513291E-1,-5.630214997E-1,-1.347307463E-1,-5.010810423E-1,9.993061521E1,-6.077359527E1,-4.752484851E1,-4.688416587E1
1.485848025E1,6.432293073E-1,-5.628447779E-1,-1.350018770E-1,-5.012347308E-1,9.993391105E1,-6.073151537E1,-4.755360024E1,-4.690756802E1
1.486850325E1,6.431385915E-1,-5.626794148E-1,-1.351336913E-1,-5.015012833E-1,9.994748700E1,-6.068766103E1,-4.757731273E1,-4.695374131E1
1.487852625E1,6.430378447E-1,-5.624193687E-1,-1.349175622E-1,-5.019800030E-1,9.996256254E1,-6.062070492E1,-4.757497446E1,-4.705413009E1
1.488854925E1,6.430767568E-1,-5.619783862E-1,-1.343968379E-1,-5.025635998E-1,9.995674002E1,-6.052006742E1,-4.753710751E1,-4.719592666E1
1.489857325E1,6.432144190E-1,-5.615183955E-1,-1.337589875E-1,-5.030715431E-1,9.993613924E1,-6.042138832E1,-4.747981383E1,-4.733218992E1
1.490859625E1,6.433769109E-1,-5.612464009E-1,-1.332727604E-1,-5.032962965E-1,9.991181875E1,-6.036821935E1,-4.742867081E1,-4.740567991E1
1.491861925E1,6.435264163E-1,-5.613238035E-1,-1.331223172E-1,-5.030584513E-1,9.988943814E1,-6.039528875E1,-4.739963897E1,-4.737043271E1
1.492864225E1,6.437753356E-1,-5.615715638E-1,-1.331419366E-1,-5.024580273E-1,9.985216736E1,-6.046785485E1,-4.737141242E1,-4.726093601E1
1.493866525E1,6.441783174E-1,-5.617848901E-1,-1.332386847E-1,-5.016766510E-1,9.979180709E1,-6.054184175E1,-4.733491087E1,-4.712267853E1
1.494868825E1,6.444990022E-1,-5.620279931E-1,-1.334339089E-1,-5.009400611E-1,9.974375447E1,-6.061773709E1,-4.731403700E1,-4.698521587E1
1.495871225E1,6.446183358E-1,-5.623392476E-1,-1.337039437E-1,-5.003648672E-1,9.972586875E1,-6.069726894E1,-4.731783302E1,-4.686478809E1
1.496873525E1,6.444385162E-1,-5.627727068E-1,-1.339151205E-1,-5.000527488E-1,9.975281922E1,-6.078699045E1,-4.734374916E1,-4.677912413E1
1.497875825E1,6.441572387E-1,-5.631202497E-1,-1.339355196E-1,-5.000184307E-1,9.979496501E1,-6.085053063E1,-4.736572802E1,-4.674998596E1
1.498878125E1,6.439904057E-1,-5.630482629E-1,-1.335439332E-1,-5.004188416E-1,9.981995661E1,-6.082324973E1,-4.735133797E1,-4.683331815E1
1.499880425E1,6.439588798E-1,-5.625711184E-1,-1.327611820E-1,-5.012036159E-1,9.982467867E1,-6.071016935E1,-4.729968287E1,-4.701936910E1
1.500882825E1,6.439587218E-1,-5.620293207E-1,-1.319275594E-1,-5.020311166E-1,9.982470234E1,-6.058466046E1,-4.724170429E1,-4.721813589E1
1.501885125E1,6.439733415E-1,-5.616931785E-1,-1.314468536E-1,-5.025145883E-1,9.982251257E1,-6.050803261E1,-4.720714366E1,-4.733511406E1
1.502887425E1,6.440305189E-1,-5.615823323E-1,-1.314667890E-1,-5.025599963E-1,9.981394806E1,-6.048593315E1,-4.720548276E1,-4.734843786E1
1.503889725E1,6.441131320E-1,-5.617135354E-1,-1.319183925E-1,-5.021888459E-1,9.980157264E1,-6.052113048E1,-4.723234262E1,-4.726335098E1
1.504892025E1,6.440881126E-1,-5.621779305E-1,-1.327273380E-1,-5.014878437E-1,9.980532066E1,-6.062704191E1,-4.729259965E1,-4.709023486E1
1.505894325E1,6.439474422E-1,-5.628745125E-1,-1.339794577E-1,-5.005531794E-1,9.982639179E1,-6.078085487E1,-4.739590532E1,-4.684613178E1
1.506896725E1,6.438244525E-1,-5.636482233E-1,-1.357509951E-1,-4.993620304E-1,9.984481186E1,-6.095622686E1,-4.753829022E1,-4.653367466E1
1.507899025E1,6.438411268E-1,-5.643712525E-1,-1.379219371E-1,-4.979270303E-1,9.984231470E1,-6.113207693E1,-4.769999483E1,-4.616799004E1
1.508901325E1,6.439050583E-1,-5.651038912E-1,-1.401748548E-1,-4.963818057E-1,9.983273988E1,-6.131679617E1,-4.786218291E1,-4.577940589E1
1.509903625E1,6.439107850E-1,-5.659153866E-1,-1.421314379E-1,-4.948914141E-1,9.983188217E1,-6.151848147E1,-4.800243511E1,-4.540574068E1
1.510905925E1,6.439903951E-1,-5.665501813E-1,-1.435042661E-1,-4.936638081E-1,9.981995819E1,-6.168197412E1,-4.809054914E1,-4.511036780E1
1.511908325E1,6.442594343E-1,-5.667772053E-1,-1.443238327E-1,-4.928123838E-1,9.977965384E1,-6.175788913E1,-4.812420694E1,-4.492631564E1
1.512910625E1,6.445894230E-1,-5.667210868E-1,-1.449034994E-1,-4.922749483E-1,9.973020241E1,-6.176900248E1,-4.813949459E1,-4.482114301E1
1.513912925E1,6.448276844E-1,-5.666452436E-1,-1.454115164E-1,-4.919002154E-1,9.969448586E1,-6.176941905E1,-4.815880496E1,-4.474545533E1
1.514915225E1,6.450541500E-1,-5.666226318E-1,-1.458541637E-1,-4.914983346E-1,9.966052886E1,-6.178136948E1,-4.817248502E1,-4.466499550E1
1.515917525E1,6.453127578E-1,-5.666358659E-1,-1.461291297E-1,-4.910616143E-1,9.962174195E1,-6.180259835E1,-4.816805222E1,-4.458468401E1
1.516919825E1,6.456467821E-1,-5.665957210E-1,-1.461779568E-1,-4.906541701E-1,9.957162739E1,-6.181401447E1,-4.813881184E1,-4.452341121E1
1.517922225E1,6.459801584E-1,-5.666719014E-1,-1.462899199E-1,-4.900936223E-1,9.952159157E1,-6.185352374E1,-4.811148002E1,-4.442777323E1
1.518924525E1,6.462267543E-1,-5.670536044E-1,-1.468600614E-1,-4.891556495E-1,9.948456855E1,-6.196413993E1,-4.812172786E1,-4.423151676E1
1.519926825E1,6.463927234E-1,-5.677550122E-1,-1.480647027E-1,-4.877577281E-1,9.945964486E1,-6.215212467E1,-4.818226784E1,-4.391220312E1
1.520929125E1,6.464885916E-1,-5.686215304E-1,-1.497575098E-1,-4.861015835E-1,9.944524616E1,-6.238179153E1,-4.828368228E1,-4.351743384E1
1.521931425E1,6.464605745E-1,-5.694594940E-1,-1.515804452E-1,-4.845905663E-1,9.944945428E1,-6.260117314E1,-4.840801519E1,-4.313874209E1
1.522933725E1,6.462446141E-1,-5.703079311E-1,-1.534975157E-1,-4.832755846E-1,9.948188676E1,-6.281567038E1,-4.855796382E1,-4.278235027E1
1.523936125E1,6.459080925E-1,-5.711797387E-1,-1.556130768E-1,-4.820176065E-1,9.953240936E1,-6.303438894E1,-4.873445331E1,-4.242071859E1
1.524938425E1,6.454812398E-1,-5.720747481E-1,-1.579528380E-1,-4.807653288E-1,9.959646646E1,-6.326039382E1,-4.893620162E1,-4.204428103E1
1.525940725E1,6.450343884E-1,-5.728387440E-1,-1.603129351E-1,-4.796728930E-1,9.966349232E1,-6.345781250E1,-4.914479671E1,-4.169811660E1
1.526943025E1,6.446256324E-1,-5.733242336E-1,-1.624058211E-1,-4.789378678E-1,9.972477505E1,-6.358829868E1,-4.933699978E1,-4.143896473E1
1.527945325E1,6.440794830E-1,-5.737673234E-1,-1.644049726E-1,-4.784598488E-1,9.980661338E1,-6.370079419E1,-4.953733469E1,-4.122508638E1
1.528947725E1,6.433420449E-1,-5.742553628E-1,-1.667422893E-1,-4.780572147E-1,9.991703758E1,-6.382184378E1,-4.978246806E1,-4.099902440E1
1.529950025E1,6.426199535E-1,-5.745587148E-1,-1.695447386E-1,-4.776781775E-1,1.000250772E2,-6.391090841E1,-5.006864310E1,-4.076387566E1
1.530952325E1,6.418792911E-1,-5.747529696E-1,-1.726542067E-1,-4.773263093E-1,1.001358067E2,-6.398231893E1,-5.038404822E1,-4.052265716E1
1.531954625E1,6.408181125E-1,-5.751771144E-1,-1.758886612E-1,-4.770605365E-1,1.002942977E2,-6.409934575E1,-5.073381498E1,-4.026617000E1
1.532956925E1,6.393436524E-1,-5.759773566E-1,-1.793304993E-1,-4.767916344E-1,1.005142106E2,-6.429752056E1,-5.112800612E1,-3.996241402E1
1.533959225E1,6.377719701E-1,-5.768998668E-1,-1.831232942E-1,-4.763395093E-1,1.007482383E2,-6.453916336E1,-5.155286583E1,-3.959510286E1
1.534961625E1,6.363466058E-1,-5.777965621E-1,-1.871497723E-1,-4.755933837E-1,1.009601372E2,-6.480115254E1,-5.197822235E1,-3.916521442E1
1.535963925E1,6.352285711E-1,-5.785475347E-1,-1.911082043E-1,-4.745997770E-1,1.011261216E2,-6.505412735E1,-5.236829038E1,-3.870787561E1
1.536966225E1,6.345460714E-1,-5.790215181E-1,-1.945995649E-1,-4.735149751E-1,1.012273489E2,-6.525620194E1,-5.268506541E1,-3.828458946E1
1.537968525E1,6.343309855E-1,-5.792507970E-1,-1.974946320E-1,-4.723225248E-1,1.012592349E2,-6.540930171E1,-5.291485803E1,-3.790061593E1
1.538970825E1,6.344899739E-1,-5.794139685E-1,-1.999810642E-1,-4.708604401E-1,1.012356659E2,-6.555902259E1,-5.307457972E1,-3.750482791E1
1.539973225E1,6.348884460E-1,-5.795765078E-1,-2.022360681E-1,-4.691569330E-1,1.011765776E2,-6.571941785E1,-5.318928762E1,-3.708513539E1
1.540975525E1,6.353286435E-1,-5.797509115E-1,-2.044360493E-1,-4.673886883E-1,1.011112728E2,-6.588708005E1,-5.329334195E1,-3.665642609E1
1.541977825E1,6.354974627E-1,-5.800822911E-1,-2.068011408E-1,-4.657046899E-1,1.010862198E2,-6.609003974E1,-5.343074430E1,-3.621258453E1
1.542980125E1,6.352639060E-1,-5.805714052E-1,-2.095124054E-1,-4.641995206E-1,1.011208787E2,-6.632925338E1,-5.362892497E1,-3.575443170E1
1.543982479E1,6.347855445E-1,-5.810146004E-1,-2.126288488E-1,-4.628804875E-1,1.011918390E2,-6.656442632E1,-5.388426871E1,-3.529749299E1
1.544984779E1,6.341683408E-1,-5.814898904E-1,-2.160365479E-1,-4.615499168E-1,1.012833418E2,-6.682116307E1,-5.417223897E1,-3.481036952E1
1.545987179E1,6.336467577E-1,-5.819453925E-1,-2.195372019E-1,-4.600376615E-1,1.013606217E2,-6.709275101E1,-5.445425916E1,-3.428545643E1
1.546989479E1,6.334250231E-1,-5.822359740E-1,-2.229199712E-1,-4.583455077E-1,1.013934620E2,-6.734118903E1,-5.469990798E1,-3.375355340E1
1.547991779E1,6.334604845E-1,-5.824181116E-1,-2.260237705E-1,-4.565416489E-1,1.013882105E2,-6.756898686E1,-5.490007841E1,-3.323220172E1
1.548994079E1,6.337316678E-1,-5.824726917E-1,-2.287199465E-1,-4.547493015E-1,1.013480440E2,-6.775947515E1,-5.504999736E1,-3.275337974E1
1.549996379E1,6.341211574E-1,-5.825475972E-1,-2.312189491E-1,-4.528425254E-1,1.012903344E2,-6.795714766E1,-5.516960211E1,-3.226762103E1
1.550998779E1,6.343634491E-1,-5.828607799E-1,-2.336686609E-1,-4.508383268E-1,1.012544227E2,-6.821489107E1,-5.528688112E1,-3.174246295E1
1.552001079E1,6.344514728E-1,-5.832143814E-1,-2.361241468E-1,-4.489739821E-1,1.012413738E2,-6.847914854E1,-5.541800713E1,-3.123046156E1
1.553003379E1,6.344403460E-1,-5.833916721E-1,-2.385216071E-1,-4.474896544E-1,1.012430233E2,-6.868685168E1,-5.556608536E1,-3.079653363E1
1.554005679E1,6.344365106E-1,-5.832317775E-1,-2.408510529E-1,-4.464545699E-1,1.012435919E2,-6.879685720E1,-5.572889551E1,-3.047055612E1
1.555007979E1,6.344468050E-1,-5.827899416E-1,-2.431584769E-1,-4.457658799E-1,1.012420658E2,-6.882745276E1,-5.590589162E1,-3.022827195E1
1.556010279E1,6.344009176E-1,-5.823043361E-1,-2.454900300E-1,-4.451873195E-1,1.012488684E2,-6.884590121E1,-5.609331596E1,-3.000399902E1
1.557012679E1,6.342914939E-1,-5.819759384E-1,-2.478181271E-1,-4.444822133E-1,1.012650886E2,-6.890892989E1,-5.627725184E1,-2.974136743E1
1.558014979E1,6.341300609E-1,-5.819421051E-1,-2.502817263E-1,-4.433750261E-1,1.012890149E2,-6.906908915E1,-5.645577248E1,-2.937050192E1
1.559017279E1,6.340093207E-1,-5.821105133E-1,-2.528275751E-1,-4.418796875E-1,1.013069074E2,-6.930324830E1,-5.661955589E1,-2.890768736E1
1.560019579E1,6.340914438E-1,-5.822249209E-1,-2.553404334E-1,-4.401631096E-1,1.012947378E2,-6.953824862E1,-5.675836872E1,-2.841814683E1
1.561021879E1,6.343115558E-1,-5.822372173E-1,-2.575952161E-1,-4.385127023E-1,1.012621149E2,-6.973663314E1,-5.686951903E1,-2.797100651E1
1.562024179E1,6.347644342E-1,-5.819947465E-1,-2.595560982E-1,-4.370203983E-1,1.011949696E2,-6.985447987E1,-5.695064611E1,-2.760305248E1
1.563026579E1,6.353587153E-1,-5.815858588E-1,-2.613031483E-1,-4.356577801E-1,1.011068104E2,-6.991697876E1,-5.701227941E1,-2.729307988E1
1.564028879E1,6.359340935E-1,-5.812873222E-1,-2.630416742E-1,-4.341679838E-1,1.010214022E2,-7.001273753E1,-5.706701553E1,-2.695074385E1
1.565031179E1,6.363993947E-1,-5.812268836E-1,-2.649584286E-1,-4.323982377E-1,1.009522952E2,-7.019012189E1,-5.712763244E1,-2.652022507E1
1.566033479E1,6.366265241E-1,-5.814437818E-1,-2.672560956E-1,-4.303533147E-1,1.009185492E2,-7.047113872E1,-5.721804353E1,-2.597724198E1
1.567035779E1,6.366341843E-1,-5.817363336E-1,-2.697733899E-1,-4.283714962E-1,1.009174110E2,-7.078438059E1,-5.734050065E1,-2.540999488E1
1.568038179E1,6.366184319E-1,-5.817868045E-1,-2.721853065E-1,-4.267977223E-1,1.009197517E2,-7.101846080E1,-5.747606647E1,-2.493951101E1
1.569040479E1,6.366904082E-1,-5.814767301E-1,-2.742035084E-1,-4.258198417E-1,1.009090561E2,-7.111644906E1,-5.760494264E1,-2.463774179E1
1.570042779E1,6.370142856E-1,-5.808173848E-1,-2.757280442E-1,-4.252504167E-1,1.008609182E2,-7.108082523E1,-5.770099106E1,-2.448818026E1
1.571045079E1,6.375977982E-1,-5.799351775E-1,-2.767353433E-1,-4.249254328E-1,1.007741486E2,-7.094670939E1,-5.775239258E1,-2.445449330E1
1.572047379E1,6.383809183E-1,-5.789198072E-1,-2.774185964E-1,-4.246888731E-1,1.006576113E2,-7.075525825E1,-5.777054157E1,-2.448343679E1
1.573049679E1,6.392067752E-1,-5.778354531E-1,-2.778569236E-1,-4.246366637E-1,1.005346077E2,-7.052276710E1,-5.777454011E1,-2.457252660E1
1.574052079E1,6.401333842E-1,-5.765600368E-1,-2.782127800E-1,-4.247417253E-1,1.003964673E2,-7.023150482E1,-5.777545256E1,-2.471738775E1
1.575054379E1,6.412425312E-1,-5.750308438E-1,-2.785744210E-1,-4.249045702E-1,1.002309311E2,-6.987687016E1,-5.777214484E1,-2.490269985E1
1.576056679E1,6.424301241E-1,-5.735093425E-1,-2.790376149E-1,-4.248631187E-1,1.000534653E2,-6.954101564E1,-5.776315056E1,-2.504683925E1
1.577058979E1,6.436750366E-1,-5.721582094E-1,-2.799285045E-1,-4.242139940E-1,9.986718639E1,-6.930324783E1,-5.775786028E1,-2.503779611E1
1.578061279E1,6.447680835E-1,-5.711456524E-1,-2.813868908E-1,-4.229518540E-1,9.970342121E1,-6.921298213E1,-5.777846248E1,-2.483982847E1
1.579063679E1,6.457044811E-1,-5.704315373E-1,-2.835461371E-1,-4.210406841E-1,9.956296877E1,-6.927167011E1,-5.783556699E1,-2.443922535E1
1.580065979E1,6.464664751E-1,-5.699909131E-1,-2.863277658E-1,-4.185785705E-1,9.944856804E1,-6.946602761E1,-5.792725068E1,-2.385953758E1
1.581068279E1,6.470996050E-1,-5.698220412E-1,-2.896388539E-1,-4.155409629E-1,9.935344043E1,-6.979430324E1,-5.804014421E1,-2.310397165E1
1.582070579E1,6.477806349E-1,-5.697626668E-1,-2.931950680E-1,-4.120527000E-1,9.925104100E1,-7.019495993E1,-5.814610787E1,-2.223857724E1
1.583072879E1,6.487065801E-1,-5.695612154E-1,-2.967058899E-1,-4.083448943E-1,9.911169122E1,-7.057569054E1,-5.822308668E1,-2.136012070E1
1.584075179E1,6.500466707E-1,-5.689723080E-1,-2.999202931E-1,-4.046698682E-1,9.890975852E1,-7.084422214E1,-5.825697451E1,-2.056607214E1
1.585077579E1,6.516428667E-1,-5.681448917E-1,-3.029963281E-1,-4.009565517E-1,9.866883639E1,-7.105009070E1,-5.826539941E1,-1.981136307E1
1.586079879E1,6.531140235E-1,-5.675765203E-1,-3.063387207E-1,-3.968067941E-1,9.844640109E1,-7.136482119E1,-5.827531812E1,-1.892887391E1
1.587082179E1,6.540080636E-1,-5.678496214E-1,-3.105061273E-1,-3.916709266E-1,9.831104238E1,-7.200411755E1,-5.831704520E1,-1.769845961E1
1.588084479E1,6.541257376E-1,-5.690342218E-1,-3.156397610E-1,-3.856047307E-1,9.829321611E1,-7.300341113E1,-5.840588599E1,-1.609586005E1
1.589086779E1,6.534940090E-1,-5.708799376E-1,-3.215495710E-1,-3.790086120E-1,9.838888772E1,-7.428017341E1,-5.853929001E1,-1.422242531E1
1.590089179E1,6.526330542E-1,-5.725652953E-1,-3.273982154E-1,-3.728934203E-1,9.851916338E1,-7.551842497E1,-5.868838076E1,-1.242428394E1
1.591091479E1,6.521578485E-1,-5.732981868E-1,-3.323486578E-1,-3.681897899E-1,9.859101467E1,-7.639439782E1,-5.883191161E1,-1.104654222E1
1.592093779E1,6.524264609E-1,-5.728455929E-1,-3.357599605E-1,-3.653118661E-1,9.855040513E1,-7.675192665E1,-5.894271715E1,-1.027267508E1
1.593096079E1,6.535123218E-1,-5.714931005E-1,-3.374783718E-1,-3.639032447E-1,9.838611532E1,-7.664621621E1,-5.898461094E1,-1.004765187E1
1.594098379E1,6.551853515E-1,-5.697853840E-1,-3.379457909E-1,-3.631381424E-1,9.813258844E1,-7.628942147E1,-5.894315305E1,-1.012965004E1
1.595100679E1,6.571269198E-1,-5.681023760E-1,-3.381094893E-1,-3.621130994E-1,9.783775658E1,-7.591620121E1,-5.884782031E1,-1.021560838E1
1.596103079E1,6.591588931E-1,-5.664312851E-1,-3.382823440E-1,-3.608742455E-1,9.752848658E1,-7.555719840E1,-5.873594163E1,-1.026905639E1
1.597105379E1,6.614728605E-1,-5.642379420E-1,-3.382069223E-1,-3.601462641E-1,9.717540307E1,-7.502493659E1,-5.863245388E1,-1.049297555E1
1.598107679E1,6.636654871E-1,-5.617648703E-1,-3.382640523E-1,-3.599247613E-1,9.683994705E1,-7.442192511E1,-5.858062089E1,-1.080089421E1
1.599109979E1,6.652864759E-1,-5.596692552E-1,-3.392027364E-1,-3.593129366E-1,9.659138640E1,-7.402252554E1,-5.859736038E1,-1.088671878E1
1.600112279E1,6.662825956E-1,-5.582976387E-1,-3.412139735E-1,-3.576930435E-1,9.643840397E1,-7.395567225E1,-5.865915154E1,-1.059698575E1
1.601114579E1,6.668935985E-1,-5.575931015E-1,-3.441172275E-1,-3.548609017E-1,9.634447680E1,-7.419924807E1,-5.872827824E1,-9.934309220E0
1.602116979E1,6.674701463E-1,-5.571576297E-1,-3.474675753E-1,-3.511771197E-1,9.625578305E1,-7.459620477E1,-5.877857487E1,-9.058730375E0
1.603119279E1,6.682380197E-1,-5.565549825E-1,-3.508259521E-1,-3.473121272E-1,9.613756090E1,-7.496516815E1,-5.881137289E1,-8.178207662E0
1.604121579E1,6.692495441E-1,-5.554889622E-1,-3.540284804E-1,-3.438034864E-1,9.598165870E1,-7.519330913E1,-5.885098400E1,-7.426952565E0
1.605123879E1,6.703263750E-1,-5.539993978E-1,-3.571877344E-1,-3.408285300E-1,9.581548084E1,-7.529681286E1,-5.892610294E1,-6.806230581E0
1.606126179E1,6.712013330E-1,-5.524033177E-1,-3.605920829E-1,-3.381013866E-1,9.568029580E1,-7.539967884E1,-5.904777180E1,-6.192953595E0
1.607128579E1,6.718297215E-1,-5.509619271E-1,-3.644194909E-1,-3.350883294E-1,9.558311774E1,-7.561006158E1,-5.919302023E1,-5.454473041E0
1.608130879E1,6.723770299E-1,-5.496880386E-1,-3.683848771E-1,-3.317298262E-1,9.549841747E1,-7.590114901E1,-5.932589151E1,-4.621148054E0
1.609133179E1,6.727471741E-1,-5.487277332E-1,-3.722919216E-1,-3.281885531E-1,9.544110252E1,-7.628006330E1,-5.943907628E1,-3.721491366E0
1.610135479E1,6.727864339E-1,-5.481684234E-1,-3.760315482E-1,-3.247614454E-1,9.543502181E1,-7.674421497E1,-5.954480482E1,-2.796914931E0
1.611137779E1,6.725732340E-1,-5.478494771E-1,-3.795197689E-1,-3.216691522E-1,9.546803950E1,-7.723373379E1,-5.965082687E1,-1.911396050E0
1.612140079E1,6.717875746E-1,-5.480919532E-1,-3.831375227E-1,-3.185943288E-1,9.558963794E1,-7.789246013E1,-5.977008277E1,-9.179891169E-1
1.613142479E1,6.708668767E-1,-5.485494467E-1,-3.865043499E-1,-3.156670195E-1,9.573198787E1,-7.857623294E1,-5.987173027E1,5.620704143E-2
1.614144779E1,6.708417150E-1,-5.482974613E-1,-3.884776127E-1,-3.137299925E-1,9.573587589E1,-7.885451404E1,-5.991111485E1,5.801465473E-1
1.615147079E1,6.721430201E-1,-5.469595412E-1,-3.883583477E-1,-3.134276521E-1,9.553463928E1,-7.850413216E1,-5.987462121E1,3.991252375E-1
1.616149379E1,6.744377685E-1,-5.448557180E-1,-3.867001431E-1,-3.142116467E-1,9.517899019E1,-7.770754408E1,-5.976989587E1,-2.777702742E-1
1.617151679E1,6.771048842E-1,-5.425481675E-1,-3.844818807E-1,-3.151888846E-1,9.476435874E1,-7.678351421E1,-5.961877266E1,-1.091259381E0
1.618154079E1,6.800869634E-1,-5.399332348E-1,-3.821908360E-1,-3.160443602E-1,9.429912191E1,-7.578899321E1,-5.944389054E1,-1.934363586E0
1.619156379E1,6.827246397E-1,-5.374438470E-1,-3.803281402E-1,-3.168464569E-1,9.388615071E1,-7.489669391E1,-5.930458704E1,-2.675404314E0
1.620158679E1,6.841022516E-1,-5.357693948E-1,-3.793324209E-1,-3.179029941E-1,9.366990968E1,-7.431506643E1,-5.927727575E1,-3.196471770E0
1.621160979E1,6.840991748E-1,-5.349308780E-1,-3.786896446E-1,-3.200803424E-1,9.367039305E1,-7.394234954E1,-5.937999757E1,-3.690849189E0
1.622163279E1,6.830362102E-1,-5.347354273E-1,-3.778825061E-1,-3.236114265E-1,9.383727750E1,-7.365278911E1,-5.957670512E1,-4.297079573E0
1.623165579E1,6.810478905E-1,-5.354326152E-1,-3.766983535E-1,-3.280000935E-1,9.414883346E1,-7.350136831E1,-5.980778415E1,-4.947797635E0
1.624167979E1,6.785448629E-1,-5.369120802E-1,-3.755194798E-1,-3.320955133E-1,9.453992424E1,-7.355835098E1,-6.002297326E1,-5.448383401E0
1.625170279E1,6.763665874E-1,-5.384356940E-1,-3.745779140E-1,-3.351217835E-1,9.487927264E1,-7.370175987E1,-6.017943624E1,-5.765755952E0
1.626172579E1,6.750782109E-1,-5.393985441E-1,-3.728358530E-1,-3.381006701E-1,9.507955195E1,-7.360623733E1,-6.024190978E1,-6.277833006E0
1.627174879E1,6.742049387E-1,-5.399605038E-1,-3.702988077E-1,-3.417149204E-1,9.521512095E1,-7.328543637E1,-6.026627038E1,-7.050607971E0
1.628177179E1,6.729366979E-1,-5.406088751E-1,-3.681942627E-1,-3.454433570E-1,9.541174562E1,-7.303598653E1,-6.034754463E1,-7.762743277E0
1.629179579E1,6.709357868E-1,-5.414512062E-1,-3.675985750E-1,-3.486360967E-1,9.572133916E1,-7.304051981E1,-6.055278102E1,-8.156672273E0
1.630181879E1,6.684317899E-1,-5.420714550E-1,-3.688225879E-1,-3.511800489E-1,9.610771065E1,-7.323664701E1,-6.090266527E1,-8.231393584E0
1.631184179E1,6.659928887E-1,-5.418475710E-1,-3.716631170E-1,-3.531588750E-1,9.648291548E1,-7.344174651E1,-6.137410541E1,-8.115572659E0
1.632186479E1,6.638967784E-1,-5.406384569E-1,-3.757212737E-1,-3.546612205E-1,9.680451038E1,-7.357103057E1,-6.192925847E1,-7.897795074E0
1.633188779E1,6.619876948E-1,-5.388217855E-1,-3.806268876E-1,-3.557618433E-1,9.709671511E1,-7.367920191E1,-6.253902051E1,-7.581263317E0
1.634191079E1,6.598624399E-1,-5.369754901E-1,-3.861885120E-1,-3.565071260E-1,9.742123495E1,-7.390423365E1,-6.319338601E1,-7.100246576E0
1.635193479E1,6.571230212E-1,-5.353841305E-1,-3.923318156E-1,-3.572519873E-1,9.783834925E1,-7.431332070E1,-6.391655124E1,-6.453754777E0
1.636195779E1,6.535324153E-1,-5.338357343E-1,-3.992932158E-1,-3.584406443E-1,9.838307327E1,-7.488258539E1,-6.476932492E1,-5.680384993E0
1.637198079E1,6.495623402E-1,-5.315442628E-1,-4.074804413E-1,-3.598459151E-1,9.898277535E1,-7.548693158E1,-6.577148067E1,-4.794041794E0
1.638200379E1,6.450643337E-1,-5.295043870E-1,-4.163424590E-1,-3.607992873E-1,9.965900168E1,-7.640225522E1,-6.681303703E1,-3.577326754E0
1.639202679E1,6.400319473E-1,-5.291283370E-1,-4.250853327E-1,-3.601177412E-1,1.004115965E2,-7.803551601E1,-6.770357449E1,-1.680208164E0
1.640205079E1,6.352372902E-1,-5.300760142E-1,-4.340749552E-1,-3.564715646E-1,1.011248279E2,-8.045593761E1,-6.834074076E1,1.132896957E0
1.641207379E1,6.308292146E-1,-5.318773705E-1,-4.433212151E-1,-3.501816743E-1,1.017773460E2,-8.348984807E1,-6.872148321E1,4.706297705E0
1.642209679E1,6.269100845E-1,-5.342523717E-1,-4.511362260E-1,-3.435611420E-1,1.023549594E2,-8.648566327E1,-6.886610565E1,8.176341095E0
1.643211954E1,6.242279223E-1,-5.361193533E-1,-4.561702851E-1,-3.388573219E-1,1.027489172E2,-8.857343343E1,-6.888263654E1,1.056782176E1
1.644214254E1,6.233553561E-1,-5.364896634E-1,-4.587082761E-1,-3.364424339E-1,1.028768470E2,-8.943831904E1,-6.888707440E1,1.165008828E1
1.645216554E1,6.238929496E-1,-5.359598696E-1,-4.598901660E-1,-3.346723822E-1,1.027980421E2,-8.960377110E1,-6.884164468E1,1.205206830E1
1.646218954E1,6.251783758E-1,-5.358189648E-1,-4.603291333E-1,-3.318841680E-1,1.026094381E2,-8.968708054E1,-6.862820208E1,1.241272447E1
1.647221254E1,6.271318717E-1,-5.365689337E-1,-4.591045909E-1,-3.286676153E-1,1.023223344E2,-8.959353195E1,-6.820896247E1,1.251570862E1
1.648223554E1,6.303651040E-1,-5.372482224E-1,-4.549161556E-1,-3.271934239E-1,1.018458712E2,-8.866739065E1,-6.768264081E1,1.159176271E1
1.649225854E1,6.350628023E-1,-5.366690878E-1,-4.476778084E-1,-3.290381809E-1,1.011507149E2,-8.657818783E1,-6.718716027E1,9.289888902E0
1.650228154E1,6.407742903E-1,-5.342860576E-1,-4.384801491E-1,-3.341881886E-1,1.003008387E2,-8.351083693E1,-6.678581665E1,5.863702931E0
1.651230554E1,6.466221023E-1,-5.305942307E-1,-4.288939485E-1,-3.411739234E-1,9.942519129E1,-8.004957102E1,-6.645038620E1,1.996019179E0
1.652232854E1,6.514738052E-1,-5.271078645E-1,-4.205413493E-1,-3.476841680E-1,9.869437431E1,-7.706088280E1,-6.613162877E1,-1.369800649E0
1.653235154E1,6.546774714E-1,-5.252544568E-1,-4.143597131E-1,-3.518682542E-1,9.820960269E1,-7.517814294E1,-6.580902524E1,-3.558195942E0
1.654237454E1,6.564545617E-1,-5.252879899E-1,-4.104226232E-1,-3.531192464E-1,9.793993049E1,-7.444977820E1,-6.548134536E1,-4.482499052E0
1.655239754E1,6.573469264E-1,-5.266384171E-1,-4.085230226E-1,-3.516473626E-1,9.780430636E1,-7.460647295E1,-6.515731362E1,-4.371135070E0
1.656242054E1,6.576537133E-1,-5.287510753E-1,-4.084252367E-1,-3.479981620E-1,9.775764767E1,-7.538556229E1,-6.485206026E1,-3.482574722E0
1.657244454E1,6.575889441E-1,-5.311692718E-1,-4.096077297E-1,-3.430124743E-1,9.776749968E1,-7.651179234E1,-6.456890887E1,-2.132658573E0
1.658246754E1,6.573311424E-1,-5.334934914E-1,-4.115237360E-1,-3.375629184E-1,9.780670647E1,-7.773608836E1,-6.431492765E1,-6.201000373E-1
1.659249054E1,6.569887098E-1,-5.355374923E-1,-4.138813833E-1,-3.320656523E-1,9.785876594E1,-7.894196231E1,-6.409216054E1,9.142049944E-1
1.660251354E1,6.567379887E-1,-5.372529850E-1,-4.162672005E-1,-3.267660549E-1,9.789686959E1,-8.003820214E1,-6.387936119E1,2.353883460E0
1.661253654E1,6.567204135E-1,-5.386760048E-1,-4.183947997E-1,-3.217019846E-1,9.789954020E1,-8.098412566E1,-6.365305370E1,3.645946033E0
1.662256054E1,6.568048863E-1,-5.400610609E-1,-4.204082969E-1,-3.165410081E-1,9.788670383E1,-8.188806212E1,-6.340014790E1,4.904487200E0
1.663258354E1,6.566844517E-1,-5.417935861E-1,-4.225256334E-1,-3.109620087E-1,9.790500452E1,-8.290463890E1,-6.311126568E1,6.275420391E0
1.664260654E1,6.564701771E-1,-5.437653422E-1,-4.244035706E-1,-3.053649073E-1,9.793755841E1,-8.392435392E1,-6.278670464E1,7.618276213E0
1.665262954E1,6.564520223E-1,-5.455743797E-1,-4.254143258E-1,-3.007358662E-1,9.794031622E1,-8.469613143E1,-6.245845113E1,8.626200658E0
1.666265254E1,6.568519327E-1,-5.469088016E-1,-4.249910344E-1,-2.980248755E-1,9.787955418E1,-8.501827464E1,-6.216516062E1,9.037669446E0
1.667267554E1,6.578643843E-1,-5.475741845E-1,-4.229383459E-1,-2.974895263E-1,9.772559747E1,-8.481146590E1,-6.191708998E1,8.768821561E0
1.668269954E1,6.593993514E-1,-5.476709589E-1,-4.197090491E-1,-2.984849716E-1,9.749184001E1,-8.421362123E1,-6.169728056E1,8.011860098E0
1.669272254E1,6.613661973E-1,-5.473124315E-1,-4.158018940E-1,-3.002541909E-1,9.719169964E1,-8.337108497E1,-6.148118061E1,6.976418488E0
1.670274554E1,6.632844479E-1,-5.469507009E-1,-4.118006671E-1,-3.021901011E-1,9.689830572E1,-8.252673944E1,-6.126446171E1,5.920851453E0
1.671276854E1,6.646585616E-1,-5.470525435E-1,-4.084235087E-1,-3.035667436E-1,9.668772699E1,-8.194198682E1,-6.105187403E1,5.135103913E0
1.672279154E1,6.652832412E-1,-5.479192407E-1,-4.059806879E-1,-3.039116945E-1,9.659188290E1,-8.174984517E1,-6.083529329E1,4.768912520E0
1.673281454E1,6.651765886E-1,-5.496330896E-1,-4.046684984E-1,-3.027986173E-1,9.660825158E1,-8.200332578E1,-6.059935696E1,4.909015931E0
1.674283854E1,6.646856831E-1,-5.518195101E-1,-4.044382818E-1,-3.001963655E-1,9.668356724E1,-8.258710099E1,-6.033767234E1,5.482385828E0
1.675286154E1,6.641265420E-1,-5.540592358E-1,-4.049219169E-1,-2.966353150E-1,9.676929816E1,-8.331350666E1,-6.005969338E1,6.291519258E0
1.676288454E1,6.637501285E-1,-5.560075687E-1,-4.054595737E-1,-2.930766459E-1,9.682698008E1,-8.396399136E1,-5.978616960E1,7.056180187E0
1.677290754E1,6.635105658E-1,-5.576653517E-1,-4.057866543E-1,-2.900003474E-1,9.686367746E1,-8.448895295E1,-5.953440326E1,7.679011388E0
1.678293054E1,6.633552546E-1,-5.591724177E-1,-4.057323902E-1,-2.875190360E-1,9.688746320E1,-8.489685484E1,-5.929804548E1,8.140121366E0
1.679295454E1,6.633477946E-1,-5.605917971E-1,-4.051749139E-1,-2.855519161E-1,9.688860558E1,-8.518689067E1,-5.905929989E1,8.436758760E0
1.680297754E1,6.634503801E-1,-5.620083052E-1,-4.038932756E-1,-2.843420487E-1,9.687289535E1,-8.534329642E1,-5.881850011E1,8.517974844E0
1.681300054E1,6.639841488E-1,-5.630243551E-1,-4.012418437E-1,-2.848396133E-1,9.679112163E1,-8.515318910E1,-5.860318160E1,8.117292933E0
1.682302354E1,6.649656436E-1,-5.634576669E-1,-3.969326235E-1,-2.877160725E-1,9.664062057E1,-8.452638235E1,-5.844352851E1,7.097951327E0
1.683304654E1,6.661502650E-1,-5.634562023E-1,-3.915331380E-1,-2.923399611E-1,9.645873758E1,-8.360956764E1,-5.832947692E1,5.655326561E0
1.684306954E1,6.672584532E-1,-5.633195095E-1,-3.859210850E-1,-2.974930245E-1,9.628835619E1,-8.263693919E1,-5.823184695E1,4.115501697E0
1.685309354E1,6.680554080E-1,-5.632941160E-1,-3.812317634E-1,-3.017682743E-1,9.616568581E1,-8.186171452E1,-5.813957329E1,2.855416912E0
1.686311654E1,6.683588653E-1,-5.636564525E-1,-3.778486780E-1,-3.046608968E-1,9.611894549E1,-8.140917976E1,-5.805162121E1,2.026091973E0
1.687313954E1,6.684440651E-1,-5.641437543E-1,-3.753747423E-1,-3.066237809E-1,9.610581941E1,-8.114108009E1,-5.797251769E1,1.470454896E0
1.688316254E1,6.683287514E-1,-5.646869956E-1,-3.734524561E-1,-3.082181962E-1,9.612358458E1,-8.097465728E1,-5.791614659E1,1.055595083E0
1.689318554E1,6.680586111E-1,-5.651913986E-1,-3.720299262E-1,-3.095964614E-1,9.616519253E1,-8.087393292E1,-5.789096406E1,7.415401894E-1
1.690320954E1,6.677591156E-1,-5.655583290E-1,-3.708676847E-1,-3.109641266E-1,9.621130604E1,-8.077601202E1,-5.789087269E1,4.523439623E-1
1.691323254E1,6.675481706E-1,-5.657423527E-1,-3.699008255E-1,-3.122312716E-1,9.624377538E1,-8.066218337E1,-5.790174952E1,1.809644498E-1
1.692325554E1,6.677386533E-1,-5.655439675E-1,-3.687435995E-1,-3.135496461E-1,9.621445602E1,-8.042732750E1,-5.789773685E1,-1.786479918E-1
1.693327854E1,6.682593250E-1,-5.650217575E-1,-3.673831940E-1,-3.149753159E-1,9.613427917E1,-8.008357809E1,-5.788150081E1,-6.262782608E-1
1.694330154E1,6.688099630E-1,-5.643542673E-1,-3.659058311E-1,-3.167182251E-1,9.604943302E1,-7.968213056E1,-5.787882734E1,-1.147430031E0
1.695332454E1,6.690899445E-1,-5.636594871E-1,-3.645215073E-1,-3.189525560E-1,9.600626983E1,-7.927467553E1,-5.792531412E1,-1.714074706E0
1.696334854E1,6.690571648E-1,-5.628592132E-1,-3.633584124E-1,-3.217493260E-1,9.601132405E1,-7.885453367E1,-5.803961038E1,-2.327629415E0
1.697337154E1,6.686434619E-1,-5.620374129E-1,-3.626925975E-1,-3.247829613E-1,9.607509463E1,-7.848378194E1,-5.822302835E1,-2.899066270E0
1.698339454E1,6.678274462E-1,-5.614389382E-1,-3.629973930E-1,-3.271477051E-1,9.620078660E1,-7.830757126E1,-5.845025082E1,-3.216091805E0
1.699341754E1,6.666169255E-1,-5.614510449E-1,-3.648163140E-1,-3.275722714E-1,9.638701722E1,-7.853273595E1,-5.867334489E1,-2.985335479E0
1.700344054E1,6.651206913E-1,-5.623767793E-1,-3.680976780E-1,-3.253473603E-1,9.661682967E1,-7.925908745E1,-5.882545986E1,-2.078163785E0
1.701346454E1,6.634997446E-1,-5.642217260E-1,-3.722149088E-1,-3.207461678E-1,9.686533485E1,-8.040345113E1,-5.885630394E1,-6.211233142E-1
1.702348754E1,6.621926970E-1,-5.663591929E-1,-3.756586961E-1,-3.156243879E-1,9.706536900E1,-8.154636879E1,-5.876309756E1,8.294701339E-1
1.703351054E1,6.618008473E-1,-5.678285901E-1,-3.773143192E-1,-3.118080435E-1,9.712527864E1,-8.223402454E1,-5.859671405E1,1.736546288E0
1.704353354E1,6.623833378E-1,-5.682513757E-1,-3.771797338E-1,-3.099583658E-1,9.703621206E1,-8.235608871E1,-5.842370800E1,1.974681092E0
1.705355654E1,6.635662418E-1,-5.677542430E-1,-3.759368759E-1,-3.098491107E-1,9.685514967E1,-8.205406697E1,-5.829380996E1,1.708419332E0
1.706357954E1,6.647387671E-1,-5.668732369E-1,-3.744319489E-1,-3.107698507E-1,9.667542512E1,-8.160129278E1,-5.822614756E1,1.235018535E0
1.707360354E1,6.655021308E-1,-5.662170000E-1,-3.732893584E-1,-3.117053422E-1,9.655828193E1,-8.125765515E1,-5.819377699E1,8.528043977E-1
1.708362654E1,6.658857304E-1,-5.659983000E-1,-3.726051043E-1,-3.121019651E-1,9.649937573E1,-8.109944575E1,-5.815984860E1,6.667776039E-1
1.709364954E1,6.662803724E-1,-5.658419878E-1,-3.721267692E-1,-3.121138716E-1,9.643874561E1,-8.099404450E1,-5.811345849E1,5.661139983E-1
1.710367254E1,6.667944796E-1,-5.654798411E-1,-3.721337866E-1,-3.116634903E-1,9.635971865E1,-8.091475965E1,-5.807622643E1,5.674859151E-1
1.711369554E1,6.671478177E-1,-5.650824806E-1,-3.733797317E-1,-3.101342552E-1,9.630537633E1,-8.102139367E1,-5.807075111E1,8.851291627E-1
1.712371854E1,6.671412007E-1,-5.647288158E-1,-3.762550424E-1,-3.073045579E-1,9.630639422E1,-8.139539587E1,-5.811586304E1,1.620050007E0
1.713374254E1,6.664796427E-1,-5.646662172E-1,-3.809703159E-1,-3.030158000E-1,9.640812019E1,-8.214072156E1,-5.821422450E1,2.865675854E0
1.714376554E1,6.652299043E-1,-5.647780539E-1,-3.870273449E-1,-2.978335921E-1,9.660006912E1,-8.316089541E1,-5.835816127E1,4.472965159E0
1.715378854E1,6.637017017E-1,-5.646498906E-1,-3.937308380E-1,-2.926544609E-1,9.683439916E1,-8.424715246E1,-5.855422451E1,6.180919634E0
1.716381154E1,6.621721505E-1,-5.639342107E-1,-4.004481448E-1,-2.883529957E-1,9.706851104E1,-8.520910286E1,-5.882115349E1,7.745571160E0
1.717383454E1,6.610485998E-1,-5.622157994E-1,-4.067475814E-1,-2.854548098E-1,9.724021184E1,-8.586605444E1,-5.917475983E1,8.977416495E0
1.718385854E1,6.601570464E-1,-5.596507370E-1,-4.126809357E-1,-2.840390761E-1,9.737629772E1,-8.626067030E1,-5.963173417E1,9.896985519E0
1.719388154E1,6.594257986E-1,-5.563510707E-1,-4.183154530E-1,-2.839777945E-1,9.748780876E1,-8.642811244E1,-6.019000019E1,1.054009125E1
1.720390454E1,6.589986192E-1,-5.523108264E-1,-4.235497176E-1,-2.850953393E-1,9.755290710E1,-8.633986943E1,-6.082793614E1,1.089230841E1
1.721392754E1,6.589089096E-1,-5.475814390E-1,-4.285481705E-1,-2.869497374E-1,9.756657393E1,-8.603116068E1,-6.152258304E1,1.102478634E1
1.722395054E1,6.588538659E-1,-5.424137665E-1,-4.338908367E-1,-2.888557865E-1,9.757495888E1,-8.568062587E1,-6.226383237E1,1.115888666E1
1.723397354E1,6.582260042E-1,-5.372346722E-1,-4.402777754E-1,-2.902980095E-1,9.767056455E1,-8.555983291E1,-6.306498571E1,1.157641923E1
1.724399754E1,6.564565531E-1,-5.323605841E-1,-4.483036048E-1,-2.909998810E-1,9.793962798E1,-8.592163554E1,-6.395081654E1,1.252845721E1
1.725402054E1,6.535670284E-1,-5.275821008E-1,-4.580000352E-1,-2.911070393E-1,9.837783288E1,-8.678127134E1,-6.493573197E1,1.403663534E1
1.726404354E1,6.496540939E-1,-5.225915083E-1,-4.691080742E-1,-2.911793844E-1,9.896894578E1,-8.807051337E1,-6.604317729E1,1.600733256E1
1.727406654E1,6.445374560E-1,-5.172041256E-1,-4.817079628E-1,-2.915969016E-1,9.973799128E1,-8.986415731E1,-6.730739519E1,1.849694052E1
1.728408954E1,6.379356579E-1,-5.112180936E-1,-4.960458986E-1,-2.926306795E-1,1.007238832E2,-9.234334472E1,-6.876250170E1,2.167974849E1
1.729411254E1,6.297630995E-1,-5.043838564E-1,-5.117889681E-1,-2.950721095E-1,1.019347068E2,-9.559762770E1,-7.043647796E1,2.558868350E1
1.730413654E1,6.204604049E-1,-4.963527362E-1,-5.279150649E-1,-2.999475305E-1,1.033004730E2,-9.950837619E1,-7.233751481E1,3.003237251E1
1.731415954E1,6.107395294E-1,-4.870889340E-1,-5.430341602E-1,-3.079861567E-1,1.047140100E2,-1.038631889E2,-7.443745393E1,3.472108832E1
1.732418254E1,6.014957350E-1,-4.767332320E-1,-5.560324695E-1,-3.189925323E-1,1.060458059E2,-1.084282299E2,-7.666818952E1,3.941621463E1
1.733420554E1,5.931597101E-1,-4.656345997E-1,-5.666398382E-1,-3.320621541E-1,1.072368942E2,-1.132901055E2,-7.894844661E1,4.425061589E1
1.734422854E1,5.855623613E-1,-4.543781880E-1,-5.751562833E-1,-3.461970691E-1,1.083145436E2,-1.191004969E2,-8.118508997E1,4.991059239E1
1.735425254E1,5.780727399E-1,-4.438033066E-1,-5.820798989E-1,-3.606294566E-1,1.093697934E2,-1.274951707E2,-8.324886799E1,5.802143367E1
1.736427554E1,5.698788446E-1,-4.346111105E-1,-5.879987178E-1,-3.749783090E-1,1.105164447E2,-1.418630658E2,-8.494822820E1,7.194046611E1
1.737429854E1,5.600300955E-1,-4.272472184E-1,-5.937874136E-1,-3.888992867E-1,1.118842419E2,-1.666306322E2,-8.585944100E1,9.608371704E1
1.738432154E1,5.478786954E-1,-4.218298100E-1,-6.002804939E-1,-4.019353490E-1,1.135567920E2,1.651312537E2,-8.545717472E1,1.235525586E2
1.739434454E1,5.333699115E-1,-4.191161747E-1,-6.074908608E-1,-4.132952576E-1,1.155331396E2,1.483745777E2,-8.397279322E1,1.393938237E2
1.740436754E1,5.166384029E-1,-4.205020895E-1,-6.144695781E-1,-4.227173226E-1,1.177859377E2,1.419990339E2,-8.206453494E1,1.445933355E2
1.741439154E1,4.977141677E-1,-4.264450585E-1,-6.207401757E-1,-4.302405824E-1,1.203022291E2,1.407824397E2,-8.001404845E1,1.443166264E2
1.742441454E1,4.777488459E-1,-4.358527514E-1,-6.259077903E-1,-4.359218314E-1,1.229230429E2,1.416681968E2,-7.797283286E1,1.417216258E2
1.743443800E1,4.590286166E-1,-4.472467410E-1,-6.290134124E-1,-4.400060619E-1,1.253511127E2,1.432433112E2,-7.618045827E1,1.383651155E2
1.744446100E1,4.443743118E-1,-4.596486514E-1,-6.283848027E-1,-4.431557943E-1,1.272333713E2,1.450386858E2,-7.498721625E1,1.347952162E2
1.745448400E1,4.362691623E-1,-4.718981745E-1,-6.224068149E-1,-4.467562044E-1,1.282678396E2,1.467430476E2,-7.473548850E1,1.313580590E2
1.746450800E1,4.359480744E-1,-4.823784520E-1,-6.106113871E-1,-4.521217642E-1,1.283087266E2,1.480652496E2,-7.559865211E1,1.284097721E2
1.747453100E1,4.426701668E-1,-4.903049045E-1,-5.941189249E-1,-4.589846126E-1,1.274512544E2,1.492069244E2,-7.744354257E1,1.258382922E2
1.748455400E1,4.545291744E-1,-4.965979874E-1,-5.744819812E-1,-4.655793498E-1,1.259307108E2,1.514209375E2,-7.994781224E1,1.224238644E2
1.749457700E1,4.694000938E-1,-5.023391863E-1,-5.535137159E-1,-4.700441400E-1,1.240092753E2,1.574547672E2,-8.269437446E1,1.154466394E2
1.750460000E1,4.857523718E-1,-5.083037899E-1,-5.327633236E-1,-4.709939020E-1,1.218764449E2,1.745616151E2,-8.513552588E1,9.768767259E1
1.751462300E1,5.026253173E-1,-5.152337204E-1,-5.128833523E-1,-4.678168278E-1,1.196523157E2,-1.462766024E2,-8.606815747E1,5.813747169E1
1.752464700E1,5.194244966E-1,-5.235217380E-1,-4.935863251E-1,-4.609725655E-1,1.174126884E2,-1.117372662E2,-8.451423137E1,2.337307697E1
1.753467000E1,5.357447152E-1,-5.330293308E-1,-4.740649783E-1,-4.517959849E-1,1.152111395E2,-9.707324602E1,-8.172816719E1,8.508560057E0
1.754469300E1,5.513849813E-1,-5.431962701E-1,-4.539433747E-1,-4.414157298E-1,1.130758391E2,-9.065121609E1,-7.856373560E1,1.844127704E0
1.755471600E1,5.661856374E-1,-5.532587301E-1,-4.335485305E-1,-4.305510835E-1,1.110306707E2,-8.731310795E1,-7.531862581E1,-1.766935255E0
1.756473900E1,5.798507626E-1,-5.625393345E-1,-4.134660261E-1,-4.199624254E-1,1.091199065E2,-8.528001939E1,-7.217350835E1,-4.092748234E0
1.757476300E1,5.918555074E-1,-5.707846331E-1,-3.940615064E-1,-4.106429406E-1,1.074224170E2,-8.386424715E1,-6.926570806E1,-5.874281591E0
1.758478600E1,6.017382691E-1,-5.781600471E-1,-3.756487600E-1,-4.031501582E-1,1.060110126E2,-8.285726735E1,-6.667230767E1,-7.372257841E0
1.759480900E1,6.093317087E-1,-5.850834888E-1,-3.588856307E-1,-3.969801019E-1,1.049176063E2,-8.231599864E1,-6.440812562E1,-8.497531608E0
1.760483200E1,6.150289195E-1,-5.919819374E-1,-3.444133091E-1,-3.907381010E-1,1.040919567E2,-8.232309390E1,-6.240797871E1,-9.050275630E0
1.761485500E1,6.196750300E-1,-5.988960647E-1,-3.320366974E-1,-3.835075457E-1,1.034151853E2,-8.273563713E1,-6.056013258E1,-9.082634614E0
1.762487800E1,6.240814830E-1,-6.055871614E-1,-3.208630305E-1,-3.752777835E-1,1.027703951E2,-8.328702815E1,-5.876152090E1,-8.850100520E0
1.763490200E1,6.285036674E-1,-6.118012401E-1,-3.099392944E-1,-3.669060180E-1,1.021203762E2,-8.375431255E1,-5.698659073E1,-8.652005122E0
1.764492500E1,6.329104049E-1,-6.170791108E-1,-2.987041352E-1,-3.597411064E-1,1.014696503E2,-8.395311479E1,-5.529389260E1,-8.760746855E0
1.765494800E1,6.370949336E-1,-6.208429613E-1,-2.872484005E-1,-3.551792790E-1,1.008489289E2,-8.376974029E1,-5.380677198E1,-9.345705616E0
1.766497100E1,6.409736133E-1,-6.225122821E-1,-2.766018010E-1,-3.537271620E-1,1.002710845E2,-8.318925768E1,-5.265411443E1,-1.035928909E1
1.767499400E1,6.444817589E-1,-6.219573767E-1,-2.673667522E-1,-3.554255009E-1,9.974633871E1,-8.223805085E1,-5.188235997E1,-1.173534900E1
1.768501700E1,6.475761594E-1,-6.194076610E-1,-2.593581766E-1,-3.601565057E-1,9.928179403E1,-8.093971327E1,-5.145102320E1,-1.346987376E1
1.769504100E1,6.494834729E-1,-6.158441238E-1,-2.522385834E-1,-3.678082661E-1,9.899466148E1,-7.946851986E1,-5.132239197E1,-1.550800851E1
1.770506400E1,6.501741649E-1,-6.114214232E-1,-2.459547201E-1,-3.780788735E-1,9.889053110E1,-7.783123973E1,-5.145857342E1,-1.783839816E1
1.771508700E1,6.507338224E-1,-6.050737074E-1,-2.411649626E-1,-3.902188202E-1,9.880609638E1,-7.581689346E1,-5.182166679E1,-2.045497152E1
1.772511000E1,6.503867326E-1,-5.979282993E-1,-2.391694779E-1,-4.028359534E-1,9.885846760E1,-7.374774481E1,-5.245164993E1,-2.298594470E1
1.773513300E1,6.477757775E-1,-5.928602145E-1,-2.410820281E-1,-4.132588269E-1,9.925177163E1,-7.236785161E1,-5.335448895E1,-2.471406063E1
1.774515700E1,6.436976062E-1,-5.907657796E-1,-2.472160699E-1,-4.189670696E-1,9.986380689E1,-7.200468017E1,-5.441839385E1,-2.514971683E1
1.775518000E1,6.395233718E-1,-5.909095952E-1,-2.570769047E-1,-4.192219843E-1,1.004874246E2,-7.258372631E1,-5.551333221E1,-2.423126490E1
1.776520300E1,6.357118953E-1,-5.924845281E-1,-2.698846681E-1,-4.147226081E-1,1.010543911E2,-7.395671408E1,-5.657121968E1,-2.212483428E1
1.777522600E1,6.322489206E-1,-5.946571454E-1,-2.849340960E-1,-4.067637025E-1,1.015675212E2,-7.592689209E1,-5.757226321E1,-1.910110784E1
1.778524900E1,6.285408830E-1,-5.971095652E-1,-3.015782447E-1,-3.967960150E-1,1.021148932E2,-7.839251306E1,-5.853617705E1,-1.540510458E1
1.779527200E1,6.238421943E-1,-5.998600369E-1,-3.186579495E-1,-3.865823901E-1,1.028054841E2,-8.125272780E1,-5.947134297E1,-1.135727158E1
1.780529600E1,6.178438654E-1,-6.031568477E-1,-3.348994905E-1,-3.772442395E-1,1.036822950E2,-8.442477497E1,-6.033176719E1,-7.214602727E0
1.781531900E1,6.115491071E-1,-6.064934662E-1,-3.500139193E-1,-3.683255870E-1,1.045968041E2,-8.771490434E1,-6.103024731E1,-3.069565425E0
1.782534200E1,6.058676698E-1,-6.104087820E-1,-3.652755039E-1,-3.562291465E-1,1.054173908E2,-9.143984668E1,-6.134320493E1,1.706276002E0
1.783536500E1,6.017759273E-1,-6.159261416E-1,-3.793216998E-1,-3.385495972E-1,1.060056095E2,-9.548261861E1,-6.087694166E1,7.058606069E0
1.784538800E1,6.001190398E-1,-6.220560530E-1,-3.882610569E-1,-3.196196879E-1,1.062431526E2,-9.860239144E1,-5.972872995E1,1.137478932E1
1.785541200E1,6.007615475E-1,-6.269195359E-1,-3.912736399E-1,-3.048975198E-1,1.061510821E2,-1.001616163E2,-5.847550821E1,1.374724594E1
1.786543500E1,6.038290056E-1,-6.293846313E-1,-3.887311629E-1,-2.969066353E-1,1.057107500E2,-1.001210364E2,-5.747865800E1,1.407696926E1
1.787545800E1,6.098050494E-1,-6.290031391E-1,-3.812857324E-1,-2.951510084E-1,1.048491838E2,-9.860701817E1,-5.675371986E1,1.261028736E1
1.788548100E1,6.178582901E-1,-6.267442788E-1,-3.704059871E-1,-2.970558879E-1,1.036801928E2,-9.617846305E1,-5.610623514E1,1.004038172E1
1.789550400E1,6.262895775E-1,-6.240285466E-1,-3.582558515E-1,-3.000039967E-1,1.024461965E2,-9.358637692E1,-5.540298266E1,7.218378399E0
1.790552700E1,6.349989287E-1,-6.205342989E-1,-3.455641077E-1,-3.038074548E-1,1.011601900E2,-9.088742627E1,-5.467759566E1,4.268497453E0
1.791555100E1,6.443157635E-1,-6.154481753E-1,-3.322439440E-1,-3.093456982E-1,9.977121372E1,-8.788721455E1,-5.398981656E1,1.006282971E0
1.792557400E1,6.535764798E-1,-6.088645425E-1,-3.188768602E-1,-3.169213835E-1,9.837640190E1,-8.468837944E1,-5.339305682E1,-2.494988797E0
1.793559700E1,6.609745794E-1,-6.022317770E-1,-3.072392198E-1,-3.256277633E-1,9.725151566E1,-8.180443838E1,-5.297391136E1,-5.757057968E0
1.794562000E1,6.655691970E-1,-5.966223582E-1,-2.985845435E-1,-3.345244362E-1,9.654798508E1,-7.953644437E1,-5.280918837E1,-8.468119634E0
1.795564300E1,6.676860646E-1,-5.925028514E-1,-2.930917871E-1,-3.423929999E-1,9.622255122E1,-7.794810756E1,-5.285636040E1,-1.048745680E1
1.796566700E1,6.679277978E-1,-5.908041227E-1,-2.906508524E-1,-3.469077914E-1,9.618533598E1,-7.725079592E1,-5.295633863E1,-1.148829088E1
1.797569000E1,6.671338566E-1,-5.923408073E-1,-2.912163683E-1,-3.453372945E-1,9.630752395E1,-7.768299273E1,-5.290868370E1,-1.106768541E1
1.798571300E1,6.661109315E-1,-5.969607868E-1,-2.941668900E-1,-3.367492208E-1,9.646478087E1,-7.917293885E1,-5.255597801E1,-9.219755795E0
1.799573600E1,6.655158391E-1,-6.033816168E-1,-2.982850480E-1,-3.225606318E-1,9.655617733E1,-8.125741233E1,-5.183932556E1,-6.447200203E0
1.800575900E1,6.658677547E-1,-6.098956862E-1,-3.020020418E-1,-3.056831897E-1,9.650213670E1,-8.330723637E1,-5.081016083E1,-3.512136290E0
1.801578200E1,6.676522944E-1,-6.150407944E-1,-3.038031558E-1,-2.892557390E-1,9.622774933E1,-8.479026164E1,-4.959466070E1,-1.108685404E0
1.802580600E1,6.709063683E-1,-6.182136197E-1,-3.025110915E-1,-2.760136207E-1,9.572588532E1,-8.546085489E1,-4.834703206E1,3.167635534E-1
1.803582900E1,6.753822161E-1,-6.192859935E-1,-2.975977067E-1,-2.679165157E-1,9.503232297E1,-8.528507619E1,-4.720745712E1,5.654291218E-1
1.804585200E1,6.804206400E-1,-6.186219383E-1,-2.894121038E-1,-2.656601209E-1,9.424695582E1,-8.443062973E1,-4.626378342E1,-2.857515463E-1
1.805587500E1,6.854615928E-1,-6.166029673E-1,-2.790643466E-1,-2.684516542E-1,9.345616075E1,-8.312559016E1,-4.553119490E1,-1.953758042E0
1.806589800E1,6.904610520E-1,-6.134118819E-1,-2.669788853E-1,-2.751573864E-1,9.266676757E1,-8.147935593E1,-4.493034837E1,-4.247451646E0
1.807592100E1,6.955131104E-1,-6.093361025E-1,-2.534093807E-1,-2.841737774E-1,9.186376082E1,-7.961136915E1,-4.433191048E1,-6.943239647E0
1.808594500E1,7.003130464E-1,-6.050284628E-1,-2.387393904E-1,-2.941186635E-1,9.109574969E1,-7.772005041E1,-4.365266899E1,-9.792690358E0
1.809596800E1,7.046232781E-1,-6.008246097E-1,-2.232170011E-1,-3.044504998E-1,9.040176541E1,-7.591296159E1,-4.287572894E1,-1.267652803E1
1.810599100E1,7.083355304E-1,-5.966630931E-1,-2.067954299E-1,-3.154198493E-1,8.980069925E1,-7.418636271E1,-4.201767823E1,-1.562249426E1
1.811601400E1,7.112772540E-1,-5.925074770E-1,-1.898648933E-1,-3.270640542E-1,8.932213706E1,-7.255991326E1,-4.112233543E1,-1.859995196E1
1.812603700E1,7.132307183E-1,-5.885912762E-1,-1.732622382E-1,-3.388840114E-1,8.900322575E1,-7.111231736E1,-4.024671705E1,-2.147616063E1
1.813606100E1,7.144782861E-1,-5.850724147E-1,-1.583522215E-1,-3.494788651E-1,8.879908177E1,-6.991497498E1,-3.943625401E1,-2.399670875E1
1.814608400E1,7.156131110E-1,-5.819991930E-1,-1.461134932E-1,-3.575271641E-1,8.861306322E1,-6.898539029E1,-3.870292556E1,-2.596097730E1
1.815610700E1,7.172204022E-1,-5.792798151E-1,-1.369425708E-1,-3.623212206E-1,8.834906809E1,-6.828775235E1,-3.803965736E1,-2.728746960E1
1.816613000E1,7.193119185E-1,-5.769741717E-1,-1.304552857E-1,-3.642423371E-1,8.800459933E1,-6.778591903E1,-3.744451945E1,-2.806014527E1
1.817615300E1,7.216057818E-1,-5.752873495E-1,-1.259362796E-1,-3.639639361E-1,8.762556724E1,-6.747116786E1,-3.690717702E1,-2.840523241E1
1.818617600E1,7.238686461E-1,-5.741672127E-1,-1.226244645E-1,-3.623664863E-1,8.725037257E1,-6.729677954E1,-3.641616296E1,-2.848504060E1
1.819620000E1,7.258755736E-1,-5.735288144E-1,-1.201991663E-1,-3.601688021E-1,8.691653191E1,-6.722424558E1,-3.598926400E1,-2.841285230E1
1.820622300E1,7.273821127E-1,-5.734044601E-1,-1.186026226E-1,-3.578492503E-1,8.666525211E1,-6.724477248E1,-3.565643442E1,-2.824893707E1
1.821624600E1,7.284573210E-1,-5.737125746E-1,-1.179592298E-1,-3.553724907E-1,8.648555748E1,-6.734502567E1,-3.542381022E1,-2.798659860E1
1.822626900E1,7.293563554E-1,-5.742710836E-1,-1.184262801E-1,-3.524590055E-1,8.633507567E1,-6.750197766E1,-3.527938565E1,-2.759281151E1
1.823629200E1,7.301911580E-1,-5.749697940E-1,-1.198364294E-1,-3.490988480E-1,8.619515620E1,-6.769758716E1,-3.520121105E1,-2.708207898E1
1.824631500E1,7.309077387E-1,-5.756462088E-1,-1.214167255E-1,-3.459239259E-1,8.607490587E1,-6.788731228E1,-3.515206288E1,-2.658361486E1
1.825633900E1,7.315339988E-1,-5.760578992E-1,-1.223104916E-1,-3.435918987E-1,8.596970160E1,-6.801070554E1,-3.508606284E1,-2.623924639E1
1.826636200E1,7.320164327E-1,-5.760681409E-1,-1.218487307E-1,-3.427104184E-1,8.588858770E1,-6.802649310E1,-3.497644704E1,-2.616793277E1
1.827638500E1,7.324777510E-1,-5.755427594E-1,-1.200199157E-1,-3.432522793E-1,8.581096632E1,-6.791404206E1,-3.481556106E1,-2.637298504E1
1.828640800E1,7.331029784E-1,-5.742792812E-1,-1.170312405E-1,-3.450610324E-1,8.570567522E1,-6.764819868E1,-3.460493945E1,-2.683132935E1
1.829643100E1,7.339656190E-1,-5.721558808E-1,-1.132185102E-1,-3.480141146E-1,8.556023123E1,-6.721862423E1,-3.436297097E1,-2.751095300E1
1.830645500E1,7.349125323E-1,-5.693626616E-1,-1.089179090E-1,-3.519470478E-1,8.540034857E1,-6.666608266E1,-3.411538252E1,-2.836059621E1
1.831647800E1,7.357385684E-1,-5.662503065E-1,-1.045404319E-1,-3.565398320E-1,8.526067788E1,-6.605812138E1,-3.389070387E1,-2.930082154E1
1.832650100E1,7.363612038E-1,-5.630593265E-1,-1.003218696E-1,-3.614855539E-1,8.515527694E1,-6.544038793E1,-3.369844791E1,-3.027146009E1
1.833652400E1,7.368895356E-1,-5.599374883E-1,-9.649664266E-2,-3.662679779E-1,8.506575708E1,-6.484610298E1,-3.353106842E1,-3.119305952E1
1.834654700E1,7.373931694E-1,-5.570462356E-1,-9.318931624E-2,-3.704949064E-1,8.498035100E1,-6.430678600E1,-3.338072915E1,-3.200641404E1
1.835657000E1,7.378910290E-1,-5.544718639E-1,-9.039582312E-2,-3.740404468E-1,8.489585573E1,-6.383623975E1,-3.324322522E1,-3.269412245E1
1.836659400E1,7.384023335E-1,-5.522634323E-1,-8.812965029E-2,-3.768293249E-1,8.480900769E1,-6.344144923E1,-3.311822441E1,-3.324521360E1
1.837661700E1,7.390193423E-1,-5.504347227E-1,-8.653814315E-2,-3.786596993E-1,8.470410910E1,-6.312620785E1,-3.300837484E1,-3.362767643E1
1.838664000E1,7.397723800E-1,-5.489722692E-1,-8.577482157E-2,-3.794850610E-1,8.457594110E1,-6.288667533E1,-3.292639840E1,-3.382888386E1
1.839666300E1,7.406295205E-1,-5.477854561E-1,-8.591243103E-2,-3.794969886E-1,8.442986261E1,-6.270272219E1,-3.288976301E1,-3.387223611E1
1.840668600E1,7.415589428E-1,-5.468457499E-1,-8.702182038E-2,-3.787839482E-1,8.427123313E1,-6.256700161E1,-3.291105237E1,-3.376614182E1
1.841671000E1,7.425417651E-1,-5.462024205E-1,-8.900390237E-2,-3.773232648E-1,8.410322511E1,-6.248873704E1,-3.298148490E1,-3.351129367E1
1.842673300E1,7.435858058E-1,-5.458511265E-1,-9.159142384E-2,-3.751501101E-1,8.392445252E1,-6.246930520E1,-3.307691457E1,-3.312629407E1
1.843675613E1,7.446096792E-1,-5.458077784E-1,-9.447353071E-2,-3.724580645E-1,8.374883145E1,-6.250966373E1,-3.318011802E1,-3.265010915E1
1.844677913E1,7.455916375E-1,-5.460207254E-1,-9.732849501E-2,-3.694340913E-1,8.358011738E1,-6.259980576E1,-3.326909886E1,-3.212452036E1
1.845680213E1,7.465770941E-1,-5.463177132E-1,-9.999561080E-2,-3.662794208E-1,8.341052242E1,-6.270907121E1,-3.333400252E1,-3.158972702E1
1.846682513E1,7.475451229E-1,-5.466265442E-1,-1.025905290E-1,-3.631128437E-1,8.324365204E1,-6.282279888E1,-3.339146262E1,-3.105672812E1
1.847684912E1,7.485485972E-1,-5.467415629E-1,-1.051517087E-1,-3.601276246E-1,8.307038232E1,-6.290433230E1,-3.345046258E1,-3.055527284E1
1.848687213E1,7.496888381E-1,-5.464137448E-1,-1.075737195E-1,-3.575285971E-1,8.287313746E1,-6.291006673E1,-3.350506591E1,-3.012642286E1
1.849689513E1,7.509536228E-1,-5.457038865E-1,-1.096989111E-1,-3.553055615E-1,8.265389741E1,-6.284928401E1,-3.354150051E1,-2.977536687E1
1.850691813E1,7.522098097E-1,-5.448185708E-1,-1.112250275E-1,-3.535280182E-1,8.243567457E1,-6.275203218E1,-3.354188077E1,-2.951843016E1
1.851694113E1,7.533248888E-1,-5.439088100E-1,-1.119260771E-1,-3.523311741E-1,8.224156653E1,-6.263807841E1,-3.349783383E1,-2.937765400E1
1.852696412E1,7.542264942E-1,-5.430295425E-1,-1.118141350E-1,-3.517938018E-1,8.208434326E1,-6.251387443E1,-3.341746681E1,-2.935904549E1
1.853698813E1,7.549497131E-1,-5.421109941E-1,-1.111301338E-1,-3.518758407E-1,8.195804799E1,-6.236968245E1,-3.331947289E1,-2.944707987E1
1.854701113E1,7.555036280E-1,-5.411462105E-1,-1.102984501E-1,-3.524335067E-1,8.186120970E1,-6.220792770E1,-3.323661663E1,-2.960113471E1
1.855703413E1,7.558897774E-1,-5.401839980E-1,-1.098170488E-1,-3.532310936E-1,8.179364519E1,-6.204117027E1,-3.320517085E1,-2.976364319E1
1.856705713E1,7.561314896E-1,-5.393416300E-1,-1.100232522E-1,-3.539359997E-1,8.175132943E1,-6.189441807E1,-3.324148433E1,-2.987195449E1
1.857708012E1,7.562819960E-1,-5.387286884E-1,-1.110032507E-1,-3.542419437E-1,8.172497164E1,-6.179136036E1,-3.333821190E1,-2.988063616E1
1.858710413E1,7.563791023E-1,-5.383889637E-1,-1.126190977E-1,-3.540409032E-1,8.170796195E1,-6.174181600E1,-3.347608616E1,-2.978247013E1
1.859712713E1,7.565010753E-1,-5.382087227E-1,-1.145114701E-1,-3.534468855E-1,8.168659233E1,-6.172657019E1,-3.362208029E1,-2.961538779E1
1.860715013E1,7.567514276E-1,-5.379697079E-1,-1.162809634E-1,-3.526963344E-1,8.164271627E1,-6.170677657E1,-3.374319379E1,-2.943889343E1
1.861717313E1,7.570472142E-1,-5.376024614E-1,-1.175708045E-1,-3.521936068E-1,8.159085244E1,-6.166178227E1,-3.382744513E1,-2.932395785E1
1.862719612E1,7.572662303E-1,-5.371737858E-1,-1.184153852E-1,-3.520936977E-1,8.155243217E1,-6.159774685E1,-3.389101586E1,-2.928431498E1
1.863721913E1,7.573655704E-1,-5.368068764E-1,-1.191211131E-1,-3.522014672E-1,8.153500079E1,-6.153830584E1,-3.395660199E1,-2.927440840E1
1.864724313E1,7.573948414E-1,-5.365694421E-1,-1.201058110E-1,-3.521660428E-1,8.152986398E1,-6.150256626E1,-3.404598619E1,-2.922633187E1
1.865726613E1,7.573786359E-1,-5.364397141E-1,-1.216029513E-1,-3.518844386E-1,8.153270793E1,-6.149002385E1,-3.417542160E1,-2.911573020E1
1.866728913E1,7.573800479E-1,-5.362979743E-1,-1.235530017E-1,-3.514182312E-1,8.153246016E1,-6.148108235E1,-3.433863239E1,-2.895841536E1
1.867731213E1,7.574388216E-1,-5.360771037E-1,-1.256617561E-1,-3.508800792E-1,8.152214531E1,-6.146262777E1,-3.451067256E1,-2.878703814E1
1.868733513E1,7.573952629E-1,-5.358926902E-1,-1.275499981E-1,-3.505743249E-1,8.152979001E1,-6.144459636E1,-3.467717537E1,-2.865383727E1
1.869735913E1,7.572257904E-1,-5.357271584E-1,-1.290231358E-1,-3.506545304E-1,8.155952735E1,-6.141961428E1,-3.482763799E1,-2.858897337E1
1.870738213E1,7.570023278E-1,-5.354805151E-1,-1.299149631E-1,-3.511839791E-1,8.159872466E1,-6.136952162E1,-3.494544542E1,-2.861414427E1
1.871740513E1,7.568164602E-1,-5.350206297E-1,-1.301320826E-1,-3.522035113E-1,8.163131565E1,-6.127197841E1,-3.501875144E1,-2.874581273E1
1.872742813E1,7.566715593E-1,-5.342810368E-1,-1.298915084E-1,-3.537233267E-1,8.165671588E1,-6.111674337E1,-3.506782713E1,-2.897633411E1
1.873745113E1,7.565735047E-1,-5.332638437E-1,-1.295127558E-1,-3.556018328E-1,8.167390056E1,-6.090847477E1,-3.511581363E1,-2.927096641E1
1.874747413E1,7.565180816E-1,-5.320638808E-1,-1.290468224E-1,-3.576805575E-1,8.168361248E1,-6.066627144E1,-3.516060404E1,-2.960351030E1
1.875749813E1,7.563371452E-1,-5.309377802E-1,-1.284840144E-1,-3.599319157E-1,8.171531176E1,-6.043101374E1,-3.520876888E1,-2.995931125E1
1.876752113E1,7.559723642E-1,-5.300235097E-1,-1.279533224E-1,-3.622277810E-1,8.177918903E1,-6.022758332E1,-3.527046418E1,-3.030956100E1
1.877754413E1,7.554722497E-1,-5.293553136E-1,-1.276120593E-1,-3.643622660E-1,8.186669794E1,-6.006653494E1,-3.534995248E1,-3.061923647E1
1.878756713E1,7.549834938E-1,-5.289327071E-1,-1.277658532E-1,-3.659319200E-1,8.195214498E1,-5.995823225E1,-3.545257833E1,-3.082276761E1
1.879759013E1,7.544941899E-1,-5.288210180E-1,-1.285955982E-1,-3.668104921E-1,8.203761438E1,-5.991617511E1,-3.559157900E1,-3.089178579E1
1.880761313E1,7.538566345E-1,-5.291329468E-1,-1.301262031E-1,-3.671316090E-1,8.214886987E1,-5.995497796E1,-3.578291960E1,-3.083555816E1
1.881763713E1,7.531250495E-1,-5.297260162E-1,-1.322068877E-1,-3.670346712E-1,8.227638134E1,-6.004987615E1,-3.601466238E1,-3.068501177E1
1.882766013E1,7.524147066E-1,-5.303834649E-1,-1.344796986E-1,-3.667162939E-1,8.240003520E1,-6.016257616E1,-3.625425406E1,-3.049295234E1
1.883768313E1,7.517485967E-1,-5.309804328E-1,-1.364915363E-1,-3.664750664E-1,8.251585081E1,-6.026507507E1,-3.646964474E1,-3.032629610E1
1.884770613E1,7.511303656E-1,-5.314217525E-1,-1.379435374E-1,-3.665592126E-1,8.262322252E1,-6.033434780E1,-3.664264460E1,-3.023679435E1
1.885772913E1,7.506095992E-1,-5.316567212E-1,-1.387861793E-1,-3.669671941E-1,8.271357825E1,-6.036139620E1,-3.676609282E1,-3.023003247E1
1.886775313E1,7.501973398E-1,-5.317018815E-1,-1.391356399E-1,-3.676115984E-1,8.278505007E1,-6.035090846E1,-3.684683463E1,-3.028849175E1
1.887777613E1,7.498194511E-1,-5.316150169E-1,-1.392922155E-1,-3.684478761E-1,8.285051878E1,-6.031363012E1,-3.691523728E1,-3.038774570E1
1.888779913E1,7.495358871E-1,-5.312870301E-1,-1.398336760E-1,-3.692919932E-1,8.289961803E1,-6.023825294E1,-3.701476497E1,-3.047936015E1
1.889782213E1,7.494248723E-1,-5.305879825E-1,-1.408564115E-1,-3.701329071E-1,8.291883381E1,-6.010443491E1,-3.714963770E1,-3.056351662E1
1.890784513E1,7.494192879E-1,-5.296716257E-1,-1.420468492E-1,-3.710005632E-1,8.291980034E1,-5.993516235E1,-3.729523481E1,-3.065348142E1
1.891786813E1,7.492435355E-1,-5.288861138E-1,-1.436440672E-1,-3.718601903E-1,8.295021394E1,-5.978714624E1,-3.748777640E1,-3.071492831E1
1.892789213E1,7.486178445E-1,-5.283240434E-1,-1.454739991E-1,-3.732054967E-1,8.305841451E1,-5.966027370E1,-3.774554056E1,-3.081437658E1
1.893791513E1,7.475900514E-1,-5.277612987E-1,-1.463565541E-1,-3.757086823E-1,8.323590055E1,-5.949615912E1,-3.798087531E1,-3.111099636E1
1.894793813E1,7.466280918E-1,-5.269032732E-1,-1.449904483E-1,-3.793379474E-1,8.340173816E1,-5.924704573E1,-3.804329089E1,-3.168495823E1
1.895796113E1,7.460784547E-1,-5.256594986E-1,-1.412799451E-1,-3.835219072E-1,8.349637234E1,-5.892139807E1,-3.788043502E1,-3.247050958E1
1.896798413E1,7.459040089E-1,-5.240519124E-1,-1.362042212E-1,-3.878728528E-1,8.352638937E1,-5.854277018E1,-3.756937338E1,-3.336156139E1
1.897800813E1,7.460049295E-1,-5.222047425E-1,-1.311799797E-1,-3.918809128E-1,8.350902495E1,-5.814793010E1,-3.722927114E1,-3.421235725E1
1.898803113E1,7.461331929E-1,-5.206698807E-1,-1.277017689E-1,-3.948169781E-1,8.348695167E1,-5.783630756E1,-3.699201207E1,-3.483068270E1
1.899805413E1,7.459588104E-1,-5.201093487E-1,-1.267865290E-1,-3.961779631E-1,8.351696059E1,-5.771276709E1,-3.696067816E1,-3.507565207E1
1.900807713E1,7.453852866E-1,-5.207415093E-1,-1.285325887E-1,-3.958641271E-1,8.361559439E1,-5.781017268E1,-3.714961079E1,-3.492127802E1
1.901810013E1,7.444944813E-1,-5.224517441E-1,-1.321653520E-1,-3.940867840E-1,8.376860588E1,-5.811366796E1,-3.748656664E1,-3.443429114E1
1.902812313E1,7.434056702E-1,-5.249476594E-1,-1.366592386E-1,-3.912826593E-1,8.395531952E1,-5.857709427E1,-3.787873822E1,-3.372969412E1
1.903814713E1,7.424634774E-1,-5.275302497E-1,-1.411116317E-1,-3.880042667E-1,8.411661798E1,-5.908036299E1,-3.823646679E1,-3.295502718E1
1.904817013E1,7.419150204E-1,-5.296514795E-1,-1.447838655E-1,-3.847972709E-1,8.421039513E1,-5.951828307E1,-3.849538052E1,-3.224705211E1
1.905819313E1,7.416196764E-1,-5.312046330E-1,-1.470672553E-1,-3.823521425E-1,8.426085896E1,-5.984628523E1,-3.863452439E1,-3.173491134E1
1.906821613E1,7.414110916E-1,-5.321210319E-1,-1.479170622E-1,-3.811525168E-1,8.429648390E1,-6.003283896E1,-3.868022353E1,-3.148927209E1
1.907823913E1,7.412759267E-1,-5.324246578E-1,-1.478272895E-1,-3.810262870E-1,8.431956268E1,-6.008566798E1,-3.867464282E1,-3.146206148E1
1.908826313E1,7.411982501E-1,-5.323733230E-1,-1.473920390E-1,-3.814174519E-1,8.433282328E1,-6.006447924E1,-3.865330374E1,-3.153759816E1
1.909828613E1,7.409489514E-1,-5.323736601E-1,-1.468335089E-1,-3.821162045E-1,8.437537094E1,-6.004201828E1,-3.864179168E1,-3.165595335E1
1.910830913E1,7.404993921E-1,-5.325320480E-1,-1.462449282E-1,-3.829917842E-1,8.445205299E1,-6.003968554E1,-3.864545118E1,-3.179001560E1
1.911833213E1,7.400483365E-1,-5.327446367E-1,-1.456882105E-1,-3.837793402E-1,8.452893348E1,-6.004895721E1,-3.864882923E1,-3.190838527E1
1.912835513E1,7.395416260E-1,-5.332174822E-1,-1.452081157E-1,-3.842809087E-1,8.461523246E1,-6.010928687E1,-3.865176993E1,-3.197271827E1
1.913837813E1,7.389612850E-1,-5.340379760E-1,-1.448051286E-1,-3.844101099E-1,8.471398399E1,-6.023748163E1,-3.865209807E1,-3.196743688E1
1.914840213E1,7.384864586E-1,-5.348011711E-1,-1.441862021E-1,-3.844941507E-1,8.479471165E1,-6.035758833E1,-3.862459076E1,-3.197101122E1
1.915842513E1,7.381946233E-1,-5.352853962E-1,-1.433511045E-1,-3.846930944E-1,8.484429717E1,-6.042881322E1,-3.857094623E1,-3.201545912E1
1.916844813E1,7.379456302E-1,-5.356584801E-1,-1.426965639E-1,-3.848947987E-1,8.488658483E1,-6.048225453E1,-3.853180275E1,-3.205647002E1
1.917847113E1,7.377015052E-1,-5.361319789E-1,-1.428432139E-1,-3.846490088E-1,8.492802918E1,-6.056653795E1,-3.854994303E1,-3.199267718E1
1.918849413E1,7.373078641E-1,-5.369582468E-1,-1.439620231E-1,-3.838332039E-1,8.499482192E1,-6.072698663E1,-3.864501929E1,-3.178575729E1
1.919851713E1,7.367028040E-1,-5.380951580E-1,-1.458189289E-1,-3.827000437E-1,8.509740535E1,-6.095028839E1,-3.880769760E1,-3.148141966E1
1.920854113E1,7.358361594E-1,-5.394180001E-1,-1.478860422E-1,-3.817107939E-1,8.524416444E1,-6.120245405E1,-3.900905041E1,-3.117218758E1
1.921856413E1,7.349131856E-1,-5.407961388E-1,-1.499062881E-1,-3.807494665E-1,8.540023818E1,-6.146537146E1,-3.920906472E1,-3.086411742E1
1.922858713E1,7.342103447E-1,-5.418790810E-1,-1.515064565E-1,-3.799318176E-1,8.551893336E1,-6.167586091E1,-3.936285566E1,-3.061210362E1
1.923861013E1,7.338160188E-1,-5.424652172E-1,-1.522454593E-1,-3.795615997E-1,8.558546860E1,-6.178763098E1,-3.943765689E1,-3.049146602E1
1.924863313E1,7.336145569E-1,-5.425622604E-1,-1.517167903E-1,-3.800235291E-1,8.561944549E1,-6.178687487E1,-3.941821496E1,-3.057409560E1
1.925865713E1,7.335628743E-1,-5.421297283E-1,-1.500330448E-1,-3.814066307E-1,8.562816009E1,-6.166541265E1,-3.932075055E1,-3.086683388E1
1.926868013E1,7.335564890E-1,-5.412767393E-1,-1.476794172E-1,-3.835430333E-1,8.562923671E1,-6.145067077E1,-3.918809239E1,-3.131413473E1
1.927870313E1,7.335513155E-1,-5.401761587E-1,-1.454230857E-1,-3.859590909E-1,8.563010901E1,-6.118971321E1,-3.907391189E1,-3.180347135E1
1.928872613E1,7.334066254E-1,-5.390421345E-1,-1.439070003E-1,-3.883799637E-1,8.565450208E1,-6.092695778E1,-3.903470637E1,-3.225385061E1
1.929874913E1,7.329555909E-1,-5.380431278E-1,-1.431547212E-1,-3.908865843E-1,8.573050533E1,-6.068550432E1,-3.908552926E1,-3.266672726E1
1.930877213E1,7.322101185E-1,-5.371922461E-1,-1.427748728E-1,-3.935835401E-1,8.585600502E1,-6.046228587E1,-3.919357991E1,-3.307699235E1
1.931879613E1,7.313133389E-1,-5.365356614E-1,-1.426742050E-1,-3.961747073E-1,8.600678165E1,-6.027335107E1,-3.933124800E1,-3.344989456E1
1.932881913E1,7.303760984E-1,-5.361430003E-1,-1.428823051E-1,-3.983541840E-1,8.616413404E1,-6.013957340E1,-3.948418846E1,-3.374079594E1
1.933884213E1,7.296515519E-1,-5.358022009E-1,-1.433707449E-1,-3.999617070E-1,8.628561925E1,-6.003179283E1,-3.962960993E1,-3.394145887E1
1.934886513E1,7.291933525E-1,-5.352821088E-1,-1.440502364E-1,-4.012475862E-1,8.636237498E1,-5.990451768E1,-3.976514874E1,-3.410100910E1
1.935888813E1,7.288651339E-1,-5.345674879E-1,-1.451099978E-1,-4.024130098E-1,8.641732318E1,-5.974857382E1,-3.992356181E1,-3.423659151E1
1.936891112E1,7.284925347E-1,-5.338136494E-1,-1.466935392E-1,-4.035129793E-1,8.647966731E1,-5.958732304E1,-4.013057816E1,-3.433983028E1
1.937893513E1,7.279499677E-1,-5.332976033E-1,-1.489998569E-1,-4.043284892E-1,8.657038638E1,-5.947352912E1,-4.040480101E1,-3.435678369E1
1.938895813E1,7.269685362E-1,-5.332799017E-1,-1.520561778E-1,-4.049794052E-1,8.673429174E1,-5.944719852E1,-4.076929763E1,-3.428661671E1
1.939898113E1,7.254281743E-1,-5.337650962E-1,-1.559108443E-1,-4.056361163E-1,8.699104291E1,-5.950570376E1,-4.124140623E1,-3.414731378E1
1.940900413E1,7.234165157E-1,-5.346135755E-1,-1.606530602E-1,-4.062603849E-1,8.732544096E1,-5.963090885E1,-4.182231711E1,-3.393479557E1
1.941902712E1,7.211973999E-1,-5.356039000E-1,-1.663005693E-1,-4.066285797E-1,8.769314265E1,-5.979841877E1,-4.248947665E1,-3.362843823E1
1.942905113E1,7.189713087E-1,-5.365037141E-1,-1.725083575E-1,-4.067984105E-1,8.806077008E1,-5.997017654E1,-4.320060752E1,-3.326554872E1
1.943907400E1,7.166733572E-1,-5.372306208E-1,-1.788103650E-1,-4.071723584E-1,8.843898954E1,-6.011653639E1,-4.393072827E1,-3.292951876E1
1.944909700E1,7.140814946E-1,-5.378386629E-1,-1.848609350E-1,-4.082202133E-1,8.886405041E1,-6.022502786E1,-4.467824570E1,-3.270071431E1
1.945912000E1,7.112005151E-1,-5.384530375E-1,-1.906389729E-1,-4.097790461E-1,8.933464666E1,-6.032068722E1,-4.543530877E1,-3.255221314E1
1.946914300E1,7.081791761E-1,-5.391629590E-1,-1.961081165E-1,-4.114937485E-1,8.982607891E1,-6.043149454E1,-4.617711726E1,-3.243243250E1
1.947916600E1,7.050892537E-1,-5.399457945E-1,-2.014943995E-1,-4.131679583E-1,9.032648966E1,-6.056360316E1,-4.691320020E1,-3.230291701E1
1.948919000E1,7.017768170E-1,-5.407595975E-1,-2.070791625E-1,-4.149776913E-1,9.086053465E1,-6.070601588E1,-4.768484462E1,-3.217453188E1
1.949921300E1,6.981651798E-1,-5.414344528E-1,-2.127701671E-1,-4.173043554E-1,9.144003829E1,-6.080942531E1,-4.850238952E1,-3.211978539E1
1.950923600E1,6.943518699E-1,-5.416826135E-1,-2.181074755E-1,-4.205764155E-1,9.204881581E1,-6.078921063E1,-4.933429586E1,-3.225405905E1
1.951925900E1,6.905758494E-1,-5.413328052E-1,-2.229156617E-1,-4.247025919E-1,9.264858072E1,-6.060472519E1,-5.014701412E1,-3.259793861E1
1.952928200E1,6.870177177E-1,-5.403904227E-1,-2.270311961E-1,-4.294668822E-1,9.321100691E1,-6.025458836E1,-5.090564032E1,-3.313906779E1
1.953930600E1,6.837134996E-1,-5.389885869E-1,-2.303041834E-1,-4.347265455E-1,9.373097003E1,-5.976142615E1,-5.158671856E1,-3.386120134E1
1.954932900E1,6.805044069E-1,-5.373628355E-1,-2.328000987E-1,-4.404077194E-1,9.423385647E1,-5.917174680E1,-5.220050999E1,-3.473311289E1
1.955935200E1,6.774451463E-1,-5.355459375E-1,-2.352034279E-1,-4.460247879E-1,9.471136217E1,-5.852734310E1,-5.278848261E1,-3.564031088E1
1.956937500E1,6.742211126E-1,-5.338545950E-1,-2.383307978E-1,-4.512465823E-1,9.521261141E1,-5.792057945E1,-5.343441291E1,-3.645822742E1
1.957939800E1,6.705354760E-1,-5.324956963E-1,-2.427493048E-1,-4.559641423E-1,9.578318688E1,-5.740669104E1,-5.420765139E1,-3.712070363E1
1.958942100E1,6.663145008E-1,-5.312001865E-1,-2.481135028E-1,-4.607503911E-1,9.643350101E1,-5.689085141E1,-5.509927507E1,-3.776641297E1
1.959944500E1,6.616583804E-1,-5.298303718E-1,-2.540390547E-1,-4.657813655E-1,9.714705345E1,-5.632407057E1,-5.607248727E1,-3.846438472E1
1.960946800E1,6.567247757E-1,-5.285448613E-1,-2.601908403E-1,-4.708009498E-1,9.789887735E1,-5.574838418E1,-5.707959707E1,-3.917785291E1
1.961949100E1,6.518542490E-1,-5.272814674E-1,-2.661042960E-1,-4.756561351E-1,9.863689876E1,-5.515573104E1,-5.805233301E1,-3.991040756E1
1.962951400E1,6.473090538E-1,-5.258207524E-1,-2.714557551E-1,-4.804325478E-1,9.932195606E1,-5.448792838E1,-5.894520423E1,-4.071648542E1
1.963953700E1,6.430986363E-1,-5.240410596E-1,-2.762400125E-1,-4.852798042E-1,9.995346602E1,-5.370254293E1,-5.975872800E1,-4.163987494E1
1.964956100E1,6.389086706E-1,-5.221475703E-1,-2.808723726E-1,-4.901716835E-1,1.005790203E2,-5.284558110E1,-6.055028090E1,-4.263859684E1
1.965958400E1,6.344183348E-1,-5.202915179E-1,-2.855370067E-1,-4.952562899E-1,1.012462864E2,-5.193191501E1,-6.136078260E1,-4.372305761E1
1.966960700E1,6.295449000E-1,-5.183842255E-1,-2.901342795E-1,-5.007724642E-1,1.019668919E2,-5.090751384E1,-6.218885077E1,-4.496677262E1
1.967963000E1,6.246078866E-1,-5.161481561E-1,-2.945585291E-1,-5.066472449E-1,1.026931737E2,-4.970346839E1,-6.299630482E1,-4.640570772E1
1.968965300E1,6.197882733E-1,-5.136058792E-1,-2.987092982E-1,-5.126834691E-1,1.033986506E2,-4.833704031E1,-6.375450675E1,-4.800783738E1
1.969967600E1,6.152091921E-1,-5.107774358E-1,-3.027134701E-1,-5.186410895E-1,1.040657557E2,-4.683542464E1,-6.446000523E1,-4.971840218E1
1.970970000E1,6.109656735E-1,-5.076058117E-1,-3.068010295E-1,-5.243380842E-1,1.046812795E2,-4.520277700E1,-6.512176839E1,-5.150017768E1
1.971972300E1,6.068930789E-1,-5.043418544E-1,-3.112365006E-1,-5.295770508E-1,1.052696204E2,-4.351607278E1,-6.577627537E1,-5.327316481E1
1.972974600E1,6.026975998E-1,-5.014176007E-1,-3.162192064E-1,-5.341735993E-1,1.058733114E2,-4.189333766E1,-6.647086660E1,-5.493910553E1
1.973976900E1,5.983465620E-1,-4.990695049E-1,-3.217381782E-1,-5.379548960E-1,1.064968591E2,-4.041726138E1,-6.721663655E1,-5.642157225E1
1.974979200E1,5.940035479E-1,-4.972210232E-1,-3.275273903E-1,-5.409776179E-1,1.071167403E2,-3.908192582E1,-6.798347186E1,-5.773194535E1
1.975981500E1,5.897764139E-1,-4.957414265E-1,-3.331747203E-1,-5.435059810E-1,1.077177131E2,-3.784733609E1,-6.872885436E1,-5.893636382E1
1.976983900E1,5.856987788E-1,-4.944452844E-1,-3.384209492E-1,-5.458499477E-1,1.082952582E2,-3.664102558E1,-6.942473460E1,-6.012805966E1
1.977986200E1,5.817762269E-1,-4.930589271E-1,-3.431605941E-1,-5.483339433E-1,1.088488596E2,-3.534693440E1,-7.005277280E1,-6.143184009E1
1.978988500E1,5.780663981E-1,-4.912370558E-1,-3.473331638E-1,-5.512577334E-1,1.093706840E2,-3.382404392E1,-7.058914542E1,-6.298644997E1
1.979990800E1,5.745724125E-1,-4.888767901E-1,-3.509896979E-1,-5.546820081E-1,1.098606130E2,-3.202895898E1,-7.102848448E1,-6.482953845E1
1.980993100E1,5.712044921E-1,-4.862082044E-1,-3.543551396E-1,-5.583541445E-1,1.103314771E2,-3.005434818E1,-7.140050605E1,-6.685898547E1
1.981995500E1,5.679619733E-1,-4.835059593E-1,-3.576385055E-1,-5.619039138E-1,1.107835402E2,-2.803558750E1,-7.173514931E1,-6.892142131E1
1.982997800E1,5.648900820E-1,-4.809266880E-1,-3.608355652E-1,-5.651604926E-1,1.112106825E2,-2.606219917E1,-7.203895442E1,-7.092391486E1
1.984000100E1,5.617935555E-1,-4.788333226E-1,-3.640378986E-1,-5.679639299E-1,1.116401499E2,-2.424749944E1,-7.235415112E1,-7.277070249E1
1.985002400E1,5.584654043E-1,-4.775362902E-1,-3.674719448E-1,-5.701225904E-1,1.121005270E2,-2.266691276E1,-7.273633452E1,-7.439155780E1
1.986004700E1,5.548883558E-1,-4.770089488E-1,-3.712740120E-1,-5.715915378E-1,1.125939493E2,-2.129417539E1,-7.320402693E1,-7.580155615E1
1.987007000E1,5.511006824E-1,-4.770811990E-1,-3.752277973E-1,-5.726131135E-1,1.131148856E2,-2.006217916E1,-7.372803167E1,-7.708268676E1
1.988009400E1,5.471517650E-1,-4.776116593E-1,-3.791037901E-1,-5.734041361E-1,1.136563385E2,-1.892595084E1,-7.427712149E1,-7.829486344E1
1.989011700E1,5.432286837E-1,-4.781911521E-1,-3.826509795E-1,-5.742943302E-1,1.141925980E2,-1.776181188E1,-7.479178903E1,-7.956148881E1
1.990014000E1,5.395450505E-1,-4.785053674E-1,-3.858403474E-1,-5.753702536E-1,1.146946523E2,-1.649514942E1,-7.523786838E1,-8.093349945E1
1.991016300E1,5.361612249E-1,-4.786448893E-1,-3.886484918E-1,-5.765262811E-1,1.151546057E2,-1.520082378E1,-7.561753341E1,-8.233298046E1
1.992018600E1,5.329581342E-1,-4.789074984E-1,-3.910318619E-1,-5.776652720E-1,1.155889144E2,-1.399808460E1,-7.595458960E1,-8.366142814E1
1.993021000E1,5.301163144E-1,-4.790421101E-1,-3.928032992E-1,-5.789653601E-1,1.159733719E2,-1.285766458E1,-7.620628749E1,-8.494473328E1
1.994023300E1,5.277170524E-1,-4.787211882E-1,-3.937910685E-1,-5.807489409E-1,1.162973307E2,-1.168289327E1,-7.632543682E1,-8.628478493E1
1.995025600E1,5.255844614E-1,-4.780480477E-1,-3.943328794E-1,-5.828659376E-1,1.165848055E2,-1.046051703E1,-7.635750054E1,-8.768246188E1
1.996027900E1,5.236582556E-1,-4.771450910E-1,-3.946813522E-1,-5.850993940E-1,1.168440770E2,-9.226187693E0,-7.633919371E1,-8.908519913E1
1.997030200E1,5.219112924E-1,-4.760428324E-1,-3.948906877E-1,-5.874123050E-1,1.170789105E2,-7.991734631E0,-7.627909765E1,-9.047919424E1
1.998032500E1,5.202721909E-1,-4.749476544E-1,-3.950493627E-1,-5.896418838E-1,1.172989774E2,-6.824218520E0,-7.620724976E1,-9.179866461E1
1.999034900E1,5.185695030E-1,-4.743081050E-1,-3.953202958E-1,-5.914721081E-1,1.175273092E2,-5.837356193E0,-7.618747871E1,-9.293747643E1
2.000037200E1,5.166168659E-1,-4.743051126E-1,-3.958393342E-1,-5.928346894E-1,1.177888202E2,-5.006154143E0,-7.625519111E1,-9.392977483E1
2.001039500E1,5.145773931E-1,-4.744763605E-1,-3.964768844E-1,-5.940442065E-1,1.180615769E2,-4.194315084E0,-7.635012598E1,-9.490181472E1
2.002041800E1,5.125028198E-1,-4.744548313E-1,-3.970309811E-1,-5.954828681E-1,1.183386288E2,-3.286938051E0,-7.641400354E1,-9.597858787E1
2.003044100E1,5.104334359E-1,-4.740982874E-1,-3.974531898E-1,-5.972600900E-1,1.186145900E2,-2.252664790E0,-7.642579532E1,-9.719039399E1
2.004046500E1,5.083453414E-1,-4.736791924E-1,-3.977664963E-1,-5.991617268E-1,1.188926470E2,-1.203299602E0,-7.641593893E1,-9.842840783E1
2.005048800E1,5.061759377E-1,-4.736633899E-1,-3.979814847E-1,-6.008656607E-1,1.191811102E2,-3.047192798E-1,-7.643719249E1,-9.953770156E1
2.006051100E1,5.041168482E-1,-4.741052232E-1,-3.978795236E-1,-6.023140424E-1,1.194545114E2,3.155914651E-1,-7.647697029E1,-1.003922351E2
2.007053400E1,5.023500628E-1,-4.746244592E-1,-3.971542738E-1,-6.038581238E-1,1.196887978E2,6.841899782E-1,-7.646634272E1,-1.010248798E2
2.008055700E1,5.008889633E-1,-4.748496551E-1,-3.958881350E-1,-6.057234116E-1,1.198823384E2,9.492913242E-1,-7.637227452E1,-1.015701836E2
2.009058000E1,4.996898486E-1,-4.745925304E-1,-3.944131929E-1,-6.078734436E-1,1.200410347E2,1.251575500E0,-7.620448016E1,-1.021390124E2
2.010060400E1,4.988287463E-1,-4.737662704E-1,-3.927608810E-1,-6.102902703E-1,1.201549186E2,1.591564214E0,-7.595625232E1,-1.027199088E2
2.011062700E1,4.983154662E-1,-4.726301678E-1,-3.908281872E-1,-6.128259248E-1,1.202227708E2,1.845200972E0,-7.564807786E1,-1.032004188E2
2.012065000E1,4.980480971E-1,-4.717786355E-1,-3.886032525E-1,-6.151101892E-1,1.202581061E2,1.841972340E0,-7.534752688E1,-1.034289062E2
2.013067300E1,4.981577053E-1,-4.713638157E-1,-3.860909736E-1,-6.169187684E-1,1.202436211E2,1.500807605E0,-7.507299003E1,-1.033118698E2
2.014069600E1,4.985848109E-1,-4.711558105E-1,-3.834338361E-1,-6.183881023E-1,1.201871681E2,9.621059597E-1,-7.481013733E1,-1.029796713E2
2.015072000E1,4.990174641E-1,-4.707432244E-1,-3.808885563E-1,-6.199244656E-1,1.201299656E2,5.212868067E-1,-7.453436542E1,-1.027309611E2
2.016074300E1,4.992415958E-1,-4.698309559E-1,-3.786920733E-1,-6.217789322E-1,1.201003259E2,3.810899363E-1,-7.423405308E1,-1.027647247E2
2.017076600E1,4.992910604E-1,-4.686151194E-1,-3.772035151E-1,-6.235588937E-1,1.200937840E2,5.115873211E-1,-7.396371353E1,-1.030158862E2
2.018078900E1,4.992422122E-1,-4.678483102E-1,-3.765550332E-1,-6.245649811E-1,1.201002444E2,6.634911809E-1,-7.381931412E1,-1.032245694E2
2.019081200E1,4.991708418E-1,-4.680589549E-1,-3.765444174E-1,-6.244705459E-1,1.201096830E2,6.174758694E-1,-7.384202283E1,-1.031897261E2
2.020083500E1,4.990794990E-1,-4.691139695E-1,-3.768692063E-1,-6.235554219E-1,1.201217624E2,3.629908607E-1,-7.398977859E1,-1.029275252E2
2.021085900E1,4.988847384E-1,-4.705074497E-1,-3.773819438E-1,-6.223499799E-1,1.201475154E2,5.664523501E-2,-7.419217282E1,-1.026104738E2
2.022088200E1,4.986119904E-1,-4.715344314E-1,-3.780911594E-1,-6.213601769E-1,1.201835751E2,-7.738478152E-2,-7.437114368E1,-1.024505282E2
2.023090500E1,4.985124290E-1,-4.716077406E-1,-3.789004895E-1,-6.208912616E-1,1.201967364E2,6.570159250E-2,-7.445226139E1,-1.025280956E2
2.024092800E1,4.987612640E-1,-4.707975675E-1,-3.796681785E-1,-6.208372294E-1,1.201638407E2,3.827654043E-1,-7.443034905E1,-1.027360642E2
2.025095100E1,4.990741674E-1,-4.699400899E-1,-3.803555515E-1,-6.208148020E-1,1.201224674E2,6.796637935E-1,-7.439578652E1,-1.029241401E2
2.026097500E1,4.991257657E-1,-4.697497284E-1,-3.810843811E-1,-6.204702831E-1,1.201156441E2,8.489897235E-1,-7.443989053E1,-1.030163110E2
2.027099800E1,4.987968938E-1,-4.701490988E-1,-3.820193800E-1,-6.198569200E-1,1.201591300E2,9.855989285E-1,-7.456876775E1,-1.031033470E2
2.028102100E1,4.982190184E-1,-4.704719384E-1,-3.832173673E-1,-6.193370386E-1,1.202355180E2,1.278999947E0,-7.471223740E1,-1.033471971E2
2.029104400E1,4.974429843E-1,-4.705096255E-1,-3.847466999E-1,-6.189838744E-1,1.203380542E2,1.798384208E0,-7.485217163E1,-1.038024752E2
2.030106700E1,4.964663522E-1,-4.706795300E-1,-3.865845027E-1,-6.184936275E-1,1.204670204E2,2.407202644E0,-7.503349706E1,-1.043401462E2
2.031109000E1,4.953840633E-1,-4.713875339E-1,-3.885319189E-1,-6.176014209E-1,1.206098418E2,2.906632902E0,-7.528567149E1,-1.047752235E2
2.032111400E1,4.943170263E-1,-4.727834190E-1,-3.903374241E-1,-6.162493974E-1,1.207505513E2,3.154594441E0,-7.560523136E1,-1.049786078E2
2.033113700E1,4.932859353E-1,-4.745641708E-1,-3.916950109E-1,-6.148437262E-1,1.208864273E2,3.176513095E0,-7.593034103E1,-1.049991123E2
2.034116000E1,4.923857207E-1,-4.759766539E-1,-3.925948725E-1,-6.138989203E-1,1.210049819E2,3.189798142E0,-7.617241518E1,-1.050365179E2
2.035118300E1,4.916173046E-1,-4.765914579E-1,-3.931246926E-1,-6.136986332E-1,1.211061243E2,3.366391898E0,-7.628832893E1,-1.052495392E2
2.036120600E1,4.911037400E-1,-4.763203193E-1,-3.934088967E-1,-6.141379351E-1,1.211736939E2,3.715133192E0,-7.627891951E1,-1.056214342E2
2.037123000E1,4.908545679E-1,-4.755288200E-1,-3.933790383E-1,-6.149692396E-1,1.212064693E2,4.081581081E0,-7.618096725E1,-1.060076606E2
2.038125300E1,4.907197243E-1,-4.748825639E-1,-3.931088533E-1,-6.157484241E-1,1.212242041E2,4.301273599E0,-7.607913069E1,-1.062598450E2
2.039127600E1,4.905138896E-1,-4.748630104E-1,-3.926940414E-1,-6.161921356E-1,1.212512727E2,4.301391289E0,-7.603835782E1,-1.063211519E2
2.040129900E1,4.902278600E-1,-4.755012059E-1,-3.922513230E-1,-6.162096055E-1,1.212888815E2,4.100332033E0,-7.607269179E1,-1.062000094E2
2.041132200E1,4.898690955E-1,-4.766062383E-1,-3.916234772E-1,-6.160403543E-1,1.213360441E2,3.726232529E0,-7.614523258E1,-1.059365078E2
2.042134500E1,4.896375987E-1,-4.776434986E-1,-3.905736571E-1,-6.160876694E-1,1.213664705E2,3.240688396E0,-7.617248913E1,-1.055879854E2
2.043136900E1,4.895910053E-1,-4.782135900E-1,-3.890022409E-1,-6.166764398E-1,1.213725938E2,2.748074724E0,-7.609847916E1,-1.052575903E2
2.044139200E1,4.898502137E-1,-4.781529196E-1,-3.870683538E-1,-6.177335618E-1,1.213385259E2,2.299969886E0,-7.591911685E1,-1.049670286E2
2.045141500E1,4.904239640E-1,-4.777859734E-1,-3.848369469E-1,-6.189550143E-1,1.212630974E2,1.797276378E0,-7.567840552E1,-1.046135852E2
2.046143800E1,4.912462016E-1,-4.775255006E-1,-3.823459048E-1,-6.200470023E-1,1.211549525E2,1.134025840E0,-7.542713874E1,-1.040993028E2
2.047146100E1,4.921738538E-1,-4.775698075E-1,-3.796629523E-1,-6.209251740E-1,1.210328738E2,3.115837280E-1,-7.519264478E1,-1.034360070E2
2.048148400E1,4.931149771E-1,-4.777410448E-1,-3.768588856E-1,-6.217543026E-1,1.209089471E2,-5.597895200E-1,-7.495993833E1,-1.027346965E2
2.049150800E1,4.938804850E-1,-4.778540774E-1,-3.738899826E-1,-6.228513482E-1,1.208080894E2,-1.357568983E0,-7.470447928E1,-1.021395826E2
2.050153100E1,4.945376650E-1,-4.776071864E-1,-3.709109538E-1,-6.242987290E-1,1.207214639E2,-1.976597555E0,-7.440754963E1,-1.017304595E2
2.051155400E1,4.953775674E-1,-4.767949271E-1,-3.680641080E-1,-6.259364712E-1,1.206106987E2,-2.424417127E0,-7.405963651E1,-1.014535001E2
2.052157700E1,4.964412011E-1,-4.756902898E-1,-3.653440031E-1,-6.275258974E-1,1.204703405E2,-2.812403351E0,-7.369067156E1,-1.011967630E2
2.053160000E1,4.976545562E-1,-4.746460121E-1,-3.628996176E-1,-6.287725695E-1,1.203101047E2,-3.213037138E0,-7.335263619E1,-1.008857477E2
2.054162400E1,4.988149485E-1,-4.737128914E-1,-3.609181151E-1,-6.296967603E-1,1.201567429E2,-3.553838175E0,-7.306850600E1,-1.005975763E2
2.055164700E1,4.998146665E-1,-4.727624589E-1,-3.597123148E-1,-6.303078949E-1,1.200245216E2,-3.719933652E0,-7.285286615E1,-1.004276892E2
2.056167000E1,5.004273078E-1,-4.718404755E-1,-3.592358658E-1,-6.307840753E-1,1.199434510E2,-3.673231689E0,-7.270789954E1,-1.004430973E2
2.057169300E1,5.006979274E-1,-4.710173792E-1,-3.594753126E-1,-6.310481306E-1,1.199076295E2,-3.455095777E0,-7.263951903E1,-1.006001163E2
2.058171600E1,5.008510153E-1,-4.702708794E-1,-3.603074547E-1,-6.310087549E-1,1.198873626E2,-3.141264633E0,-7.263269054E1,-1.008106356E2
2.059174000E1,5.010235909E-1,-4.696873142E-1,-3.615287861E-1,-6.306077434E-1,1.198645133E2,-2.826670615E0,-7.267785960E1,-1.009855298E2
2.060176300E1,5.011328197E-1,-4.694509705E-1,-3.629408583E-1,-6.298855308E-1,1.198500498E2,-2.573113716E0,-7.277783567E1,-1.010925355E2
2.061178600E1,5.012406788E-1,-4.693942197E-1,-3.645237464E-1,-6.289271484E-1,1.198357667E2,-2.348647937E0,-7.291262763E1,-1.011566637E2
2.062180900E1,5.014287064E-1,-4.693505451E-1,-3.661736374E-1,-6.278505809E-1,1.198108649E2,-2.140708135E0,-7.305480329E1,-1.011895626E2
2.063183200E1,5.017538166E-1,-4.690649844E-1,-3.676624064E-1,-6.269333917E-1,1.197678009E2,-1.920440593E0,-7.315595642E1,-1.012321399E2
2.064185500E1,5.021655176E-1,-4.683706256E-1,-3.687340638E-1,-6.264932838E-1,1.197132536E2,-1.659094978E0,-7.317497504E1,-1.013405311E2
2.065187900E1,5.025372739E-1,-4.675565118E-1,-3.696156968E-1,-6.262838771E-1,1.196639857E2,-1.377057524E0,-7.316396730E1,-1.014900642E2
2.066190200E1,5.027044757E-1,-4.671372191E-1,-3.707646357E-1,-6.257832095E-1,1.196418229E2,-1.116934536E0,-7.322059733E1,-1.016189168E2
2.067192500E1,5.028128774E-1,-4.670884815E-1,-3.723052874E-1,-6.248171194E-1,1.196274528E2,-8.942212472E-1,-7.335332885E1,-1.016842720E2
2.068194800E1,5.030251763E-1,-4.670320311E-1,-3.737601703E-1,-6.238190346E-1,1.195993066E2,-7.132815861E-1,-7.347757339E1,-1.017046963E2
2.069197100E1,5.034704947E-1,-4.666587207E-1,-3.747252225E-1,-6.231598632E-1,1.195402541E2,-5.798356482E-1,-7.352269428E1,-1.016951828E2
2.070199500E1,5.041318419E-1,-4.658977172E-1,-3.751816728E-1,-6.229199001E-1,1.194525219E2,-4.697682438E-1,-7.347908080E1,-1.016825569E2
2.071201800E1,5.048428382E-1,-4.648870463E-1,-3.754030176E-1,-6.229657769E-1,1.193581597E2,-3.333291036E-1,-7.338675160E1,-1.017099528E2
2.072204100E1,5.054349751E-1,-4.637277472E-1,-3.754874877E-1,-6.232985948E-1,1.192795375E2,-1.366663380E-1,-7.326578535E1,-1.018209372E2
2.073206400E1,5.060481011E-1,-4.623711745E-1,-3.754949398E-1,-6.238042147E-1,1.191980952E2,9.992916697E-2,-7.311608901E1,-1.019741509E2
2.074208700E1,5.067532179E-1,-4.610187796E-1,-3.754510096E-1,-6.242591478E-1,1.191043916E2,2.956617659E-1,-7.296234378E1,-1.020815125E2
2.075211000E1,5.075310485E-1,-4.598863385E-1,-3.752862550E-1,-6.245614566E-1,1.190009728E2,3.813076226E-1,-7.282230660E1,-1.020852474E2
2.076213400E1,5.083883207E-1,-4.589925013E-1,-3.749623854E-1,-6.247162146E-1,1.188869278E2,3.461899495E-1,-7.269466595E1,-1.019779717E2
2.077215700E1,5.092949784E-1,-4.581653879E-1,-3.743441149E-1,-6.249556982E-1,1.187662400E2,2.319912289E-1,-7.254814535E1,-1.018150307E2
2.078218000E1,5.101617178E-1,-4.571859689E-1,-3.733972543E-1,-6.255322355E-1,1.186507954E2,1.259816830E-1,-7.235541558E1,-1.016932352E2
2.079220300E1,5.109531355E-1,-4.559765492E-1,-3.723663160E-1,-6.263829433E-1,1.185453230E2,9.756430567E-2,-7.213002511E1,-1.016614198E2
2.080222600E1,5.117545842E-1,-4.545513852E-1,-3.714317624E-1,-6.273187034E-1,1.184384549E2,1.427904252E-1,-7.188990627E1,-1.016897250E2
2.081224900E1,5.127302100E-1,-4.529609317E-1,-3.704590131E-1,-6.282470194E-1,1.183082812E2,1.792520863E-1,-7.162865663E1,-1.016916421E2
2.082227300E1,5.140044567E-1,-4.514948667E-1,-3.694113557E-1,-6.288775573E-1,1.181381306E2,8.759619191E-2,-7.137482001E1,-1.015421503E2
2.083229600E1,5.154516952E-1,-4.505533061E-1,-3.683094685E-1,-6.290146189E-1,1.179446966E2,-2.011384224E-1,-7.117360742E1,-1.011896397E2
2.084231900E1,5.168835870E-1,-4.501202236E-1,-3.672507212E-1,-6.287687394E-1,1.177531203E2,-6.148155025E-1,-7.103103610E1,-1.007169265E2
2.085234200E1,5.181231363E-1,-4.499513754E-1,-3.663674998E-1,-6.283844339E-1,1.175871216E2,-1.020989055E0,-7.093205594E1,-1.002592812E2
2.086236500E1,5.191305619E-1,-4.496730165E-1,-3.657934808E-1,-6.280865084E-1,1.174521013E2,-1.288691779E0,-7.084882270E1,-9.993399737E1
2.087238900E1,5.199462615E-1,-4.490458899E-1,-3.654826715E-1,-6.280414218E-1,1.173427062E2,-1.370230290E0,-7.075217508E1,-9.978533907E1
2.088241200E1,5.207947671E-1,-4.479745776E-1,-3.652685049E-1,-6.282281271E-1,1.172288440E2,-1.322824353E0,-7.061685169E1,-9.974631134E1
2.089243500E1,5.219650534E-1,-4.464068307E-1,-3.649527091E-1,-6.285561613E-1,1.170716881E2,-1.236313927E0,-7.041900125E1,-9.971375803E1
2.090245800E1,5.235165526E-1,-4.446616377E-1,-3.645472327E-1,-6.287382462E-1,1.168631362E2,-1.211802434E0,-7.019387931E1,-9.958375346E1
2.091248100E1,5.252310548E-1,-4.433339198E-1,-3.643213335E-1,-6.283767421E-1,1.166324019E2,-1.315898412E0,-7.002926716E1,-9.929669349E1
2.092250400E1,5.269539653E-1,-4.425060345E-1,-3.645547796E-1,-6.273817077E-1,1.164002468E2,-1.493304346E0,-6.995898676E1,-9.889963395E1
2.093252800E1,5.285036680E-1,-4.419440906E-1,-3.654125101E-1,-6.259737027E-1,1.161911813E2,-1.616571824E0,-6.997352169E1,-9.852042588E1
2.094255100E1,5.296962131E-1,-4.413536132E-1,-3.669639356E-1,-6.244729798E-1,1.160301371E2,-1.553181796E0,-7.004914265E1,-9.830027964E1
2.095257400E1,5.305025561E-1,-4.405019071E-1,-3.690064588E-1,-6.231848141E-1,1.159211664E2,-1.257853659E0,-7.014344248E1,-9.830293271E1
2.096259700E1,5.311744400E-1,-4.392446350E-1,-3.712580594E-1,-6.221616783E-1,1.158303172E2,-7.898156433E-1,-7.021475017E1,-9.846622204E1
2.097262000E1,5.320340250E-1,-4.377752299E-1,-3.734448038E-1,-6.211533992E-1,1.157140220E2,-3.205185406E-1,-7.025776937E1,-9.861265403E1
2.098264400E1,5.333038859E-1,-4.363278307E-1,-3.752625895E-1,-6.199862924E-1,1.155420838E2,-1.278529464E-2,-7.026976738E1,-9.858765567E1
2.099266700E1,5.349939007E-1,-4.348840456E-1,-3.765862561E-1,-6.187408425E-1,1.153130044E2,1.182747077E-1,-7.023774925E1,-9.838656445E1
2.100269000E1,5.368420374E-1,-4.334342889E-1,-3.777482342E-1,-6.174476112E-1,1.150621594E2,1.873315341E-1,-7.019110945E1,-9.812073764E1
2.101271300E1,5.384369031E-1,-4.320649141E-1,-3.790827957E-1,-6.161995298E-1,1.148454093E2,3.212231442E-1,-7.016956924E1,-9.793152753E1
2.102273600E1,5.395905045E-1,-4.307825251E-1,-3.804036226E-1,-6.152735214E-1,1.146884659E2,5.421942836E-1,-7.015636594E1,-9.787967606E1
2.103275900E1,5.403988863E-1,-4.296653965E-1,-3.814468256E-1,-6.146992231E-1,1.145784062E2,7.703792267E-1,-7.013516402E1,-9.790163270E1
2.104278300E1,5.410994644E-1,-4.287021276E-1,-3.822441201E-1,-6.142599555E-1,1.144829689E2,9.520461063E-1,-7.010760147E1,-9.791454450E1
2.105280600E1,5.417832918E-1,-4.279700369E-1,-3.828197618E-1,-6.138089474E-1,1.143897641E2,1.046667009E0,-7.008422516E1,-9.786704821E1
2.106282900E1,5.425098429E-1,-4.274616669E-1,-3.831106541E-1,-6.133399135E-1,1.142906826E2,1.033175926E0,-7.005847741E1,-9.773759905E1
2.107285200E1,5.432638842E-1,-4.270126725E-1,-3.829487720E-1,-6.130862395E-1,1.141877936E2,9.380554640E-1,-6.999715922E1,-9.756764075E1
2.108287500E1,5.440248983E-1,-4.264087332E-1,-3.822440517E-1,-6.132715065E-1,1.140838925E2,8.132436386E-1,-6.986917284E1,-9.741645294E1
2.109289900E1,5.447440315E-1,-4.256956560E-1,-3.808550970E-1,-6.139922782E-1,1.139856532E2,6.420538064E-1,-6.966630989E1,-9.728685881E1
2.110292200E1,5.454599510E-1,-4.250075086E-1,-3.787301951E-1,-6.151468358E-1,1.138877986E2,3.745497176E-1,-6.939817944E1,-9.713158985E1
2.111294500E1,5.461338686E-1,-4.245625221E-1,-3.759631702E-1,-6.165518537E-1,1.137956353E2,-2.157704787E-2,-6.909640054E1,-9.691691186E1
2.112296800E1,5.467340871E-1,-4.244328468E-1,-3.727586084E-1,-6.180530770E-1,1.137135102E2,-5.280400792E-1,-6.878731696E1,-9.664612763E1
2.113299100E1,5.472379369E-1,-4.245367941E-1,-3.693780808E-1,-6.195635938E-1,1.136445410E2,-1.084174229E0,-6.848638971E1,-9.635602369E1
2.114301400E1,5.475499342E-1,-4.248860255E-1,-3.660518489E-1,-6.210210054E-1,1.136018199E2,-1.643077114E0,-6.821601991E1,-9.608239075E1
2.115303800E1,5.476233488E-1,-4.254192675E-1,-3.627881655E-1,-6.225044955E-1,1.135917659E2,-2.179532033E0,-6.797088126E1,-9.585377871E1
2.116306100E1,5.475540383E-1,-4.260032279E-1,-3.594842161E-1,-6.240808930E-1,1.136012579E2,-2.695698303E0,-6.772799591E1,-9.566492580E1
2.117308400E1,5.474134654E-1,-4.266294563E-1,-3.561101817E-1,-6.257087439E-1,1.136205076E2,-3.209929072E0,-6.748369306E1,-9.549218124E1
2.118310700E1,5.473645645E-1,-4.272415444E-1,-3.525275837E-1,-6.273603208E-1,1.136272035E2,-3.759683146E0,-6.721891025E1,-9.529203620E1
2.119313000E1,5.475604525E-1,-4.276964722E-1,-3.486214191E-1,-6.290598609E-1,1.136003795E2,-4.353402087E0,-6.690795641E1,-9.504738528E1
2.120315400E1,5.479772901E-1,-4.281111261E-1,-3.443038827E-1,-6.307904895E-1,1.135432860E2,-5.021068674E0,-6.655440201E1,-9.474075546E1
2.121317700E1,5.485395106E-1,-4.285672103E-1,-3.395686290E-1,-6.325564609E-1,1.134662502E2,-5.763468985E0,-6.616592862E1,-9.438118952E1
2.122320000E1,5.490794697E-1,-4.291788401E-1,-3.345770144E-1,-6.343307010E-1,1.133922327E2,-6.553674319E0,-6.576944329E1,-9.400080145E1
2.123322300E1,5.494543527E-1,-4.300326246E-1,-3.295792674E-1,-6.360419183E-1,1.133408253E2,-7.357410250E0,-6.539710539E1,-9.362789170E1
2.124324600E1,5.496570844E-1,-4.310184078E-1,-3.247562666E-1,-6.376783909E-1,1.133130186E2,-8.130078351E0,-6.505477732E1,-9.328952015E1
2.125326900E1,5.497732016E-1,-4.320281251E-1,-3.201529404E-1,-6.392207522E-1,1.132970899E2,-8.860280196E0,-6.473530356E1,-9.298187012E1
2.126329300E1,5.498324811E-1,-4.331087071E-1,-3.155887528E-1,-6.407064918E-1,1.132889575E2,-9.584704763E0,-6.442659817E1,-9.268243870E1
2.127331600E1,5.499582473E-1,-4.342545061E-1,-3.109676090E-1,-6.420809848E-1,1.132717028E2,-1.033456442E1,-6.411754906E1,-9.235505648E1
2.128333900E1,5.501906556E-1,-4.356059658E-1,-3.064043065E-1,-6.431595122E-1,1.132398126E2,-1.113839473E1,-6.383005130E1,-9.195887162E1
2.129336200E1,5.504966891E-1,-4.371852820E-1,-3.019376783E-1,-6.439379170E-1,1.131978108E2,-1.199138796E1,-6.356908827E1,-9.149909429E1
2.130338500E1,5.509372290E-1,-4.386975057E-1,-2.976237850E-1,-6.445406802E-1,1.131373308E2,-1.282901419E1,-6.331140685E1,-9.102381043E1
2.131340900E1,5.514671308E-1,-4.400234982E-1,-2.936443112E-1,-6.450088158E-1,1.130645548E2,-1.359873880E1,-6.306341339E1,-9.057254570E1
2.132343200E1,5.521126098E-1,-4.409371523E-1,-2.898618897E-1,-6.455433643E-1,1.129758642E2,-1.426478532E1,-6.279304921E1,-9.018701129E1
2.133345500E1,5.527729772E-1,-4.414670910E-1,-2.860732410E-1,-6.463055373E-1,1.128850809E2,-1.483601594E1,-6.248778416E1,-8.988805880E1
2.134347800E1,5.533825997E-1,-4.420287768E-1,-2.823223875E-1,-6.470489972E-1,1.128012313E2,-1.539658062E1,-6.218921219E1,-8.960169488E1
2.135350100E1,5.540716533E-1,-4.427623427E-1,-2.787063986E-1,-6.475252197E-1,1.127064073E2,-1.599220309E1,-6.191451929E1,-8.926153391E1
2.136352400E1,5.549376498E-1,-4.435648292E-1,-2.753902741E-1,-6.476531301E-1,1.125871593E2,-1.659987378E1,-6.166663912E1,-8.886376120E1
2.137354800E1,5.559431261E-1,-4.443855600E-1,-2.725212907E-1,-6.474418690E-1,1.124486009E2,-1.718971549E1,-6.145478773E1,-8.842879669E1
2.138357100E1,5.570831878E-1,-4.450208500E-1,-2.702507873E-1,-6.469770841E-1,1.122913604E2,-1.770217414E1,-6.127552227E1,-8.800027564E1
2.139359400E1,5.582665923E-1,-4.455544291E-1,-2.687585359E-1,-6.462109335E-1,1.121279888E2,-1.813001906E1,-6.115429572E1,-8.758127444E1
2.140361700E1,5.593499217E-1,-4.462647089E-1,-2.679698630E-1,-6.451104924E-1,1.119782952E2,-1.852525149E1,-6.111107609E1,-8.714665505E1
2.141364000E1,5.602117036E-1,-4.473783129E-1,-2.678577524E-1,-6.436363168E-1,1.118591206E2,-1.892828676E1,-6.116496730E1,-8.667542519E1
2.142366400E1,5.608001184E-1,-4.489075376E-1,-2.683955778E-1,-6.418324712E-1,1.117777013E2,-1.934105407E1,-6.131590197E1,-8.617372128E1
2.143368700E1,5.612013696E-1,-4.505225416E-1,-2.693898009E-1,-6.399309608E-1,1.117221575E2,-1.971700995E1,-6.151842329E1,-8.569042981E1
2.144371004E1,5.615946418E-1,-4.520338854E-1,-2.707371935E-1,-6.379484152E-1,1.116677005E2,-2.004744019E1,-6.174358229E1,-8.522043262E1
2.145373304E1,5.620534524E-1,-4.534104436E-1,-2.722941402E-1,-6.359015957E-1,1.116041461E2,-2.034722825E1,-6.197425727E1,-8.475288852E1
2.146375604E1,5.627468892E-1,-4.544414398E-1,-2.737901005E-1,-6.339069170E-1,1.115080458E2,-2.060943336E1,-6.216503535E1,-8.429667334E1
2.147377904E1,5.637729859E-1,-4.548728655E-1,-2.748475544E-1,-6.322258584E-1,1.113657428E2,-2.080920588E1,-6.225989407E1,-8.389545500E1
2.148380304E1,5.649457351E-1,-4.549107450E-1,-2.753281654E-1,-6.309413357E-1,1.112029537E2,-2.097454246E1,-6.226813062E1,-8.355731190E1
2.149382604E1,5.660294307E-1,-4.549780219E-1,-2.753605237E-1,-6.299065305E-1,1.110523852E2,-2.116427467E1,-6.224064169E1,-8.324447659E1
2.150384904E1,5.669068833E-1,-4.551080133E-1,-2.751211190E-1,-6.291277858E-1,1.109303725E2,-2.135507828E1,-6.219967204E1,-8.297842389E1
2.151387204E1,5.676211986E-1,-4.552586145E-1,-2.749818974E-1,-6.284352182E-1,1.108309785E2,-2.151792953E1,-6.217436301E1,-8.274990319E1
2.152389504E1,5.682317115E-1,-4.553666158E-1,-2.750083446E-1,-6.277932638E-1,1.107459811E2,-2.164206944E1,-6.216416582E1,-8.255640993E1
2.153391804E1,5.688489653E-1,-4.550363215E-1,-2.748302636E-1,-6.275517913E-1,1.106600009E2,-2.166783701E1,-6.210317266E1,-8.247240481E1
2.154394204E1,5.695755585E-1,-4.538553142E-1,-2.742641998E-1,-6.279952789E-1,1.105587331E2,-2.151877356E1,-6.194132518E1,-8.257298955E1
2.155396504E1,5.704713819E-1,-4.518020567E-1,-2.735305391E-1,-6.289820710E-1,1.104337936E2,-2.118927242E1,-6.169469763E1,-8.283702973E1
2.156398804E1,5.712913067E-1,-4.494220189E-1,-2.730208204E-1,-6.301633628E-1,1.103193567E2,-2.075770598E1,-6.144604951E1,-8.318647247E1
2.157401104E1,5.718091624E-1,-4.471407364E-1,-2.730878760E-1,-6.312864525E-1,1.102470385E2,-2.027135946E1,-6.126540873E1,-8.357459833E1
2.158403404E1,5.719544531E-1,-4.450831957E-1,-2.739460017E-1,-6.322361369E-1,1.102267431E2,-1.973202217E1,-6.118311048E1,-8.399065773E1
2.159405804E1,5.717173797E-1,-4.433117005E-1,-2.758229483E-1,-6.328789159E-1,1.102598582E2,-1.913225643E1,-6.122428610E1,-8.442424376E1
2.160408104E1,5.710993963E-1,-4.417756955E-1,-2.786515129E-1,-6.332718352E-1,1.103461487E2,-1.845911574E1,-6.137854137E1,-8.489303493E1
2.161410404E1,5.702330441E-1,-4.402777859E-1,-2.820483065E-1,-6.335917113E-1,1.104670435E2,-1.770891232E1,-6.159164905E1,-8.541621795E1
2.162412704E1,5.690818872E-1,-4.387842491E-1,-2.857791667E-1,-6.339908841E-1,1.106275445E2,-1.688139220E1,-6.184009507E1,-8.601810802E1
2.163415004E1,5.676119342E-1,-4.373990772E-1,-2.901582822E-1,-6.342767635E-1,1.108322680E2,-1.596715356E1,-6.216044036E1,-8.668524523E1
2.164417304E1,5.657609474E-1,-4.361444708E-1,-2.953372658E-1,-6.344041129E-1,1.110897009E2,-1.494166211E1,-6.256875271E1,-8.743527871E1
2.165419704E1,5.636943530E-1,-4.345658554E-1,-3.011423673E-1,-6.345978698E-1,1.113766522E2,-1.372802231E1,-6.300594635E1,-8.833382069E1
2.166422004E1,5.613680077E-1,-4.324915613E-1,-3.073709076E-1,-6.350906587E-1,1.116990850E2,-1.228584440E1,-6.343647322E1,-8.944060645E1
2.167424304E1,5.587295755E-1,-4.301120662E-1,-3.140041999E-1,-6.357879757E-1,1.120640302E2,-1.064530815E1,-6.387129127E1,-9.073509637E1
2.168426604E1,5.556560113E-1,-4.277014192E-1,-3.211390028E-1,-6.365434632E-1,1.124881778E2,-8.830356949E0,-6.434094831E1,-9.220174622E1
2.169428904E1,5.521882265E-1,-4.253106603E-1,-3.288614223E-1,-6.372198622E-1,1.129654713E2,-6.837201216E0,-6.485287733E1,-9.383179334E1
2.170431304E1,5.482120243E-1,-4.230455464E-1,-3.371950923E-1,-6.378052661E-1,1.135111267E2,-4.647310409E0,-6.541570277E1,-9.565460678E1
2.171433604E1,5.434658888E-1,-4.211944542E-1,-3.462326437E-1,-6.382498943E-1,1.141602199E2,-2.237879573E0,-6.606211869E1,-9.771647562E1
2.172435904E1,5.377843303E-1,-4.198362457E-1,-3.556143478E-1,-6.387988096E-1,1.149341288E2,4.021489374E-1,-6.676135679E1,-1.000790550E2
2.173438204E1,5.314835714E-1,-4.185254207E-1,-3.648673249E-1,-6.397136227E-1,1.157885027E2,3.275389030E0,-6.741559828E1,-1.027447762E2
2.174440504E1,5.247316726E-1,-4.169838365E-1,-3.735358568E-1,-6.412893827E-1,1.166996373E2,6.342353156E0,-6.794545368E1,-1.056928247E2
2.175442904E1,5.177526392E-1,-4.151084071E-1,-3.813786899E-1,-6.435584215E-1,1.176367533E2,9.506197121E0,-6.831241524E1,-1.088233486E2
2.176445204E1,5.107935465E-1,-4.127091780E-1,-3.882422818E-1,-6.465517487E-1,1.185665961E2,1.266461134E1,-6.848146940E1,-1.120195108E2
2.177447504E1,5.039316181E-1,-4.097715242E-1,-3.940891640E-1,-6.502568781E-1,1.194790871E2,1.572146124E1,-6.845064006E1,-1.151811450E2
2.178449804E1,4.968438984E-1,-4.066962870E-1,-3.990395988E-1,-6.546080872E-1,1.204171745E2,1.863901225E1,-6.827546223E1,-1.183012960E2
2.179452104E1,4.891505392E-1,-4.040056569E-1,-4.036490906E-1,-6.592258223E-1,1.214304715E2,2.149892355E1,-6.805641659E1,-1.214583079E2
2.180454404E1,4.808186446E-1,-4.018412733E-1,-4.084752163E-1,-6.636904907E-1,1.225222347E2,2.440405602E1,-6.785022839E1,-1.247072417E2
2.181456804E1,4.720027461E-1,-4.002699078E-1,-4.137233886E-1,-6.677052730E-1,1.236712443E2,2.737697825E1,-6.768069405E1,-1.280356883E2
2.182459104E1,4.629010288E-1,-3.991759679E-1,-4.191132725E-1,-6.713607746E-1,1.248510708E2,3.034592568E1,-6.751775929E1,-1.313757661E2
2.183461404E1,4.538445667E-1,-3.982695413E-1,-4.242316865E-1,-6.748585731E-1,1.260187675E2,3.318034387E1,-6.731242000E1,-1.345975460E2
2.184463704E1,4.447774836E-1,-3.975887169E-1,-4.287965116E-1,-6.784023961E-1,1.271817938E2,3.581524400E1,-6.705629908E1,-1.376704424E2
2.185466004E1,4.352516004E-1,-3.973007947E-1,-4.329902666E-1,-6.820759364E-1,1.283973906E2,3.835795599E1,-6.676551032E1,-1.407321236E2
2.186468404E1,4.248628553E-1,-3.973241572E-1,-4.372115974E-1,-6.859089921E-1,1.297160342E2,4.096422526E1,-6.642915943E1,-1.439362466E2
2.187470704E1,4.136578733E-1,-3.973620788E-1,-4.416897106E-1,-6.898556125E-1,1.311303505E2,4.366758252E1,-6.601639029E1,-1.472811467E2
2.188473004E1,4.018626879E-1,-3.974640399E-1,-4.463607115E-1,-6.937512141E-1,1.326106483E2,4.639978481E1,-6.553767420E1,-1.506825153E2
2.189475304E1,3.898524692E-1,-3.978872918E-1,-4.508539739E-1,-6.974464496E-1,1.341093602E2,4.901768716E1,-6.503193860E1,-1.540027170E2
2.190477604E1,3.778919839E-1,-3.987291145E-1,-4.545883717E-1,-7.011149639E-1,1.355936635E2,5.135458845E1,-6.451267507E1,-1.571098739E2
2.191479904E1,3.659333635E-1,-3.996067225E-1,-4.574393267E-1,-7.050933314E-1,1.370699304E2,5.337364671E1,-6.393611383E1,-1.599766649E2
2.192482304E1,3.539916757E-1,-4.001288614E-1,-4.598172282E-1,-7.093341157E-1,1.385366817E2,5.515416329E1,-6.327726734E1,-1.626328743E2
2.193484604E1,3.419154024E-1,-4.004415409E-1,-4.618512852E-1,-7.137463217E-1,1.400127725E2,5.675368856E1,-6.255522607E1,-1.651408994E2
2.194486904E1,3.296726701E-1,-4.007158326E-1,-4.636668871E-1,-7.181612884E-1,1.415021818E2,5.822320756E1,-6.179640481E1,-1.675461415E2
2.195489204E1,3.172711918E-1,-4.010745708E-1,-4.655137778E-1,-7.223400009E-1,1.430040437E2,5.963860332E1,-6.102280865E1,-1.699017453E2
2.196491504E1,3.047494895E-1,-4.017403171E-1,-4.674099698E-1,-7.261269374E-1,1.445138135E2,6.102730615E1,-6.026339869E1,-1.722347380E2
2.197493804E1,2.922139631E-1,-4.029929847E-1,-4.691657443E-1,-7.294457910E-1,1.460189013E2,6.237401436E1,-5.955507584E1,-1.745452676E2
2.198496204E1,2.796861706E-1,-4.045407197E-1,-4.709253568E-1,-7.323603088E-1,1.475170494E2,6.369169677E1,-5.886614798E1,-1.768240559E2
2.199498504E1,2.672166251E-1,-4.056738272E-1,-4.729275534E-1,-7.350942695E-1,1.490025865E2,6.495925869E1,-5.812098995E1,-1.790072628E2
2.200500804E1,2.546955761E-1,-4.063253885E-1,-4.749367226E-1,-7.378786378E-1,1.504889053E2,6.611963165E1,-5.730587924E1,1.789297826E2
2.201503104E1,2.423567701E-1,-4.065829742E-1,-4.768136219E-1,-7.406769146E-1,1.519486386E2,6.714192133E1,-5.645076881E1,1.770219230E2
2.202505404E1,2.304710217E-1,-4.066502485E-1,-4.786443045E-1,-7.432485467E-1,1.533503913E2,6.806243986E1,-5.559981724E1,1.752598706E2
2.203507804E1,2.191137104E-1,-4.065054398E-1,-4.803797352E-1,-7.456392003E-1,1.546860354E2,6.887327575E1,-5.475861787E1,1.736525201E2
2.204510104E1,2.084949383E-1,-4.060013503E-1,-4.818762144E-1,-7.479894350E-1,1.559316673E2,6.952827534E1,-5.393084361E1,1.722514032E2
2.205512404E1,1.985841280E-1,-4.055088908E-1,-4.829153186E-1,-7.502797579E-1,1.570916502E2,7.003758297E1,-5.315769528E1,1.710130417E2
2.206514704E1,1.891081045E-1,-4.055773689E-1,-4.834369807E-1,-7.523521817E-1,1.581985224E2,7.047203731E1,-5.247783110E1,1.698254526E2
2.207517004E1,1.797518203E-1,-4.064962782E-1,-4.835896128E-1,-7.540498778E-1,1.592893912E2,7.091185180E1,-5.189574200E1,1.685907354E2
2.208519304E1,1.704006779E-1,-4.081011643E-1,-4.836904940E-1,-7.552884262E-1,1.603777677E2,7.140795982E1,-5.138072508E1,1.672839454E2
2.209521704E1,1.611219649E-1,-4.098813787E-1,-4.840799993E-1,-7.561107955E-1,1.614559499E2,7.196626573E1,-5.087973661E1,1.659496477E2
2.210524004E1,1.522856463E-1,-4.111536682E-1,-4.849560189E-1,-7.566897878E-1,1.624811872E2,7.253260569E1,-5.034807431E1,1.647061735E2
2.211526304E1,1.442695054E-1,-4.114258368E-1,-4.862136124E-1,-7.573053636E-1,1.634100397E2,7.301724565E1,-4.976854669E1,1.636728802E2
2.212528604E1,1.369755086E-1,-4.106780700E-1,-4.876023484E-1,-7.581723032E-1,1.642542609E2,7.337502076E1,-4.913984722E1,1.628608259E2
2.213530904E1,1.298589500E-1,-4.093544061E-1,-4.890140150E-1,-7.592305052E-1,1.650771167E2,7.365510724E1,-4.846876658E1,1.621555508E2
2.214533304E1,1.220449875E-1,-4.083884530E-1,-4.903767385E-1,-7.601673665E-1,1.659797213E2,7.397511527E1,-4.778111860E1,1.613415246E2
2.215535604E1,1.131502534E-1,-4.081995456E-1,-4.917570531E-1,-7.607530180E-1,1.670061081E2,7.440132227E1,-4.708485539E1,1.603198247E2
2.216537904E1,1.034400198E-1,-4.086943285E-1,-4.932457851E-1,-7.609057792E-1,1.681254063E2,7.492936147E1,-4.638559521E1,1.591285433E2
2.217540204E1,9.343671824E-2,-4.096872424E-1,-4.948397605E-1,-7.606309818E-1,1.692772997E2,7.552404667E1,-4.570174673E1,1.578499776E2
2.218542504E1,8.363363523E-2,-4.111559231E-1,-4.963982350E-1,-7.599638604E-1,1.704050837E2,7.614870581E1,-4.506905209E1,1.565478621E2
2.219544804E1,7.450161434E-2,-4.131048882E-1,-4.976760327E-1,-7.590206772E-1,1.714548264E2,7.675587277E1,-4.452863485E1,1.552831159E2
2.220547204E1,6.657678456E-2,-4.151138889E-1,-4.984649084E-1,-7.581429690E-1,1.723652152E2,7.725699902E1,-4.409129907E1,1.541740317E2
2.221549504E1,6.003742706E-2,-4.166489324E-1,-4.985749406E-1,-7.577744581E-1,1.731160779E2,7.755970252E1,-4.373454274E1,1.533163142E2
2.222551804E1,5.457224521E-2,-4.178203250E-1,-4.978798917E-1,-7.579997751E-1,1.737433732E2,7.766478188E1,-4.345275973E1,1.526676338E2
2.223554104E1,4.973522000E-2,-4.191069524E-1,-4.965658689E-1,-7.584841267E-1,1.742984114E2,7.766982788E1,-4.324862945E1,1.521046782E2
2.224556404E1,4.532864055E-2,-4.205311840E-1,-4.953121634E-1,-7.587915880E-1,1.748039400E2,7.769547667E1,-4.308595001E1,1.515611143E2
2.225558804E1,4.114084538E-2,-4.218868400E-1,-4.946177915E-1,-7.587307279E-1,1.752842755E2,7.780326900E1,-4.291362166E1,1.510133905E2
2.226561104E1,3.683111939E-2,-4.229882873E-1,-4.945013160E-1,-7.584147530E-1,1.757785098E2,7.797800925E1,-4.268967231E1,1.504533794E2
2.227563404E1,3.228035557E-2,-4.235886059E-1,-4.947011975E-1,-7.581565614E-1,1.763003010E2,7.814749899E1,-4.239447867E1,1.499200299E2
2.228565704E1,2.769734941E-2,-4.239376635E-1,-4.949306475E-1,-7.579929895E-1,1.768257116E2,7.829070261E1,-4.207479011E1,1.494175635E2
2.229568004E1,2.365437082E-2,-4.240412842E-1,-4.949051671E-1,-7.580885785E-1,1.772891559E2,7.835438294E1,-4.178482843E1,1.490164155E2
2.230570404E1,2.080301008E-2,-4.232798460E-1,-4.943987438E-1,-7.589276801E-1,1.776159787E2,7.822134368E1,-4.153271232E1,1.488734441E2
2.231572704E1,1.911174134E-2,-4.213335493E-1,-4.933267360E-1,-7.607506156E-1,1.778098224E2,7.784392664E1,-4.129348052E1,1.490299430E2
2.232575004E1,1.778196612E-2,-4.186371389E-1,-4.916489780E-1,-7.633531414E-1,1.779622294E2,7.728163036E1,-4.104267134E1,1.493498913E2
2.233577304E1,1.609242540E-2,-4.159311874E-1,-4.895075361E-1,-7.662406641E-1,1.781558643E2,7.665573458E1,-4.078039213E1,1.496558440E2
2.234579604E1,1.378728782E-2,-4.140923335E-1,-4.870907384E-1,-7.688173117E-1,1.784200431E2,7.609887719E1,-4.055321606E1,1.497995206E2
2.235581904E1,1.107732975E-2,-4.136309098E-1,-4.846540605E-1,-7.706473279E-1,1.787306056E2,7.570225345E1,-4.041087678E1,1.497255129E2
2.236584304E1,8.234440528E-3,-4.145056045E-1,-4.823435913E-1,-7.716617182E-1,1.790563920E2,7.547765755E1,-4.036539782E1,1.494605865E2
2.237586604E1,5.359730431E-3,-4.161521291E-1,-4.799864709E-1,-7.722704451E-1,1.793858172E2,7.533352163E1,-4.038414757E1,1.490962234E2
2.238588904E1,2.267163275E-3,-4.180338331E-1,-4.773653426E-1,-7.728939656E-1,1.797402020E2,7.517978464E1,-4.041777957E1,1.486933260E2
2.239591204E1,6.673531993E-4,4.193354674E-1,4.747201510E-1,7.738204376E-1,1.799235270E2,7.495741451E1,-4.041709574E1,1.483794232E2
2.240593504E1,3.370947091E-3,4.197423240E-1,4.721294132E-1,7.751767654E-1,1.796137172E2,7.464179208E1,-4.035833515E1,1.481976935E2
2.241595904E1,5.785497895E-3,4.192345046E-1,4.696673972E-1,7.769307908E-1,1.793370271E2,7.424151440E1,-4.024053369E1,1.481518157E2
2.242598204E1,7.867467918E-3,4.180921485E-1,4.674022648E-1,7.788916307E-1,1.790984453E2,7.379849283E1,-4.008642695E1,1.482061598E2
2.243600504E1,9.659889091E-3,4.167831174E-1,4.653638246E-1,7.807912735E-1,1.788930410E2,7.337018739E1,-3.992994664E1,1.482956973E2
2.244602767E1,1.121544498E-2,4.156667238E-1,4.635365137E-1,7.824508478E-1,1.787147777E2,7.299387474E1,-3.979778697E1,1.483718255E2
2.245605067E1,1.244014810E-2,4.148910848E-1,4.620481083E-1,7.837232612E-1,1.785744273E2,7.270252919E1,-3.970416116E1,1.484202514E2
2.246607367E1,1.336396487E-2,4.145201504E-1,4.611213413E-1,7.844499150E-1,1.784685568E2,7.253668044E1,-3.964401944E1,1.484197922E2
2.247609767E1,1.416576652E-2,4.144738574E-1,4.608677173E-1,7.846092301E-1,1.783766684E2,7.250726650E1,-3.959397330E1,1.483571026E2
2.248612067E1,1.488934361E-2,4.143526193E-1,4.612425108E-1,7.844396311E-1,1.782937439E2,7.256494193E1,-3.951899774E1,1.482792470E2
2.249614367E1,1.545225692E-2,4.137386714E-1,4.619791060E-1,7.843193440E-1,1.782292313E2,7.262237171E1,-3.939990612E1,1.482593685E2
2.250616667E1,1.569169317E-2,4.124597306E-1,4.628173594E-1,7.844940427E-1,1.782017906E2,7.261874730E1,-3.924365940E1,1.483479100E2
2.251618967E1,1.561523879E-2,4.106662452E-1,4.635969602E-1,7.849759498E-1,1.782105527E2,7.254672883E1,-3.906841432E1,1.485330823E2
2.252621367E1,1.543156282E-2,4.087402053E-1,4.642531998E-1,7.855967729E-1,1.782316030E2,7.244141670E1,-3.889400817E1,1.487501674E2
2.253623667E1,1.515828265E-2,4.067941932E-1,4.650020729E-1,7.861690428E-1,1.782629222E2,7.234823130E1,-3.872041839E1,1.489727808E2
2.254625967E1,1.469538382E-2,4.048270232E-1,4.662179331E-1,7.864731323E-1,1.783159724E2,7.232251583E1,-3.854057156E1,1.491925674E2
2.255628267E1,1.419404705E-2,4.030367963E-1,4.677352170E-1,7.865008228E-1,1.783734274E2,7.236185096E1,-3.836722875E1,1.493793540E2
2.256630567E1,1.385130888E-2,4.018167662E-1,4.690064134E-1,7.863741293E-1,1.784127062E2,7.242560595E1,-3.824051340E1,1.494946181E2
2.257632867E1,1.329235738E-2,4.013353281E-1,4.700569183E-1,7.860023941E-1,1.784767632E2,7.252749559E1,-3.819973264E1,1.495556150E2
2.258635267E1,1.206175369E-2,4.015334446E-1,4.711103103E-1,7.852901124E-1,1.786177913E2,7.268769454E1,-3.826325821E1,1.496040118E2
2.259637567E1,1.042801541E-2,4.020804422E-1,4.718563780E-1,7.845853750E-1,1.788050158E2,7.282998508E1,-3.839590871E1,1.496666062E2
2.260639867E1,8.442182344E-3,4.020190000E-1,4.722594626E-1,7.843981165E-1,1.790325857E2,7.285162810E1,-3.851445741E1,1.498533471E2
2.261642167E1,6.295516909E-3,4.009589804E-1,4.726008784E-1,7.847551425E-1,1.792785821E2,7.275889319E1,-3.856182227E1,1.501775180E2
2.262644467E1,4.680238940E-3,3.994166718E-1,4.729502626E-1,7.853422902E-1,1.794636822E2,7.262793987E1,-3.853045726E1,1.505043859E2
2.263646867E1,3.784744849E-3,3.979204429E-1,4.734626155E-1,7.857978555E-1,1.795662992E2,7.254018824E1,-3.844668925E1,1.507443781E2
2.264649167E1,3.391556900E-3,3.968778853E-1,4.739812878E-1,7.860141110E-1,1.796113555E2,7.250852625E1,-3.836640553E1,1.508797514E2
2.265651467E1,3.228743624E-3,3.965961283E-1,4.741849045E-1,7.860342993E-1,1.796300126E2,7.250884658E1,-3.834639347E1,1.509188010E2
2.266653767E1,2.865522083E-3,3.970046656E-1,4.741794596E-1,7.858326688E-1,1.796716349E2,7.254267528E1,-3.840681037E1,1.509079869E2
2.267656067E1,1.984189334E-3,3.977382025E-1,4.740997889E-1,7.855123949E-1,1.797726285E2,7.258884757E1,-3.853372405E1,1.509150299E2
2.268658367E1,5.575185121E-4,3.983492476E-1,4.738242328E-1,7.853714558E-1,1.799361131E2,7.258304470E1,-3.869510107E1,1.510012995E2
2.269660767E1,1.347561187E-3,-3.983941076E-1,-4.732564990E-1,-7.856898753E-1,1.798455808E2,7.246614481E1,-3.885148939E1,1.512176128E2
2.270663067E1,3.386836453E-3,-3.977667228E-1,-4.722311373E-1,-7.866180753E-1,1.796118964E2,7.220738537E1,-3.897488870E1,1.515508325E2
2.271665367E1,5.020996210E-3,-3.966979867E-1,-4.706239699E-1,-7.881107902E-1,1.794246338E2,7.182078963E1,-3.905085515E1,1.519254916E2
2.272667667E1,5.974905832E-3,-3.953768727E-1,-4.686834237E-1,-7.899223882E-1,1.793153222E2,7.137006366E1,-3.906744525E1,1.522776493E2
2.273669967E1,6.232633811E-3,-3.940942809E-1,-4.667101714E-1,-7.917274956E-1,1.792857882E2,7.093227387E1,-3.903892561E1,1.525550404E2
2.274672367E1,5.733488684E-3,-3.932378174E-1,-4.648054263E-1,-7.932761816E-1,1.793429870E2,7.056280963E1,-3.899276865E1,1.527010329E2
2.275674667E1,4.642391070E-3,-3.928811918E-1,-4.630440041E-1,-7.944891679E-1,1.794680193E2,7.027692770E1,-3.894535879E1,1.527204603E2
2.276676967E1,3.319485789E-3,-3.928974737E-1,-4.614992246E-1,-7.953860528E-1,1.796196142E2,7.006612262E1,-3.890818459E1,1.526615850E2
2.277679267E1,2.309267977E-3,-3.931115323E-1,-4.601806658E-1,-7.960475476E-1,1.797353771E2,6.990371702E1,-3.890244765E1,1.526005687E2
2.278681567E1,2.018539016E-3,-3.934534143E-1,-4.590058777E-1,-7.965576087E-1,1.797686923E2,6.976175546E1,-3.895204084E1,1.525921731E2
2.279683867E1,2.529738141E-3,-3.939595216E-1,-4.578068762E-1,-7.969958938E-1,1.797101131E2,6.961585608E1,-3.907111593E1,1.526498956E2
2.280686267E1,3.665216387E-3,-3.943493378E-1,-4.565291102E-1,-7.975313695E-1,1.795799962E2,6.943347286E1,-3.922434285E1,1.527904398E2
2.281688567E1,5.391382715E-3,-3.940433121E-1,-4.555458638E-1,-7.982347161E-1,1.793821901E2,6.921609673E1,-3.934512574E1,1.530571102E2
2.282690867E1,7.091544437E-3,-3.931081684E-1,-4.551226989E-1,-7.989236907E-1,1.791873621E2,6.902446476E1,-3.938898190E1,1.533634708E2
2.283693167E1,8.314814568E-3,-3.918317906E-1,-4.553580495E-1,-7.994046705E-1,1.790471815E2,6.891213533E1,-3.934857949E1,1.536234919E2
2.284695467E1,9.122516773E-3,-3.904710085E-1,-4.563060454E-1,-7.995211644E-1,1.789546221E2,6.891147134E1,-3.924997494E1,1.538113672E2
2.285697867E1,9.666295412E-3,-3.895815993E-1,-4.578427458E-1,-7.990699402E-1,1.788923069E2,6.905301719E1,-3.915771243E1,1.538874469E2
2.286700167E1,1.008902830E-2,-3.895723771E-1,-4.596218828E-1,-7.980471205E-1,1.788438629E2,6.931877594E1,-3.912899888E1,1.538394262E2
2.287702467E1,1.083131860E-2,-3.903404296E-1,-4.614467887E-1,-7.966077213E-1,1.787587980E2,6.965996411E1,-3.918989023E1,1.537345377E2
2.288704767E1,1.212143363E-2,-3.915403504E-1,-4.631005467E-1,-7.950390999E-1,1.786109520E2,7.000643400E1,-3.933153281E1,1.536455186E2
2.289707067E1,1.398183767E-2,-3.927862719E-1,-4.643380862E-1,-7.936709711E-1,1.783977472E2,7.028293208E1,-3.952915080E1,1.536306994E2
2.290709367E1,1.617633978E-2,-3.937590554E-1,-4.649435336E-1,-7.927922936E-1,1.781462472E2,7.042870236E1,-3.974563734E1,1.537141895E2
2.291711767E1,1.856176711E-2,-3.941386826E-1,-4.651773959E-1,-7.924141521E-1,1.778728560E2,7.045455060E1,-3.993447862E1,1.539053718E2
2.292714067E1,2.094609863E-2,-3.937486135E-1,-4.654261045E-1,-7.924025195E-1,1.775995784E2,7.040678596E1,-4.005423990E1,1.541846192E2
2.293716367E1,2.325570378E-2,-3.927213394E-1,-4.658723421E-1,-7.925856476E-1,1.773348524E2,7.032897131E1,-4.010564372E1,1.545189230E2
2.294718667E1,2.556214792E-2,-3.915949859E-1,-4.663675887E-1,-7.927807875E-1,1.770704745E2,7.024958409E1,-4.014623512E1,1.548614816E2
2.295720967E1,2.820049849E-2,-3.908488919E-1,-4.666188787E-1,-7.929115692E-1,1.767680324E2,7.016207322E1,-4.025082627E1,1.552084063E2
2.296723367E1,3.156343768E-2,-3.904968024E-1,-4.663344665E-1,-7.931255487E-1,1.763824956E2,7.001247887E1,-4.045602349E1,1.556162200E2
2.297725667E1,3.581200859E-2,-3.902633747E-1,-4.655921947E-1,-7.934960195E-1,1.758953684E2,6.978138783E1,-4.074491017E1,1.561306689E2
2.298727967E1,4.026730980E-2,-3.901380115E-1,-4.646814197E-1,-7.938779121E-1,1.753844583E2,6.952690596E1,-4.106135579E1,1.566668089E2
2.299730267E1,4.442269404E-2,-3.900710323E-1,-4.641505881E-1,-7.939996744E-1,1.749078585E2,6.934303886E1,-4.135100490E1,1.571452293E2
2.300732567E1,4.809461177E-2,-3.900915868E-1,-4.642788119E-1,-7.937006846E-1,1.744866366E2,6.928292842E1,-4.159726664E1,1.575252999E2
2.301734867E1,5.166023516E-2,-3.901293082E-1,-4.649443528E-1,-7.930682290E-1,1.740775368E2,6.931308101E1,-4.182337816E1,1.578607658E2
2.302737267E1,5.546407253E-2,-3.900675446E-1,-4.657340768E-1,-7.923779479E-1,1.736410223E2,6.934813895E1,-4.205354872E1,1.582256977E2
2.303739567E1,5.936636494E-2,-3.898090633E-1,-4.662697158E-1,-7.919073362E-1,1.731931134E2,6.932016334E1,-4.227941900E1,1.586395464E2
2.304741867E1,6.323502416E-2,-3.892774598E-1,-4.665471738E-1,-7.917057900E-1,1.727489621E2,6.922356907E1,-4.248449620E1,1.590978763E2
2.305744167E1,6.710971039E-2,-3.885729805E-1,-4.668668523E-1,-7.915444940E-1,1.723040095E2,6.911625279E1,-4.267260496E1,1.595751092E2
2.306746467E1,7.083616615E-2,-3.881336997E-1,-4.674772493E-1,-7.910748938E-1,1.718759695E2,6.908544764E1,-4.286820396E1,1.599883249E2
2.307748867E1,7.451225642E-2,-3.881337945E-1,-4.684053967E-1,-7.901876605E-1,1.714536035E2,6.915071041E1,-4.309428628E1,1.603255559E2
2.308751167E1,7.833813659E-2,-3.884695732E-1,-4.693596488E-1,-7.890856468E-1,1.710139037E2,6.924943613E1,-4.336228152E1,1.606382001E2
2.309753467E1,8.253634203E-2,-3.888079439E-1,-4.701983553E-1,-7.879909668E-1,1.705312605E2,6.932027737E1,-4.365949973E1,1.609980048E2
2.310755767E1,8.718846902E-2,-3.887396186E-1,-4.709251829E-1,-7.870890663E-1,1.699962355E2,6.932121153E1,-4.395266887E1,1.614620234E2
2.311758067E1,9.201674876E-2,-3.881420895E-1,-4.714686797E-1,-7.865086832E-1,1.694407204E2,6.923422945E1,-4.421240293E1,1.620202701E2
2.312760367E1,9.677892118E-2,-3.871999020E-1,-4.718572262E-1,-7.861684738E-1,1.688925673E2,6.908787235E1,-4.443826768E1,1.626235145E2
2.313762767E1,1.012332530E-1,-3.863833674E-1,-4.722684767E-1,-7.857621782E-1,1.683796178E2,6.896439009E1,-4.465445196E1,1.631783215E2
2.314765067E1,1.053832424E-1,-3.858715940E-1,-4.727839590E-1,-7.851577502E-1,1.679015055E2,6.889524569E1,-4.487699923E1,1.636582107E2
2.315767367E1,1.094355144E-1,-3.854332036E-1,-4.733078233E-1,-7.845029357E-1,1.674344470E2,6.883642582E1,-4.510003993E1,1.641192233E2
2.316769667E1,1.135155190E-1,-3.847565992E-1,-4.736114281E-1,-7.840719210E-1,1.669639803E2,6.871494560E1,-4.530641192E1,1.646277176E2
2.317771967E1,1.174642362E-1,-3.837764742E-1,-4.736172865E-1,-7.839671650E-1,1.665084421E2,6.851510641E1,-4.547973461E1,1.651795995E2
2.318774367E1,1.212214802E-1,-3.825204876E-1,-4.734519971E-1,-7.841087573E-1,1.660747942E2,6.826338572E1,-4.561537725E1,1.657558013E2
2.319776667E1,1.247802337E-1,-3.812017127E-1,-4.731132208E-1,-7.843972525E-1,1.656638705E2,6.798027700E1,-4.573321632E1,1.663307947E2
2.320778967E1,1.282479078E-1,-3.801229852E-1,-4.726212195E-1,-7.846580572E-1,1.652632854E2,6.769475091E1,-4.586972606E1,1.668804582E2
2.321781267E1,1.316793356E-1,-3.797136971E-1,-4.720794218E-1,-7.846140559E-1,1.648667090E2,6.746267104E1,-4.606964229E1,1.673550721E2
2.322783567E1,1.350819139E-1,-3.803126196E-1,-4.715653830E-1,-7.840543668E-1,1.644732868E2,6.732823196E1,-4.636674262E1,1.677117293E2
2.323785867E1,1.383990816E-1,-3.819696862E-1,-4.710867423E-1,-7.829573265E-1,1.640895628E2,6.729991038E1,-4.676312207E1,1.679369142E2
2.324788267E1,1.415615282E-1,-3.842928547E-1,-4.705481557E-1,-7.815777758E-1,1.637235695E2,6.732826668E1,-4.721709405E1,1.680728106E2
2.325790567E1,1.445638590E-1,-3.865152844E-1,-4.698980563E-1,-7.803225163E-1,1.633759519E2,6.733248337E1,-4.765256965E1,1.682105106E2
2.326792867E1,1.474299290E-1,-3.880533625E-1,-4.691970989E-1,-7.794440916E-1,1.630439671E2,6.726533061E1,-4.801150665E1,1.684172351E2
2.327795167E1,1.501850263E-1,-3.888026992E-1,-4.685495047E-1,-7.789340726E-1,1.627247015E2,6.713320123E1,-4.828306954E1,1.687012641E2
2.328797467E1,1.529926597E-1,-3.889131214E-1,-4.679473132E-1,-7.786945310E-1,1.623992088E2,6.694349966E1,-4.849293848E1,1.690650700E2
2.329799867E1,1.559048805E-1,-3.887208738E-1,-4.671976630E-1,-7.786631316E-1,1.620614398E2,6.669205272E1,-4.868072144E1,1.694909702E2
2.330802167E1,1.590061931E-1,-3.884719782E-1,-4.662996585E-1,-7.786983874E-1,1.617015663E2,6.639950455E1,-4.887653207E1,1.699604227E2
2.331804467E1,1.621488940E-1,-3.882809423E-1,-4.653632662E-1,-7.787057421E-1,1.613367044E2,6.610167998E1,-4.908040247E1,1.704339388E2
2.332806767E1,1.653834117E-1,-3.879387205E-1,-4.645512544E-1,-7.786809597E-1,1.609609833E2,6.580663827E1,-4.927231286E1,1.709284180E2
2.333809067E1,1.685591557E-1,-3.873880060E-1,-4.638199460E-1,-7.787101464E-1,1.605918882E2,6.550646058E1,-4.943671260E1,1.714358110E2
2.334811367E1,1.716253810E-1,-3.867007595E-1,-4.631354812E-1,-7.787892561E-1,1.602353288E2,6.520411068E1,-4.957791246E1,1.719439590E2
2.335813767E1,1.745785475E-1,-3.860336513E-1,-4.624948570E-1,-7.788446159E-1,1.598917338E2,6.491438707E1,-4.971200409E1,1.724342304E2
2.336816067E1,1.775121789E-1,-3.853492497E-1,-4.619142631E-1,-7.788648886E-1,1.595502307E2,6.463353429E1,-4.984127564E1,1.729206671E2
2.337818367E1,1.804141580E-1,-3.845846874E-1,-4.613684799E-1,-7.788995333E-1,1.592122315E2,6.435166184E1,-4.995866165E1,1.734109543E2
2.338820667E1,1.832923663E-1,-3.836869490E-1,-4.609093426E-1,-7.789421016E-1,1.588768202E2,6.407362942E1,-5.005866276E1,1.739072096E2
2.339822967E1,1.861679404E-1,-3.827213357E-1,-4.607074882E-1,-7.788546258E-1,1.585415330E2,6.383703585E1,-5.014837837E1,1.743893667E2
2.340825367E1,1.888908586E-1,-3.820068176E-1,-4.607372044E-1,-7.785321392E-1,1.582238739E2,6.367195214E1,-5.025227866E1,1.748051237E2
2.341827667E1,1.914909609E-1,-3.817268413E-1,-4.608940275E-1,-7.779412615E-1,1.579203845E2,6.357390378E1,-5.039307553E1,1.751469908E2
2.342829967E1,1.941913516E-1,-3.815815085E-1,-4.610444180E-1,-7.772537199E-1,1.576050230E2,6.348185026E1,-5.055483336E1,1.754880608E2
2.343832267E1,1.970351049E-1,-3.812418338E-1,-4.610107558E-1,-7.767245030E-1,1.572727333E2,6.333078974E1,-5.070634561E1,1.758863769E2
2.344834579E1,1.999166638E-1,-3.805493032E-1,-4.607788375E-1,-7.764652367E-1,1.569358284E2,6.310805316E1,-5.082329081E1,1.763476697E2
2.345836879E1,2.027581201E-1,-3.793589866E-1,-4.603589759E-1,-7.765600671E-1,1.566034142E2,6.280666839E1,-5.088425995E1,1.768766090E2
2.346839279E1,2.053144950E-1,-3.777846543E-1,-4.596364736E-1,-7.770837838E-1,1.563041802E2,6.242643612E1,-5.088494989E1,1.774385939E2
2.347841579E1,2.075555905E-1,-3.758736029E-1,-4.586814549E-1,-7.779788354E-1,1.560417161E2,6.198815879E1,-5.082745142E1,1.780163152E2
2.348843879E1,2.094416409E-1,-3.737585871E-1,-4.575728269E-1,-7.791443011E-1,1.558207340E2,6.152186654E1,-5.072290505E1,1.785813768E2
2.349846179E1,2.109251046E-1,-3.717410307E-1,-4.564560065E-1,-7.803635462E-1,1.556468575E2,6.108308246E1,-5.060079312E1,1.790818918E2
2.350848479E1,2.120577168E-1,-3.699952503E-1,-4.555027870E-1,-7.814424634E-1,1.555140660E2,6.071551156E1,-5.048389509E1,1.794916008E2
2.351850879E1,2.130939182E-1,-3.684468198E-1,-4.547765521E-1,-7.823146713E-1,1.553925487E2,6.041296584E1,-5.038110042E1,1.798464495E2
2.352853179E1,2.143555419E-1,-3.668929893E-1,-4.542204270E-1,-7.830229913E-1,1.552445578E2,6.013419716E1,-5.029112693E1,-1.797856579E2
2.353855479E1,2.160672519E-1,-3.650546439E-1,-4.537149862E-1,-7.837045480E-1,1.550437037E2,5.982578691E1,-5.019752479E1,-1.793372704E2
2.354857779E1,2.182403012E-1,-3.628108932E-1,-4.531852214E-1,-7.844505050E-1,1.547886032E2,5.946527495E1,-5.008711997E1,-1.787893497E2
2.355860079E1,2.205142923E-1,-3.604266144E-1,-4.526477121E-1,-7.852236468E-1,1.545215167E2,5.909239414E1,-4.996588514E1,-1.782170448E2
2.356862379E1,2.225795933E-1,-3.581891225E-1,-4.523141620E-1,-7.858566714E-1,1.542788195E2,5.878094952E1,-4.984674977E1,-1.777066744E2
2.357864779E1,2.242587237E-1,-3.563448132E-1,-4.524598689E-1,-7.861338291E-1,1.540814154E2,5.860586438E1,-4.974761473E1,-1.773272355E2
2.358867079E1,2.253787130E-1,-3.549663110E-1,-4.530457575E-1,-7.860997955E-1,1.539497023E2,5.857075602E1,-4.966664143E1,-1.771032882E2
2.359869379E1,2.260166055E-1,-3.538009770E-1,-4.539201097E-1,-7.859375723E-1,1.538746692E2,5.862575021E1,-4.958052154E1,-1.769874690E2
2.360871679E1,2.263272910E-1,-3.527562251E-1,-4.550022880E-1,-7.856919615E-1,1.538381201E2,5.874218543E1,-4.948838831E1,-1.769434946E2
2.361873979E1,2.263789420E-1,-3.521024274E-1,-4.562461416E-1,-7.852490192E-1,1.538320437E2,5.892620966E1,-4.942412092E1,-1.769828205E2
2.362876279E1,2.262971139E-1,-3.520528047E-1,-4.575844462E-1,-7.845157273E-1,1.538416703E2,5.917413585E1,-4.941855371E1,-1.771028774E2
2.363878679E1,2.262249374E-1,-3.524455923E-1,-4.588327727E-1,-7.836305802E-1,1.538501613E2,5.943528484E1,-4.946182814E1,-1.772550501E2
2.364880979E1,2.263403987E-1,-3.527669515E-1,-4.597324077E-1,-7.829249788E-1,1.538365781E2,5.961926545E1,-4.950760388E1,-1.773468271E2
2.365883279E1,2.266607990E-1,-3.526987421E-1,-4.600271143E-1,-7.826899680E-1,1.537988833E2,5.965545204E1,-4.952133638E1,-1.773239944E2
2.366885579E1,2.271781727E-1,-3.521579769E-1,-4.597124670E-1,-7.829683268E-1,1.537380086E2,5.953750022E1,-4.949333039E1,-1.771793272E2
2.367887879E1,2.277795661E-1,-3.511177137E-1,-4.590901213E-1,-7.836256069E-1,1.536672386E2,5.932529427E1,-4.941418154E1,-1.769515482E2
2.368890279E1,2.283502976E-1,-3.496029401E-1,-4.584049980E-1,-7.845373486E-1,1.536000674E2,5.907234828E1,-4.928002619E1,-1.766800673E2
2.369892579E1,2.288667862E-1,-3.477522826E-1,-4.577088901E-1,-7.856150225E-1,1.535392722E2,5.879992390E1,-4.910473366E1,-1.763863074E2
2.370894879E1,2.294251687E-1,-3.458755045E-1,-4.569066459E-1,-7.867468129E-1,1.534735372E2,5.850738371E1,-4.892800992E1,-1.760784183E2
2.371897179E1,2.301468281E-1,-3.443906921E-1,-4.559062272E-1,-7.877671670E-1,1.533885674E2,5.819897364E1,-4.880306151E1,-1.757698022E2
2.372899479E1,2.310085204E-1,-3.435382299E-1,-4.548397434E-1,-7.885033460E-1,1.532870904E2,5.791343263E1,-4.875573492E1,-1.754942030E2
2.373901879E1,2.318582009E-1,-3.433757538E-1,-4.539205627E-1,-7.888542606E-1,1.531870070E2,5.769817536E1,-4.878454992E1,-1.752925520E2
2.374904179E1,2.325023944E-1,-3.438228687E-1,-4.532489738E-1,-7.888560097E-1,1.531111139E2,5.757419010E1,-4.886976722E1,-1.751907257E2
2.375906479E1,2.329597509E-1,-3.444925452E-1,-4.528975902E-1,-7.886307138E-1,1.530572249E2,5.753037570E1,-4.897023201E1,-1.751589780E2
2.376908779E1,2.332984641E-1,-3.450729389E-1,-4.528933439E-1,-7.882792723E-1,1.530173115E2,5.754993048E1,-4.905564082E1,-1.751640313E2
2.377911079E1,2.335581729E-1,-3.455610784E-1,-4.530662356E-1,-7.878890767E-1,1.529867055E2,5.759995588E1,-4.912702784E1,-1.751864444E2
2.378913379E1,2.339591581E-1,-3.458815736E-1,-4.533489461E-1,-7.874666810E-1,1.529394467E2,5.765357082E1,-4.918909741E1,-1.751849462E2
2.379915779E1,2.344912409E-1,-3.460814708E-1,-4.538903276E-1,-7.869084671E-1,1.528767298E2,5.774148059E1,-4.924741137E1,-1.751774644E2
2.380918079E1,2.349477967E-1,-3.464409571E-1,-4.547357355E-1,-7.861256948E-1,1.528229088E2,5.789896257E1,-4.932076290E1,-1.752197908E2
2.381920379E1,2.352967304E-1,-3.470012415E-1,-4.559129971E-1,-7.850917061E-1,1.527817707E2,5.813572916E1,-4.941179570E1,-1.753226554E2
2.382922679E1,2.355594528E-1,-3.476611769E-1,-4.573348631E-1,-7.838929865E-1,1.527507942E2,5.842901901E1,-4.950983346E1,-1.754675330E2
2.383924979E1,2.358714027E-1,-3.482040177E-1,-4.588929584E-1,-7.826466410E-1,1.527140109E2,5.873918422E1,-4.959845773E1,-1.756082896E2
2.384927379E1,2.362914593E-1,-3.483948798E-1,-4.605838689E-1,-7.814408829E-1,1.526644758E2,5.904751951E1,-4.965535108E1,-1.757154901E2
2.385929679E1,2.367173743E-1,-3.482356753E-1,-4.623272048E-1,-7.803526723E-1,1.526142445E2,5.934318029E1,-4.967402623E1,-1.757952597E2
2.386931979E1,2.371511075E-1,-3.477181067E-1,-4.642761646E-1,-7.792939013E-1,1.525630856E2,5.965365937E1,-4.965467308E1,-1.758592323E2
2.387934279E1,2.373481019E-1,-3.470652942E-1,-4.668989208E-1,-7.779569190E-1,1.525398483E2,6.009171546E1,-4.960888811E1,-1.759998179E2
2.388936579E1,2.370168066E-1,-3.465436901E-1,-4.704464158E-1,-7.761511162E-1,1.525789270E2,6.073465806E1,-4.954783919E1,-1.763007196E2
2.389938879E1,2.361743121E-1,-3.460760550E-1,-4.749760799E-1,-7.738545134E-1,1.526782909E2,6.158721969E1,-4.946237589E1,-1.767565256E2
2.390941279E1,2.347658698E-1,-3.454991173E-1,-4.802422759E-1,-7.712864005E-1,1.528443560E2,6.259336547E1,-4.932743835E1,-1.773355606E2
2.391943579E1,2.326903272E-1,-3.447033110E-1,-4.859800530E-1,-7.686730220E-1,1.530889711E2,6.369684434E1,-4.912105193E1,-1.780133802E2
2.392945879E1,2.297763994E-1,-3.435428397E-1,-4.918746270E-1,-7.663161491E-1,1.534321844E2,6.482950632E1,-4.881324989E1,-1.787641610E2
2.393948179E1,2.262511738E-1,-3.416121347E-1,-4.973025088E-1,-7.647233986E-1,1.538470748E2,6.582929154E1,-4.837498372E1,-1.794591679E2
2.394950479E1,2.225381208E-1,-3.387084750E-1,-5.016055282E-1,-7.642939222E-1,1.542836942E2,6.653960888E1,-4.781653018E1,-1.799681758E2
2.395952779E1,2.189795570E-1,-3.347890130E-1,-5.043499361E-1,-7.652420788E-1,1.547017909E2,6.686959768E1,-4.716156612E1,1.797845385E2
2.396955179E1,2.156713876E-1,-3.298632213E-1,-5.054268776E-1,-7.676065802E-1,1.550901618E2,6.680890334E1,-4.642083535E1,1.798053509E2
2.397957479E1,2.126607329E-1,-3.239530478E-1,-5.051682698E-1,-7.711257789E-1,1.554433525E2,6.643478931E1,-4.560027203E1,-1.799447445E2
2.398959779E1,2.096185944E-1,-3.173483416E-1,-5.038583036E-1,-7.755494067E-1,1.557999963E2,6.584479475E1,-4.470645477E1,-1.795693459E2
2.399962079E1,2.065400832E-1,-3.100708136E-1,-5.016450356E-1,-7.807366090E-1,1.561606621E2,6.508035178E1,-4.373999342E1,-1.790946433E2
2.400964379E1,2.035326738E-1,-3.023129802E-1,-4.986488478E-1,-7.864672107E-1,1.565127667E2,6.418337520E1,-4.272662906E1,-1.785454135E2
2.401966779E1,2.006736423E-1,-2.945593509E-1,-4.951644414E-1,-7.923238946E-1,1.568472909E2,6.323764811E1,-4.172113518E1,-1.779817443E2
2.402969079E1,1.978799384E-1,-2.875155799E-1,-4.916822898E-1,-7.977637462E-1,1.571739782E2,6.236443488E1,-4.079292584E1,-1.775024960E2
2.403971379E1,1.950410953E-1,-2.819238416E-1,-4.886656186E-1,-8.022991685E-1,1.575057514E2,6.166946938E1,-4.001545970E1,-1.771987263E2
2.404973679E1,1.922951860E-1,-2.782562334E-1,-4.860519134E-1,-8.058222658E-1,1.578264820E2,6.114542084E1,-3.944824997E1,-1.770740168E2
2.405975979E1,1.903303421E-1,-2.762553645E-1,-4.843221962E-1,-8.080157142E-1,1.580558736E2,6.082728757E1,-3.910915278E1,-1.770460836E2
2.406978379E1,1.894300432E-1,-2.754974061E-1,-4.837865835E-1,-8.088065998E-1,1.581609519E2,6.073131316E1,-3.897164159E1,-1.770611284E2
2.407980679E1,1.894650251E-1,-2.761190616E-1,-4.842932835E-1,-8.082829674E-1,1.581568693E2,6.084065735E1,-3.904111827E1,-1.771338109E2
2.408982979E1,1.903343671E-1,-2.779063092E-1,-4.854892740E-1,-8.067472837E-1,1.580554038E2,6.109273634E1,-3.928741677E1,-1.772404903E2
2.409985279E1,1.921981218E-1,-2.794664486E-1,-4.862056546E-1,-8.053336573E-1,1.578378161E2,6.122985944E1,-3.957019614E1,-1.771884409E2
2.410987579E1,1.944032660E-1,-2.801414514E-1,-4.852469191E-1,-8.051481901E-1,1.575802677E2,6.104199777E1,-3.977526281E1,-1.769292274E2
2.411989879E1,1.963049950E-1,-2.799801554E-1,-4.831029511E-1,-8.060316934E-1,1.573580643E2,6.062883259E1,-3.986768175E1,-1.765687131E2
2.412992279E1,1.972898193E-1,-2.799029108E-1,-4.812346972E-1,-8.069351322E-1,1.572429608E2,6.029106892E1,-3.991215727E1,-1.763371250E2
2.413994579E1,1.974796488E-1,-2.804253842E-1,-4.801707211E-1,-8.073410064E-1,1.572207714E2,6.013547125E1,-3.997443296E1,-1.762917890E2
2.414996879E1,1.972340169E-1,-2.815392411E-1,-4.799145525E-1,-8.071656755E-1,1.572494834E2,6.015187900E1,-4.007640506E1,-1.763906191E2
2.415999179E1,1.969097180E-1,-2.834597571E-1,-4.807464786E-1,-8.060769592E-1,1.572873887E2,6.038693731E1,-4.026382069E1,-1.766264091E2
2.417001479E1,1.968620499E-1,-2.862029479E-1,-4.826540239E-1,-8.039765710E-1,1.572929601E2,6.083264129E1,-4.055920535E1,-1.769615217E2
2.418003879E1,1.973203547E-1,-2.896649533E-1,-4.848841191E-1,-8.012779083E-1,1.572393915E2,6.135833299E1,-4.096207027E1,-1.773199868E2
2.419006179E1,1.985416440E-1,-2.933944858E-1,-4.864820325E-1,-7.986463855E-1,1.570966174E2,6.177811998E1,-4.143811952E1,-1.775790487E2
2.420008479E1,2.006362370E-1,-2.970500295E-1,-4.873147067E-1,-7.962604735E-1,1.568516662E2,6.204679254E1,-4.195944075E1,-1.776875865E2
2.421010779E1,2.031723182E-1,-3.010295876E-1,-4.879610181E-1,-7.937230435E-1,1.565549416E2,6.229376652E1,-4.254340794E1,-1.777641316E2
2.422013079E1,2.054692793E-1,-3.057893155E-1,-4.890022139E-1,-7.906655847E-1,1.562860568E2,6.266640414E1,-4.319661524E1,-1.779677860E2
2.423015379E1,2.070160897E-1,-3.113716972E-1,-4.907130914E-1,-7.870149722E-1,1.561049109E2,6.323889354E1,-4.389026459E1,-1.783889496E2
2.424017779E1,2.079292012E-1,-3.173704897E-1,-4.928515066E-1,-7.830318000E-1,1.559979486E2,6.395167763E1,-4.458598074E1,-1.789704110E2
2.425020079E1,2.086022442E-1,-3.233983373E-1,-4.950728088E-1,-7.789747022E-1,1.559190945E2,6.471326967E1,-4.526623600E1,-1.796108446E2
2.426022379E1,2.093673781E-1,-3.294107907E-1,-4.971998391E-1,-7.748846034E-1,1.558294369E2,6.548012526E1,-4.594771167E1,1.797449737E2
2.427024679E1,2.105818817E-1,-3.353547976E-1,-4.990245922E-1,-7.708222373E-1,1.556870917E2,6.619944321E1,-4.664957890E1,1.791604558E2
2.428026979E1,2.129715659E-1,-3.408381605E-1,-5.001969753E-1,-7.669912152E-1,1.554068986E2,6.675134729E1,-4.738291491E1,1.787917246E2
2.429029379E1,2.164765189E-1,-3.456564726E-1,-5.005495758E-1,-7.636162431E-1,1.549956683E2,6.708096875E1,-4.812580523E1,1.786757285E2
2.430031679E1,2.206606051E-1,-3.498015256E-1,-5.003912775E-1,-7.606289587E-1,1.545043271E2,6.724824411E1,-4.884844903E1,1.787466716E2
2.431033979E1,2.243254843E-1,-3.540943085E-1,-5.003128422E-1,-7.576162599E-1,1.540735652E2,6.746726287E1,-4.955252812E1,1.787271938E2
2.432036279E1,2.262967135E-1,-3.592625711E-1,-5.007453901E-1,-7.543038337E-1,1.538417174E2,6.792935649E1,-5.023015786E1,1.783512945E2
2.433038579E1,2.268316413E-1,-3.647143292E-1,-5.017638476E-1,-7.508421444E-1,1.537787827E2,6.860124718E1,-5.083383727E1,1.776977013E2
2.434040879E1,2.265882854E-1,-3.700362907E-1,-5.033228648E-1,-7.472596623E-1,1.538074147E2,6.942004835E1,-5.136328369E1,1.768918087E2
2.435043279E1,2.259338080E-1,-3.753358829E-1,-5.051673320E-1,-7.435609602E-1,1.538844090E2,7.033498201E1,-5.185396260E1,1.759872247E2
2.436045579E1,2.254077522E-1,-3.802138643E-1,-5.069405448E-1,-7.400270945E-1,1.539462868E2,7.121542629E1,-5.230470804E1,1.751332218E2
2.437047879E1,2.256892299E-1,-3.841100085E-1,-5.084800796E-1,-7.368662284E-1,1.539131787E2,7.194007200E1,-5.271123966E1,1.745045048E2
2.438050179E1,2.268908155E-1,-3.871162273E-1,-5.094682862E-1,-7.342367919E-1,1.537718203E2,7.243942124E1,-5.309738970E1,1.741440059E2
2.439052479E1,2.292042138E-1,-3.892624818E-1,-5.096523310E-1,-7.322531504E-1,1.534995499E2,7.264829686E1,-5.348549804E1,1.741056355E2
2.440054879E1,2.325703140E-1,-3.907021813E-1,-5.089910838E-1,-7.308836307E-1,1.531031115E2,7.256779300E1,-5.388815796E1,1.743753433E2
2.441057179E1,2.361846381E-1,-3.920224472E-1,-5.074698618E-1,-7.300750224E-1,1.526770732E2,7.228071175E1,-5.430404923E1,1.747870332E2
2.442059479E1,2.394759066E-1,-3.934552714E-1,-5.055178727E-1,-7.295860979E-1,1.522887800E2,7.192019184E1,-5.470992673E1,1.751981366E2
2.443061779E1,2.419398113E-1,-3.953140370E-1,-5.036806020E-1,-7.290389475E-1,1.519978842E2,7.165767679E1,-5.509675180E1,1.754434242E2
2.444064075E1,2.435369451E-1,-3.976440570E-1,-5.024844165E-1,-7.280649127E-1,1.518092236E2,7.161838522E1,-5.546382500E1,1.754474947E2
2.445066375E1,2.443074948E-1,-4.004750503E-1,-5.021893148E-1,-7.264568208E-1,1.517181749E2,7.186836663E1,-5.581552941E1,1.751738310E2
2.446068775E1,2.444080362E-1,-4.038486368E-1,-5.026165310E-1,-7.242566078E-1,1.517062936E2,7.237673275E1,-5.616732909E1,1.746478464E2
2.447071075E1,2.442043404E-1,-4.076061759E-1,-5.035216978E-1,-7.215866471E-1,1.517303648E2,7.306501927E1,-5.652958595E1,1.739582310E2
2.448073375E1,2.439538617E-1,-4.116718506E-1,-5.045391860E-1,-7.186466094E-1,1.517599627E2,7.383970987E1,-5.691500711E1,1.731850646E2
2.449075675E1,2.438922219E-1,-4.157803728E-1,-5.053574617E-1,-7.157213863E-1,1.517672461E2,7.459082775E1,-5.731702977E1,1.724320571E2
2.450077975E1,2.439412387E-1,-4.197671090E-1,-5.058361841E-1,-7.130343983E-1,1.517614543E2,7.526538270E1,-5.771539575E1,1.717340932E2
2.451080375E1,2.438154304E-1,-4.236090524E-1,-5.059090929E-1,-7.107499126E-1,1.517763197E2,7.585056049E1,-5.808757591E1,1.710727525E2
2.452082675E1,2.434794357E-1,-4.270019053E-1,-5.057828736E-1,-7.089222567E-1,1.518160182E2,7.634470340E1,-5.839899751E1,1.704734508E2
2.453084975E1,2.430289070E-1,-4.298288762E-1,-5.057675190E-1,-7.073777222E-1,1.518692437E2,7.679280982E1,-5.864227631E1,1.699331860E2
2.454087275E1,2.424522749E-1,-4.323002910E-1,-5.060062308E-1,-7.058972509E-1,1.519373581E2,7.725707424E1,-5.883537115E1,1.693993306E2
2.455089575E1,2.419243645E-1,-4.344825758E-1,-5.064571125E-1,-7.044136608E-1,1.519997084E2,7.773066066E1,-5.899913820E1,1.688880572E2
2.456091975E1,2.415881591E-1,-4.364623845E-1,-5.069766120E-1,-7.029298810E-1,1.520394125E2,7.818810574E1,-5.915572887E1,1.684205958E2
2.457094275E1,2.413122237E-1,-4.385093015E-1,-5.073925882E-1,-7.014491358E-1,1.520719964E2,7.863635704E1,-5.932377054E1,1.679560810E2
2.458096575E1,2.410469936E-1,-4.407293631E-1,-5.077084182E-1,-6.999186572E-1,1.521033140E2,7.909618455E1,-5.950941893E1,1.674679944E2
2.459098875E1,2.407014526E-1,-4.431082076E-1,-5.079740356E-1,-6.983412061E-1,1.521441113E2,7.958081923E1,-5.970296029E1,1.669408538E2
2.460101175E1,2.401920026E-1,-4.455349336E-1,-5.081974191E-1,-6.968083884E-1,1.522042544E2,8.007575588E1,-5.988668716E1,1.663847067E2
2.461103475E1,2.394319474E-1,-4.479630214E-1,-5.083879993E-1,-6.953726771E-1,1.522939683E2,8.057683817E1,-6.004882276E1,1.657980437E2
2.462105875E1,2.384899232E-1,-4.502502466E-1,-5.085067691E-1,-6.941312417E-1,1.524051369E2,8.104600138E1,-6.018242916E1,1.652231095E2
2.463108175E1,2.375656217E-1,-4.521381304E-1,-5.085122903E-1,-6.932164232E-1,1.525141884E2,8.141851576E1,-6.028123873E1,1.647415122E2
2.464110475E1,2.368399373E-1,-4.535130343E-1,-5.084472261E-1,-6.926141448E-1,1.525997887E2,8.167650337E1,-6.034962362E1,1.643926548E2
2.465112775E1,2.363959413E-1,-4.544514971E-1,-5.082588929E-1,-6.922887922E-1,1.526521539E2,8.181753918E1,-6.040337632E1,1.641791676E2
2.466115075E1,2.362612611E-1,-4.551414806E-1,-5.078727883E-1,-6.921648594E-1,1.526680371E2,8.185737777E1,-6.046412591E1,1.640769010E2
2.467117375E1,2.363443747E-1,-4.558975976E-1,-5.073950933E-1,-6.919891070E-1,1.526582354E2,8.188340692E1,-6.055084022E1,1.639966599E2
2.468119775E1,2.366099841E-1,-4.568366084E-1,-5.069558599E-1,-6.916008503E-1,1.526269103E2,8.195083336E1,-6.066835039E1,1.638919400E2
2.469122075E1,2.369789587E-1,-4.578167307E-1,-5.066113121E-1,-6.910787140E-1,1.525833912E2,8.204837589E1,-6.079590855E1,1.637752791E2
2.470124375E1,2.372926998E-1,-4.587529781E-1,-5.063289308E-1,-6.905569360E-1,1.525463836E2,8.215502902E1,-6.091345652E1,1.636519769E2
2.471126675E1,2.373913656E-1,-4.596976576E-1,-5.061117902E-1,-6.900537448E-1,1.525347447E2,8.228501458E1,-6.101248379E1,1.634935832E2
2.472128975E1,2.373289250E-1,-4.607397042E-1,-5.061624428E-1,-6.893427907E-1,1.525421104E2,8.250512984E1,-6.110054973E1,1.632576084E2
2.473131375E1,2.370935349E-1,-4.620448182E-1,-5.065740542E-1,-6.882470148E-1,1.525698766E2,8.287267534E1,-6.118883668E1,1.628929340E2
2.474133675E1,2.366887355E-1,-4.637374528E-1,-5.072778052E-1,-6.867278948E-1,1.526176222E2,8.339767864E1,-6.128933666E1,1.623810452E2
2.475135975E1,2.362242140E-1,-4.658514452E-1,-5.082605103E-1,-6.847275843E-1,1.526724060E2,8.408537319E1,-6.141275860E1,1.617245892E2
2.476138275E1,2.358325855E-1,-4.684583371E-1,-5.095350060E-1,-6.821318442E-1,1.527185882E2,8.495732014E1,-6.157375491E1,1.609140835E2
2.477140575E1,2.356776115E-1,-4.714504472E-1,-5.110519343E-1,-6.789819152E-1,1.527368620E2,8.598411216E1,-6.177529981E1,1.599899610E2
2.478142875E1,2.358012914E-1,-4.746755386E-1,-5.127120842E-1,-6.754311065E-1,1.527222783E2,8.711544768E1,-6.200854407E1,1.589983829E2
2.479145275E1,2.362341396E-1,-4.780283889E-1,-5.143858356E-1,-6.716319895E-1,1.526712355E2,8.830145029E1,-6.226990059E1,1.579800628E2
2.480147575E1,2.375056468E-1,-4.809706696E-1,-5.160559374E-1,-6.677908733E-1,1.525212635E2,8.941471664E1,-6.256176020E1,1.571132374E2
2.481149875E1,2.400538874E-1,-4.830393252E-1,-5.178396724E-1,-6.639950017E-1,1.522205583E2,9.037333429E1,-6.288458957E1,1.565355076E2
2.482152175E1,2.437399875E-1,-4.844280836E-1,-5.198824261E-1,-6.600322496E-1,1.517852337E2,9.125951055E1,-6.324104537E1,1.561656010E2
2.483154475E1,2.483033322E-1,-4.857234103E-1,-5.224074583E-1,-6.553691012E-1,1.512457304E2,9.228190802E1,-6.364842757E1,1.557894392E2
2.484156875E1,2.533499748E-1,-4.877166863E-1,-5.255845891E-1,-6.493896646E-1,1.506483292E2,9.370673738E1,-6.412522993E1,1.551166720E2
2.485159175E1,2.584074912E-1,-4.911132283E-1,-5.292981361E-1,-6.417762789E-1,1.500488215E2,9.572934924E1,-6.467806135E1,1.538929333E2
2.486161475E1,2.627837671E-1,-4.965518050E-1,-5.333867703E-1,-6.323603358E-1,1.495293893E2,9.854271678E1,-6.527559449E1,1.518444555E2
2.487163775E1,2.655736988E-1,-5.045299848E-1,-5.377265127E-1,-6.211041138E-1,1.491979103E2,1.023258442E2,-6.583121881E1,1.487006861E2
2.488166075E1,2.665033318E-1,-5.146553489E-1,-5.424040490E-1,-6.081970207E-1,1.490873997E2,1.070403509E2,-6.622400684E1,1.444978930E2
2.489168475E1,2.653368019E-1,-5.260286332E-1,-5.477648338E-1,-5.940066720E-1,1.492260668E2,1.124449813E2,-6.629298499E1,1.395113660E2
2.490170775E1,2.619525680E-1,-5.375623817E-1,-5.539566167E-1,-5.792577301E-1,1.496280956E2,1.180241796E2,-6.592258270E1,1.342768808E2
2.491173075E1,2.571718510E-1,-5.478359888E-1,-5.607476785E-1,-5.650667176E-1,1.501953686E2,1.230651684E2,-6.516823659E1,1.295623255E2
2.492175375E1,2.521099302E-1,-5.558734607E-1,-5.677050438E-1,-5.524095133E-1,1.507951956E2,1.271197859E2,-6.420907999E1,1.258620884E2
2.493177675E1,2.478194021E-1,-5.615160880E-1,-5.741623553E-1,-5.418696612E-1,1.513029739E2,1.301298955E2,-6.326722378E1,1.232395949E2
2.494179975E1,2.452674420E-1,-5.651139899E-1,-5.794035747E-1,-5.336493083E-1,1.516047215E2,1.322693928E2,-6.254373604E1,1.215103479E2
2.495182375E1,2.449542066E-1,-5.672443182E-1,-5.827843683E-1,-5.278197248E-1,1.516417450E2,1.337412321E2,-6.216751982E1,1.204286753E2
2.496184675E1,2.469619350E-1,-5.683065163E-1,-5.839460909E-1,-5.244467757E-1,1.514043846E2,1.346642103E2,-6.219225871E1,1.198330635E2
2.497186975E1,2.509014431E-1,-5.685512070E-1,-5.830571434E-1,-5.232994120E-1,1.509382773E2,1.351307115E2,-6.257627901E1,1.196146588E2
2.498189275E1,2.559221021E-1,-5.681438353E-1,-5.806216258E-1,-5.240180580E-1,1.503435382E2,1.351893117E2,-6.320473449E1,1.197114482E2
2.499191575E1,2.612136916E-1,-5.672364970E-1,-5.772179316E-1,-5.261459997E-1,1.497158190E2,1.348905307E2,-6.395544470E1,1.200731595E2
2.500193975E1,2.660042499E-1,-5.662123770E-1,-5.733399517E-1,-5.290808744E-1,1.491467319E2,1.343525744E2,-6.471119137E1,1.205746980E2
2.501196275E1,2.697798384E-1,-5.654366028E-1,-5.694917951E-1,-5.321459723E-1,1.486976672E2,1.337416717E2,-6.537638125E1,1.210653278E2
2.502198575E1,2.723007678E-1,-5.652688511E-1,-5.661960874E-1,-5.345515037E-1,1.483975562E2,1.332884589E2,-6.587864002E1,1.213549063E2
2.503200875E1,2.735080116E-1,-5.660664707E-1,-5.637856765E-1,-5.356377228E-1,1.482537578E2,1.332190303E2,-6.617917166E1,1.212505256E2
2.504203175E1,2.736630804E-1,-5.678368403E-1,-5.622424784E-1,-5.353065645E-1,1.482352834E2,1.335845210E2,-6.630014257E1,1.207214210E2
2.505205475E1,2.730420571E-1,-5.704050645E-1,-5.612978352E-1,-5.338827913E-1,1.483092651E2,1.342936645E2,-6.628747819E1,1.198517593E2
2.506207875E1,2.718441489E-1,-5.735428756E-1,-5.607238168E-1,-5.317311209E-1,1.484519321E2,1.352252077E2,-6.617736443E1,1.187538785E2
2.507210175E1,2.703841399E-1,-5.769682244E-1,-5.604128672E-1,-5.290912530E-1,1.486257466E2,1.362850614E2,-6.600644212E1,1.175377419E2
2.508212475E1,2.688743239E-1,-5.804639321E-1,-5.603152914E-1,-5.261320701E-1,1.488054129E2,1.374049267E2,-6.579860993E1,1.162846481E2
2.509214775E1,2.675899724E-1,-5.838403306E-1,-5.602987553E-1,-5.230596175E-1,1.489581873E2,1.385247933E2,-6.559217822E1,1.150633718E2
2.510217075E1,2.668822004E-1,-5.868219199E-1,-5.601725308E-1,-5.202120500E-1,1.490423530E2,1.395585880E2,-6.544238719E1,1.139675236E2
2.511219475E1,2.668390631E-1,-5.892703646E-1,-5.597518552E-1,-5.179143514E-1,1.490474822E2,1.404349791E2,-6.538271424E1,1.130528655E2
2.512221775E1,2.676417498E-1,-5.909686258E-1,-5.591402241E-1,-5.162231248E-1,1.489520294E2,1.411319193E2,-6.542833669E1,1.123682860E2
2.513224075E1,2.695523824E-1,-5.918922595E-1,-5.583839133E-1,-5.149877690E-1,1.487247345E2,1.417058518E2,-6.559699268E1,1.118864490E2
2.514226375E1,2.724981626E-1,-5.924260744E-1,-5.573627123E-1,-5.139289875E-1,1.483740474E2,1.422790823E2,-6.587984685E1,1.114670037E2
2.515228675E1,2.768421224E-1,-5.927353940E-1,-5.556976128E-1,-5.130530390E-1,1.478563545E2,1.429229928E2,-6.633249427E1,1.110286490E2
2.516230975E1,2.823250164E-1,-5.932467314E-1,-5.531977871E-1,-5.121749410E-1,1.472019638E2,1.437458395E2,-6.693417770E1,1.104211261E2
2.517233375E1,2.879772144E-1,-5.947615748E-1,-5.497780748E-1,-5.109520397E-1,1.465262130E2,1.449010486E2,-6.758352128E1,1.093985071E2
2.518235675E1,2.929858405E-1,-5.979773451E-1,-5.455735394E-1,-5.088536535E-1,1.459264024E2,1.465833876E2,-6.816465486E1,1.077133750E2
2.519237975E1,2.970581849E-1,-6.032876926E-1,-5.408164115E-1,-5.052899372E-1,1.454380075E2,1.489838969E2,-6.858782860E1,1.051808248E2
2.520240275E1,3.005299051E-1,-6.104542452E-1,-5.358802700E-1,-4.998597373E-1,1.450211336E2,1.521605714E2,-6.880876178E1,1.018215664E2
2.521242575E1,3.041275179E-1,-6.187123012E-1,-5.308899436E-1,-4.928057457E-1,1.445886380E2,1.559559584E2,-6.886388520E1,9.787478590E1
2.522244975E1,3.087061461E-1,-6.270354292E-1,-5.260104659E-1,-4.846030786E-1,1.440374517E2,1.601453501E2,-6.882665370E1,9.365959583E1
2.523247275E1,3.145443960E-1,-6.347899120E-1,-5.211593953E-1,-4.759163760E-1,1.433333768E2,1.645160248E2,-6.875972337E1,8.940011686E1
2.524249575E1,3.218044120E-1,-6.414707248E-1,-5.160712275E-1,-4.675763893E-1,1.424558335E2,1.689034590E2,-6.875209585E1,8.523800578E1
2.525251875E1,3.307466087E-1,-6.467138665E-1,-5.105457862E-1,-4.601206276E-1,1.413718043E2,1.733003791E2,-6.888437958E1,8.117575555E1
2.526254175E1,3.414508651E-1,-6.506376380E-1,-5.040527428E-1,-4.538862131E-1,1.400694134E2,1.778622960E2,-6.920382767E1,7.700518347E1
2.527256475E1,3.539496447E-1,-6.534353932E-1,-4.962041093E-1,-4.489135962E-1,1.385418315E2,-1.771802845E2,-6.970754304E1,7.246056625E1
2.528258875E1,3.681670622E-1,-6.553093896E-1,-4.867254727E-1,-4.451077990E-1,1.367947608E2,-1.715810402E2,-7.034912382E1,6.726690944E1
2.529261175E1,3.839867712E-1,-6.563646624E-1,-4.756946309E-1,-4.421019964E-1,1.348382957E2,-1.651242748E2,-7.102863106E1,6.121912255E1
2.530263475E1,4.010658240E-1,-6.567415606E-1,-4.634423524E-1,-4.393836392E-1,1.327103496E2,-1.577495600E2,-7.159795988E1,5.427488265E1
2.531265775E1,4.190380232E-1,-6.564502943E-1,-4.504842512E-1,-4.365137516E-1,1.304522625E2,-1.496324641E2,-7.192278823E1,4.664142315E1
2.532268075E1,4.374687819E-1,-6.555096925E-1,-4.371484509E-1,-4.333928356E-1,1.281150187E2,-1.411455973E2,-7.192736581E1,3.868914425E1
2.533270475E1,4.560896595E-1,-6.538296243E-1,-4.238359579E-1,-4.299444021E-1,1.257298664E2,-1.327287298E2,-7.159258783E1,3.087562264E1
2.534272775E1,4.745861504E-1,-6.515348338E-1,-4.108284921E-1,-4.260167280E-1,1.233351845E2,-1.248038834E2,-7.092235342E1,2.362317592E1
2.535275075E1,4.931296547E-1,-6.484932327E-1,-3.984522703E-1,-4.213258812E-1,1.209070138E2,-1.175672572E2,-6.995625666E1,1.718256732E1
2.536277375E1,5.119088416E-1,-6.445345794E-1,-3.870564895E-1,-4.155860020E-1,1.184178789E2,-1.110976523E2,-6.874786709E1,1.169248470E1
2.537279675E1,5.302446753E-1,-6.398146698E-1,-3.763646453E-1,-4.096673043E-1,1.159560239E2,-1.054101503E2,-6.742129750E1,7.055249833E0
2.538281975E1,5.484230905E-1,-6.337432687E-1,-3.655546319E-1,-4.049336495E-1,1.134822050E2,-1.000215757E2,-6.609309901E1,2.713543745E0
2.539284375E1,5.655700669E-1,-6.268776525E-1,-3.551881720E-1,-4.012434875E-1,1.111162257E2,-9.515666634E1,-6.480022808E1,-1.149766258E0
2.540286675E1,5.810358319E-1,-6.201164340E-1,-3.470787180E-1,-3.967233433E-1,1.089531389E2,-9.128872566E1,-6.355466611E1,-3.935118806E0
2.541288975E1,5.935449112E-1,-6.150044532E-1,-3.425333384E-1,-3.900575874E-1,1.071820570E2,-8.890078036E1,-6.242332917E1,-5.169841234E0
2.542291275E1,6.028540963E-1,-6.112050518E-1,-3.425600911E-1,-3.816384594E-1,1.058508362E2,-8.781247221E1,-6.158767222E1,-4.991033953E0
2.543293575E1,6.079197998E-1,-6.095919655E-1,-3.476460778E-1,-3.714477834E-1,1.051215151E2,-8.821139158E1,-6.110954632E1,-3.295857074E0
2.544295950E1,6.068537269E-1,-6.130106334E-1,-3.575476685E-1,-3.579192457E-1,1.052752941E2,-9.085041786E1,-6.078271703E1,4.638653255E-1
2.545298250E1,6.013820018E-1,-6.213491239E-1,-3.713182346E-1,-3.382126121E-1,1.060621190E2,-9.551469628E1,-6.010088250E1,6.293849724E0
2.546300550E1,5.930704325E-1,-6.330874216E-1,-3.871201207E-1,-3.124193730E-1,1.072496010E2,-1.012574004E2,-5.873284937E1,1.332108117E1
2.547302850E1,5.847801158E-1,-6.446381132E-1,-4.015307920E-1,-2.850386202E-1,1.084250846E2,-1.063038445E2,-5.683597594E1,1.969003555E1
2.548305150E1,5.797737024E-1,-6.524026269E-1,-4.117102147E-1,-2.621601728E-1,1.091307447E2,-1.093891852E2,-5.503132218E1,2.401117642E1
2.549307450E1,5.779792582E-1,-6.561137412E-1,-4.171697489E-1,-2.478389266E-1,1.093829208E2,-1.107524510E2,-5.384772428E1,2.625100300E1
2.550309850E1,5.785677335E-1,-6.565707921E-1,-4.181950869E-1,-2.434894351E-1,1.093002648E2,-1.108635608E2,-5.347954657E1,2.670053634E1
2.551312150E1,5.815684416E-1,-6.543522453E-1,-4.149535096E-1,-2.478205084E-1,1.088781315E2,-1.098692147E2,-5.380108964E1,2.555876737E1
2.552314450E1,5.874597281E-1,-6.499632621E-1,-4.069930446E-1,-2.584483420E-1,1.080461015E2,-1.076639621E2,-5.450319526E1,2.284187931E1
2.553316750E1,5.969426847E-1,-6.436060844E-1,-3.933550831E-1,-2.733174130E-1,1.066975081E2,-1.039944742E2,-5.522904126E1,1.840084741E1
2.554319050E1,6.097896026E-1,-6.351998217E-1,-3.750730341E-1,-2.898243421E-1,1.048514172E2,-9.900551044E1,-5.565180782E1,1.259458502E1
2.555321350E1,6.244182047E-1,-6.253700702E-1,-3.547615511E-1,-3.052188790E-1,1.027210041E2,-9.343580116E1,-5.556706905E1,6.350746269E0
2.556323750E1,6.391475273E-1,-6.152291802E-1,-3.347726706E-1,-3.176644113E-1,1.005434358E2,-8.811922638E1,-5.496595479E1,5.843814290E-1
2.557326050E1,6.526270272E-1,-6.061438791E-1,-3.166999755E-1,-3.261421551E-1,9.852007490E1,-8.369595818E1,-5.397418378E1,-4.072230273E0
2.558328350E1,6.642856042E-1,-5.990827753E-1,-3.014777034E-1,-3.300539727E-1,9.674491558E1,-8.045028552E1,-5.274923271E1,-7.335044227E0
2.559330650E1,6.742909604E-1,-5.941837099E-1,-2.895857172E-1,-3.292679023E-1,9.520177322E1,-7.832502530E1,-5.142763666E1,-9.220871329E0
2.560332950E1,6.830375379E-1,-5.909356735E-1,-2.814767795E-1,-3.240764116E-1,9.383706920E1,-7.709753925E1,-5.013305050E1,-9.885085083E0
2.561335350E1,6.908202695E-1,-5.885818247E-1,-2.774221157E-1,-3.152392500E-1,9.260984914E1,-7.650215749E1,-4.897173364E1,-9.556084024E0
2.562337650E1,6.977694630E-1,-5.864383625E-1,-2.770535415E-1,-3.040544669E-1,9.150335896E1,-7.628089312E1,-4.800964112E1,-8.541990238E0
2.563339950E1,7.039796325E-1,-5.840004202E-1,-2.793234864E-1,-2.921210082E-1,9.050566210E1,-7.620294770E1,-4.726276092E1,-7.199031105E0
2.564342250E1,7.098262855E-1,-5.808331056E-1,-2.826905771E-1,-2.808303311E-1,8.955843360E1,-7.604586212E1,-4.668168646E1,-5.880562700E0
2.565344550E1,7.157689912E-1,-5.767840578E-1,-2.856336072E-1,-2.709398145E-1,8.858748746E1,-7.566355458E1,-4.617373687E1,-4.834715356E0
2.566346850E1,7.222285436E-1,-5.718784281E-1,-2.870048866E-1,-2.626198158E-1,8.752243808E1,-7.498271148E1,-4.563823770E1,-4.189490856E0
2.567349250E1,7.295690073E-1,-5.661152891E-1,-2.860842097E-1,-2.557308292E-1,8.629945084E1,-7.396633778E1,-4.498993951E1,-3.991826171E0
2.568351550E1,7.377700465E-1,-5.596280778E-1,-2.827732060E-1,-2.501020965E-1,8.491639479E1,-7.265628931E1,-4.420051235E1,-4.202823706E0
2.569353850E1,7.465589499E-1,-5.525536660E-1,-2.775606313E-1,-2.455491199E-1,8.341364754E1,-7.113812424E1,-4.329767969E1,-4.720901472E0
2.570356150E1,7.557631051E-1,-5.448432689E-1,-2.709206166E-1,-2.420123671E-1,8.181581410E1,-6.945549500E1,-4.231617047E1,-5.477985898E0
2.571358450E1,7.652321322E-1,-5.364599025E-1,-2.630670782E-1,-2.396380034E-1,8.014470412E1,-6.762996822E1,-4.127906489E1,-6.456624566E0
2.572360850E1,7.748419719E-1,-5.274047258E-1,-2.541870849E-1,-2.384389887E-1,7.841858521E1,-6.568853626E1,-4.019697364E1,-7.627601113E0
2.573363150E1,7.844017411E-1,-5.177965509E-1,-2.447471602E-1,-2.381164600E-1,7.666923912E1,-6.369318713E1,-3.909085694E1,-8.901603023E0
2.574365450E1,7.936504034E-1,-5.078902924E-1,-2.354251835E-1,-2.382049262E-1,7.494406387E1,-6.172843292E1,-3.799949450E1,-1.015692507E1
2.575367750E1,8.022711620E-1,-4.980561577E-1,-2.270144532E-1,-2.382551231E-1,7.330493410E1,-5.988365659E1,-3.698336752E1,-1.127328607E1
2.576370050E1,8.100514070E-1,-4.886430173E-1,-2.201295759E-1,-2.378815967E-1,7.179809136E1,-5.822217516E1,-3.609394087E1,-1.216384791E1
2.577372350E1,8.169264220E-1,-4.799538755E-1,-2.151174516E-1,-2.366431326E-1,7.044342023E1,-5.678751309E1,-3.535394929E1,-1.276064836E1
2.578374750E1,8.229793838E-1,-4.721057425E-1,-2.119619276E-1,-2.342931929E-1,6.923167337E1,-5.558184303E1,-3.475740276E1,-1.304912353E1
2.579377050E1,8.283173664E-1,-4.651050034E-1,-2.105876242E-1,-2.306958751E-1,6.814744630E1,-5.459217103E1,-3.429558451E1,-1.303179215E1
2.580379350E1,8.330221770E-1,-4.588146811E-1,-2.109153897E-1,-2.260042987E-1,6.717909611E1,-5.378202969E1,-3.397164641E1,-1.274741527E1
2.581381650E1,8.371646854E-1,-4.529452478E-1,-2.128728369E-1,-2.206381830E-1,6.631616511E1,-5.309046041E1,-3.379983869E1,-1.226868521E1
2.582383950E1,8.408214724E-1,-4.472585948E-1,-2.161650853E-1,-2.150619442E-1,6.554606600E1,-5.246281099E1,-3.377197539E1,-1.168069762E1
2.583386250E1,8.442488330E-1,-4.413495645E-1,-2.202756252E-1,-2.096020096E-1,6.481691270E1,-5.182089031E1,-3.384515818E1,-1.107027150E1
2.584388650E1,8.477987356E-1,-4.347363762E-1,-2.246450417E-1,-2.043924484E-1,6.405390229E1,-5.107950910E1,-3.396050010E1,-1.050662217E1
2.585390950E1,8.517893046E-1,-4.269595767E-1,-2.289254651E-1,-1.993829372E-1,6.318635875E1,-5.016585706E1,-3.407304955E1,-1.002414342E1
2.586393250E1,8.565401606E-1,-4.175073241E-1,-2.327256989E-1,-1.945903558E-1,6.213939224E1,-4.899729702E1,-3.413630756E1,-9.669105581E0
2.587395550E1,8.622953760E-1,-4.058960464E-1,-2.357447514E-1,-1.900512456E-1,6.084941443E1,-4.749900727E1,-3.411427720E1,-9.481657660E0
2.588397850E1,8.688752366E-1,-3.921384142E-1,-2.382635894E-1,-1.857788407E-1,5.934360668E1,-4.568420594E1,-3.403814424E1,-9.444164329E0
2.589400250E1,8.758608028E-1,-3.762634297E-1,-2.412890113E-1,-1.818608064E-1,5.770596876E1,-4.357913358E1,-3.402304565E1,-9.513983975E0
2.590402550E1,8.828400470E-1,-3.583262736E-1,-2.455047973E-1,-1.786708168E-1,5.602624483E1,-4.119288454E1,-3.416152331E1,-9.708148888E0
2.591404850E1,8.871490565E-1,-3.432680317E-1,-2.530592563E-1,-1.763369772E-1,5.496568744E1,-3.924834422E1,-3.475470658E1,-9.750175811E0
2.592407150E1,8.850076594E-1,-3.375691061E-1,-2.708676880E-1,-1.715788509E-1,5.549507224E1,-3.889743660E1,-3.653255216E1,-8.648293134E0
2.593409450E1,8.752471236E-1,-3.408492794E-1,-3.033339850E-1,-1.604770338E-1,5.785152775E1,-4.054761548E1,-3.982026231E1,-5.538729647E0
2.594411750E1,8.595091532E-1,-3.481711463E-1,-3.458228652E-1,-1.429245573E-1,6.147696953E1,-4.394724374E1,-4.394760350E1,-3.882626205E-1
2.595414150E1,8.422822611E-1,-3.544959179E-1,-3.873925500E-1,-1.217387274E-1,6.523617741E1,-4.826848459E1,-4.763775487E1,5.927201185E0
2.596416450E1,8.283772150E-1,-3.570438214E-1,-4.198184386E-1,-1.003162008E-1,6.813520432E1,-5.226786369E1,-5.010048819E1,1.202048680E1
2.597418750E1,8.183276783E-1,-3.564390773E-1,-4.435532046E-1,-8.094158957E-2,7.016452676E1,-5.543651544E1,-5.159555064E1,1.720284931E1
2.598421050E1,8.100359180E-1,-3.544265785E-1,-4.622781932E-1,-6.724938504E-2,7.180111830E1,-5.788623952E1,-5.280605621E1,2.121332574E1
2.599423350E1,8.048902093E-1,-3.528316943E-1,-4.728493446E-1,-6.383608037E-2,7.280069287E1,-5.909608110E1,-5.372924957E1,2.297403695E1
2.600425750E1,8.069679646E-1,-3.519928877E-1,-4.687073209E-1,-7.222886661E-2,7.239851523E1,-5.798737754E1,-5.383410075E1,2.119862150E1
2.601428050E1,8.160650247E-1,-3.507610670E-1,-4.508383584E-1,-8.802988870E-2,7.061438874E1,-5.483338929E1,-5.289979282E1,1.662642048E1
2.602430350E1,8.281277056E-1,-3.488654203E-1,-4.259505259E-1,-1.051836560E-1,6.818622851E1,-5.111514138E1,-5.115748048E1,1.130875000E1
2.603432650E1,8.395173857E-1,-3.467888109E-1,-4.006877391E-1,-1.199886638E-1,6.582161645E1,-4.795614151E1,-4.911195775E1,6.706365985E0
2.604434950E1,8.483925847E-1,-3.450581664E-1,-3.795762246E-1,-1.307163855E-1,6.392546781E1,-4.574855135E1,-4.724546851E1,3.390993306E0
2.605437250E1,8.541538482E-1,-3.443862508E-1,-3.647997187E-1,-1.368961671E-1,6.266723815E1,-4.452305450E1,-4.584685427E1,1.431619981E0
2.606439650E1,8.569653802E-1,-3.450943561E-1,-3.566039308E-1,-1.391179804E-1,6.204491095E1,-4.412669139E1,-4.500853494E1,6.228430296E-1
2.607441950E1,8.574038338E-1,-3.467645985E-1,-3.541187369E-1,-1.386107431E-1,6.194735328E1,-4.430216160E1,-4.469850232E1,6.368700125E-1
2.608444250E1,8.560898215E-1,-3.487847447E-1,-3.560687395E-1,-1.366545814E-1,6.223931417E1,-4.481359008E1,-4.482790519E1,1.163845093E0
2.609446550E1,8.536090580E-1,-3.506074787E-1,-3.611878865E-1,-1.340501590E-1,6.278718488E1,-4.548908931E1,-4.528574745E1,1.988852450E0
2.610448850E1,8.502758745E-1,-3.519071558E-1,-3.688626222E-1,-1.308921378E-1,6.351662460E1,-4.626407986E1,-4.600444892E1,3.055281658E0
2.611451150E1,8.461970711E-1,-3.525765913E-1,-3.787640377E-1,-1.271930775E-1,6.439916026E1,-4.713045142E1,-4.694583496E1,4.353753869E0
2.612453550E1,8.416651469E-1,-3.525963753E-1,-3.899577600E-1,-1.233230274E-1,6.536725002E1,-4.803836299E1,-4.802135900E1,5.783652134E0
2.613455850E1,8.372445326E-1,-3.521450141E-1,-4.007514520E-1,-1.200573210E-1,6.629943447E1,-4.887811148E1,-4.907861992E1,7.121930911E0
2.614458150E1,8.335627525E-1,-3.515496188E-1,-4.094909672E-1,-1.179120464E-1,6.706704515E1,-4.954202657E1,-4.995832559E1,8.162124245E0
2.615460450E1,8.310649195E-1,-3.511915681E-1,-4.151293436E-1,-1.168895218E-1,6.758342624E1,-4.997973914E1,-5.054285218E1,8.806536927E0
2.616462750E1,8.299540971E-1,-3.510935030E-1,-4.175440524E-1,-1.164753025E-1,6.781195408E1,-5.018160979E1,-5.079345067E1,9.089090931E0
2.617465150E1,8.301394168E-1,-3.510883400E-1,-4.171789975E-1,-1.164786321E-1,6.777387571E1,-5.015053349E1,-5.075266195E1,9.052731478E0
2.618467450E1,8.312284914E-1,-3.509280292E-1,-4.150110321E-1,-1.169387914E-1,6.754971730E1,-4.992112746E1,-5.053492698E1,8.766552763E0
2.619469750E1,8.325986855E-1,-3.505630664E-1,-4.123056812E-1,-1.178521979E-1,6.726676270E1,-4.959236466E1,-5.028206724E1,8.353125414E0
2.620472050E1,8.337938436E-1,-3.501675894E-1,-4.098063441E-1,-1.192862444E-1,6.701909389E1,-4.925170036E1,-5.007885449E1,7.889081480E0
2.621474350E1,8.346689387E-1,-3.499104277E-1,-4.077115430E-1,-1.210857884E-1,6.683723691E1,-4.895086485E1,-4.993784423E1,7.426639745E0
2.622476650E1,8.350830314E-1,-3.499828624E-1,-4.063379509E-1,-1.226288267E-1,6.675103003E1,-4.877795955E1,-4.986144871E1,7.094079899E0
2.623479050E1,8.351049478E-1,-3.503437105E-1,-4.056868795E-1,-1.236009016E-1,6.674646469E1,-4.874043661E1,-4.983479248E1,6.929773667E0
2.624481350E1,8.350966870E-1,-3.505603427E-1,-4.053286340E-1,-1.242164142E-1,6.674818550E1,-4.871873103E1,-4.982413907E1,6.829714255E0
2.625483650E1,8.351276228E-1,-3.505336795E-1,-4.051141328E-1,-1.247821935E-1,6.674174102E1,-4.866794977E1,-4.982918670E1,6.729831652E0
2.626485950E1,8.351124499E-1,-3.504675248E-1,-4.050251029E-1,-1.253574137E-1,6.674490187E1,-4.861898758E1,-4.984923680E1,6.636641394E0
2.627488250E1,8.351005645E-1,-3.505357684E-1,-4.048396910E-1,-1.258431140E-1,6.674737778E1,-4.859117779E1,-4.985264173E1,6.558126727E0
2.628490650E1,8.352505652E-1,-3.508443150E-1,-4.041138064E-1,-1.263197527E-1,6.671612446E1,-4.856635391E1,-4.979233781E1,6.452241671E0
2.629492950E1,8.356350287E-1,-3.512575490E-1,-4.027767977E-1,-1.268982603E-1,6.663596053E1,-4.851041425E1,-4.966709442E1,6.286857165E0
2.630495250E1,8.361903556E-1,-3.515234588E-1,-4.011461730E-1,-1.276666816E-1,6.652001929E1,-4.839875598E1,-4.951930892E1,6.058419571E0
2.631497550E1,8.366981408E-1,-3.515767455E-1,-3.997512677E-1,-1.285650839E-1,6.641384703E1,-4.826148258E1,-4.940633641E1,5.816800377E0
2.632499850E1,8.369857509E-1,-3.514532974E-1,-3.989480753E-1,-1.295213959E-1,6.635364424E1,-4.813300444E1,-4.936460600E1,5.605120091E0
2.633502150E1,8.371201994E-1,-3.512043070E-1,-3.985155511E-1,-1.306547246E-1,6.632548478E1,-4.799946547E1,-4.937469711E1,5.391030720E0
2.634504550E1,8.371744634E-1,-3.511885494E-1,-3.979004547E-1,-1.322152749E-1,6.631411648E1,-4.787095393E1,-4.938396773E1,5.120558709E0
2.635506850E1,8.372803152E-1,-3.516300271E-1,-3.966872682E-1,-1.340040925E-1,6.629193559E1,-4.776890566E1,-4.933359922E1,4.804178747E0
2.636509150E1,8.374302948E-1,-3.525189528E-1,-3.950629643E-1,-1.355216952E-1,6.626049663E1,-4.773212227E1,-4.922001974E1,4.527136147E0
2.637511450E1,8.376005891E-1,-3.537651983E-1,-3.931741480E-1,-1.367102152E-1,6.622478322E1,-4.775834346E1,-4.905792242E1,4.302832256E0
2.638513750E1,8.380347228E-1,-3.551739791E-1,-3.904293121E-1,-1.382537803E-1,6.613366125E1,-4.773939396E1,-4.881566159E1,3.972457300E0
2.639516050E1,8.387618402E-1,-3.564917701E-1,-3.868351698E-1,-1.405372123E-1,6.598079393E1,-4.761548257E1,-4.851471528E1,3.466410109E0
2.640518450E1,8.395371104E-1,-3.576924759E-1,-3.828912942E-1,-1.436235206E-1,6.581745629E1,-4.741495771E1,-4.821487403E1,2.818045877E0
2.641520750E1,8.401410326E-1,-3.590113317E-1,-3.788924888E-1,-1.473575207E-1,6.568996938E1,-4.720632179E1,-4.794073442E1,2.091750844E0
2.642523050E1,8.404934645E-1,-3.607529607E-1,-3.747836400E-1,-1.515434614E-1,6.561547001E1,-4.704863058E1,-4.767572646E1,1.333201167E0
2.643525350E1,8.408712900E-1,-3.628692198E-1,-3.699957764E-1,-1.560915910E-1,6.553551926E1,-4.690723438E1,-4.735111614E1,5.086282015E-1
2.644527629E1,8.415244397E-1,-3.652098629E-1,-3.641168211E-1,-1.608649324E-1,6.539710297E1,-4.674618508E1,-4.691367434E1,-4.013872988E-1
2.645530029E1,8.424019370E-1,-3.677953540E-1,-3.572705365E-1,-1.656603165E-1,6.521073158E1,-4.659273235E1,-4.636819772E1,-1.353614192E0
2.646532329E1,8.435295971E-1,-3.704353957E-1,-3.495317376E-1,-1.704787339E-1,6.497053011E1,-4.642548743E1,-4.572385422E1,-2.352007746E0
2.647534629E1,8.448661790E-1,-3.728416140E-1,-3.412876751E-1,-1.752510005E-1,6.468479820E1,-4.622419872E1,-4.502105333E1,-3.376798357E0
2.648536929E1,8.461156855E-1,-3.750455122E-1,-3.331985596E-1,-1.800218340E-1,6.441665977E1,-4.602297324E1,-4.433736074E1,-4.386907621E0
2.649539229E1,8.470172488E-1,-3.771736225E-1,-3.258198792E-1,-1.847789910E-1,6.422256821E1,-4.586202869E1,-4.373608800E1,-5.339818024E0
2.650541529E1,8.475725124E-1,-3.792814390E-1,-3.191274549E-1,-1.895365062E-1,6.410276812E1,-4.574260757E1,-4.321537336E1,-6.239962819E0
2.651543929E1,8.479513915E-1,-3.813248868E-1,-3.130132116E-1,-1.938878522E-1,6.402090869E1,-4.566657847E1,-4.274280318E1,-7.046668521E0
2.652546229E1,8.483426829E-1,-3.832633179E-1,-3.071010071E-1,-1.977694926E-1,6.393626920E1,-4.561380387E1,-4.227187511E1,-7.778682303E0
2.653548529E1,8.489549291E-1,-3.849359419E-1,-3.010369765E-1,-2.011880024E-1,6.380363399E1,-4.554609661E1,-4.176082717E1,-8.467653251E0
2.654550829E1,8.497990251E-1,-3.863011969E-1,-2.948631033E-1,-2.041295364E-1,6.362036606E1,-4.545896548E1,-4.121296672E1,-9.111517087E0
2.655553129E1,8.507512277E-1,-3.874622477E-1,-2.888871964E-1,-2.064937006E-1,6.341305742E1,-4.538062221E1,-4.065926990E1,-9.674570317E0
2.656555529E1,8.517875134E-1,-3.883909799E-1,-2.832601865E-1,-2.082647323E-1,6.318675056E1,-4.530911011E1,-4.011555464E1,-1.014962902E1
2.657557829E1,8.529408830E-1,-3.889406643E-1,-2.780518423E-1,-2.095332049E-1,6.293401702E1,-4.521765643E1,-3.959193575E1,-1.055417034E1
2.658560129E1,8.541150099E-1,-3.890874460E-1,-2.734731930E-1,-2.105019081E-1,6.267579603E1,-4.509769904E1,-3.912116370E1,-1.090548435E1
2.659562429E1,8.551750453E-1,-3.889466597E-1,-2.696592562E-1,-2.113762444E-1,6.244184318E1,-4.495985875E1,-3.872916997E1,-1.121772302E1
2.660564729E1,8.560362740E-1,-3.887164484E-1,-2.663506917E-1,-2.125055271E-1,6.225118578E1,-4.481362555E1,-3.840531636E1,-1.153904351E1
2.661567029E1,8.567600196E-1,-3.883751590E-1,-2.632914469E-1,-2.140200319E-1,6.209055701E1,-4.464487213E1,-3.812617385E1,-1.190035331E1
2.662569429E1,8.573558075E-1,-3.879279019E-1,-2.606262857E-1,-2.157011011E-1,6.195804607E1,-4.446490727E1,-3.789757996E1,-1.226673537E1
2.663571729E1,8.576730679E-1,-3.875927712E-1,-2.588840825E-1,-2.171354638E-1,6.188737901E1,-4.433007897E1,-3.776295773E1,-1.254994336E1
2.664574029E1,8.575962342E-1,-3.875064439E-1,-2.585741873E-1,-2.179607412E-1,6.190449973E1,-4.428114349E1,-3.776518996E1,-1.267413744E1
2.665576329E1,8.570811576E-1,-3.877259395E-1,-2.599278650E-1,-2.179864086E-1,6.201916345E1,-4.433701613E1,-3.792260864E1,-1.260164184E1
2.666578629E1,8.560521001E-1,-3.884116792E-1,-2.628547424E-1,-2.172986564E-1,6.224767731E1,-4.451918901E1,-3.823128346E1,-1.233783616E1
2.667580929E1,8.544452936E-1,-3.897224146E-1,-2.670228023E-1,-2.161911215E-1,6.260298571E1,-4.483947841E1,-3.866910962E1,-1.192399375E1
2.668583329E1,8.523148969E-1,-3.916716800E-1,-2.718098677E-1,-2.151094226E-1,6.307129971E1,-4.527661812E1,-3.918598576E1,-1.144203979E1
2.669585629E1,8.497885516E-1,-3.941602038E-1,-2.763722166E-1,-2.147450842E-1,6.362264293E1,-4.577397485E1,-3.971757718E1,-1.102542266E1
2.670587929E1,8.469880199E-1,-3.970757858E-1,-2.797808957E-1,-2.160203214E-1,6.422886891E1,-4.625479544E1,-4.020279987E1,-1.084808785E1
2.671590229E1,8.441380500E-1,-4.001952058E-1,-2.810170575E-1,-2.197821805E-1,6.484059531E1,-4.661987679E1,-4.056768872E1,-1.109097678E1
2.672592529E1,8.415363883E-1,-4.031411440E-1,-2.793849629E-1,-2.263577000E-1,6.539456838E1,-4.677529670E1,-4.074800918E1,-1.186101644E1
2.673594929E1,8.394909596E-1,-4.054073379E-1,-2.747787338E-1,-2.353645236E-1,6.582718963E1,-4.665927119E1,-4.070658530E1,-1.314369364E1
2.674597229E1,8.380391692E-1,-4.067178731E-1,-2.677121192E-1,-2.461731672E-1,6.613272738E1,-4.628142993E1,-4.046267421E1,-1.483804425E1
2.675599529E1,8.367953525E-1,-4.071898546E-1,-2.590427022E-1,-2.585863203E-1,6.639350400E1,-4.570512723E1,-4.009964654E1,-1.685640464E1
2.676601829E1,8.351628576E-1,-4.072533488E-1,-2.496452826E-1,-2.726260888E-1,6.673440031E1,-4.502539991E1,-3.972062279E1,-1.912763622E1
2.677604129E1,8.326140058E-1,-4.073390281E-1,-2.403545630E-1,-2.881987382E-1,6.726359300E1,-4.432674694E1,-3.942253136E1,-2.157884031E1
2.678606429E1,8.288976021E-1,-4.076659033E-1,-2.319212894E-1,-3.048766465E-1,6.802867786E1,-4.365847569E1,-3.927577475E1,-2.411933084E1
2.679608829E1,8.239672216E-1,-4.083679380E-1,-2.250942639E-1,-3.219412733E-1,6.903215459E1,-4.305586399E1,-3.933708250E1,-2.663191760E1
2.680611129E1,8.177813497E-1,-4.097633043E-1,-2.204543911E-1,-3.387146021E-1,7.027337778E1,-4.257147809E1,-3.965420168E1,-2.900519048E1
2.681613429E1,8.103510500E-1,-4.121785294E-1,-2.182676019E-1,-3.546819146E-1,7.173951172E1,-4.225197417E1,-4.025054959E1,-3.115888862E1
2.682615729E1,8.017302915E-1,-4.157316563E-1,-2.185608386E-1,-3.696307696E-1,7.340869572E1,-4.210700659E1,-4.113139914E1,-3.306707979E1
2.683618029E1,7.919151123E-1,-4.203974494E-1,-2.215272918E-1,-3.834867357E-1,7.527031279E1,-4.212474157E1,-4.232191085E1,-3.471966253E1
2.684620329E1,7.808579920E-1,-4.260329677E-1,-2.274064189E-1,-3.962863753E-1,7.732160080E1,-4.227649700E1,-4.385266922E1,-3.612341803E1
2.685622729E1,7.685645570E-1,-4.325171445E-1,-2.361735008E-1,-4.079943905E-1,7.954967651E1,-4.255135983E1,-4.572179059E1,-3.727682444E1
2.686625029E1,7.550550275E-1,-4.398513810E-1,-2.475059349E-1,-4.185253180E-1,8.193964363E1,-4.297563201E1,-4.789685837E1,-3.816358506E1
2.687627329E1,7.404092927E-1,-4.480869068E-1,-2.609960558E-1,-4.276601838E-1,8.446741459E1,-4.361005023E1,-5.033105555E1,-3.873051240E1
2.688629629E1,7.247072841E-1,-4.572318984E-1,-2.761171966E-1,-4.353130716E-1,8.711099447E1,-4.452421603E1,-5.296676925E1,-3.892954045E1
2.689631929E1,7.079594435E-1,-4.672645237E-1,-2.923100263E-1,-4.416017502E-1,8.986173670E1,-4.579199183E1,-5.574869702E1,-3.872591931E1
2.690634329E1,6.901115914E-1,-4.780110639E-1,-3.091307282E-1,-4.468664078E-1,9.272211412E1,-4.746014714E1,-5.863661458E1,-3.811323106E1
2.691636629E1,6.712090354E-1,-4.891615816E-1,-3.261488037E-1,-4.514713198E-1,9.567910511E1,-4.955702933E1,-6.158366027E1,-3.708983891E1
2.692638929E1,6.513458579E-1,-5.003366289E-1,-3.432236090E-1,-4.556418769E-1,9.871369838E1,-5.212007155E1,-6.456367806E1,-3.561309185E1
2.693641229E1,6.306512442E-1,-5.110978467E-1,-3.602750121E-1,-4.596302385E-1,1.018036270E2,-5.518770589E1,-6.755520457E1,-3.363245249E1
2.694643529E1,6.094525490E-1,-5.209499202E-1,-3.768931826E-1,-4.638214159E-1,1.049001416E2,-5.875573438E1,-7.050188641E1,-3.115273898E1
2.695645829E1,5.881916819E-1,-5.294412931E-1,-3.924820743E-1,-4.687004773E-1,1.079424216E2,-6.274809430E1,-7.333705835E1,-2.826339774E1
2.696648229E1,5.672346936E-1,-5.363380875E-1,-4.065106002E-1,-4.746949973E-1,1.108847665E2,-6.705976853E1,-7.601709063E1,-2.509278011E1
2.697650529E1,5.470909550E-1,-5.413282112E-1,-4.183739897E-1,-4.823052746E-1,1.136646634E2,-7.130877849E1,-7.850674107E1,-2.204131363E1
2.698652829E1,5.283422561E-1,-5.440156418E-1,-4.279263411E-1,-4.917117873E-1,1.162129679E2,-7.479801342E1,-8.081602525E1,-1.977051002E1
2.699655129E1,5.112170275E-1,-5.441881857E-1,-4.354869010E-1,-5.028592442E-1,1.185101412E2,-7.650421093E1,-8.300498803E1,-1.925813811E1
2.700657429E1,4.957123069E-1,-5.419972871E-1,-4.416718878E-1,-5.152032040E-1,1.205665367E2,-7.481070037E1,-8.511112224E1,-2.206477791E1
2.701659829E1,4.818650718E-1,-5.379121722E-1,-4.471131197E-1,-5.277750754E-1,1.223854324E2,-6.518278762E1,-8.706656725E1,-3.265895150E1
2.702662129E1,4.697333860E-1,-5.326557174E-1,-4.519831722E-1,-5.397589102E-1,1.239660171E2,-2.751165283E1,-8.845086896E1,-7.113180094E1
2.703664429E1,4.592686080E-1,-5.268491382E-1,-4.562991017E-1,-5.507208524E-1,1.253201556E2,3.326236276E1,-8.805070286E1,-1.325559363E2
2.704666729E1,4.502339200E-1,-5.209502310E-1,-4.601646763E-1,-5.604897385E-1,1.264826140E2,5.419078846E1,-8.669621283E1,-1.540068111E2
2.705669029E1,4.422433674E-1,-5.152641549E-1,-4.638265236E-1,-5.690242382E-1,1.275057907E2,6.175738003E1,-8.530462223E1,-1.619907333E2
2.706671329E1,4.349120390E-1,-5.097870178E-1,-4.675069405E-1,-5.765466604E-1,1.284406062E2,6.574010138E1,-8.397751549E1,-1.663071490E2
2.707673729E1,4.279467666E-1,-5.044531906E-1,-4.715198855E-1,-5.831444967E-1,1.293253456E2,6.856573380E1,-8.270657823E1,-1.693827879E2
2.708676029E1,4.213724061E-1,-4.991327529E-1,-4.760233487E-1,-5.888239953E-1,1.301574728E2,7.087231358E1,-8.148181129E1,-1.718375738E2
2.709678329E1,4.154818941E-1,-4.935585022E-1,-4.808336456E-1,-5.937792687E-1,1.309006654E2,7.260696943E1,-8.029370811E1,-1.736080038E2
2.710680629E1,4.104722775E-1,-4.875408065E-1,-4.857901680E-1,-5.981843309E-1,1.315309880E2,7.378371522E1,-7.913843355E1,-1.747045696E2
2.711682929E1,4.065202834E-1,-4.809433726E-1,-4.909432294E-1,-6.020045739E-1,1.320271379E2,7.453960402E1,-7.801913486E1,-1.752409715E2
2.712685229E1,4.032870195E-1,-4.746079008E-1,-4.964649298E-1,-6.046731543E-1,1.324323451E2,7.543416829E1,-7.700789097E1,-1.758010020E2
2.713687629E1,4.001781732E-1,-4.702726944E-1,-5.026262748E-1,-6.050354592E-1,1.328213652E2,7.725856111E1,-7.625033032E1,-1.772264269E2
2.714689929E1,3.974368157E-1,-4.685068494E-1,-5.089659801E-1,-6.029086870E-1,1.331639221E2,7.991727213E1,-7.581214729E1,-1.794557621E2
2.715692229E1,3.964549206E-1,-4.674503386E-1,-5.143018291E-1,-5.998393428E-1,1.332865107E2,8.214938555E1,-7.560046729E1,1.788012410E2
2.716694529E1,3.989738586E-1,-4.639224287E-1,-5.185615768E-1,-5.972350996E-1,1.329719098E2,8.274210681E1,-7.544949102E1,1.789549108E2
2.717696829E1,4.043098603E-1,-4.567420941E-1,-5.226062702E-1,-5.956533705E-1,1.323042267E2,8.179018733E1,-7.517451509E1,-1.790450492E2
2.718699229E1,4.093722342E-1,-4.475080725E-1,-5.263901142E-1,-5.958728397E-1,1.316691887E2,8.015101139E1,-7.464308130E1,-1.763759315E2
2.719701529E1,4.127237516E-1,-4.389538902E-1,-5.288222982E-1,-5.977672562E-1,1.312478963E2,7.841383971E1,-7.400787480E1,-1.739226070E2
2.720703829E1,4.154090854E-1,-4.334371733E-1,-5.300108709E-1,-5.988790163E-1,1.309098376E2,7.719461595E1,-7.363688114E1,-1.722261991E2
2.721706129E1,4.185742926E-1,-4.315327679E-1,-5.306195136E-1,-5.975098549E-1,1.305107814E2,7.671048565E1,-7.371884189E1,-1.713332977E2
2.722708429E1,4.227137137E-1,-4.313815714E-1,-5.297061650E-1,-5.955119151E-1,1.299879310E2,7.594452829E1,-7.407336526E1,-1.702541142E2
2.723710729E1,4.283119901E-1,-4.295409026E-1,-5.269446508E-1,-5.952921667E-1,1.292790352E2,7.374292961E1,-7.432253320E1,-1.677677977E2
2.724713129E1,4.346530730E-1,-4.242273757E-1,-5.235553593E-1,-5.974928170E-1,1.284735591E2,7.032501925E1,-7.417004517E1,-1.639995990E2
2.725715429E1,4.399481080E-1,-4.159262272E-1,-5.207854579E-1,-6.018584297E-1,1.277988595E2,6.684617989E1,-7.351510271E1,-1.601495390E2
2.726717729E1,4.440204261E-1,-4.051190746E-1,-5.184793773E-1,-6.081968890E-1,1.272786341E2,6.366229589E1,-7.240464722E1,-1.566088428E2
2.727720029E1,4.467924243E-1,-3.937803606E-1,-5.163164326E-1,-6.154111651E-1,1.269238506E2,6.107780241E1,-7.109307506E1,-1.537547393E2
2.728722329E1,4.484714336E-1,-3.844605966E-1,-5.150442721E-1,-6.211222685E-1,1.267086901E2,5.948741832E1,-6.997768819E1,-1.519351381E2
2.729724729E1,4.501419134E-1,-3.783194320E-1,-5.148661069E-1,-6.238265473E-1,1.264944213E2,5.868754944E1,-6.931508122E1,-1.508506697E2
2.730727029E1,4.523073974E-1,-3.754240014E-1,-5.152830498E-1,-6.236652302E-1,1.262163584E2,5.831734125E1,-6.913310893E1,-1.501525027E2
2.731729329E1,4.545921412E-1,-3.749305461E-1,-5.156831920E-1,-6.219678449E-1,1.259226101E2,5.811491161E1,-6.926704072E1,-1.496656553E2
2.732731629E1,4.565491089E-1,-3.753709965E-1,-5.159701120E-1,-6.200278202E-1,1.256706980E2,5.798529034E1,-6.949020586E1,-1.493174985E2
2.733733929E1,4.580612008E-1,-3.754012316E-1,-5.165962719E-1,-6.183706588E-1,1.254758581E2,5.798897893E1,-6.964239146E1,-1.491016773E2
2.734736229E1,4.593182411E-1,-3.743250329E-1,-5.179030981E-1,-6.169960288E-1,1.253137528E2,5.816211678E1,-6.966532466E1,-1.489828562E2
2.735738629E1,4.604819894E-1,-3.722319940E-1,-5.196124321E-1,-6.159566138E-1,1.251635725E2,5.840151478E1,-6.957041051E1,-1.488727507E2
2.736740929E1,4.618084930E-1,-3.694404397E-1,-5.212660215E-1,-6.152466343E-1,1.249922641E2,5.855101141E1,-6.939749071E1,-1.486449175E2
2.737743229E1,4.636107976E-1,-3.662541432E-1,-5.225995425E-1,-6.146646495E-1,1.247592955E2,5.851242991E1,-6.919787906E1,-1.482041820E2
2.738745529E1,4.661008018E-1,-3.628644197E-1,-5.233534864E-1,-6.141503210E-1,1.244370253E2,5.819754725E1,-6.899954154E1,-1.474726686E2
2.739747829E1,4.692607723E-1,-3.593625961E-1,-5.234027245E-1,-6.137608315E-1,1.240273553E2,5.758413347E1,-6.880416795E1,-1.464451261E2
2.740750129E1,4.728752386E-1,-3.558045117E-1,-5.229878783E-1,-6.134133360E-1,1.235578061E2,5.678512144E1,-6.861110219E1,-1.452314233E2
2.741752529E1,4.765803522E-1,-3.522647981E-1,-5.225260016E-1,-6.129822738E-1,1.230754069E2,5.598198762E1,-6.842163211E1,-1.440069843E2
2.742754829E1,4.800249193E-1,-3.487566736E-1,-5.223084290E-1,-6.124857102E-1,1.226259409E2,5.530750475E1,-6.822674575E1,-1.429098436E2
2.743757129E1,4.829076268E-1,-3.452925872E-1,-5.225626114E-1,-6.119654179E-1,1.222490469E2,5.486519753E1,-6.801978957E1,-1.420509463E2
2.744759463E1,4.850920611E-1,-3.421012805E-1,-5.234562405E-1,-6.112659856E-1,1.219629917E2,5.472285928E1,-6.783157779E1,-1.415006910E2
2.745761763E1,4.868583670E-1,-3.392682115E-1,-5.247976482E-1,-6.102896802E-1,1.217314011E2,5.478240128E1,-6.768465043E1,-1.411552869E2
2.746764163E1,4.884114204E-1,-3.368039169E-1,-5.262073444E-1,-6.091989777E-1,1.215275555E2,5.490396590E1,-6.757393130E1,-1.408952371E2
2.747766463E1,4.900191278E-1,-3.344364020E-1,-5.275604690E-1,-6.080407244E-1,1.213163224E2,5.500708926E1,-6.747782370E1,-1.406184905E2
2.748768762E1,4.917740224E-1,-3.318686790E-1,-5.287933170E-1,-6.069589149E-1,1.210855005E2,5.505314620E1,-6.736197020E1,-1.402755197E2
2.749771063E1,4.937096744E-1,-3.290572208E-1,-5.299178054E-1,-6.059366694E-1,1.208305985E2,5.504145966E1,-6.722420340E1,-1.398593770E2
2.750773363E1,4.957900323E-1,-3.262551086E-1,-5.307785494E-1,-6.049991655E-1,1.205562811E2,5.494164234E1,-6.708412647E1,-1.393672877E2
2.751775663E1,4.979916941E-1,-3.237815101E-1,-5.312073515E-1,-6.041429154E-1,1.202655595E2,5.471882625E1,-6.696914584E1,-1.387943766E2
2.752778063E1,5.004718676E-1,-3.217067788E-1,-5.310704690E-1,-6.033214733E-1,1.199375532E2,5.431715421E1,-6.689056447E1,-1.380850365E2
2.753780362E1,5.033259468E-1,-3.199787791E-1,-5.305146996E-1,-6.023543928E-1,1.195594242E2,5.376231614E1,-6.685672020E1,-1.372373307E2
2.754782663E1,5.061804791E-1,-3.187262485E-1,-5.299996757E-1,-6.010783442E-1,1.191805068E2,5.322696430E1,-6.688370383E1,-1.364171195E2
2.755784963E1,5.089523087E-1,-3.177501169E-1,-5.297992358E-1,-5.994291381E-1,1.188118626E2,5.278941382E1,-6.695862369E1,-1.356760423E2
2.756787263E1,5.115403728E-1,-3.169792616E-1,-5.297232766E-1,-5.976987623E-1,1.184670244E2,5.240894301E1,-6.705300207E1,-1.350030771E2
2.757789563E1,5.139939463E-1,-3.163058920E-1,-5.296186155E-1,-5.960410899E-1,1.181395347E2,5.203634820E1,-6.714697725E1,-1.343575558E2
2.758791962E1,5.163015521E-1,-3.156724248E-1,-5.293114492E-1,-5.946537184E-1,1.178310154E2,5.162666396E1,-6.722027289E1,-1.337132884E2
2.759794263E1,5.184744408E-1,-3.149558652E-1,-5.287674809E-1,-5.936262124E-1,1.175400489E2,5.117058744E1,-6.725533308E1,-1.330600889E2
2.760796563E1,5.206689824E-1,-3.140117336E-1,-5.279158196E-1,-5.929631187E-1,1.172457276E2,5.062992468E1,-6.724001112E1,-1.323463477E2
2.761798863E1,5.231309089E-1,-3.127423654E-1,-5.266403611E-1,-5.926012854E-1,1.169149960E2,4.994332722E1,-6.717097973E1,-1.314936041E2
2.762801163E1,5.256506240E-1,-3.114451697E-1,-5.249243100E-1,-5.925771695E-1,1.165758934E2,4.913988743E1,-6.706744745E1,-1.305640410E2
2.763803563E1,5.281232874E-1,-3.101581946E-1,-5.229878941E-1,-5.927659110E-1,1.162425192E2,4.829578176E1,-6.694166838E1,-1.296221687E2
2.764805863E1,5.303872001E-1,-3.089154315E-1,-5.210414895E-1,-5.931073479E-1,1.159367598E2,4.749012347E1,-6.680176848E1,-1.287428414E2
2.765808163E1,5.323687000E-1,-3.076644815E-1,-5.190707344E-1,-5.937100399E-1,1.156687230E2,4.673256931E1,-6.663557053E1,-1.279439982E2
2.766810463E1,5.340703869E-1,-3.063321037E-1,-5.168631984E-1,-5.947956927E-1,1.154382214E2,4.597469865E1,-6.641860590E1,-1.271978757E2
2.767812763E1,5.357061798E-1,-3.047071003E-1,-5.143280549E-1,-5.963548837E-1,1.152163691E2,4.517389127E1,-6.613263485E1,-1.264414137E2
2.768815063E1,5.375849388E-1,-3.027639409E-1,-5.114181733E-1,-5.981536058E-1,1.149612280E2,4.428067389E1,-6.579161289E1,-1.255947569E2
2.769817463E1,5.401050280E-1,-3.003524247E-1,-5.081047988E-1,-5.999204412E-1,1.146184223E2,4.324452424E1,-6.539985168E1,-1.245609142E2
2.770819763E1,5.433585987E-1,-2.975648427E-1,-5.043778267E-1,-6.015145167E-1,1.141748655E2,4.205844393E1,-6.497119485E1,-1.233252873E2
2.771822063E1,5.469780226E-1,-2.949074523E-1,-5.005734309E-1,-6.027196426E-1,1.136801226E2,4.083422456E1,-6.456836956E1,-1.220195260E2
2.772824363E1,5.502784685E-1,-2.929337154E-1,-4.972864825E-1,-6.033984492E-1,1.132277617E2,3.976234502E1,-6.426389704E1,-1.208651879E2
2.773826663E1,5.527009271E-1,-2.918078887E-1,-4.949791954E-1,-6.036269431E-1,1.128949882E2,3.899256866E1,-6.408417860E1,-1.200324949E2
2.774829063E1,5.539785245E-1,-2.915195200E-1,-4.937994208E-1,-6.035613205E-1,1.127192262E2,3.857805226E1,-6.402802545E1,-1.195903142E2
2.775831363E1,5.543778633E-1,-2.916942924E-1,-4.935225687E-1,-6.033366382E-1,1.126642515E2,3.844948438E1,-6.404992496E1,-1.194519763E2
2.776833663E1,5.541936552E-1,-2.921519756E-1,-4.937734584E-1,-6.030790630E-1,1.126896126E2,3.849740603E1,-6.411521161E1,-1.195089471E2
2.777835963E1,5.538348644E-1,-2.927212636E-1,-4.942752061E-1,-6.027215261E-1,1.127389988E2,3.861581210E1,-6.420444013E1,-1.196330195E2
2.778838263E1,5.536531351E-1,-2.931113854E-1,-4.946305778E-1,-6.024072713E-1,1.127640078E2,3.868989596E1,-6.427033858E1,-1.197025228E2
2.779840563E1,5.537836191E-1,-2.931592010E-1,-4.945503091E-1,-6.023298923E-1,1.127460514E2,3.865022785E1,-6.427725783E1,-1.196582728E2
2.780842963E1,5.542376039E-1,-2.928373571E-1,-4.938936717E-1,-6.026076611E-1,1.126835623E2,3.846860804E1,-6.421082180E1,-1.194848106E2
2.781845263E1,5.549430683E-1,-2.923358096E-1,-4.928324141E-1,-6.030705915E-1,1.125864129E2,3.818001249E1,-6.410371822E1,-1.192129878E2
2.782847563E1,5.557782766E-1,-2.918364432E-1,-4.915155042E-1,-6.036178842E-1,1.124713254E2,3.782257687E1,-6.398283451E1,-1.188846103E2
2.783849863E1,5.567568105E-1,-2.912569346E-1,-4.899971956E-1,-6.042301409E-1,1.123363900E2,3.741218987E1,-6.384319827E1,-1.185054744E2
2.784852163E1,5.579626372E-1,-2.904732350E-1,-4.883711912E-1,-6.048111721E-1,1.121699654E2,3.696500982E1,-6.368219124E1,-1.180682055E2
2.785854463E1,5.593174160E-1,-2.895489546E-1,-4.869153548E-1,-6.051768276E-1,1.119827887E2,3.654374536E1,-6.352604680E1,-1.176170838E2
2.786856863E1,5.604155758E-1,-2.889023166E-1,-4.858617047E-1,-6.053167736E-1,1.118309151E2,3.622231817E1,-6.342170191E1,-1.172611884E2
2.787859163E1,5.611071740E-1,-2.886750081E-1,-4.853698193E-1,-6.051790693E-1,1.117351983E2,3.604007764E1,-6.339166889E1,-1.170450379E2
2.788861463E1,5.612784535E-1,-2.889278155E-1,-4.855110007E-1,-6.047862659E-1,1.117114850E2,3.602129461E1,-6.344336552E1,-1.170004992E2
2.789863763E1,5.609035837E-1,-2.897913938E-1,-4.863525153E-1,-6.040440757E-1,1.117633807E2,3.617342994E1,-6.359684652E1,-1.171350906E2
2.790866063E1,5.602435680E-1,-2.910260752E-1,-4.876284373E-1,-6.030335589E-1,1.118547125E2,3.642718878E1,-6.381557729E1,-1.173697746E2
2.791868463E1,5.595721990E-1,-2.923159163E-1,-4.890182086E-1,-6.019065219E-1,1.119475648E2,3.670480161E1,-6.404992754E1,-1.176189096E2
2.792870763E1,5.589427674E-1,-2.936990916E-1,-4.904737079E-1,-6.006324332E-1,1.120345709E2,3.698642176E1,-6.430354663E1,-1.178628817E2
2.793873063E1,5.584011843E-1,-2.951560028E-1,-4.918217537E-1,-5.993182905E-1,1.121093981E2,3.723199751E1,-6.456224916E1,-1.180740336E2
2.794875363E1,5.579864514E-1,-2.967130233E-1,-4.927509758E-1,-5.981713141E-1,1.121666770E2,3.736935663E1,-6.480539970E1,-1.182096116E2
2.795877663E1,5.578083494E-1,-2.982795900E-1,-4.930822817E-1,-5.972847025E-1,1.121912688E2,3.734807593E1,-6.501338616E1,-1.182230518E2
2.796879963E1,5.579447195E-1,-2.995204459E-1,-4.927735455E-1,-5.967910114E-1,1.121724395E2,3.716885762E1,-6.514617227E1,-1.181002968E2
2.797882363E1,5.583247734E-1,-3.002601126E-1,-4.919694784E-1,-5.967273117E-1,1.121199527E2,3.688552762E1,-6.519000795E1,-1.178824664E2
2.798884663E1,5.587330486E-1,-3.006767763E-1,-4.909931045E-1,-5.969393538E-1,1.120635504E2,3.658720416E1,-6.518119334E1,-1.176544107E2
2.799886963E1,5.590626119E-1,-3.009387295E-1,-4.901450573E-1,-5.971956317E-1,1.120180083E2,3.634039852E1,-6.515968858E1,-1.174682404E2
2.800889263E1,5.591342129E-1,-3.013611463E-1,-4.895776553E-1,-5.973809580E-1,1.120081122E2,3.618047513E1,-6.516676992E1,-1.173733728E2
2.801891563E1,5.588363176E-1,-3.021200951E-1,-4.892656317E-1,-5.975321822E-1,1.120492810E2,3.610652414E1,-6.521561608E1,-1.173896936E2
2.802893863E1,5.582081425E-1,-3.031505751E-1,-4.890675520E-1,-5.977595407E-1,1.121360616E2,3.608902500E1,-6.528863550E1,-1.174960055E2
2.803896263E1,5.572202323E-1,-3.046114059E-1,-4.889262547E-1,-5.980540510E-1,1.122724491E2,3.610936647E1,-6.539879762E1,-1.176877735E2
2.804898563E1,5.560201337E-1,-3.064349736E-1,-4.888546472E-1,-5.982978376E-1,1.124379843E2,3.615179963E1,-6.554750898E1,-1.179288542E2
2.805900863E1,5.548921023E-1,-3.081230813E-1,-4.886263377E-1,-5.986645284E-1,1.125934332E2,3.616222847E1,-6.567094939E1,-1.181416386E2
2.806903163E1,5.538945996E-1,-3.093733781E-1,-4.882897846E-1,-5.992177189E-1,1.127307775E2,3.616390178E1,-6.573941762E1,-1.183286555E2
2.807905463E1,5.528272597E-1,-3.102376519E-1,-4.880035970E-1,-5.999893566E-1,1.128776163E2,3.621903977E1,-6.576115096E1,-1.185597103E2
2.808907863E1,5.516215068E-1,-3.107699245E-1,-4.877188107E-1,-6.010542547E-1,1.130433472E2,3.632421442E1,-6.573458939E1,-1.188458517E2
2.809910163E1,5.500854096E-1,-3.112597393E-1,-4.875189662E-1,-6.023692495E-1,1.132542548E2,3.650579216E1,-6.569129322E1,-1.192347710E2
2.810912463E1,5.481301778E-1,-3.117851156E-1,-4.874475957E-1,-6.039356345E-1,1.135223406E2,3.678088288E1,-6.563915513E1,-1.197510182E2
2.811914763E1,5.457036810E-1,-3.123061455E-1,-4.874597235E-1,-6.058510586E-1,1.138544723E2,3.715035485E1,-6.556610932E1,-1.204044088E2
2.812917063E1,5.427515313E-1,-3.128549291E-1,-4.876215358E-1,-6.080853632E-1,1.142577107E2,3.763254374E1,-6.547768302E1,-1.212127906E2
2.813919363E1,5.395171242E-1,-3.133136396E-1,-4.879545117E-1,-6.104557599E-1,1.146984531E2,3.819780902E1,-6.537410291E1,-1.221133577E2
2.814921763E1,5.362856753E-1,-3.135931733E-1,-4.884212301E-1,-6.127819788E-1,1.151377104E2,3.879598848E1,-6.525710855E1,-1.230256212E2
2.815924063E1,5.330403363E-1,-3.138877007E-1,-4.890604239E-1,-6.149490328E-1,1.155777816E2,3.942577079E1,-6.515227011E1,-1.239519176E2
2.816926363E1,5.296745760E-1,-3.143330928E-1,-4.897971666E-1,-6.170399353E-1,1.160330603E2,4.008097150E1,-6.506387292E1,-1.249096144E2
2.817928663E1,5.261867978E-1,-3.148808859E-1,-4.905636808E-1,-6.191322313E-1,1.165036554E2,4.075057352E1,-6.498025272E1,-1.258933341E2
2.818930963E1,5.224990170E-1,-3.155214759E-1,-4.913879468E-1,-6.212719583E-1,1.169999392E2,4.145319904E1,-6.489728929E1,-1.269267410E2
2.819933263E1,5.184455755E-1,-3.162747138E-1,-4.923404761E-1,-6.235265724E-1,1.175439172E2,4.222779304E1,-6.481181849E1,-1.280594764E2
2.820935663E1,5.140499911E-1,-3.170226465E-1,-4.934781091E-1,-6.258822493E-1,1.181320476E2,4.308706067E1,-6.471340757E1,-1.292917157E2
2.821937963E1,5.094544884E-1,-3.176559082E-1,-4.947568813E-1,-6.283044076E-1,1.187449994E2,4.400209913E1,-6.459280775E1,-1.305803000E2
2.822940263E1,5.049200354E-1,-3.181701630E-1,-4.960707040E-1,-6.306641675E-1,1.193479114E2,4.491015718E1,-6.445795428E1,-1.318456463E2
2.823942563E1,5.008061816E-1,-3.184483006E-1,-4.971394954E-1,-6.329583732E-1,1.198932982E2,4.569968974E1,-6.429908574E1,-1.329644410E2
2.824944863E1,4.972297054E-1,-3.184515669E-1,-4.978361196E-1,-6.352247568E-1,1.203662252E2,4.632641799E1,-6.411268367E1,-1.338929639E2
2.825947163E1,4.939534676E-1,-3.184196196E-1,-4.982838034E-1,-6.374420129E-1,1.207984711E2,4.684741030E1,-6.392326138E1,-1.347079617E2
2.826949563E1,4.908882274E-1,-3.183172555E-1,-4.986559917E-1,-6.395662826E-1,1.212020422E2,4.731654619E1,-6.373263838E1,-1.354537162E2
2.827951863E1,4.880265670E-1,-3.180939299E-1,-4.990691467E-1,-6.415421005E-1,1.215780882E2,4.776345872E1,-6.354175558E1,-1.361471915E2
2.828954163E1,4.852876962E-1,-3.179093477E-1,-4.996848911E-1,-6.432298289E-1,1.219373536E2,4.823565345E1,-6.337508054E1,-1.368323565E2
2.829956463E1,4.826503097E-1,-3.178213451E-1,-5.005952630E-1,-6.445484405E-1,1.222827171E2,4.875846296E1,-6.324344229E1,-1.375289815E2
2.830958763E1,4.799471637E-1,-3.179576480E-1,-5.018544422E-1,-6.455197726E-1,1.226360975E2,4.936593093E1,-6.315394752E1,-1.382865305E2
2.831961163E1,4.770113090E-1,-3.184582156E-1,-5.035235101E-1,-6.461491831E-1,1.230192257E2,5.009465979E1,-6.311498770E1,-1.391563683E2
2.832963462E1,4.738901084E-1,-3.193838763E-1,-5.054913149E-1,-6.464524454E-1,1.234257807E2,5.091773278E1,-6.312915599E1,-1.401198100E2
2.833965763E1,4.704951059E-1,-3.209272623E-1,-5.075991104E-1,-6.465162452E-1,1.238671205E2,5.181502448E1,-6.320373033E1,-1.411877060E2
2.834968063E1,4.667633344E-1,-3.231491177E-1,-5.096203468E-1,-6.465244270E-1,1.243511963E2,5.274699797E1,-6.332811752E1,-1.423518779E2
2.835970363E1,4.628191059E-1,-3.257307808E-1,-5.112851473E-1,-6.467499548E-1,1.248616612E2,5.363321590E1,-6.345681575E1,-1.435376407E2
2.836972663E1,4.589445566E-1,-3.281370708E-1,-5.124502969E-1,-6.473720317E-1,1.253619548E2,5.439359791E1,-6.353748294E1,-1.446357585E2
2.837975062E1,4.553307594E-1,-3.301452101E-1,-5.130140426E-1,-6.484555850E-1,1.258275642E2,5.496969087E1,-6.355357060E1,-1.455733228E2
2.838977363E1,4.521292427E-1,-3.317620685E-1,-5.128436640E-1,-6.500035124E-1,1.262392475E2,5.530693737E1,-6.351308695E1,-1.462953822E2
2.839979663E1,4.494544245E-1,-3.330391707E-1,-5.118754982E-1,-6.519656273E-1,1.265826284E2,5.537718798E1,-6.343013300E1,-1.467709883E2
2.840981963E1,4.474189846E-1,-3.339907307E-1,-5.100709704E-1,-6.542889302E-1,1.268435822E2,5.516103608E1,-6.331433119E1,-1.469741742E2
2.841984263E1,4.460355881E-1,-3.347287536E-1,-5.075069774E-1,-6.568451892E-1,1.270207711E2,5.468407051E1,-6.318430663E1,-1.469243056E2
2.842986662E1,4.450540933E-1,-3.355981535E-1,-5.043729430E-1,-6.594760587E-1,1.271464006E2,5.403402820E1,-6.307301962E1,-1.467235715E2
2.843988963E1,4.442086170E-1,-3.367599261E-1,-5.008409159E-1,-6.621402558E-1,1.272545652E2,5.328660372E1,-6.298912119E1,-1.464601730E2
2.844991254E1,4.433892296E-1,-3.381164172E-1,-4.972559524E-1,-6.646952505E-1,1.273593438E2,5.253404590E1,-6.292917096E1,-1.461983040E2
2.845993554E1,4.423824152E-1,-3.397468048E-1,-4.937901538E-1,-6.671141529E-1,1.274880247E2,5.184097609E1,-6.289687604E1,-1.460080252E2
2.846995854E1,4.411153228E-1,-3.416480280E-1,-4.905817039E-1,-6.693456494E-1,1.276498704E2,5.124667617E1,-6.289429685E1,-1.459214705E2
2.847998154E1,4.397337808E-1,-3.437220587E-1,-4.877094120E-1,-6.712889247E-1,1.278262069E2,5.075112225E1,-6.292333095E1,-1.459135314E2
2.849000554E1,4.383696875E-1,-3.458666062E-1,-4.850209172E-1,-6.730253433E-1,1.280001861E2,5.030045071E1,-6.297280220E1,-1.459303404E2
2.850002854E1,4.370644417E-1,-3.481288647E-1,-4.824996242E-1,-6.745184797E-1,1.281665391E2,4.988682573E1,-6.305040411E1,-1.459630929E2
2.851005154E1,4.358771861E-1,-3.504783565E-1,-4.800123122E-1,-6.758433869E-1,1.283177525E2,4.947064108E1,-6.314971801E1,-1.459791953E2
2.852007454E1,4.345697065E-1,-3.530260387E-1,-4.776451028E-1,-6.770353841E-1,1.284841664E2,4.910063812E1,-6.327336578E1,-1.460449097E2
2.853009754E1,4.329806439E-1,-3.559387336E-1,-4.754823689E-1,-6.780501538E-1,1.286862629E2,4.881916355E1,-6.343632735E1,-1.462140581E2
2.854012054E1,4.311537887E-1,-3.592315299E-1,-4.734367821E-1,-6.789084743E-1,1.289183904E2,4.860214811E1,-6.363959077E1,-1.464671606E2
2.855014454E1,4.293175875E-1,-3.628513963E-1,-4.715196484E-1,-6.794811130E-1,1.291514793E2,4.842720233E1,-6.389181215E1,-1.467566820E2
2.856016754E1,4.276116938E-1,-3.666006588E-1,-4.694716013E-1,-6.799623036E-1,1.293678251E2,4.821095146E1,-6.416494929E1,-1.470065078E2
2.857019054E1,4.261621478E-1,-3.700165660E-1,-4.670532257E-1,-6.806870081E-1,1.295515085E2,4.786653118E1,-6.439724515E1,-1.471300304E2
2.858021354E1,4.248826433E-1,-3.728318438E-1,-4.642186447E-1,-6.818887939E-1,1.297135293E2,4.738346952E1,-6.454679619E1,-1.471234806E2
2.859023654E1,4.238429016E-1,-3.747776611E-1,-4.610113722E-1,-6.836427561E-1,1.298451104E2,4.675800721E1,-6.458471893E1,-1.469658170E2
2.860025954E1,4.232226264E-1,-3.756747620E-1,-4.574972049E-1,-6.858917541E-1,1.299235736E2,4.598532523E1,-6.450073144E1,-1.466242925E2
2.861028354E1,4.227625619E-1,-3.760512387E-1,-4.538769381E-1,-6.883698096E-1,1.299817543E2,4.516355518E1,-6.435448431E1,-1.462149498E2
2.862030654E1,4.225023894E-1,-3.763376187E-1,-4.503823401E-1,-6.906644948E-1,1.300146502E2,4.435435791E1,-6.421349959E1,-1.457830719E2
2.863032954E1,4.225911823E-1,-3.768693407E-1,-4.469708925E-1,-6.925339288E-1,1.300034238E2,4.353189470E1,-6.412673859E1,-1.453008209E2
2.864035254E1,4.228668227E-1,-3.780955663E-1,-4.435089451E-1,-6.939216559E-1,1.299685705E2,4.268370964E1,-6.413544678E1,-1.447952681E2
2.865037554E1,4.230639224E-1,-3.802870339E-1,-4.399924649E-1,-6.948419534E-1,1.299436452E2,4.183618680E1,-6.425928712E1,-1.443248980E2
2.866039954E1,4.231918381E-1,-3.830506607E-1,-4.365052610E-1,-6.954452013E-1,1.299274676E2,4.099957801E1,-6.445307769E1,-1.438810574E2
2.867042254E1,4.232333212E-1,-3.859228525E-1,-4.330598721E-1,-6.959858505E-1,1.299222209E2,4.017561307E1,-6.465738266E1,-1.434548284E2
2.868044554E1,4.232250182E-1,-3.884006275E-1,-4.295387940E-1,-6.967941006E-1,1.299232711E2,3.933370809E1,-6.480358069E1,-1.430120202E2
2.869046854E1,4.234097584E-1,-3.899403955E-1,-4.257655802E-1,-6.981362565E-1,1.298999045E2,3.840774348E1,-6.482458397E1,-1.424681502E2
2.870049154E1,4.239295555E-1,-3.905481491E-1,-4.217751206E-1,-6.999011558E-1,1.298341469E2,3.739656761E1,-6.472864319E1,-1.418053932E2
2.871051454E1,4.245924095E-1,-3.908254042E-1,-4.176805411E-1,-7.017975427E-1,1.297502660E2,3.635435957E1,-6.458842114E1,-1.410990793E2
2.872053854E1,4.253895539E-1,-3.910324835E-1,-4.134636949E-1,-7.036938348E-1,1.296493532E2,3.527739070E1,-6.443556626E1,-1.403538415E2
2.873056154E1,4.261305798E-1,-3.914401437E-1,-4.090858859E-1,-7.055750172E-1,1.295555071E2,3.417818966E1,-6.429362750E1,-1.396102635E2
2.874058454E1,4.270050532E-1,-3.919499144E-1,-4.046401896E-1,-7.073247752E-1,1.294447142E2,3.305261748E1,-6.416313907E1,-1.388346946E2
2.875060754E1,4.281537761E-1,-3.922112838E-1,-4.001836914E-1,-7.090188573E-1,1.292990979E2,3.190482176E1,-6.400740698E1,-1.380043745E2
2.876063054E1,4.295171529E-1,-3.921158156E-1,-3.960526737E-1,-7.105649617E-1,1.291261573E2,3.082300664E1,-6.382752321E1,-1.371790971E2
2.877065354E1,4.309124137E-1,-3.918068974E-1,-3.924822273E-1,-7.118705552E-1,1.289490437E2,2.987790483E1,-6.364781574E1,-1.364286117E2
2.878067754E1,4.321241673E-1,-3.915398840E-1,-3.895446473E-1,-7.128956192E-1,1.287951183E2,2.910049825E1,-6.349782832E1,-1.358040863E2
2.879070054E1,4.328898701E-1,-3.917708372E-1,-3.872957872E-1,-7.135292760E-1,1.286978023E2,2.851191337E1,-6.343053921E1,-1.353575439E2
2.880072354E1,4.334765753E-1,-3.923651850E-1,-3.857010419E-1,-7.137102335E-1,1.286232089E2,2.806782616E1,-6.343848995E1,-1.350193138E2
2.881074654E1,4.339910303E-1,-3.931659952E-1,-3.845236917E-1,-7.135922118E-1,1.285577821E2,2.770914122E1,-6.349302682E1,-1.347388047E2
2.882076954E1,4.344469222E-1,-3.942961603E-1,-3.838768667E-1,-7.130392135E-1,1.284997882E2,2.744939701E1,-6.361723826E1,-1.345203962E2
2.883079254E1,4.348795069E-1,-3.958448588E-1,-3.837194357E-1,-7.120014001E-1,1.284447461E2,2.726921455E1,-6.382197346E1,-1.343470634E2
2.884081654E1,4.353688002E-1,-3.978337639E-1,-3.837221377E-1,-7.105911138E-1,1.283824729E2,2.708641397E1,-6.409446373E1,-1.341599589E2
2.885083954E1,4.359810570E-1,-4.001248423E-1,-3.833972941E-1,-7.091031299E-1,1.283045270E2,2.679460955E1,-6.439137483E1,-1.338886072E2
2.886086254E1,4.370424727E-1,-4.022302565E-1,-3.824790724E-1,-7.077531769E-1,1.281693381E2,2.631343802E1,-6.464590766E1,-1.334351498E2
2.887088554E1,4.385833825E-1,-4.039320402E-1,-3.809654322E-1,-7.066462953E-1,1.279729395E2,2.564875232E1,-6.482926032E1,-1.327979804E2
2.888090854E1,4.406669436E-1,-4.049541605E-1,-3.789749458E-1,-7.058347261E-1,1.277071150E2,2.483607755E1,-6.491298062E1,-1.319894574E2
2.889093254E1,4.430650150E-1,-4.052097496E-1,-3.764543852E-1,-7.055355677E-1,1.274007894E2,2.391482960E1,-6.487280001E1,-1.310742434E2
2.890095554E1,4.456966537E-1,-4.047365484E-1,-3.734045312E-1,-7.057704205E-1,1.270641618E2,2.290854330E1,-6.470937557E1,-1.300841580E2
2.891097854E1,4.486018149E-1,-4.035942846E-1,-3.698405937E-1,-7.064602169E-1,1.266919737E2,2.182426229E1,-6.443136633E1,-1.290216128E2
2.892100154E1,4.517447686E-1,-4.021159601E-1,-3.660986938E-1,-7.072489741E-1,1.262886366E2,2.071969211E1,-6.410009982E1,-1.279230958E2
2.893102454E1,4.549812145E-1,-4.007465432E-1,-3.626102650E-1,-7.077486777E-1,1.258725489E2,1.966581603E1,-6.379468237E1,-1.268431669E2
2.894104754E1,4.583271159E-1,-3.996014449E-1,-3.595584643E-1,-7.077943333E-1,1.254415762E2,1.867889931E1,-6.354211101E1,-1.257822330E2
2.895107154E1,4.616553682E-1,-3.988123268E-1,-3.569177562E-1,-7.074126514E-1,1.250120459E2,1.775333099E1,-6.335416643E1,-1.247526748E2
2.896109454E1,4.649526531E-1,-3.985301089E-1,-3.548404250E-1,-7.064567082E-1,1.245856842E2,1.689516618E1,-6.325987838E1,-1.237515039E2
2.897111754E1,4.680611307E-1,-3.989665013E-1,-3.533202685E-1,-7.049179478E-1,1.241829725E2,1.609476627E1,-6.328175493E1,-1.227901675E2
2.898114054E1,4.707693502E-1,-4.003797010E-1,-3.523702627E-1,-7.027856229E-1,1.238315034E2,1.534737019E1,-6.344843548E1,-1.218896051E2
2.899116354E1,4.731431872E-1,-4.023994043E-1,-3.517148529E-1,-7.003620526E-1,1.235229563E2,1.462393455E1,-6.369833034E1,-1.210314668E2
2.900118654E1,4.753395437E-1,-4.045205999E-1,-3.510449419E-1,-6.979848861E-1,1.232370800E2,1.389872122E1,-6.395240874E1,-1.201918398E2
2.901121054E1,4.777611858E-1,-4.062782025E-1,-3.502331146E-1,-6.957148041E-1,1.229214333E2,1.314109299E1,-6.415321683E1,-1.193015712E2
2.902123354E1,4.805280315E-1,-4.074213936E-1,-3.490129633E-1,-6.937511930E-1,1.225602115E2,1.232169254E1,-6.425276187E1,-1.183384379E2
2.903125654E1,4.837544255E-1,-4.078380073E-1,-3.473669260E-1,-6.920882786E-1,1.221382041E2,1.144288059E1,-6.423709762E1,-1.172923749E2
2.904127954E1,4.874059441E-1,-4.076196286E-1,-3.454867288E-1,-6.905944257E-1,1.216595521E2,1.054196279E1,-6.412972327E1,-1.161881358E2
2.905130254E1,4.913244209E-1,-4.067538876E-1,-3.435881423E-1,-6.892740492E-1,1.211446617E2,9.692674531E0,-6.394284281E1,-1.150951149E2
2.906132554E1,4.951269623E-1,-4.056596395E-1,-3.417962585E-1,-6.880878999E-1,1.206437546E2,8.925210869E0,-6.373074646E1,-1.140796058E2
2.907134954E1,4.986074701E-1,-4.048106940E-1,-3.402571636E-1,-6.868361174E-1,1.201841727E2,8.226965799E0,-6.355814832E1,-1.131467518E2
2.908137254E1,5.017546490E-1,-4.042942818E-1,-3.389347088E-1,-6.855010844E-1,1.197676906E2,7.576269991E0,-6.343306273E1,-1.122816898E2
2.909139554E1,5.046468501E-1,-4.040517583E-1,-3.378750632E-1,-6.840426348E-1,1.193841754E2,6.971543487E0,-6.335374025E1,-1.114696354E2
2.910141854E1,5.076522259E-1,-4.037858380E-1,-3.373357258E-1,-6.822395400E-1,1.189848563E2,6.432809556E0,-6.331076503E1,-1.106630167E2
2.911144154E1,5.110129788E-1,-4.030869959E-1,-3.371672701E-1,-6.802241146E-1,1.185373453E2,5.959535918E0,-6.324920421E1,-1.098410814E2
2.912146554E1,5.144240602E-1,-4.023735867E-1,-3.373348776E-1,-6.779886773E-1,1.180820677E2,5.530591213E0,-6.321144013E1,-1.090260212E2
2.913148854E1,5.176288328E-1,-4.021015578E-1,-3.379245252E-1,-6.754122299E-1,1.176533355E2,5.124524517E0,-6.325364488E1,-1.082248838E2
2.914151154E1,5.205450733E-1,-4.023543888E-1,-3.390158415E-1,-6.724670766E-1,1.172623579E2,4.747102347E0,-6.339129670E1,-1.074467408E2
2.915153454E1,5.232714845E-1,-4.032514977E-1,-3.410266123E-1,-6.687869666E-1,1.168960937E2,4.413464960E0,-6.367302024E1,-1.066606016E2
2.916155754E1,5.259747412E-1,-4.044380105E-1,-3.437527600E-1,-6.645407981E-1,1.165322289E2,4.117811611E0,-6.404546991E1,-1.058537945E2
2.917158054E1,5.284190055E-1,-4.056307452E-1,-3.466342768E-1,-6.603648883E-1,1.162026090E2,3.869235253E0,-6.443082847E1,-1.051055435E2
2.918160454E1,5.304731323E-1,-4.068910809E-1,-3.495016349E-1,-6.564194639E-1,1.159251439E2,3.658828643E0,-6.482125001E1,-1.044378599E2
2.919162754E1,5.323494362E-1,-4.080091235E-1,-3.521356733E-1,-6.527887552E-1,1.156713307E2,3.459525057E0,-6.517658559E1,-1.038173578E2
2.920165054E1,5.341646378E-1,-4.090701783E-1,-3.542339463E-1,-6.494983297E-1,1.154254461E2,3.194590428E0,-6.548039072E1,-1.031848046E2
2.921167354E1,5.362418294E-1,-4.100348406E-1,-3.557513962E-1,-6.463413358E-1,1.151436630E2,2.804885699E0,-6.572496451E1,-1.024500822E2
2.922169654E1,5.389091770E-1,-4.104905034E-1,-3.564590707E-1,-6.434371229E-1,1.147811747E2,2.280682193E0,-6.584583986E1,-1.015812919E2
2.923171954E1,5.421340905E-1,-4.103319970E-1,-3.560113368E-1,-6.410727637E-1,1.143419317E2,1.614332279E0,-6.579957834E1,-1.006042021E2
2.924174354E1,5.456601644E-1,-4.099977883E-1,-3.545935011E-1,-6.390776320E-1,1.138604230E2,8.040337276E-1,-6.564612487E1,-9.953559789E1
2.925176654E1,5.492564865E-1,-4.097125358E-1,-3.526931023E-1,-6.372287183E-1,1.133679604E2,-8.028404887E-2,-6.545001380E1,-9.842929748E1
2.926178954E1,5.528568994E-1,-4.094920024E-1,-3.506257362E-1,-6.353953541E-1,1.128735403E2,-9.862698292E-1,-6.524003506E1,-9.731577644E1
2.927181254E1,5.565869113E-1,-4.090280578E-1,-3.485107994E-1,-6.335987867E-1,1.123598260E2,-1.855622585E0,-6.499521117E1,-9.622231779E1
2.928183554E1,5.604448336E-1,-4.078801225E-1,-3.461435189E-1,-6.322341877E-1,1.118268669E2,-2.610990857E0,-6.465414136E1,-9.523664946E1
2.929185854E1,5.643268086E-1,-4.061993036E-1,-3.438819217E-1,-6.310964783E-1,1.112888865E2,-3.223302214E0,-6.426678523E1,-9.436890825E1
2.930188254E1,5.680532697E-1,-4.045446183E-1,-3.424206061E-1,-6.296088578E-1,1.107708288E2,-3.711410816E0,-6.395324713E1,-9.356689290E1
2.931190554E1,5.716196965E-1,-4.030338303E-1,-3.417476816E-1,-6.277126263E-1,1.102735010E2,-4.109705280E0,-6.372481737E1,-9.280055558E1
2.932192854E1,5.747937704E-1,-4.019764817E-1,-3.416868743E-1,-6.255215855E-1,1.098296178E2,-4.468054393E0,-6.359705514E1,-9.206900047E1
2.933195154E1,5.774070778E-1,-4.015954110E-1,-3.420998923E-1,-6.231292119E-1,1.094632476E2,-4.824603014E0,-6.357960899E1,-9.137082552E1
2.934197454E1,5.794764802E-1,-4.020351159E-1,-3.430426040E-1,-6.204003799E-1,1.091725411E2,-5.215915183E0,-6.369085740E1,-9.066573603E1
2.935199754E1,5.811860657E-1,-4.031404065E-1,-3.443261969E-1,-6.173655289E-1,1.089319850E2,-5.667245830E0,-6.389708028E1,-8.992205587E1
2.936202154E1,5.829340535E-1,-4.043274830E-1,-3.455319655E-1,-6.142596539E-1,1.086856519E2,-6.164105330E0,-6.410144805E1,-8.913609832E1
2.937204454E1,5.847955810E-1,-4.055159267E-1,-3.466932086E-1,-6.110439481E-1,1.084228999E2,-6.700019088E0,-6.429846706E1,-8.830099412E1
2.938206754E1,5.867858026E-1,-4.066032390E-1,-3.477046408E-1,-6.078303721E-1,1.081415016E2,-7.262637246E0,-6.446842389E1,-8.743518268E1
2.939209054E1,5.889704575E-1,-4.073179389E-1,-3.483045011E-1,-6.048883384E-1,1.078320345E2,-7.817498606E0,-6.456136661E1,-8.658484225E1
2.940211354E1,5.911593146E-1,-4.077932895E-1,-3.485137839E-1,-6.023067570E-1,1.075213602E2,-8.351728107E0,-6.459363631E1,-8.578558578E1
2.941213754E1,5.933217239E-1,-4.080179980E-1,-3.483907336E-1,-6.000954573E-1,1.072138323E2,-8.846529237E0,-6.457059995E1,-8.505436220E1
2.942216054E1,5.952873116E-1,-4.082641541E-1,-3.482316529E-1,-5.980703582E-1,1.069337668E2,-9.311074417E0,-6.454686879E1,-8.437928240E1
2.943218354E1,5.970030172E-1,-4.084065735E-1,-3.479333744E-1,-5.964343101E-1,1.066888905E2,-9.709892502E0,-6.450328083E1,-8.380969201E1
2.944220654E1,5.986181227E-1,-4.079850076E-1,-3.469705850E-1,-5.956644176E-1,1.064580161E2,-9.990456205E0,-6.434933120E1,-8.342181758E1
2.945222975E1,6.000171042E-1,-4.071840541E-1,-3.455074940E-1,-5.956552706E-1,1.062577547E2,-1.016403174E1,-6.411911675E1,-8.320592035E1
2.946225275E1,6.012461786E-1,-4.060639858E-1,-3.439655673E-1,-5.960727050E-1,1.060815983E2,-1.022751822E1,-6.385779720E1,-8.312125800E1
2.947227675E1,6.024341303E-1,-4.046709245E-1,-3.423703328E-1,-5.967387088E-1,1.059111419E2,-1.021857480E1,-6.356973358E1,-8.311334936E1
2.948229975E1,6.034982256E-1,-4.031089043E-1,-3.408866531E-1,-5.975696201E-1,1.057582948E2,-1.013827834E1,-6.328073378E1,-8.317729136E1
2.949232275E1,6.041854465E-1,-4.015825246E-1,-3.399061383E-1,-5.984607144E-1,1.056595000E2,-9.963769980E0,-6.304912097E1,-8.333323098E1
2.950234575E1,6.042055655E-1,-4.004927625E-1,-3.396305954E-1,-5.993265222E-1,1.056566068E2,-9.724188856E0,-6.293176970E1,-8.357548629E1
2.951236875E1,6.035466117E-1,-3.998438064E-1,-3.400505255E-1,-6.001850834E-1,1.057513409E2,-9.416630402E0,-6.292774092E1,-8.390952796E1
2.952239175E1,6.022755159E-1,-3.996580942E-1,-3.410315487E-1,-6.010283044E-1,1.059339122E2,-9.065164526E0,-6.302462451E1,-8.431615285E1
2.953241575E1,6.006434258E-1,-3.998926467E-1,-3.422267016E-1,-6.018256340E-1,1.061680129E2,-8.728466359E0,-6.318194936E1,-8.473828542E1
2.954243875E1,5.990341192E-1,-4.004193585E-1,-3.435255384E-1,-6.023393755E-1,1.063984944E2,-8.454332533E0,-6.337307585E1,-8.509065097E1
2.955246175E1,5.976216879E-1,-4.011247203E-1,-3.447808481E-1,-6.025556792E-1,1.066004944E2,-8.260205158E0,-6.357233700E1,-8.534682448E1
2.956248475E1,5.965230720E-1,-4.017584455E-1,-3.457970876E-1,-6.026397362E-1,1.067574304E2,-8.124802276E0,-6.373838849E1,-8.552810381E1
2.957250775E1,5.956689678E-1,-4.022640312E-1,-3.466359864E-1,-6.026654019E-1,1.068793280E2,-8.017772322E0,-6.387321715E1,-8.566630068E1
2.958253075E1,5.949728355E-1,-4.026191553E-1,-3.472980344E-1,-6.027348948E-1,1.069786087E2,-7.917711258E0,-6.397608855E1,-8.579260958E1
2.959255475E1,5.943937536E-1,-4.026607147E-1,-3.477243892E-1,-6.030325201E-1,1.070611475E2,-7.782153401E0,-6.402764067E1,-8.595670961E1
2.960257775E1,5.938084172E-1,-4.024666654E-1,-3.480185795E-1,-6.035686290E-1,1.071445332E2,-7.598409191E0,-6.404593809E1,-8.617754029E1
2.961260075E1,5.931741269E-1,-4.021068735E-1,-3.482159374E-1,-6.043178959E-1,1.072348422E2,-7.372911392E0,-6.404081948E1,-8.645170464E1
2.962262375E1,5.924766743E-1,-4.016493089E-1,-3.482895442E-1,-6.052632563E-1,1.073340836E2,-7.122279562E0,-6.401568239E1,-8.676794037E1
2.963264675E1,5.918511031E-1,-4.010750291E-1,-3.482833776E-1,-6.062587925E-1,1.074230432E2,-6.865158488E0,-6.397129725E1,-8.708736113E1
2.964266975E1,5.914375905E-1,-4.004718419E-1,-3.483989259E-1,-6.069943913E-1,1.074818190E2,-6.632801063E0,-6.393299383E1,-8.734537628E1
2.965269375E1,5.912833613E-1,-3.998797366E-1,-3.487420275E-1,-6.073378598E-1,1.075037352E2,-6.434205337E0,-6.391398398E1,-8.751837421E1
2.966271675E1,5.912210452E-1,-3.993812790E-1,-3.493792326E-1,-6.073601364E-1,1.075125895E2,-6.250456349E0,-6.392992726E1,-8.764011888E1
2.967273975E1,5.910723202E-1,-3.991409893E-1,-3.503803572E-1,-6.070862129E-1,1.075337195E2,-6.079506863E0,-6.400420868E1,-8.773010376E1
2.968276275E1,5.907653259E-1,-3.992821707E-1,-3.515671387E-1,-6.066058198E-1,1.075773263E2,-5.951539133E0,-6.413193863E1,-8.778538072E1
2.969278575E1,5.903461116E-1,-3.998167903E-1,-3.529316561E-1,-6.058689460E-1,1.076368536E2,-5.879313187E0,-6.431318824E1,-8.778877195E1
2.970280875E1,5.899876085E-1,-4.006959209E-1,-3.544152778E-1,-6.047702640E-1,1.076877423E2,-5.891611182E0,-6.453647919E1,-8.769581558E1
2.971283275E1,5.898815302E-1,-4.016976382E-1,-3.558563076E-1,-6.033614160E-1,1.077027967E2,-5.989681184E0,-6.476460329E1,-8.749381526E1
2.972285575E1,5.900501024E-1,-4.025580529E-1,-3.572261355E-1,-6.018118601E-1,1.076788726E2,-6.118315539E0,-6.497063330E1,-8.723302334E1
2.973287875E1,5.903869259E-1,-4.032287858E-1,-3.588087417E-1,-6.000883210E-1,1.076310591E2,-6.220632461E0,-6.517819060E1,-8.695488462E1
2.974290175E1,5.908006841E-1,-4.036949668E-1,-3.606637562E-1,-5.982528653E-1,1.075723044E2,-6.269205198E0,-6.539284658E1,-8.669159144E1
2.975292475E1,5.911891607E-1,-4.042723259E-1,-3.630271513E-1,-5.960459208E-1,1.075171197E2,-6.303641848E0,-6.566686999E1,-8.639877660E1
2.976294775E1,5.915100139E-1,-4.052186504E-1,-3.657975888E-1,-5.933851588E-1,1.074715265E2,-6.393059357E0,-6.601435593E1,-8.602602581E1
2.977297175E1,5.915476772E-1,-4.068023433E-1,-3.688186920E-1,-5.903862579E-1,1.074661737E2,-6.580640395E0,-6.644669575E1,-8.557460308E1
2.978299475E1,5.910065263E-1,-4.092007242E-1,-3.720095733E-1,-5.872604644E-1,1.075430661E2,-6.864341732E0,-6.697510383E1,-8.509134716E1
2.979301775E1,5.898163412E-1,-4.123349324E-1,-3.753022537E-1,-5.841615334E-1,1.077120474E2,-7.221558903E0,-6.758695030E1,-8.461126587E1
2.980304075E1,5.882716960E-1,-4.155309872E-1,-3.782313161E-1,-5.815595187E-1,1.079310836E2,-7.567479284E0,-6.817405356E1,-8.421740255E1
2.981306375E1,5.867567882E-1,-4.180905772E-1,-3.802667441E-1,-5.799258884E-1,1.081456075E2,-7.816248405E0,-6.861813929E1,-8.399097495E1
2.982308775E1,5.857439059E-1,-4.194803761E-1,-3.811017930E-1,-5.793977976E-1,1.082888781E2,-7.927763130E0,-6.883556916E1,-8.393941646E1
2.983311075E1,5.854284440E-1,-4.197442404E-1,-3.806810582E-1,-5.798019365E-1,1.083334732E2,-7.958636187E0,-6.882160344E1,-8.399043697E1
2.984313375E1,5.858907748E-1,-4.190875504E-1,-3.791338895E-1,-5.808228375E-1,1.082681118E2,-7.982885640E0,-6.860589262E1,-8.405138357E1
2.985315675E1,5.869678326E-1,-4.176224166E-1,-3.766076324E-1,-5.824318827E-1,1.081157393E2,-7.986882548E0,-6.821551461E1,-8.414165533E1
2.986317975E1,5.882870895E-1,-4.155370827E-1,-3.736408236E-1,-5.844996308E-1,1.079289023E2,-7.904093851E0,-6.772552736E1,-8.432143795E1
2.987320275E1,5.892972747E-1,-4.133703554E-1,-3.707178132E-1,-5.868748491E-1,1.077856869E2,-7.733787763E0,-6.723790596E1,-8.461764597E1
2.988322675E1,5.897010014E-1,-4.115301897E-1,-3.682379269E-1,-5.893185635E-1,1.077284136E2,-7.497783641E0,-6.683055747E1,-8.501207894E1
2.989324975E1,5.896037566E-1,-4.099856697E-1,-3.663718396E-1,-5.916508557E-1,1.077422108E2,-7.197619109E0,-6.651510571E1,-8.547470630E1
2.990327275E1,5.893055638E-1,-4.085561566E-1,-3.652991786E-1,-5.935969902E-1,1.077845112E2,-6.833526744E0,-6.628838428E1,-8.595046183E1
2.991329575E1,5.889966617E-1,-4.071902063E-1,-3.651134506E-1,-5.949547588E-1,1.078283189E2,-6.420970335E0,-6.615192000E1,-8.639219082E1
2.992331875E1,5.887893515E-1,-4.059871890E-1,-3.659674919E-1,-5.954572655E-1,1.078577122E2,-5.991981188E0,-6.612796202E1,-8.674240432E1
2.993334175E1,5.884911856E-1,-4.051548941E-1,-3.678224380E-1,-5.951759122E-1,1.078999778E2,-5.556512258E0,-6.623377498E1,-8.702094642E1
2.994336575E1,5.877993481E-1,-4.050033367E-1,-3.708115741E-1,-5.941069387E-1,1.079980034E2,-5.113144748E0,-6.651381430E1,-8.725707981E1
2.995338875E1,5.865999871E-1,-4.057409184E-1,-3.749155695E-1,-5.922102766E-1,1.081677953E2,-4.688972192E0,-6.698738747E1,-8.744156403E1
2.996341175E1,5.850626009E-1,-4.072996168E-1,-3.797842654E-1,-5.895529555E-1,1.083851748E2,-4.334916940E0,-6.761481345E1,-8.753451241E1
2.997343475E1,5.834199657E-1,-4.094075572E-1,-3.849353611E-1,-5.863713781E-1,1.086171078E2,-4.080539194E0,-6.832405091E1,-8.751931046E1
2.998345775E1,5.819888278E-1,-4.116457821E-1,-3.899417580E-1,-5.829083396E-1,1.088189038E2,-3.933387541E0,-6.903305368E1,-8.738487136E1
2.999348075E1,5.810620743E-1,-4.134694505E-1,-3.945045172E-1,-5.794619361E-1,1.089494440E2,-3.843827608E0,-6.965939729E1,-8.716700992E1
3.000350475E1,5.807134153E-1,-4.145407187E-1,-3.984349841E-1,-5.763484845E-1,1.089985277E2,-3.746137405E0,-7.015136759E1,-8.693680033E1
3.001352775E1,5.809223314E-1,-4.147343104E-1,-4.017389908E-1,-5.736989286E-1,1.089691186E2,-3.589563169E0,-7.049692272E1,-8.674598854E1
3.002355075E1,5.814362711E-1,-4.142004797E-1,-4.044490319E-1,-5.716563227E-1,1.088967483E2,-3.341436958E0,-7.071428394E1,-8.665693334E1
3.003357375E1,5.822280108E-1,-4.129818118E-1,-4.065999881E-1,-5.702043948E-1,1.087851958E2,-3.001108633E0,-7.081037280E1,-8.667106049E1
3.004359675E1,5.833671605E-1,-4.110460413E-1,-4.081817250E-1,-5.693079267E-1,1.086245581E2,-2.580179004E0,-7.078028723E1,-8.676925394E1
3.005361975E1,5.847648863E-1,-4.086320415E-1,-4.095724837E-1,-5.686126203E-1,1.084272359E2,-2.101870160E0,-7.068491245E1,-8.690470745E1
3.006364375E1,5.862559199E-1,-4.060918591E-1,-4.111194335E-1,-5.677800889E-1,1.082164707E2,-1.603298067E0,-7.059335820E1,-8.703048198E1
3.007366675E1,5.875983754E-1,-4.038731900E-1,-4.131653847E-1,-5.664882097E-1,1.080264676E2,-1.124496559E0,-7.058392315E1,-8.710818723E1
3.008368975E1,5.884918676E-1,-4.024461563E-1,-4.158553066E-1,-5.646049410E-1,1.078998811E2,-7.087210805E-1,-7.071737009E1,-8.712362010E1
3.009371275E1,5.890021842E-1,-4.019176777E-1,-4.191996162E-1,-5.619700859E-1,1.078275358E2,-4.058550352E-1,-7.100560198E1,-8.701965272E1
3.010373575E1,5.894286379E-1,-4.020022572E-1,-4.229585764E-1,-5.586359212E-1,1.077670538E2,-2.413190401E-1,-7.139733939E1,-8.675382899E1
3.011375875E1,5.900527195E-1,-4.022911251E-1,-4.270237308E-1,-5.546624296E-1,1.076785012E2,-1.908296995E-1,-7.184270293E1,-8.632014876E1
3.012378275E1,5.907078540E-1,-4.028901872E-1,-4.314499217E-1,-5.500861208E-1,1.075854885E2,-2.479595661E-1,-7.235829344E1,-8.573998113E1
3.013380575E1,5.912875102E-1,-4.037928555E-1,-4.361081929E-1,-5.451056594E-1,1.075031457E2,-4.031334280E-1,-7.293065461E1,-8.504777635E1
3.014382875E1,5.916263129E-1,-4.048899709E-1,-4.406878366E-1,-5.402192117E-1,1.074549971E2,-5.959346519E-1,-7.351695150E1,-8.435384539E1
3.015385175E1,5.917788028E-1,-4.058397936E-1,-4.451320518E-1,-5.356765374E-1,1.074333214E2,-7.187483545E-1,-7.407822773E1,-8.376022290E1
3.016387475E1,5.918829055E-1,-4.063939957E-1,-4.492446860E-1,-5.316933231E-1,1.074185219E2,-7.223914058E-1,-7.456961688E1,-8.331722412E1
3.017389775E1,5.920965716E-1,-4.064606588E-1,-4.528999268E-1,-5.282925966E-1,1.073881423E2,-6.186966957E-1,-7.496803926E1,-8.300681124E1
3.018392175E1,5.924587210E-1,-4.061026845E-1,-4.560294778E-1,-5.254619905E-1,1.073366373E2,-4.385157055E-1,-7.527125732E1,-8.280260112E1
3.019394475E1,5.931058596E-1,-4.052910390E-1,-4.586600970E-1,-5.230637348E-1,1.072445588E2,-2.157213901E-1,-7.547860352E1,-8.265160878E1
3.020396775E1,5.940240497E-1,-4.040828811E-1,-4.608241454E-1,-5.210505695E-1,1.071138199E2,3.581450668E-2,-7.559846099E1,-8.253930934E1
3.021399075E1,5.952598059E-1,-4.025398112E-1,-4.625288063E-1,-5.193212737E-1,1.069376894E2,2.703707798E-1,-7.563723878E1,-8.241457182E1
3.022401375E1,5.967808751E-1,-4.007973077E-1,-4.637169945E-1,-5.178616546E-1,1.067206179E2,4.392130151E-1,-7.560157141E1,-8.224088190E1
3.023403775E1,5.984900668E-1,-3.990000318E-1,-4.644377556E-1,-5.166296496E-1,1.064763340E2,5.242993973E-1,-7.551044304E1,-8.200898493E1
3.024406075E1,6.002728890E-1,-3.972239741E-1,-4.647935488E-1,-5.156088423E-1,1.062211112E2,5.489112862E-1,-7.538208779E1,-8.174644805E1
3.025408375E1,6.020783862E-1,-3.953886000E-1,-4.649947209E-1,-5.147324302E-1,1.059622069E2,5.812344817E-1,-7.523184417E1,-8.150387237E1
3.026410675E1,6.037871854E-1,-3.935121460E-1,-4.651929718E-1,-5.139891311E-1,1.057167619E2,6.704364521E-1,-7.507794793E1,-8.132905567E1
3.027412975E1,6.052805589E-1,-3.916201660E-1,-4.654920538E-1,-5.134064667E-1,1.055019332E2,8.581801857E-1,-7.493404078E1,-8.126776203E1
3.028415275E1,6.066483242E-1,-3.895974360E-1,-4.659308209E-1,-5.129329732E-1,1.053049049E2,1.154587450E0,-7.479356596E1,-8.131302340E1
3.029417675E1,6.080251301E-1,-3.873618934E-1,-4.665328359E-1,-5.124483318E-1,1.051063128E2,1.536295361E0,-7.465140915E1,-8.142035961E1
3.030419975E1,6.091979135E-1,-3.852998220E-1,-4.676249398E-1,-5.116140718E-1,1.049369411E2,1.948184679E0,-7.457983795E1,-8.153180245E1
3.031422275E1,6.102022255E-1,-3.836628094E-1,-4.693611661E-1,-5.100551073E-1,1.047917468E2,2.285447511E0,-7.462016527E1,-8.152485327E1
3.032424575E1,6.114609570E-1,-3.821892924E-1,-4.712451091E-1,-5.079122193E-1,1.046095704E2,2.456721618E0,-7.469474096E1,-8.130451453E1
3.033426875E1,6.128410661E-1,-3.810121888E-1,-4.731386248E-1,-5.053665813E-1,1.044095695E2,2.452089535E0,-7.480059408E1,-8.089487207E1
3.034429175E1,6.142076407E-1,-3.800789681E-1,-4.751252639E-1,-5.025385225E-1,1.042112628E2,2.347683055E0,-7.494121701E1,-8.037901036E1
3.035431575E1,6.157617689E-1,-3.788610611E-1,-4.768700907E-1,-4.998965842E-1,1.039854147E2,2.261889167E0,-7.502960755E1,-7.987837701E1
3.036433875E1,6.174902586E-1,-3.771026050E-1,-4.784055900E-1,-4.976218713E-1,1.037338188E2,2.313252890E0,-7.504539667E1,-7.950574263E1
3.037436175E1,6.192856142E-1,-3.749538375E-1,-4.800311465E-1,-4.954443281E-1,1.034720300E2,2.497257771E0,-7.503644703E1,-7.923901076E1
3.038438475E1,6.209172715E-1,-3.728615362E-1,-4.820087241E-1,-4.930554605E-1,1.032337010E2,2.733004502E0,-7.507369299E1,-7.900456807E1
3.039440775E1,6.220662947E-1,-3.713492599E-1,-4.845943963E-1,-4.902054748E-1,1.030656325E2,2.944835106E0,-7.523394576E1,-7.874757629E1
3.040443075E1,6.226906581E-1,-3.706134339E-1,-4.878704129E-1,-4.867077078E-1,1.029742242E2,3.064770874E0,-7.554535280E1,-7.839896277E1
3.041445475E1,6.229747858E-1,-3.705673410E-1,-4.916046922E-1,-4.826045699E-1,1.029326080E2,3.025958753E0,-7.597489705E1,-7.789158145E1
3.042447775E1,6.228112086E-1,-3.713409412E-1,-4.956085216E-1,-4.781048512E-1,1.029565686E2,2.790582200E0,-7.651251681E1,-7.722430241E1
3.043450075E1,6.220341999E-1,-3.730423936E-1,-4.996954330E-1,-4.735158918E-1,1.030703297E2,2.353835383E0,-7.714553241E1,-7.643682449E1
3.044452400E1,6.210267163E-1,-3.752935464E-1,-5.032559935E-1,-4.692696020E-1,1.032177009E2,1.674446592E0,-7.776822305E1,-7.550232195E1
3.045454700E1,6.205293624E-1,-3.774580347E-1,-5.055710409E-1,-4.656894169E-1,1.032903967E2,6.831375228E-1,-7.823714982E1,-7.432987721E1
3.046457000E1,6.211167315E-1,-3.790303281E-1,-5.062906088E-1,-4.628390150E-1,1.032045399E2,-6.250539639E-1,-7.846169074E1,-7.287461017E1
3.047459400E1,6.229625158E-1,-3.797531834E-1,-5.054404700E-1,-4.606899419E-1,1.029344054E2,-2.124060359E0,-7.841785898E1,-7.123400093E1
3.048461700E1,6.259603263E-1,-3.794581502E-1,-5.031903393E-1,-4.593307166E-1,1.024945848E2,-3.559281344E0,-7.811083054E1,-6.965430659E1
3.049464000E1,6.297643902E-1,-3.781104205E-1,-4.997036570E-1,-4.590484434E-1,1.019345164E2,-4.651352399E0,-7.756292892E1,-6.844011755E1
3.050466300E1,6.338871739E-1,-3.757338440E-1,-4.951187542E-1,-4.602919651E-1,1.013250060E2,-5.163934561E0,-7.680363658E1,-6.787579610E1
3.051468600E1,6.379434340E-1,-3.720829733E-1,-4.895883554E-1,-4.635576240E-1,1.007227261E2,-4.885344347E0,-7.584158828E1,-6.820069975E1
3.052470900E1,6.416529204E-1,-3.669337348E-1,-4.833272619E-1,-4.690798991E-1,1.001696314E2,-3.788691946E0,-7.468735885E1,-6.944607662E1
3.053473300E1,6.447901948E-1,-3.605167401E-1,-4.765156252E-1,-4.766615797E-1,9.970010636E1,-2.131555825E0,-7.337426610E1,-7.135925197E1
3.054475600E1,6.473985315E-1,-3.533046820E-1,-4.694537258E-1,-4.854526168E-1,9.930850351E1,-3.077404262E-1,-7.196594370E1,-7.350545850E1
3.055477900E1,6.494096422E-1,-3.458769375E-1,-4.626198198E-1,-4.945898534E-1,9.900578760E1,1.443265557E0,-7.056059479E1,-7.560690241E1
3.056480200E1,6.505657777E-1,-3.387024428E-1,-4.566954112E-1,-5.034621390E-1,9.883145465E1,3.103349694E0,-6.927157013E1,-7.761538863E1
3.057482500E1,6.504762630E-1,-3.318826717E-1,-4.523670036E-1,-5.119557353E-1,9.884496061E1,4.848190411E0,-6.817542717E1,-7.969087906E1
3.058484800E1,6.485108606E-1,-3.254529593E-1,-4.499797639E-1,-5.206077352E-1,9.914115797E1,6.905066507E0,-6.729437281E1,-8.211222730E1
3.059487200E1,6.440855048E-1,-3.199332447E-1,-4.499389605E-1,-5.294823653E-1,9.980571132E1,9.358745609E0,-6.669275349E1,-8.501126345E1
3.060489500E1,6.367115290E-1,-3.163992525E-1,-4.531474104E-1,-5.377243132E-1,1.009059174E2,1.224229731E1,-6.653730486E1,-8.841397611E1
3.061491800E1,6.262724764E-1,-3.154973047E-1,-4.599571663E-1,-5.446868409E-1,1.024487102E2,1.565717971E1,-6.689853824E1,-9.240852542E1
3.062494100E1,6.131763469E-1,-3.169161467E-1,-4.696623106E-1,-5.504510203E-1,1.043609408E2,1.973289878E1,-6.764804798E1,-9.712322679E1
3.063496400E1,5.977195539E-1,-3.202076154E-1,-4.813163673E-1,-5.554573336E-1,1.065865066E2,2.461326480E1,-6.860815582E1,-1.027336614E2
3.064498700E1,5.799257583E-1,-3.250727262E-1,-4.941565574E-1,-5.601992617E-1,1.091093579E2,3.046333274E1,-6.961270086E1,-1.094548801E2
3.065501100E1,5.597441074E-1,-3.312339527E-1,-5.076013705E-1,-5.650764648E-1,1.119237942E2,3.740761382E1,-7.049266923E1,-1.174517760E2
3.066503400E1,5.373139636E-1,-3.383336789E-1,-5.211186182E-1,-5.703152462E-1,1.149980495E2,4.536088509E1,-7.107118421E1,-1.266521037E2
3.067505700E1,5.130970772E-1,-3.460141623E-1,-5.341090566E-1,-5.759629055E-1,1.182593088E2,5.385982105E1,-7.120586373E1,-1.365822339E2
3.068508000E1,4.876893659E-1,-3.540648953E-1,-5.459938673E-1,-5.819689895E-1,1.216223538E2,6.218829152E1,-7.084954302E1,-1.465120216E2
3.069510300E1,4.615585779E-1,-3.623493852E-1,-5.564729858E-1,-5.882214692E-1,1.250245490E2,6.975545846E1,-7.004704534E1,-1.558301266E2
3.070512700E1,4.350170321E-1,-3.705726357E-1,-5.654987544E-1,-5.946825705E-1,1.284272447E2,7.623653845E1,-6.886752730E1,-1.641812874E2
3.071515000E1,4.082596101E-1,-3.783371284E-1,-5.729357028E-1,-6.016061071E-1,1.318088940E2,8.144790222E1,-6.737357300E1,-1.713747270E2
3.072517300E1,3.817037238E-1,-3.849414763E-1,-5.787341609E-1,-6.092528941E-1,1.351214895E2,8.530599179E1,-6.562493901E1,-1.772847917E2
3.073519600E1,3.559801218E-1,-3.897455321E-1,-5.831145777E-1,-6.175386590E-1,1.382929485E2,8.791056684E1,-6.370437545E1,1.780764750E2
3.074521900E1,3.315861476E-1,-3.926239512E-1,-5.863273055E-1,-6.261928083E-1,1.412698470E2,8.950030001E1,-6.170909694E1,1.745349037E2
3.075524200E1,3.085008224E-1,-3.940112568E-1,-5.884505794E-1,-6.350656261E-1,1.440621874E2,9.034514371E1,-5.971424793E1,1.718061833E2
3.076526600E1,2.866670164E-1,-3.942134458E-1,-5.894759596E-1,-6.441551524E-1,1.466829601E2,9.061999971E1,-5.776160372E1,1.696932530E2
3.077528900E1,2.660589144E-1,-3.933070568E-1,-5.894129711E-1,-6.535399701E-1,1.491402337E2,9.042845968E1,-5.586532770E1,1.680821644E2
3.078531200E1,2.468400147E-1,-3.913623906E-1,-5.884566697E-1,-6.630417453E-1,1.514188020E2,8.989183120E1,-5.404598762E1,1.668805621E2
3.079533500E1,2.293259761E-1,-3.884120796E-1,-5.869208701E-1,-6.723611722E-1,1.534852152E2,8.912624826E1,-5.232579858E1,1.660290830E2
3.080535800E1,2.134493425E-1,-3.846789963E-1,-5.850608138E-1,-6.812968098E-1,1.553508609E2,8.823982599E1,-5.070747517E1,1.654330935E2
3.081538100E1,1.987445389E-1,-3.805419775E-1,-5.831030611E-1,-6.896950962E-1,1.570728946E2,8.733856507E1,-4.917351840E1,1.649604540E2
3.082540500E1,1.847440302E-1,-3.762415871E-1,-5.811552655E-1,-6.975461269E-1,1.587075817E2,8.647316915E1,-4.769919639E1,1.645250032E2
3.083542800E1,1.716576444E-1,-3.714088292E-1,-5.791418579E-1,-7.051126241E-1,1.602315760E2,8.557780683E1,-4.626942486E1,1.642084224E2
3.084545100E1,1.601663273E-1,-3.656192009E-1,-5.769750041E-1,-7.125792544E-1,1.615668988E2,8.458489710E1,-4.490143004E1,1.641342731E2
3.085547400E1,1.505859904E-1,-3.594767403E-1,-5.747645494E-1,-7.195457281E-1,1.626782259E2,8.358349588E1,-4.366359308E1,1.642368077E2
3.086549700E1,1.425996262E-1,-3.543387128E-1,-5.725977694E-1,-7.254248341E-1,1.636033931E2,8.272506903E1,-4.264054228E1,1.643131092E2
3.087552000E1,1.358689220E-1,-3.508952837E-1,-5.703636809E-1,-7.301351870E-1,1.643822631E2,8.204099350E1,-4.186604843E1,1.642718336E2
3.088554400E1,1.302359114E-1,-3.486568013E-1,-5.678737926E-1,-7.341636671E-1,1.650335501E2,8.143423086E1,-4.128900077E1,1.641866575E2
3.089556700E1,1.256798792E-1,-3.465649900E-1,-5.651509165E-1,-7.380391120E-1,1.655599607E2,8.080064282E1,-4.081458138E1,1.641889702E2
3.090559000E1,1.224331810E-1,-3.435017782E-1,-5.622740358E-1,-7.422025041E-1,1.659349015E2,8.004664194E1,-4.035922314E1,1.644291094E2
3.091561300E1,1.209371997E-1,-3.389270222E-1,-5.593656188E-1,-7.467347444E-1,1.661076118E2,7.914460713E1,-3.990177440E1,1.649999679E2
3.092563600E1,1.212158958E-1,-3.332321401E-1,-5.566040730E-1,-7.513021773E-1,1.660754389E2,7.816732343E1,-3.946855091E1,1.658423816E2
3.093565900E1,1.227422860E-1,-3.274312796E-1,-5.540591831E-1,-7.554744624E-1,1.658992115E2,7.722310403E1,-3.910510289E1,1.667865635E2
3.094568300E1,1.247003443E-1,-3.227085461E-1,-5.515360304E-1,-7.590238171E-1,1.656730972E2,7.638201672E1,-3.886153213E1,1.676404646E2
3.095570600E1,1.272209998E-1,-3.189572343E-1,-5.489562112E-1,-7.620553345E-1,1.653819323E2,7.561111920E1,-3.874119682E1,1.684411460E2
3.096572900E1,1.308403604E-1,-3.150962774E-1,-5.464218896E-1,-7.648648856E-1,1.649636876E2,7.483014843E1,-3.868220436E1,1.693549210E2
3.097575200E1,1.357833428E-1,-3.101575202E-1,-5.441320408E-1,-7.676492750E-1,1.643921615E2,7.399655912E1,-3.860534688E1,1.704935409E2
3.098577500E1,1.417861920E-1,-3.039005255E-1,-5.422103553E-1,-7.704213997E-1,1.636975626E2,7.312414211E1,-3.846370971E1,1.718438389E2
3.099579800E1,1.481260052E-1,-2.969822889E-1,-5.406227678E-1,-7.730376231E-1,1.629633172E2,7.227330994E1,-3.826631528E1,1.732637078E2
3.100582200E1,1.540524422E-1,-2.904699581E-1,-5.393697103E-1,-7.752259718E-1,1.622763097E2,7.153114149E1,-3.806406156E1,1.745709824E2
3.101584500E1,1.593037499E-1,-2.851153907E-1,-5.384337764E-1,-7.768015264E-1,1.616670286E2,7.094225256E1,-3.791597462E1,1.756719564E2
3.102586800E1,1.640709588E-1,-2.808472847E-1,-5.378928426E-1,-7.777383033E-1,1.611134623E2,7.050388902E1,-3.783260258E1,1.765940114E2
3.103589100E1,1.689674533E-1,-2.764340987E-1,-5.378551528E-1,-7.782968755E-1,1.605444199E2,7.014507789E1,-3.773828665E1,1.775105536E2
3.104591400E1,1.747268622E-1,-2.704386041E-1,-5.380997099E-1,-7.789623321E-1,1.598744728E2,6.973534179E1,-3.754352439E1,1.786388500E2
3.105593700E1,1.818817112E-1,-2.620427307E-1,-5.381642473E-1,-7.801486816E-1,1.590412332E2,6.915533018E1,-3.720215333E1,-1.798744397E2
3.106596100E1,1.902107293E-1,-2.508639113E-1,-5.376142730E-1,-7.822136664E-1,1.580698353E2,6.834270886E1,-3.665379416E1,-1.780116885E2
3.107598400E1,1.989728905E-1,-2.374433853E-1,-5.360896108E-1,-7.852633281E-1,1.570461942E2,6.731366286E1,-3.589104643E1,-1.759008590E2
3.108600700E1,2.068566482E-1,-2.240268528E-1,-5.334609224E-1,-7.889497233E-1,1.561235858E2,6.619450087E1,-3.504304775E1,-1.738733073E2
3.109603000E1,2.132362270E-1,-2.127277990E-1,-5.305044790E-1,-7.923649878E-1,1.553758577E2,6.519480052E1,-3.428859970E1,-1.721939735E2
3.110605300E1,2.182790974E-1,-2.045679057E-1,-5.284530338E-1,-7.945084079E-1,1.547840476E2,6.450938376E1,-3.376323925E1,-1.709588510E2
3.111607600E1,2.228338652E-1,-1.992144025E-1,-5.277346092E-1,-7.950817315E-1,1.542489315E2,6.414669585E1,-3.350280094E1,-1.700502665E2
3.112610000E1,2.274275977E-1,-1.954059395E-1,-5.278805953E-1,-7.946290111E-1,1.537086583E2,6.396977540E1,-3.341228212E1,-1.692889859E2
3.113612300E1,2.317142694E-1,-1.919300046E-1,-5.286652854E-1,-7.937156046E-1,1.532039620E2,6.391254197E1,-3.334466872E1,-1.686155209E2
3.114614600E1,2.342443658E-1,-1.887991260E-1,-5.302322631E-1,-7.926779281E-1,1.529058302E2,6.402671252E1,-3.321084795E1,-1.681963572E2
3.115616900E1,2.343835558E-1,-1.860340609E-1,-5.324516107E-1,-7.918023484E-1,1.528894234E2,6.430359247E1,-3.297002614E1,-1.680953573E2
3.116619200E1,2.324916891E-1,-1.832310426E-1,-5.348878672E-1,-7.913715865E-1,1.531123752E2,6.465481101E1,-3.259665830E1,-1.682226562E2
3.117621500E1,2.294712352E-1,-1.796246632E-1,-5.374889599E-1,-7.913175964E-1,1.534681137E2,6.503319692E1,-3.207012643E1,-1.684218446E2
3.118623900E1,2.259252944E-1,-1.745978297E-1,-5.403081415E-1,-7.915430399E-1,1.538854105E2,6.541993396E1,-3.136861116E1,-1.685850084E2
3.119626200E1,2.222185844E-1,-1.678822140E-1,-5.432671243E-1,-7.920197840E-1,1.543212507E2,6.579176645E1,-3.048948137E1,-1.686496801E2
3.120628500E1,2.182864099E-1,-1.602736542E-1,-5.462899384E-1,-7.926101349E-1,1.547831890E2,6.615944736E1,-2.950927092E1,-1.686736141E2
3.121630800E1,2.143926522E-1,-1.527376080E-1,-5.494346623E-1,-7.929870752E-1,1.552402040E2,6.654956587E1,-2.854360243E1,-1.686964790E2
3.122633100E1,2.110378895E-1,-1.458027445E-1,-5.527206202E-1,-7.929088928E-1,1.556336357E2,6.696743178E1,-2.767829290E1,-1.687021576E2
3.123635500E1,2.087904299E-1,-1.394393501E-1,-5.563283272E-1,-7.921249825E-1,1.558970445E2,6.743130194E1,-2.695039013E1,-1.686369455E2
3.124637800E1,2.076712414E-1,-1.338947847E-1,-5.604229568E-1,-7.904877671E-1,1.560281683E2,6.797081782E1,-2.638827305E1,-1.685226216E2
3.125640100E1,2.074802319E-1,-1.292823811E-1,-5.646978906E-1,-7.882602219E-1,1.560505437E2,6.854418171E1,-2.598549636E1,-1.683781386E2
3.126642400E1,2.078378479E-1,-1.250187637E-1,-5.685895198E-1,-7.860532022E-1,1.560086507E2,6.906104279E1,-2.565121157E1,-1.681849108E2
3.127644700E1,2.082863114E-1,-1.200355311E-1,-5.719025571E-1,-7.843059413E-1,1.559561108E2,6.948077309E1,-2.524742611E1,-1.679111108E2
3.128647000E1,2.082843938E-1,-1.139049348E-1,-5.745771540E-1,-7.832651460E-1,1.559563355E2,6.979633783E1,-2.469491482E1,-1.675810973E2
3.129649400E1,2.078518617E-1,-1.067102781E-1,-5.767681369E-1,-7.827828385E-1,1.560070090E2,7.003566268E1,-2.400564273E1,-1.672047695E2
3.130651700E1,2.074099310E-1,-9.880582634E-2,-5.784802894E-1,-7.826743315E-1,1.560587788E2,7.020331177E1,-2.324294263E1,-1.667656336E2
3.131654000E1,2.076750557E-1,-9.028208985E-2,-5.794690123E-1,-7.829022406E-1,1.560277215E2,7.026012980E1,-2.246051273E1,-1.661930967E2
3.132656300E1,2.088361803E-1,-8.140743869E-2,-5.795495970E-1,-7.835065631E-1,1.558916837E2,7.018415236E1,-2.169269993E1,-1.654846031E2
3.133658600E1,2.106255458E-1,-7.263992482E-2,-5.787365843E-1,-7.844898702E-1,1.556819733E2,6.998744538E1,-2.096293824E1,-1.647012352E2
3.134660900E1,2.123437043E-1,-6.473003610E-2,-5.773441157E-1,-7.857442447E-1,1.554805305E2,6.972751122E1,-2.029863350E1,-1.639724721E2
3.135663300E1,2.134017166E-1,-5.819619984E-2,-5.759376543E-1,-7.869998415E-1,1.553564472E2,6.949038514E1,-1.971933627E1,-1.634047768E2
3.136665600E1,2.137582157E-1,-5.307139594E-2,-5.748661971E-1,-7.880480968E-1,1.553146305E2,6.932087117E1,-1.923299128E1,-1.630106582E2
3.137667900E1,2.138090237E-1,-4.906306206E-2,-5.740796105E-1,-7.888669469E-1,1.553086705E2,6.920224747E1,-1.883810850E1,-1.627281715E2
3.138670200E1,2.139107452E-1,-4.593877940E-2,-5.734745292E-1,-7.894674762E-1,1.552967381E2,6.911302028E1,-1.853470855E1,-1.625029732E2
3.139672500E1,2.143754142E-1,-4.323824115E-2,-5.730868414E-1,-7.897752747E-1,1.552422264E2,6.905415228E1,-1.830096494E1,-1.622744555E2
3.140674800E1,2.150764848E-1,-4.057717343E-2,-5.729465346E-1,-7.898277896E-1,1.551599709E2,6.903081780E1,-1.809253659E1,-1.620309507E2
3.141677200E1,2.157015437E-1,-3.771491773E-2,-5.730247381E-1,-7.897423790E-1,1.550866229E2,6.904176061E1,-1.786497076E1,-1.617873653E2
3.142679500E1,2.161148989E-1,-3.462719746E-2,-5.732065596E-1,-7.896388875E-1,1.550381116E2,6.907172939E1,-1.760438972E1,-1.615529904E2
3.143681800E1,2.163856081E-1,-3.142559641E-2,-5.733424410E-1,-7.895999859E-1,1.550063388E2,6.909843320E1,-1.732271736E1,-1.613247093E2
3.144684454E1,2.166727757E-1,-2.840396240E-2,-5.733791509E-1,-7.896090264E-1,1.549726322E2,6.911197611E1,-1.705726529E1,-1.611042976E2
3.145686754E1,2.171737331E-1,-2.555854436E-2,-5.732726458E-1,-7.896459471E-1,1.549138265E2,6.910422608E1,-1.681987886E1,-1.608710178E2
3.146689054E1,2.179037376E-1,-2.261578818E-2,-5.729938234E-1,-7.897369632E-1,1.548281216E2,6.907207501E1,-1.658491450E1,-1.606054865E2
3.147691354E1,2.187193002E-1,-1.925383944E-2,-5.725717437E-1,-7.899067939E-1,1.547323551E2,6.902295863E1,-1.631287969E1,-1.603023598E2
3.148693754E1,2.195524169E-1,-1.502206404E-2,-5.720193039E-1,-7.901676407E-1,1.546345087E2,6.896315445E1,-1.595702859E1,-1.599404283E2
3.149696054E1,2.203057708E-1,-9.465634267E-3,-5.713283906E-1,-7.905439067E-1,1.545460140E2,6.889802804E1,-1.546798456E1,-1.595010131E2
3.150698354E1,2.210834644E-1,-2.897511541E-3,-5.705549117E-1,-7.909366311E-1,1.544546439E2,6.883648104E1,-1.488406456E1,-1.589951836E2
3.151700654E1,2.222223776E-1,3.892050726E-3,-5.696575210E-1,-7.912600449E-1,1.543208049E2,6.876622313E1,-1.430136209E1,-1.584388337E2
3.152702954E1,2.239680369E-1,1.030184881E-2,-5.685150674E-1,-7.915319553E-1,1.541155951E2,6.866283303E1,-1.378917187E1,-1.578434474E2
3.153705354E1,2.260269104E-1,1.591205797E-2,-5.673111848E-1,-7.917175700E-1,1.538734569E2,6.854787667E1,-1.337123376E1,-1.572675573E2
3.154707654E1,2.279061120E-1,2.060371870E-2,-5.664047747E-1,-7.917195509E-1,1.536523458E2,6.847059598E1,-1.303519202E1,-1.567728102E2
3.155709954E1,2.294616257E-1,2.491445622E-2,-5.658786556E-1,-7.915225987E-1,1.534692450E2,6.844820158E1,-1.272396160E1,-1.563405190E2
3.156712254E1,2.306691961E-1,2.896143876E-2,-5.657609395E-1,-7.911178414E-1,1.533270534E2,6.848510707E1,-1.242628839E1,-1.559656166E2
3.157714554E1,2.314177242E-1,3.230981622E-2,-5.661791416E-1,-7.904702130E-1,1.532388931E2,6.859181588E1,-1.217907864E1,-1.556876855E2
3.158716854E1,2.319026869E-1,3.467193634E-2,-5.668966495E-1,-7.897134031E-1,1.531817664E2,6.872775293E1,-1.201500964E1,-1.555015789E2
3.159719254E1,2.321893697E-1,3.589202438E-2,-5.676423326E-1,-7.890387163E-1,1.531479931E2,6.885069903E1,-1.194429702E1,-1.554069293E2
3.160721554E1,2.322589331E-1,3.649164760E-2,-5.681808429E-1,-7.886029811E-1,1.531397977E2,6.893573010E1,-1.191002016E1,-1.553698294E2
3.161723854E1,2.320432466E-1,3.720620527E-2,-5.682237906E-1,-7.886021171E-1,1.531652078E2,6.895486644E1,-1.183085727E1,-1.553468888E2
3.162726154E1,2.315776293E-1,3.829367825E-2,-5.677364887E-1,-7.890378102E-1,1.532200576E2,6.890747919E1,-1.168435007E1,-1.553180079E2
3.163728454E1,2.311226962E-1,4.003569180E-2,-5.667564480E-1,-7.897889513E-1,1.532736429E2,6.880265590E1,-1.146334946E1,-1.552404118E2
3.164730754E1,2.309374187E-1,4.258026563E-2,-5.653205049E-1,-7.907386041E-1,1.532954644E2,6.864779940E1,-1.117273901E1,-1.550800924E2
3.165733154E1,2.312623498E-1,4.596185480E-2,-5.633532797E-1,-7.918575397E-1,1.532571941E2,6.843357770E1,-1.082292470E1,-1.548107310E2
3.166735454E1,2.322308212E-1,5.034584354E-2,-5.605457095E-1,-7.932986037E-1,1.531431096E2,6.812232835E1,-1.039733558E1,-1.544059294E2
3.167737754E1,2.337209441E-1,5.578255519E-2,-5.567745992E-1,-7.951508102E-1,1.529675224E2,6.770315845E1,-9.877874914E0,-1.538749920E2
3.168740054E1,2.353758401E-1,6.189228879E-2,-5.523048416E-1,-7.973248710E-1,1.527724434E2,6.721156873E1,-9.282471792E0,-1.532822184E2
3.169742354E1,2.369233248E-1,6.816966148E-2,-5.473709840E-1,-7.997532671E-1,1.525899533E2,6.667315139E1,-8.646172023E0,-1.526901322E2
3.170744654E1,2.382219957E-1,7.437110662E-2,-5.419828466E-1,-8.024797889E-1,1.524367503E2,6.608540706E1,-7.981991818E0,-1.521290626E2
3.171747054E1,2.393039474E-1,8.054239570E-2,-5.360390662E-1,-8.055486273E-1,1.523090751E2,6.543627450E1,-7.284189573E0,-1.515931661E2
3.172749354E1,2.403463654E-1,8.673882536E-2,-5.291936593E-1,-8.091131128E-1,1.521860319E2,6.468150550E1,-6.546901727E0,-1.510599877E2
3.173751654E1,2.410526834E-1,9.240690214E-2,-5.210932458E-1,-8.135209777E-1,1.521026422E2,6.376201777E1,-5.789383069E0,-1.505928467E2
3.174753954E1,2.409420479E-1,9.702158166E-2,-5.119606770E-1,-8.187978896E-1,1.521157051E2,6.269425149E1,-5.038411280E0,-1.502758986E2
3.175756254E1,2.402531788E-1,1.002539499E-1,-5.022397593E-1,-8.246107197E-1,1.521970327E2,6.152421773E1,-4.358017469E0,-1.501074756E2
3.176758554E1,2.398419730E-1,1.015793629E-1,-4.923839927E-1,-8.304911534E-1,1.522455727E2,6.029011665E1,-3.868522810E0,-1.500301968E2
3.177760954E1,2.398056424E-1,1.000628772E-1,-4.827353147E-1,-8.363295877E-1,1.522498610E2,5.900462116E1,-3.678291864E0,-1.500827704E2
3.178763254E1,2.395925901E-1,9.503753984E-2,-4.735248374E-1,-8.422216750E-1,1.522750081E2,5.767783966E1,-3.831400785E0,-1.503506117E2
3.179765554E1,2.391733133E-1,8.680794620E-2,-4.648086584E-1,-8.480645769E-1,1.523244924E2,5.633058329E1,-4.307092508E0,-1.508075672E2
3.180767854E1,2.392589135E-1,7.661285535E-2,-4.567162738E-1,-8.534026017E-1,1.523143900E2,5.501971277E1,-5.036115363E0,-1.513013569E2
3.181770154E1,2.406061375E-1,6.587843236E-2,-4.497500741E-1,-8.576093208E-1,1.521553643E2,5.384769668E1,-5.936681721E0,-1.516735607E2
3.182772454E1,2.434168687E-1,5.596709517E-2,-4.444952894E-1,-8.602556793E-1,1.518234102E2,5.291869273E1,-6.898063200E0,-1.518376113E2
3.183774854E1,2.470286850E-1,4.820678561E-2,-4.406088652E-1,-8.616941512E-1,1.513964911E2,5.221823125E1,-7.735897929E0,-1.518028297E2
3.184777154E1,2.506009044E-1,4.497458594E-2,-4.367680651E-1,-8.627921398E-1,1.509738531E2,5.163645162E1,-8.123165771E0,-1.515428949E2
3.185779454E1,2.536733254E-1,4.794351532E-2,-4.319577820E-1,-8.641549160E-1,1.506100247E2,5.109075741E1,-7.833283705E0,-1.510291254E2
3.186781754E1,2.557821008E-1,5.514662247E-2,-4.267630144E-1,-8.656833293E-1,1.503601335E2,5.061936153E1,-7.055900300E0,-1.504185494E2
3.187784054E1,2.571739372E-1,6.336178081E-2,-4.222365903E-1,-8.669274411E-1,1.501951212E2,5.027571361E1,-6.160638446E0,-1.498470257E2
3.188786354E1,2.580087188E-1,7.054199168E-2,-4.188474042E-1,-8.677685868E-1,1.500961214E2,5.005842694E1,-5.376749883E0,-1.493950134E2
3.189788754E1,2.585564171E-1,7.606998287E-2,-4.169004622E-1,-8.680759638E-1,1.500311555E2,4.997952723E1,-4.790667589E0,-1.490615756E2
3.190791054E1,2.587513884E-1,7.979859865E-2,-4.172603436E-1,-8.675100159E-1,1.500080263E2,5.013514756E1,-4.443800717E0,-1.488629473E2
3.191793354E1,2.579890994E-1,8.125589970E-2,-4.205709047E-1,-8.660017698E-1,1.500984484E2,5.058858086E1,-4.374191926E0,-1.488894540E2
3.192795654E1,2.556191400E-1,8.012105365E-2,-4.266400509E-1,-8.638390043E-1,1.503794496E2,5.131004364E1,-4.570824371E0,-1.492281792E2
3.193797954E1,2.515149642E-1,7.641853730E-2,-4.351234950E-1,-8.611434605E-1,1.508656438E2,5.226645531E1,-5.006312290E0,-1.498942602E2
3.194800254E1,2.458071851E-1,7.036365783E-2,-4.457369777E-1,-8.578731179E-1,1.515409183E2,5.344273692E1,-5.647303184E0,-1.508673640E2
3.195802654E1,2.390361674E-1,6.293192510E-2,-4.575898305E-1,-8.541152627E-1,1.523406776E2,5.476833505E1,-6.387885136E0,-1.520413891E2
3.196804954E1,2.324755258E-1,5.623308393E-2,-4.692686169E-1,-8.500469750E-1,1.531142795E2,5.612009524E1,-7.041337601E0,-1.531657064E2
3.197807254E1,2.267219752E-1,5.128297872E-2,-4.805925900E-1,-8.455756158E-1,1.537916856E2,5.748999030E1,-7.538625073E0,-1.541201016E2
3.198809554E1,2.218830955E-1,4.756969385E-2,-4.916696458E-1,-8.406937464E-1,1.543606793E2,5.887165008E1,-7.943890984E0,-1.549178953E2
3.199811854E1,2.189330690E-1,4.522240941E-2,-5.009640795E-1,-8.360971268E-1,1.547072505E2,6.005536165E1,-8.264006859E0,-1.554350272E2
3.200814154E1,2.185680562E-1,4.562160329E-2,-5.079623319E-1,-8.319380125E-1,1.547501161E2,6.098799794E1,-8.403298887E0,-1.555141758E2
3.201816554E1,2.199750655E-1,4.866884151E-2,-5.134384087E-1,-8.280237715E-1,1.545848630E2,6.176792548E1,-8.354036887E0,-1.552469004E2
3.202818854E1,2.223064817E-1,5.319311604E-2,-5.171779511E-1,-8.247892327E-1,1.543109201E2,6.234729111E1,-8.175043639E0,-1.547820882E2
3.203821154E1,2.254152543E-1,5.897104857E-2,-5.186281188E-1,-8.226392166E-1,1.539454044E2,6.265076424E1,-7.862115624E0,-1.541422351E2
3.204823454E1,2.291535322E-1,6.605270957E-2,-5.181543671E-1,-8.213658549E-1,1.535055164E2,6.273336160E1,-7.409899034E0,-1.533438418E2
3.205825754E1,2.321740072E-1,7.198003161E-2,-5.171093782E-1,-8.206777865E-1,1.531498030E2,6.272542578E1,-7.006034926E0,-1.526806258E2
3.206828054E1,2.333601038E-1,7.375757495E-2,-5.165006512E-1,-8.205668560E-1,1.530100476E2,6.268445480E1,-6.892982610E0,-1.524508209E2
3.207830454E1,2.326672518E-1,7.048512504E-2,-5.166150799E-1,-8.209791786E-1,1.530916899E2,6.262135365E1,-7.161420860E0,-1.527139323E2
3.208832754E1,2.310048747E-1,6.400384590E-2,-5.171069969E-1,-8.216693965E-1,1.532875197E2,6.253867510E1,-7.685099970E0,-1.532657127E2
3.209835054E1,2.292621447E-1,5.657883560E-2,-5.176307979E-1,-8.223721952E-1,1.534927300E2,6.244791739E1,-8.296084106E0,-1.538796200E2
3.210837354E1,2.272345019E-1,4.885972459E-2,-5.182795222E-1,-8.230209616E-1,1.537313804E2,6.237972469E1,-8.923571673E0,-1.545396215E2
3.211839654E1,2.247027197E-1,4.114495470E-2,-5.190192837E-1,-8.236714772E-1,1.540292047E2,6.233817770E1,-9.524552630E0,-1.552510160E2
3.212841954E1,2.222975044E-1,3.424631639E-2,-5.193215609E-1,-8.244489812E-1,1.543119752E2,6.226398663E1,-1.004485467E1,-1.558971802E2
3.213844354E1,2.206615534E-1,2.893838444E-2,-5.189899073E-1,-8.253003264E-1,1.545042157E2,6.213646049E1,-1.044412243E1,-1.563653218E2
3.214846654E1,2.196054377E-1,2.517960205E-2,-5.184825857E-1,-8.260238192E-1,1.546282810E2,6.201218206E1,-1.072674622E1,-1.566825263E2
3.215848954E1,2.187852811E-1,2.252727979E-2,-5.179665608E-1,-8.266415867E-1,1.547246065E2,6.190529291E1,-1.091794290E1,-1.569117312E2
3.216851254E1,2.180422111E-1,2.080901600E-2,-5.173186583E-1,-8.272883933E-1,1.548118628E2,6.179597525E1,-1.102075050E1,-1.570778480E2
3.217853554E1,2.176145048E-1,2.031298974E-2,-5.165714369E-1,-8.278800507E-1,1.548620802E2,6.169070303E1,-1.102244000E1,-1.571406749E2
3.218855854E1,2.177480682E-1,2.111824743E-2,-5.156250715E-1,-8.284145149E-1,1.548463989E2,6.157550638E1,-1.092730589E1,-1.570695298E2
3.219858254E1,2.182398166E-1,2.255910067E-2,-5.146567266E-1,-8.288491543E-1,1.547886601E2,6.146552507E1,-1.079181549E1,-1.569254943E2
3.220860554E1,2.185197349E-1,2.362689107E-2,-5.138215868E-1,-8.292636475E-1,1.547557905E2,6.136923696E1,-1.068296560E1,-1.568262013E2
3.221862854E1,2.181450494E-1,2.379832338E-2,-5.131705234E-1,-8.297603902E-1,1.547997877E2,6.128731750E1,-1.062600190E1,-1.568472426E2
3.222865154E1,2.172719774E-1,2.339801261E-2,-5.126101389E-1,-8.303471165E-1,1.549022931E2,6.121137945E1,-1.059669738E1,-1.569529546E2
3.223867454E1,2.163154547E-1,2.272813060E-2,-5.120146460E-1,-8.309826488E-1,1.550145728E2,6.112700124E1,-1.058768038E1,-1.570820347E2
3.224869754E1,2.151360805E-1,2.147084796E-2,-5.114638289E-1,-8.316611499E-1,1.551529781E2,6.104080203E1,-1.062357102E1,-1.572676256E2
3.225872154E1,2.134861157E-1,1.917028331E-2,-5.110012040E-1,-8.324265367E-1,1.553465476E2,6.095361272E1,-1.073504633E1,-1.575612777E2
3.226874454E1,2.110584993E-1,1.535736329E-2,-5.106490460E-1,-8.333403225E-1,1.556312196E2,6.086505826E1,-1.095032278E1,-1.580210428E2
3.227876754E1,2.082651116E-1,1.054737528E-2,-5.103976190E-1,-8.342714096E-1,1.559585946E2,6.078183474E1,-1.124456510E1,-1.585753178E2
3.228879054E1,2.056213241E-1,5.883805419E-3,-5.101641044E-1,-8.351155267E-1,1.562682536E2,6.070681363E1,-1.153543411E1,-1.591058755E2
3.229881354E1,2.035838611E-1,2.117268008E-3,-5.098323665E-1,-8.358349734E-1,1.565067756E2,6.062973142E1,-1.177377029E1,-1.595222065E2
3.230883654E1,2.022390816E-1,-6.383983144E-4,-5.093399860E-1,-8.364638465E-1,1.566641499E2,6.054067145E1,-1.195157419E1,-1.598082466E2
3.231886054E1,2.015137554E-1,-2.306254477E-3,-5.085592788E-1,-8.371106952E-1,1.567490134E2,6.042207824E1,-1.205347741E1,-1.599655018E2
3.232888354E1,2.009050496E-1,-3.208850311E-3,-5.077044354E-1,-8.377726747E-1,1.568202223E2,6.030168391E1,-1.208586550E1,-1.600668305E2
3.233890654E1,2.003446229E-1,-3.940498528E-3,-5.070974997E-1,-8.382712298E-1,1.568857753E2,6.021626113E1,-1.211033477E1,-1.601569966E2
3.234892954E1,2.001223826E-1,-4.898454248E-3,-5.066339265E-1,-8.385995116E-1,1.569117686E2,6.014525222E1,-1.218056614E1,-1.602268169E2
3.235895254E1,2.005950384E-1,-5.929977292E-3,-5.062803355E-1,-8.386934780E-1,1.568564852E2,6.008320598E1,-1.230182535E1,-1.602304805E2
3.236897554E1,2.016195651E-1,-6.900239891E-3,-5.059145008E-1,-8.386611724E-1,1.567366344E2,6.001608864E1,-1.244946589E1,-1.601734281E2
3.237899954E1,2.022903954E-1,-8.350112554E-3,-5.058538726E-1,-8.385229097E-1,1.566581457E2,5.998752483E1,-1.263047448E1,-1.601836635E2
3.238902254E1,2.019607649E-1,-1.092062777E-2,-5.064031935E-1,-8.382412423E-1,1.566967146E2,6.003749999E1,-1.287679958E1,-1.603683194E2
3.239904554E1,2.010467684E-1,-1.411809843E-2,-5.069505125E-1,-8.380823487E-1,1.568036443E2,6.008724170E1,-1.315027109E1,-1.606485011E2
3.240906854E1,2.001326454E-1,-1.672745197E-2,-5.068962695E-1,-8.382859601E-1,1.569105682E2,6.006332296E1,-1.335228781E1,-1.608871712E2
3.241909154E1,1.998234771E-1,-1.827411487E-2,-5.060540912E-1,-8.388360397E-1,1.569467267E2,5.993872706E1,-1.346792311E1,-1.609920427E2
3.242911454E1,2.000779809E-1,-1.941136328E-2,-5.046850351E-1,-8.395743471E-1,1.569169616E2,5.974240194E1,-1.356493864E1,-1.610074147E2
3.243913854E1,2.010354308E-1,-2.049377865E-2,-5.032623261E-1,-8.401737175E-1,1.568049705E2,5.953360844E1,-1.369679418E1,-1.609456002E2
3.244915817E1,2.027695208E-1,-2.160516997E-2,-5.018735664E-1,-8.405597826E-1,1.566020800E2,5.932250153E1,-1.387769916E1,-1.608045855E2
3.245918117E1,2.050660393E-1,-2.260765383E-2,-5.007533664E-1,-8.406443924E-1,1.563332701E2,5.914329632E1,-1.408641314E1,-1.606024755E2
3.246920417E1,2.073223498E-1,-2.358042417E-2,-5.000054495E-1,-8.405094171E-1,1.560690378E2,5.901432126E1,-1.429791480E1,-1.604080870E2
3.247922717E1,2.092354374E-1,-2.446818432E-2,-4.994011690E-1,-8.403691945E-1,1.558448986E2,5.890809252E1,-1.448398960E1,-1.602465920E2
3.248925017E1,2.104541557E-1,-2.521296128E-2,-4.992180831E-1,-8.401516325E-1,1.557020635E2,5.886584104E1,-1.462493395E1,-1.601565312E2
3.249927417E1,2.113531901E-1,-2.522910352E-2,-4.993755437E-1,-8.398317801E-1,1.555966711E2,5.887858944E1,-1.468268578E1,-1.600659566E2
3.250929717E1,2.127132268E-1,-2.416548565E-2,-4.992650768E-1,-8.395853475E-1,1.554371963E2,5.886061491E1,-1.465383748E1,-1.598640048E2
3.251932017E1,2.151092119E-1,-2.195492559E-2,-4.987991856E-1,-8.393124677E-1,1.551561308E2,5.879644961E1,-1.456313607E1,-1.594854733E2
3.252934317E1,2.184125554E-1,-1.900041044E-2,-4.979798298E-1,-8.390179034E-1,1.547683763E2,5.868550297E1,-1.444280670E1,-1.589659031E2
3.253936617E1,2.221777020E-1,-1.588569511E-2,-4.966960578E-1,-8.388550479E-1,1.543260556E2,5.851246407E1,-1.432141450E1,-1.583819023E2
3.254938917E1,2.259575578E-1,-1.285207032E-2,-4.953832889E-1,-8.386736058E-1,1.538816152E2,5.833746934E1,-1.420716291E1,-1.578005449E2
3.255941317E1,2.292222105E-1,-1.020151824E-2,-4.944562900E-1,-8.383711178E-1,1.534974313E2,5.821662817E1,-1.411010406E1,-1.573003054E2
3.256943617E1,2.315979230E-1,-8.606681494E-3,-4.940107557E-1,-8.379986451E-1,1.532176672E2,5.815617242E1,-1.407834940E1,-1.569577203E2
3.257945917E1,2.336204238E-1,-7.985795195E-3,-4.938550020E-1,-8.375350719E-1,1.529793691E2,5.812524061E1,-1.413018875E1,-1.567086693E2
3.258948217E1,2.361542291E-1,-7.254737034E-3,-4.935406497E-1,-8.370163074E-1,1.526806592E2,5.807006475E1,-1.419649553E1,-1.563970167E2
3.259950517E1,2.392912191E-1,-5.988814292E-3,-4.928558477E-1,-8.365387836E-1,1.523105773E2,5.796757176E1,-1.423454861E1,-1.559870148E2
3.260952817E1,2.426109999E-1,-4.663506641E-3,-4.920462489E-1,-8.360672868E-1,1.519186098E2,5.784812209E1,-1.427343325E1,-1.555521411E2
3.261955217E1,2.457123125E-1,-3.892640782E-3,-4.913344308E-1,-8.355840521E-1,1.515521338E2,5.773596608E1,-1.435677478E1,-1.551707658E2
3.262957517E1,2.483724741E-1,-3.885791919E-3,-4.906899001E-1,-8.351763867E-1,1.512375511E2,5.762540148E1,-1.449161828E1,-1.548769374E2
3.263959817E1,2.506100081E-1,-4.505203078E-3,-4.901552884E-1,-8.348186021E-1,1.509727755E2,5.752362452E1,-1.466681640E1,-1.546620581E2
3.264962117E1,2.523516424E-1,-5.858896632E-3,-4.900198074E-1,-8.343649756E-1,1.507665720E2,5.746813997E1,-1.489755311E1,-1.545443678E2
3.265964417E1,2.537108571E-1,-8.234187647E-3,-4.902953845E-1,-8.337705575E-1,1.506055784E2,5.745561674E1,-1.521948662E1,-1.545271605E2
3.266966717E1,2.552841147E-1,-1.131364713E-2,-4.905635228E-1,-8.330962922E-1,1.504191581E2,5.743002330E1,-1.562362034E1,-1.545232012E2
3.267969017E1,2.578569691E-1,-1.421937731E-2,-4.904564277E-1,-8.323221811E-1,1.501141196E2,5.734685630E1,-1.605770971E1,-1.543957183E2
3.268971417E1,2.617568591E-1,-1.624444909E-2,-4.896830330E-1,-8.315226975E-1,1.496513330E2,5.717231073E1,-1.646150248E1,-1.540663333E2
3.269973717E1,2.665541188E-1,-1.714365210E-2,-4.883758485E-1,-8.307490289E-1,1.490813615E2,5.693108333E1,-1.678860100E1,-1.535698866E2
3.270976017E1,2.714070334E-1,-1.715734983E-2,-4.869881635E-1,-8.299917764E-1,1.485039786E2,5.669001062E1,-1.702715722E1,-1.530181519E2
3.271978317E1,2.757329859E-1,-1.645794395E-2,-4.856665858E-1,-8.293541789E-1,1.479885998E2,5.647398613E1,-1.716518448E1,-1.524869394E2
3.272980617E1,2.794880594E-1,-1.496908545E-2,-4.846090160E-1,-8.287438504E-1,1.475406942E2,5.631246225E1,-1.719927378E1,-1.519822009E2
3.273983017E1,2.827958072E-1,-1.272074074E-2,-4.841162983E-1,-8.279469589E-1,1.471457233E2,5.624479802E1,-1.715012089E1,-1.514985616E2
3.274985317E1,2.855845588E-1,-9.936730666E-3,-4.844292387E-1,-8.268439969E-1,1.468124127E2,5.630097504E1,-1.704503467E1,-1.510598467E2
3.275987617E1,2.876845045E-1,-7.137948117E-3,-4.858392404E-1,-8.253162369E-1,1.465612373E2,5.651283326E1,-1.693693741E1,-1.507158195E2
3.276989917E1,2.890387460E-1,-4.938514827E-3,-4.884013895E-1,-8.233446284E-1,1.463991682E2,5.687695088E1,-1.688585979E1,-1.505041207E2
3.277992217E1,2.897391212E-1,-3.565581237E-3,-4.920645407E-1,-8.209208685E-1,1.463153235E2,5.738121302E1,-1.691752355E1,-1.504254543E2
3.278994517E1,2.901256710E-1,-2.798340007E-3,-4.968211497E-1,-8.179168308E-1,1.462690402E2,5.802568022E1,-1.702918343E1,-1.504322814E2
3.279996817E1,2.904350289E-1,-2.454885338E-3,-5.026340852E-1,-8.142484534E-1,1.462319953E2,5.880794073E1,-1.721528385E1,-1.504902186E2
3.280999217E1,2.907494444E-1,-2.555173764E-3,-5.093842612E-1,-8.099294972E-1,1.461943410E2,5.971332355E1,-1.747835001E1,-1.505909601E2
3.282001517E1,2.913393738E-1,-2.872476313E-3,-5.166758978E-1,-8.050832418E-1,1.461236812E2,6.069186186E1,-1.779915303E1,-1.506876413E2
3.283003817E1,2.925744872E-1,-2.848789785E-3,-5.238634528E-1,-7.999744959E-1,1.459757003E2,6.166201267E1,-1.812529780E1,-1.506985548E2
3.284006117E1,2.945700773E-1,-2.067745461E-3,-5.304468116E-1,-7.948902162E-1,1.457364818E2,6.255962040E1,-1.840880047E1,-1.505774696E2
3.285008417E1,2.971514875E-1,-4.940453582E-4,-5.361303773E-1,-7.901043572E-1,1.454268102E2,6.334432162E1,-1.862691981E1,-1.503329939E2
3.286010717E1,3.000515067E-1,1.498973741E-3,-5.409574348E-1,-7.857046688E-1,1.450786065E2,6.401728811E1,-1.880054413E1,-1.500138039E2
3.287013117E1,3.029068293E-1,3.258667886E-3,-5.450991003E-1,-7.817313590E-1,1.447354441E2,6.459447222E1,-1.897367381E1,-1.496985715E2
3.288015417E1,3.055239168E-1,4.246168547E-3,-5.485493256E-1,-7.782870974E-1,1.444206265E2,6.506702482E1,-1.918263422E1,-1.494386395E2
3.289017717E1,3.080143741E-1,4.521577129E-3,-5.512823590E-1,-7.753672481E-1,1.441207838E2,6.542988560E1,-1.942629753E1,-1.492182736E2
3.290020017E1,3.104586173E-1,4.314615029E-3,-5.532743245E-1,-7.729710522E-1,1.438262579E2,6.568159510E1,-1.968613477E1,-1.490148855E2
3.291022317E1,3.128277760E-1,3.584926641E-3,-5.546411468E-1,-7.710376920E-1,1.435405434E2,6.583745914E1,-1.996744032E1,-1.488360583E2
3.292024617E1,3.148860595E-1,2.136613412E-3,-5.556718690E-1,-7.694615684E-1,1.432921291E2,6.593760615E1,-2.028307376E1,-1.487246332E2
3.293027017E1,3.163106229E-1,-3.075034067E-4,-5.565217391E-1,-7.682650194E-1,1.431200939E2,6.600374897E1,-2.064274959E1,-1.487348098E2
3.294029317E1,3.169785451E-1,-3.530304325E-3,-5.573233300E-1,-7.674000185E-1,1.430394037E2,6.606093749E1,-2.102267492E1,-1.488704909E2
3.295031617E1,3.168813966E-1,-7.072536208E-3,-5.582098469E-1,-7.667710611E-1,1.430511412E2,6.613680173E1,-2.138411652E1,-1.491094925E2
3.296033917E1,3.161611702E-1,-1.078101634E-2,-5.591362978E-1,-7.663501195E-1,1.431381464E2,6.622649173E1,-2.172045488E1,-1.494269069E2
3.297036217E1,3.149582992E-1,-1.451878852E-2,-5.599714587E-1,-7.661738614E-1,1.432834073E2,6.631187553E1,-2.202327134E1,-1.497964193E2
3.298038517E1,3.138040656E-1,-1.765542021E-2,-5.605683634E-1,-7.661451172E-1,1.434227372E2,6.637297806E1,-2.226373580E1,-1.501200307E2
3.299040917E1,3.133436955E-1,-1.945928425E-2,-5.610220532E-1,-7.659577745E-1,1.434782937E2,6.642274190E1,-2.242014543E1,-1.502875851E2
3.300043217E1,3.131499675E-1,-2.053428177E-2,-5.617893366E-1,-7.654463857E-1,1.435016698E2,6.652398272E1,-2.253727547E1,-1.503923342E2
3.301045517E1,3.119379717E-1,-2.223254688E-2,-5.634413244E-1,-7.646793341E-1,1.436478789E2,6.676020407E1,-2.267596582E1,-1.506673650E2
3.302047817E1,3.093079030E-1,-2.455344739E-2,-5.665966482E-1,-7.633439744E-1,1.439649471E2,6.722886592E1,-2.282955705E1,-1.511731656E2
3.303050117E1,3.051537199E-1,-2.779209552E-2,-5.707934207E-1,-7.617767228E-1,1.444651754E2,6.786479146E1,-2.299820027E1,-1.519270693E2
3.304052417E1,3.001862713E-1,-3.092095112E-2,-5.755131091E-1,-7.600768772E-1,1.450624173E2,6.859564314E1,-2.311182019E1,-1.527771028E2
3.305054817E1,2.949519277E-1,-3.320372980E-2,-5.802417115E-1,-7.584329393E-1,1.456906905E2,6.934342174E1,-2.311964219E1,-1.536038333E2
3.306057117E1,2.893595888E-1,-3.474767423E-2,-5.848616594E-1,-7.569679570E-1,1.463607611E2,7.008756867E1,-2.302149340E1,-1.544170477E2
3.307059417E1,2.833426415E-1,-3.578589862E-2,-5.892035224E-1,-7.558277794E-1,1.470803885E2,7.079917260E1,-2.282942172E1,-1.552306665E2
3.308061717E1,2.774516079E-1,-3.619670395E-2,-5.928449679E-1,-7.551458434E-1,1.477836652E2,7.140682356E1,-2.255928362E1,-1.559660120E2
3.309064017E1,2.724242265E-1,-3.554907548E-2,-5.955166567E-1,-7.549047845E-1,1.483828530E2,7.186197218E1,-2.221843475E1,-1.565116739E2
3.310066317E1,2.678586270E-1,-3.415165457E-2,-5.975692925E-1,-7.549810703E-1,1.489262353E2,7.221973221E1,-2.182024503E1,-1.569394182E2
3.311068717E1,2.627765810E-1,-3.283315363E-2,-5.996772882E-1,-7.551540199E-1,1.495302427E2,7.258840495E1,-2.139222707E1,-1.574216219E2
3.312071017E1,2.570406057E-1,-3.192084295E-2,-6.018348696E-1,-7.554508602E-1,1.502109313E2,7.296692497E1,-2.095418085E1,-1.579928339E2
3.313073317E1,2.510768898E-1,-3.120167020E-2,-6.037322154E-1,-7.559724063E-1,1.509175078E2,7.330513797E1,-2.050821137E1,-1.585876564E2
3.314075617E1,2.453422000E-1,-3.034853369E-2,-6.050332043E-1,-7.568494190E-1,1.515958848E2,7.354941203E1,-2.004870974E1,-1.591306683E2
3.315077917E1,2.400709990E-1,-2.895199787E-2,-6.057582987E-1,-7.580136625E-1,1.522185384E2,7.370238774E1,-1.955685107E1,-1.595730487E2
3.316080217E1,2.351616498E-1,-2.675178486E-2,-6.060578996E-1,-7.593926231E-1,1.527976967E2,7.378894580E1,-1.900637572E1,-1.599122850E2
3.317082517E1,2.302602453E-1,-2.406694632E-2,-6.062062143E-1,-7.608646228E-1,1.533752121E2,7.385312283E1,-1.840873896E1,-1.602121459E2
3.318084917E1,2.252338964E-1,-2.115685394E-2,-6.063342775E-1,-7.623521537E-1,1.539667350E2,7.391529002E1,-1.778174972E1,-1.605064442E2
3.319087217E1,2.199117188E-1,-1.816067663E-2,-6.066320450E-1,-7.637451492E-1,1.545923043E2,7.400457826E1,-1.713063024E1,-1.608252294E2
3.320089517E1,2.140811449E-1,-1.541251244E-2,-6.071449932E-1,-7.650534506E-1,1.552767486E2,7.412741335E1,-1.647156020E1,-1.612118900E2
3.321091817E1,2.078196194E-1,-1.295377067E-2,-6.079808285E-1,-7.661608380E-1,1.560107862E2,7.429832405E1,-1.581606514E1,-1.616629856E2
3.322094117E1,2.012547841E-1,-1.058324225E-2,-6.090132787E-1,-7.671293304E-1,1.567793100E2,7.449797414E1,-1.515143410E1,-1.621490371E2
3.323096417E1,1.945788919E-1,-7.946092864E-3,-6.100432845E-1,-7.680645690E-1,1.575597506E2,7.469708570E1,-1.445439481E1,-1.626230526E2
3.324098817E1,1.878034488E-1,-5.119914863E-3,-6.109088754E-1,-7.690865458E-1,1.583507527E2,7.487146747E1,-1.372941533E1,-1.630862861E2
3.325101117E1,1.812178773E-1,-1.963115910E-3,-6.115026823E-1,-7.702081998E-1,1.591185885E2,7.500499176E1,-1.298255954E1,-1.635003300E2
3.326103417E1,1.750770815E-1,1.632136709E-3,-6.117423293E-1,-7.714380449E-1,1.598337124E2,7.508594142E1,-1.222117087E1,-1.638335366E2
3.327105717E1,1.692801618E-1,5.278239500E-3,-6.116809846E-1,-7.727630154E-1,1.605080624E2,7.512156371E1,-1.147458566E1,-1.641242829E2
3.328108017E1,1.639102529E-1,9.147109459E-3,-6.114375022E-1,-7.740761215E-1,1.611321306E2,7.513083726E1,-1.073580526E1,-1.643557326E2
3.329110317E1,1.587239989E-1,1.315274594E-2,-6.109612428E-1,-7.754740482E-1,1.617343194E2,7.510747185E1,-9.994241389E0,-1.645566679E2
3.330112717E1,1.535821466E-1,1.715933073E-2,-6.104400760E-1,-7.768403858E-1,1.623308507E2,7.507884696E1,-9.255962239E0,-1.647523666E2
3.331115017E1,1.484569634E-1,2.095149342E-2,-6.100487004E-1,-7.780502111E-1,1.629249682E2,7.506866783E1,-8.541708542E0,-1.649622924E2
3.332117317E1,1.434016807E-1,2.429654128E-2,-6.098629381E-1,-7.790461622E-1,1.635105300E2,7.508519338E1,-7.877437698E0,-1.651980325E2
3.333119617E1,1.381722473E-1,2.700220036E-2,-6.100038772E-1,-7.797914238E-1,1.641158083E2,7.514399764E1,-7.265021571E0,-1.654961812E2
3.334121917E1,1.325965142E-1,2.914850755E-2,-6.103321379E-1,-7.804250174E-1,1.647606784E2,7.522508667E1,-6.682038155E0,-1.658652827E2
3.335124217E1,1.269721437E-1,3.133085029E-2,-6.106993845E-1,-7.809883100E-1,1.654106822E2,7.531162147E1,-6.093171433E0,-1.662350589E2
3.336126617E1,1.220211534E-1,3.420754129E-2,-6.108904361E-1,-7.815072220E-1,1.659824730E2,7.537793194E1,-5.486788661E0,-1.664917615E2
3.337128917E1,1.178869901E-1,3.756548608E-2,-6.107137355E-1,-7.821254109E-1,1.664596592E2,7.539506999E1,-4.889168418E0,-1.666364296E2
3.338131217E1,1.143931639E-1,4.114147759E-2,-6.103886568E-1,-7.827178481E-1,1.668627502E2,7.539338748E1,-4.315255980E0,-1.667057763E2
3.339133517E1,1.108826475E-1,4.413835032E-2,-6.101729282E-1,-7.832277617E-1,1.672676024E2,7.540208932E1,-3.794287469E0,-1.668173100E2
3.340135817E1,1.072976366E-1,4.626461668E-2,-6.100270580E-1,-7.837179296E-1,1.676808811E2,7.541103778E1,-3.347525263E0,-1.669964497E2
3.341138117E1,1.040724965E-1,4.806118932E-2,-6.097622282E-1,-7.842507290E-1,1.680525365E2,7.539846683E1,-2.954041363E0,-1.671649623E2
3.342140517E1,1.014245154E-1,5.000422226E-2,-6.090659834E-1,-7.850167690E-1,1.683575874E2,7.532514101E1,-2.581483149E0,-1.672689258E2
3.343142817E1,9.946295893E-2,5.213480867E-2,-6.078453474E-1,-7.860745285E-1,1.685835078E2,7.517864309E1,-2.232378818E0,-1.672958255E2
3.344145117E1,9.846719749E-2,5.454170982E-2,-6.064431007E-1,-7.871190117E-1,1.686981766E2,7.501004665E1,-1.923658752E0,-1.672152858E2
3.345147392E1,9.813518569E-2,5.696698700E-2,-6.051135994E-1,-7.880113237E-1,1.687364075E2,7.485312147E1,-1.660928394E0,-1.670735413E2
3.346149692E1,9.805523312E-2,5.876935483E-2,-6.036460462E-1,-7.890137865E-1,1.687456138E2,7.466856736E1,-1.469319090E0,-1.669524340E2
3.347151992E1,9.805599176E-2,5.992946791E-2,-6.022884330E-1,-7.899633550E-1,1.687455264E2,7.449112579E1,-1.342666828E0,-1.668692901E2
3.348154392E1,9.802663648E-2,6.046294164E-2,-6.011641868E-1,-7.907822893E-1,1.687489066E2,7.433820601E1,-1.274028491E0,-1.668331184E2
3.349156692E1,9.787642511E-2,6.043084682E-2,-6.003273822E-1,-7.914387686E-1,1.687662027E2,7.421815760E1,-1.252652345E0,-1.668478704E2
3.350158992E1,9.761640013E-2,6.002627922E-2,-5.998007995E-1,-7.919008456E-1,1.687961427E2,7.413700433E1,-1.262389300E0,-1.668990400E2
3.351161292E1,9.738181077E-2,5.919413184E-2,-5.994087917E-1,-7.922890181E-1,1.688231534E2,7.406881797E1,-1.314784572E0,-1.669776341E2
3.352163592E1,9.764069779E-2,5.842585801E-2,-5.990600897E-1,-7.925778715E-1,1.687933451E2,7.400766858E1,-1.396505512E0,-1.670063119E2
3.353165892E1,9.852291562E-2,5.844094659E-2,-5.986926956E-1,-7.927451945E-1,1.686917605E2,7.395501555E1,-1.450445209E0,-1.669232554E2
3.354168292E1,9.983035301E-2,5.907968207E-2,-5.983587662E-1,-7.927864562E-1,1.685411969E2,7.391608514E1,-1.478027775E0,-1.667579006E2
3.355170592E1,1.013887749E-1,5.973649856E-2,-5.980980458E-1,-7.927362172E-1,1.683617042E2,7.388784256E1,-1.522544342E0,-1.665682084E2
3.356172892E1,1.028508069E-1,6.016669144E-2,-5.979886325E-1,-7.925978491E-1,1.681932872E2,7.387790497E1,-1.583355318E0,-1.664032855E2
3.357175192E1,1.037021100E-1,6.000760817E-2,-5.981644481E-1,-7.923662732E-1,1.680952106E2,7.390009215E1,-1.659851464E0,-1.663359775E2
3.358177492E1,1.041635337E-1,5.927387368E-2,-5.985685521E-1,-7.920557353E-1,1.680420474E2,7.394644142E1,-1.765081312E0,-1.663448478E2
3.359179792E1,1.043755324E-1,5.796392855E-2,-5.992900008E-1,-7.915791387E-1,1.680176210E2,7.402986557E1,-1.910386252E0,-1.664173443E2
3.360182092E1,1.047616186E-1,5.656241940E-2,-6.001729773E-1,-7.909603176E-1,1.679731349E2,7.413533491E1,-2.078741618E0,-1.664807043E2
3.361184492E1,1.060281735E-1,5.613509250E-2,-6.007648876E-1,-7.903723269E-1,1.678271855E2,7.421286411E1,-2.215650561E0,-1.663949773E2
3.362186792E1,1.084948178E-1,5.697248716E-2,-6.008063390E-1,-7.899460115E-1,1.675428886E2,7.422899904E1,-2.312992493E0,-1.661096485E2
3.363189092E1,1.116448733E-1,5.819818074E-2,-6.001972960E-1,-7.898806839E-1,1.671797120E2,7.415748480E1,-2.411641922E0,-1.657323785E2
3.364191392E1,1.148011033E-1,5.915428200E-2,-5.994239013E-1,-7.899446418E-1,1.668156937E2,7.405874864E1,-2.531683410E0,-1.653723419E2
3.365193692E1,1.175040649E-1,5.956243208E-2,-5.987272139E-1,-7.900448670E-1,1.665038463E2,7.396311775E1,-2.670478862E0,-1.650918871E2
3.366195992E1,1.199529022E-1,5.972457100E-2,-5.979481716E-1,-7.902545686E-1,1.662212311E2,7.385216087E1,-2.811830701E0,-1.648512627E2
3.367198392E1,1.223175301E-1,6.035808028E-2,-5.967936851E-1,-7.907164770E-1,1.659482545E2,7.369519136E1,-2.897215402E0,-1.645843514E2
3.368200692E1,1.246990378E-1,6.172311134E-2,-5.949801694E-1,-7.916053119E-1,1.656732481E2,7.345648717E1,-2.904204229E0,-1.642630481E2
3.369202992E1,1.271896636E-1,6.343218712E-2,-5.927727072E-1,-7.927292840E-1,1.653855525E2,7.316843748E1,-2.878605936E0,-1.639065131E2
3.370205292E1,1.298566108E-1,6.544328722E-2,-5.904468544E-1,-7.938683658E-1,1.650773870E2,7.287007023E1,-2.833866863E0,-1.635124658E2
3.371207592E1,1.326258274E-1,6.760461976E-2,-5.878664136E-1,-7.951433923E-1,1.647572894E2,7.254015317E1,-2.775450404E0,-1.630977866E2
3.372209892E1,1.356983958E-1,6.979659305E-2,-5.851141822E-1,-7.964645485E-1,1.644019867E2,7.218848596E1,-2.729290224E0,-1.626520314E2
3.373212292E1,1.386533114E-1,7.227048662E-2,-5.822978877E-1,-7.977978219E-1,1.640601466E2,7.183559958E1,-2.645746979E0,-1.621981263E2
3.374214592E1,1.413206379E-1,7.552173666E-2,-5.792844723E-1,-7.992210999E-1,1.637514539E2,7.147333188E1,-2.465199345E0,-1.617188333E2
3.375216892E1,1.440640606E-1,7.975852753E-2,-5.761094870E-1,-8.006135475E-1,1.634338305E2,7.111255232E1,-2.193923305E0,-1.611667410E2
3.376219192E1,1.469505086E-1,8.415990185E-2,-5.730022738E-1,-8.018671844E-1,1.630995096E2,7.077035780E1,-1.916088730E0,-1.605913784E2
3.377221492E1,1.501707596E-1,8.791076063E-2,-5.699387880E-1,-8.030506047E-1,1.627263551E2,7.042542096E1,-1.718139799E0,-1.600286352E2
3.378223792E1,1.537935552E-1,9.029871678E-2,-5.671436090E-1,-8.040782081E-1,1.623063338E2,7.009058420E1,-1.675086100E0,-1.595189035E2
3.379226192E1,1.575462474E-1,9.107582037E-2,-5.646584622E-1,-8.050124984E-1,1.618709995E2,6.976317161E1,-1.792807968E0,-1.591034645E2
3.380228492E1,1.608793044E-1,9.025973094E-2,-5.625446713E-1,-8.059246405E-1,1.614841243E2,6.945060075E1,-2.035488765E0,-1.588327688E2
3.381230792E1,1.641373612E-1,8.877510820E-2,-5.604738702E-1,-8.068748622E-1,1.611057486E2,6.912859974E1,-2.334222401E0,-1.586114069E2
3.382233092E1,1.680337109E-1,8.787238593E-2,-5.576333201E-1,-8.081387198E-1,1.606529710E2,6.871415937E1,-2.600759902E0,-1.582861513E2
3.383235392E1,1.722808277E-1,8.751057631E-2,-5.542739423E-1,-8.095934815E-1,1.601590845E2,6.824150842E1,-2.824999218E0,-1.578877719E2
3.384237692E1,1.764237365E-1,8.662918034E-2,-5.513087219E-1,-8.108198283E-1,1.596769571E2,6.781117937E1,-3.098150201E0,-1.575316445E2
3.385240092E1,1.802927751E-1,8.485435547E-2,-5.492290910E-1,-8.115674713E-1,1.592263728E2,6.748089229E1,-3.457836544E0,-1.572598681E2
3.386242392E1,1.839426711E-1,8.295064555E-2,-5.480155357E-1,-8.117655825E-1,1.588010119E2,6.726540613E1,-3.837900763E0,-1.570188269E2
3.387244692E1,1.874448002E-1,8.087495540E-2,-5.474657301E-1,-8.115447541E-1,1.583925939E2,6.713597122E1,-4.242153408E0,-1.568043979E2
3.388246992E1,1.910135003E-1,7.839018795E-2,-5.474763089E-1,-8.109491770E-1,1.579761264E2,6.707277914E1,-4.704099375E0,-1.566107817E2
3.389249292E1,1.949009360E-1,7.523937385E-2,-5.476115160E-1,-8.102311001E-1,1.575221268E2,6.701058839E1,-5.252060645E0,-1.564273002E2
3.390251592E1,1.994383603E-1,7.156193488E-2,-5.475340080E-1,-8.095120959E-1,1.569917644E2,6.690615936E1,-5.885342433E0,-1.562099209E2
3.391253892E1,2.042265373E-1,6.767723878E-2,-5.474707666E-1,-8.086946578E-1,1.564315499E2,6.679846609E1,-6.554928085E0,-1.559786157E2
3.392256292E1,2.089486702E-1,6.377846563E-2,-5.473261819E-1,-8.079027185E-1,1.558785025E2,6.667967569E1,-7.219597167E0,-1.557517057E2
3.393258592E1,2.134237594E-1,5.966746202E-2,-5.471260686E-1,-8.071823235E-1,1.553538617E2,6.654993080E1,-7.886685367E0,-1.555594784E2
3.394260892E1,2.175741071E-1,5.551601852E-2,-5.472225217E-1,-8.063045100E-1,1.548668231E2,6.646152473E1,-8.545645101E0,-1.554024174E2
3.395263192E1,2.214972200E-1,5.130540084E-2,-5.473511750E-1,-8.054274341E-1,1.544060257E2,6.637805646E1,-9.196911279E0,-1.552700502E2
3.396265492E1,2.250433927E-1,4.656803185E-2,-5.475092046E-1,-8.046244313E-1,1.539891404E2,6.629131540E1,-9.874293774E0,-1.552060686E2
3.397267792E1,2.286130200E-1,4.165206558E-2,-5.477125631E-1,-8.037487462E-1,1.535691436E2,6.620910240E1,-1.057210954E1,-1.551492754E2
3.398270192E1,2.328163252E-1,3.713377591E-2,-5.475367475E-1,-8.028830499E-1,1.530741250E2,6.608012426E1,-1.126358294E1,-1.549977741E2
3.399272492E1,2.376538562E-1,3.328024740E-2,-5.471754647E-1,-8.018803764E-1,1.525037794E2,6.593394341E1,-1.192921883E1,-1.547368094E2
3.400274792E1,2.424714517E-1,2.956160988E-2,-5.469540463E-1,-8.007340243E-1,1.519350930E2,6.580890198E1,-1.258569097E1,-1.544686760E2
3.401277092E1,2.468413212E-1,2.539971396E-2,-5.471277124E-1,-7.994219929E-1,1.514186475E2,6.573348661E1,-1.326747604E1,-1.542758203E2
3.402279392E1,2.504177342E-1,2.016534933E-2,-5.479587007E-1,-7.978882690E-1,1.509955342E2,6.573802437E1,-1.401983366E1,-1.542364769E2
3.403281692E1,2.532521519E-1,1.411910996E-2,-5.493761624E-1,-7.961468877E-1,1.506599168E2,6.582040362E1,-1.481978619E1,-1.543307957E2
3.404284092E1,2.559045795E-1,7.866435320E-3,-5.508911520E-1,-7.943361326E-1,1.503456153E2,6.592043385E1,-1.563177626E1,-1.544586153E2
3.405286392E1,2.591190775E-1,1.716957241E-3,-5.519004847E-1,-7.926287217E-1,1.499644045E2,6.595212735E1,-1.645690388E1,-1.545138219E2
3.406288692E1,2.631624776E-1,-4.394167205E-3,-5.521149700E-1,-7.911353745E-1,1.494844091E2,6.586954311E1,-1.731018858E1,-1.544647651E2
3.407290992E1,2.679121956E-1,-1.036047508E-2,-5.518046849E-1,-7.897007590E-1,1.489198640E2,6.571054424E1,-1.818183710E1,-1.543200699E2
3.408293292E1,2.728161289E-1,-1.653081585E-2,-5.513575069E-1,-7.882277477E-1,1.483361762E2,6.552974464E1,-1.908063702E1,-1.541640048E2
3.409295592E1,2.775070310E-1,-2.327043410E-2,-5.509846337E-1,-7.866792304E-1,1.477770546E2,6.535753566E1,-2.002419656E1,-1.540607768E2
3.410297992E1,2.819321972E-1,-3.067293799E-2,-5.506017296E-1,-7.851185326E-1,1.472488836E2,6.518353242E1,-2.101599107E1,-1.540196380E2
3.411300292E1,2.861135229E-1,-3.868201932E-2,-5.501800925E-1,-7.835461812E-1,1.467491586E2,6.500614825E1,-2.205189501E1,-1.540343557E2
3.412302592E1,2.902220187E-1,-4.672713620E-2,-5.497606892E-1,-7.818894518E-1,1.462575031E2,6.483514916E1,-2.308997835E1,-1.540545844E2
3.413304892E1,2.941387254E-1,-5.467004698E-2,-5.491927604E-1,-7.803082706E-1,1.457882025E2,6.465119802E1,-2.410415752E1,-1.540808629E2
3.414307192E1,2.979661439E-1,-6.283490306E-2,-5.483381488E-1,-7.788409913E-1,1.453290282E2,6.443074600E1,-2.512846118E1,-1.541165378E2
3.415309492E1,3.022725192E-1,-7.086128567E-2,-5.472074963E-1,-7.772862994E-1,1.448117057E2,6.416766497E1,-2.616582500E1,-1.540777236E2
3.416311792E1,3.068605619E-1,-7.902475090E-2,-5.457028960E-1,-7.757577808E-1,1.442597303E2,6.384741772E1,-2.722703360E1,-1.539963517E2
3.417314192E1,3.114769062E-1,-8.752400008E-2,-5.438639026E-1,-7.742956223E-1,1.437034834E2,6.347840591E1,-2.831645074E1,-1.539107565E2
3.418316492E1,3.161876806E-1,-9.604371155E-2,-5.417101354E-1,-7.728848619E-1,1.431349442E2,6.306199766E1,-2.940801386E1,-1.537939869E2
3.419318792E1,3.207219650E-1,-1.049131365E-1,-5.393547588E-1,-7.715095681E-1,1.425868162E2,6.261932498E1,-3.052064622E1,-1.536979666E2
3.420321092E1,3.253451582E-1,-1.136437297E-1,-5.368325649E-1,-7.700950988E-1,1.420270248E2,6.214972901E1,-3.162413992E1,-1.535647986E2
3.421323392E1,3.301871778E-1,-1.217036191E-1,-5.338440372E-1,-7.688791411E-1,1.414397264E2,6.160108021E1,-3.266237906E1,-1.533349968E2
3.422325692E1,3.347576031E-1,-1.293342217E-1,-5.307131586E-1,-7.678238473E-1,1.408844028E2,6.103158551E1,-3.363720772E1,-1.530914131E2
3.423328092E1,3.393595964E-1,-1.361437616E-1,-5.276243847E-1,-7.667545185E-1,1.403242759E2,6.046017762E1,-3.453339502E1,-1.527851394E2
3.424330392E1,3.438098822E-1,-1.427920898E-1,-5.245271392E-1,-7.656868545E-1,1.397816731E2,5.988454223E1,-3.540436570E1,-1.524729636E2
3.425332692E1,3.477433843E-1,-1.504381181E-1,-5.220604527E-1,-7.641306875E-1,1.393012952E2,5.941990179E1,-3.636982486E1,-1.522940863E2
3.426334992E1,3.510271506E-1,-1.593109991E-1,-5.202221758E-1,-7.620819081E-1,1.388996938E2,5.907693397E1,-3.744793669E1,-1.522814401E2
3.427337292E1,3.536921169E-1,-1.687509976E-1,-5.185688076E-1,-7.599416701E-1,1.385733829E2,5.878846983E1,-3.855819665E1,-1.523779505E2
3.428339592E1,3.559461936E-1,-1.779909987E-1,-5.168127802E-1,-7.579749506E-1,1.382971089E2,5.850066848E1,-3.962354142E1,-1.525035113E2
3.429341992E1,3.581354695E-1,-1.865501175E-1,-5.149106719E-1,-7.561778933E-1,1.380285342E2,5.819048173E1,-4.061294161E1,-1.525858739E2
3.430344292E1,3.607101151E-1,-1.942042696E-1,-5.126013302E-1,-7.545943730E-1,1.377123740E2,5.779306616E1,-4.152079778E1,-1.525377073E2
3.431346592E1,3.640734547E-1,-2.008489100E-1,-5.097756158E-1,-7.531528454E-1,1.372988547E2,5.726754347E1,-4.235571308E1,-1.522892512E2
3.432348892E1,3.677264696E-1,-2.072959764E-1,-5.069014220E-1,-7.515694937E-1,1.368490581E2,5.671309531E1,-4.318818771E1,-1.519741589E2
3.433351192E1,3.709195359E-1,-2.143446470E-1,-5.045627460E-1,-7.495942184E-1,1.364553228E2,5.626600020E1,-4.407882713E1,-1.517723931E2
3.434353492E1,3.736027729E-1,-2.222204810E-1,-5.028875563E-1,-7.470897683E-1,1.361240361E2,5.595870870E1,-4.505600875E1,-1.517163338E2
3.435355892E1,3.761526151E-1,-2.302807602E-1,-5.015893175E-1,-7.442365531E-1,1.358088612E2,5.572471845E1,-4.606397466E1,-1.517063717E2
3.436358192E1,3.784424112E-1,-2.383453595E-1,-5.004800440E-1,-7.412777179E-1,1.355255293E2,5.553794063E1,-4.706828258E1,-1.517407284E2
3.437360492E1,3.805741145E-1,-2.460658192E-1,-4.995748983E-1,-7.382682644E-1,1.352615017E2,5.539341246E1,-4.803690947E1,-1.517899941E2
3.438362792E1,3.825538573E-1,-2.534665108E-1,-4.985574313E-1,-7.354235839E-1,1.350160711E2,5.523463148E1,-4.896080768E1,-1.518318930E2
3.439365092E1,3.846203595E-1,-2.604660803E-1,-4.970710910E-1,-7.329017272E-1,1.347596525E2,5.498015861E1,-4.983226671E1,-1.517970460E2
3.440367392E1,3.870296946E-1,-2.671483472E-1,-4.949702708E-1,-7.306464810E-1,1.344603918E2,5.458457398E1,-5.067089670E1,-1.516344735E2
3.441369692E1,3.901534504E-1,-2.733365477E-1,-4.922749483E-1,-7.285141033E-1,1.340719043E2,5.401876641E1,-5.147942856E1,-1.512716745E2
3.442372092E1,3.937404106E-1,-2.793173014E-1,-4.892968203E-1,-7.263187477E-1,1.336251203E2,5.335260111E1,-5.228455405E1,-1.507806243E2
3.443374392E1,3.972638872E-1,-2.854907926E-1,-4.863526206E-1,-7.239735285E-1,1.331855162E2,5.268145269E1,-5.311064703E1,-1.502880495E2
3.444376692E1,4.003419980E-1,-2.919785835E-1,-4.834382082E-1,-7.216386352E-1,1.328008797E2,5.203127352E1,-5.394839770E1,-1.498604538E2
3.445378942E1,4.027100081E-1,-2.987057684E-1,-4.807832518E-1,-7.193378915E-1,1.325045923E2,5.146754009E1,-5.478293822E1,-1.495624046E2
3.446381242E1,4.046790562E-1,-3.054140663E-1,-4.786005982E-1,-7.168671273E-1,1.322579666E2,5.101301673E1,-5.561302246E1,-1.493571462E2
3.447383542E1,4.068809762E-1,-3.115823471E-1,-4.763980829E-1,-7.144291850E-1,1.319818948E2,5.051549175E1,-5.639590413E1,-1.490660894E2
3.448385942E1,4.092031727E-1,-3.173577930E-1,-4.740055117E-1,-7.121484610E-1,1.316904216E2,4.994773803E1,-5.713387365E1,-1.486954585E2
3.449388242E1,4.116180923E-1,-3.229434411E-1,-4.716125717E-1,-7.098307320E-1,1.313869571E2,4.935176277E1,-5.785657136E1,-1.482774987E2
3.450390542E1,4.141767958E-1,-3.286189515E-1,-4.688666887E-1,-7.075530636E-1,1.310650278E2,4.865075365E1,-5.858540995E1,-1.477743445E2
3.451392842E1,4.169215356E-1,-3.343224106E-1,-4.656605990E-1,-7.053830383E-1,1.307192337E2,4.781017045E1,-5.930968729E1,-1.471558404E2
3.452395142E1,4.195735733E-1,-3.396809135E-1,-4.621740062E-1,-7.035411473E-1,1.303846634E2,4.688276010E1,-5.997314994E1,-1.464727253E2
3.453397442E1,4.218089895E-1,-3.444829726E-1,-4.585408478E-1,-7.022456058E-1,1.301023013E2,4.592754529E1,-6.053503179E1,-1.457965986E2
3.454399842E1,4.236855885E-1,-3.485486104E-1,-4.547198303E-1,-7.015940472E-1,1.298650125E2,4.493486519E1,-6.097354191E1,-1.451124007E2
3.455402142E1,4.251587578E-1,-3.522446572E-1,-4.505540990E-1,-7.015445984E-1,1.296785746E2,4.388532792E1,-6.132369827E1,-1.444312644E2
3.456404442E1,4.264598626E-1,-3.558022779E-1,-4.461546371E-1,-7.017712325E-1,1.295137940E2,4.278451718E1,-6.163243683E1,-1.437317525E2
3.457406742E1,4.279690148E-1,-3.592348727E-1,-4.416578344E-1,-7.019482071E-1,1.293225248E2,4.162153645E1,-6.192840737E1,-1.429531179E2
3.458409042E1,4.300083112E-1,-3.621308485E-1,-4.368111339E-1,-7.022464593E-1,1.290638248E2,4.030491119E1,-6.216244011E1,-1.419867795E2
3.459411342E1,4.323195600E-1,-3.642159348E-1,-4.315636010E-1,-7.029932172E-1,1.287702889E2,3.886158803E1,-6.227976896E1,-1.408827173E2
3.460413642E1,4.345434280E-1,-3.656104186E-1,-4.260002038E-1,-7.042902970E-1,1.284875099E2,3.736546506E1,-6.227896619E1,-1.397445621E2
3.461416042E1,4.364002285E-1,-3.666416440E-1,-4.202950615E-1,-7.060318258E-1,1.282511478E2,3.589594041E1,-6.219681652E1,-1.386704141E2
3.462418342E1,4.379763309E-1,-3.674013620E-1,-4.148348741E-1,-7.078876569E-1,1.280503316E2,3.452973317E1,-6.207158894E1,-1.376938979E2
3.463420642E1,4.393306461E-1,-3.681415344E-1,-4.098705759E-1,-7.095536692E-1,1.278776369E2,3.330558985E1,-6.195392329E1,-1.368308508E2
3.464422942E1,4.404488653E-1,-3.692648520E-1,-4.054625016E-1,-7.108083176E-1,1.277349520E2,3.221923289E1,-6.189965791E1,-1.360832668E2
3.465425242E1,4.414261980E-1,-3.708866680E-1,-4.012837206E-1,-7.117283517E-1,1.276101727E2,3.118021925E1,-6.191077248E1,-1.353856790E2
3.466427542E1,4.424863177E-1,-3.729658339E-1,-3.971653215E-1,-7.122935831E-1,1.274747482E2,3.012121146E1,-6.198233191E1,-1.346638696E2
3.467429942E1,4.436305519E-1,-3.755434719E-1,-3.930764661E-1,-7.124956878E-1,1.273284898E2,2.902782017E1,-6.211739683E1,-1.339069322E2
3.468432242E1,4.450205128E-1,-3.784012706E-1,-3.888918003E-1,-7.124131221E-1,1.271506976E2,2.785831773E1,-6.228670238E1,-1.330635088E2
3.469434542E1,4.470030268E-1,-3.808363344E-1,-3.843130635E-1,-7.123591636E-1,1.268968735E2,2.654301190E1,-6.239494620E1,-1.320409632E2
3.470436842E1,4.496058687E-1,-3.822893674E-1,-3.789677690E-1,-7.128064049E-1,1.265632006E2,2.504819776E1,-6.234628958E1,-1.308242960E2
3.471439142E1,4.529351325E-1,-3.823696740E-1,-3.728997440E-1,-7.138550185E-1,1.261356889E2,2.341836681E1,-6.209341086E1,-1.294336822E2
3.472441442E1,4.565639657E-1,-3.814538773E-1,-3.665549031E-1,-7.153180304E-1,1.256687845E2,2.179985213E1,-6.169466343E1,-1.280239658E2
3.473443742E1,4.602303200E-1,-3.801964478E-1,-3.605725155E-1,-7.166771820E-1,1.251960587E2,2.030985129E1,-6.126457070E1,-1.266940102E2
3.474446142E1,4.638140139E-1,-3.789565817E-1,-3.553176366E-1,-7.176474551E-1,1.247330119E2,1.899631072E1,-6.086995206E1,-1.254789667E2
3.475448442E1,4.669844789E-1,-3.781313885E-1,-3.509450275E-1,-7.181779891E-1,1.243225402E2,1.788372345E1,-6.056374897E1,-1.244322853E2
3.476450742E1,4.692252161E-1,-3.782883039E-1,-3.473572744E-1,-7.183790717E-1,1.240319692E2,1.695689427E1,-6.039900893E1,-1.236138830E2
3.477453042E1,4.706712534E-1,-3.791989379E-1,-3.445774276E-1,-7.182917645E-1,1.238442443E2,1.620808748E1,-6.035611294E1,-1.229959601E2
3.478455342E1,4.716665618E-1,-3.804733677E-1,-3.423708781E-1,-7.180200333E-1,1.237149377E2,1.558114933E1,-6.038258894E1,-1.225006273E2
3.479457642E1,4.725415514E-1,-3.820406154E-1,-3.402109614E-1,-7.176391733E-1,1.236011980E2,1.494748575E1,-6.044263646E1,-1.220126776E2
3.480460042E1,4.736416790E-1,-3.838100257E-1,-3.376484317E-1,-7.171798464E-1,1.234581066E2,1.419324070E1,-6.050170753E1,-1.214222135E2
3.481462342E1,4.751712303E-1,-3.857883803E-1,-3.345838685E-1,-7.165425439E-1,1.232590012E2,1.327245877E1,-6.055603084E1,-1.206716092E2
3.482464642E1,4.773454808E-1,-3.878193421E-1,-3.311738618E-1,-7.155845671E-1,1.229756515E2,1.219693079E1,-6.059882746E1,-1.197327235E2
3.483466942E1,4.800685255E-1,-3.898861235E-1,-3.280078064E-1,-7.140965937E-1,1.226202448E2,1.107536249E1,-6.066441412E1,-1.186697476E2
3.484469242E1,4.827917388E-1,-3.922923003E-1,-3.255996066E-1,-7.120420823E-1,1.222642117E2,1.002557382E1,-6.081512741E1,-1.176160752E2
3.485471542E1,4.853054400E-1,-3.949791539E-1,-3.242429074E-1,-7.094622105E-1,1.219350281E2,9.121913552E0,-6.106382973E1,-1.166395648E2
3.486473942E1,4.875373053E-1,-3.977071377E-1,-3.238284485E-1,-7.065914833E-1,1.216423122E2,8.382378116E0,-6.137689302E1,-1.157703954E2
3.487476242E1,4.893305905E-1,-4.007224681E-1,-3.237491518E-1,-7.036786092E-1,1.214068146E2,7.702241524E0,-6.173906465E1,-1.149799192E2
3.488478542E1,4.909156176E-1,-4.040701212E-1,-3.233555714E-1,-7.008355830E-1,1.211984395E2,6.938737543E0,-6.211082705E1,-1.141613007E2
3.489480842E1,4.926803272E-1,-4.072060917E-1,-3.223429591E-1,-6.982436993E-1,1.209661911E2,6.061096434E0,-6.240973015E1,-1.132600568E2
3.490483142E1,4.946519252E-1,-4.093032767E-1,-3.205548791E-1,-6.964444820E-1,1.207063990E2,5.170384249E0,-6.252847358E1,-1.123717824E2
3.491485442E1,4.966416146E-1,-4.098315927E-1,-3.183774412E-1,-6.957162477E-1,1.204438827E2,4.452232204E0,-6.243568635E1,-1.116563485E2
3.492487742E1,4.981591962E-1,-4.092241039E-1,-3.163563997E-1,-6.959106711E-1,1.202434241E2,4.010365104E0,-6.222182191E1,-1.112278334E2
3.493490142E1,4.991017262E-1,-4.080523266E-1,-3.148913015E-1,-6.965875073E-1,1.201188231E2,3.830450611E0,-6.198368690E1,-1.110585192E2
3.494492442E1,4.995366501E-1,-4.068586172E-1,-3.141880655E-1,-6.972912227E-1,1.200613005E2,3.843833439E0,-6.179895010E1,-1.110656705E2
3.495494742E1,4.998236806E-1,-4.062573766E-1,-3.141082130E-1,-6.974720222E-1,1.200233290E2,3.879708700E0,-6.172737374E1,-1.110667643E2
3.496497042E1,5.003784912E-1,-4.063174464E-1,-3.142566858E-1,-6.969721711E-1,1.199499121E2,3.807406958E0,-6.174851595E1,-1.109253612E2
3.497499342E1,5.013573307E-1,-4.066923743E-1,-3.146323934E-1,-6.958797037E-1,1.198203180E2,3.654475121E0,-6.182438044E1,-1.106457880E2
3.498501642E1,5.023843335E-1,-4.070117473E-1,-3.155980778E-1,-6.945137559E-1,1.196842560E2,3.585980643E0,-6.193976799E1,-1.103915297E2
3.499504042E1,5.030254819E-1,-4.072742168E-1,-3.178314604E-1,-6.928752445E-1,1.195992661E2,3.766971562E0,-6.214527265E1,-1.103113476E2
3.500506342E1,5.031780008E-1,-4.079156312E-1,-3.219292904E-1,-6.904913029E-1,1.195790430E2,4.236557708E0,-6.253588590E1,-1.104098705E2
3.501508642E1,5.031975569E-1,-4.087345234E-1,-3.273094410E-1,-6.874567298E-1,1.195764498E2,4.894604419E0,-6.304682111E1,-1.105972984E2
3.502510942E1,5.035785855E-1,-4.082281106E-1,-3.323869324E-1,-6.850382382E-1,1.195259178E2,5.668833298E0,-6.338917360E1,-1.108622048E2
3.503513242E1,5.042882752E-1,-4.052261355E-1,-3.358702246E-1,-6.845993842E-1,1.194317642E2,6.545669473E0,-6.332737428E1,-1.112876195E2
3.504515542E1,5.050790344E-1,-3.999155061E-1,-3.373467551E-1,-6.864109400E-1,1.193268020E2,7.445542969E0,-6.284640617E1,-1.118597344E2
3.505517842E1,5.058183955E-1,-3.931461849E-1,-3.369667908E-1,-6.899544574E-1,1.192286113E2,8.252128432E0,-6.205452095E1,-1.124775333E2
3.506520242E1,5.065713173E-1,-3.852595349E-1,-3.350115616E-1,-6.947861615E-1,1.191285689E2,8.928026580E0,-6.101664153E1,-1.130758362E2
3.507522542E1,5.071618579E-1,-3.762200210E-1,-3.316781094E-1,-7.008816284E-1,1.190500665E2,9.519446437E0,-5.974600470E1,-1.136969862E2
3.508524842E1,5.071980304E-1,-3.663571619E-1,-3.271845296E-1,-7.081544781E-1,1.190452569E2,1.005583080E1,-5.829547724E1,-1.143955292E2
3.509527142E1,5.065053997E-1,-3.562389470E-1,-3.222524843E-1,-7.160302805E-1,1.191373295E2,1.058300674E1,-5.678291441E1,-1.151820620E2
3.510529442E1,5.050629870E-1,-3.469395596E-1,-3.174959398E-1,-7.236993843E-1,1.193289327E2,1.106856645E1,-5.537321172E1,-1.159993047E2
3.511531742E1,5.031470650E-1,-3.396686737E-1,-3.130823706E-1,-7.303750342E-1,1.195831450E2,1.139512478E1,-5.421569152E1,-1.167223446E2
3.512534142E1,5.012490238E-1,-3.352243426E-1,-3.092268072E-1,-7.353589833E-1,1.198346616E2,1.149115702E1,-5.341944102E1,-1.172367027E2
3.513536442E1,4.999875581E-1,-3.336455467E-1,-3.066695643E-1,-7.380019384E-1,1.200016463E2,1.141782392E1,-5.304653685E1,-1.174783550E2
3.514538742E1,4.993621726E-1,-3.346047984E-1,-3.061438350E-1,-7.382093115E-1,1.200843787E2,1.131856796E1,-5.310815001E1,-1.175175841E2
3.515541042E1,4.985628998E-1,-3.371170891E-1,-3.071808148E-1,-7.371750278E-1,1.201900646E2,1.130494172E1,-5.344894561E1,-1.175634633E2
3.516543342E1,4.968148382E-1,-3.394535404E-1,-3.081871564E-1,-7.368630358E-1,1.204210116E2,1.140263263E1,-5.375395674E1,-1.178153184E2
3.517545642E1,4.937812134E-1,-3.398887685E-1,-3.078064663E-1,-7.388578250E-1,1.208211715E2,1.162302251E1,-5.372989388E1,-1.183929185E2
3.518547942E1,4.893657726E-1,-3.375063811E-1,-3.058572114E-1,-7.436813316E-1,1.214021917E2,1.202150287E1,-5.325887582E1,-1.193518896E2
3.519550342E1,4.835659237E-1,-3.325913381E-1,-3.030729524E-1,-7.507954036E-1,1.221628834E2,1.263853828E1,-5.242235103E1,-1.206723030E2
3.520552642E1,4.765566499E-1,-3.260607142E-1,-3.002159980E-1,-7.592421378E-1,1.230784964E2,1.344166099E1,-5.137589481E1,-1.222575754E2
3.521554942E1,4.685762495E-1,-3.187224414E-1,-2.975642454E-1,-7.683149845E-1,1.241161651E2,1.435069304E1,-5.023026445E1,-1.239985806E2
3.522557242E1,4.599801469E-1,-3.109367457E-1,-2.950867621E-1,-7.775990923E-1,1.252283472E2,1.528658297E1,-4.902854751E1,-1.257920719E2
3.523559542E1,4.510230249E-1,-3.027676403E-1,-2.926571573E-1,-7.869319113E-1,1.263813217E2,1.619964687E1,-4.777447448E1,-1.275754290E2
3.524561842E1,4.417921801E-1,-2.942184157E-1,-2.902103534E-1,-7.962619697E-1,1.275634294E2,1.707150176E1,-4.646678479E1,-1.293272537E2
3.525564242E1,4.322784353E-1,-2.853515237E-1,-2.878283359E-1,-8.055214848E-1,1.287755150E2,1.790973087E1,-4.511767298E1,-1.310505593E2
3.526566542E1,4.223606496E-1,-2.766230348E-1,-2.857675687E-1,-8.145108597E-1,1.300325698E2,1.873421755E1,-4.379013423E1,-1.327683777E2
3.527568842E1,4.121166895E-1,-2.684477075E-1,-2.841170326E-1,-8.230268833E-1,1.313242571E2,1.953657311E1,-4.253637189E1,-1.344703059E2
3.528571142E1,4.017006859E-1,-2.607411872E-1,-2.825906535E-1,-8.311396459E-1,1.326309206E2,2.028077942E1,-4.133484195E1,-1.361293100E2
3.529573442E1,3.912357710E-1,-2.532251858E-1,-2.810431437E-1,-8.389434931E-1,1.339371709E2,2.095950312E1,-4.015004510E1,-1.377311699E2
3.530575742E1,3.806482087E-1,-2.459291884E-1,-2.795854094E-1,-8.464382354E-1,1.352523201E2,2.159593701E1,-3.898928961E1,-1.392978858E2
3.531578042E1,3.697503613E-1,-2.391750123E-1,-2.786551612E-1,-8.534819221E-1,1.365995555E2,2.225089671E1,-3.790316526E1,-1.408793353E2
3.532580442E1,3.583326957E-1,-2.332047584E-1,-2.787564665E-1,-8.599465743E-1,1.380043272E2,2.299763669E1,-3.693168595E1,-1.425303287E2
3.533582742E1,3.463248900E-1,-2.280164814E-1,-2.799415937E-1,-8.658523593E-1,1.394746141E2,2.385047283E1,-3.606897118E1,-1.442661024E2
3.534585042E1,3.338932977E-1,-2.235744881E-1,-2.815703692E-1,-8.713483505E-1,1.409894920E2,2.472269169E1,-3.528552648E1,-1.460414115E2
3.535587342E1,3.213925424E-1,-2.194835305E-1,-2.825571270E-1,-8.767527566E-1,1.425056783E2,2.547025184E1,-3.450576024E1,-1.477668606E2
3.536589642E1,3.090088922E-1,-2.155050761E-1,-2.824679048E-1,-8.822035031E-1,1.440009762E2,2.603734276E1,-3.369755019E1,-1.494032271E2
3.537591942E1,2.966292248E-1,-2.116107811E-1,-2.817061953E-1,-8.876224499E-1,1.454894829E2,2.648542968E1,-3.287346474E1,-1.509853611E2
3.538594342E1,2.838899605E-1,-2.080938821E-1,-2.809202382E-1,-8.928534217E-1,1.470149848E2,2.691033797E1,-3.207950598E1,-1.525926941E2
3.539596642E1,2.703044929E-1,-2.054686155E-1,-2.804766242E-1,-8.978034215E-1,1.486352265E2,2.737127996E1,-3.137042901E1,-1.543122352E2
3.540598942E1,2.556201937E-1,-2.036322246E-1,-2.804218439E-1,-9.025274089E-1,1.503793247E2,2.788710166E1,-3.072581646E1,-1.561776904E2
3.541601242E1,2.397362055E-1,-2.019525726E-1,-2.804288139E-1,-9.072493100E-1,1.522580569E2,2.842649056E1,-3.005959741E1,-1.581776269E2
3.542603542E1,2.227606350E-1,-1.999359012E-1,-2.798151426E-1,-9.121988673E-1,1.542575394E2,2.889809165E1,-2.930287454E1,-1.602614932E2
3.543605842E1,2.047983226E-1,-1.978456467E-1,-2.778539470E-1,-9.174485944E-1,1.563646134E2,2.919785197E1,-2.847885924E1,-1.623960041E2
3.544608142E1,1.861308933E-1,-1.960051017E-1,-2.743688584E-1,-9.228537592E-1,1.585458538E2,2.929280138E1,-2.763938702E1,-1.645506448E2
3.545610900E1,1.672366297E-1,-1.940462901E-1,-2.694554156E-1,-9.283165808E-1,1.607456209E2,2.918544212E1,-2.676924828E1,-1.666651355E2
3.546613200E1,1.486791616E-1,-1.906242478E-1,-2.630893159E-1,-9.339918647E-1,1.628992204E2,2.885938343E1,-2.574170099E1,-1.686398490E2
3.547615500E1,1.308794938E-1,-1.832182695E-1,-2.554151097E-1,-9.402472578E-1,1.649591643E2,2.831693984E1,-2.429269479E1,-1.703666958E2
3.548617800E1,1.134958154E-1,-1.699599615E-1,-2.464606799E-1,-9.473592434E-1,1.669662528E2,2.756275179E1,-2.220804540E1,-1.718489341E2
3.549620100E1,9.549127173E-2,-1.510049853E-1,-2.364445867E-1,-9.550774272E-1,1.690408077E2,2.664740848E1,-1.948740856E1,-1.732383568E2
3.550622400E1,7.579912614E-2,-1.283344300E-1,-2.259781939E-1,-9.626623005E-1,1.713057209E2,2.566579543E1,-1.634039547E1,-1.747421614E2
3.551624800E1,5.383834214E-2,-1.045782060E-1,-2.155691710E-1,-9.693785694E-1,1.738275961E2,2.467516622E1,-1.305954289E1,-1.765104757E2
3.552627100E1,2.988224203E-2,-8.122149206E-2,-2.055994235E-1,-9.748020259E-1,1.765752375E2,2.369558871E1,-9.824874703E0,-1.785542518E2
3.553629400E1,4.704178350E-3,-5.811279649E-2,-1.963678728E-1,-9.787953976E-1,1.794609389E2,2.273393768E1,-6.638727928E0,1.792146785E2
3.554631700E1,2.105437388E-2,3.506128893E-2,1.883141422E-1,9.812569422E-1,1.775871682E2,2.182265959E1,-3.490244671E0,1.768686080E2
3.555634000E1,4.680361166E-2,1.269530512E-2,1.820546608E-1,9.820917448E-1,1.746347411E2,2.102580094E1,-4.523134767E-1,1.744590932E2
3.556636300E1,7.170611925E-2,-8.207287421E-3,1.782618765E-1,9.813325536E-1,1.717760261E2,2.042582726E1,2.388383893E0,1.720719862E2
3.557638600E1,9.482564656E-2,-2.695646576E-2,1.781468314E-1,9.790531256E-1,1.691174304E2,2.018261008E1,4.966277635E0,1.698201954E2
3.558641000E1,1.154256353E-1,-4.223496703E-2,1.837531051E-1,9.752578441E-1,1.667436487E2,2.057362165E1,7.169183291E0,1.678032333E2
3.559643300E1,1.330712985E-1,-4.969798326E-2,1.972881335E-1,9.699998140E-1,1.647057856E2,2.194269058E1,8.564393147E0,1.660403451E2
3.560645600E1,1.473968015E-1,-4.167701652E-2,2.180175762E-1,9.638493665E-1,1.630478052E2,2.435066649E1,8.314749012E0,1.644077638E2
3.561647900E1,1.580790046E-1,-1.190604216E-2,2.407687612E-1,9.575488341E-1,1.618091753E2,2.736037589E1,5.677109683E0,1.626344248E2
3.562650200E1,1.668183222E-1,3.984461906E-2,2.609259761E-1,9.500009236E-1,1.607942384E2,3.060298424E1,6.502991331E-1,1.602589421E2
3.563652500E1,1.770805741E-1,1.034416794E-1,2.783691079E-1,9.383245607E-1,1.596004851E2,3.416686473E1,-5.482182980E0,1.569397019E2
3.564654900E1,1.940378107E-1,1.548642748E-1,2.954263748E-1,9.225451599E-1,1.576229587E2,3.789702828E1,-9.851246542E0,1.528548310E2
3.565657200E1,2.266993213E-1,1.761578320E-1,3.223016921E-1,9.020517817E-1,1.537943510E2,4.216762153E1,-9.885269246E0,1.479664438E2
3.566659500E1,2.591104585E-1,1.677040172E-1,3.571636264E-1,8.815731759E-1,1.499654271E2,4.614231045E1,-6.349734830E0,1.445350665E2
3.567661800E1,2.741353464E-1,1.494836395E-1,3.905196539E-1,8.660247399E-1,1.481790138E2,4.938660326E1,-2.567858238E0,1.436893338E2
3.568664100E1,2.725945630E-1,1.256206102E-1,4.217789072E-1,8.555782852E-1,1.483625661E2,5.221407692E1,8.590529796E-1,1.450763339E2
3.569666400E1,2.613784436E-1,9.456498937E-2,4.517032223E-1,8.477635009E-1,1.496962603E2,5.485138030E1,4.346814996E0,1.479857784E2
3.570668700E1,2.466890025E-1,5.913373541E-2,4.804185867E-1,8.395508503E-1,1.514366590E2,5.755322107E1,7.916883042E0,1.516037551E2
3.571671100E1,2.323736990E-1,2.302155696E-2,5.074382569E-1,8.294450054E-1,1.531262766E2,6.041652504E1,1.139900861E1,1.553500511E2
3.572673400E1,2.202513170E-1,-9.839139638E-3,5.326964628E-1,8.170845359E-1,1.545524110E2,6.347812601E1,1.452089233E1,1.588398410E2
3.573675700E1,2.107909301E-1,-3.662360938E-2,5.560687237E-1,8.031273752E-1,1.556625864E2,6.665186569E1,1.705294898E1,1.618472755E2
3.574678000E1,2.031815273E-1,-5.585460523E-2,5.773410600E-1,7.888440190E-1,1.565538639E2,6.978106132E1,1.882817812E1,1.643036516E2
3.575680300E1,1.960393224E-1,-6.751037940E-2,5.966814270E-1,7.752305026E-1,1.573891114E2,7.276248525E1,1.979271310E1,1.662661381E2
3.576682600E1,1.885999400E-1,-7.250802626E-2,6.145210078E-1,7.625854787E-1,1.582578209E2,7.556511990E1,2.002221051E1,1.678012848E2
3.577685000E1,1.799978946E-1,-7.323179301E-2,6.315049866E-1,7.506259311E-1,1.592607257E2,7.825200343E1,1.971115216E1,1.691177060E2
3.578687300E1,1.679724505E-1,-7.389442577E-2,6.480489733E-1,7.391599020E-1,1.606600922E2,8.091975572E1,1.908365651E1,1.707110480E2
3.579689600E1,1.507842491E-1,-7.750021510E-2,6.639966243E-1,7.282625393E-1,1.626552447E2,8.357930462E1,1.824744594E1,1.729416229E2
3.580691900E1,1.294632543E-1,-8.386554826E-2,6.786581010E-1,7.180732015E-1,1.651228461E2,8.611108682E1,1.722745569E1,1.756710534E2
3.581694200E1,1.066411784E-1,-9.048161303E-2,6.914306824E-1,7.087766815E-1,1.677565398E2,8.836218623E1,1.600566995E1,1.784472982E2
3.582696500E1,8.303078778E-2,-9.573953775E-2,7.026538613E-1,7.001552697E-1,1.704744060E2,9.034192432E1,1.452183211E1,-1.789183217E2
3.583698900E1,5.688859386E-2,-1.008189073E-1,7.127385063E-1,6.918114791E-1,1.734775260E2,9.213410570E1,1.274361473E1,-1.761787297E2
3.584701200E1,2.710343709E-2,-1.076788338E-1,7.213279287E-1,6.836348851E-1,1.768937945E2,9.372426537E1,1.073850611E1,-1.730851485E2
3.585703500E1,5.648626005E-3,1.172106386E-1,-7.280999578E-1,-6.753519757E-1,1.793527117E2,9.509118207E1,8.632220112E0,-1.696095764E2
3.586705800E1,3.977235829E-2,1.292482211E-1,-7.331632906E-1,-6.664718876E-1,1.754412210E2,9.626794960E1,6.543720689E0,-1.658698829E2
3.587708100E1,7.417303751E-2,1.435510491E-1,-7.364546644E-1,-6.569063653E-1,1.714925830E2,9.725832632E1,4.551149352E0,-1.619489531E2
3.588710400E1,1.086831932E-1,1.603124504E-1,-7.376377897E-1,-6.468217414E-1,1.675211740E2,9.803476729E1,2.696733107E0,-1.578198230E2
3.589712700E1,1.438064169E-1,1.797963906E-1,-7.362935159E-1,-6.362897708E-1,1.634636649E2,9.856500542E1,9.762380387E-1,-1.533950666E2
3.590715100E1,1.800051017E-1,2.015867748E-1,-7.320331860E-1,-6.253705971E-1,1.592598861E2,9.880253597E1,-6.535603594E-1,-1.486469499E2
3.591717400E1,2.168504035E-1,2.244319683E-1,-7.248683061E-1,-6.141434142E-1,1.549517818E2,9.872668877E1,-2.218424532E0,-1.436891666E2
3.592719700E1,2.534064410E-1,2.469982550E-1,-7.154311842E-1,-6.024410362E-1,1.506416404E2,9.839568238E1,-3.726047634E0,-1.386893826E2
3.593722000E1,2.883725307E-1,2.681972137E-1,-7.046758774E-1,-5.902061748E-1,1.464789063E2,9.790620775E1,-5.154116509E0,-1.338381415E2
3.594724300E1,3.202547039E-1,2.872944565E-1,-6.937481268E-1,-5.775919392E-1,1.426433420E2,9.738085768E1,-6.457966571E0,-1.293324871E2
3.595726600E1,3.479135522E-1,3.039603108E-1,-6.837628851E-1,-5.648297259E-1,1.392804967E2,9.694472315E1,-7.608827854E0,-1.253254251E2
3.596729000E1,3.706982439E-1,3.177867109E-1,-6.752711802E-1,-5.528139755E-1,1.364826275E2,9.661808377E1,-8.585772335E0,-1.219459120E2
3.597731300E1,3.882849542E-1,3.281354797E-1,-6.685992182E-1,-5.427126298E-1,1.343043475E2,9.636601028E1,-9.383828244E0,-1.193193251E2
3.598733600E1,4.005940045E-1,3.342860536E-1,-6.642063365E-1,-5.353571829E-1,1.327693644E2,9.616997111E1,-1.003380966E1,-1.175569834E2
3.599735900E1,4.082085650E-1,3.359569865E-1,-6.622376783E-1,-5.309802590E-1,1.318153015E2,9.600619682E1,-1.059637311E1,-1.166569926E2
3.600738200E1,4.120477688E-1,3.334830929E-1,-6.623377770E-1,-5.294472464E-1,1.313329250E2,9.583770729E1,-1.111075700E1,-1.165115421E2
3.601740500E1,4.132187611E-1,3.281530023E-1,-6.637690313E-1,-5.300722157E-1,1.311856133E2,9.565580465E1,-1.157637873E1,-1.168934707E2
3.602742800E1,4.127901382E-1,3.216394281E-1,-6.657346234E-1,-5.319302911E-1,1.312395443E2,9.547340943E1,-1.197224670E1,-1.175396300E2
3.603745200E1,4.120304043E-1,3.157140343E-1,-6.673867482E-1,-5.339948071E-1,1.313351088E2,9.529444665E1,-1.228578369E1,-1.181589219E2
3.604747500E1,4.106554793E-1,3.099966457E-1,-6.688720032E-1,-5.365391385E-1,1.315079647E2,9.511139483E1,-1.251535446E1,-1.188148621E2
3.605749800E1,4.096050481E-1,3.056432977E-1,-6.697483204E-1,-5.387421174E-1,1.316399461E2,9.493680160E1,-1.267019766E1,-1.193098576E2
3.606752100E1,4.089909159E-1,3.029519686E-1,-6.702223882E-1,-5.401373994E-1,1.317170771E2,9.482041619E1,-1.276532831E1,-1.196107942E2
3.607754400E1,4.088347144E-1,3.019305608E-1,-6.704104685E-1,-5.405940236E-1,1.317366912E2,9.477815885E1,-1.281068991E1,-1.197174871E2
3.608756700E1,4.091102652E-1,3.022209315E-1,-6.701447958E-1,-5.405527250E-1,1.317020894E2,9.475669514E1,-1.280264618E1,-1.196622263E2
3.609759100E1,4.101484843E-1,3.037378387E-1,-6.690358701E-1,-5.402892492E-1,1.315716746E2,9.468888162E1,-1.274401306E1,-1.194156759E2
3.610761400E1,4.112570940E-1,3.052133788E-1,-6.674895233E-1,-5.405276529E-1,1.314323441E2,9.454957688E1,-1.265424290E1,-1.191606779E2
3.611763700E1,4.121930912E-1,3.062150829E-1,-6.657660965E-1,-5.413730344E-1,1.313146480E2,9.434928006E1,-1.255021619E1,-1.189619479E2
3.612766000E1,4.126974520E-1,3.063801089E-1,-6.641278696E-1,-5.429053779E-1,1.312512049E2,9.410303635E1,-1.244468340E1,-1.188796745E2
3.613768300E1,4.124069970E-1,3.053841789E-1,-6.628707134E-1,-5.452186287E-1,1.312877429E2,9.383361438E1,-1.234177791E1,-1.189809729E2
3.614770600E1,4.109376577E-1,3.030076235E-1,-6.622561070E-1,-5.483917122E-1,1.314724988E2,9.356649920E1,-1.223713297E1,-1.193248898E2
3.615772900E1,4.080035259E-1,2.991210729E-1,-6.624608774E-1,-5.524539466E-1,1.318410381E2,9.332207831E1,-1.212654312E1,-1.199510525E2
3.616775300E1,4.035919678E-1,2.937845654E-1,-6.634524663E-1,-5.573464002E-1,1.323941547E2,9.310361388E1,-1.200802162E1,-1.208525084E2
3.617777600E1,3.978092832E-1,2.871423696E-1,-6.650522975E-1,-5.630298711E-1,1.331174051E2,9.289885772E1,-1.187566056E1,-1.220011822E2
3.618779900E1,3.908443216E-1,2.791723795E-1,-6.670284157E-1,-5.695407426E-1,1.339859085E2,9.267695345E1,-1.173634699E1,-1.233743978E2
3.619782200E1,3.846599248E-1,2.700771106E-1,-6.682683549E-1,-5.766389673E-1,1.347547408E2,9.228531836E1,-1.169127272E1,-1.247513357E2
3.620784500E1,3.805114948E-1,2.604569239E-1,-6.680479269E-1,-5.840250339E-1,1.352692612E2,9.165376374E1,-1.178109757E1,-1.259524856E2
3.621786800E1,3.775373392E-1,2.508440496E-1,-6.669600535E-1,-5.913604611E-1,1.356375541E2,9.090875876E1,-1.194227688E1,-1.270217122E2
3.622789200E1,3.753094779E-1,2.409969442E-1,-6.658495684E-1,-5.980867399E-1,1.359131165E2,9.016826657E1,-1.221174517E1,-1.280294680E2
3.623791500E1,3.743997171E-1,2.316274258E-1,-6.642557642E-1,-6.041009055E-1,1.360255669E2,8.939970445E1,-1.256468406E1,-1.288565076E2
3.624793800E1,3.744141208E-1,2.234638552E-1,-6.621258943E-1,-6.094811298E-1,1.360237869E2,8.862987871E1,-1.291025409E1,-1.294814893E2
3.625796100E1,3.754800883E-1,2.172038470E-1,-6.590943768E-1,-6.143547490E-1,1.358920233E2,8.783191080E1,-1.318365946E1,-1.298333568E2
3.626798400E1,3.774581874E-1,2.132150061E-1,-6.548655096E-1,-6.190441971E-1,1.356473489E2,8.697328940E1,-1.332001445E1,-1.298950572E2
3.627800700E1,3.803517161E-1,2.115919731E-1,-6.493996955E-1,-6.235715483E-1,1.352890591E2,8.605115101E1,-1.330384877E1,-1.296615490E2
3.628803000E1,3.843520526E-1,2.121652124E-1,-6.427067338E-1,-6.278436266E-1,1.347929584E2,8.506140122E1,-1.315805965E1,-1.291304158E2
3.629805400E1,3.890781157E-1,2.146820325E-1,-6.351226824E-1,-6.317824498E-1,1.342057015E2,8.404938259E1,-1.288294731E1,-1.283660888E2
3.630807700E1,3.940038601E-1,2.187561155E-1,-6.270371467E-1,-6.353984387E-1,1.335922763E2,8.306201323E1,-1.248098087E1,-1.274584729E2
3.631810000E1,3.988416334E-1,2.239129931E-1,-6.186599126E-1,-6.387865501E-1,1.329884333E2,8.211237940E1,-1.197175345E1,-1.264775102E2
3.632812300E1,4.037100369E-1,2.299021235E-1,-6.099938673E-1,-6.419273965E-1,1.323793667E2,8.119241676E1,-1.138264178E1,-1.254314992E2
3.633814600E1,4.090034704E-1,2.364591405E-1,-6.009551595E-1,-6.447141039E-1,1.317155005E2,8.027912973E1,-1.075958608E1,-1.242991411E2
3.634816900E1,4.153824696E-1,2.435356912E-1,-5.911944447E-1,-6.470214858E-1,1.309131905E2,7.932425259E1,-1.013673886E1,-1.230109606E2
3.635819200E1,4.233071624E-1,2.512828193E-1,-5.804060842E-1,-6.486884885E-1,1.299128815E2,7.830140838E1,-9.518819853E0,-1.215021469E2
3.636821600E1,4.323922423E-1,2.594412375E-1,-5.689643423E-1,-6.496204502E-1,1.287610522E2,7.725547655E1,-8.914178783E0,-1.198322893E2
3.637823900E1,4.416143626E-1,2.672158243E-1,-5.578085667E-1,-6.499401235E-1,1.275861415E2,7.626621909E1,-8.356040459E0,-1.181744304E2
3.638826200E1,4.502493773E-1,2.744091112E-1,-5.472989129E-1,-6.499530520E-1,1.264806303E2,7.536387225E1,-7.824309224E0,-1.166232651E2
3.639828500E1,4.582928715E-1,2.813040512E-1,-5.370084542E-1,-6.499673609E-1,1.254459913E2,7.450661513E1,-7.269546762E0,-1.151562490E2
3.640830800E1,4.662711014E-1,2.881686875E-1,-5.266303723E-1,-6.497773629E-1,1.244149668E2,7.367074514E1,-6.696730770E0,-1.136933769E2
3.641833100E1,4.740601024E-1,2.950570630E-1,-5.164889344E-1,-6.491898253E-1,1.234036580E2,7.290023613E1,-6.119213635E0,-1.122453540E2
3.642835500E1,4.812035401E-1,3.018390600E-1,-5.070574180E-1,-6.482508251E-1,1.224719267E2,7.224182959E1,-5.546917189E0,-1.108756729E2
3.643837800E1,4.877025157E-1,3.084804023E-1,-4.983250019E-1,-6.470381602E-1,1.216206277E2,7.168675537E1,-4.983653823E0,-1.095871148E2
3.644840100E1,4.933703975E-1,3.144554240E-1,-4.904314556E-1,-6.458950797E-1,1.208753004E2,7.120615671E1,-4.457425648E0,-1.084431653E2
3.645842100E1,4.981974919E-1,3.191515945E-1,-4.836862740E-1,-6.449723008E-1,1.202383630E2,7.078019466E1,-4.028616514E0,-1.074952132E2
3.646844400E1,5.024493345E-1,3.223835465E-1,-4.781844613E-1,-6.441686605E-1,1.196756412E2,7.039519401E1,-3.737657632E0,-1.067286527E2
3.647846700E1,5.062934695E-1,3.244279110E-1,-4.737436270E-1,-6.434131308E-1,1.191654931E2,7.004461279E1,-3.567491758E0,-1.061029685E2
3.648849000E1,5.100740102E-1,3.258014083E-1,-4.697688262E-1,-6.426471013E-1,1.186624807E2,6.969749852E1,-3.467541386E0,-1.055361568E2
3.649851400E1,5.136831344E-1,3.266092001E-1,-4.663992647E-1,-6.418159602E-1,1.181810512E2,6.937627915E1,-3.435041620E0,-1.050331599E2
3.650853700E1,5.163130240E-1,3.268585461E-1,-4.637840475E-1,-6.414738015E-1,1.178294804E2,6.909807694E1,-3.415309352E0,-1.046917713E2
3.651856000E1,5.176309876E-1,3.263630204E-1,-4.618402822E-1,-6.420661860E-1,1.176530469E2,6.883770068E1,-3.384272811E0,-1.045680378E2
3.652858300E1,5.178063817E-1,3.247138563E-1,-4.607720703E-1,-6.435266797E-1,1.176295548E2,6.858369872E1,-3.397187780E0,-1.046740670E2
3.653860600E1,5.170558991E-1,3.220975433E-1,-4.605027572E-1,-6.456342908E-1,1.177300532E2,6.834282113E1,-3.456854538E0,-1.049681930E2
3.654862900E1,5.155867969E-1,3.190631546E-1,-4.605546664E-1,-6.482733052E-1,1.179266292E2,6.810690925E1,-3.510505891E0,-1.053809453E2
3.655865300E1,5.133879695E-1,3.157886237E-1,-4.607807157E-1,-6.514533956E-1,1.182204693E2,6.787463797E1,-3.535984825E0,-1.058989911E2
3.656867600E1,5.105837921E-1,3.123632755E-1,-4.613269283E-1,-6.549129564E-1,1.185945527E2,6.766984469E1,-3.551781845E0,-1.064998304E2
3.657869900E1,5.075178618E-1,3.091178154E-1,-4.619700734E-1,-6.583733812E-1,1.190027265E2,6.749318157E1,-3.548087923E0,-1.071160358E2
3.658872200E1,5.045106631E-1,3.062938765E-1,-4.625241517E-1,-6.616075829E-1,1.194022510E2,6.734149255E1,-3.520406411E0,-1.076907791E2
3.659874500E1,5.019425924E-1,3.040713467E-1,-4.628768787E-1,-6.643337043E-1,1.197427914E2,6.721435947E1,-3.478015719E0,-1.081654948E2
3.660876800E1,4.995730228E-1,3.020509427E-1,-4.632220298E-1,-6.667963341E-1,1.200564891E2,6.710258056E1,-3.440589762E0,-1.085999760E2
3.661879100E1,4.979432410E-1,3.005181250E-1,-4.633629899E-1,-6.686076002E-1,1.202719621E2,6.700432483E1,-3.416826571E0,-1.089085639E2
3.662881500E1,4.968700664E-1,2.995118322E-1,-4.632311493E-1,-6.699474801E-1,1.204137192E2,6.691460784E1,-3.383390413E0,-1.091108077E2
3.663883800E1,4.961184353E-1,2.989099277E-1,-4.629054016E-1,-6.709977638E-1,1.205129434E2,6.683320468E1,-3.335123531E0,-1.092443181E2
3.664886100E1,4.955466448E-1,2.984594464E-1,-4.625768405E-1,-6.718467962E-1,1.205883937E2,6.676270079E1,-3.291662845E0,-1.093451141E2
3.665888400E1,4.949427068E-1,2.980398219E-1,-4.623033180E-1,-6.726661046E-1,1.206680551E2,6.670088520E1,-3.248390360E0,-1.094475022E2
3.666890700E1,4.941384922E-1,2.974002329E-1,-4.621604929E-1,-6.736377264E-1,1.207740849E2,6.663761723E1,-3.213832225E0,-1.095900277E2
3.667893000E1,4.934250409E-1,2.964448587E-1,-4.620721426E-1,-6.746418224E-1,1.208681014E2,6.655653295E1,-3.210686758E0,-1.097450107E2
3.668895300E1,4.930854322E-1,2.954943946E-1,-4.617925088E-1,-6.754980673E-1,1.209128388E2,6.645353069E1,-3.221406514E0,-1.098547315E2
3.669897700E1,4.931235013E-1,2.948734398E-1,-4.611580775E-1,-6.761745558E-1,1.209078243E2,6.633448090E1,-3.212764420E0,-1.098946940E2
3.670900000E1,4.933514104E-1,2.944757474E-1,-4.602931346E-1,-6.767707862E-1,1.208778018E2,6.620582186E1,-3.186564088E0,-1.098953404E2
3.671902300E1,4.937506780E-1,2.941892015E-1,-4.593146007E-1,-6.772688250E-1,1.208251953E2,6.607243428E1,-3.157646905E0,-1.098672420E2
3.672904600E1,4.942305831E-1,2.939643164E-1,-4.582964066E-1,-6.777061196E-1,1.207619462E2,6.593917990E1,-3.127918782E0,-1.098249493E2
3.673906900E1,4.945968814E-1,2.936468506E-1,-4.573383403E-1,-6.782234721E-1,1.207136565E2,6.580609028E1,-3.100060105E0,-1.098029677E2
3.674909200E1,4.947871217E-1,2.931141460E-1,-4.564925057E-1,-6.788845981E-1,1.206885722E2,6.566990571E1,-3.081240116E0,-1.098177620E2
3.675911600E1,4.946984869E-1,2.923369265E-1,-4.558253527E-1,-6.797320448E-1,1.207002596E2,6.553612567E1,-3.070843333E0,-1.098837739E2
3.676913900E1,4.943089236E-1,2.913459645E-1,-4.553726165E-1,-6.807436113E-1,1.207516194E2,6.541119395E1,-3.068262284E0,-1.100013666E2
3.677916200E1,4.936039964E-1,2.901856091E-1,-4.551376584E-1,-6.819070119E-1,1.208445233E2,6.529894706E1,-3.070020540E0,-1.101689606E2
3.678918500E1,4.928336047E-1,2.889191332E-1,-4.551306251E-1,-6.830058118E-1,1.209460061E2,6.520491379E1,-3.092060162E0,-1.103520758E2
3.679920800E1,4.919935338E-1,2.874800870E-1,-4.553969774E-1,-6.840404327E-1,1.210566096E2,6.512943869E1,-3.141883292E0,-1.105560273E2
3.680923100E1,4.910305731E-1,2.859078199E-1,-4.558974501E-1,-6.850571727E-1,1.211833186E2,6.507132692E1,-3.209827956E0,-1.107841453E2
3.681925400E1,4.899542585E-1,2.841434738E-1,-4.566993308E-1,-6.860271087E-1,1.213248497E2,6.503410717E1,-3.305698102E0,-1.110395462E2
3.682927800E1,4.887224958E-1,2.822161774E-1,-4.578023191E-1,-6.869652764E-1,1.214867011E2,6.502036092E1,-3.424381419E0,-1.113250089E2
3.683930100E1,4.873205757E-1,2.801387119E-1,-4.591343755E-1,-6.879219572E-1,1.216707552E2,6.502328684E1,-3.558298717E0,-1.116411942E2
3.684932400E1,4.859312997E-1,2.779330408E-1,-4.605197003E-1,-6.888726531E-1,1.218529867E2,6.502436980E1,-3.706236616E0,-1.119643823E2
3.685934700E1,4.849727855E-1,2.758358558E-1,-4.614403139E-1,-6.897744376E-1,1.219786212E2,6.498051890E1,-3.844161179E0,-1.122273682E2
3.686937000E1,4.839679309E-1,2.740628959E-1,-4.631047035E-1,-6.900715624E-1,1.221102477E2,6.504652087E1,-4.014540255E0,-1.124741975E2
3.687939300E1,4.829470394E-1,2.727635929E-1,-4.648098807E-1,-6.901550237E-1,1.222438893E2,6.515227045E1,-4.155223926E0,-1.126895832E2
3.688941700E1,4.821291271E-1,2.723655159E-1,-4.662071751E-1,-6.899415183E-1,1.223508975E2,6.528700352E1,-4.227195295E0,-1.128171721E2
3.689944000E1,4.818128677E-1,2.723605320E-1,-4.673197782E-1,-6.894116376E-1,1.223922593E2,6.541587180E1,-4.288830183E0,-1.128574699E2
3.690946300E1,4.814255697E-1,2.723871372E-1,-4.683261922E-1,-6.889886202E-1,1.224429006E2,6.553506112E1,-4.334843342E0,-1.129036577E2
3.691948600E1,4.806841961E-1,2.720478235E-1,-4.693765233E-1,-6.889254947E-1,1.225398050E2,6.563442394E1,-4.381804612E0,-1.130172485E2
3.692950900E1,4.797134278E-1,2.712364651E-1,-4.706359028E-1,-6.890629356E-1,1.226666256E2,6.572545047E1,-4.458829772E0,-1.131913778E2
3.693953200E1,"","","","","","","",""