"Time (s)","X (m/s^2)","Y (m/s^2)","Z (m/s^2)"
1.979291660E-2,2.816099457E-1,1.235411417E-1,1.781357172E-1
2.981391666E-2,2.373191875E-1,2.352235454E-1,1.780547333E-1
3.983491659E-2,2.658796931E-1,2.314684635E-1,2.067669010E-1
4.985591664E-2,3.593461928E-1,2.927098614E-1,5.331403524E-2
5.987691670E-2,2.999954190E-1,3.588617510E-1,-4.201078266E-2
6.989891664E-2,1.170972177E-1,3.358114421E-1,-9.164107203E-2
7.991991669E-2,9.043895759E-2,3.204461288E-1,-7.399563700E-2
8.994091663E-2,-1.291051329E-1,2.038006085E-1,-1.220898628E-2
9.996191668E-2,-2.120313685E-1,1.059936476E-1,-1.015737373E-1
1.099829166E-1,-6.578066446E-2,1.336802137E-1,-2.969245344E-1
1.200049167E-1,-1.056690540E-1,1.568047822E-2,-2.676557118E-1
1.300259166E-1,-8.001483388E-2,-4.700342774E-2,-2.299540347E-1
1.400469167E-1,-1.524567926E-1,-1.126086026E-1,-1.530687037E-1
1.500679166E-1,-3.775317644E-1,-1.974090171E-1,-1.309548265E-1
1.600899167E-1,-3.709771087E-1,-1.851286948E-1,-2.344505435E-1
1.701109166E-1,-2.726043566E-1,-2.164212388E-1,-2.080939266E-1
1.801319167E-1,-4.663583522E-1,-3.525654691E-1,-1.685094461E-1
1.901529166E-1,-4.599381825E-1,-4.862263870E-1,-2.127316457E-1
2.001739166E-1,-3.907410631E-1,-2.066353387E-1,-3.863553590E-1
2.101959167E-1,-6.209833655E-1,9.777187765E-2,-5.050488666E-1
2.202169166E-1,-9.132605329E-1,1.090955955E-1,-4.314791992E-1
2.302379167E-1,-1.429578007E0,1.614065409E-2,-5.357865098E-1
2.402589166E-1,-1.971046110E0,-3.888907117E-1,-8.885481530E-1
2.502809167E-1,-2.550818008E0,-9.344528890E-1,-9.826222515E-1
2.603019166E-1,-3.293286926E0,-1.168762515E0,-1.088690743E0
2.703229167E-1,-3.738431945E0,-1.178195828E0,-1.277932954E0
2.803439166E-1,-2.735057926E0,-8.043652046E-1,-1.087698763E0
2.903649167E-1,-1.651364213E0,-4.063855809E-1,-1.170257063E0
3.003869166E-1,-1.199714604E0,-3.721606582E-1,-1.600428825E0
3.104079167E-1,-5.069152978E-1,-6.673649418E-1,-1.471114727E0
3.204289166E-1,-9.709301591E-3,-6.558085048E-1,-1.124532129E0
3.304499167E-1,7.607286036E-2,-5.922030777E-1,-6.983326730E-1
3.404709166E-1,4.857360980E-1,-5.973749399E-1,-3.235963163E-1
3.504929167E-1,1.135457067E0,-5.285555506E-1,-2.261913514E-1
3.605139167E-1,1.599818083E0,-3.793451321E-1,-2.673776767E-1
3.705349166E-1,2.290296484E0,1.001160264E-1,-6.948684901E-2
3.805559167E-1,3.075287524E0,5.996097457E-1,3.278899267E-1
3.905779166E-1,3.306607176E0,6.917332131E-1,7.216762197E-1
4.005989167E-1,3.227829978E0,5.607889116E-1,9.327145118E-1
4.106199166E-1,2.287174363E0,4.048904479E-1,7.394602337E-1
4.206409167E-1,9.245740181E-1,1.706492347E-1,4.697419167E-1
4.306619166E-1,-5.655046910E-2,-2.136455655E-2,3.273455510E-1
4.406839167E-1,-4.011067146E-1,-1.015702289E-1,3.604393297E-1
4.507049166E-1,-3.655176365E-1,-1.798662007E-2,4.506513423E-1
4.607259167E-1,-3.887696743E-2,-5.025447965E-2,5.387454933E-1
4.707469166E-1,-1.111230590E0,-4.423979974E-1,4.884857512E-1
4.807679167E-1,-2.046223762E0,4.167854387E-1,5.029318821E-1
4.907899166E-1,-2.316979960E0,8.830792522E-1,7.327116698E-2
5.008109167E-1,-2.312843640E0,1.525600544E0,-2.165180102E-1
5.108319167E-1,-1.368192329E0,1.422894786E0,-2.904753479E-1
5.208529166E-1,-9.156985295E-1,8.981486964E-1,-7.320918649E-2
5.308749167E-1,-7.644684827E-1,7.080674100E-1,3.003714681E-3
5.408959166E-1,7.831702173E-2,5.971650249E-1,-1.311814061E-1
5.509169167E-1,1.203323360E0,-2.325203776E-2,-2.109119922E-1
5.609379166E-1,1.352994246E0,-8.767660135E-1,4.340724394E-2
5.709589167E-1,5.193999803E-1,-1.000730494E0,4.011540771E-1
5.809809166E-1,-5.553869614E-1,-2.244161367E-3,5.945814326E-1
5.910019167E-1,-1.033112959E0,8.011182457E-1,6.122701371E-1
6.010229166E-1,-6.828986549E-1,7.126913881E-1,6.558406645E-1
6.110439167E-1,-1.282385024E-1,4.076871711E-1,6.578696483E-1
6.210659166E-1,4.584921661E-1,6.600068057E-1,6.592472523E-1
6.310869167E-1,8.730802211E-1,1.431550419E0,5.757057434E-1
6.411079166E-1,6.698880154E-1,1.692955458E0,5.528739743E-1
6.511289167E-1,6.434498298E-1,9.100144511E-1,4.647068793E-1
6.611514166E-1,1.024027555E0,-8.573491645E-1,3.620470948E-1
6.711734167E-1,6.522726935E-1,-1.823315622E0,4.479854505E-1
6.811944166E-1,-8.528047085E-2,-1.727244115E0,7.035427614E-1
6.912154166E-1,4.230782121E-2,-1.937445086E0,7.949289680E-1
7.012364167E-1,6.532254973E-1,-2.565548313E0,1.034269538E0
7.112584166E-1,1.471441879E0,-3.231525126E0,1.166004968E0
7.212794167E-1,1.296073649E0,-3.387254021E0,1.179379889E0
7.313004166E-1,3.585451242E-1,-3.234775009E0,1.485036655E0
7.413214167E-1,-4.943607411E-1,-2.746085190E0,1.919892329E0
7.513424166E-1,-7.451998606E-1,-2.179549050E0,1.775246247E0
7.613644167E-1,-6.887786150E-1,-2.151567199E0,1.461440216E0
7.713854166E-1,-4.089966550E-1,-1.837184633E0,1.198334808E0
7.814064167E-1,-1.468191996E-1,-1.439776282E0,1.154090096E0
7.914274166E-1,1.021192825E-1,-1.508203323E0,1.126522229E0
8.014494167E-1,4.793097156E-1,-2.262149742E0,9.172492111E-1
8.114704166E-1,1.619210666E0,-3.315988156E0,1.569906871E-1
8.214914167E-1,1.421372171E0,-2.239539143E0,4.477704191E-1
8.315124166E-1,2.494048268E0,-1.359424430E0,8.324107166E-1
8.415334166E-1,2.875778479E0,-5.633108157E-1,1.278278525E0
8.515554166E-1,2.981109053E0,-1.983235216E-1,1.511207038E0
8.615764166E-1,2.953459324E0,-4.921057624E-1,1.724490076E0
8.715974167E-1,2.515290033E0,5.765530050E-2,1.813501071E0
8.816184166E-1,2.195599072E0,1.608236904E0,1.767676442E0
8.916404167E-1,1.261253772E0,3.034757549E0,1.705365003E0
9.016614166E-1,5.209109008E-1,3.013961926E0,1.567194128E0
9.116824167E-1,2.613506591E-1,1.142604995E0,1.217358724E0
9.217034166E-1,1.500518328E-1,-7.122177637E-1,5.112022571E-1
9.317244167E-1,-1.066403496E-1,-1.514303139E0,-2.722182941E-1
9.417464166E-1,-1.144598311E-1,-1.223400652E0,-7.505393187E-1
9.517674167E-1,2.369952518E-1,-3.763174438E-1,-9.627638646E-1
9.617884166E-1,5.777049065E-1,2.360386473E-1,-1.015142126E0
9.718094167E-1,6.843905720E-1,2.192366731E-1,-1.083458655E0
9.818314166E-1,6.272366703E-1,-2.940208071E-1,-1.223530899E0
9.918524167E-1,4.845339105E-1,-8.893749493E-1,-1.289499186E0
1.001873417E0,5.722605640E-1,-1.217293235E0,-1.163912834E0
1.011894417E0,1.011662448E0,-1.041825310E0,-9.126721568E-1
1.021915417E0,1.631683654E0,-7.354171765E-1,-7.134853669E-1
1.031937417E0,2.099833959E0,-7.118014419E-1,-6.767941618E-1
1.041958417E0,2.125268762E0,-9.359152776E-1,-8.568438189E-1
1.051979417E0,1.797805974E0,-8.787324321E-1,-9.969806743E-1
1.062000417E0,1.330668992E0,-3.886731952E-1,-1.040407799E0
1.072022417E0,1.062247880E0,3.547236764E-1,-1.103249141E0
1.082043417E0,8.747504783E-1,1.081133802E0,-1.212620433E0
1.092064417E0,7.363264185E-1,1.435763338E0,-1.264767656E0
1.102085417E0,3.674507260E-1,1.452380540E0,-1.264365368E0
1.112107417E0,-2.180514425E-1,1.355379326E0,-1.290177463E0
1.122128417E0,-8.189762270E-1,1.326995772E0,-1.259153160E0
1.132149417E0,-1.280018656E0,1.412432363E0,-1.211066827E0
1.142170417E0,-1.551004357E0,1.624474037E0,-1.251521520E0
1.152191417E0,-1.605680501E0,1.951563188E0,-1.382823232E0
1.162213417E0,-1.458006147E0,2.461480154E0,-1.346286613E0
1.172234417E0,-1.267045439E0,3.059567869E0,-1.352069071E0
1.182255417E0,-1.106637602E0,3.523380125E0,-1.485805418E0
1.192276417E0,-8.875628972E-1,3.520675787E0,-1.720056571E0
1.202298417E0,-7.002309716E-1,2.712399965E0,-1.735762339E0
1.212319417E0,-1.136239716E0,1.779213583E0,-1.755148051E0
1.222340417E0,-2.059742525E0,1.361332376E0,-1.636483487E0
1.232361417E0,-2.767378410E0,1.040116169E0,-1.360704239E0
1.242382417E0,-3.132241158E0,7.266913766E-1,-1.374328544E0
1.252404417E0,-3.252757536E0,8.758731437E-1,-1.267416883E0
1.262425417E0,-3.021631719E0,1.288015308E0,-1.199890898E0
1.272446417E0,-2.626071673E0,1.340320991E0,-1.271649098E0
1.282467417E0,-2.342503933E0,9.504157877E-1,-8.418869336E-1
1.292489417E0,-2.487583294E0,7.939448816E-1,-5.247266476E-1
1.302510417E0,-2.710948101E0,7.785602725E-1,-8.127512813E-1
1.312531417E0,-2.372339351E0,4.713972634E-1,-1.036249698E0
1.322552417E0,-1.236187343E0,2.081825119E-1,-8.546420498E-1
1.332573417E0,4.974811077E-1,1.102626997E-1,-3.829759607E-1
1.342595417E0,2.037293894E0,5.240333140E-2,2.301673119E-1
1.352616417E0,3.091078514E0,-5.721909821E-2,6.551359288E-1
1.362637417E0,3.463026334E0,2.800582409E-2,8.311010134E-1
1.372658417E0,3.133190746E0,1.948777574E-1,8.807054289E-1
1.382680417E0,2.812238833E0,8.024134040E-2,8.396917427E-1
1.392701417E0,2.340639256E0,3.393782437E-2,5.107671511E-1
1.402722417E0,1.646225095E0,3.459154308E-1,1.662820955E-1
1.412743417E0,7.744116729E-1,8.557821107E-1,-2.811832452E-1
1.422765417E0,2.299207056E-1,1.257935477E0,-5.541358034E-1
1.432786417E0,6.360601187E-2,1.430813085E0,-3.924733007E-1
1.442807417E0,2.978419626E-1,1.399912890E0,-3.072035010E-1
1.452828417E0,9.223128998E-1,1.091336609E0,-4.141255403E-1
1.462849417E0,1.670023847E0,7.668506384E-1,-6.142663765E-1
1.472871417E0,2.316556329E0,5.491658163E-1,-8.613883480E-1
1.482892417E0,2.601129205E0,5.549077821E-1,-1.211870381E0
1.492913417E0,2.320309072E0,8.221296304E-1,-1.320919930E0
1.502934417E0,1.617135782E0,1.177260858E0,-1.118248419E0
1.512956417E0,7.642082816E-1,1.306497772E0,-8.842088612E-1
1.522977417E0,1.802012461E-1,1.039780539E0,-7.336898359E-1
1.532998417E0,2.931735456E-2,3.864676255E-1,-6.169734912E-1
1.543019417E0,1.767133820E-1,-2.262492388E-1,-5.823907920E-1
1.553040417E0,4.954053462E-1,-4.448678613E-1,-7.361457396E-1
1.563062417E0,8.621772105E-1,-3.375533277E-1,-8.677781852E-1
1.573083417E0,1.014102491E0,-2.220129311E-2,-9.197331814E-1
1.583104417E0,9.159686708E-1,2.350978303E-1,-9.201343004E-1
1.593125417E0,6.263426310E-1,3.805952668E-3,-8.782588077E-1
1.603147417E0,1.396899819E-1,-8.407003874E-1,-8.918020555E-1
1.613168417E0,-2.809516954E-1,-1.672396063E0,-1.132584549E0
1.623189417E0,-5.642878854E-1,-1.989282407E0,-1.407878551E0
1.633210417E0,-7.681253314E-1,-1.650567237E0,-1.490295056E0
1.643231417E0,-8.629133749E-1,-8.871465755E-1,-1.460294016E0
1.653253417E0,-7.804413217E-1,-2.050489891E-1,-1.334271462E0
1.663273542E0,-7.284034413E-1,1.639559269E-2,-1.148533487E0
1.673294542E0,-8.412699062E-1,-2.297540599E-1,-1.117123414E0
1.683315542E0,-9.669581455E-1,-6.731262034E-1,-1.162048742E0
1.693337542E0,-9.749290699E-1,-9.608975065E-1,-1.152080335E0
1.703358542E0,-7.303113878E-1,-8.011135679E-1,-1.170253555E0
1.713379542E0,-3.785434788E-1,-2.176865762E-1,-1.055638772E0
1.723400542E0,-2.280762014E-1,4.614417940E-1,-6.940329230E-1
1.733421542E0,-3.207265028E-1,8.083611917E-1,-3.662006279E-1
1.743443542E0,-4.453438246E-1,7.566443235E-1,-9.888694167E-2
1.753464542E0,-2.454780999E-1,6.320003968E-1,2.668178058E-1
1.763485542E0,2.335360390E-1,5.075125909E-1,6.064171107E-1
1.773506542E0,5.628816301E-1,5.951237619E-2,6.365887801E-1
1.783528542E0,9.513884720E-1,-3.406979603E-1,5.639276239E-1
1.793549542E0,1.249404097E0,-4.323869795E-1,6.201673865E-1
1.803570542E0,1.195758232E0,-2.254639578E-1,7.616196462E-1
1.813591542E0,1.072816138E0,1.722858703E-1,9.867175683E-1
1.823612542E0,9.502128893E-1,5.151186490E-1,1.373931956E0
1.833634542E0,6.623123628E-1,6.965986812E-1,1.892950698E0
1.843655542E0,3.607816842E-1,7.055466753E-1,2.307733465E0
1.853676542E0,3.241082400E-1,4.711967039E-1,2.283399693E0
1.863697542E0,4.261672962E-1,-2.087654793E-1,1.898754644E0
1.873719542E0,4.267926559E-1,-8.194182765E-1,1.474810460E0
1.883740542E0,3.244950333E-1,-1.073288008E0,1.073724210E0
1.893761542E0,2.741452441E-1,-9.364742714E-1,9.667306157E-1
1.903782542E0,1.956577760E-1,-4.891605198E-1,1.079236892E0
1.913803542E0,3.300811708E-2,-2.698981190E-1,1.048346125E0
1.923825542E0,-3.186089337E-2,-3.893292528E-1,8.272582233E-1
1.933846542E0,1.839273843E-1,-7.500048101E-1,6.792476535E-1
1.943867542E0,3.715733054E-1,-1.089196528E0,6.344299150E-1
1.953888542E0,3.867167169E-1,-1.233406992E0,4.199493670E-1
1.963910542E0,3.768790689E-1,-1.235477491E0,2.007115610E-1
1.973931542E0,6.671380699E-2,-1.374258816E0,2.868585527E-1
1.983952542E0,-4.364081097E-1,-1.788756824E0,6.799318508E-1
1.993973542E0,-7.830263758E-1,-2.034673172E0,1.099573654E0
2.003994542E0,-9.480555591E-1,-1.805212643E0,1.363732219E0
2.014016542E0,-8.967202216E-1,-1.282506647E0,1.497027540E0
2.024037542E0,-7.235452822E-1,-6.687787986E-1,1.708055892E0
2.034058542E0,-5.371649909E-1,-7.131907403E-2,1.846054859E0
2.044079542E0,-5.673758000E-1,4.368063051E-1,2.059089975E0
2.054101542E0,-6.278868806E-1,8.581554955E-1,2.366399750E0
2.064122542E0,-7.818621951E-1,1.051087884E0,2.607032554E0
2.074143542E0,-9.954533815E-1,1.196141517E0,2.706327631E0
2.084164542E0,-1.021377597E0,1.129850464E0,2.566489130E0
2.094185542E0,-8.519779122E-1,9.127146953E-1,2.199164704E0
2.104207542E0,-5.534278518E-1,6.606967771E-1,1.746497973E0
2.114228542E0,-1.981159455E-1,5.529027718E-1,1.080951369E0
2.124249542E0,3.916757405E-2,6.032309264E-1,3.146772659E-1
2.134270542E0,1.830003083E-2,5.903910255E-1,-2.157225696E-1
2.144292542E0,-3.008135176E-1,3.944818193E-1,-4.419911043E-1
2.154313542E0,-8.546898508E-1,2.410350931E-1,-5.932620084E-1
2.164334542E0,-1.372779470E0,2.407684600E-1,-5.065991462E-1
2.174355542E0,-1.643274590E0,2.533920139E-1,-2.202915108E-1
2.184376542E0,-1.649549822E0,1.803643835E-1,-1.873201947E-1
2.194398542E0,-1.427509409E0,6.179922223E-2,-1.309776306E-2
2.204419542E0,-1.246064460E0,2.501386231E-1,1.943602788E-1
2.214440542E0,-1.045991451E0,7.821469545E-2,5.553912006E-2
2.224461542E0,-5.804852575E-1,-3.753883213E-1,-8.458348274E-2
2.234483542E0,7.008940458E-2,-5.113115269E-1,2.900335908E-2
2.244504542E0,5.458808506E-1,-3.700603384E-1,8.392961785E-2
2.254525542E0,9.428483212E-1,-3.115875971E-1,4.608424544E-2
2.264546542E0,1.388221967E0,-2.870380622E-1,1.453161728E-1
2.274568542E0,1.769819446E0,-2.251739359E-1,2.009500909E-1
2.284589542E0,1.829107289E0,-1.612773174E-1,1.352868824E-1
2.294610542E0,1.688623255E0,-2.425056678E-1,8.558569551E-2
2.304631542E0,1.480955883E0,-7.634001964E-1,-3.508329391E-3
2.314652542E0,1.275237388E0,-1.496452174E0,1.009475005E-1
2.324674542E0,1.519237019E0,-2.085215920E0,3.782400084E-1
2.334695542E0,1.896169590E0,-2.220286601E0,5.139712791E-1
2.344716542E0,2.043941009E0,-1.997693626E0,5.299037723E-1
2.354737542E0,2.023432485E0,-1.760828183E0,4.159137650E-1
2.364759542E0,2.043851547E0,-1.504501451E0,3.143418550E-1
2.374780542E0,2.098272752E0,-1.293893514E0,3.009374785E-1
2.384801542E0,2.186246451E0,-1.177186013E0,-2.085044011E-3
2.394822542E0,2.228110176E0,-8.581484789E-1,-3.731528576E-1
2.404843542E0,2.225262582E0,-3.262494904E-1,-6.238265741E-1
2.414865542E0,1.967043691E0,1.224915665E-1,-7.051685067E-1
2.424886542E0,1.429489276E0,4.805054712E-1,-4.653413022E-1
2.434907542E0,6.519388175E-1,8.623660755E-1,-1.050219865E-1
2.444928542E0,-3.145842952E-1,1.211300424E0,3.869264857E-1
2.454949542E0,-1.076192905E0,1.511713407E0,7.706359796E-1
2.464971542E0,-1.550371689E0,1.482676134E0,1.039120388E0
2.474992542E0,-1.845073112E0,1.094010540E0,1.120182751E0
2.485013542E0,-1.818432028E0,8.388941824E-1,8.759795630E-1
2.495034542E0,-1.538257427E0,1.064628282E0,5.032629076E-1
2.505056542E0,-1.000265055E0,1.502611631E0,1.651956097E-1
2.515077542E0,-2.341716313E-1,1.473974892E0,6.263895549E-2
2.525098542E0,4.415934205E-1,1.100116788E0,3.717275257E-1
2.535119542E0,5.398611420E-1,8.681840551E-1,4.533371146E-1
2.545141542E0,1.121034032E-1,6.197276759E-1,4.742490236E-1
2.555162542E0,-3.701702660E-1,3.643464392E-1,6.800698451E-1
2.565183542E0,-7.123335385E-1,3.336883181E-1,4.183330505E-1
2.575204542E0,-6.535070407E-1,5.591125149E-1,-6.409644708E-3
2.585225542E0,-3.775775188E-1,7.806687784E-1,-6.681123622E-2
2.595247542E0,-1.363810426E-1,6.856731588E-1,-4.502472997E-2
2.605268542E0,-4.391960621E-2,2.394586837E-1,2.279770911E-1
2.615289542E0,-2.178549761E-1,-2.596473652E-1,4.977209166E-1
2.625310542E0,-5.574267626E-1,-6.169941026E-1,6.006132010E-1
2.635331542E0,-9.389569992E-1,-8.123086470E-1,7.498750019E-1
2.645353542E0,-1.295875136E0,-8.562715226E-1,1.039969404E0
2.655374542E0,-1.495852250E0,-8.087839454E-1,1.094694664E0
2.665395542E0,-1.601804967E0,-7.452831835E-1,1.114910682E0
2.675416542E0,-1.796906673E0,-6.532842618E-1,1.218123686E0
2.685438542E0,-1.926940563E0,-5.232147038E-1,1.144645966E0
2.695459542E0,-1.902412663E0,-4.639601898E-1,9.835659921E-1
2.705480542E0,-1.725189403E0,-4.129473263E-1,9.500708020E-1
2.715501542E0,-1.495635318E0,-2.542170560E-1,8.503548713E-1
2.725523542E0,-1.229516839E0,-1.690494365E-1,6.839966159E-1
2.735544542E0,-9.173760957E-1,-2.233273852E-1,4.841576421E-1
2.745565542E0,-5.916943699E-1,-3.737335593E-1,2.421868484E-1
2.755586542E0,-3.650030816E-1,-4.700681913E-1,1.454344328E-1
2.765607542E0,-2.494790572E-1,-4.488486457E-1,1.053609788E-1
2.775629542E0,-8.444607317E-2,-2.518249601E-1,-1.248577885E-1
2.785650542E0,2.564214563E-1,-4.299691558E-2,-5.474654460E-1
2.795671542E0,7.306657290E-1,4.501829803E-2,-8.820687072E-1
2.805692542E0,1.147546477E0,2.654448795E-1,-9.787185042E-1
2.815714542E0,1.548906376E0,6.036150885E-1,-9.519721703E-1
2.825735542E0,1.831219304E0,6.785997820E-1,-8.684974658E-1
2.835756542E0,1.796597940E0,6.054446822E-1,-7.824660663E-1
2.845777542E0,1.579076255E0,6.126987380E-1,-8.423602657E-1
2.855798542E0,1.416323685E0,6.186348313E-1,-9.075556970E-1
2.865820542E0,1.447458939E0,6.845756364E-1,-7.558262980E-1
2.875841542E0,1.565558662E0,8.257853097E-1,-5.787505348E-1
2.885862542E0,1.796445327E0,8.412751687E-1,-5.370338671E-1
2.895883542E0,2.131622931E0,7.658156812E-1,-5.649297635E-1
2.905904542E0,2.312000763E0,6.338311601E-1,-4.321804266E-1
2.915926542E0,2.304447330E0,5.693293548E-1,-9.063768983E-2
2.925947542E0,2.182187313E0,4.815375048E-1,1.577102235E-1
2.935968542E0,1.959851616E0,2.196418852E-1,3.659189017E-1
2.945989542E0,1.663311828E0,3.685090721E-2,5.019355166E-1
2.956011542E0,1.298020479E0,-4.182279468E-2,5.843580146E-1
2.966032542E0,8.288363868E-1,-1.260747403E-1,6.569870111E-1
2.976053542E0,2.651367313E-1,-3.175359696E-1,6.990241063E-1
2.986074542E0,-3.013508767E-1,-4.898873287E-1,6.622378108E-1
2.996095542E0,-6.797130919E-1,-5.199022561E-1,6.610590121E-1
3.006117542E0,-8.025642622E-1,-3.637874454E-1,5.737264609E-1
3.016138542E0,-6.734226573E-1,-3.052117932E-1,5.261735411E-1
3.026159542E0,-5.256524080E-1,-3.793147266E-1,6.627434488E-1
3.036180542E0,-5.686323667E-1,-3.809402525E-1,6.963487127E-1
3.046202542E0,-5.988683188E-1,-4.021077579E-1,6.136934955E-1
3.056223542E0,-5.671647155E-1,-4.140927958E-1,5.211357263E-1
3.066244542E0,-5.433922756E-1,-3.881568861E-1,3.772869122E-1
3.076265542E0,-4.474055529E-1,-3.695381820E-1,2.851052651E-1
3.086286542E0,-3.757145959E-1,-3.944215930E-1,3.137194920E-1
3.096308542E0,-2.756851083E-1,-3.474474013E-1,3.536887193E-1
3.106329542E0,-1.823296326E-1,-2.171310908E-1,3.618970406E-1
3.116350542E0,-1.272009140E-1,-1.023139948E-1,4.144414361E-1
3.126371542E0,-6.233424246E-2,-9.970789075E-2,4.274843815E-1
3.136393542E0,1.225915539E-1,-1.792329472E-1,4.055383193E-1
3.146414542E0,2.861095244E-1,-1.723583758E-1,2.492458995E-1
3.156435542E0,4.019159693E-1,-5.797455847E-2,1.281779838E-1
3.166456542E0,4.850680536E-1,1.381281906E-1,4.761504650E-2
3.176477542E0,3.960459495E-1,3.567549992E-1,-7.921661586E-3
3.186499542E0,2.404316604E-1,4.829694879E-1,-1.916834235E-2
3.196520542E0,1.542296684E-1,3.817138392E-1,6.420593619E-2
3.206541542E0,4.573809028E-2,1.493525058E-1,4.276799709E-2
3.216562542E0,-1.467241824E-1,-1.241393119E-1,-2.775965631E-3
3.226583542E0,-2.514174092E-1,-3.485694820E-1,-3.277978331E-2
3.236605542E0,-2.264994997E-1,-2.287021458E-1,-4.967882127E-2
3.246626542E0,-1.260250390E-1,1.626502436E-1,-2.962930351E-2
3.256647542E0,-9.221643806E-2,3.028179431E-1,2.202792317E-2
3.266668542E0,-4.897627831E-2,1.232733393E-1,1.031609640E-1
3.276690542E0,8.037290275E-2,-2.961679047E-1,1.546117839E-1
3.286711542E0,2.403275800E-1,-1.427241021E-1,4.547195426E-1
3.296732542E0,2.587141496E-1,4.561676055E-1,5.311099067E-1
3.306753542E0,3.285158712E-1,5.661853069E-1,2.969182487E-1
3.316774542E0,4.906123835E-1,2.806669360E-1,1.256250894E-1
3.326796542E0,2.789928782E-1,-6.904509187E-2,-7.177164853E-3
3.336817542E0,-6.940469563E-2,-1.014755040E-1,2.191820017E-1
3.346838542E0,-5.382888258E-2,1.755421847E-1,4.154481804E-1
3.356859542E0,9.643871248E-2,3.981608874E-1,4.626881281E-1
3.366881542E0,1.665386420E-1,4.654237479E-1,4.282369182E-1
3.376902542E0,1.706135666E-1,3.542366034E-1,3.597758169E-1
3.386923542E0,2.173252183E-1,1.583332443E-1,3.228377862E-1
3.396944542E0,3.475339401E-1,-4.249931753E-2,3.470076907E-1
3.406965542E0,4.037894171E-1,-1.384041792E-1,3.818503717E-1
3.416987542E0,3.080447692E-1,-6.318384290E-2,3.790059936E-1
3.427008542E0,6.197463870E-2,1.919389468E-1,3.310927391E-1
3.437029542E0,-2.305253077E-1,4.302007055E-1,2.575957234E-1
3.447050542E0,-3.623811901E-1,5.358943909E-1,2.274952805E-1
3.457071542E0,-1.819495636E-1,4.376670152E-1,1.910321899E-1
3.467093542E0,7.678095818E-2,1.545027333E-1,2.183538897E-1
3.477114542E0,1.658328831E-1,-1.366301340E-1,2.872339439E-1
3.487135542E0,1.141300482E-1,-2.102307916E-1,2.668330085E-1
3.497156542E0,6.070696235E-2,-1.526070660E-1,1.848456895E-1
3.507178542E0,8.220600486E-2,-1.193954659E-1,5.389978006E-2
3.517199542E0,1.139914691E-1,-2.010798991E-1,-1.542435555E-1
3.527220542E0,5.405049205E-2,-3.045007718E-1,-3.177537784E-1
3.537241542E0,-8.765853345E-2,-3.676717508E-1,-3.696270597E-1
3.547262542E0,-2.352445954E-1,-4.032473803E-1,-4.125407986E-1
3.557284542E0,-3.802707464E-1,-3.658708084E-1,-4.859118068E-1
3.567305542E0,-4.512576985E-1,-2.521524042E-1,-6.373709182E-1
3.577326542E0,-3.829060864E-1,-1.840434515E-1,-6.878380904E-1
3.587347542E0,-2.330665076E-1,-1.635933995E-1,-6.041612184E-1
3.597368542E0,5.301027238E-2,-1.677917004E-1,-4.899744523E-1
3.607390542E0,4.087998962E-1,-1.347765666E-1,-2.595672584E-1
3.617411542E0,8.554634374E-1,1.815034211E-2,-4.454277322E-2
3.627432542E0,1.350810311E0,2.254411536E-1,5.584105566E-2
3.637453542E0,1.686890141E0,2.646139902E-1,1.712839499E-1
3.647475542E0,1.816873160E0,1.223529875E-1,2.568730076E-1
3.657496542E0,1.651410990E0,4.586439013E-2,2.331204481E-1
3.667518042E0,1.220237893E0,1.240521884E-1,2.555793111E-1
3.677539042E0,5.977836603E-1,3.921031719E-1,2.678913546E-1
3.687560042E0,-2.237203181E-1,7.213785964E-1,2.097312932E-1
3.697582042E0,-1.002663583E0,9.141917020E-1,3.306936666E-2
3.707603042E0,-1.449579139E0,8.709071034E-1,-2.148034604E-1
3.717624042E0,-1.610547724E0,6.609710115E-1,-3.717029674E-1
3.727645042E0,-1.651302817E0,3.244462091E-1,-3.778975077E-1
3.737667042E0,-1.560062864E0,1.078986704E-2,-3.133933635E-1
3.747688042E0,-1.371454491E0,-2.251762748E-1,-2.919022147E-1
3.757709042E0,-9.733205009E-1,-4.188383961E-1,-4.301936889E-1
3.767730042E0,-3.235258573E-1,-5.179849541E-1,-4.495443182E-1
3.777751042E0,2.479166812E-1,-3.948794299E-1,-1.709502201E-1
3.787773042E0,6.531047523E-1,1.227745718E-1,1.119708176E-1
3.797794042E0,1.137874598E0,7.835040933E-1,3.639600845E-1
3.807815042E0,1.726103323E0,1.306005437E0,6.604528020E-1
3.817836042E0,2.257164990E0,1.292145782E0,7.574915850E-1
3.827857042E0,2.391156276E0,7.817546064E-1,7.241621634E-1
3.837879042E0,2.054285318E0,1.811560965E-1,7.157132292E-1
3.847900042E0,1.418752034E0,-3.595581543E-1,6.655451421E-1
3.857921042E0,6.829430938E-1,-8.889252985E-1,4.380792439E-1
3.867942042E0,2.452772480E-1,-1.161088044E0,2.841746807E-3
3.877963042E0,-3.237603307E-2,-1.090592843E0,-5.526133347E-1
3.887985042E0,-2.901300699E-1,-8.327867657E-1,-1.062801758E0
3.898006042E0,-5.444973993E-1,-5.885567540E-1,-1.318323766E0
3.908027042E0,-7.255494153E-1,-4.203118944E-1,-1.137801508E0
3.918048042E0,-8.613018823E-1,-4.110680312E-1,-7.866633439E-1
3.928070042E0,-7.905692840E-1,-4.733145654E-1,-3.784576710E-1
3.938091042E0,-4.626363802E-1,-5.393331385E-1,9.010910153E-2
3.948112042E0,1.080565453E-2,-6.067696613E-1,5.176493239E-1
3.958133042E0,5.220259649E-1,-6.331107831E-1,9.342619774E-1
3.968154042E0,8.585267937E-1,-6.420038134E-1,1.298953987E0
3.978176042E0,9.947458684E-1,-5.825937635E-1,1.491890177E0
3.988197042E0,8.952297664E-1,-4.533299518E-1,1.378353767E0
3.998218042E0,6.865747994E-1,-3.126821959E-1,1.125633452E0
4.008239042E0,5.740544897E-1,-8.702469528E-2,1.028293684E0
4.018260042E0,4.497526252E-1,2.190478081E-1,9.493434083E-1
4.028282042E0,4.118480498E-1,3.888410103E-1,7.782161638E-1
4.038303042E0,3.703164464E-1,4.918981862E-1,4.876731344E-1
4.048324042E0,1.924850768E-1,4.423769474E-1,6.128481343E-2
4.058345042E0,-2.409842223E-1,1.911267686E-1,-2.102516954E-1
4.068366042E0,-7.505708206E-1,-1.813496393E-1,-3.192987590E-1
4.078388042E0,-1.192337319E0,-4.846628416E-1,-4.901239948E-1
4.088409042E0,-1.546003234E0,-6.823156875E-1,-5.671961443E-1
4.098430042E0,-1.777590396E0,-6.946878111E-1,-4.963619506E-1
4.108451042E0,-1.807907624E0,-3.848035079E-1,-4.649096315E-1
4.118473042E0,-1.585149758E0,1.268646991E-1,-3.845069079E-1
4.128494042E0,-1.158102456E0,5.383338493E-1,-7.563841224E-2
4.138515042E0,-6.269869941E-1,6.986136317E-1,2.593390708E-1
4.148536042E0,-6.164017797E-2,5.279521179E-1,4.574075076E-1
4.158557042E0,4.393761563E-1,2.742829460E-1,6.975541162E-1
4.168579042E0,9.349996036E-1,1.083301950E-1,9.968907733E-1
4.178600042E0,1.446091860E0,4.211574018E-2,1.235506142E0
4.188621042E0,1.912824799E0,5.834644139E-2,1.347985522E0
4.198642042E0,2.213436588E0,1.117853147E-1,1.279821020E0
4.208663042E0,2.395080342E0,1.645616984E-1,1.126498840E0
4.218685042E0,2.289672586E0,1.473311234E-1,9.501047158E-1
4.228706042E0,1.869207494E0,1.028911150E-1,7.418900442E-1
4.238727042E0,1.346117336E0,1.417891324E-1,4.717887345E-1
4.248748042E0,9.322987747E-1,2.189577609E-1,1.519325897E-1
4.258770042E0,6.442368650E-1,2.418016630E-1,-1.221635377E-1
4.268791042E0,4.600326151E-1,2.124328530E-1,-3.213806601E-1
4.278812042E0,4.034496939E-1,7.000169635E-2,-4.593362117E-1
4.288833042E0,3.914810282E-1,-8.989100039E-2,-4.884565151E-1
4.298854042E0,2.988757503E-1,-1.745212609E-1,-4.443093060E-1
4.308876042E0,2.262480694E-1,-1.535256636E-1,-3.687442763E-1
4.318897042E0,3.486513430E-1,3.895064235E-2,-3.167132664E-1
4.328918042E0,7.167704058E-1,3.696159500E-1,-2.903866164E-1
4.338939042E0,1.181633990E0,6.223793882E-1,-1.167934549E-1
4.348960042E0,1.639755735E0,7.465941292E-1,1.547524095E-1
4.358982042E0,1.993897614E0,6.951783925E-1,4.103669500E-1
4.369003042E0,2.294340418E0,5.051912463E-1,5.745545729E-1
4.379024042E0,2.401824521E0,2.466314632E-1,4.435420051E-1
4.389045042E0,2.304499370E0,-1.429457116E-1,2.085622886E-1
4.399066042E0,1.907061784E0,-5.898501581E-1,-1.745730087E-2
4.409088042E0,1.249181026E0,-9.296686971E-1,-7.521273494E-2
4.419109042E0,5.892613435E-1,-9.888191307E-1,6.420615546E-2
4.429130042E0,8.522784591E-2,-7.031399614E-1,2.583391969E-1
4.439151042E0,-1.625040632E-1,-2.491907895E-2,3.257542312E-1
4.449173042E0,-1.371826959E-1,6.624135196E-1,1.995314833E-1
4.459194042E0,5.395810604E-3,9.545678955E-1,-4.125101008E-2
4.469215042E0,1.225593942E-1,7.563303280E-1,-3.591371548E-1
4.479236042E0,2.063447320E-1,1.943637872E-1,-4.786320233E-1
4.489257042E0,2.361672860E-1,-4.578340620E-1,-3.098591602E-1
4.499279042E0,3.153064263E-1,-1.115109048E0,-7.028704047E-2
4.509300042E0,5.205717623E-1,-1.491444619E0,1.495074570E-1
4.519321042E0,7.015185285E-1,-1.424148429E0,5.450540908E-1
4.529342042E0,8.727326041E-1,-1.109313288E0,8.499863505E-1
4.539363042E0,1.122577697E0,-6.186424327E-1,7.304634154E-1
4.549385042E0,1.613409936E0,1.724741507E-1,3.632875085E-1
4.559406042E0,2.139796169E0,1.109060689E0,-3.711109003E-2
4.569427042E0,2.494485932E0,1.658270944E0,-2.919210903E-1
4.579448042E0,2.655449546E0,1.666032538E0,-2.731865931E-1
4.589469042E0,2.619021100E0,1.370174536E0,-2.909106275E-2
4.599491042E0,2.530910870E0,8.955501938E-1,3.053363389E-1
4.609512042E0,2.523728735E0,3.670139390E-1,7.117423850E-1
4.619533042E0,2.496426038E0,-8.742464483E-2,1.184281610E0
4.629554042E0,2.495972587E0,-9.601186574E-2,1.711958324E0
4.639575042E0,2.595941556E0,2.515922409E-1,1.845308170E0
4.649597042E0,2.587584423E0,4.929816753E-1,9.125965816E-1
4.659618042E0,2.639936591E0,5.571496046E-1,-4.554653549E-1
4.669638417E0,2.582433026E0,7.387699699E-1,-1.763009194E0
4.679659417E0,1.753324158E0,7.255786514E-1,-2.733954556E0
4.689681417E0,8.548746228E-2,6.229179168E-1,-2.751048891E0
4.699702417E0,-1.539470140E0,7.779024607E-1,-2.543811874E0
4.709723417E0,-2.369406973E0,1.012305057E0,-2.289688373E0
4.719744417E0,-1.955507135E0,1.281920756E0,-1.319878541E0
4.729765417E0,-5.264125460E-1,1.350183490E0,-1.180060505E0
4.739787417E0,4.487843263E-1,6.111696911E-1,-1.342794948E0
4.749808417E0,3.375457263E-1,-3.114881945E-1,-6.478258860E-1
4.759829417E0,6.463950723E-2,-1.064540573E0,-1.157005372E-1
4.769850417E0,-2.295789358E-1,-1.339142777E0,-3.456159803E-1
4.779871417E0,-7.003017229E-1,-1.137488682E0,-8.017930144E-1
4.789893417E0,-1.297769049E0,-8.118075407E-1,-8.678373152E-1
4.799914417E0,-1.860926375E0,-1.743528610E-1,-1.071016219E-1
4.809935417E0,-2.138076211E0,4.062253672E-1,-3.251536491E-1
4.819956417E0,-2.620945127E0,6.612206876E-2,-5.923428261E-1
4.829977417E0,-3.274481404E0,-6.211619979E-1,-1.929294652E-1
4.839999417E0,-3.259947272E0,-1.176688415E0,-3.629484431E-1
4.850020417E0,-2.697721699E0,-1.469295951E0,1.550096869E-3
4.860041417E0,-1.801616605E0,-1.724819275E0,8.871945957E-1
4.870062417E0,-9.279700810E-1,-2.018016794E0,8.545325607E-1
4.880083417E0,-2.244480041E-1,-2.015438172E0,1.688786978E-1
4.890105417E0,2.201365596E-1,-1.689178741E0,-8.395497284E-1
4.900126417E0,8.453538939E-2,-1.384771525E0,-1.469292004E0
4.910147417E0,-3.126450661E-1,-1.270118151E0,-9.025780354E-1
4.920168417E0,-7.110164532E-1,-8.152351785E-1,-2.058329545E-2
4.930190417E0,-9.874900585E-1,-1.086336654E-1,-2.642175490E-1
4.940211417E0,-1.451870225E0,1.424486983E-1,2.610155406E-1
4.950232417E0,-1.692358603E0,2.620546639E-2,6.260064161E-1
4.960253417E0,-1.441340120E0,-3.617672324E-3,9.189997943E-1
4.970274417E0,-8.641958155E-1,8.313629687E-2,2.762036832E-1
4.980296417E0,-6.927393727E-1,-2.935027438E-1,1.843515267E-1
4.990317417E0,-2.493701528E-1,-6.930605310E-1,7.307861086E-1
5.000338417E0,5.125563991E-1,-9.720241731E-1,6.252959063E-1
5.010359417E0,7.749765140E-1,-9.381027210E-1,4.190968430E-1
5.020381417E0,5.934191523E-1,-4.273858559E-1,8.324704313E-1
5.030402417E0,3.690284510E-1,6.991164923E-2,1.054717836E0
5.040423417E0,1.523101737E-1,8.320465082E-1,1.022964166E-1
5.050444417E0,-4.308190486E-1,1.660380619E0,-7.921350952E-1
5.060465417E0,-1.102329374E0,1.519922313E0,-8.250929993E-1
5.070487417E0,-1.191666643E0,2.596859568E-1,-6.166795224E-1
5.080508417E0,-3.742384663E-1,-8.484122801E-1,-4.810579966E-1
5.090529417E0,6.573355052E-1,-1.104852448E0,-2.248289502E-1
5.100550417E0,1.564964439E0,-2.471366626E-1,6.975547010E-1
5.110571417E0,2.739840363E0,1.008376313E0,1.152452876E0
5.120593417E0,3.380698707E0,1.339483085E0,1.227494287E-1
5.130614417E0,2.459795863E0,5.196882480E-1,-5.853186025E-1
5.140635417E0,1.029247949E0,-4.393375647E-1,-2.101343125E-1
5.150656417E0,-1.947271916E-1,-8.272003359E-1,-1.412632484E-2
5.160678417E0,-1.243292879E0,-4.669077712E-1,1.093862386E-1
5.170699417E0,-1.587093665E0,5.821885514E-1,7.339495254E-1
5.180720417E0,-1.018004777E0,1.392177608E0,3.988695699E-1
5.190741417E0,-1.112692979E-1,1.292415923E0,-6.647816420E-1
5.200762417E0,5.232771228E-1,1.808613968E-1,-6.207117623E-1
5.210784417E0,7.183114395E-1,-1.112386585E0,-4.235021353E-2
5.220805417E0,5.714388840E-1,-1.731447678E0,4.325448543E-1
5.230826417E0,5.069426335E-1,-1.365689136E0,5.358382577E-1
5.240847417E0,4.804116234E-1,-7.361205965E-1,-2.974186242E-2
5.250868417E0,4.885116251E-1,-3.852905810E-1,1.632314934E-1
5.260890417E0,2.426253895E-1,-4.485089225E-1,-1.064298133E-1
5.270911417E0,-2.250634235E-1,-5.433957839E-1,-2.123574604E-1
5.280932417E0,-6.055864772E-1,-3.246689880E-1,1.178261097E-1
5.290953417E0,-1.341075428E0,-8.675630808E-2,1.755696666E-1
5.300974417E0,-1.865357834E0,-9.271871388E-2,5.494494428E-1
5.310996417E0,-1.561560482E0,-2.676837784E-1,6.120789331E-1
5.321017417E0,-9.799842802E-1,-4.030889207E-1,6.083384693E-2
5.331038417E0,-2.707963975E-1,-2.012880599E-1,6.104183239E-1
5.341059417E0,4.084097408E-1,4.476043582E-3,1.026915495E0
5.351081417E0,7.551475824E-1,-2.516010118E-1,1.151250688E0
5.361102417E0,4.803934970E-1,-8.119344252E-1,1.219108796E0
5.371123417E0,-1.030834883E-1,-8.834236532E-1,1.100823716E0
5.381144417E0,-4.609656845E-1,-8.744779980E-1,1.004974403E0
5.391165417E0,-5.756393775E-1,-9.275876731E-1,6.082062856E-1
5.401187417E0,-5.782864121E-1,-6.940218133E-1,5.002602162E-1
5.411208417E0,-9.712926865E-2,-1.241866744E-1,8.698481727E-1
5.421229417E0,6.168523076E-1,3.617438436E-2,2.696127748E-1
5.431250417E0,1.153560631E0,-2.523208040E-1,5.502850099E-1
5.441272417E0,1.268508558E0,-5.109308732E-1,1.044577010E0
5.451293417E0,1.063139288E0,-7.733235061E-1,1.150875882E0
5.461314417E0,7.704067688E-1,-3.499535179E-1,7.636393476E-1
5.471335417E0,-6.280962110E-2,8.914559734E-1,1.136515997E-2
5.481356417E0,-5.599572913E-1,1.188293969E0,1.423749868E-1
5.491378417E0,-4.765224941E-1,5.521057963E-2,-1.714176319E-1
5.501399417E0,-4.844919567E-1,-1.288259137E0,-2.297084516E-1
5.511420417E0,-1.121514673E0,-1.932278486E0,-1.961665203E-1
5.521441417E0,-1.930299496E0,-1.893716683E0,1.711309721E-1
5.531462417E0,-2.068887862E0,-1.185381471E0,-4.225467733E-1
5.541484417E0,-1.541620599E0,2.190261734E-1,-7.395540816E-1
5.551505417E0,-7.153957254E-1,1.292618237E0,-1.418424882E-2
5.561526417E0,-1.011722528E-1,1.033096002E0,-5.128313644E-1
5.571547417E0,5.239309877E-1,3.862746674E-1,-1.206249599E0
5.581569417E0,9.027614187E-1,2.189647776E-1,-5.911523330E-1
5.591590417E0,1.218624865E0,2.858744663E-1,-3.345703706E-3
5.601611417E0,1.479437361E0,1.393239462E-1,7.707805520E-1
5.611632417E0,1.224837897E0,6.337036908E-2,8.631442668E-1
5.621653417E0,4.971403612E-1,3.196298575E-1,7.354393959E-2
5.631675417E0,-3.542817000E-1,7.144063765E-1,1.532730639E-2
5.641696417E0,-1.095148043E0,5.632383102E-1,9.925823987E-2
5.651717417E0,-1.360009882E0,-1.981796801E-1,2.772941890E-1
5.661738542E0,-1.015521903E0,-1.092767422E0,6.932633563E-1
5.671760542E0,-4.785794715E-1,-1.434337787E0,1.136437279E0
5.681781542E0,8.430785961E-2,-1.225339589E0,5.728112986E-1
5.691802542E0,7.002679552E-1,-9.366362393E-1,9.597970605E-2
5.701823542E0,1.031757866E0,-3.243883216E-1,3.059736854E-1
5.711844542E0,5.776734777E-1,8.437374312E-1,-3.110256797E-1
5.721866542E0,-9.193270192E-2,1.230749432E0,3.517268322E-2
5.731887542E0,-2.234723961E-1,5.781832087E-1,2.843692468E-1
5.741908542E0,1.678026639E-2,-2.215685427E-1,6.592530265E-1
5.751929542E0,4.744533107E-2,-8.116087353E-1,1.188996147E0
5.761951542E0,-1.256245047E-1,-5.974632329E-1,3.716385019E-1
5.771972542E0,-8.473010167E-2,1.777231961E-1,-1.443854423E-1
5.781993542E0,1.748802068E-1,5.483992463E-1,1.667041183E-3
5.792014542E0,3.483811285E-1,9.325513744E-1,-1.062567723E-1
5.802035542E0,2.862046147E-1,6.115749031E-1,-2.395452225E-1
5.812057542E0,2.026293381E-1,-5.264792043E-1,-8.310183484E-2
5.822078542E0,6.853502463E-1,-6.085086232E-1,-3.302573182E-2
5.832099542E0,6.156664192E-1,5.079020154E-1,-1.173998477E-1
5.842120542E0,6.346407071E-2,1.516123962E0,-4.812159810E-1
5.852142542E0,3.675450124E-2,1.613519863E0,-7.987243956E-1
5.862163542E0,3.646705212E-1,5.487424779E-1,-6.965279299E-1
5.872184542E0,5.629094043E-1,-8.505418360E-1,8.256147902E-2
5.882205542E0,7.826905263E-1,-1.180962730E0,8.871698912E-1
5.892226542E0,1.095473002E0,8.058340251E-2,-5.097631842E-1
5.902248542E0,1.220651656E0,1.522413227E0,-7.185426968E-1
5.912269542E0,1.364251745E0,1.437471310E0,-5.633161513E-1
5.922290542E0,1.480210071E0,2.864124101E-1,-7.586703837E-1
5.932311542E0,1.127098545E0,-3.446869308E-1,-4.588759627E-1
5.942333542E0,4.264845076E-1,-1.753726155E-1,3.852975976E-1
5.952354542E0,2.925100328E-1,3.088891071E-1,-1.439362299E-1
5.962375542E0,4.314066207E-1,4.110592604E-1,-7.338939768E-1
5.972396542E0,4.631830949E-1,2.170433825E-1,2.261597399E-1
5.982418542E0,9.160332826E-1,-9.023657084E-2,3.079148879E-1
5.992439542E0,1.462513765E0,-3.685880095E-1,2.610827836E-1
6.002460542E0,1.353747075E0,-3.990245211E-1,8.692171119E-2
6.012481542E0,9.366201594E-1,-2.541316867E-2,1.479385760E-1
6.022502542E0,1.355376256E0,3.660462248E-1,2.454982728E-1
6.032524542E0,2.245960848E0,5.436244100E-1,-4.634444654E-1
6.042545542E0,2.783447728E0,-9.848231435E-2,2.828794494E-1
6.052566542E0,3.128995077E0,-7.735275739E-1,6.256215962E-1
6.062587542E0,3.630983511E0,-4.806908280E-1,1.176038059E-1
6.072609542E0,4.178084383E0,-7.431811094E-4,4.430850452E-1
6.082630542E0,4.452442758E0,9.482645971E-1,1.185160885E0
6.092651542E0,4.744921654E0,3.039888480E0,1.067680528E0
6.102672542E0,4.614949160E0,4.085131488E0,2.743675844E-1
6.112693542E0,3.838676611E0,2.973522583E0,1.704695790E-1
6.122715542E0,2.330970447E0,1.050216064E0,-3.199029225E-1
6.132736542E0,4.494056295E-1,3.335245961E-1,-1.386265196E-1
6.142757542E0,-7.614433526E-1,1.816547470E0,1.555901839E0
6.152778542E0,-5.504570642E-1,4.400437914E0,3.377087174E0
6.162800542E0,1.150008886E0,6.011377401E0,4.141616468E0
6.172821542E0,2.708896606E0,5.084980221E0,2.943231082E0
6.182842542E0,2.728233055E0,3.044601921E0,3.288971096E-1
6.192863542E0,6.093864365E-1,1.894664517E0,-7.663714591E-1
6.202885542E0,-3.239586682E0,1.399506508E0,-2.253759864E0
6.212906542E0,-6.123527582E0,1.071012856E0,-3.619826438E0
6.222927542E0,-6.252317185E0,-3.306360716E-1,-1.699336524E0
6.232948542E0,-3.714271835E0,-2.456711749E0,-3.317455807E-1
6.242969542E0,6.944574308E-1,-4.631470175E0,-1.534790028E0
6.252991542E0,5.073499213E0,-5.779823568E0,-2.802859899E0
6.263012542E0,6.877636553E0,-6.504950230E0,-2.628107674E0
6.273033542E0,6.884608773E0,-6.439498837E0,-1.503186705E0
6.283054542E0,6.385547748E0,-4.298005806E0,-3.676606411E-1
6.293076542E0,5.988601327E0,-1.622222275E-1,8.103656173E-2
6.303097542E0,7.859023873E0,5.210853233E0,1.675307391E0
6.313118542E0,1.038126011E1,1.130843204E1,6.855424150E0
6.323139542E0,5.574755284E0,1.744204081E1,1.201380739E1
6.333160542E0,-1.847989118E0,1.930064847E1,1.326199965E1
6.343182542E0,-2.892025845E0,1.384539273E1,1.200232931E1
6.353203542E0,-2.975841004E0,8.449382738E0,1.109700257E1
6.363224542E0,-3.586773883E0,6.685682988E0,8.553585969E0
6.373245542E0,-4.441575415E0,6.620882390E0,2.881236270E0
6.383267542E0,-6.105122886E0,7.984888698E0,-4.021629849E0
6.393288542E0,-8.841046200E0,1.114277574E1,-1.257183642E1
6.403309542E0,-9.494914598E0,1.352134823E1,-1.423627442E1
6.413330542E0,-7.912273881E0,9.664414271E0,-4.884937911E0
6.423352542E0,-1.900441332E1,6.998121940E0,2.280449772E0
6.433373542E0,-3.242939008E1,-3.760346140E0,3.409265864E-1
6.443394542E0,-3.315962078E1,-1.005705539E1,7.026850480E-1
6.453415542E0,-2.268855562E1,-5.731864121E0,5.710659778E-1
6.463436542E0,-1.038897258E1,-7.884709522E0,-5.511939231E-1
6.473458542E0,-1.854970694E-1,-1.404126510E1,-3.432954396E0
6.483479542E0,1.169643105E1,-1.352080561E1,-6.133130465E0
6.493500542E0,2.066931325E1,-7.910247821E0,-7.552544988E0
6.503521542E0,1.750906978E1,-5.403318429E0,-6.952762164E0
6.513542542E0,1.128806619E1,-7.177791674E0,4.560699570E-1
6.523564542E0,8.972729589E0,-6.936763598E0,6.542636120E0
6.533585542E0,7.209984689E0,-3.298729807E0,5.476617955E0
6.543606542E0,4.837038397E0,-6.026853812E-1,1.471215591E0
6.553627542E0,2.511801292E0,1.403694576E0,-1.677168560E0
6.563649542E0,-4.374769807E-2,3.535934097E0,-4.617681856E0
6.573670542E0,-5.012692848E0,4.372962433E0,-4.492792054E0
6.583691542E0,-9.888084887E0,3.477191799E0,-9.511379188E-1
6.593712542E0,-1.116179206E1,1.454613592E0,1.450615266E0
6.603734542E0,-7.980423179E0,-4.482621700E-1,4.980845404E-1
6.613755542E0,-3.540512466E0,-1.018618296E0,-1.334657963E0
6.623776542E0,1.643541223E-1,-6.835500348E-1,-2.026594074E0
6.633797542E0,2.649972752E0,-4.968016613E-1,-1.261465733E0
6.643818542E0,4.116275513E0,-5.929085442E-1,3.568292588E-1
6.653840542E0,4.489015045E0,-6.931049699E-1,1.049980422E0
6.663861542E0,3.800004296E0,-6.262405971E-1,8.417485008E-1
6.673882542E0,2.782181806E0,1.054311454E-2,3.768738064E-1
6.683903542E0,2.095058538E0,9.773960102E-1,3.412464291E-2
6.693925542E0,2.195743498E0,1.606000637E0,4.119550538E-1
6.703946542E0,2.870100541E0,1.796448251E0,3.199374211E-1
6.713967542E0,2.578179469E0,1.424514465E0,3.051661849E-2
6.723988542E0,1.106510133E0,2.937085658E-1,5.574747097E-1
6.734010542E0,-1.767847180E-2,-8.576555586E-1,9.937576890E-1
6.744031542E0,-2.459385681E-1,-1.310851609E0,5.143918401E-1
6.754052542E0,-9.490557253E-2,-1.243950691E0,1.154944959E-1
6.764073542E0,-6.859368682E-2,-9.360503483E-1,-4.183215022E-2
6.774095542E0,-2.184274185E-1,-5.776645607E-1,2.005770385E-1
6.784116542E0,3.146679103E-2,-2.708231485E-1,8.277183992E-1
6.794137542E0,5.858348751E-1,-2.425606316E-1,1.059644700E0
6.804158542E0,1.213480266E0,-3.716440567E-1,1.585262024E0
6.814179542E0,1.702537290E0,-6.308330002E-1,1.752996422E0
6.824201542E0,1.707052510E0,-1.100277294E0,1.473499514E0
6.834222542E0,1.971101074E0,-1.133858145E0,8.058778793E-1
6.844243542E0,2.364249728E0,-6.126730102E-1,-5.527256012E-2
6.854264542E0,2.444083518E0,-1.134029469E-1,-3.079517984E-1
6.864286542E0,1.896778286E0,-2.672010908E-1,1.252996919E-1
6.874307542E0,1.126074917E0,-6.494256842E-1,1.458761022E0
6.884328542E0,1.077010930E0,-7.150484008E-1,1.896657541E0
6.894349542E0,1.564262334E0,-7.531017879E-1,1.008934137E0
6.904371542E0,1.877976564E0,-6.357888079E-1,-3.737891078E-2
6.914392542E0,2.156955408E0,-6.018781731E-1,-7.140488192E-1
6.924413542E0,2.319562383E0,-5.461162010E-1,-1.448374028E0
6.934434542E0,2.604005451E0,-3.349825993E-1,-1.776191157E0
6.944456542E0,2.658500331E0,-3.952369872E-1,-1.550327250E0
6.954477542E0,1.932255682E0,-3.436043188E-1,-1.263018461E0
6.964498542E0,2.041689246E0,1.725846630E-1,-9.127474397E-1
6.974519542E0,2.079830049E0,6.012329328E-1,-7.801486686E-1
6.984541542E0,1.730599832E0,6.813242921E-1,-4.462586215E-1
6.994562542E0,9.780579150E-1,6.605421183E-1,-2.884717995E-1
7.004583542E0,1.194480908E0,3.101471356E-1,-6.206234694E-1
7.014604542E0,1.315526458E0,-7.888466942E-1,-9.031805179E-1
7.024625542E0,5.365562958E-1,-1.467936765E0,-1.823787493E0
7.034647542E0,-1.411026692E-1,-1.537369820E0,-2.060871037E0
7.044668542E0,-8.147393346E-2,-1.316572817E0,-1.609489378E0
7.054689542E0,8.268378085E-1,-6.495829743E-1,-1.514835235E0
7.064710542E0,1.647894475E0,-4.916923642E-2,-1.516601679E0
7.074732542E0,2.160273703E0,-8.814502180E-2,-1.560740264E0
7.084753542E0,2.620475888E0,-6.856828067E-1,-1.848534079E0
7.094774542E0,2.506221879E0,-9.722267792E-1,-1.859659576E0
7.104795542E0,1.979502354E0,-5.545072478E-1,-9.952118915E-1
7.114817542E0,1.652973951E0,2.867538875E-1,5.213792628E-1
7.124838542E0,1.446487716E0,8.004925936E-1,2.104107396E0
7.134859542E0,2.040756031E0,9.168670955E-1,3.129257324E0
7.144880542E0,3.538473542E0,1.571699700E0,2.697681354E0
7.154902542E0,4.470181748E0,2.690128213E0,1.467041849E0
7.164923542E0,4.310467392E0,3.920476234E0,1.130362095E0
7.174944542E0,2.728877419E0,5.262607523E0,1.861735922E0
7.184965542E0,3.424059319E-1,6.494165626E0,1.511801115E0
7.194987542E0,-1.245658078E0,7.049837639E0,5.183416343E-1
7.205008542E0,-2.603761037E0,7.492349657E0,7.210365343E-1
7.215029542E0,-4.547017670E0,7.119147609E0,7.101908264E-1
7.225050542E0,-7.289306847E0,6.004540252E0,-9.197728693E-2
7.235072542E0,-9.869019456E0,4.991566858E0,-1.225314153E0
7.245093542E0,-1.240134564E1,3.281884271E0,-1.743285951E0
7.255114542E0,-1.496574264E1,1.194971197E0,-1.484628519E0
7.265135542E0,-1.630793123E1,-4.917110753E-1,-4.603743848E-1
7.275157542E0,-1.492914141E1,-2.050276175E0,1.870816648E-2
7.285178542E0,-1.104836543E1,-2.894196624E0,-6.085814211E-1
7.295199542E0,-6.498936369E0,-2.351117467E0,-1.527980361E0
7.305220542E0,-1.939729008E0,-1.112928914E0,-2.743631698E0
7.315242542E0,2.623671976E0,-4.050658643E-2,-3.619756857E0
7.325263542E0,6.993310266E0,4.514243442E-1,-2.819037976E0
7.335284542E0,9.273675254E0,2.282168269E-1,-1.441158856E0
7.345305542E0,8.601298079E0,-1.041221293E0,5.458609700E-2
7.355327542E0,6.381723669E0,-2.851967740E0,1.325920469E0
7.365348542E0,4.740490342E0,-4.544280296E0,1.868312139E0
7.375369542E0,4.053683993E0,-5.713443637E0,1.670058346E0
7.385390542E0,3.601362101E0,-5.894455892E0,7.620553368E-1
7.395411542E0,2.744995269E0,-4.938915020E0,-3.274629338E-1
7.405433542E0,1.950439938E0,-3.166373987E0,-1.154463149E0
7.415454542E0,6.780326021E-1,-1.048719470E0,-1.034537340E0
7.425475542E0,-1.411638311E0,7.991477340E-1,-4.059014314E-1
7.435497542E0,-3.772229437E0,1.865836282E0,2.942909485E-1
7.445518542E0,-6.090169802E0,2.106062413E0,5.355251393E-1
7.455539542E0,-6.941156026E0,1.933530082E0,5.917575198E-1
7.465560542E0,-5.505509632E0,1.509334175E0,8.301163423E-1
7.475582542E0,-3.129176633E0,7.749279821E-1,9.008758378E-1
7.485603542E0,-5.810290486E-1,-4.900697619E-2,9.386625919E-1
7.495624542E0,1.564559957E0,-5.199975657E-1,7.465520293E-1
7.505645542E0,2.847304001E0,-6.208646670E-1,5.027979809E-1
7.515667542E0,3.774464827E0,-5.264371043E-1,1.430658719E-1
7.525688542E0,4.326226223E0,-2.528099236E-1,-3.726863229E-1
7.535709542E0,4.502746062E0,-1.597590879E-1,-3.693510711E-1
7.545730542E0,4.177833245E0,-3.488934177E-1,-1.197796279E-1
7.555751542E0,3.412150880E0,-5.422517762E-1,-7.399417520E-2
7.565773542E0,2.395880241E0,-7.292951417E-1,-7.587902516E-2
7.575794542E0,1.173040338E0,-7.691067865E-1,-1.823375264E-1
7.585815542E0,1.038699389E-2,-6.744491360E-1,-1.225178790E-1
7.595837542E0,-1.176408334E0,-5.970100737E-1,-2.373393604E-1
7.605858542E0,-2.179420411E0,-5.267043221E-1,-5.867175123E-1
7.615879542E0,-2.683418241E0,-3.651287967E-1,-8.554242611E-1
7.625900542E0,-2.459351183E0,-1.816773757E-1,-9.480406487E-1
7.635922542E0,-1.632898121E0,-7.242010474E-2,-9.344821250E-1
7.645943542E0,-6.107843596E-1,-1.306776685E-1,-6.111559501E-1
7.655964542E0,-1.018257523E-1,-5.009976232E-1,-3.429298425E-1
7.665987042E0,4.067907929E-3,-1.146851536E0,-4.061192402E-1
7.676009042E0,6.816917896E-2,-1.905003564E0,-8.483897683E-1
7.686030042E0,9.378290713E-2,-2.345102144E0,-1.219775086E0
7.696051042E0,3.060321575E-1,-2.091372161E0,-1.355534277E0
7.706072042E0,7.868229729E-1,-1.179888889E0,-1.731043343E0
7.716093042E0,1.226460500E0,-1.533484930E-1,-1.669837613E0
7.726115042E0,1.087723029E0,5.593127820E-1,-1.615602349E0
7.736136042E0,4.260912824E-1,9.000534269E-1,-1.845307293E0
7.746157042E0,-7.284578204E-2,9.530242306E-1,-1.618518063E0
7.756179042E0,-2.661944926E-1,7.647760463E-1,-8.057495329E-1
7.766200042E0,-2.238857943E-1,4.253691512E-1,2.576300758E-1
7.776221042E0,1.976282877E-1,2.291845411E-1,1.246146321E0
7.786242042E0,7.125118786E-1,4.591678119E-1,1.888427877E0
7.796264042E0,1.296542888E0,9.554069710E-1,1.919626865E0
7.806285042E0,1.106386172E0,1.512137623E0,1.198344456E0
7.816306042E0,7.857956171E-2,2.390229200E0,5.765375099E-1
7.826327042E0,1.546161693E-1,3.217425443E0,5.615069497E-1
7.836349042E0,9.437581480E-1,3.616728291E0,5.497046372E-1
7.846370042E0,4.862918758E-1,3.145520185E0,3.717183164E-1
7.856391042E0,-4.093805248E-1,2.196282319E0,1.527380437E-2
7.866412042E0,-8.035004014E-1,1.100655024E0,-9.642380208E-1
7.876434042E0,-8.492683125E-1,1.556923494E-1,-2.281898420E0
7.886455042E0,-9.549239910E-1,-2.413511351E-1,-3.434571444E0
7.896476042E0,-1.374093924E0,2.218413153E-1,-3.465621621E0
7.906497042E0,-1.828303297E0,1.566761142E0,-1.714229675E0
7.916519042E0,-1.822689970E0,2.875116282E0,6.895978099E-1
7.926540042E0,-4.679474062E-1,3.510382641E0,2.007140973E0
7.936561042E0,1.609398746E0,3.226119375E0,2.186351700E0
7.946582042E0,3.019985728E0,2.309998384E0,1.914763151E0
7.956604042E0,3.861607636E0,1.277292392E0,1.545310631E0
7.966625042E0,3.998168188E0,-1.943819135E-2,8.057863703E-1
7.976646042E0,3.161090151E0,-7.802773073E-1,5.081233326E-1
7.986667042E0,1.664937939E0,-1.007384040E0,7.105277722E-1
7.996689042E0,9.680474818E-2,-1.010632753E0,8.793528217E-1
8.006710042E0,-1.500409570E0,-1.148693993E0,6.840023169E-1
8.016731042E0,-2.612254702E0,-1.634175445E0,3.340023136E-1
8.026752042E0,-2.596811036E0,-2.470650050E0,1.090271831E-2
8.036774042E0,-1.862444020E0,-3.055164624E0,-3.357886380E-1
8.046795042E0,-7.308668733E-1,-2.957490394E0,-7.630288982E-1
8.056816042E0,8.186511219E-1,-1.977682115E0,-4.592353472E-1
8.066837042E0,1.949812531E0,-4.478519878E-1,4.611216590E-1
8.076859042E0,1.908304902E0,6.260643035E-1,1.151136375E0
8.086880042E0,1.038723362E0,8.329162815E-1,1.660048790E0
8.096901042E0,2.314982843E-1,4.333853915E-1,2.176373719E0
8.106922042E0,-4.706991059E-1,-5.705487916E-1,2.199181076E0
8.116944042E0,-1.212297959E0,-1.672990432E0,1.549795738E0
8.126965042E0,-1.581785855E0,-2.120355054E0,8.108833882E-1
8.136986042E0,-1.522576364E0,-1.795951530E0,4.453502566E-2
8.147007042E0,-1.207072302E0,-1.290597439E0,-6.066778600E-1
8.157029042E0,-9.125690997E-1,-9.490104094E-1,-9.433581984E-1
8.167050042E0,-7.930333006E-1,-6.857079497E-1,-1.044411533E0
8.177071042E0,-5.286976379E-1,-4.252247250E-1,-7.994593906E-1
8.187092042E0,-1.151474637E-1,-2.258674157E-1,-1.826094219E-1
8.197114042E0,3.739651090E-1,-3.429590786E-1,3.677240834E-1
8.207135042E0,9.319619751E-1,-7.163312799E-1,7.738854235E-1
8.217156042E0,1.382185301E0,-8.651993439E-1,9.671598744E-1
8.227177042E0,1.787004413E0,-6.217952514E-1,7.237160209E-1
8.237199042E0,1.953727242E0,-2.306633019E-1,4.858854944E-1
8.247220042E0,1.640186090E0,2.769586319E-1,4.735741818E-1
8.257241042E0,9.900558168E-1,9.439739102E-1,4.181460857E-1
8.267262042E0,2.420712197E-1,1.229418314E0,3.637386212E-1
8.277284042E0,-3.960243148E-1,9.720066315E-1,4.213848585E-1
8.287305042E0,-5.552609539E-1,5.921492833E-1,4.509811252E-1
8.297326042E0,-2.089332944E-1,2.686991474E-1,2.395308968E-1
8.307347042E0,2.667850614E-1,-3.933918983E-2,1.495805472E-1
8.317369042E0,5.311435282E-1,-2.022046110E-1,1.212975651E-1
8.327390042E0,5.290788764E-1,-2.446536425E-1,-3.833171457E-2
8.337411042E0,2.831403083E-1,-2.022569436E-1,-2.358021274E-1
8.347432042E0,-1.999888086E-1,-1.645894727E-1,-1.199804798E-1
8.357454042E0,-6.801498789E-1,-1.530871224E-1,2.544743335E-1
8.367475042E0,-8.186821121E-1,2.449574053E-2,3.872695711E-1
8.377496042E0,-5.320334744E-1,1.597371608E-2,2.886103785E-1
8.387517042E0,-3.634687722E-2,-1.575239897E-1,1.966339687E-1
8.397539042E0,3.335286891E-1,-4.343551522E-1,-4.363075376E-2
8.407560042E0,3.427690440E-1,-7.002932444E-1,-6.598939544E-1
8.417581042E0,-1.456237364E-1,-9.534007913E-1,-9.335915941E-1
8.427602042E0,-9.345172083E-1,-8.514285663E-1,-7.821060240E-1
8.437624042E0,-1.537675629E0,-2.760587454E-1,-7.339258441E-1
8.447645042E0,-1.637843696E0,1.998551998E-1,-2.955229568E-1
8.457666042E0,-1.185027714E0,3.027588862E-1,6.111310995E-1
8.467687042E0,-6.566715539E-1,9.613407254E-3,1.273604115E0
8.477709042E0,-3.150883251E-1,-4.250779599E-1,1.390875725E0
8.487730042E0,-1.273769152E-1,-7.803755406E-1,1.166934383E0
8.497751042E0,6.829430938E-2,-9.405369169E-1,1.379552300E0
8.507772042E0,5.520473242E-1,-4.230042449E-1,1.422846693E0
8.517794042E0,1.077714350E0,3.258752686E-1,9.086356777E-1
8.527815042E0,1.422198967E0,8.637884107E-1,3.515802133E-1
8.537836042E0,1.561294287E0,9.733754647E-1,-1.246158600E-2
8.547857042E0,1.262730778E0,8.239159548E-1,-4.240739930E-1
8.557879042E0,5.206378359E-1,3.893655056E-1,-5.719646949E-1
8.567900042E0,-1.865706182E-1,-1.381553802E-1,-4.565231162E-1
8.577921042E0,-4.401737165E-1,-4.911895037E-1,-5.769447684E-1
8.587942042E0,-2.327232760E-1,-6.600468591E-1,-6.222096728E-1
8.597964042E0,2.791823280E-1,-8.590863723E-1,-6.142293929E-1
8.607985042E0,6.194166040E-1,-9.440689275E-1,-4.563050151E-1
8.618006042E0,4.686695373E-1,-5.454420170E-1,-1.348484874E-2
8.628027042E0,3.267903578E-1,3.146679103E-3,6.586233544E-1
8.638049042E0,5.544727492E-1,3.329311037E-1,7.194398059E-1
8.648070042E0,9.189168370E-1,6.368778518E-1,4.187541962E-2
8.658091042E0,1.164689929E0,8.248193496E-1,-6.177571642E-1
8.668110458E0,1.174712057E0,6.518034545E-1,-7.749760754E-1
8.678132458E0,9.579879320E-1,3.212849119E-1,-4.383096242E-1
8.688153458E0,4.178087014E-1,6.498098463E-2,1.861342697E-1
8.698174458E0,-2.676223826E-1,-1.594427535E-1,7.032153904E-1
8.708195458E0,-6.522352713E-1,-2.638982910E-1,8.878521882E-1
8.718217458E0,-5.759688681E-1,-1.945482668E-1,9.603712571E-1
8.728238458E0,-3.611439192E-1,-1.541685650E-1,9.538076113E-1
8.738259458E0,-2.493281990E-1,-7.497884631E-3,7.080802739E-1
8.748280458E0,-2.765358782E-1,2.489697647E-1,1.638226104E-1
8.758302458E0,-6.224361062E-1,3.133335757E-1,-3.286851481E-2
8.768323458E0,-1.049811437E0,1.743002361E-1,1.904274416E-1
8.778344458E0,-1.346230772E0,-9.652086586E-2,3.771687984E-1
8.788365458E0,-1.435047639E0,-4.345147812E-1,3.596569723E-1
8.798387458E0,-1.330726295E0,-8.120879146E-1,1.935017614E-1
8.808408458E0,-1.127315696E0,-1.117091255E0,-7.085831344E-2
8.818429458E0,-9.875695807E-1,-1.249826266E0,-3.541031407E-1
8.828450458E0,-1.124997860E0,-1.385358000E0,-3.204727337E-2
8.838472458E0,-1.354956572E0,-1.017614329E0,6.674239987E-1
8.848493458E0,-1.115268093E0,-9.778561860E-2,1.278112902E0
8.858514458E0,-5.335736310E-1,1.186802344E0,1.629239957E0
8.868535458E0,4.172228104E-1,2.353912143E0,1.941587838E0
8.878557458E0,1.824959859E0,2.790457078E0,2.170458968E0
8.888578458E0,3.164590294E0,2.325661321E0,2.263414494E0
8.898599458E0,3.924095076E0,1.387131461E0,2.375858206E0
8.908620458E0,3.937671726E0,4.750316003E-1,2.278977444E0
8.918642458E0,3.218779950E0,-4.135352638E-1,2.237328896E0
8.928663458E0,2.376131855E0,-8.727548236E-1,1.892099928E0
8.938684458E0,1.542095540E0,-9.929867336E-1,8.616170472E-1
8.948705458E0,4.627597564E-1,-1.088287286E0,9.820983410E-3
8.958727458E0,-7.891688758E-1,-1.246504755E0,-3.990981960E-1
8.968748458E0,-1.960660286E0,-1.234593100E0,-6.428668624E-1
8.978769458E0,-2.936258277E0,-1.044841889E0,-9.372930278E-1
8.988790458E0,-3.788057849E0,-7.231160966E-1,-1.131640881E0
8.998812458E0,-4.476122519E0,-3.608243689E-1,-1.168036290E0
9.008833458E0,-4.782861605E0,-3.252309054E-1,-1.291847574E0
9.018854458E0,-4.286205540E0,-6.047719601E-1,-1.215649144E0
9.028875458E0,-2.751269916E0,-3.763525271E-1,-7.989301445E-1
9.038897458E0,-3.582518864E-1,2.905630562E-1,-8.321576053E-1
9.048918458E0,1.843015476E0,6.480545121E-1,-9.481915069E-1
9.058939458E0,3.229848729E0,4.352436367E-1,-2.709962443E-1
9.068960458E0,4.140071341E0,1.255309492E-2,5.765418953E-1
9.078981458E0,4.500501900E0,4.835121095E-2,7.332537067E-1
9.089003458E0,4.184299096E0,2.424141589E-1,3.317055273E-1
9.099024458E0,3.330583391E0,2.643172440E-1,-4.105014360E-1
9.109045458E0,2.058663713E0,1.740107989E-1,-7.446955383E-1
9.119066458E0,8.077595133E-1,4.067448923E-1,-4.093132818E-1
9.129088458E0,-1.917360485E-1,1.208775304E0,3.612099928E-1
9.139109458E0,-9.956404924E-1,1.582254217E0,1.094040361E0
9.149130458E0,-1.311671973E0,1.062606022E0,1.206646625E0
9.159151458E0,-7.504585540E-1,2.495679349E-1,5.504352468E-1
9.169173458E0,3.029243624E-1,-7.285601467E-2,-5.963914382E-1
9.179194458E0,1.210211087E0,8.899228334E-2,-1.863034004E0
9.189215458E0,1.534189519E0,1.150179479E-1,-2.441692591E0
9.199236458E0,1.058022682E0,-6.285610646E-2,-2.260528893E0
9.209258458E0,2.067943829E-1,-2.144021952E-1,-1.530911570E0
9.219279458E0,-7.207231236E-1,-4.014598864E-1,-6.661750335E-1
9.229300458E0,-1.739785223E0,-8.588273406E-1,-4.699284428E-1
9.239321458E0,-2.438657886E0,-1.261991983E0,-4.333546937E-1
9.249343458E0,-2.444413885E0,-1.498272705E0,-1.267167646E-1
9.259364458E0,-1.978783731E0,-1.654444818E0,2.826970893E-1
9.269385458E0,-1.507728530E0,-1.775444760E0,6.707212436E-1
9.279406458E0,-1.009329994E0,-1.687949949E0,8.925020403E-1
9.289428458E0,-3.636880428E-1,-1.148963842E0,7.457889676E-1
9.299449458E0,3.599621969E-1,-3.354559314E-1,4.185320020E-1
9.309470458E0,6.089553505E-1,7.032417029E-2,2.757114208E-1
9.319491458E0,5.391776025E-2,6.543297440E-2,4.301714694E-1
9.329513458E0,-6.831079853E-1,1.273421243E-1,5.673424709E-1
9.339534458E0,-9.083398086E-1,2.826257533E-1,5.982765806E-1
9.349555458E0,-4.937546772E-1,2.724340564E-1,4.511407542E-1
9.359576458E0,3.666590130E-1,-6.133436859E-3,9.002841909E-2
9.369598458E0,1.229429131E0,-4.070384225E-1,1.228267034E-2
9.379619458E0,1.215403415E0,-4.987315348E-1,2.319473688E-1
9.389640458E0,1.006114025E0,-1.104840168E-1,1.797424955E-3
9.399661458E0,1.155938986E0,5.128338495E-1,-3.512562776E-1
9.409683458E0,1.149247432E0,1.231313689E0,-2.569839585E-1
9.419704458E0,9.701811308E-1,1.816725518E0,-8.400460839E-2
9.429725458E0,6.942124325E-1,2.105563353E0,-9.019914865E-2
9.439746458E0,4.538187790E-1,2.105417757E0,-2.496345931E-1
9.449767458E0,3.696159500E-1,1.466541912E0,-4.305638176E-1
9.459789458E0,5.984426415E-1,3.248464510E-1,-6.913519746E-1
9.469810458E0,9.161534429E-1,-5.026006374E-1,-6.061481023E-1
9.479831458E0,8.830552787E-1,-1.009227083E0,-4.725540619E-2
9.489852458E0,5.165786988E-1,-1.275519224E0,2.549386024E-4
9.499874458E0,3.522333473E-1,-1.048582060E0,-1.535742320E-1
9.509895458E0,5.677704871E-1,-3.900917298E-1,-1.504623073E-1
9.519916458E0,6.214765781E-1,4.992367342E-1,-1.797323360E-1
9.529937458E0,3.213939625E-1,1.085643175E0,-2.977630983E-1
9.539959458E0,3.229703718E-1,1.078578276E0,-2.297616613E-1
9.549980458E0,5.981111044E-1,5.710691938E-1,4.813503208E-1
9.560001458E0,5.466363108E-1,-3.589026815E-1,8.431152874E-1
9.570022458E0,3.540787286E-1,-1.114757631E0,8.590045843E-1
9.580044458E0,-2.080030024E-2,-1.743210230E0,6.326593781E-1
9.590065458E0,-2.684328067E-1,-2.241910482E0,1.032109576E-1
9.600086458E0,-9.811686337E-2,-2.462570952E0,-3.636131984E-1
9.610107458E0,4.189471543E-2,-2.447983318E0,-7.962732428E-1
9.620129458E0,-9.978390455E-2,-2.261600688E0,-8.104416311E-1
9.630150458E0,-5.895770931E-1,-1.951381339E0,-4.060189605E-1
9.640171458E0,-1.181310639E0,-1.513600304E0,-3.419510186E-2
9.650192458E0,-1.422937471E0,-1.089655242E0,3.873458773E-1
9.660214458E0,-1.228221681E0,-5.101634261E-1,5.661244228E-1
9.670235458E0,-3.806970084E-1,1.674432063E-1,5.476659689E-1
9.680256458E0,5.920452029E-1,8.817507648E-1,4.521733360E-1
9.690277458E0,1.615014997E0,1.587568459E0,4.123918043E-1
9.700299458E0,2.402743703E0,2.136730767E0,4.232700008E-1
9.710320458E0,2.108263305E0,2.108001350E0,3.779178268E-1
9.720341458E0,1.552121760E0,1.654885991E0,8.909811795E-2
9.730362458E0,1.192266567E0,1.075559359E0,-1.331551337E-1
9.740383458E0,1.095503919E0,4.682002982E-1,-1.714420805E-1
9.750405458E0,1.121617000E0,-1.872143966E-1,-1.246654444E0
9.760426458E0,8.870027339E-1,-5.171078718E-1,-2.208574628E0
9.770447458E0,2.339278024E-1,-9.255695066E-1,-2.288617748E0
9.780468458E0,-2.728193879E-1,-1.659764030E0,-2.720970814E0
9.790490458E0,-1.404495353E-1,-2.036916164E0,-3.683202070E0
9.800511458E0,4.193330705E-2,-1.682561739E0,-3.912297149E0
9.810532458E0,-1.042763203E-1,-6.902784258E-1,-3.122170499E0
9.820553458E0,-2.916450834E-1,5.473973259E-1,-1.910335640E0
9.830575458E0,-2.273648876E-1,1.834799846E0,-2.595286667E-1
9.840596458E0,-1.271517974E-1,3.259630060E0,1.755280344E0
9.850617458E0,-3.284983295E-1,4.513705498E0,2.851474235E0
9.860638458E0,-6.117193294E-1,5.742370398E0,3.506957635E0
9.870660458E0,-8.390848017E-1,6.158856459E0,4.250605352E0
9.880681458E0,-2.327067869E0,4.288962794E0,3.839199936E0
9.890702458E0,-4.225136050E0,1.639861570E0,2.818449161E0
9.900723458E0,-5.528872182E0,-8.227906582E-1,2.214818285E0
9.910745458E0,-6.101926214E0,-2.513730288E0,1.758201029E0
9.920766458E0,-5.672175159E0,-3.315751636E0,1.178551923E0
9.930787458E0,-4.057183551E0,-3.349362017E0,2.273543626E-1
9.940808458E0,-1.446049760E0,-3.041181592E0,-4.389060402E-1
9.950830458E0,1.700307747E0,-2.643386740E0,-6.415623486E-1
9.960851458E0,4.634845188E0,-2.165168115E0,-5.296290994E-1
9.970872458E0,6.493848122E0,-1.553304944E0,1.088306435E-1
9.980893458E0,6.967300681E0,-6.430036873E-1,1.147717143E0
9.990915458E0,5.932130672E0,4.958301464E-1,2.261594256E0
1.000093646E1,4.194922902E0,1.438485802E0,2.721692945E0
1.001095746E1,2.236747098E0,1.624250089E0,2.248297688E0
1.002097846E1,4.386692280E-1,1.227648362E0,1.371388417E0
1.003100046E1,-5.337771142E-1,7.993102866E-1,5.621689276E-1
1.004102146E1,-8.590074348E-1,4.912207863E-1,-1.381194198E-1
1.005104246E1,-1.077495080E0,2.266737467E-1,-5.671985928E-1
1.006106346E1,-1.489957087E0,-2.034363270E-2,-7.518911219E-1
1.007108546E1,-2.009975703E0,-2.801822019E-1,-7.959498918E-1
1.008110646E1,-2.456273793E0,-6.986814594E-1,-4.143886650E-1
1.009112746E1,-2.604282609E0,-1.159747862E0,2.082930426E-1
1.010114846E1,-1.933823905E0,-1.480300995E0,7.217803001E-1
1.011117046E1,-4.520236838E-1,-1.379176032E0,1.137852963E0
1.012119146E1,1.277526573E0,-6.981487781E-1,1.015924484E0
1.013121246E1,2.575709020E0,7.639094889E-2,3.719203377E-1
1.014123346E1,3.079311578E0,4.547441009E-1,-4.382885742E-1
1.015125446E1,2.585031821E0,4.733803466E-1,-1.197369432E0
1.016127646E1,1.463128307E0,2.352980974E-1,-1.482480837E0
1.017129746E1,3.415919995E-1,-1.399034053E-1,-1.354022187E0
1.018131846E1,-4.698372263E-1,-2.775787291E-1,-1.324490240E0
1.019133946E1,-7.403820473E-1,1.277762800E-2,-1.592894980E0
1.020136146E1,-5.580132383E-1,4.468939215E-1,-1.791697973E0
1.021138246E1,-2.691824198E-1,7.109670442E-1,-1.549492267E0
1.022140346E1,-1.608376068E-1,7.694748688E-1,-1.148436424E0
1.023142546E1,-6.977599382E-2,7.484567598E-1,-3.722056818E-1
1.024144646E1,2.517185408E-1,6.902766716E-1,6.680923355E-1
1.025146746E1,6.703242177E-1,2.510984436E-1,1.025563034E0
1.026148846E1,1.226775665E0,-3.437987387E-1,8.303232607E-1
1.027150946E1,1.833044804E0,-6.844089907E-1,8.733611067E-1
1.028153146E1,2.012596425E0,-8.944903859E-1,9.574371243E-1
1.029155246E1,1.500398460E0,-9.771670917E-1,8.786658470E-1
1.030157346E1,5.628629190E-1,-8.283279714E-1,5.790275832E-1
1.031159446E1,-5.428046304E-1,-6.243759200E-1,2.909914013E-1
1.032161646E1,-1.450918736E0,-4.386098787E-1,3.812454041E-1
1.033163746E1,-1.754883903E0,-2.570088091E-1,8.472451758E-1
1.034165846E1,-1.313150734E0,8.753106415E-2,1.247146779E0
1.035167946E1,-4.593502450E-1,3.942271730E-1,1.407852824E0
1.036170146E1,5.241473347E-1,3.614590842E-1,1.366815895E0
1.037172246E1,1.391471849E0,-1.299163610E-2,1.156040216E0
1.038174346E1,1.697145572E0,-7.640922144E-1,8.522844525E-1
1.039176446E1,1.576449101E0,-1.535732015E0,6.339867691E-1
1.040178646E1,1.301305445E0,-1.825555398E0,6.587181524E-1
1.041180746E1,1.100116203E0,-1.514914758E0,7.572249520E-1
1.042182846E1,8.867179745E-1,-7.915691578E-1,7.015068340E-1
1.043184946E1,6.270665163E-1,-1.088956207E-1,5.676254761E-1
1.044187146E1,1.278289050E-1,1.438187009E-1,4.730935407E-1
1.045189246E1,-7.502521473E-1,9.736198783E-3,3.657982663E-1
1.046191346E1,-1.640991252E0,-1.592723072E-1,3.033640730E-1
1.047193446E1,-2.175168316E0,-8.576871336E-2,2.586691260E-2
1.048195646E1,-2.073499269E0,2.107199112E-1,-4.250773752E-1
1.049197746E1,-1.318054794E0,7.533070251E-1,-7.362895811E-1
1.050199846E1,-7.221948677E-1,1.132874936E0,-9.106687546E-1
1.051201946E1,-6.839979315E-1,9.390774518E-1,-1.186099509E0
1.052204146E1,-5.711829221E-1,4.380818751E-1,-1.625945781E0
1.053206246E1,-2.110102254E-1,1.343122977E-1,-1.811235859E0
1.054208346E1,-9.536224008E-3,1.362515268E-1,-1.336294599E0
1.055210446E1,-1.372476000E-1,6.355537498E-1,-5.364060223E-1
1.056212646E1,-1.946093702E-1,1.565339684E0,8.100505985E-2
1.057214746E1,6.708159685E-2,2.145366519E0,-3.314201832E-2
1.058216846E1,7.955973047E-1,2.208070598E0,-7.406961890E-1
1.059218946E1,1.835204181E0,1.968545549E0,-8.879814117E-1
1.060221146E1,2.398556512E0,1.284372785E0,-5.133375506E-1
1.061223246E1,2.106884531E0,5.899890295E-1,9.709995948E-2
1.062225346E1,1.612685466E0,1.535905677E-1,8.908502018E-1
1.063227446E1,1.496172093E0,1.477781430E-1,1.499292752E0
1.064229646E1,2.103565652E0,4.977147040E-1,9.973747766E-1
1.065231746E1,3.093374131E0,7.284326774E-1,-6.347971201E-1
1.066233846E1,3.239676729E0,2.614079618E-1,-1.887910398E0
1.067236008E1,2.117353971E0,-6.518280128E-1,-1.851753556E0
1.068238208E1,3.549634123E-1,-1.400295590E0,-9.908188784E-1
1.069240308E1,-1.628848339E0,-1.871698993E0,4.922531122E-1
1.070242408E1,-3.375173088E0,-1.787789694E0,1.639814208E0
1.071244608E1,-3.728678205E0,-1.184469598E0,1.444803134E0
1.072246708E1,-2.689482388E0,-4.809796804E-1,7.000923926E-1
1.073248808E1,-1.651617397E0,-9.053594828E-2,2.453474146E-1
1.074250908E1,-1.211560625E0,-1.924236810E-1,2.743964185E-1
1.075253108E1,-1.173200551E0,-6.007818201E-1,5.398471087E-1
1.076255208E1,-1.071772994E0,-9.109348029E-1,1.242980638E0
1.077257308E1,-4.940903074E-1,-1.065004842E0,1.888868172E0
1.078259408E1,2.207130951E-1,-1.344941461E0,1.751754473E0
1.079261608E1,4.807609946E-1,-1.723084990E0,1.125059840E0
1.080263708E1,4.131057858E-2,-1.985570886E0,6.081414181E-1
1.081265808E1,-1.003105048E0,-1.877168478E0,7.289959470E-2
1.082267908E1,-2.076947372E0,-1.319238855E0,-6.931891698E-1
1.083270108E1,-2.678301342E0,-2.898754236E-1,-1.417448689E0
1.084272208E1,-2.766044660E0,8.012731969E-1,-1.796843523E0
1.085274308E1,-2.427258155E0,1.379480379E0,-1.490286285E0
1.086276408E1,-1.887175403E0,1.282673292E0,-3.889614630E-1
1.087278608E1,-1.382186471E0,7.442724922E-1,5.068658888E-1
1.088280708E1,-6.019837153E-1,2.357404393E-1,6.303789639E-1
1.089282808E1,4.365045887E-1,-3.252835304E-2,5.804881811E-1
1.090284908E1,1.211210961E0,-3.649510413E-2,4.218169677E-1
1.091287108E1,1.782986206E0,3.755084816E-1,1.237504721E-2
1.092289208E1,2.480426887E0,1.108604313E0,-3.825119476E-1
1.093291308E1,3.131424302E0,1.813609829E0,-5.442202413E-1
1.094293408E1,3.468653694E0,2.203408028E0,-6.139506269E-1
1.095295608E1,3.441456540E0,2.095992630E0,-4.061476358E-1
1.096297708E1,3.000511576E0,1.469545334E0,-2.962162904E-3
1.097299808E1,2.174629202E0,4.755487865E-1,5.768048007E-2
1.098301908E1,1.236525897E0,-5.291376409E-1,1.629724252E-1
1.099304108E1,4.428605121E-1,-1.183684901E0,3.304273625E-1
1.100306208E1,-1.638927770E-1,-1.203485328E0,5.404125710E-1
1.101308308E1,-4.998036218E-1,-7.045345223E-1,7.863195276E-1
1.102310408E1,-5.172862118E-1,-1.378522021E-1,9.235045624E-1
1.103312608E1,-2.167942911E-1,3.694417030E-2,9.988260555E-1
1.104314708E1,2.209072226E-1,-1.440517125E-1,8.890515983E-1
1.105316808E1,6.806948394E-1,-3.421419302E-1,2.660973923E-1
1.106318908E1,1.047994123E0,-3.421056774E-1,-2.778725517E-1
1.107321108E1,1.276428466E0,-2.521582514E-1,-8.884388101E-1
1.108323208E1,1.453573957E0,-1.884060591E-1,-1.473725216E0
1.109325308E1,1.347521253E0,-2.097481039E-1,-1.386728003E0
1.110327508E1,7.399043298E-1,-3.456371033E-1,-1.037904167E0
1.111329608E1,-7.905084729E-2,-3.518231651E-1,-5.391016253E-1
1.112331708E1,-6.173227161E-1,-1.441952616E-1,2.165235285E-1
1.113333808E1,-8.259700817E-1,9.136332929E-2,6.317238235E-1
1.114336008E1,-6.374517560E-1,1.385076749E-1,5.484852004E-1
1.115338108E1,-1.034781754E-2,1.086301571E-1,3.648908516E-1
1.116340208E1,6.814041066E-1,6.227664739E-2,1.940176320E-1
1.117342308E1,1.114051872E0,-1.144709408E-2,1.317249413E-1
1.118344508E1,1.035362967E0,-9.034065127E-2,2.910182985E-1
1.119346608E1,4.129391402E-1,-2.363710615E-1,3.430187567E-1
1.120348708E1,-2.469530600E-1,-6.229652792E-2,1.073385803E-1
1.121350808E1,-5.357137120E-1,5.217803818E-1,-6.945884816E-1
1.122353008E1,-2.351563025E-1,1.505391982E0,-1.620319591E0
1.123355108E1,6.543601495E-1,2.561321361E0,-1.748902202E0
1.124357208E1,1.729923309E0,2.816690319E0,-1.353236321E0
1.125359308E1,2.580263416E0,2.002936240E0,-3.519988739E-1
1.126361508E1,2.928386171E0,9.418659890E-1,8.093096101E-1
1.127363608E1,3.032905735E0,4.853487200E-1,1.685637667E0
1.128365708E1,3.177582223E0,8.215682977E-1,2.262455990E0
1.129367808E1,3.132672683E0,1.868502320E0,2.096053880E0
1.130370008E1,2.664341699E0,2.787759465E0,1.693986322E0
1.131372108E1,2.358621783E0,2.768775895E0,1.630290263E0
1.132374208E1,2.451600698E0,1.887498170E0,1.337009275E0
1.133376408E1,2.679770163E0,6.400467503E-1,9.051267636E-1
1.134378508E1,2.642895282E0,-5.597697419E-1,6.267525208E-1
1.135380608E1,2.088359383E0,-1.534335700E0,-6.681847215E-2
1.136382708E1,1.523735282E0,-1.945412502E0,-4.482615852E-1
1.137384908E1,1.091279891E0,-1.787693215E0,-1.901444364E-1
1.138387008E1,8.530152082E-1,-1.130740410E0,-2.719679968E-1
1.139389108E1,2.688403577E-1,-2.204692662E-1,-7.824974220E-2
1.140391208E1,-5.394354647E-1,3.307495075E-1,3.964295268E-2
1.141393408E1,-6.629122871E-1,3.020075190E-1,4.161147630E-1
1.142395508E1,-9.122533500E-2,-2.401732135E-1,6.430533886E-1
1.143397608E1,7.675230682E-1,-1.017949959E0,6.025099647E-1
1.144399808E1,1.242813993E0,-1.606954025E0,8.490297461E-1
1.145401908E1,8.047499514E-1,-1.801931770E0,6.498092616E-1
1.146404008E1,-1.125144625E-1,-1.573595075E0,1.288024892E-2
1.147406108E1,-8.248503399E-1,-1.007498646E0,-6.803241259E-1
1.148408308E1,-1.328949911E0,-4.906615001E-1,-9.962275529E-1
1.149410408E1,-1.385617617E0,-1.173384154E-1,-6.046412748E-1
1.150412508E1,-1.490693836E0,-8.504892111E-2,1.567620975E-1
1.151414608E1,-2.027485775E0,-5.287958711E-1,4.168240303E-1
1.152416808E1,-2.239055579E0,-8.922599655E-1,-3.515309505E-3
1.153418908E1,-2.047808942E0,-1.323621928E0,-8.153299034E-1
1.154421008E1,-1.567687048E0,-1.802557422E0,-9.441153397E-1
1.155423208E1,-1.438026795E0,-1.977066404E0,-1.316127552E0
1.156425308E1,-1.626393093E0,-1.803312882E0,-1.571887688E0
1.157427408E1,-1.624538357E0,-1.410202235E0,-1.713316047E0
1.158429508E1,-1.218420578E0,-8.927259886E-1,-1.749749463E0
1.159431708E1,-8.207479334E-1,-6.785290307E-1,-1.522808499E0
1.160433808E1,-7.977958578E-1,-7.448183298E-1,-1.245617732E0
1.161435908E1,-9.746349549E-1,-4.656640685E-1,-5.625050694E-1
1.162438008E1,-1.310385586E0,3.644961280E-1,-1.666965169E-1
1.163440208E1,-1.361502530E0,1.211875205E0,4.577158751E-1
1.164442308E1,-1.103748493E0,1.105295082E0,7.562040281E-1
1.165444408E1,-7.611905336E-2,2.666377115E-1,4.379037543E-1
1.166446608E1,1.131865414E0,-6.638057417E-1,3.537039220E-2
1.167448642E1,1.985381144E0,-1.192381757E0,-7.362755477E-1
1.168450742E1,1.907167618E0,-9.364099520E-1,-6.326319692E-1
1.169452842E1,7.740047067E-1,-4.222005451E-1,-5.015168560E-1
1.170455042E1,-5.487027168E-2,3.062028962E-1,-3.118039441E-1
1.171457142E1,-4.907129556E-1,8.616287416E-1,1.022181004E-1
1.172459242E1,-6.418962246E-1,1.269959106E0,-1.201507799E-1
1.173461342E1,-3.325481111E-1,1.660927334E0,-4.182688773E-2
1.174463542E1,-4.821421069E-1,1.027429465E0,3.214348930E-1
1.175465642E1,-5.837263691E-1,-1.930259442E-1,1.410634929E-1
1.176467742E1,-1.533028847E-1,-8.768408579E-1,-1.542343462E-1
1.177469942E1,3.643856156E-1,-9.794138843E-1,-1.590466777E-1
1.178472042E1,5.740720314E-1,-4.227460903E-1,8.965579614E-2
1.179474142E1,3.838445646E-1,2.008641368E-1,2.914519060E-1
1.180476242E1,-6.369079649E-2,4.200674808E-1,4.062784307E-1
1.181478442E1,-7.051759619E-1,-5.876451731E-4,6.501780747E-1
1.182480542E1,-7.363223255E-1,-8.762169600E-1,8.773519045E-1
1.183482642E1,-4.714592439E-1,-1.401193430E0,1.258887404E0
1.184484742E1,-5.227241224E-1,-1.561994199E0,9.187848361E-1
1.185486942E1,-7.042228657E-1,-1.322461841E0,1.853935736E-1
1.186489042E1,-1.222170982E0,-9.212773579E-1,-3.083054088E-1
1.187491142E1,-1.657763405E0,-8.714959180E-1,-9.147072802E-1
1.188493342E1,-1.701223421E0,-1.240813660E0,-1.097231040E0
1.189495442E1,-1.810095068E0,-9.542878139E-1,-1.065110092E0
1.190497542E1,-1.997574343E0,2.499526817E-1,-1.109830328E0
1.191499642E1,-2.061235319E0,9.343821377E-1,-5.489876224E-1
1.192501842E1,-1.174248957E0,3.440098232E-1,-2.200378878E-1
1.193503942E1,1.576666617E-1,-9.788706779E-1,-5.834351778E-1
1.194506042E1,7.820954990E-1,-1.623681155E0,-1.146929596E0
1.195508242E1,7.974947262E-1,-1.058579337E0,-1.586939152E0
1.196510342E1,7.682054383E-1,2.845290220E-1,-1.356495121E0
1.197512442E1,6.598886919E-1,1.105804959E0,-5.856695451E-1
1.198514542E1,3.581431282E-1,1.021954132E0,-7.872983515E-2
1.199516742E1,2.228139997E-2,8.428018767E-1,9.279662803E-2
1.200518842E1,-3.222166657E-2,7.201407409E-1,1.358052380E-1
1.201520942E1,1.194480908E-1,5.622355127E-1,1.702903618E-1
1.202523142E1,2.712324536E-1,3.005158943E-1,1.835119396E-1
1.203525242E1,6.971641070E-1,2.762955576E-1,1.731325471E-1
1.204527342E1,1.257008693E0,7.213464367E-1,1.200280615E-1
1.205529442E1,1.325003625E0,8.578397459E-1,3.986266912E-1
1.206531642E1,1.111329408E0,5.300115073E-1,9.310965141E-1
1.207533742E1,7.917118299E-1,1.520071417E-1,1.229437317E0
1.208535842E1,1.238218081E-1,-1.319675642E-1,1.273546958E0
1.209538042E1,-5.212020922E-1,-1.934130299E-1,1.276817306E0
1.210540142E1,-4.496432823E-1,3.431368339E-1,1.071928384E0
1.211542242E1,-2.408526599E-2,8.199480343E-1,5.292455220E-1
1.212544342E1,8.294860125E-2,3.743024933E-1,1.682056832E-1
1.213546542E1,1.115379775E-1,-4.522458780E-1,3.187544563E-1
1.214548642E1,3.102468306E-1,-1.120300791E0,5.250852281E-1
1.215550742E1,4.836191136E-1,-1.575621720E0,5.291133749E-1
1.216552842E1,4.076854169E-1,-1.565431193E0,6.785986125E-1
1.217555042E1,9.290874839E-2,-9.044157422E-1,6.674075534E-1
1.218557142E1,-1.348309457E-1,-8.160958886E-2,3.223605072E-1
1.219559242E1,-2.088561112E-1,5.842812699E-1,2.869247724E-1
1.220561442E1,-4.062931949E-1,8.030010492E-1,3.271552241E-1
1.221563542E1,-6.593934327E-1,2.181754035E-1,1.739342004E-1
1.222565642E1,-6.555892342E-1,-8.389011991E-1,5.294419885E-2
1.223567742E1,-4.247879380E-1,-1.722653466E0,1.456358694E-2
1.224569942E1,-3.650475204E-2,-2.046505013E0,8.739365458E-2
1.225572042E1,1.607054597E-1,-1.649138762E0,2.102394893E-1
1.226574142E1,-1.574462217E-1,-5.660397112E-1,-5.777049065E-3
1.227576342E1,-7.579301262E-1,4.863211119E-1,-7.889355719E-2
1.228578442E1,-9.352089339E-1,9.653741348E-1,-1.325253886E-1
1.229580542E1,-7.474472380E-1,1.132460076E0,-5.645487078E-1
1.230582642E1,-2.920771927E-1,1.289545525E0,-8.199257418E-1
1.231584842E1,5.465661442E-1,1.400015216E0,-4.518839719E-1
1.232586942E1,1.354005815E0,1.269755039E0,1.427380989E-1
1.233589042E1,1.999640749E0,9.322590137E-1,6.096792724E-1
1.234591242E1,2.435999742E0,6.489941597E-1,1.215170111E0
1.235593342E1,2.857348933E0,2.228286177E-1,1.522885097E0
1.236595442E1,3.243278030E0,-1.596757650E-2,1.514218939E0
1.237597542E1,3.266812488E0,-9.179076076E-2,1.450448620E0
1.238599742E1,2.781931545E0,-5.728868008E-2,1.398958039E0
1.239601842E1,1.799232695E0,6.981107712E-2,1.242228101E0
1.240603942E1,4.961578828E-1,7.345740080E-2,7.523571450E-1
1.241606142E1,-6.261356395E-1,-1.764058185E-1,3.411809768E-1
1.242608242E1,-1.341509145E0,-7.072528929E-1,2.618359415E-1
1.243610342E1,-1.694229566E0,-1.292036439E0,8.866893232E-2
1.244612442E1,-1.718697824E0,-1.575853270E0,-3.138236455E-1
1.245614642E1,-1.709815904E0,-1.218327023E0,-6.141606150E-1
1.246616742E1,-1.830925773E0,-4.778414798E-1,-1.023432966E0
1.247618842E1,-1.659955527E0,3.029383957E-1,-1.057247414E0
1.248621042E1,-1.088243431E0,9.732631981E-1,-3.274453191E-1
1.249623142E1,-5.810705638E-1,1.251845602E0,3.346273444E-1
1.250625242E1,-1.660182399E-1,8.711433309E-1,5.235672909E-1
1.251627342E1,2.853575724E-1,1.817256153E-2,3.922078371E-1
1.252629542E1,5.855056769E-1,-5.046427774E-1,2.390756911E-1
1.253631642E1,5.702672482E-1,-4.835448539E-1,1.287288280E-1
1.254633742E1,3.923171800E-1,1.208169240E-1,5.884524543E-2
1.255635842E1,2.697139317E-1,1.012405629E0,1.090985191E-1
1.256638042E1,6.103206754E-2,1.398122472E0,8.592465129E-3
1.257640142E1,-1.129085648E-1,9.176216787E-1,-7.272944072E-2
1.258642242E1,4.020311594E-2,6.174659729E-4,1.785476536E-1
1.259644442E1,1.919202358E-1,-6.640378761E-1,5.663654011E-1
1.260646542E1,2.008389938E-1,-1.003676906E0,7.539809167E-1
1.261648642E1,8.347952843E-2,-1.025520349E0,6.003564352E-1
1.262650742E1,-1.236072153E-1,-8.311852133E-1,3.961067605E-1
1.263652942E1,-3.700182384E-1,-7.818025535E-1,1.241656244E-1
1.264655042E1,-5.750596261E-1,-9.163972718E-1,-1.754162412E-3
1.265657142E1,-5.509193963E-1,-7.735989100E-1,2.256674409E-1
1.266659333E1,-3.794398570E-1,-1.381404698E-1,3.184767866E-1
1.267661433E1,-2.063014627E-2,3.620631015E-1,3.685231054E-1
1.268663533E1,7.481196678E-1,3.239848638E-1,5.327713931E-1
1.269665633E1,1.561079110E0,-1.249047124E-1,6.737910318E-1
1.270667833E1,2.186968582E0,-6.133565497E-1,5.111975062E-1
1.271669933E1,2.531128094E0,-4.199651545E-1,3.690213247E-1
1.272672033E1,2.400667357E0,3.890404004E-1,1.860186410E-1
1.273674133E1,1.636723369E0,1.101679164E0,2.003361332E-1
1.274676333E1,4.863117564E-1,1.185828783E0,3.598107175E-1
1.275678433E1,-3.896917802E-1,6.783495212E-1,5.261114144E-1
1.276680533E1,-7.607075536E-1,-1.798322868E-1,7.032995903E-1
1.277682733E1,-7.242150807E-1,-8.686489087E-1,5.105414120E-1
1.278684833E1,-3.870529318E-1,-9.976554430E-1,2.364099820E-1
1.279686933E1,-1.325569636E-1,-6.560406393E-1,3.881970126E-2
1.280689033E1,-2.984044647E-1,-6.274512631E-1,1.234219316E-1
1.281691233E1,-5.231117928E-1,-1.011480600E0,7.879594523E-2
1.282693333E1,-5.235368854E-1,-1.377098224E0,3.673466456E-1
1.283695433E1,-7.755378467E-1,-1.443955872E0,5.383484674E-1
1.284697633E1,-9.649244839E-1,-1.004894881E0,1.458072659E-1
1.285699733E1,-1.047961378E0,-3.057778037E-1,-2.509624958E-2
1.286701833E1,-1.287013680E0,1.281294519E-1,-8.676679652E-2
1.287703933E1,-1.571721042E0,4.746465611E-1,-3.913739876E-1
1.288706133E1,-1.885168054E0,9.918690383E-1,-6.702569747E-1
1.289708233E1,-1.711335011E0,1.132105735E0,-9.145759372E-1
1.290710333E1,-4.868099391E-1,1.171864462E0,-1.038419892E0
1.291712533E1,1.078856896E0,1.251000094E0,-9.400977910E-1
1.292714633E1,2.533346527E0,7.091666865E-1,-6.868771736E-1
1.293716733E1,3.311988076E0,2.398112708E-1,-1.580012687E-1
1.294718833E1,2.912882279E0,6.029970378E-1,5.222252087E-1
1.295721033E1,1.790536716E0,1.084396548E0,1.296793149E0
1.296723133E1,1.046080914E0,9.635468799E-1,1.487588965E0
1.297725233E1,8.918214244E-1,7.984741348E-1,1.072131575E0
1.298727333E1,8.256011224E-1,6.513049793E-1,-6.171078309E-3
1.299729533E1,6.924103206E-1,5.890970367E-1,-7.545669539E-1
1.300731633E1,1.135406488E-1,4.586941874E-1,-1.307183797E0
1.301733733E1,-5.669758505E-1,1.161257029E-3,-1.669443219E0
1.302735933E1,-9.909785074E-1,-5.917446560E-1,-1.433408664E0
1.303738033E1,-1.459214181E0,-1.166799020E0,-1.013364573E0
1.304740133E1,-2.004241338E0,-1.542211314E0,-7.116165237E-1
1.305742233E1,-2.064078820E0,-1.369533681E0,-3.223628461E-1
1.306744433E1,-1.249000347E0,-5.408352882E-1,-1.478177579E-1
1.307746533E1,6.877319634E-2,3.656690794E-1,-2.312725818E-1
1.308748633E1,1.212923611E0,6.624345696E-1,-4.683420201E-1
1.309750833E1,1.864980542E0,6.391556346E-1,-3.846544039E-1
1.310752933E1,1.862054595E0,6.084402108E-1,6.298138306E-2
1.311755033E1,1.424232044E0,8.045499766E-1,6.244792695E-1
1.312757133E1,1.221817226E0,9.783473521E-1,1.217398339E0
1.313759333E1,1.383141321E0,7.848670793E-1,8.639996414E-1
1.314761433E1,1.831994060E0,3.843281293E-1,2.788901134E-1
1.315763533E1,1.666998498E0,-4.326132667E-1,-3.103971040E-1
1.316765633E1,5.250969225E-1,-6.269431400E-1,-5.868021508E-1
1.317767833E1,-5.336853129E-1,2.738835812E-3,-1.167840993E-1
1.318769933E1,-6.280833471E-1,9.098448819E-1,6.225029106E-1
1.319772033E1,7.482623398E-2,1.450117668E0,9.442095530E-1
1.320774233E1,1.007672893E0,1.219257315E0,1.036174415E0
1.321776333E1,1.707536075E0,5.427964443E-1,6.156451499E-1
1.322778433E1,2.273465273E0,-2.953130418E-1,1.884310560E-1
1.323780533E1,2.346494658E0,-1.210001172E0,2.876552358E-1
1.324782733E1,2.217355392E0,-1.780604051E0,5.899526305E-1
1.325784833E1,2.211925668E0,-1.655256119E0,1.198508470E0
1.326786933E1,1.670194001E0,-1.286005620E0,1.101771111E0
1.327789033E1,1.292970824E0,-9.336757940E-1,4.619333987E-1
1.328791233E1,1.271751863E0,-8.151229119E-1,-1.773622768E-1
1.329793333E1,1.073797885E0,-8.394777346E-1,-5.901477814E-1
1.330795433E1,8.259297359E-1,-6.144260055E-1,-3.624254827E-1
1.331797633E1,6.103978586E-1,-2.769486916E-1,4.246750867E-1
1.332799733E1,4.046390176E-1,-1.413669634E-1,1.130863275E0
1.333801833E1,4.856106752E-1,1.227973759E-2,1.619212128E0
1.334803933E1,4.931638160E-1,-2.806780457E-2,1.317043226E0
1.335806133E1,8.606464094E-1,-2.264503831E-1,2.175773064E-1
1.336808233E1,1.438478493E0,-9.845775604E-2,-5.465370543E-1
1.337810333E1,1.355260335E0,-1.824880922E-1,-7.925854039E-1
1.338812433E1,1.019069701E0,-5.228363889E-1,-7.263562580E-1
1.339814633E1,7.442148972E-1,-5.711016458E-1,-4.467331231E-1
1.340816733E1,2.342371202E-1,-3.903992933E-1,-2.199254020E-1
1.341818833E1,-8.448466480E-2,-2.261983681E-1,-4.021269806E-1
1.342821033E1,-1.069256938E-1,1.992672622E-2,-3.440174977E-1
1.343823133E1,-5.714896086E-1,2.529961574E-1,2.826146436E-1
1.344825233E1,-1.129667446E0,6.213760060E-1,7.298306736E-1
1.345827333E1,-1.329529662E0,8.463727713E-1,5.736386796E-1
1.346829533E1,-1.352758019E0,6.141564488E-1,1.947474376E-1
1.347831633E1,-1.545194272E0,5.099596506E-1,-4.473119974E-3
1.348833733E1,-1.818586687E0,3.812144870E-1,-4.499093306E-1
1.349835833E1,-1.655475975E0,4.599349666E-1,-1.005772548E0
1.350838033E1,-1.556342865E0,1.187841395E0,-8.233966490E-1
1.351840133E1,-1.398939036E0,1.951290123E0,-1.580725316E-1
1.352842233E1,-7.305601868E-1,2.333826081E0,7.195196935E-1
1.353844433E1,4.205577698E-1,1.740140149E0,6.841698396E-1
1.354846533E1,1.319804866E0,2.104407066E-1,3.595629052E-1
1.355848633E1,6.983358890E-1,-1.237174353E0,4.987734155E-1
1.356850733E1,-6.480659142E-1,-1.538574931E0,5.957915139E-1
1.357852933E1,-1.802440770E0,-5.574846500E-1,4.100301504E-1
1.358855033E1,-1.962491634E0,4.139974862E-1,-3.508960891E-1
1.359857133E1,-1.396797201E0,4.351287389E-1,-8.031466448E-1
1.360859233E1,-1.098783915E0,-1.515686005E-1,-9.412415063E-1
1.361861433E1,-1.125141409E0,-9.003870106E-1,-7.993751907E-1
1.362863533E1,-1.056162975E0,-1.578410842E0,-4.437381792E-1
1.363865633E1,-6.186365855E-1,-1.763444227E0,-1.172308266E-1
1.364867833E1,3.225803626E-1,-1.797791356E0,5.305085571E-1
1.365869933E1,1.547738980E0,-2.093513703E0,1.200707023E0
1.366872092E1,2.456808813E0,-2.312063329E0,1.303281219E0
1.367874192E1,2.603398510E0,-2.129664699E0,1.071096472E0
1.368876392E1,2.061552823E0,-1.349736763E0,7.061331511E-1
1.369878492E1,1.040488052E0,-5.647252572E-1,6.911689568E-1
1.370880592E1,7.246278942E-2,-4.924641967E-1,8.539484239E-1
1.371882692E1,-4.348176670E-1,-7.127679867E-1,7.802547956E-1
1.372884892E1,-6.531421745E-1,-1.138990831E0,3.590787558E-1
1.373886992E1,-8.013474566E-1,-1.715251476E0,4.198148445E-1
1.374889092E1,-1.038050640E0,-2.016912839E0,8.697546172E-1
1.375891292E1,-1.383249787E0,-1.811351634E0,7.204985905E-1
1.376893392E1,-1.543871924E0,-8.482432956E-1,9.324320912E-2
1.377895492E1,-1.278001367E0,4.060365021E-1,-8.162350523E-1
1.378897592E1,-6.600921750E-1,1.101859258E0,-1.609242625E0
1.379899792E1,-5.331385982E-1,1.378342511E0,-1.606126059E0
1.380901892E1,-1.000116536E0,1.475889856E0,-9.572687244E-1
1.381903992E1,-1.787128374E0,1.490200331E0,-2.764505088E-1
1.382906092E1,-2.273494217E0,1.433412173E0,2.814791508E-1
1.383908292E1,-2.031727930E0,1.114581630E0,1.807502266E-1
1.384910392E1,-1.859119293E0,3.183879089E-1,-1.516580264E-1
1.385912492E1,-1.817614295E0,-5.931070572E-1,1.887750915E-1
1.386914592E1,-1.087390907E0,-1.059624819E0,5.118827999E-1
1.387916792E1,1.727346441E-1,-3.653024590E-1,6.791950285E-1
1.388918892E1,1.598336691E0,9.623300743E-1,9.976074958E-1
1.389920992E1,2.845466513E0,1.483283660E0,3.762964670E-1
1.390923192E1,3.171621571E0,1.038802299E0,1.704277714E-1
1.391925292E1,2.468046869E0,6.296515703E-2,5.571344018E-1
1.392927392E1,1.110264338E0,-8.705147552E-1,7.929222035E-1
1.393929492E1,-3.110534540E-1,-1.042605329E0,2.068862208E-1
1.394931692E1,-1.420651209E0,-6.146803594E-1,-3.848086973E-1
1.395933792E1,-1.840307046E0,-6.870028156E-1,-8.415874100E-1
1.396935892E1,-1.830613240E0,-1.165617297E0,-1.218081440E0
1.397937992E1,-1.489049307E0,-1.352248142E0,-3.743270516E-1
1.398940192E1,-6.989729431E-1,-8.108649695E-1,8.312167883E-2
1.399942292E1,5.676301539E-1,5.672418988E-1,-2.111137211E-1
1.400944392E1,1.152635017E0,1.441957294E0,-5.653520787E-1
1.401946492E1,8.672882617E-1,1.339975421E0,-6.289089739E-1
1.402948692E1,6.020296159E-1,7.003017229E-1,-1.091842320E0
1.403950792E1,8.837832570E-2,-1.674449605E-1,-6.746646059E-1
1.404952892E1,-6.188751519E-2,-6.146663260E-1,-2.181471907E-2
1.405955092E1,-3.152073160E-1,-5.899062914E-1,6.578867514E-1
1.406957192E1,-2.258292626E-1,-6.949234539E-1,8.461576668E-1
1.407959292E1,4.177835584E-3,-9.531803513E-1,8.366102600E-1
1.408961392E1,-2.157434003E-1,-3.153713304E-1,6.530439413E-1
1.409963592E1,-1.124742629E-1,5.292028373E-1,-1.197218867E-1
1.410965692E1,7.545385949E-1,9.322753859E-1,-1.978310399E-1
1.411967792E1,1.729569553E0,4.329904121E-1,-6.415784284E-2
1.412969892E1,2.067894128E0,-3.519637907E-1,3.956166176E-1
1.413972092E1,1.950786970E0,-8.073408526E-1,2.030853479E-1
1.414974192E1,1.388188053E0,-5.858033001E-1,5.631124489E-1
1.415976292E1,7.201948276E-1,-1.215975273E-1,4.081847692E-1
1.416978392E1,5.710880511E-1,-1.755106097E-1,-4.090010405E-2
1.417980592E1,1.141929057E0,-5.852156550E-1,-9.975686118E-2
1.418982692E1,1.840968512E0,-1.047605867E0,5.076444456E-1
1.419984792E1,1.876349430E0,-1.614878756E0,1.002598679E0
1.420986992E1,1.050804879E0,-1.954071643E0,9.323278646E-1
1.421989092E1,-2.588503897E-2,-1.761339229E0,8.624678171E-1
1.422991192E1,-7.881729488E-1,-8.615340167E-1,-1.709281468E-1
1.423993292E1,-1.440771332E0,-2.941786820E-1,-1.581889497E0
1.424995492E1,-1.947003237E0,-5.193169498E-1,-1.740155936E0
1.425997592E1,-2.152170047E0,-1.000712367E0,-9.388149118E-1
1.426999692E1,-1.383163394E0,-8.425644797E-1,-1.206140256E-1
1.428001792E1,-3.496607917E-1,-1.908905411E-1,-4.306193662E-1
1.429003992E1,-2.653083470E-1,4.439188582E-1,-2.847298738E-1
1.430006092E1,2.741152040E-1,9.520044762E-1,5.474514127E-1
1.431008192E1,1.454714310E0,1.255356855E0,1.280826888E0
1.432010292E1,2.096056950E0,1.511804624E0,9.108628821E-1
1.433012492E1,2.486780764E0,1.738806984E0,1.039556736E0
1.434014592E1,1.932035242E0,1.625715986E0,1.365890719E0
1.435016692E1,1.035895502E0,1.893944725E0,1.541472373E0
1.436018792E1,4.544027331E-1,2.445119644E0,8.035487871E-1
1.437020992E1,1.942746902E-1,2.249896901E0,3.100392544E-1
1.438023092E1,3.243541154E-1,1.034502257E0,-1.014712794E0
1.439025192E1,1.541807528E-1,-3.005872303E-1,-1.078697852E0
1.440027392E1,-3.732635162E-1,-5.134399134E-1,-3.327029161E-1
1.441029492E1,-7.029211293E-1,4.335184157E-2,-1.337081341E-1
1.442031592E1,-1.079050731E0,2.946295023E-1,-2.269561672E-1
1.443033692E1,-1.630370370E0,3.468585867E-1,8.324110821E-2
1.444035892E1,-1.960075126E0,7.814944053E-1,-7.469103174E-1
1.445037992E1,-1.779464721E0,9.846763784E-1,-6.032218632E-1
1.446040092E1,-1.800625940E0,6.714147234E-1,2.253388274E-1
1.447042192E1,-1.308961789E0,4.650887024E-1,1.368070123E-1
1.448044392E1,6.132191584E-2,-1.622017622E-3,5.155311701E-1
1.449046492E1,1.035165551E0,-2.790788323E-1,6.100572583E-1
1.450048592E1,1.409327053E0,-4.228647888E-2,3.547961819E-1
1.451050792E1,1.654809538E0,2.654074574E-1,-3.172047248E-1
1.452052892E1,9.623859883E-1,2.030895871E-1,-1.786102188E-1
1.453054992E1,1.734122999E-1,-1.946713507E-1,8.019482580E-1
1.454057092E1,-3.512047490E-1,-2.590275604E-1,6.678221941E-2
1.455059292E1,-6.104455134E-1,-3.539003885E-1,5.370527244E-1
1.456061392E1,-8.907465599E-2,-5.387185961E-1,6.492328723E-1
1.457063492E1,5.200504830E-1,-7.852717066E-1,5.710440508E-1
1.458065592E1,1.348056273E0,-8.258566457E-1,9.046738967E-1
1.459067792E1,2.206999681E0,-4.324431127E-1,7.363044915E-1
1.460069892E1,2.369805168E0,-1.568422043E-1,5.310923651E-1
1.461071992E1,1.106469641E0,-7.512327254E-2,-3.535844927E-1
1.462074092E1,-5.498010432E-1,2.515904868E-1,-3.093758878E-1
1.463076292E1,-9.577992131E-1,-1.933960730E-1,4.466699731E-1
1.464078392E1,-2.942689484E-1,-1.145270156E0,8.355039668E-1
1.465080492E1,1.576705721E-1,-9.860855573E-1,1.235790609E0
1.466082692E1,5.834122640E-1,1.889697307E-1,8.484792307E-2
1.467084817E1,9.680749637E-1,1.110455250E0,-6.565003766E-1
1.468086917E1,1.358901981E0,7.856722409E-1,-5.423491323E-1
1.469089017E1,1.578412888E0,-4.819737071E-1,-2.235764766E-1
1.470091217E1,1.004276099E0,-1.151976328E0,1.968134782E-1
1.471093317E1,-2.938817896E-2,-6.610879558E-1,2.860149457E-1
1.472095417E1,-5.576982927E-1,2.716364962E-1,1.559676071E-1
1.473097617E1,-5.190210807E-1,8.903771621E-1,-6.559754428E-1
1.474099717E1,8.506902091E-2,8.210841483E-1,-8.679937282E-1
1.475101817E1,1.259089863E0,2.757815874E-1,1.512028572E-1
1.476103917E1,1.973581755E0,-3.955290556E-2,1.090595766E0
1.477106117E1,1.615057974E0,-3.323984224E-1,9.152602807E-1
1.478108217E1,7.631234770E-1,-3.453570217E-1,4.085487583E-1
1.479110317E1,4.201044644E-1,1.137967569E-1,3.531251939E-1
1.480112417E1,8.746421586E-1,7.745987839E-1,4.657511920E-2
1.481114617E1,1.841724411E0,1.207229007E0,2.692818224E-1
1.482116717E1,1.828504295E0,9.831245273E-1,4.239859924E-1
1.483118817E1,7.853052550E-1,3.204437900E-1,2.597529075E-1
1.484121017E1,3.104867857E-1,-3.442156452E-1,6.413313836E-2
1.485123117E1,1.839172979E-1,-6.095459193E-1,-2.491824572E-1
1.486125217E1,1.495473643E-1,-2.888828588E-1,2.925973025E-1
1.487127317E1,2.623493636E-1,-1.344187170E-1,2.478402288E-1
1.488129517E1,3.432033460E-1,-4.320466715E-1,1.166779724E-1
1.489131617E1,4.890523463E-2,-4.177619237E-1,7.920375198E-2
1.490133717E1,-8.757961066E-1,-7.555655122E-2,-5.859947965E-2
1.491135917E1,-1.162537715E0,2.823842633E-1,-8.305722789E-1
1.492138017E1,-7.906951453E-1,3.200099266E-1,-8.147656471E-2
1.493140117E1,-1.338451052E-1,4.035531896E-1,5.644083381E-1
1.494142217E1,5.314328192E-1,1.142312050E-1,4.385996461E-2
1.495144417E1,3.430904947E-1,-1.070221728E-1,5.156893373E-1
1.496146517E1,-7.318608999E-2,2.547146541E-1,-1.681323007E-2
1.497148617E1,-6.066730361E-1,7.302587628E-1,-4.523031807E-1
1.498150817E1,-1.025777334E0,1.144408861E0,-5.893288788E-1
1.499152917E1,-2.715264224E-1,7.133082694E-1,4.994750082E-1
1.500155017E1,1.189240633E0,-2.284583169E-1,4.104624058E-1
1.501157117E1,1.722788683E0,-5.504937190E-1,-1.558972943E-1
1.502159317E1,8.342175794E-1,-3.158782840E-1,-1.161056761E-1
1.503161417E1,-9.801848397E-2,-1.566919309E-1,-4.446982920E-1
1.504163517E1,-5.998627840E-1,-1.348017097E-1,-1.505634642E-1
1.505165717E1,-6.256763408E-1,-2.526342148E-1,2.154010458E-1
1.506167817E1,-7.688752368E-2,-4.543672478E-1,-1.734156986E-1
1.507169917E1,6.741832338E-1,-3.932784623E-1,2.051599400E-1
1.508172017E1,9.973420322E-1,1.092148787E-1,4.579397504E-1
1.509174217E1,4.439488252E-1,-1.893328428E-3,7.603134513E-2
1.510176317E1,2.546769395E-2,-9.315134937E-1,6.404515238E-1
1.511178417E1,-5.050093979E-2,-1.317879962E0,2.557887876E-1
1.512180617E1,-2.317902066E-1,-1.173163714E0,-4.158295651E-1
1.513182717E1,-8.690278083E-2,-7.844162589E-1,-1.215693145E-1
1.514184817E1,7.524229261E-1,-1.109023851E-1,2.645489399E-1
1.515186917E1,1.488808694E0,5.883602875E-1,-2.867487712E-1
1.516189117E1,1.009077979E0,5.912529051E-1,-4.831283860E-1
1.517191217E1,4.465430886E-2,7.194998860E-2,1.976781352E-1
1.518193317E1,-1.725071874E-1,-6.804556882E-1,1.324317162E0
1.519195517E1,1.595126277E-1,-9.048624694E-1,3.053009632E-1
1.520197617E1,-1.931931746E-1,-6.859345293E-1,-5.508778811E-2
1.521199717E1,-8.549482977E-1,-4.078491390E-1,5.278189476E-1
1.522201917E1,-1.066252053E0,4.696775973E-1,-3.076395571E-1
1.523204017E1,-1.142826605E0,1.520497094E0,-4.558068323E-1
1.524206117E1,-9.430658376E-1,1.805842388E0,-6.220010734E-1
1.525208217E1,-3.565041536E-1,1.515458549E0,-5.739545023E-1
1.526210417E1,2.463958204E-2,1.153076189E0,5.402602145E-1
1.527212517E1,2.755690411E-1,4.936283773E-1,1.427328730E-1
1.528214617E1,3.612254879E-1,-2.523857081E-1,-4.557319880E-3
1.529216817E1,1.900894725E-1,-3.331883812E-1,3.242868724E-1
1.530218917E1,4.601416656E-1,4.693279338E-1,-6.132808283E-2
1.531221017E1,5.860468367E-1,2.013241373E0,-2.967600815E-1
1.532223117E1,3.958366191E-1,3.213350226E0,3.916114211E-2
1.533225317E1,9.775500843E-1,2.867365798E0,8.560860197E-1
1.534227417E1,1.636443580E0,1.682219385E0,6.667603397E-1
1.535229517E1,1.353552656E0,5.467017996E-1,2.194835718E-1
1.536231717E1,5.071205351E-1,-1.612001342E-1,6.614151075E-2
1.537233817E1,-7.285396814E-2,-2.629364240E-1,-3.563106108E-1
1.538235917E1,-6.124575403E-1,1.322798055E-1,-6.990065646E-1
1.539238017E1,-6.908444363E-1,2.618459183E-1,-4.587820418E-1
1.540240217E1,4.441214642E-1,-2.080275607E-1,-4.946534673E-1
1.541242317E1,1.927949500E0,-1.057508127E0,-5.117139615E-2
1.542244417E1,2.236770487E0,-1.692669529E0,1.391250678E-1
1.543246617E1,1.522781017E0,-1.784946193E0,1.032171484E0
1.544248717E1,2.086038038E-1,-9.142004728E-1,6.505004025E-1
1.545250817E1,-1.567087416E0,2.548058707E-1,-3.287830889E-1
1.546253017E1,-2.908892431E0,9.864059848E-1,-6.286985473E-1
1.547255117E1,-2.594188560E0,6.137465590E-1,-4.080151999E-1
1.548257217E1,-1.581623010E0,-7.383431232E-1,-6.692723036E-3
1.549259317E1,-7.745999533E-1,-2.120499773E0,4.260054745E-2
1.550261517E1,-5.115769905E-1,-2.568519284E0,8.957700491E-2
1.551263617E1,-4.948735419E-1,-1.330913406E0,8.870226145E-3
1.552265717E1,-5.350205246E-1,5.324404407E-1,4.918451227E-2
1.553267917E1,-2.662991577E-1,1.414751953E0,5.750901047E-1
1.554270017E1,5.583070609E-1,1.020983495E0,6.673006956E-1
1.555272117E1,1.025396681E0,1.808134496E-1,2.829327321E-1
1.556274217E1,9.080760992E-1,-4.327717263E-1,3.832253444E-1
1.557276417E1,6.954575971E-1,-1.545302153E-1,5.168997109E-1
1.558278517E1,6.508810562E-1,3.572590292E-1,5.806133115E-1
1.559280617E1,6.207152706E-1,8.114227939E-1,5.621863961E-2
1.560282817E1,3.562158859E-1,1.068552348E0,-1.263922441E-1
1.561284917E1,-6.708481282E-2,3.711701399E-1,3.426749039E-1
1.562287017E1,9.529061168E-2,-9.017798173E-1,3.730406642E-1
1.563289217E1,4.050015450E-1,-1.744008082E0,2.644217264E-1
1.564291317E1,6.250808018E-1,-1.447484082E0,6.559663796E-1
1.565293417E1,5.499777022E-1,-1.856555289E-1,6.081430992E-1
1.566295617E1,4.520154977E-1,1.206323858E0,-1.351559778E-1
1.567297679E1,5.487512487E-1,1.803803464E0,-1.202210196E-1
1.568299779E1,7.059545186E-1,1.437898157E0,4.340972900E-3
1.569301879E1,1.160971392E0,3.622607374E-1,1.528508949E-1
1.570304079E1,1.424255141E0,-6.778595245E-1,5.372246325E-1
1.571306179E1,1.493042370E0,-9.249605191E-1,4.869105478E-1
1.572308279E1,1.503713539E0,-7.772370476E-1,2.576984882E-1
1.573310479E1,1.455638024E0,-4.519120020E-1,1.610253024E-1
1.574312579E1,1.233386527E0,1.896661341E-1,2.821398497E-1
1.575314679E1,6.168637097E-1,7.545568675E-1,3.624794233E-1
1.576316879E1,2.870120421E-1,8.958098102E-1,1.233668216E-1
1.577318979E1,4.154531506E-1,4.604606313E-1,-1.387099886E-1
1.578321079E1,4.528212440E-1,-2.833964163E-1,-7.328888404E-1
1.579323179E1,2.665859637E-1,-5.933456236E-1,-1.066305263E0
1.580325379E1,-2.852382892E-1,-2.149898404E-1,-4.358935547E-1
1.581327479E1,-8.842054260E-1,3.163565862E-1,3.179236035E-1
1.582329579E1,-8.470756066E-1,6.245849580E-1,2.266228759E-1
1.583331779E1,-2.951931739E-1,3.848941398E-1,8.472849369E-2
1.584333879E1,1.052297089E-1,2.960445285E-3,-1.497144850E-1
1.585335979E1,4.603571355E-2,-1.429158908E-1,-3.402564589E-1
1.586338179E1,-5.336414587E-1,1.342719519E-1,-3.372439734E-1
1.587340279E1,-1.245509559E0,6.293141860E-1,-2.733105540E-1
1.588342379E1,-1.596791564E0,9.411362565E-1,-5.508075317E-2
1.589344479E1,-1.681819728E0,7.865253496E-1,6.740611732E-1
1.590346679E1,-1.615833314E0,4.636695832E-1,8.393830097E-1
1.591348779E1,-1.200489507E0,2.810984606E-1,2.730568031E-1
1.592350879E1,-7.748317954E-1,3.914857060E-1,-2.196061989E-1
1.593353079E1,-4.782364592E-1,4.816673130E-1,-3.459376502E-1
1.594355179E1,-2.467273575E-1,4.353830928E-1,-6.362904990E-1
1.595357279E1,2.622154623E-2,2.435207444E-1,-5.038779616E-1
1.596359479E1,7.117230892E-2,-1.563989854E-1,3.382018204E-1
1.597361579E1,-1.056454459E-1,-2.744349736E-1,5.397026825E-1
1.598363679E1,-9.047221363E-2,-1.177997607E-1,7.338197172E-1
1.599365879E1,1.270521024E-1,9.149606109E-2,1.065603597E0
1.600367979E1,5.014022505E-1,3.606679559E-2,6.595682645E-1
1.601370079E1,7.771250734E-1,-1.833096260E-1,2.025592081E-1
1.602372179E1,1.019049820E0,-1.446308792E-1,1.763661305E-1
1.603374379E1,1.407832651E0,-8.038693607E-2,4.018510286E-1
1.604376479E1,1.559593625E0,-1.431275600E-1,1.067972889E0
1.605378579E1,1.297015343E0,-9.657846093E-2,1.522163551E0
1.606380779E1,9.692628255E-1,-6.088003993E-2,8.911671209E-1
1.607382879E1,8.529330549E-1,-1.391771811E-1,1.458085084E-1
1.608384979E1,6.550276092E-1,7.213826895E-2,-3.052655693E-1
1.609387179E1,5.039709324E-1,3.001902044E-1,-5.988449299E-1
1.610389279E1,4.137606740E-1,3.860507190E-2,-3.501698649E-1
1.611391379E1,4.522520176E-1,-2.836314744E-1,2.321894252E-1
1.612393579E1,9.533981600E-1,-2.602145451E-1,1.755439389E-1
1.613395679E1,1.725079183E0,7.653946817E-2,-1.609036803E-1
1.614397779E1,2.123152362E0,4.481516576E-1,1.662538826E-2
1.615399879E1,1.975107879E0,8.105334324E-1,1.891872472E-1
1.616402079E1,1.909610293E0,1.123304506E0,2.260972112E-1
1.617404179E1,1.650042450E0,1.033056825E0,4.452853525E-1
1.618406279E1,1.027888764E0,9.245950681E-1,5.164102989E-1
1.619408479E1,5.766129389E-1,1.006800488E0,6.315975237E-1
1.620410579E1,4.655482936E-1,1.210074263E0,6.264677614E-1
1.621412679E1,8.549784109E-1,1.195816412E0,6.175145048E-1
1.622414879E1,1.476202974E0,1.000785457E0,6.148703939E-1
1.623416979E1,2.040979687E0,8.798662072E-1,5.240368223E-1
1.624419079E1,2.388634079E0,9.133368391E-1,5.421783571E-1
1.625421279E1,2.239510200E0,1.166240610E0,8.975558618E-1
1.626423379E1,1.641154974E0,1.571450901E0,1.216171812E0
1.627425479E1,1.208129917E0,1.804443734E0,1.371470279E0
1.628427579E1,9.674117433E-1,1.876487862E0,1.363027484E0
1.629429779E1,6.280237055E-1,1.941628184E0,9.709827109E-1
1.630431879E1,4.285322025E-1,1.959473301E0,2.376366913E-1
1.631433979E1,5.729614989E-1,1.818717372E0,-2.872123092E-1
1.632436179E1,6.111854786E-1,1.437056742E0,-6.671462560E-1
1.633438279E1,7.120872246E-1,8.602944070E-1,-1.197163757E0
1.634440379E1,1.130701014E0,2.824871743E-1,-1.402572203E0
1.635442579E1,1.282250831E0,-9.347300470E-2,-1.374837105E0
1.636444679E1,9.937294031E-1,-2.557706612E-1,-1.697845630E0
1.637446779E1,7.485784549E-1,-3.318604785E-1,-2.031039859E0
1.638448979E1,3.593206843E-1,-3.633021265E-1,-2.191283096E0
1.639451079E1,4.060277313E-2,-5.448979336E-1,-2.507550366E0
1.640453179E1,1.146953277E-1,-1.092399632E0,-2.750441365E0
1.641455379E1,3.555627519E-1,-1.752459063E0,-2.789325349E0
1.642457479E1,5.514329280E-1,-2.212147277E0,-2.834850601E0
1.643459579E1,6.100049257E-1,-2.097919580E0,-3.008092491E0
1.644461779E1,9.012842658E-1,-1.556531730E0,-3.210326630E0
1.645463879E1,1.521903057E0,-1.073046518E0,-3.228900896E0
1.646465979E1,2.187137859E0,-7.026195592E-1,-3.028431446E0
1.647468179E1,2.641796298E0,-4.155879289E-1,-2.590096094E0
1.648470279E1,2.824727024E0,-5.488839805E-2,-2.002053895E0
1.649472379E1,3.057812243E0,5.260172743E-1,-1.519532304E0
1.650474579E1,3.347777129E0,1.181653286E0,-1.044713835E0
1.651476679E1,3.479478645E0,1.799708658E0,-6.768315109E-1
1.652478779E1,3.346124121E0,2.183353833E0,-3.401886678E-1
1.653480879E1,2.978675734E0,2.562156343E0,-1.835372289E-1
1.654483079E1,2.515465742E0,3.226422261E0,-3.309885125E-1
1.655485179E1,1.999492815E0,3.799837065E0,-6.095511818E-1
1.656487279E1,1.455111775E0,4.278711163E0,-7.872701387E-1
1.657489479E1,7.154109281E-1,4.689648217E0,-7.614830406E-1
1.658491579E1,-2.184701031E-1,5.103843339E0,-6.583592065E-1
1.659493679E1,-1.273989007E0,5.295588743E0,-5.189263558E-1
1.660495879E1,-2.589897289E0,5.247393653E0,-2.904355869E-1
1.661497979E1,-3.593511629E0,5.082217412E0,6.548062921E-2
1.662500079E1,-4.103377140E0,4.992014755E0,5.143020853E-1
1.663502279E1,-4.558802149E0,5.015311816E0,1.006108178E0
1.664504379E1,-5.092796195E0,5.155210544E0,1.514673268E0
1.665506479E1,-5.244599268E0,5.165508660E0,2.130983538E0
1.666508679E1,-4.738335643E0,5.082513866E0,3.429193467E0
1.667510796E1,-4.601792048E0,5.060234220E0,4.671459868E0
1.668512896E1,-4.589571367E0,4.725719983E0,4.713173612E0
1.669515096E1,-3.958782513E0,4.761896998E0,4.253084571E0
1.670517196E1,-3.178679745E0,5.492845148E0,4.687248227E0
1.671519296E1,-4.339022854E0,6.590193279E0,4.736452255E0
1.672521496E1,-6.016516519E0,6.805802339E0,3.170509138E0
1.673523596E1,-6.434064435E0,6.533054287E0,2.484874864E0
1.674525696E1,-5.086868287E0,5.130218375E0,3.365350935E0
1.675527896E1,-2.205030631E0,2.225807542E0,4.734524720E0
1.676529996E1,1.208801324E0,-1.563841627E0,3.863262398E0
1.677532096E1,4.568477536E0,-4.409746389E0,6.512234107E-1
1.678534296E1,8.004987917E0,-6.251515532E0,-1.847961344E0
1.679536396E1,1.085192471E1,-7.297854892E0,-4.000112095E0
1.680538496E1,1.126705364E1,-6.589895071E0,-4.311966910E0
1.681540696E1,8.250759255E0,-4.176646552E0,-2.804543605E0
1.682542796E1,3.297609773E0,-1.240649061E0,-6.506641245E-1
1.683544896E1,-1.240344129E0,6.145762789E-1,1.076890185E0
1.684547096E1,-5.036491601E0,1.481821856E0,1.521991643E0
1.685549196E1,-7.580629749E0,1.570703042E0,1.542988994E0
1.686551296E1,-8.160874102E0,1.247328043E0,1.067408340E0
1.687553496E1,-6.294189681E0,7.184947497E-1,-1.080354953E-1
1.688555596E1,-3.489531763E0,-1.914056808E-1,-2.200915360E0
1.689557696E1,-1.370137698E0,-9.592041528E-1,-4.042728649E0
1.690559796E1,-5.540856636E-1,-1.580156236E0,-4.728753226E0
1.691561996E1,-5.954927212E-1,-1.985891606E0,-3.937657692E0
1.692564096E1,-6.348930144E-1,-2.080213627E0,-2.104622244E0
1.693566196E1,-2.470624030E-1,-1.870967506E0,-2.745640509E-1
1.694568396E1,4.247838449E-1,-1.224168976E0,1.380657570E0
1.695570496E1,9.833572465E-1,-1.980451941E-3,2.579274652E0
1.696572596E1,1.428643768E0,1.205515773E0,2.618196058E0
1.697574796E1,1.761570779E0,1.637348437E0,1.692399534E0
1.698576896E1,1.931248791E0,1.176632867E0,5.987443578E-1
1.699578996E1,1.824250007E0,1.940018445E-1,4.680593804E-2
1.700581196E1,1.472717741E0,-8.444426054E-1,1.181151449E-1
1.701583296E1,7.444493705E-1,-1.432880076E0,3.844567680E-1
1.702585396E1,-2.334489155E-1,-1.420858786E0,7.149109912E-1
1.703587596E1,-1.033097756E0,-9.236115664E-1,8.678378999E-1
1.704589696E1,-1.388147707E0,-2.299663138E-1,6.626954285E-1
1.705591796E1,-1.414437958E0,4.697179431E-1,1.938212387E-1
1.706593996E1,-1.121876616E0,8.187224579E-1,-6.127390838E-1
1.707596096E1,-6.111720300E-1,3.545400739E-1,-1.170269927E0
1.708598196E1,-5.027512032E-1,-6.201083297E-1,-1.122645525E0
1.709600396E1,-1.109974608E0,-1.542836382E0,-6.432662272E-1
1.710602496E1,-1.905478942E0,-2.135752820E0,-1.822320207E-1
1.711604596E1,-2.485475957E0,-2.258289410E0,-4.221324250E-4
1.712606796E1,-2.589140074E0,-1.969215932E0,-1.119893825E-1
1.713608896E1,-2.107410781E0,-1.443996218E0,-4.820959504E-1
1.714610996E1,-1.392469969E0,-7.722066879E-1,-8.132798696E-1
1.715613196E1,-7.714412874E-1,-2.319531977E-1,-6.606406438E-1
1.716615296E1,-3.278861260E-1,1.514440548E-1,-1.033647394E-1
1.717617396E1,1.440011340E-1,3.882516110E-1,2.663103405E-1
1.718619596E1,6.311431950E-1,5.391378415E-1,3.308005245E-1
1.719621696E1,1.063930709E0,8.050025511E-1,6.874103665E-2
1.720623796E1,1.332058291E0,1.220005758E0,-2.520652807E-1
1.721625996E1,1.465283006E0,1.574577407E0,-2.213615513E-1
1.722628096E1,1.486313102E0,1.602849864E0,1.211870527E-1
1.723630196E1,1.301228262E0,1.319175121E0,5.070424747E-1
1.724632296E1,9.750816822E-1,8.066830409E-1,8.325593821E-1
1.725634496E1,4.041262168E-1,4.233980548E-1,1.401190506E0
1.726636596E1,-1.171021879E-1,2.767434543E-1,1.398991953E0
1.727638696E1,-4.391843677E-3,1.632256097E-1,7.437108672E-1
1.728640896E1,3.751310438E-1,3.808461124E-1,1.353782451E-1
1.729642996E1,7.302061379E-1,8.588717794E-1,-3.587162284E-1
1.730645096E1,1.117219893E0,1.239461491E0,-6.498455143E-1
1.731647296E1,1.347508389E0,1.321697025E0,-6.333763198E-1
1.732649396E1,1.342456979E0,8.794697660E-1,-3.944414369E-1
1.733651496E1,1.160679324E0,-6.960320860E-2,-9.839106124E-2
1.734653696E1,6.100791854E-1,-1.000572911E0,-2.837536812E-2
1.735655796E1,-1.868998164E-1,-1.581388536E0,-1.317739848E-1
1.736657896E1,-8.495799690E-1,-1.726773414E0,-2.974256043E-1
1.737660096E1,-1.082766929E0,-1.606531271E0,-3.533250225E-1
1.738662196E1,-7.837245333E-1,-1.244896478E0,-2.908954704E-1
1.739664296E1,-1.515832186E-1,-4.562135062E-1,-2.473851693E-1
1.740666496E1,6.088413298E-1,3.676030460E-1,-1.598991287E-1
1.741668596E1,1.092775024E0,9.076942760E-1,-4.828279853E-2
1.742670696E1,1.093742153E0,1.283251289E0,1.575917808E-1
1.743672896E1,7.999868095E-1,1.285641046E0,4.951351682E-1
1.744674996E1,6.107674026E-1,8.805357134E-1,7.224901521E-1
1.745677096E1,7.563028461E-1,3.890117490E-1,7.113243091E-1
1.746679196E1,1.055162224E0,-6.694652617E-2,5.496394773E-1
1.747681396E1,1.162015412E0,-3.821634901E-1,2.340523847E-1
1.748683496E1,1.060206032E0,-5.413656306E-1,9.435999077E-2
1.749685596E1,5.916288811E-1,-4.623954749E-1,3.413370609E-2
1.750687796E1,3.279703259E-3,-1.112614042E-1,-3.121945381E-2
1.751689896E1,-3.402945024E-1,3.918090570E-1,1.120349725E-1
1.752691996E1,-6.116246045E-1,9.368835765E-1,2.747349540E-1
1.753694196E1,-6.927547216E-1,1.259577375E0,2.221123338E-1
1.754696296E1,-4.921314901E-1,1.268799019E0,-3.143697023E-2
1.755698396E1,7.198858023E-2,1.015044478E0,-2.606244349E-1
1.756700596E1,9.143191713E-1,4.600372928E-1,1.253128481E-1
1.757702696E1,1.467103245E0,-3.037511587E-2,9.271403611E-1
1.758704796E1,1.789794704E0,-3.143498218E-1,1.453920697E0
1.759706996E1,2.001397837E0,-3.469357699E-1,1.741538218E0
1.760709096E1,1.983362101E0,2.296143115E-2,1.895780751E0
1.761711196E1,2.078946535E0,5.206278956E-1,1.244806724E0
1.762713396E1,2.321449279E0,7.085889816E-1,6.234640467E-1
1.763715496E1,2.248618700E0,5.306623024E-1,-4.359379935E-1
1.764717596E1,1.755179772E0,7.527997792E-2,-1.705935692E0
1.765719796E1,6.349175727E-1,-9.880917370E-2,-1.277353495E0
1.766721896E1,-5.758513391E-1,-4.803136826E-2,-1.909378853E-1
1.767724008E1,-1.234976385E0,-2.774158841E-1,2.624581218E-2
1.768726108E1,-1.429066522E0,-5.102490878E-1,-2.948469822E-1
1.769728308E1,-1.654159182E0,-4.732110697E-1,9.832681496E-2
1.770730408E1,-1.884671625E0,-2.249172431E-1,7.762114459E-1
1.771732508E1,-1.594486007E0,1.054749995E-1,1.004411316E0
1.772734708E1,-7.904342133E-1,4.190249223E-1,5.932397890E-1
1.773736808E1,1.847720146E-1,2.271894711E-1,8.211876440E-1
1.774738908E1,4.313572848E-1,-2.990692931E-1,1.199245804E0
1.775741108E1,2.011278462E-1,-1.008584474E0,6.204030293E-1
1.776743208E1,-1.192674118E-1,-2.036496919E0,3.128727786E-1
1.777745308E1,-5.104180723E-1,-2.875747781E0,5.440184758E-1
1.778747508E1,-6.941106910E-1,-3.401344641E0,5.979648509E-1
1.779749608E1,-9.382933402E-1,-3.546064398E0,4.151908299E-1
1.780751708E1,-1.324910070E0,-3.138750279E0,8.316312097E-2
1.781753908E1,-1.670644822E0,-2.468747073E0,-2.552098402E-1
1.782756008E1,-2.024047612E0,-1.538655038E0,-8.861121299E-1
1.783758108E1,-2.334238309E0,-5.488506514E-1,-1.052764427E0
1.784760208E1,-2.710090899E0,3.747872275E-1,-1.041820632E0
1.785762408E1,-2.765096827E0,1.047521667E0,-2.040946650E0
1.786764508E1,-2.005980300E0,1.345561851E0,-2.672514938E0
1.787766608E1,-5.059016830E-1,1.763527257E0,-2.274731780E0
1.788768808E1,1.368698114E0,2.420056139E0,-1.070154997E0
1.789770908E1,3.286476674E0,3.201606678E0,6.468189955E-3
1.790773008E1,4.608739125E0,4.100547672E0,6.415676111E-1
1.791775208E1,4.931767384E0,5.255483860E0,6.472686464E-1
1.792777308E1,4.627642003E0,5.792333686E0,-2.524769247E-2
1.793779408E1,4.101604264E0,4.578731799E0,1.078618403E0
1.794781608E1,2.554511109E0,2.080515928E0,2.666072475E0
1.795783708E1,1.134758032E0,-4.138121295E-1,2.485163716E0
1.796785808E1,1.334750934E0,-2.471088883E0,1.165987426E0
1.797788008E1,1.623457206E0,-3.546302964E0,-1.007256571E0
1.798790108E1,6.213064241E-1,-2.814084215E0,-1.729031755E0
1.799792208E1,-8.293176126E-1,-7.942243785E-1,-3.905678393E-1
1.800794308E1,-1.702558925E0,8.229225129E-1,-5.325269794E-1
1.801796508E1,-1.881307138E0,1.031845867E0,-1.799527395E0
1.802798608E1,-2.141407077E0,9.069148421E-2,-2.357845858E0
1.803800708E1,-2.408486254E0,-1.248154839E0,-1.617742723E0
1.804802908E1,-2.056296760E0,-2.368228759E0,3.828474681E-1
1.805805008E1,-1.548009998E0,-2.734978988E0,1.124121070E0
1.806807108E1,-6.979423714E-1,-2.763234488E0,1.306449533E0
1.807809308E1,4.643852824E-1,-2.576510673E0,1.033708790E0
1.808811408E1,1.106121293E0,-2.238468518E0,-4.152658935E-1
1.809813508E1,7.550696683E-1,-2.245103354E0,-1.013849453E0
1.810815708E1,-5.281421524E-1,-2.144351735E0,-7.668711036E-1
1.811817808E1,-1.635282031E0,-1.674282959E0,-1.360393898E0
1.812819908E1,-2.832990602E0,-1.369522571E0,-1.611811307E-1
1.813822008E1,-4.448297374E0,-6.931447309E-1,5.712991355E-1
1.814824208E1,-4.873698100E0,2.427296162E-2,-5.605576542E-1
1.815826308E1,-4.247953640E0,3.912617576E-1,-1.202855290E0
1.816828408E1,-3.287149689E0,4.896130943E-1,-1.517549659E0
1.817830608E1,-2.324965795E0,2.253306413E-1,-1.659566979E0
1.818832708E1,-1.790464211E0,7.497241437E-2,-1.461627912E0
1.819834808E1,-1.226790867E0,1.486151719E-1,-7.308272584E-1
1.820837008E1,2.363619983E-1,2.452088356E-2,7.680748992E-1
1.821839108E1,1.599392990E0,-7.934028447E-2,7.842326564E-1
1.822841208E1,2.371483904E0,1.479216921E-1,-6.628041136E-1
1.823843308E1,2.795704662E0,7.278871322E-1,-1.389624567E0
1.824845508E1,2.076850308E0,1.056778979E0,-1.157237653E0
1.825847608E1,7.543685871E-1,1.325855564E0,-1.785967702E-1
1.826849708E1,-1.404460269E-1,1.615588608E0,9.769843662E-1
1.827851908E1,-9.172106194E-1,1.751643961E0,1.124481624E0
1.828854008E1,-8.117970157E-1,2.079863963E0,7.681487203E-1
1.829856108E1,4.815778506E-1,2.514613218E0,5.195093232E-1
1.830858308E1,2.389116182E0,2.068444936E0,9.056015575E-1
1.831860408E1,3.381197475E0,6.332750899E-1,1.507085921E0
1.832862508E1,3.264976462E0,-8.525830990E-1,1.469796472E0
1.833864708E1,2.989179672E0,-1.725172446E0,1.689406782E0
1.834866808E1,1.972194504E0,-2.423203695E0,1.754175221E0
1.835868908E1,1.271454824E0,-2.193506353E0,1.842987410E0
1.836871008E1,1.315698951E0,-1.010229295E0,1.205923909E0
1.837873208E1,1.523662192E0,2.647467220E-1,3.581437129E-1
1.838875308E1,1.422924607E0,1.447741944E0,-2.663547063E-1
1.839877408E1,1.106149945E0,2.151627426E0,-1.037160401E0
1.840879608E1,1.122861287E0,2.389675176E0,-1.162144636E0
1.841881708E1,1.033857309E0,2.288307846E0,-1.033185464E0
1.842883808E1,7.859803891E-1,1.958695621E0,3.418598020E-1
1.843886008E1,6.902638078E-3,1.191845568E0,1.220102237E0
1.844888108E1,-6.563125348E-1,3.067385012E-1,1.316569017E0
1.845890208E1,-4.387832487E-1,-2.855669028E-1,8.124612594E-1
1.846892308E1,5.121248746E-1,4.622650820E-1,-1.561107761E0
1.847894508E1,2.675519237E0,2.757624670E0,-3.914312099E0
1.848896608E1,4.975215704E0,4.672003074E0,-4.923009424E0
1.849898708E1,5.660525751E0,5.023441200E0,-4.516959473E0
1.850900908E1,2.920411738E0,3.781413658E0,-2.995285335E0
1.851903008E1,-1.599974788E0,1.035657082E0,-5.248607681E-1
1.852905108E1,-5.915692980E0,-2.181493834E0,1.757397183E0
1.853907308E1,-8.994039767E0,-4.473493026E0,3.213843146E0
1.854909408E1,-9.633184876E0,-5.390786676E0,3.810961393E0
1.855911508E1,-7.508098547E0,-4.618950702E0,2.992823657E0
1.856913608E1,-3.438109009E0,-2.642127542E0,2.138894967E0
1.857915808E1,1.019881294E0,-1.398677373E-1,1.454312899E0
1.858917908E1,4.794020432E0,2.021485947E0,6.072508872E-1
1.859920008E1,6.282407541E0,2.469994869E0,-7.823574543E-1
1.860922208E1,5.003460095E0,1.329020078E0,-1.025025675E0
1.861924308E1,2.120191625E0,-2.300332645E-1,-4.344288272E-1
1.862926408E1,-7.046596527E-1,-1.319681489E0,-9.249783531E-2
1.863928608E1,-2.970747494E0,-2.362378327E0,7.574505083E-1
1.864930708E1,-4.569258724E0,-2.719251440E0,6.737904471E-1
1.865932808E1,-4.506021087E0,-1.745951112E0,5.532512659E-1
1.866934908E1,-2.760108567E0,-6.923644200E-1,7.385951382E-1
1.867937021E1,-8.081553698E-2,2.039035195E-1,6.213062780E-1
1.868939121E1,2.439465972E0,4.485399127E-1,1.551503125E0
1.869941221E1,2.308609963E0,-7.348497042E-1,3.417960089E0
1.870943421E1,2.826409560E-1,-2.234712559E0,3.142576697E0
1.871945521E1,4.507530838E-1,-1.852361666E0,9.625550459E-1
1.872947621E1,1.005000715E0,-8.513376421E-1,-6.603897983E-1
1.873949721E1,7.435804743E-1,-3.169880855E-1,-2.307883739E0
1.874951921E1,7.621635103E-1,3.164863944E-1,-2.849188266E0
1.875954021E1,-2.789414227E-1,8.714321834E-1,-1.800942567E0
1.876956121E1,-1.914583642E0,1.082201211E0,1.805858468E-1
1.877958321E1,-3.320345501E0,4.868005836E-1,2.482269344E0
1.878960421E1,-3.439114146E0,-1.675396854E-1,3.838203571E0
1.879962521E1,-1.109499815E0,-4.229188755E-1,4.925479288E0
1.880964621E1,1.906398709E0,-1.256344157E0,4.674515623E0
1.881966821E1,3.671976585E0,-2.002795322E0,3.808381602E0
1.882968921E1,4.106748059E0,-2.453274756E0,3.017610004E0
1.883971021E1,3.483427269E0,-2.493230827E0,1.327647736E0
1.884973221E1,2.898350194E0,-2.000561978E0,-1.688892227E0
1.885975321E1,2.285067903E0,-1.038331014E0,-4.341719005E0
1.886977421E1,5.515520650E-1,1.992982525E-1,-5.313684121E0
1.887979621E1,-2.413551112E0,9.702901813E-1,-4.965188899E0
1.888981721E1,-5.348315426E0,1.276454778E0,-3.583994409E0
1.889983821E1,-7.448047643E0,1.489540181E0,-1.790277684E0
1.890985921E1,-7.926781992E0,1.234325882E0,-9.721120276E-1
1.891988121E1,-6.163459387E0,-2.184654254E-1,6.976007478E-1
1.892990221E1,-3.193405373E0,-1.810215520E0,2.289287839E0
1.893992321E1,-2.167288023E-1,-2.664537581E0,3.329149069E0
1.894994521E1,2.118926872E0,-3.156172058E0,3.092732107E0
1.895996621E1,4.106548085E0,-3.539201228E0,1.568869940E0
1.896998721E1,5.397343744E0,-3.190585261E0,7.306821012E-1
1.898000821E1,4.891580640E0,-1.880060511E0,7.877807468E-1
1.899003021E1,3.141545248E0,-3.904109877E-1,4.234423475E-1
1.900005121E1,4.614330232E-1,5.223750436E-1,-4.890625790E-1
1.901007221E1,-2.043783719E0,6.886116770E-1,-3.770986319E-1
1.902009421E1,-3.567643547E0,1.278993639E-1,2.722522080E-2
1.903011521E1,-3.623064042E0,-6.161541501E-1,4.580796450E-2
1.904013621E1,-2.862952904E0,-6.621305144E-1,-1.042903537E-1
1.905015721E1,-1.266364238E0,-2.040005833E-1,-4.404239774E-2
1.906017921E1,2.981290609E-1,7.395847794E-1,6.419994280E-2
1.907020021E1,1.876042305E0,1.770367038E0,1.829878829E-1
1.908022121E1,3.497617877E0,2.266872830E0,-2.196367688E-1
1.909024321E1,5.025464337E0,2.368940365E0,-1.677858531E-2
1.910026421E1,4.430808352E0,1.528893111E0,4.724551709E-1
1.911028521E1,1.664844384E0,2.602684857E-1,2.849680017E-1
1.912030621E1,-6.026350951E-1,-6.060549854E-1,4.377937536E-1
1.913032821E1,-2.169174920E0,-9.726125492E-1,-1.746387899E-1
1.914034921E1,-2.052601320E0,-8.238773632E-1,-1.063814349E0
1.915037021E1,-1.300985602E0,-7.019980001E-1,-7.603323086E-1
1.916039221E1,-1.475303965E0,-9.802415577E-1,-3.621889628E-1
1.917041321E1,-1.854934441E0,-1.367422982E0,-2.665482491E-1
1.918043421E1,-2.508906335E0,-1.883457013E0,-2.551110953E-1
1.919045521E1,-3.176560130E0,-1.827355464E0,-7.735815145E-1
1.920047721E1,-2.300295222E0,-1.341366035E0,-5.016349697E-1
1.921049821E1,-1.111549264E0,-6.946983361E-1,-6.917462231E-1
1.922051921E1,7.247916162E-1,2.964026704E-2,-4.702285512E-1
1.923054121E1,2.078547170E0,3.974160983E-1,2.250194232E-1
1.924056221E1,2.134485728E0,4.237287149E-1,7.179492044E-1
1.925058321E1,1.324735238E0,-3.959339753E-2,8.183786416E-1
1.926060421E1,5.954845351E-1,-1.411849688E-1,1.075408208E-1
1.927062621E1,6.733080518E-1,4.681994212E-1,1.471172614E-1
1.928064721E1,1.109941864E-1,7.873957077E-1,5.699398041E-1
1.929066821E1,-8.955162799E-1,7.855263528E-1,4.352258027E-2
1.930069021E1,-1.050068715E0,4.981076369E-1,-1.325335747E-1
1.931071121E1,-1.524084946E0,-1.481172815E-2,-2.318710443E-1
1.932073221E1,-2.455534705E0,-8.494098882E-1,-4.933424485E-1
1.933075321E1,-3.411762625E0,-1.776584382E0,-1.798991351E0
1.934077521E1,-3.329190000E0,-2.141598866E0,-2.691788822E0
1.935079621E1,-2.885492751E0,-1.575097079E0,-2.877983757E0
1.936081721E1,-2.289780759E0,-2.781145533E-1,-3.085137159E0
1.937083921E1,-1.153123552E0,1.030649161E0,-2.616907332E0
1.938086021E1,-1.872968423E-1,2.312811772E0,-2.014541209E0
1.939088121E1,4.769836932E-1,3.248991636E0,-7.963996889E-1
1.940090221E1,1.283072072E-1,3.676328083E0,4.283113240E-1
1.941092421E1,-5.171663439E-1,3.601728137E0,7.475828934E-1
1.942094521E1,-4.206557107E-1,3.165953865E0,1.041637614E0
1.943096621E1,-1.979715192E-1,3.215825060E0,1.663031308E0
1.944098821E1,-4.600431401E-1,4.008091790E0,2.451380258E0
1.945100921E1,-1.350009243E0,5.051047660E0,3.257252875E0
1.946103021E1,-2.608241758E0,6.157847230E0,3.658737320E0
1.947105121E1,-4.140996371E0,7.638289143E0,4.347887818E0
1.948107321E1,-6.100556211E0,9.206733406E0,5.376189103E0
1.949109421E1,-7.579842129E0,1.043925630E1,5.048772508E0
1.950111521E1,-8.081157841E0,1.036687245E1,1.664376606E0
1.951113721E1,-9.478820722E0,8.542444684E0,-1.734891688E0
1.952115821E1,-9.666652585E0,6.565680581E0,-1.675183430E-1
1.953117921E1,-7.862855553E0,5.182586038E0,2.364726861E0
1.954120021E1,-5.524848129E0,4.752820950E0,2.407737810E0
1.955122221E1,-2.899206811E0,5.020430469E0,1.758436964E0
1.956124321E1,8.221419096E-2,5.165789326E0,-1.632577693E-1
1.957126421E1,1.121466726E0,5.067216380E0,-2.132663151E0
1.958128621E1,-6.860608292E-1,4.674920250E0,-2.676925200E0
1.959130721E1,-3.800538731E0,3.862993134E0,-2.841622261E0
1.960132821E1,-7.078114189E0,3.356299446E0,-3.929392068E0
1.961134921E1,-9.887674413E0,3.034713402E0,-4.652684458E0
1.962137121E1,-1.223144193E1,2.254427032E0,-4.451598712E0
1.963139221E1,-1.402321358E1,1.793583408E0,-4.397025479E0
1.964141321E1,-1.438617832E1,2.099135070E0,-4.367780630E0
1.965143521E1,-1.306333933E1,2.722815025E0,-4.570993009E0
1.966145621E1,-1.118007981E1,2.925324276E0,-4.820998315E0
1.967147721E1,-9.589768716E0,2.523946543E0,-4.658719370E0
1.968149817E1,-8.209366230E0,1.602413662E0,-4.065613482E0
1.969152017E1,-6.746614484E0,3.748915272E-1,-3.446682782E0
1.970154117E1,-4.895949095E0,-1.294571060E0,-2.430013947E0
1.971156217E1,-2.578098777E0,-3.437689472E0,-1.401305112E0
1.972158417E1,-2.271660823E-1,-5.608458050E0,-4.712124914E-1
1.973160517E1,1.782475160E0,-7.391348362E0,2.918345332E-1
1.974162617E1,3.716523013E0,-8.308501094E0,1.609142053E-1
1.975164717E1,5.483403649E0,-7.925534781E0,-1.020354919E0
1.976166917E1,7.242690505E0,-6.149764039E0,-3.564648018E0
1.977169017E1,1.114014801E1,-3.771624250E0,-5.283229483E0
1.978171117E1,1.613648853E1,-1.416748485E0,-3.818870922E0
1.979173317E1,2.098088331E1,1.800694645E0,-1.218359767E0
1.980175417E1,2.408255522E1,6.509151455E0,-5.568139744E-1
1.981177517E1,2.153904214E1,1.187750646E1,-1.169654215E0
1.982179617E1,1.504397605E1,1.402550686E1,-2.096264234E0
1.983181817E1,1.302713104E1,9.374268998E0,-2.233522943E0
1.984183917E1,9.621904428E0,2.961106605E0,-1.848540511E0
1.985186017E1,6.962145776E0,6.236991048E-1,-1.584242270E0
1.986188217E1,5.254008608E0,-2.614237493E-1,-1.533315945E0
1.987190317E1,2.653112122E0,-1.037085557E-1,-1.858463820E0
1.988192417E1,3.412107903E0,1.372411680E-1,-1.999099297E0
1.989194517E1,3.187812804E0,-4.703114355E-1,-1.975016955E0
1.990196717E1,1.832001661E0,5.950021398E-1,-2.601699893E0
1.991198817E1,2.069692585E0,2.726155540E0,-3.176039143E0
1.992200917E1,3.743056216E0,3.907852095E0,-2.690786902E0
1.993203117E1,6.615162644E0,4.188602647E0,-1.400929720E0
1.994205217E1,9.559294782E0,4.165635953E0,-4.272808984E-1
1.995207317E1,1.134339956E1,2.638848424E0,-1.381556726E-1
1.996209417E1,1.141289372E1,-7.205880529E-1,-3.306878194E-1
1.997211617E1,1.080301509E1,-3.554951581E0,-3.724077031E-1
1.998213717E1,9.913936597E0,-5.270010098E0,-6.136901334E-2
1.999215817E1,9.043755133E0,-6.011551064E0,-1.753566818E-1
2.000218017E1,8.138174041E0,-5.827548543E0,-7.637282252E-1
2.001220117E1,7.350199751E0,-5.157856994E0,-1.705653856E0
2.002222217E1,6.839992763E0,-4.188548852E0,-2.370477598E0
2.003224317E1,6.316586856E0,-3.212301235E0,-2.582590023E0
2.004226517E1,5.512211126E0,-2.400141107E0,-2.842542028E0
2.005228617E1,4.432421014E0,-1.599103553E0,-3.245971842E0
2.006230717E1,2.935691974E0,-5.094813484E-1,-3.938857541E0
2.007232917E1,9.434640330E-1,1.232702402E0,-5.351296921E0
2.008235017E1,-1.417590192E0,3.941883475E0,-7.601773281E0
2.009237117E1,-4.065443620E0,7.447485141E0,-1.027783923E1
2.010239317E1,-7.036353375E0,1.139877503E1,-1.280525025E1
2.011241417E1,-9.899421469E0,1.400668935E1,-1.517792874E1
2.012243517E1,-1.202616256E1,1.353797186E1,-1.551094171E1
2.013245617E1,-1.309494003E1,1.169570132E1,-1.331732250E1
2.014247817E1,-1.396679847E1,1.065269721E1,-9.941592758E0
2.015249917E1,-1.425571524E1,1.034816837E1,-6.837990092E0
2.016252017E1,-1.282936300E1,1.056180692E1,-4.291568314E0
2.017254217E1,-1.019180213E1,1.103180378E1,-2.431024639E0
2.018256317E1,-7.028773044E0,1.134238565E1,-1.070489823E0
2.019258417E1,-3.614109908E0,1.124384954E1,-3.070644835E-1
2.020260517E1,-6.076112218E-1,1.061248357E1,-2.604115963E-1
2.021262717E1,1.406747992E0,9.771166887E0,-5.721895203E-1
2.022264817E1,2.517897599E0,8.981558885E0,-7.508453473E-1
2.023266917E1,2.972382960E0,8.079767958E0,-4.418001196E-1
2.024269117E1,2.884664201E0,6.963044493E0,2.962024033E-1
2.025271217E1,2.368429903E0,5.809056723E0,1.123167973E0
2.026273317E1,1.754761989E0,4.972792034E0,1.689327845E0
2.027275417E1,1.390969135E0,4.392627203E0,1.811530267E0
2.028277617E1,1.310923530E0,3.896185731E0,1.493908635E0
2.029279717E1,1.193362116E0,3.490719332E0,1.016503650E0
2.030281817E1,9.467540420E-1,3.184570815E0,6.307593253E-1
2.031284017E1,7.671696040E-1,2.884291733E0,4.591914931E-1
2.032286117E1,8.320172721E-1,2.536591147E0,4.334505880E-1
2.033288217E1,1.052681981E0,2.162160015E0,3.662590635E-1
2.034290317E1,1.367882719E0,1.866771544E0,2.192527530E-1
2.035292517E1,1.703223461E0,1.664377776E0,8.273547024E-2
2.036294617E1,2.042355244E0,1.440273880E0,-9.751737759E-2
2.037296717E1,2.387585089E0,1.006886442E0,-2.758305578E-1
2.038298917E1,2.683258319E0,2.402533203E-1,-4.349217474E-1
2.039301017E1,2.971917522E0,-7.221948677E-1,-5.450832903E-1
2.040303117E1,3.261697636E0,-1.719721672E0,-5.634973419E-1
2.041305217E1,3.537819824E0,-2.666636147E0,-5.289964306E-1
2.042307417E1,3.794507328E0,-3.529171207E0,-4.611231208E-1
2.043309517E1,4.008324802E0,-4.247605730E0,-4.275029464E-1
2.044311617E1,4.178693370E0,-4.833037732E0,-4.011856520E-1
2.045313817E1,4.297019965E0,-5.231418475E0,-3.800257480E-1
2.046315917E1,4.321439107E0,-5.471708048E0,-4.294067998E-1
2.047318017E1,4.206164759E0,-5.449581015E0,-5.742386770E-1
2.048320117E1,3.967441655E0,-5.080677840E0,-7.811764629E-1
2.049322317E1,3.661966737E0,-4.423274800E0,-9.791922017E-1
2.050324417E1,3.259313141E0,-3.569777781E0,-1.218958449E0
2.051326517E1,2.813132873E0,-2.671658905E0,-1.422392218E0
2.052328717E1,2.313376321E0,-1.862548100E0,-1.565878505E0
2.053330817E1,1.767634342E0,-1.223892403E0,-1.599661378E0
2.054332917E1,1.072212413E0,-4.656588060E-1,-1.272220809E0
2.055335117E1,-1.489303368E-1,3.871067262E-1,-1.055993114E0
2.056337217E1,-1.440641086E0,3.306641382E-1,-1.813142929E0
2.057339317E1,-2.095631565E0,7.974725068E-2,-7.610136554E-1
2.058341417E1,-3.801510246E0,-1.560130692E-1,-3.330701213E-1
2.059343617E1,-6.699169006E0,-1.938036239E-1,-1.787144454E0
2.060345717E1,-9.108159875E0,2.559431541E-1,-2.719963631E0
2.061347817E1,-1.050384230E1,2.552004992E0,-3.284430149E0
2.062350017E1,-1.159511635E1,6.123752700E0,-4.079319355E0
2.063352117E1,-8.925112789E0,6.699171930E0,-5.979919381E0
2.064354217E1,-1.216809086E0,4.498801530E0,-8.700736413E0
2.065356317E1,5.740075366E0,2.576420041E0,-1.018182444E1
2.066358517E1,9.798205581E0,1.384067520E0,-1.014099684E1
2.067360617E1,1.151986151E1,2.199628973E-1,-8.725390613E0
2.068362767E1,1.182666024E1,-1.336484048E0,-5.401815695E0
2.069364967E1,1.191858081E1,-3.187187444E0,-4.681894809E-1
2.070367067E1,1.231857246E1,-4.641607493E0,4.096914797E0
2.071369167E1,1.256809888E1,-5.033332350E0,6.247209642E0
2.072371267E1,1.204694590E1,-4.347320053E0,5.707950763E0
2.073373467E1,1.088074798E1,-2.377951509E0,3.578687768E0
2.074375567E1,9.474801931E0,3.645341349E-1,1.763466885E0
2.075377667E1,7.977781992E0,2.514149534E0,5.988997476E-1
2.076379867E1,6.335663981E0,3.231602894E0,-2.936939478E-2
2.077381967E1,4.633388062E0,2.704824312E0,-1.582605927E-1
2.078384067E1,2.881100323E0,1.840925682E0,-1.898702019E-1
2.079386267E1,9.691818416E-1,1.028337538E0,-4.084157342E-1
2.080388367E1,-8.730173635E-1,3.037610990E-1,-7.881422509E-1
2.081390467E1,-2.566525091E0,-2.315772218E-1,-1.268543496E0
2.082392567E1,-3.949380190E0,-5.993343419E-1,-1.817918057E0
2.083394767E1,-5.065979694E0,-7.435681951E-1,-2.322742245E0
2.084396867E1,-5.749660707E0,-7.461210895E-1,-2.722737257E0
2.085398967E1,-6.076598999E0,-6.363027781E-1,-2.893604593E0
2.086401167E1,-6.018415110E0,-4.079321694E-1,-2.882808294E0
2.087403267E1,-5.587011048E0,-5.625196874E-2,-2.696557519E0
2.088405367E1,-4.850236732E0,2.690298074E-1,-2.431662278E0
2.089407467E1,-3.928426693E0,4.541666883E-1,-2.090569046E0
2.090409667E1,-3.059300067E0,5.228989542E-1,-1.795361254E0
2.091411767E1,-2.245633842E0,4.757318044E-1,-1.638551648E0
2.092413867E1,-1.610526089E0,2.736204565E-1,-1.528446384E0
2.093416067E1,-1.163249467E0,-7.934671640E-2,-1.325069406E0
2.094418167E1,-8.591593163E-1,-4.246604687E-1,-1.088113331E0
2.095420267E1,-6.255656822E-1,-6.228027266E-1,-8.418986280E-1
2.096422467E1,-3.356471354E-1,-5.903962880E-1,-6.901370694E-1
2.097424567E1,1.057387090E-1,-4.205416900E-1,-5.798908880E-1
2.098426667E1,5.660647446E-1,-3.389449650E-1,-5.752148697E-1
2.099428767E1,9.462698194E-1,-3.553616077E-1,-6.495497914E-1
2.100430967E1,1.171446898E0,-4.111376131E-1,-7.196508904E-1
2.101433067E1,1.116566613E0,-4.059967411E-1,-8.553343602E-1
2.102435167E1,8.651088582E-1,-2.990961903E-1,-1.026617872E0
2.103437367E1,5.108489756E-1,-1.436397761E-1,-1.125054578E0
2.104439467E1,2.098918358E-1,5.765588522E-2,-1.159261374E0
2.105441567E1,-7.113291331E-2,1.807736886E-1,-1.079560462E0
2.106443667E1,-2.068254828E-1,1.971067160E-1,-9.393255199E-1
2.107445867E1,-2.455052894E-1,1.280195242E-1,-8.359825614E-1
2.108447967E1,-2.462009619E-1,8.690716624E-3,-7.188340344E-1
2.109450067E1,-1.654137108E-1,-8.641073763E-2,-5.231995010E-1
2.110452267E1,-7.907620959E-2,-1.340240300E-1,-3.086862818E-1
2.111454367E1,1.022261404E-2,-8.948052585E-2,-1.356834698E-1
2.112456467E1,1.887576961E-1,-3.633401334E-2,2.325262249E-2
2.113458567E1,4.590266747E-1,-4.504811883E-2,2.197751286E-1
2.114460767E1,7.215445112E-1,-5.781200588E-2,4.217233392E-1
2.115462867E1,9.808860670E-1,-4.994223833E-2,6.345801884E-1
2.116464967E1,1.213646034E0,-1.011685252E-2,7.366907731E-1
2.117467167E1,1.401039356E0,3.286661446E-2,7.685966170E-1
2.118469267E1,1.468269910E0,1.633513248E-1,8.214957923E-1
2.119471367E1,1.367216868E0,2.594766265E-1,8.575772059E-1
2.120473467E1,1.202689522E0,2.732000417E-1,8.602955765E-1
2.121475667E1,1.028421738E0,1.068917799E-1,8.400577784E-1
2.122477767E1,8.441869359E-1,-1.471171153E-1,8.395291901E-1
2.123479867E1,6.375071584E-1,-1.868746734E-1,8.839025402E-1
2.124482067E1,4.374562231E-1,-7.572612047E-2,9.116662896E-1
2.125484167E1,1.923606773E-1,-5.844292045E-3,9.320239556E-1
2.126486267E1,-6.614121839E-2,-7.344687581E-2,1.032172726E0
2.127488467E1,-3.033536942E-1,-2.238390166E-1,1.168632633E0
2.128490567E1,-5.384338367E-1,-2.805833209E-1,1.339547989E0
2.129492667E1,-6.566013873E-1,-3.153660679E-1,1.498572375E0
2.130494767E1,-7.255387442E-1,-4.890055686E-1,1.766245043E0
2.131496967E1,-7.939469281E-1,-6.772841585E-1,2.068242037E0
2.132499067E1,-9.166397850E-1,-8.429094654E-1,2.347797418E0
2.133501167E1,-9.808170699E-1,-9.905241787E-1,2.418057561E0
2.134503367E1,-7.715161318E-1,-1.010777764E0,2.287431933E0
2.135505467E1,-2.820502411E-1,-9.432003236E-1,2.216672437E0
2.136507567E1,6.791482508E-2,-1.095065963E0,2.303054523E0
2.137509667E1,2.557484418E-2,-1.385838642E0,2.364142724E0
2.138511867E1,-9.943336397E-2,-1.549889293E0,2.399997851E0
2.139513967E1,-2.831952721E-1,-1.507862431E0,2.421355391E0
2.140516067E1,-4.907041848E-1,-1.200387765E0,2.270559207E0
2.141518267E1,-6.124803445E-1,-6.553880900E-1,1.959627668E0
2.142520367E1,-5.301363453E-1,1.041435885E-1,1.542331767E0
2.143522467E1,-4.808311611E-1,9.784350604E-1,1.150167199E0
2.144524567E1,-5.670536184E-1,1.560579758E0,7.364597350E-1
2.145526767E1,-8.728498408E-1,1.669875913E0,3.669338322E-1
2.146528867E1,-1.237523724E0,1.528916500E0,-5.263071500E-2
2.147530967E1,-1.421016953E0,1.604352014E0,-6.565674734E-1
2.148533167E1,-1.315307187E0,1.879247748E0,-1.354226693E0
2.149535267E1,-9.063397685E-1,2.101476442E0,-2.022933717E0
2.150537367E1,-3.341715905E-1,2.046652948E0,-2.534032990E0
2.151539567E1,2.510586825E-1,1.669875913E0,-2.836743345E0
2.152541667E1,8.110599741E-1,1.079041083E0,-2.764420888E0
2.153543767E1,1.436177613E0,5.051193255E-1,-2.423022432E0
2.154545867E1,2.150376414E0,1.237843859E-1,-1.981785691E0
2.155548067E1,3.154126410E0,-5.233608842E-2,-1.303464383E0
2.156550167E1,4.277880859E0,-4.010605216E-2,-6.619184066E-1
2.157552267E1,5.306459886E0,1.764537656E-1,-2.415234818E-1
2.158554467E1,5.958991027E0,5.652374732E-1,1.276154816E-2
2.159556567E1,6.072900635E0,9.773550797E-1,1.485960223E-1
2.160558667E1,5.657762357E0,1.325709969E0,3.087212920E-2
2.161560767E1,4.924329141E0,1.569362276E0,-2.696104360E-1
2.162562967E1,4.106529081E0,1.675161211E0,-5.400160933E-1
2.163565067E1,3.285607193E0,1.691740991E0,-8.347596163E-1
2.164567167E1,2.529277450E0,1.605320313E0,-1.076051987E0
2.165569367E1,1.894331810E0,1.388033102E0,-1.264991604E0
2.166571467E1,1.394909720E0,1.037033517E0,-1.494566447E0
2.167573833E1,1.019101861E0,6.721163893E-1,-1.748683516E0
2.168576033E1,7.093821564E-1,2.312608874E-1,-1.883049023E0
2.169578133E1,4.401740089E-1,-2.366678077E-1,-1.952860977E0
2.170580233E1,2.135148802E-1,-7.461403853E-1,-1.945338388E0
2.171582333E1,4.771708041E-2,-1.327265913E0,-1.947045921E0
2.172584533E1,-3.272335768E-2,-1.860531980E0,-1.936482926E0
2.173586633E1,-2.324911416E-2,-2.291651284E0,-1.991531830E0
2.174588733E1,2.365783453E-2,-2.556963431E0,-2.104939455E0
2.175590933E1,5.077780545E-2,-2.626547052E0,-2.294481336E0
2.176593033E1,-4.118193984E-3,-2.586096014E0,-2.530914963E0
2.177595133E1,-1.475913244E-1,-2.521390141E0,-2.751858146E0
2.178597233E1,-3.910202676E-1,-2.582853148E0,-2.862619613E0
2.179599433E1,-7.173446023E-1,-2.765430118E0,-2.876684213E0
2.180601533E1,-1.107516439E0,-2.890804946E0,-2.873192548E0
2.181603633E1,-1.595917990E0,-2.847870596E0,-2.997773910E0
2.182605833E1,-1.741050560E0,7.049397343E-1,-3.749359807E0
2.183607933E1,-6.494881909E0,1.164582340E0,-4.453365156E0
2.184610033E1,-6.047503839E0,1.843791987E0,-3.322516865E0
2.185612133E1,-5.352008527E0,-1.629604969E0,-4.340183526E0
2.186614333E1,-4.365899581E0,-3.152033983E0,-3.812377881E0
2.187616433E1,-6.998982650E-1,-3.040103073E0,-2.596476283E0
2.188618533E1,4.067147791E-1,-1.738797044E0,-1.466293405E0
2.189620733E1,-6.398046756E-1,-1.364596292E0,-5.225443205E-1
2.190622833E1,7.290495586E-1,-6.046968234E-1,2.681132564E-1
2.191624933E1,9.002770829E-1,-4.403655052E-2,1.269091380E-1
2.192627133E1,1.251822798E0,1.068668123E0,-9.893035725E-2
2.193629233E1,1.518241823E0,2.451381428E0,-1.367074634E-1
2.194631333E1,1.100285187E0,2.580821241E0,2.397519216E-2
2.195633433E1,6.985569137E-1,1.599402931E0,2.142858356E-3
2.196635633E1,8.576280767E-1,5.199905491E-1,-2.610436803E-1
2.197637733E1,1.099059611E0,-1.404407644E-1,-4.226830865E-1
2.198639833E1,1.201996919E0,-4.438288110E-1,-5.030345008E-1
2.199642033E1,1.179307968E0,-4.172292423E-1,-3.431324485E-1
2.200644133E1,9.495691109E-1,-6.284318411E-1,1.760102543E-1
2.201646233E1,8.719601870E-1,6.461758018E-3,-8.383971691E-2
2.202648333E1,1.526109837E0,1.315480265E0,2.282577574E-2
2.203650533E1,1.838913070E0,1.299139051E0,-4.602343440E-3
2.204652633E1,2.055872837E0,5.002643824E-1,-5.722377598E-2
2.205654733E1,2.230912746E0,-5.231392747E-1,6.736226320E-2
2.206656933E1,2.227690930E0,-1.080853136E0,3.066010916E-1
2.207659033E1,1.990101601E0,-1.110745271E0,5.003415656E-1
2.208661133E1,1.625028938E0,-8.749943072E-1,5.982958764E-1
2.209663233E1,1.248840133E0,-5.705303729E-1,5.604154207E-1
2.210665433E1,9.338582271E-1,-3.857221055E-1,3.753644939E-1
2.211667533E1,7.495955050E-1,5.917557657E-2,7.451969370E-2
2.212669633E1,8.869208729E-1,8.377615768E-1,-1.802930474E-1
2.213671833E1,9.463747770E-1,6.285411841E-1,4.778914735E-2
2.214673933E1,3.501914996E-1,-1.966360152E-1,5.802303189E-1
2.215676033E1,8.632069051E-2,-6.429218262E-1,6.817536239E-1
2.216678133E1,-4.459320545E-2,-8.105538976E-1,4.610624559E-1
2.217680333E1,3.926563185E-1,1.342286825E-2,4.869075876E-1
2.218682433E1,7.249582618E-1,6.796745002E-1,3.788634677E-1
2.219684533E1,5.307465023E-1,4.181735677E-1,4.115457487E-1
2.220686733E1,2.290161413E-1,-6.308572662E-1,8.943982923E-1
2.221688833E1,9.119083643E-2,-1.307097697E0,1.171566254E0
2.222690933E1,1.271962363E-1,-1.446112910E0,9.518699902E-1
2.223693033E1,5.361563462E-1,-9.408731318E-1,8.029343909E-1
2.224695233E1,2.292711384E0,-3.557235503E-1,6.698400682E-1
2.225697333E1,4.761300875E0,-9.757201982E-1,1.062642567E0
2.226699433E1,6.548453515E0,-1.818229129E0,1.078730596E0
2.227701633E1,7.063617772E0,-2.031996317E0,6.365699959E-1
2.228703733E1,5.627245739E0,-1.696395959E0,1.521911828E-1
2.229705833E1,2.198327968E0,-7.909043294E-1,-5.273755825E-1
2.230708033E1,-7.506822100E-1,2.870456636E-2,-1.364341061E0
2.231710133E1,-1.298200573E0,3.867523849E-1,-1.703466997E0
2.232712233E1,4.037987727E-1,2.194471729E-1,-1.481696287E0
2.233714333E1,8.939582893E-1,4.480019689E-2,-1.998783109E0
2.234716533E1,-5.426093334E-1,4.282775563E-1,-1.551487922E0
2.235718633E1,4.863713980E-3,9.751401544E-3,-4.391437295E-1
2.236720733E1,7.300628811E-2,8.042640477E-1,-6.841949826E-1
2.237722933E1,1.427046894E0,2.205843394E0,2.591921595E-1
2.238725033E1,3.481049792E0,2.198715638E0,7.005879441E-1
2.239727133E1,3.782660869E0,2.590766185E0,8.956849721E-1
2.240729233E1,1.968781922E0,2.358338193E0,8.303326893E-1
2.241731433E1,6.751898320E-1,1.954163445E0,4.076895100E-1
2.242733533E1,2.663968062E-1,2.835710142E0,-3.229428899E-1
2.243735633E1,1.909466743E-1,3.760856017E0,-9.278864658E-1
2.244737833E1,1.194765010E0,4.201137323E0,-1.381240099E0
2.245739933E1,2.343761962E0,4.279114621E0,-2.043870842E0
2.246742033E1,2.472303935E0,3.973557842E0,-2.604076202E0
2.247744133E1,2.014890580E0,3.651466892E0,-3.225032963E0
2.248746333E1,1.221602925E0,3.193857948E0,-3.252471022E0
2.249748433E1,1.468629806E0,2.693892943E0,-3.229791427E0
2.250750533E1,7.082858766E-1,2.388541401E0,-3.188163929E0
2.251752733E1,-5.902479149E-2,1.376345102E0,-3.155743457E0
2.252754833E1,9.022461328E-1,4.497035086E-1,-3.570483540E0
2.253756933E1,1.668049535E0,3.706865752E-1,-3.177634848E0
2.254759033E1,1.586672227E0,-1.414605188E-1,-2.518393150E0
2.255761233E1,9.866546376E-1,-9.105570728E-1,-2.513892548E0
2.256763333E1,7.899372000E-1,-9.946283394E-1,-2.174332164E0
2.257765433E1,8.689401732E-1,-4.035683924E-1,-1.874951799E0
2.258767633E1,1.353597679E0,2.702793574E-1,-1.873038005E0
2.259769733E1,1.840185132E0,6.719351256E-1,-2.070617761E0
2.260771833E1,2.479336966E0,7.100525397E-1,-2.032995606E0
2.261773933E1,2.163780425E0,6.182939386E-1,-2.073825836E0
2.262776133E1,1.416193438E0,1.076355457E-1,-1.902317353E0
2.263778233E1,1.066184664E0,1.341994464E-2,-1.922104915E0
2.264780333E1,1.030258787E0,7.828544676E-2,-1.762026862E0
2.265782533E1,7.280575785E-1,2.915351558E-1,-1.436998270E0
2.266784633E1,7.503705534E-1,2.786595869E-1,-1.061090424E0
2.267786492E1,6.339577523E-1,-7.881988227E-2,-8.667503178E-1
2.268788592E1,6.324522404E-1,-3.185504615E-1,-6.435413387E-1
2.269790792E1,6.652084887E-2,-4.948603857E-1,-5.685499209E-1
2.270792892E1,-1.190440628E0,-7.136362982E-1,-6.133667824E-1
2.271794992E1,-2.163116181E0,-8.678378999E-1,-6.233272219E-1
2.272797192E1,-1.890897448E0,-1.000103672E0,-5.218677977E-1
2.273799292E1,-4.675221674E-1,-6.453115833E-1,-1.468881968E-1
2.274801392E1,2.098171011E-2,-3.965412086E-1,2.560232610E-2
2.275803492E1,-2.246798462E-1,-7.695929825E-1,-2.575692648E-1
2.276805692E1,-3.429400751E-1,-1.464201272E0,-7.032206529E-1
2.277807792E1,-8.521365179E-1,-2.011265014E0,-7.109427783E-1
2.278809892E1,-8.153644019E-1,-1.947214614E0,-6.928120244E-1
2.279812092E1,-5.958002847E-1,-1.903411952E0,-7.675242376E-1
2.280814192E1,-1.512911502E-1,-1.688046720E0,-4.034631425E-1
2.281816292E1,5.345729202E-1,-1.237172014E0,4.452713192E-2
2.282818392E1,4.400406924E-1,-1.066264333E0,-3.914462373E-1
2.283820592E1,7.451709169E-1,-1.262826088E0,-8.709837019E-1
2.284822692E1,5.651155588E-1,-1.652892675E0,1.917202610E-1
2.285824792E1,-1.506451205E0,-2.082282956E0,6.619445729E-1
2.286826992E1,-1.026419651E0,-2.177493753E0,-2.025557363E-1
2.287829092E1,-1.680051237E-1,-2.129168855E0,-1.669081861E-1
2.288831192E1,-5.523659974E-1,-1.960443354E0,-5.898612678E-2
2.289833292E1,-7.706348102E-1,-1.720932046E0,-1.837160075E-1
2.290835492E1,-4.602963245E-1,-1.163497097E0,-1.060103121E-1
2.291837592E1,-7.077395274E-1,-7.568109691E-1,1.038506430E-1
2.292839692E1,-1.058590447E0,-9.023522598E-1,2.442808825E-1
2.293841892E1,-1.383915931E0,-1.167964954E0,1.776848969E-1
2.294843992E1,-1.891178115E0,-1.170669292E0,-1.601786256E-1
2.295846092E1,-1.266305181E0,-8.912010348E-1,-3.164542347E-2
2.296848192E1,5.202099659E-1,-3.139159584E-1,4.656924275E-1
2.297850392E1,6.418995868E-1,-3.630618060E-1,6.277778301E-1
2.298852492E1,1.832113928E-1,-7.653192526E-1,9.084526598E-1
2.299854592E1,-1.908621821E-1,-8.751983750E-1,8.567106485E-1
2.300856692E1,-2.575466799E-1,-6.835570514E-1,5.548475558E-1
2.301858892E1,7.295234755E-2,-2.933442843E-1,5.722781056E-1
2.302860992E1,-7.949520645E-1,1.911992741E-1,5.099532187E-1
2.303863092E1,-9.731273966E-1,2.481295198E-1,5.311669171E-1
2.304865292E1,-4.692429299E-1,-2.334898460E-1,6.409460521E-1
2.305867392E1,-7.231378774E-1,-6.955339032E-1,4.543418124E-1
2.306869492E1,-7.217993036E-1,-8.631554496E-1,5.274673837E-1
2.307871592E1,-2.677335528E-1,-6.125414479E-1,5.284532243E-1
2.308873792E1,-5.529452372E-2,-1.535478830E-2,3.040891278E-1
2.309875892E1,-2.856695579E-1,3.820219874E-2,2.277660066E-1
2.310877992E1,-7.334470303E-1,-3.106999898E-1,7.948003292E-2
2.311880192E1,-1.020419823E0,-3.167232066E-1,-3.506633699E-2
2.312882292E1,-9.301889531E-1,-5.205577290E-1,-4.433212727E-2
2.313884392E1,-6.667771505E-1,-9.537241423E-1,-1.400846690E-2
2.314886492E1,-5.904123679E-1,-1.475352497E0,1.839586669E-1
2.315888692E1,-3.296316661E-1,-1.342009082E0,2.997235966E-1
2.316890792E1,-1.615968677E-1,-5.795356697E-1,3.075576961E-1
2.317892892E1,-2.992550519E-1,4.571937919E-3,3.546883008E-1
2.318895092E1,-7.248568127E-1,-3.027846140E-1,4.231168038E-1
2.319897192E1,-9.838611303E-1,-5.617028314E-1,3.333190665E-1
2.320899292E1,-7.553744544E-1,-5.589277428E-1,4.106446928E-1
2.321901392E1,-3.010451404E-1,-1.738365519E-1,4.817737323E-1
2.322903592E1,1.551465849E-1,6.229804820E-1,5.385361630E-1
2.323905692E1,4.422192188E-1,1.376681317E0,6.488283911E-1
2.324907792E1,1.391975002E-1,1.478836268E0,5.802548772E-1
2.325909992E1,1.451815590E-1,1.653632932E0,3.709397596E-1
2.326912092E1,1.651003001E-1,1.720778849E0,3.107760036E-1
2.327914192E1,1.931281061E-1,1.703208550E0,2.431468150E-1
2.328916292E1,7.724544637E-1,1.883519139E0,3.227803373E-1
2.329918492E1,1.162074908E0,1.993928019E0,5.044194138E-1
2.330920592E1,9.447490317E-1,1.868091846E0,4.896686429E-1
2.331922692E1,3.604983866E-1,1.477062222E0,2.101892763E-1
2.332924892E1,1.602068384E-1,1.048389979E0,4.536503792E-2
2.333926992E1,2.818642631E-1,1.003603815E0,4.056447387E-2
2.334929092E1,3.305595461E-1,1.124537684E0,1.294895142E-2
2.335931192E1,3.123389643E-1,9.544439346E-1,-6.929769158E-2
2.336933392E1,3.144166262E-1,4.444334131E-1,-2.033617750E-1
2.337935492E1,1.022116594E-1,1.010784781E-1,-4.400895166E-1
2.338937592E1,-4.277916161E-1,-1.630513626E-1,-2.074046568E0
2.339939792E1,1.173199236E0,7.178211504E-1,-2.493311226E-2
2.340941892E1,1.299781222E0,9.162966996E-1,1.940954000E-1
2.341943992E1,6.025147887E-1,3.132242328E-1,-3.098600373E-1
2.342946092E1,7.064263889E-1,-1.715643239E-1,-4.387809098E-1
2.343948292E1,5.497274414E-1,-5.560012114E-1,-8.802749276E-1
2.344950392E1,1.657347595E-1,-9.594047123E-1,-1.116084364E0