"Time (s)","X (m/s^2)","Y (m/s^2)","Z (m/s^2)"
-2.699500066E-3,1.008901978E1,-2.634521484E-1,-3.299139404E0
7.322499994E-3,9.863588562E0,-4.516108704E-1,-3.235821075E0
1.734549995E-2,9.743089142E0,-3.640429688E-1,-3.341800690E0
2.736850001E-2,9.601483612E0,-3.237767029E-1,-3.313958588E0
3.739049996E-2,9.318721619E0,-3.251239014E-1,-3.227438507E0
4.741350003E-2,8.958420868E0,-2.671943665E-1,-3.106939087E0
5.743649998E-2,8.712931366E0,-1.483415222E-1,-3.107238464E0
6.745850004E-2,8.802744598E0,-5.119354248E-2,-3.200195160E0
7.748149999E-2,9.080267487E0,1.556762695E-2,-3.291056213E0
8.750449994E-2,9.253756714E0,9.624984741E-2,-3.331771545E0
9.752650000E-2,9.282646637E0,2.351609802E-1,-3.274590454E0
1.075495000E-1,9.234446869E0,3.709286499E-1,-3.098257141E0
1.175725000E-1,9.243278503E0,4.309538269E-1,-2.947819977E0
1.275945000E-1,9.311386871E0,4.638853455E-1,-2.815345459E0
1.376175000E-1,9.409432983E0,4.189787292E-1,-2.784060516E0
1.476405000E-1,9.529932404E0,3.513194275E-1,-2.877466278E0
1.576624999E-1,9.623038788E0,3.327580261E-1,-2.931354218E0
1.676855000E-1,9.704918518E0,3.923341370E-1,-2.993175659E0
1.777090000E-1,9.838141479E0,4.706213379E-1,-3.057841187E0
1.877310000E-1,1.002435425E1,6.044430542E-1,-3.183280334E0
1.977540000E-1,1.019949005E1,6.924600220E-1,-3.287164307E0
2.077770000E-1,1.025008484E1,6.981481934E-1,-3.294049988E0
2.177990000E-1,1.024694138E1,5.593867493E-1,-3.235970764E0
2.278219999E-1,1.015952316E1,2.579136658E-1,-3.043022003E0
2.378450000E-1,9.888586578E0,-2.185455322E-2,-2.834206238E0
2.478669999E-1,9.676926727E0,-1.034349060E-1,-2.774330750E0
2.578900000E-1,9.522148590E0,-4.026626587E-2,-2.811303864E0
2.679130000E-1,9.406439209E0,5.792953491E-2,-2.963237915E0
2.779350000E-1,9.392667847E0,1.140628052E-1,-3.167563019E0
2.879580000E-1,9.392368469E0,1.279838562E-1,-3.378474426E0
2.979810000E-1,9.387578430E0,5.074447632E-2,-3.506458282E0
3.080030000E-1,9.330397339E0,-9.190887451E-2,-3.500171356E0
3.180259999E-1,9.238338776E0,-2.044747925E-1,-3.489842834E0
3.280480000E-1,9.199868774E0,-2.392025757E-1,-3.492088165E0
3.380709999E-1,9.165590057E0,-2.085163879E-1,-3.468886414E0
3.480940000E-1,9.099577332E0,-1.701960754E-1,-3.350033569E0
3.581170000E-1,8.985664215E0,-1.013392639E-1,-3.145858154E0
3.681390000E-1,8.771010590E0,-7.484436035E-2,-3.006348267E0
3.781620000E-1,8.602910156E0,-4.819976807E-2,-2.936144257E0
3.881849999E-1,8.542286224E0,-6.301895142E-2,-2.872975616E0
3.982070000E-1,8.512947235E0,-1.320254517E-1,-2.840493164E0
4.082299999E-1,8.532107391E0,-2.324665833E-1,-2.782413940E0
4.182520000E-1,8.610993347E0,-3.914360046E-1,-2.709814911E0
4.282750000E-1,8.735384674E0,-4.936734009E-1,-2.658920746E0
4.382980000E-1,8.825946350E0,-5.078938293E-1,-2.733615417E0
4.483200000E-1,8.869056702E0,-3.906875610E-1,-2.940335541E0
4.583430000E-1,8.981173553E0,-1.067280579E-1,-3.241958313E0
4.683660000E-1,9.227112122E0,1.847158813E-1,-3.525917816E0
4.783879999E-1,9.534423065E0,4.114942932E-1,-3.699107666E0
4.884110000E-1,9.713301086E0,5.195695496E-1,-3.768114166E0
4.984340000E-1,9.696535950E0,5.072950745E-1,-3.679049377E0
5.084560000E-1,9.551188202E0,4.152365112E-1,-3.565884705E0
5.184790000E-1,9.385632477E0,3.761677551E-1,-3.480711823E0
5.285020000E-1,9.291478271E0,4.773573303E-1,-3.410208435E0
5.385240000E-1,9.150172119E0,5.866300964E-1,-3.347189484E0
5.485469999E-1,9.027577057E0,6.809339905E-1,-3.267704773E0
5.585700000E-1,8.974437561E0,6.973997498E-1,-3.089874573E0
5.685919999E-1,8.888965302E0,5.728587341E-1,-2.868484955E0
5.786150000E-1,8.786578217E0,4.195774841E-1,-2.791544952E0
5.886380000E-1,8.771309967E0,3.282673645E-1,-2.860850830E0
5.986600000E-1,8.841064911E0,2.483335876E-1,-3.063080292E0
6.086830000E-1,8.951385498E0,1.393601990E-1,-3.332070923E0
6.187060000E-1,9.113049316E0,5.074447632E-2,-3.638932800E0
6.287290000E-1,9.311985626E0,3.143463135E-3,-3.911965027E0
6.387509999E-1,9.444460144E0,5.059478760E-2,-4.049379272E0
6.487740000E-1,9.500294037E0,1.368154907E-1,-4.100572815E0
6.587970000E-1,9.498797150E0,2.198927307E-1,-4.117337952E0
6.688190000E-1,9.521849213E0,2.480342102E-1,-4.032763824E0
6.788420000E-1,9.567204895E0,2.092648315E-1,-3.851790161E0
6.888650000E-1,9.621242523E0,1.029858398E-1,-3.655847626E0
6.988870000E-1,9.670340424E0,-3.038681030E-2,-3.518583069E0
7.089099999E-1,9.690099335E0,-2.580633545E-1,-3.443589020E0
7.189330000E-1,9.647288361E0,-5.210664368E-1,-3.431015167E0
7.289549999E-1,9.632319489E0,-7.667056274E-1,-3.412753143E0
7.389780000E-1,9.633217621E0,-9.445358276E-1,-3.386707306E0
7.490010000E-1,9.546697540E0,-1.128503265E0,-3.367696838E0
7.590230000E-1,9.440418549E0,-1.276096344E0,-3.415746918E0
7.690460000E-1,9.481882324E0,-1.326092377E0,-3.477418671E0
7.790690000E-1,9.610764313E0,-1.341809692E0,-3.560944977E0
7.890910000E-1,9.722282410E0,-1.388362885E0,-3.649111633E0
7.991139999E-1,9.757010193E0,-1.520088959E0,-3.628903656E0
8.091370000E-1,9.622739410E0,-1.726210327E0,-3.617677002E0
8.191589999E-1,9.317673798E0,-1.919458466E0,-3.618126068E0
8.291820000E-1,8.981622620E0,-2.071691895E0,-3.694617004E0
8.392050000E-1,8.781788177E0,-2.140698395E0,-3.757635956E0
8.492270000E-1,8.684041443E0,-2.092199249E0,-3.756588135E0
8.592500000E-1,8.552614746E0,-1.960922241E0,-3.803889771E0
8.692729999E-1,8.549770660E0,-1.789378967E0,-3.779340820E0
8.792950000E-1,8.676706696E0,-1.750459900E0,-3.761078796E0
8.893179999E-1,8.722661133E0,-1.776805115E0,-3.815266113E0
8.993410000E-1,8.760083313E0,-1.895807648E0,-3.802692261E0
9.093630000E-1,8.857081604E0,-2.037263489E0,-3.718417511E0
9.193860000E-1,9.027577057E0,-2.222129059E0,-3.531306610E0
9.294090000E-1,9.209897919E0,-2.387086029E0,-3.433260498E0
9.394310000E-1,9.363328857E0,-2.463726654E0,-3.380121002E0
9.494540000E-1,9.619146881E0,-2.583028564E0,-3.274740143E0
9.594769999E-1,9.849966888E0,-2.767145691E0,-3.093018036E0
9.694990000E-1,9.957593079E0,-2.960543518E0,-2.750230865E0
9.795220000E-1,9.972711639E0,-3.175945587E0,-2.398013306E0
9.895450000E-1,9.959988098E0,-3.372786255E0,-2.106569366E0
9.995670000E-1,9.955048370E0,-3.566932526E0,-1.870510254E0
1.009590000E0,9.998607788E0,-3.817511444E0,-1.898801422E0
1.019613000E0,1.010443771E1,-4.062402191E0,-2.117796021E0
1.029635000E0,1.021655457E1,-4.262386322E0,-2.389181671E0
1.039658000E0,1.026969406E1,-4.450994110E0,-2.575993195E0
1.049681000E0,1.015473312E1,-4.559069366E0,-2.739902344E0
1.059703000E0,9.836794281E0,-4.494703217E0,-2.944676514E0
1.069726000E0,9.508077850E0,-4.282893677E0,-3.058889008E0
1.079749000E0,9.273515625E0,-3.957919464E0,-3.081641693E0
1.089771000E0,9.044641571E0,-3.594475250E0,-3.036735077E0
1.099794000E0,8.839418335E0,-3.287014618E0,-2.960094452E0
1.109817000E0,8.536897430E0,-3.028502197E0,-3.019820251E0
1.119839000E0,8.323291626E0,-2.714305573E0,-3.102747803E0
1.129862000E0,8.233478394E0,-2.358645172E0,-3.169508972E0
1.139885000E0,8.120164032E0,-2.041903839E0,-3.190166016E0
1.149907000E0,7.960745544E0,-1.748813324E0,-3.097059631E0
1.159930000E0,7.854765930E0,-1.536704407E0,-2.867886200E0
1.169953000E0,7.893834686E0,-1.446442108E0,-2.280807037E0
1.179974750E0,8.063132629E0,-1.437760162E0,-1.410816193E0
1.189997750E0,8.382418671E0,-1.388961639E0,-1.183888092E0
1.200020750E0,8.678353271E0,-1.110091553E0,-2.094893646E0
1.210042750E0,8.592132568E0,-6.902146912E-1,-3.048261108E0
1.220065750E0,8.073910217E0,-4.710704041E-1,-3.273842010E0
1.230088750E0,7.571554871E0,-1.760339355E-1,-3.162772980E0
1.240110750E0,7.564669189E0,3.019221497E-1,-3.480262756E0
1.250133750E0,7.715555420E0,8.707392883E-1,-3.961811371E0
1.260156750E0,7.886499939E0,1.383722534E0,-3.559448090E0
1.270178750E0,8.103398895E0,1.791624298E0,-3.534300385E0
1.280201750E0,8.100854187E0,1.985471191E0,-4.589456177E0
1.290224750E0,7.833061066E0,1.935475159E0,-5.168601837E0
1.300246750E0,7.601791992E0,1.722168732E0,-4.772375793E0
1.310269750E0,7.605234833E0,1.409319305E0,-3.889362030E0
1.320292750E0,7.775730286E0,8.572673035E-1,-3.061882782E0
1.330314750E0,7.881111145E0,2.930905151E-1,-2.733016663E0
1.340337750E0,7.829169159E0,-2.098635864E-1,-2.528392181E0
1.350360750E0,7.746241608E0,-6.535409546E-1,-2.401905212E0
1.360382750E0,7.600145416E0,-9.645941162E-1,-2.396666107E0
1.370405750E0,7.517367554E0,-1.062490540E0,-2.389780426E0
1.380428750E0,7.557783508E0,-8.553213501E-1,-2.384391632E0
1.390450750E0,7.710166626E0,-3.622467041E-1,-2.507585449E0
1.400473750E0,7.988437958E0,1.913021851E-1,-2.572700043E0
1.410496750E0,8.587342529E0,1.851649475E-1,-2.836900635E0
1.420518750E0,9.220974884E0,-1.460961914E-1,-3.149300995E0
1.430541750E0,9.466165009E0,-5.093907166E-1,-3.517984314E0
1.440564750E0,9.597142639E0,-8.770262146E-1,-4.046235809E0
1.450586750E0,1.001926483E1,-1.125659180E0,-4.465962982E0
1.460609750E0,1.076935501E1,-1.292711792E0,-4.424349518E0
1.470632750E0,1.142903320E1,-1.484463043E0,-3.806135101E0
1.480654750E0,1.127186005E1,-1.699565735E0,-3.182831268E0
1.490677750E0,1.049362839E1,-1.700314178E0,-3.011287994E0
1.500700750E0,9.950557709E0,-1.531465302E0,-3.026107178E0
1.510722750E0,9.654922485E0,-1.376537476E0,-3.049009552E0
1.520745750E0,9.388626251E0,-1.448088684E0,-3.033292236E0
1.530768750E0,9.089697876E0,-1.683399353E0,-3.149001617E0
1.540790750E0,8.669821014E0,-1.858535156E0,-3.326981506E0
1.550813750E0,8.426726532E0,-2.117646332E0,-3.110531616E0
1.560836750E0,8.070617065E0,-2.517165527E0,-3.072660370E0
1.570858750E0,7.672145691E0,-2.808459778E0,-3.222049713E0
1.580881750E0,7.541916504E0,-3.042273560E0,-3.269650726E0
1.590904750E0,7.722890167E0,-3.163521423E0,-3.442690887E0
1.600926750E0,8.059689789E0,-3.286864929E0,-3.632047119E0
1.610949750E0,8.319100342E0,-3.676953735E0,-3.605851593E0
1.620972750E0,8.314909058E0,-4.090693359E0,-3.705095215E0
1.630994750E0,8.165070648E0,-4.170178070E0,-3.618126068E0
1.641017750E0,8.042325897E0,-4.234993286E0,-3.254232788E0
1.651040750E0,7.872429199E0,-4.252207489E0,-3.129841461E0
1.661062750E0,7.925269318E0,-4.026476898E0,-3.061733093E0
1.671085750E0,8.356073456E0,-3.689976654E0,-3.071313171E0
1.681108750E0,8.874146118E0,-3.415447540E0,-3.207829285E0
1.691130750E0,9.331445160E0,-3.307072906E0,-3.243904266E0
1.701153750E0,9.772577820E0,-3.394790497E0,-3.234773254E0
1.711176750E0,9.869127045E0,-3.673660583E0,-3.174299011E0
1.721198750E0,9.675729218E0,-4.149371338E0,-3.125949554E0
1.731221750E0,9.411229248E0,-4.462370453E0,-3.195255432E0
1.741244750E0,9.236392822E0,-4.371958466E0,-3.118914185E0
1.751266750E0,9.207053833E0,-4.213737488E0,-3.133883057E0
1.761289750E0,9.173523560E0,-4.129911804E0,-3.382066956E0
1.771312750E0,9.220974884E0,-3.973337402E0,-3.749103699E0
1.781334750E0,9.379794617E0,-3.786525879E0,-4.033212891E0
1.791357750E0,9.622889099E0,-3.549269257E0,-4.130510559E0
1.801380750E0,9.901010742E0,-3.543281708E0,-4.096830597E0
1.811402750E0,1.016790573E1,-4.036356354E0,-4.058360596E0
1.821425750E0,1.025053391E1,-5.095254364E0,-3.993994446E0
1.831447750E0,9.749076691E0,-6.302643585E0,-3.691922607E0
1.841470750E0,8.954528961E0,-6.802005157E0,-2.977757721E0
1.851493750E0,8.210276642E0,-6.648274841E0,-2.079176331E0
1.861515750E0,7.697143707E0,-6.305038605E0,-1.481469269E0
1.871538750E0,7.577243042E0,-6.116131439E0,-1.332079926E0
1.881561750E0,7.769443359E0,-6.286926270E0,-1.534758453E0
1.891583750E0,8.154143372E0,-6.813531189E0,-1.704655151E0
1.901606750E0,8.537795563E0,-7.524253235E0,-1.719025269E0
1.911629750E0,8.847202148E0,-7.831115112E0,-1.577419739E0
1.921651750E0,9.037905579E0,-7.378157043E0,-1.105900269E0
1.931674750E0,9.168583832E0,-6.678062897E0,-5.725593567E-1
1.941697750E0,9.441017303E0,-6.361770630E0,-9.445358276E-2
1.951719750E0,9.891131287E0,-6.763684845E0,4.894821167E-1
1.961742750E0,1.036893768E1,-7.590265961E0,1.077010345E0
1.971765750E0,1.056308395E1,-8.029752045E0,1.335672455E0
1.981787750E0,9.894723816E0,-8.002808075E0,1.192120972E0
1.991810750E0,8.716074829E0,-7.820636902E0,9.865983582E-1
2.001833750E0,7.432643738E0,-7.535779266E0,9.150471497E-1
2.011855750E0,6.283184052E0,-7.347171478E0,7.768844604E-1
2.021878750E0,5.559888153E0,-7.411238251E0,3.365002441E-1
2.031901750E0,5.195695496E0,-7.796836395E0,-2.923420715E-1
2.041923750E0,4.956642609E0,-8.319250031E0,-7.970924377E-1
2.051946750E0,4.802463226E0,-8.438402252E0,-1.002764740E0
2.061969750E0,4.691094818E0,-8.152496796E0,-1.168320465E0
2.071991750E0,4.572691040E0,-7.791746979E0,-1.444496155E0
2.082014750E0,4.680167542E0,-7.484436035E0,-1.733096008E0
2.092037750E0,4.981940002E0,-7.276668091E0,-1.969753876E0
2.102059750E0,5.398523712E0,-7.195087738E0,-2.133064270E0
2.112082750E0,5.997428284E0,-7.155120850E0,-2.105222168E0
2.122105750E0,6.506070557E0,-6.927144928E0,-1.894610138E0
2.132127750E0,6.826554108E0,-6.521488495E0,-1.808239746E0
2.142150750E0,7.048991547E0,-6.201454010E0,-1.814227295E0
2.152173750E0,7.216493225E0,-6.207441559E0,-1.767075348E0
2.162195750E0,7.505392456E0,-6.486012268E0,-1.510359192E0
2.172218750E0,7.967481537E0,-6.623127136E0,-1.149160309E0
2.182241875E0,8.098908234E0,-6.536906433E0,-9.843530273E-1
2.192263875E0,7.956404572E0,-6.368356934E0,-7.488926697E-1
2.202286875E0,7.822732544E0,-6.370602264E0,-3.463796997E-1
2.212309875E0,7.942184143E0,-6.495292969E0,-2.758763123E-1
2.222331875E0,8.107440491E0,-6.431974640E0,-5.930667114E-1
2.232354875E0,8.024962006E0,-6.328090668E0,-7.771838379E-1
2.242377875E0,7.828869781E0,-6.343957672E0,-8.017327881E-1
2.252399875E0,7.872578888E0,-6.468798065E0,-9.650431824E-1
2.262422875E0,8.083939362E0,-6.813830566E0,-8.909472656E-1
2.272445875E0,8.180039520E0,-7.107519836E0,-5.510041809E-1
2.282467875E0,7.930358734E0,-7.055727539E0,-3.710783386E-1
2.292490875E0,7.424560547E0,-6.890471191E0,-4.894821167E-2
2.302513875E0,6.833739166E0,-6.977140961E0,4.520599365E-1
2.312535875E0,6.452931061E0,-7.274572449E0,3.854484558E-1
2.322558875E0,6.028713226E0,-7.620203705E0,7.364685059E-2
2.332581875E0,5.341043243E0,-7.929759979E0,3.037184143E-1
2.342603875E0,4.587959290E0,-7.992030487E0,7.481442261E-1
2.352626875E0,4.016298065E0,-7.786807251E0,1.026864624E0
2.362649875E0,3.677402802E0,-7.458090820E0,1.067579956E0
2.372671875E0,3.667523346E0,-7.364086304E0,9.630972290E-1
2.382694875E0,3.931274872E0,-7.536378021E0,8.551716614E-1
2.392716875E0,4.324207764E0,-7.548951874E0,9.095086670E-1
2.402739875E0,4.743635559E0,-7.368277588E0,8.330177307E-1
2.412762875E0,5.279670868E0,-7.410639496E0,6.884184265E-1
2.422784875E0,6.021228790E0,-7.732919312E0,3.959266663E-1
2.432807875E0,6.619235229E0,-7.725883942E0,1.992356873E-1
2.442830875E0,6.740333405E0,-7.236551514E0,1.657054138E-1
2.452852875E0,6.777755585E0,-6.677763519E0,-6.018983459E-1
2.462875875E0,6.850504303E0,-6.533912659E0,-1.414708099E0
2.472898875E0,6.897506561E0,-6.856192474E0,-1.550475769E0
2.482920875E0,6.921456757E0,-7.318131866E0,-1.482966156E0
2.492943875E0,6.964716797E0,-7.527995453E0,-1.483864288E0
2.502966875E0,6.945107574E0,-7.379204865E0,-1.335522766E0
2.512988875E0,6.775659943E0,-7.200177155E0,-9.695338440E-1
2.523011875E0,6.603817291E0,-7.228318634E0,-8.330177307E-1
2.533034875E0,6.539002075E0,-7.291786652E0,-8.219407654E-1
2.543056875E0,6.450386353E0,-7.316784668E0,-4.137396240E-1
2.553079875E0,6.299799500E0,-7.185357971E0,-6.691085815E-2
2.563102875E0,6.089187469E0,-7.075187073E0,-1.681004333E-1
2.573124875E0,5.924230499E0,-7.361541595E0,-4.327500916E-1
2.583147875E0,5.883664856E0,-7.754324799E0,-7.369175720E-1
2.593170875E0,6.032754822E0,-7.797285461E0,-9.994715881E-1
2.603192875E0,6.323300629E0,-7.486980743E0,-1.450633392E0
2.613215875E0,6.618037720E0,-7.172035675E0,-1.693428497E0
2.623238875E0,7.116501160E0,-7.341183929E0,-1.602567444E0
2.633260875E0,7.935148773E0,-7.535779266E0,-1.327289886E0
2.643283875E0,8.514444122E0,-7.294780426E0,-1.167721710E0
2.653306875E0,8.621920624E0,-6.886579285E0,-1.215173035E0
2.663328875E0,8.369695129E0,-6.934928741E0,-1.396296387E0
2.673351875E0,8.032745819E0,-7.489525452E0,-1.293160858E0
2.683374875E0,7.727979584E0,-7.811954956E0,-7.842192078E-1
2.693396875E0,7.323370972E0,-7.511230316E0,-2.077679443E-1
2.703419875E0,6.976242828E0,-7.200626221E0,7.185058594E-2
2.713442875E0,6.913373566E0,-7.202123108E0,1.808239746E-1
2.723464875E0,6.796466675E0,-7.166347504E0,3.531156921E-1
2.733487875E0,6.332731018E0,-7.017257538E0,4.779560852E-1
2.743510875E0,5.863606567E0,-7.237299957E0,5.819897461E-1
2.753532875E0,5.596112823E0,-7.802374878E0,6.737489319E-1
2.763555875E0,5.559139709E0,-8.294102325E0,5.578898621E-1
2.773577875E0,5.647156677E0,-8.552165680E0,3.555107117E-1
2.783600875E0,5.586682434E0,-8.558003540E0,2.706372070E-1
2.793623875E0,5.309159546E0,-8.235424347E0,1.519340515E-1
2.803645875E0,5.186863861E0,-7.574698334E0,-1.074765015E-1
2.813668875E0,5.454058228E0,-6.990463257E0,-3.900888062E-1
2.823691875E0,5.946534119E0,-6.692732391E0,-7.336244202E-1
2.833713875E0,6.653364258E0,-6.549180908E0,-8.515791321E-1
2.843736875E0,7.338489532E0,-6.483467560E0,-7.379653931E-1
2.853759875E0,7.679181061E0,-6.884184265E0,-4.004173279E-1
2.863781875E0,7.924820251E0,-7.664062500E0,2.809657288E-1
2.873804875E0,7.946824493E0,-8.080646210E0,8.384065247E-1
2.883827875E0,7.646099854E0,-7.751031647E0,1.083596649E0
2.893849875E0,7.275769958E0,-6.982080688E0,1.348096619E0
2.903872875E0,7.109615479E0,-6.415059814E0,1.643432465E0
2.913895875E0,7.384743347E0,-6.660998383E0,2.012714539E0
2.923917875E0,7.805518341E0,-7.281308441E0,1.904938660E0
2.933940875E0,8.080945587E0,-7.479645996E0,1.493743744E0
2.943963875E0,7.974516907E0,-7.595954132E0,1.096020813E0
2.953985875E0,7.765850830E0,-7.692203979E0,8.195457458E-1
2.964008875E0,7.908803558E0,-7.670798492E0,7.831713867E-1
2.974031875E0,8.129744110E0,-7.915988617E0,6.973997498E-1
2.984053875E0,8.269852753E0,-8.450527039E0,7.520361328E-1
2.994076875E0,8.083340607E0,-8.743467865E0,9.627978516E-1
3.004099875E0,7.499554596E0,-8.406368866E0,1.163380737E0
3.014121875E0,6.737639008E0,-7.525001678E0,1.128054199E0
3.024144875E0,6.048621826E0,-6.775959320E0,6.023474121E-1
3.034167875E0,5.626200256E0,-6.582112427E0,-1.990859985E-1
3.044189875E0,5.293591919E0,-6.647975464E0,-9.295669556E-1
3.054212875E0,4.969066772E0,-6.740034027E0,-1.382525024E0
3.064235875E0,4.942721558E0,-7.194638672E0,-1.614991608E0
3.074257875E0,5.334157562E0,-7.922724609E0,-1.468296661E0
3.084280875E0,5.675148468E0,-8.389454041E0,-8.994795227E-1
3.094303875E0,5.851032715E0,-8.198301544E0,-2.796185303E-1
3.104325875E0,6.068979492E0,-7.711663513E0,1.748364258E-1
3.114348875E0,6.387966156E0,-7.577093353E0,5.388793945E-1
3.124370875E0,6.755152588E0,-7.653434601E0,7.503895569E-1
3.134393875E0,6.785539398E0,-7.670499115E0,7.887098694E-1
3.144416875E0,6.387068024E0,-7.817942505E0,9.475296021E-1
3.154438875E0,5.970634003E0,-7.963439941E0,1.398541718E0
3.164461875E0,5.801336060E0,-7.592810669E0,1.767225037E0
3.174484875E0,5.624254303E0,-6.853947144E0,1.551074524E0
3.184506875E0,5.455704803E0,-6.730004883E0,1.002016296E0
3.194529875E0,5.724396057E0,-7.339088287E0,7.180567932E-1
3.204552875E0,6.189029846E0,-7.524253235E0,6.622229004E-1
3.214574875E0,6.509812775E0,-7.370672607E0,5.652246094E-1
3.224597875E0,6.917265472E0,-7.817643127E0,7.216493225E-1
3.234620875E0,7.479346619E0,-8.387508087E0,8.264314270E-1
3.244642875E0,7.566315765E0,-8.336314545E0,3.737727356E-1
3.254665875E0,6.936275940E0,-8.034392395E0,6.346801758E-2
3.264688875E0,6.005810852E0,-7.951614532E0,2.598596191E-1
3.274710875E0,5.399721222E0,-7.914791107E0,5.426216125E-1
3.284733875E0,5.015919342E0,-7.939938812E0,5.924679565E-1
3.294756875E0,4.740342407E0,-7.948471069E0,7.723937988E-1
3.304778875E0,4.752467194E0,-7.936196594E0,9.925859070E-1
3.314801875E0,5.256020050E0,-7.883955231E0,1.059347076E0
3.324824875E0,5.888604584E0,-7.572003937E0,8.384065247E-1
3.334846875E0,6.189778290E0,-7.287295990E0,4.397854614E-1
3.344869875E0,6.167025604E0,-7.292984161E0,4.893324280E-1
3.354892875E0,6.005212097E0,-7.411387939E0,1.014141083E0
3.364914875E0,6.021977234E0,-7.545808411E0,1.417701874E0
3.374937875E0,6.198609924E0,-7.852370911E0,1.693727875E0
3.384960875E0,6.571334839E0,-7.988887024E0,1.698218536E0
3.394982875E0,6.639143829E0,-7.694149933E0,1.474433899E0
3.405005875E0,6.107299805E0,-7.418572998E0,1.172362061E0
3.415028875E0,5.657784576E0,-7.044650574E0,5.760021973E-1
3.425050875E0,5.564079437E0,-6.360722809E0,2.993774414E-2
3.435073875E0,5.880820770E0,-6.392307129E0,-1.007405090E-1
3.445095875E0,6.508315887E0,-7.295828247E0,-5.343887329E-2
3.455118875E0,7.120692444E0,-8.015082550E0,1.091230774E-1
3.465141875E0,7.437134399E0,-7.953111420E0,-4.355941772E-2
3.475163875E0,7.402705994E0,-7.355853424E0,-3.832031250E-1
3.485186875E0,7.209607544E0,-6.815926208E0,-4.691244507E-1
3.495209875E0,7.140301666E0,-6.866670685E0,1.766326904E-2
3.505231875E0,6.962770844E0,-7.532486115E0,5.081932068E-1
3.515254875E0,6.609056396E0,-8.141120453E0,7.234455872E-1
3.525277875E0,6.389013977E0,-8.009693756E0,5.694158936E-1
3.535299875E0,6.102360077E0,-7.410789185E0,-7.185058594E-3
3.545322875E0,5.848488007E0,-7.092401276E0,-3.131488037E-1
3.555345875E0,5.890700226E0,-7.211553497E0,-1.769320679E-1
3.565367875E0,5.714815979E0,-7.606282654E0,-1.341210938E-1
3.575390875E0,5.523513794E0,-7.801177368E0,-8.098159790E-2
3.585413875E0,5.759123840E0,-7.483537903E0,2.439926147E-2
3.595435875E0,5.974675598E0,-6.951244812E0,-1.324745178E-1
3.605458875E0,6.189628601E0,-6.865323486E0,-1.811233521E-1
3.615481875E0,6.422693939E0,-7.334298248E0,-8.187973022E-2
3.625503875E0,6.511459351E0,-7.849826202E0,-1.190025330E-1
3.635526875E0,6.415508881E0,-8.012687531E0,-1.541793823E-2
3.645549875E0,6.375991058E0,-7.967631226E0,3.097059631E-1
3.655571875E0,6.472091217E0,-7.920928345E0,5.719606018E-1
3.665594875E0,6.712640991E0,-7.656727753E0,1.058598633E0
3.675617875E0,6.887477417E0,-7.258106689E0,1.099613342E0
3.685639875E0,6.995103607E0,-6.991211700E0,1.013692017E0
3.695662875E0,6.976991272E0,-6.750661926E0,1.400337982E0
3.705685875E0,6.784491577E0,-6.668632507E0,1.662592621E0
3.715707875E0,6.718927917E0,-6.782246246E0,1.637893982E0
3.725730875E0,6.830895081E0,-6.870412903E0,1.339264984E0
3.735752875E0,6.648274841E0,-7.066056061E0,4.008663940E-1
3.745775875E0,6.271508331E0,-7.528743896E0,-4.830455017E-1
3.755798875E0,5.857918396E0,-8.058192902E0,-5.798941040E-1
3.765820875E0,5.281766510E0,-8.466094666E0,-4.168830872E-1
3.775843875E0,4.896916809E0,-8.378676453E0,-6.002517700E-2
3.785866875E0,4.581372986E0,-7.928412781E0,4.218228149E-1
3.795888875E0,4.429588623E0,-7.447163544E0,9.316625977E-1
3.805911875E0,5.138963470E0,-6.962920532E0,1.374741211E0
3.815934875E0,6.475084991E0,-6.773414612E0,2.003284149E0
3.825956875E0,8.117918701E0,-6.864275665E0,2.586920471E0
3.835979875E0,9.504635010E0,-7.058721313E0,2.456092529E0
3.846002875E0,1.010234207E1,-7.232509918E0,1.818568268E0
3.856024875E0,9.974657593E0,-7.264692993E0,1.401834869E0
3.866047875E0,9.287736053E0,-7.233108673E0,1.391805725E0
3.876070875E0,8.153095551E0,-7.276069336E0,1.293160858E0
3.886092875E0,7.233857117E0,-7.244934082E0,1.134490814E0
3.896115875E0,6.757697296E0,-6.989864502E0,1.119521942E0
3.906138875E0,6.455026703E0,-6.821015625E0,1.041534119E0
3.916160875E0,6.288273468E0,-6.928492126E0,8.505313110E-1
3.926183875E0,6.321055298E0,-7.222031708E0,9.249266052E-1
3.936206875E0,6.372398529E0,-7.359745331E0,1.149160309E0
3.946228875E0,6.405030670E0,-7.165000305E0,1.334474945E0
3.956251875E0,6.503974915E0,-6.915618896E0,1.499431915E0
3.966274875E0,6.684050446E0,-6.808142395E0,1.620380402E0
3.976296875E0,6.947801971E0,-6.824308777E0,1.666035461E0
3.986319875E0,7.271428986E0,-7.025789795E0,1.736538849E0
3.996342875E0,7.358547821E0,-7.409891052E0,1.890269165E0
4.006364875E0,7.128775635E0,-7.781418457E0,2.016606445E0
4.016387875E0,6.834038544E0,-7.954159241E0,1.901944885E0
4.026409875E0,6.710245972E0,-8.051307220E0,1.870959320E0
4.036432875E0,6.688391418E0,-8.319549408E0,1.900447998E0
4.046455875E0,6.542444916E0,-8.500074005E0,1.746268616E0
4.056477875E0,6.274651794E0,-8.317154388E0,1.569935303E0
4.066500875E0,5.985303497E0,-7.891439667E0,1.519789581E0
4.076523875E0,5.944588165E0,-7.511380005E0,1.462309113E0
4.086545875E0,6.362519073E0,-7.291936340E0,1.174308014E0
4.096568875E0,7.122189331E0,-7.200626221E0,8.232879639E-1
4.106591875E0,7.952961731E0,-7.275919647E0,7.568261719E-1
4.116613875E0,8.840466156E0,-7.454348602E0,1.047072601E0
4.126636875E0,9.668394470E0,-7.616611176E0,1.088237000E0
4.136659875E0,1.052970337E1,-7.505242767E0,7.454498291E-1
4.146681875E0,1.129057114E1,-7.034322052E0,2.453398132E-1
4.156704875E0,1.168574936E1,-6.603368225E0,-3.483256531E-1
4.166727875E0,1.130793503E1,-6.517596588E0,-8.991801453E-1
4.176749875E0,1.058823166E1,-6.613996124E0,-1.093925171E0
4.186774292E0,1.033660492E1,-7.038663025E0,-1.047671356E0
4.196797292E0,1.097787140E1,-7.438631287E0,-7.723937988E-1
4.206819292E0,1.167751648E1,-7.798183594E0,-8.175997925E-1
4.216842292E0,1.118923187E1,-8.015980682E0,-7.306306458E-1
4.226865292E0,1.054317535E1,-7.890242157E0,-8.981323242E-2
4.236887292E0,1.045366150E1,-7.834258575E0,-2.005828857E-2
4.246910292E0,1.042941193E1,-7.785759430E0,-4.727169800E-1
4.256933292E0,1.131586853E1,-7.685617676E0,-1.352886658E0
4.266955292E0,1.311991699E1,-7.414681091E0,-1.802850952E0
4.276978292E0,1.448388062E1,-6.976991272E0,-1.173409882E0
4.287001292E0,1.359278366E1,-6.584208069E0,-1.582209778E-1
4.297023292E0,1.096230377E1,-6.367758179E0,2.764750671E-1
4.307046292E0,8.950187988E0,-6.094875641E0,-5.089416504E-2
4.317068292E0,8.560847626E0,-6.195765839E0,-1.415306854E0
4.327091292E0,9.624236298E0,-6.672075348E0,-3.651207275E0
4.337114292E0,1.135478760E1,-7.015012207E0,-5.878425751E0
4.347136292E0,1.307980042E1,-7.125183105E0,-7.251520386E0
4.357159292E0,1.445618820E1,-7.435936890E0,-7.884553986E0
4.367182292E0,1.442430450E1,-7.658673706E0,-7.960745544E0
4.377204292E0,1.285511765E1,-7.256460114E0,-7.152875519E0
4.387227292E0,1.061472656E1,-6.105204163E0,-6.702611847E0
4.397250292E0,7.464377747E0,-4.628225555E0,-7.400310974E0
4.407272292E0,3.296744385E0,-3.594475250E0,-5.716761932E0
4.417295292E0,2.390528870E-1,-3.479364624E0,-1.396446075E0
4.427318292E0,1.079555054E0,-4.820276184E0,1.041833496E0
4.437340292E0,3.920646973E0,-6.942562866E0,-8.030799866E-1
4.447363292E0,5.088368683E0,-8.835077362E0,-4.631668396E0
4.457386292E0,4.048930206E0,-9.792336731E0,-8.221503296E0
4.467408292E0,1.252744904E0,-9.497899017E0,-8.872050476E0
4.477431292E0,-1.909728699E0,-8.041278076E0,-6.402935028E0
4.487454292E0,-3.350482635E0,-6.368806000E0,-3.792214050E0
4.497476292E0,-2.905907135E0,-5.251529388E0,-2.800376587E0
4.507499292E0,-1.863923950E0,-4.740043030E0,-2.763852539E0
4.517522292E0,-1.435215454E0,-4.358187103E0,-2.404000854E0
4.527544292E0,-1.850751343E0,-3.872746582E0,-1.485810242E0
4.537567292E0,-2.534978485E0,-3.480412445E0,-4.303550720E-1
4.547590292E0,-3.323239288E0,-3.476670227E0,5.769003296E-1
4.557612292E0,-3.766617279E0,-3.876339111E0,1.957329712E0
4.567635292E0,-4.089795227E0,-4.096082153E0,3.955225067E0
4.577658292E0,-5.332660675E0,-3.307222595E0,7.531737671E0
4.587680292E0,-8.091274109E0,-3.133433990E0,1.072624466E1
4.597703292E0,-7.130721588E0,-1.410367126E0,7.955805817E0
4.607725292E0,-3.406765594E0,-1.115630035E0,-1.482816467E0
4.617748292E0,7.767347717E-1,-4.057612152E0,-5.951473846E0
4.627771292E0,5.635181580E0,-8.306526489E0,-3.842359772E0
4.637793292E0,7.710765381E0,-1.146660507E1,-3.909120941E0
4.647816292E0,5.993686066E0,-1.281619858E1,-4.731510773E0
4.657839292E0,4.636458435E0,-1.205084015E1,-5.434898071E0
4.667861292E0,3.597319336E0,-9.123677216E0,-5.399272156E0
4.677884292E0,7.072792053E-1,-5.427413635E0,-3.830833740E0
4.687907292E0,-2.574196930E0,-1.455423431E0,-2.040406952E0
4.697929292E0,-6.329886932E0,3.287164307E-1,-2.580483856E0
4.707952292E0,-1.080752563E1,-2.141746216E0,-2.030976563E0
4.717975292E0,-1.296199539E1,-5.907016296E0,2.894081726E0
4.727997292E0,-1.037552399E1,-7.586224365E0,2.860701141E0
4.738020292E0,-5.899232483E0,-8.497678986E0,-2.006427612E0
4.748043292E0,-2.998414764E0,-9.884395294E0,-3.684587860E0
4.758065292E0,-1.456471252E0,-1.115016312E1,-4.746180267E0
4.768088292E0,4.596940613E-1,-1.167287613E1,-7.100783844E0
4.778111292E0,3.842210083E0,-1.183229462E1,-6.973997498E0
4.788133292E0,7.129673767E0,-1.215083221E1,-5.348527679E0
4.798156292E0,9.375902710E0,-1.267564087E1,-4.846771088E0
4.808179292E0,1.076172089E1,-1.295331345E1,-5.791157227E0
4.818201292E0,1.001866608E1,-1.216265762E1,-6.584058380E0
4.828224292E0,5.768853607E0,-1.062295944E1,-5.915997620E0
4.838247292E0,-1.256187744E0,-9.077573090E0,-3.932472382E0
4.848269292E0,-8.931626587E0,-8.641080780E0,-1.235979767E0
4.858292292E0,-1.414094376E1,-9.506131897E0,1.675316162E0
4.868315292E0,-1.481768646E1,-1.064286804E1,3.364253998E0
4.878337292E0,-1.167751648E1,-1.106513992E1,3.812272339E0
4.888360292E0,-7.474107513E0,-1.040351578E1,3.851490784E0
4.898383292E0,-3.375330963E0,-9.190139008E0,3.909270630E0
4.908405292E0,7.185058594E-1,-8.175399170E0,3.962709503E0
4.918428292E0,4.394411774E0,-7.703430634E0,3.692371674E0
4.928450292E0,7.473658447E0,-8.220904541E0,2.917133789E0
4.938473292E0,9.358538818E0,-1.028047165E1,1.564696198E0
4.948496292E0,9.002279663E0,-1.285751266E1,3.088078308E-1
4.958518292E0,6.150859222E0,-1.345477066E1,-7.659571838E-1
4.968541292E0,1.705852661E0,-1.185968765E1,-1.491648102E0
4.978564292E0,-2.669997711E0,-1.022388931E1,-1.603615265E0
4.988586292E0,-5.782624969E0,-9.897567902E0,-1.271455994E0
4.998609292E0,-7.044351196E0,-1.035022659E1,-4.881349182E-1
5.008632292E0,-6.847660217E0,-1.055589890E1,1.291813660E-1
5.018654292E0,-5.635331268E0,-1.018227585E1,5.289999390E-1
5.028677292E0,-3.413052521E0,-9.745334473E0,5.798941040E-1
5.038700292E0,-9.607022095E-1,-9.463021545E0,3.168910217E-1
5.048722292E0,1.115630035E0,-9.480535126E0,1.730401611E-1
5.058745292E0,2.255359955E0,-9.810748444E0,2.002835083E-1
5.068768292E0,2.383942566E0,-1.019365219E1,4.312532043E-1
5.078790292E0,1.983525238E0,-1.043225601E1,8.566685486E-1
5.088813292E0,1.696422272E0,-1.057131683E1,8.794212341E-1
5.098836292E0,1.269809418E0,-1.036055511E1,2.627037048E-1
5.108858292E0,4.664300537E-1,-9.764494629E0,-2.830613708E-1
5.118881292E0,-3.014730835E-1,-9.228609009E0,-4.649331665E-1
5.128904292E0,-9.666897583E-1,-9.126371613E0,-8.400531006E-1
5.138926292E0,-1.239422607E0,-9.357790375E0,-9.484277344E-1
5.148949292E0,-1.132694550E0,-9.858648834E0,-8.800199890E-1
5.158972292E0,-8.767268372E-1,-1.035576508E1,-8.744815063E-1
5.168994292E0,-4.975653076E-1,-1.057041870E1,-7.699987793E-1
5.179016000E0,-1.817221069E-1,-1.024873764E1,-6.914122009E-1
5.189039000E0,7.319778442E-2,-9.965376892E0,-7.191046143E-1
5.199061000E0,4.299060059E-1,-1.011895752E1,-5.730084229E-1
5.209084000E0,7.565267944E-1,-1.044048889E1,-4.531077576E-1
5.219106000E0,7.072792053E-1,-1.056937088E1,-3.734733582E-1
5.229129000E0,2.761756897E-1,-1.023631348E1,-1.706451416E-2
5.239152000E0,3.203338623E-2,-9.862690430E0,4.254153442E-1
5.249174000E0,2.345622253E-1,-9.739795990E0,7.241940308E-1
5.259197000E0,7.068301392E-1,-9.513167267E0,8.464897156E-1
5.269220000E0,1.061293030E0,-9.547895050E0,8.819659424E-1
5.279242000E0,1.008602600E0,-9.789342957E0,1.032103729E0
5.289265000E0,7.340734863E-1,-9.702673187E0,1.157991943E0
5.299288000E0,5.023553467E-1,-9.396559753E0,1.095122681E0
5.309310000E0,5.930667114E-1,-9.547445984E0,9.193881226E-1
5.319333000E0,9.151968384E-1,-9.982291718E0,7.954458618E-1
5.329356000E0,1.400337982E0,-9.989776154E0,7.261399841E-1
5.339378000E0,2.002835083E0,-9.729766846E0,4.836442566E-1
5.349401000E0,2.325863342E0,-9.727521515E0,1.106199646E-1
5.359424000E0,2.284848633E0,-1.007779312E1,1.077758789E-2
5.369446000E0,1.988165588E0,-1.042267593E1,1.755848694E-1
5.379469000E0,1.514700165E0,-1.029573990E1,3.418890381E-1
5.389492000E0,1.318158875E0,-9.799671478E0,3.932322693E-1
5.399514000E0,1.212179260E0,-9.453890533E0,2.418969727E-1
5.409537000E0,1.057550812E0,-9.376651154E0,2.386038208E-1
5.419560000E0,1.035097504E0,-9.617500305E0,3.806584167E-1
5.429582000E0,1.131347351E0,-9.925110626E0,4.098477173E-1
5.439605000E0,1.532363434E0,-9.845476227E0,1.678010559E-1
5.449628000E0,1.830543365E0,-9.598040771E0,-3.137475586E-1
5.459650000E0,1.727557526E0,-9.675280151E0,-6.251000977E-1
5.469673000E0,1.459015961E0,-1.003513184E1,-6.667135620E-1
5.479696000E0,9.789642334E-1,-1.002704865E1,-6.629713440E-1
5.489718000E0,4.968168640E-1,-9.848919067E0,-8.448431396E-1
5.499741000E0,3.504212952E-1,-9.967173157E0,-1.074765015E0
5.509763000E0,2.767744446E-1,-1.009126511E1,-1.096320190E0
5.519786000E0,2.451901245E-1,-1.009545639E1,-9.562115479E-1
5.529809000E0,4.384382629E-1,-1.004336472E1,-9.340576172E-1
5.539831000E0,6.234535217E-1,-9.735005951E0,-8.283773804E-1
5.549854000E0,6.342311096E-1,-9.300010529E0,-6.397695923E-1
5.559877000E0,5.294490051E-1,-9.052275696E0,-3.778143311E-1
5.569899000E0,6.304888916E-1,-9.441166992E0,7.259902954E-2
5.579922000E0,8.623567200E-1,-1.016895355E1,6.048921204E-1
5.589945000E0,9.437873840E-1,-1.011072464E1,7.348219299E-1
5.599967000E0,1.059796143E0,-9.497150574E0,2.200424194E-1
5.609990000E0,1.135987701E0,-9.276060333E0,-1.399589539E-1
5.620013000E0,1.355730743E0,-9.538764038E0,3.797602844E-1
5.630035000E0,2.136058044E0,-9.870174866E0,9.467811584E-1
5.640058000E0,2.938539276E0,-9.887239380E0,1.174008636E0
5.650081000E0,3.389401703E0,-9.877659302E0,1.383423157E0
5.660103000E0,3.619323578E0,-1.014934433E1,1.670226746E0
5.670126000E0,3.469634857E0,-1.019425095E1,1.967358856E0
5.680149000E0,3.332220612E0,-1.013736923E1,2.220332794E0
5.690171000E0,3.450325012E0,-1.051712952E1,2.065105591E0
5.700194000E0,2.988984375E0,-1.063613205E1,1.499731293E0
5.710217000E0,1.821562042E0,-9.854607239E0,7.668553162E-1
5.720239000E0,1.003962250E0,-8.801696777E0,2.489323425E-1
5.730262000E0,9.050180054E-1,-8.103548584E0,-3.652404785E-2
5.740285000E0,1.558409271E0,-8.468938751E0,-2.194436646E-1
5.750307000E0,1.661694489E0,-9.598489838E0,-7.469467163E-2
5.760330000E0,6.084846497E-1,-1.023736130E1,-2.903961182E-2
5.770353000E0,-2.302212524E-1,-9.947114868E0,-6.417155457E-1
5.780375000E0,-2.351609802E-1,-9.271719360E0,-8.963360596E-1
5.790398000E0,3.026705933E-1,-9.099277954E0,-4.370910645E-1
5.800420000E0,1.362167358E0,-9.604327698E0,5.659730530E-1
5.810443000E0,3.031346283E0,-1.014545242E1,1.725910950E0
5.820466000E0,4.856650543E0,-9.999206543E0,2.296075287E0
5.830488000E0,5.737868042E0,-9.457632751E0,2.276915131E0
5.840511000E0,5.509892120E0,-9.202862549E0,2.073637848E0
5.850534000E0,4.584516449E0,-9.370813293E0,1.412313080E0
5.860556000E0,3.111878815E0,-9.723928986E0,7.479945374E-1
5.870579000E0,9.377998352E-1,-9.666747894E0,6.200106812E-1
5.880602000E0,-1.247056732E0,-9.432335358E0,4.468208313E-1
5.890624000E0,-2.279010773E0,-9.574240265E0,4.101470947E-2
5.900647000E0,-1.695374451E0,-9.946965179E0,6.890171814E-1
5.910670000E0,5.532495117E-1,-1.029963181E1,1.174607391E0
5.920692000E0,2.944227448E0,-1.031355286E1,8.999285889E-1
5.930715000E0,3.879781952E0,-1.009051666E1,7.728428650E-1
5.940738000E0,3.288212128E0,-1.003438339E1,5.269042969E-1
5.950760000E0,1.980082397E0,-1.019110748E1,1.227447510E-2
5.960783000E0,6.595285034E-1,-1.004800507E1,-6.698570251E-1
5.970806000E0,9.370513916E-2,-9.732161865E0,-1.055604858E0
5.980828000E0,7.625143433E-1,-9.365424500E0,-4.935237122E-1
5.990851000E0,1.831291809E0,-9.359886017E0,1.148860931E0
6.000874000E0,2.833607483E0,-9.381590881E0,2.728076935E0
6.010896000E0,2.925815735E0,-8.884923706E0,3.650458832E0
6.020919000E0,1.786385193E0,-8.532257080E0,4.149970093E0
6.030942000E0,7.948471069E-1,-9.063502350E0,4.133204956E0
6.040964000E0,1.025966492E0,-9.782457275E0,3.134182434E0
6.050987000E0,1.471290436E0,-1.000878662E1,1.856738892E0
6.061010000E0,1.427731018E0,-9.932445374E0,7.107220459E-1
6.071032000E0,1.315763855E0,-1.003064117E1,-1.945953369E-2
6.081055000E0,1.280736694E0,-1.010623398E1,-1.152603149E-2
6.091078000E0,1.017434235E0,-9.848769379E0,1.618135071E-1
6.101100000E0,9.041198730E-1,-9.621392212E0,4.099974060E-1
6.111123000E0,1.281634827E0,-9.661059723E0,1.086889801E0
6.121146000E0,2.080972595E0,-9.330397339E0,1.791324921E0
6.131168000E0,3.297941895E0,-8.660390625E0,2.006726990E0
6.141191000E0,4.143982544E0,-8.305478668E0,1.896256714E0
6.151214000E0,3.920048218E0,-8.617429962E0,2.138902130E0
6.161236000E0,3.788022766E0,-9.183852081E0,2.148033142E0
6.171259000E0,3.445235596E0,-9.721234589E0,1.756597137E0
6.181281125E0,2.327809296E0,-1.004231689E1,1.444496155E0
6.191304125E0,1.195264435E0,-9.996063080E0,1.544039154E0
6.201327125E0,6.858737183E-1,-9.580527191E0,1.821861420E0
6.211349125E0,4.772076416E-1,-8.953032074E0,1.586251373E0
6.221372125E0,4.992118835E-1,-8.818761292E0,1.642684021E0
6.231395125E0,6.126759338E-1,-9.564660187E0,2.223625946E0
6.241417125E0,6.027964783E-1,-1.034528687E1,2.807262268E0
6.251440125E0,9.328601074E-1,-1.056832306E1,2.881058807E0
6.261463125E0,1.574575653E0,-1.019859192E1,2.387086029E0
6.271485125E0,1.579515381E0,-9.717192993E0,1.945953369E0
6.281508125E0,1.369352417E0,-9.642498322E0,1.807341614E0
6.291531125E0,1.414109344E0,-9.613309021E0,1.612147522E0
6.301553125E0,1.484313354E0,-9.352251892E0,1.571881256E0
6.311576125E0,1.405577087E0,-9.126371613E0,1.643432465E0
6.321599125E0,1.475332031E0,-9.079818420E0,1.642833710E0
6.331621125E0,2.052831116E0,-9.151519318E0,1.757644958E0
6.341644125E0,2.780617676E0,-9.451495514E0,1.831441498E0
6.351667125E0,3.183879089E0,-9.581125946E0,1.782193909E0
6.361689125E0,3.032693481E0,-9.208101654E0,1.874851227E0
6.371712125E0,2.488425293E0,-8.491541748E0,1.473236389E0
6.381735125E0,1.323397980E0,-8.254584503E0,9.388476562E-1
6.391757125E0,1.342707825E-1,-8.988059235E0,7.908055115E-1
6.401780125E0,1.739382935E-1,-1.005159760E1,1.085542603E0
6.411803125E0,1.262175293E0,-1.081096848E1,1.628313904E0
6.421825125E0,2.537523193E0,-1.113699051E1,1.924547882E0
6.431848125E0,3.462300110E0,-1.087189178E1,1.624871063E0
6.441871125E0,3.678750000E0,-9.863438873E0,1.184786224E0
6.451893125E0,3.026855621E0,-8.876990204E0,1.073717194E0
6.461916125E0,2.308649139E0,-8.746162262E0,1.140328674E0
6.471939125E0,1.847757568E0,-9.275760956E0,1.448986816E0
6.481961125E0,1.578168182E0,-9.608069916E0,1.802551575E0
6.491984125E0,1.566941528E0,-9.500294037E0,2.091301117E0
6.502006125E0,1.872755585E0,-9.774523773E0,2.107467499E0
6.512029125E0,2.393223267E0,-1.025786865E1,1.644480286E0
6.522052125E0,2.744991760E0,-9.850565643E0,7.741900635E-1
6.532074125E0,2.829715576E0,-8.879983978E0,-1.682501221E-1
6.542097125E0,3.071313171E0,-8.386609955E0,-7.714956665E-1
6.552120125E0,3.334316254E0,-8.651858368E0,-3.159928894E-1
6.562142125E0,3.500620422E0,-9.025631104E0,9.181906128E-1
6.572165125E0,3.688479767E0,-9.009165344E0,1.936073914E0
6.582188125E0,3.839964752E0,-8.860524445E0,2.590063934E0
6.592210125E0,3.613785095E0,-8.974437561E0,3.181334381E0
6.602233125E0,2.670446777E0,-9.266480255E0,3.769311676E0
6.612256125E0,1.308878174E0,-9.353299713E0,3.784729614E0
6.622278125E0,1.824705505E-1,-9.184301147E0,3.114124146E0
6.632301125E0,-5.881269836E-1,-9.216184845E0,2.374811554E0
6.642324125E0,-7.786807251E-1,-9.682614899E0,1.964814148E0
6.652346125E0,-3.210823059E-1,-1.003183868E1,2.068099365E0
6.662369125E0,7.041357422E-1,-9.950857086E0,2.503094788E0
6.672392125E0,2.029479675E0,-9.680519257E0,2.647993469E0
6.682414125E0,2.953957214E0,-9.161249084E0,2.624492340E0
6.692437125E0,3.247796173E0,-8.532107391E0,2.731669464E0
6.702460125E0,3.144211578E0,-8.411308594E0,2.839145966E0
6.712482125E0,3.040776672E0,-8.699309692E0,2.756517792E0
6.722505125E0,3.272045746E0,-9.323062592E0,2.462379456E0
6.732528125E0,3.390449524E0,-9.973011017E0,2.138303375E0
6.742550125E0,3.173101501E0,-1.012509476E1,1.993105316E0
6.752573125E0,2.971470795E0,-9.904453583E0,1.631157990E0
6.762596125E0,2.881507874E0,-9.705367584E0,1.149010620E0
6.772618125E0,2.804567871E0,-9.160650330E0,7.836204529E-1
6.782641125E0,2.757864990E0,-8.473130035E0,4.956193542E-1
6.792664125E0,2.863694916E0,-8.479416962E0,6.911128235E-1
6.802686125E0,2.848875732E0,-9.132059784E0,1.668280792E0
6.812709125E0,2.815794525E0,-9.704020386E0,2.986888733E0
6.822732125E0,3.692521362E0,-9.853110352E0,3.211421814E0
6.832754125E0,4.868925018E0,-9.753118286E0,2.858904877E0
6.842777125E0,5.104235687E0,-9.646390228E0,3.057392120E0
6.852800125E0,4.761897583E0,-9.270372162E0,3.197800140E0
6.862822125E0,3.952530670E0,-8.815767517E0,2.640059967E0
6.872845125E0,2.768343201E0,-8.650361481E0,1.811682587E0
6.882867125E0,1.468446350E0,-8.635841675E0,1.344055023E0
6.892890125E0,1.275347900E-1,-9.100774841E0,1.270707550E0
6.902913125E0,-8.982820129E-1,-1.010877869E1,1.507515106E0
6.912935125E0,-1.152154083E0,-1.070947952E1,1.637744293E0
6.922958125E0,-6.134243774E-1,-1.020383102E1,1.487606506E0
6.932981125E0,4.869374084E-1,-9.114546204E0,1.078507233E0
6.943003125E0,1.957928467E0,-8.232280884E0,7.643106079E-1
6.953026125E0,3.605552216E0,-8.102500763E0,8.186476135E-1
6.963049125E0,5.128185883E0,-8.609197083E0,1.020428009E0
6.973071125E0,5.902375946E0,-9.031768341E0,1.255588989E0
6.983094125E0,5.593119049E0,-9.247769165E0,2.020498352E0
6.993117125E0,5.112468567E0,-9.335337067E0,3.075803833E0
7.003139125E0,4.619543610E0,-9.502988434E0,3.858825531E0
7.013162125E0,3.837719421E0,-9.847721558E0,4.349654846E0
7.023185125E0,2.866838379E0,-1.007464966E1,4.616250458E0
7.033207125E0,1.575324097E0,-9.797426147E0,4.688999176E0
7.043230125E0,2.888992310E-1,-9.165140991E0,4.505480804E0
7.053253125E0,-3.393443298E-1,-8.760532379E0,3.982767792E0
7.063275125E0,-2.833607483E-1,-8.872349854E0,3.438050537E0
7.073298125E0,2.447410583E-1,-9.079519043E0,2.848875732E0
7.083321125E0,1.068927155E0,-9.054221649E0,2.254312134E0
7.093343125E0,1.877246246E0,-8.988657990E0,1.651515656E0
7.103366125E0,2.372416534E0,-9.094338226E0,1.203796692E0
7.113389125E0,2.825075226E0,-9.470206604E0,1.143472137E0
7.123411125E0,3.287463684E0,-9.998907166E0,1.427431641E0
7.133434125E0,3.408262482E0,-1.027433441E1,2.008822632E0
7.143457125E0,3.082988892E0,-9.883197784E0,2.376458130E0
7.153479125E0,2.830763397E0,-9.267378387E0,2.454296265E0
7.163502125E0,3.094664612E0,-8.619824982E0,2.621199188E0
7.173525125E0,3.297492828E0,-7.893385620E0,2.585124207E0
7.183549375E0,3.302133179E0,-7.815248108E0,2.302362213E0
7.193572375E0,3.180885315E0,-8.675060120E0,2.162103882E0
7.203595375E0,3.070864105E0,-9.492959290E0,2.193688202E0
7.213617375E0,3.181633759E0,-9.719737701E0,2.145638123E0
7.223640375E0,3.332969055E0,-9.487121429E0,1.875449982E0
7.233663375E0,3.318598938E0,-9.071286163E0,1.462009735E0
7.243685375E0,3.092868347E0,-9.062903595E0,9.722282410E-1
7.253708375E0,2.923869781E0,-9.213340759E0,9.819580078E-1
7.263731375E0,3.019820251E0,-9.143286438E0,1.465003510E0
7.273753375E0,3.611988831E0,-9.097631378E0,1.540596313E0
7.283776375E0,4.160298615E0,-9.053473206E0,1.317560120E0
7.293798375E0,4.143982544E0,-8.856033783E0,1.324894867E0
7.303821375E0,3.896996155E0,-8.756041718E0,1.745669861E0
7.313844375E0,3.826492767E0,-8.882378998E0,2.068398743E0
7.323866375E0,3.976630554E0,-8.892707520E0,2.066602478E0
7.333889375E0,4.328997803E0,-8.742719421E0,2.189496918E0
7.343912375E0,4.746329956E0,-8.618477783E0,2.222129059E0
7.353934375E0,4.911286926E0,-8.455317078E0,2.138752441E0
7.363957375E0,4.836292877E0,-8.302185516E0,1.957928467E0
7.373980375E0,4.526736603E0,-8.450227661E0,1.670376434E0
7.384002375E0,4.128863983E0,-8.981921997E0,1.671723633E0
7.394025375E0,3.672014008E0,-9.510772247E0,2.082918549E0
7.404048375E0,3.175795898E0,-9.521549835E0,2.512076111E0
7.414070375E0,2.911595306E0,-9.066196747E0,2.737207947E0
7.424093375E0,2.746338959E0,-8.579409027E0,2.828069000E0
7.434116375E0,2.414628754E0,-8.265960846E0,2.741997986E0
7.444138375E0,2.046095123E0,-8.236472168E0,2.717149658E0
7.454161375E0,1.973047028E0,-8.369096375E0,2.795885925E0
7.464184375E0,2.497406616E0,-8.599018250E0,2.622097321E0
7.474206375E0,2.921923828E0,-8.991352386E0,2.371668091E0
7.484229375E0,2.927013245E0,-9.236692200E0,2.396067352E0
7.494252375E0,2.765499115E0,-9.227261810E0,2.485431519E0
7.504274375E0,2.713108063E0,-9.059011688E0,2.485581207E0
7.514297375E0,3.027304688E0,-8.971294098E0,2.167492676E0
7.524320375E0,3.371289368E0,-9.272018738E0,1.973795471E0
7.534342375E0,3.518433380E0,-1.001387604E1,2.318827972E0
7.544365375E0,3.920497284E0,-1.036429733E1,2.260449371E0
7.554388375E0,3.938010864E0,-9.994117126E0,1.631607056E0
7.564410375E0,3.378773804E0,-9.523495789E0,1.496438141E0
7.574433375E0,2.833008728E0,-9.024583282E0,1.579216003E0
7.584456375E0,2.407892761E0,-8.429720306E0,1.592238922E0
7.594478375E0,2.432441711E0,-8.150251465E0,1.732946320E0
7.604501375E0,2.948418732E0,-8.714727631E0,2.133513336E0
7.614524375E0,3.518583069E0,-9.524094543E0,2.706372070E0
7.624546375E0,3.841611328E0,-9.669891357E0,3.156186676E0
7.634569375E0,3.788322144E0,-9.148226166E0,3.288810883E0
7.644592375E0,3.268303528E0,-8.528514862E0,3.198249207E0
7.654614375E0,2.595303040E0,-8.403075714E0,3.058889008E0
7.664637375E0,2.269430695E0,-8.736282806E0,2.723286896E0
7.674660375E0,2.496209106E0,-9.096284180E0,2.289488983E0
7.684682375E0,2.868784332E0,-9.246421967E0,2.052831116E0
7.694705375E0,3.014730835E0,-9.294771423E0,1.677411804E0
7.704727375E0,3.092568970E0,-9.386380920E0,1.242566071E0
7.714750375E0,3.155887299E0,-9.614506531E0,1.070274353E0
7.724773375E0,3.046464844E0,-9.879754944E0,8.777746582E-1
7.734795375E0,2.852318573E0,-1.006207581E1,5.900729370E-1
7.744818375E0,2.836301880E0,-1.018018021E1,5.673202515E-1
7.754841375E0,3.079695740E0,-1.051772827E1,8.333171082E-1
7.764863375E0,3.650159454E0,-1.104553070E1,1.050964508E0
7.774886375E0,4.359234924E0,-1.119956039E1,1.076710968E0
7.784909375E0,4.583019562E0,-1.050934570E1,8.925938416E-1
7.794931375E0,4.149071960E0,-9.026529236E0,6.161187744E-1
7.804954375E0,3.771856384E0,-7.316335602E0,4.528083801E-1
7.814977375E0,4.090393982E0,-6.012696533E0,4.490661621E-1
7.824999375E0,5.064119110E0,-5.440885620E0,3.029699707E-1
7.835022375E0,6.305188293E0,-5.627248077E0,-1.451980591E-2
7.845045375E0,7.313491516E0,-6.337221680E0,-2.028282166E-1
7.855067375E0,7.789351959E0,-7.208709412E0,-2.448907471E-1
7.865090375E0,7.778873749E0,-8.020770721E0,-2.207908630E-1
7.875113375E0,7.379504242E0,-8.483308868E0,8.038284302E-2
7.885135375E0,6.740034027E0,-8.499175873E0,6.328839111E-1
7.895158375E0,6.106551361E0,-8.236621857E0,9.936337280E-1
7.905181375E0,5.669909363E0,-7.725584564E0,1.206790466E0
7.915203375E0,5.446873169E0,-7.473658447E0,1.569186859E0
7.925226375E0,5.328918457E0,-8.014633484E0,1.795067139E0
7.935249375E0,4.988675995E0,-8.960666199E0,1.797013092E0
7.945271375E0,4.305496674E0,-9.888586578E0,1.875749359E0
7.955294375E0,3.445534973E0,-1.058868073E1,1.730251923E0
7.965317375E0,2.720442810E0,-1.085138443E1,1.317260742E0
7.975339375E0,2.147434387E0,-1.073807007E1,1.188229065E0
7.985362375E0,1.676214294E0,-1.046099625E1,1.056952057E0
7.995385375E0,1.327589264E0,-1.008707382E1,7.942483521E-1
8.005407375E0,1.147064667E0,-9.642648010E0,5.929170227E-1
8.015430375E0,1.305884399E0,-9.242530060E0,3.143463135E-1
8.025453375E0,1.681154022E0,-8.916208649E0,2.215393066E-2
8.035475375E0,2.116748199E0,-8.740324402E0,-2.243833923E-1
8.045498375E0,2.611170044E0,-8.721463623E0,-4.680766296E-1
8.055521375E0,3.101699982E0,-8.719068604E0,-5.806425476E-1
8.065543375E0,3.552861786E0,-8.660989380E0,-5.719606018E-1
8.075566375E0,3.953279114E0,-8.559500427E0,-5.230123901E-1
8.085589375E0,4.253554688E0,-8.491541748E0,-3.956272888E-1
8.095611375E0,4.336631927E0,-8.634195099E0,-2.327659607E-1
8.105634375E0,4.169279938E0,-9.006770325E0,-7.828720093E-2
8.115657375E0,3.891008606E0,-9.326505432E0,1.709445190E-1
8.125679375E0,3.689228210E0,-9.499695282E0,4.137396240E-1
8.135702375E0,3.725153503E0,-9.481283569E0,6.282435608E-1
8.145725375E0,3.840264130E0,-9.188342743E0,8.363108826E-1
8.155747375E0,3.827839966E0,-8.794062653E0,1.040486298E0
8.165770375E0,3.638034668E0,-8.647667084E0,1.042731628E0
8.175793375E0,3.200494537E0,-8.617729340E0,7.247927856E-1
8.185813375E0,2.877017212E0,-8.496780853E0,4.263134766E-1
8.195836375E0,2.881358185E0,-8.690028992E0,1.261875916E-1
8.205858375E0,3.304827576E0,-9.253607025E0,-1.737886047E-1
8.215881375E0,3.858975220E0,-9.918674011E0,-9.669891357E-2
8.225904375E0,4.033961334E0,-1.054856415E1,-1.270857239E-1
8.235926375E0,3.840114441E0,-1.058014847E1,-4.155358887E-1
8.245949375E0,3.687581635E0,-9.940378876E0,-5.438191223E-1
8.255972375E0,3.582649841E0,-9.161698151E0,-5.852828979E-1
8.265994375E0,3.504212952E0,-8.557554474E0,-5.138813782E-1
8.276017375E0,3.493285675E0,-8.392298126E0,-1.965412903E-1
8.286040375E0,3.404220886E0,-8.630452881E0,9.924362183E-2
8.296062375E0,3.310366058E0,-8.908275146E0,2.504292297E-1
8.306085375E0,3.235222321E0,-9.143286438E0,4.393363953E-1
8.316108375E0,3.063529358E0,-9.403744812E0,5.804928589E-1
8.326130375E0,2.825823669E0,-9.756261749E0,6.021977234E-1
8.336153375E0,2.727627869E0,-1.016835480E1,6.918612671E-1
8.346176375E0,2.783012695E0,-1.057655594E1,7.749385071E-1
8.356198375E0,2.876867523E0,-1.075588303E1,7.994874573E-1
8.366221375E0,2.947670288E0,-1.066038162E1,8.286767578E-1
8.376244375E0,3.029100952E0,-1.027493317E1,7.405101013E-1
8.386266375E0,3.192561035E0,-9.783654785E0,6.994953918E-1
8.396289375E0,3.308869171E0,-9.244476013E0,6.405180359E-1
8.406312375E0,3.395688629E0,-8.592282257E0,3.113525391E-1
8.416334375E0,3.633094940E0,-8.090525665E0,-8.562194824E-2
8.426357375E0,3.910019073E0,-8.030500488E0,-4.114942932E-1
8.436380375E0,4.046984253E0,-8.403824158E0,-7.720944214E-1
8.446402375E0,4.121529236E0,-8.949888611E0,-9.144483948E-1
8.456425375E0,4.318369904E0,-9.375154266E0,-7.685018921E-1
8.466448375E0,4.619244232E0,-9.572444000E0,-5.900729370E-1
8.476470375E0,4.826563110E0,-9.552236023E0,-3.025209045E-1
8.486493375E0,4.915927277E0,-9.480834503E0,2.424957275E-2
8.496516375E0,4.802912292E0,-9.285490723E0,2.378553772E-1
8.506538375E0,4.730762329E0,-8.960067444E0,4.279600525E-1
8.516561375E0,4.892875214E0,-8.746012573E0,6.658154297E-1
8.526584375E0,5.309309235E0,-8.657247162E0,7.367678833E-1
8.536606375E0,5.778433685E0,-8.740773468E0,7.729925537E-1
8.546629375E0,6.088588715E0,-9.006321259E0,8.511300659E-1
8.556652375E0,6.165379028E0,-9.311985626E0,1.146465912E0
8.566674375E0,6.181545410E0,-9.629475403E0,1.526525574E0
8.576697375E0,6.224955139E0,-1.005983047E1,1.435664520E0
8.586720375E0,6.455475769E0,-1.063433578E1,1.066083069E0
8.596742375E0,6.722819824E0,-1.099373840E1,5.553451538E-1
8.606765375E0,6.586154022E0,-1.082728455E1,-3.543132019E-1
8.616788375E0,5.863905945E0,-1.035995636E1,-9.508227539E-1
8.626810375E0,4.803511047E0,-9.921518097E0,-1.151854706E0
8.636833375E0,3.842808838E0,-9.693841553E0,-8.321195984E-1
8.646856375E0,3.231929169E0,-1.005099884E1,-5.453160095E-1
8.656878375E0,3.061733093E0,-1.093760513E1,-3.411405945E-1
8.666901375E0,3.214565277E0,-1.199171310E1,-4.704716492E-1
8.676924375E0,3.586242371E0,-1.288146286E1,-7.018904114E-1
8.686946375E0,4.339775391E0,-1.357467133E1,-7.476951599E-1
8.696969375E0,5.361101532E0,-1.393736710E1,-9.951306152E-1
8.706991375E0,6.394702148E0,-1.380803604E1,-1.251996460E0
8.717014375E0,7.228318634E0,-1.331091980E1,-1.328337708E0
8.727037375E0,7.920030212E0,-1.283760406E1,-1.398841095E0
8.737059375E0,8.383316803E0,-1.259630585E1,-1.686991882E0
8.747082375E0,8.156089325E0,-1.273132507E1,-2.366728363E0
8.757105375E0,7.063211975E0,-1.295451096E1,-3.022963715E0
8.767127375E0,5.256918182E0,-1.301738022E1,-2.271676025E0
8.777150375E0,3.544179840E0,-1.304776703E1,-8.536747742E-1
8.787173375E0,2.689606934E0,-1.266875519E1,-2.662962341E-1
8.797195375E0,2.454595642E0,-1.207943069E1,-3.579057312E-1
8.807218375E0,2.410138092E0,-1.137439682E1,-6.514453125E-1
8.817241375E0,2.155517578E0,-1.075348801E1,-9.922865295E-1
8.827263375E0,1.958676910E0,-1.007330246E1,-2.082469482E0
8.837286375E0,1.663041687E0,-9.231004028E0,-2.699486389E0
8.847309375E0,1.066681824E0,-8.523724823E0,-1.793270874E0
8.857331375E0,5.138813782E-1,-7.964787140E0,-6.439608765E-1
8.867354375E0,1.939965820E-1,-7.683222656E0,-8.143066406E-2
8.877377375E0,-5.403762817E-2,-7.179969177E0,-1.683998108E-1
8.887399375E0,-4.935237122E-1,-6.297105103E0,3.577560425E-2
8.897422375E0,-1.048270111E0,-5.018014984E0,8.307723999E-2
8.907445375E0,-1.668280792E0,-3.394940186E0,6.581813049E-1
8.917467375E0,-2.043999481E0,-2.200873260E0,1.704355774E0
8.927490375E0,-1.951641541E0,-2.119442596E0,2.508333893E0
8.937513375E0,-1.379531250E0,-3.396287384E0,2.584675140E0
8.947535375E0,-5.568420410E-1,-5.411396942E0,6.312373352E-1
8.957558375E0,-1.815724182E-1,-6.209686890E0,-1.531016235E0
8.967581375E0,-8.057743835E-1,-5.221292267E0,-3.039728851E0
8.977603375E0,-3.053500214E0,-3.880829773E0,-4.654570770E0
8.987626375E0,-7.633975067E0,-3.927682343E0,-4.958738251E0
8.997649375E0,-1.302187088E1,-5.589077454E0,-4.330045624E0
9.007671375E0,-1.549757263E1,-6.741381226E0,-4.713697815E0
9.017694375E0,-1.333232529E1,-6.647077332E0,-4.861141205E0
9.027717375E0,-8.258027344E0,-7.016359406E0,-5.956712952E0
9.037739375E0,-4.251009979E0,-8.350085907E0,-7.666457520E0
9.047762375E0,-1.757644958E0,-9.887688446E0,-8.372389526E0
9.057785375E0,6.575825500E-1,-1.036235138E1,-9.031319275E0
9.067807375E0,3.222798157E0,-9.698781281E0,-9.247320099E0
9.077830375E0,6.407126312E0,-8.635242920E0,-9.348958740E0
9.087853375E0,8.184829559E0,-7.765551453E0,-9.366322632E0
9.097875375E0,6.808890839E0,-6.711443481E0,-7.837551727E0
9.107898375E0,4.218228149E0,-5.981710968E0,-5.958958282E0
9.117921375E0,3.413950653E0,-6.459816742E0,-6.500681763E0
9.127943375E0,3.821702728E0,-6.977590027E0,-8.045169983E0
9.137966375E0,1.501377869E-1,-6.730753326E0,-9.566606140E0
9.147989375E0,-1.223405914E1,-3.039728851E0,-8.388106842E0
9.158011375E0,-2.649819672E1,8.443940735E-1,-2.219135284E0
9.168034375E0,-2.551758591E1,-1.599723358E0,3.004402313E0
9.178057375E0,-1.047880920E1,-5.849086761E0,2.767295380E0
9.188079000E0,4.759951630E0,-8.549471283E0,-2.727627869E0
9.198102000E0,1.407582916E1,-7.496710510E0,-5.871091003E0
9.208125000E0,1.364742004E1,-3.956871643E0,-4.530778198E0
9.218147000E0,9.918674011E0,-7.060816956E-1,-2.165846100E0
9.228170000E0,7.585924988E0,-3.490740967E-1,-2.246827698E0
9.238193000E0,6.334527283E0,-3.452570343E0,-4.385430450E0
9.248215000E0,4.588857422E0,-8.094267883E0,-7.512727203E0
9.258238000E0,2.399210815E0,-1.231623825E1,-9.740245056E0
9.268261000E0,1.187031555E-1,-1.594184875E1,-1.051563263E1
9.278283000E0,-2.069296875E0,-1.839240280E1,-1.111798004E1
9.288306000E0,-3.428470459E0,-1.741239075E1,-1.102173019E1
9.298328000E0,-3.740122375E0,-1.323862015E1,-9.989626465E0
9.308351000E0,-3.952830048E0,-8.989406433E0,-8.678652649E0
9.318374000E0,-4.380490723E0,-6.435118103E0,-7.122189331E0
9.328396000E0,-4.386627960E0,-6.326294403E0,-5.362448730E0
9.338419000E0,-3.661835175E0,-8.410260773E0,-3.592529297E0
9.348442000E0,-2.504292297E0,-1.008872040E1,-1.516346741E0
9.358464000E0,-1.479373627E0,-9.488768005E0,1.429377594E0
9.368487000E0,-6.026467896E-1,-7.862100677E0,3.774101715E0
9.378510000E0,5.471122742E-1,-6.897955627E0,4.438869324E0
9.388532000E0,2.371219025E0,-7.111860809E0,4.065994720E0
9.398555000E0,4.320016479E0,-8.501421204E0,2.877615967E0
9.408578000E0,5.597160645E0,-1.034483780E1,8.972341919E-1
9.418600000E0,5.883515167E0,-1.174053543E1,-1.287023621E0
9.428623000E0,4.818030853E0,-1.240575211E1,-3.337160339E0
9.438646000E0,3.203638000E0,-1.259540771E1,-5.160668335E0
9.448668000E0,1.552571411E0,-1.256801468E1,-6.943161621E0
9.458691000E0,-3.293151855E-2,-1.214649124E1,-8.411757660E0
9.468714000E0,-1.423988800E0,-1.147199387E1,-9.381890259E0
9.478736000E0,-2.571502533E0,-1.104193817E1,-1.005668701E1
9.488759000E0,-2.937790833E0,-1.118264557E1,-1.035067566E1
9.498782000E0,-1.948198700E0,-1.151839737E1,-1.054766602E1
9.508804000E0,-5.947132874E-1,-1.143053009E1,-1.069645660E1
9.518827000E0,2.859054565E-2,-1.049347870E1,-1.060993652E1
9.528850000E0,-8.255332947E-1,-9.392817535E0,-1.065379532E1
9.538872000E0,-2.678080902E0,-8.428522797E0,-9.361532593E0
9.548895000E0,-3.933370514E0,-7.864795074E0,-7.982151031E0
9.558918000E0,-2.973267059E0,-7.159761200E0,-7.397317200E0
9.568940000E0,6.523434448E-1,-6.610702972E0,-5.008883972E0
9.578963000E0,3.787573700E0,-6.612948303E0,-3.728147278E0
9.588986000E0,4.576433258E0,-5.370980988E0,-4.868026886E0
9.599008000E0,3.617527313E0,-3.801195374E0,-5.731132050E0
9.609031000E0,1.995350647E0,-3.311264191E0,-4.373305664E0
9.619054000E0,1.746567993E0,-3.005599823E0,-3.648063812E0
9.629076000E0,2.362088013E0,-1.912722473E0,-3.273093567E0
9.639099000E0,1.909129944E0,-1.171613617E0,-2.722538452E0
9.649122000E0,3.797602844E-1,-1.263522491E0,-4.022734680E0
9.659144000E0,-1.035845947E0,7.794291687E-1,-2.766996002E0
9.669167000E0,-1.748064880E0,2.171534271E0,5.140759735E0
9.679190000E0,-7.450007629E-1,-1.692979431E-1,1.084599564E1
9.689212000E0,2.017504578E0,-3.292253723E0,6.647376709E0
9.699235000E0,6.661447449E0,-5.908064117E0,-8.011340332E-1
9.709258000E0,1.093401260E1,-9.500743103E0,-8.928483124E0
9.719280000E0,1.143816422E1,-1.397763336E1,-1.504177048E1
9.729303000E0,7.722441101E0,-1.795022232E1,-1.738679398E1
9.739326000E0,2.383194122E0,-2.127855103E1,-1.757764709E1
9.749348000E0,-1.896406403E0,-2.287213715E1,-1.564426758E1
9.759371000E0,-4.628075867E0,-2.014091675E1,-1.121527771E1
9.769394000E0,-7.560627594E0,-1.310494812E1,-6.385720825E0
9.779416000E0,-1.030921188E1,-6.948251038E0,-1.827998657E0
9.789439000E0,-9.673184509E0,-5.555696869E0,1.610800323E0
9.799462000E0,-6.363866272E0,-7.387437744E0,2.712958374E0
9.809484000E0,-1.542542267E0,-8.751700745E0,2.424358521E0
9.819507000E0,3.679199066E0,-8.673712921E0,1.739682312E0
9.829530000E0,7.308252411E0,-8.085585938E0,8.053253174E-1
9.839552000E0,8.869206390E0,-7.423363037E0,-2.332150269E-1
9.849575000E0,8.471184082E0,-7.207212524E0,-1.382974091E0
9.859597000E0,6.509663086E0,-7.921676788E0,-2.933000793E0
9.869620000E0,3.988156586E0,-9.135652313E0,-4.162693634E0
9.879643000E0,1.681154022E0,-1.025846741E1,-4.165986786E0
9.889666000E0,-5.478607178E-1,-1.093236603E1,-3.439547424E0
9.899688000E0,-2.928959198E0,-1.070139633E1,-2.831960907E0
9.909711000E0,-4.876409454E0,-9.943971405E0,-2.316882019E0
9.919734000E0,-5.338498535E0,-9.272168427E0,-1.868115234E0
9.929756000E0,-4.090693359E0,-8.870403900E0,-1.609752502E0
9.939779000E0,-1.815125427E0,-8.818012848E0,-1.475332031E0
9.949802000E0,5.592370605E-1,-8.690478058E0,-1.345402222E0
9.959824000E0,2.462379456E0,-8.732390900E0,-1.120420074E0
9.969847000E0,3.600911865E0,-9.277407532E0,-1.199006653E0
9.979869000E0,3.679049377E0,-9.737850037E0,-1.384321289E0
9.989892000E0,2.819686432E0,-1.007809250E1,-1.834884338E0
9.999915000E0,1.933080139E0,-1.032118698E1,-2.736309814E0
1.000993700E1,1.207838287E0,-1.012284943E1,-3.911216583E0
1.001996000E1,-1.655557251E-1,-9.888436890E0,-4.410877533E0
1.002998300E1,-1.806443481E0,-9.648934937E0,-4.006418610E0
1.004000500E1,-2.892135773E0,-9.441616058E0,-3.185675354E0
1.005002800E1,-2.906206512E0,-9.497000885E0,-2.665507050E0
1.006005100E1,-2.477797394E0,-9.845625916E0,-2.387235718E0
1.007007300E1,-1.444496155E0,-1.012165192E1,-2.082918549E0
1.008009600E1,2.918930054E-2,-9.894274750E0,-2.071542206E0
1.009011900E1,1.173260193E0,-9.477691040E0,-1.835034027E0
1.010014100E1,1.883533173E0,-9.158854065E0,-1.415157166E0
1.011016400E1,2.358794861E0,-8.799152069E0,-1.117575989E0
1.012018700E1,2.724185028E0,-8.501870270E0,-1.085093536E0
1.013020900E1,3.005300446E0,-8.686586151E0,-1.440604248E0
1.014023200E1,2.802023163E0,-9.216484222E0,-2.021246796E0
1.015025500E1,2.246528320E0,-9.886191559E0,-2.682122498E0
1.016027700E1,1.499431915E0,-1.030172745E1,-3.479664001E0
1.017030000E1,5.613327026E-1,-1.004905289E1,-3.924688568E0
1.018032300E1,5.688171387E-3,-9.507179718E0,-3.855083313E0
1.019034517E1,4.565505981E-2,-9.165739746E0,-3.423680420E0
1.020036817E1,1.580712891E-1,-9.230554962E0,-3.069666595E0
1.021039117E1,3.550616455E-1,-9.612410889E0,-3.017724609E0
1.022041317E1,7.711962891E-1,-9.636361084E0,-3.015329590E0
1.023043617E1,1.240320740E0,-8.992100830E0,-2.672392731E0
1.024045917E1,1.773811340E0,-8.669970703E0,-2.384092255E0
1.025048117E1,2.487377472E0,-9.277257843E0,-2.369273071E0
1.026050417E1,2.562221832E0,-9.808054047E0,-2.215393066E0
1.027052717E1,2.010918274E0,-9.798473969E0,-2.048190765E0
1.028054917E1,1.325343933E0,-9.693841553E0,-2.123035126E0
1.029057217E1,9.348060608E-1,-9.520202637E0,-2.376009064E0
1.030059517E1,9.065148926E-1,-9.387578430E0,-2.639610901E0
1.031061717E1,8.812174988E-1,-9.481433258E0,-2.767894135E0
1.032064017E1,8.701405334E-1,-9.736951904E0,-2.648442535E0
1.033066317E1,8.746311951E-1,-9.907746735E0,-2.361040192E0
1.034068517E1,6.780899048E-1,-9.544003143E0,-2.257754974E0
1.035070817E1,7.448510742E-1,-8.973389740E0,-2.306553497E0
1.036073117E1,1.406624908E0,-9.024283905E0,-2.430346069E0
1.037075317E1,2.303859100E0,-9.433532867E0,-2.620301056E0
1.038077617E1,2.648292847E0,-9.714947662E0,-3.055595856E0
1.039079917E1,2.267933807E0,-9.790241089E0,-3.260519714E0
1.040082117E1,1.742227020E0,-9.462722168E0,-3.231629791E0
1.041084417E1,1.217867432E0,-9.090446320E0,-3.217109985E0
1.042086717E1,6.625222778E-1,-8.889264679E0,-3.054248657E0
1.043088917E1,3.315605164E-1,-9.024583282E0,-3.096760254E0
1.044091217E1,2.902464294E-1,-9.472901001E0,-3.274740143E0
1.045093517E1,2.371069336E-1,-9.920021210E0,-3.287313995E0
1.046095717E1,1.023870850E-1,-1.016985168E1,-2.849923553E0
1.047098017E1,-1.648072815E-1,-9.893077240E0,-2.220931549E0
1.048100317E1,-6.691085815E-2,-9.656119995E0,-1.798210602E0
1.049102517E1,6.327342224E-1,-9.920919342E0,-1.607656860E0
1.050104817E1,1.447938995E0,-1.007988876E1,-1.515747986E0
1.051107117E1,1.923200684E0,-9.931247864E0,-1.336720276E0
1.052109317E1,1.994602203E0,-9.876312103E0,-7.834707642E-1
1.053111617E1,1.818568268E0,-9.907447357E0,5.942642212E-2
1.054113917E1,1.782642975E0,-1.000549347E1,3.430865479E-1
1.055116117E1,1.902244263E0,-1.012898666E1,-3.728746033E-1
1.056118417E1,1.082249451E0,-1.000624191E1,-7.565267944E-1
1.057120717E1,-2.616558838E-1,-9.503437500E0,-3.215313721E-1
1.058122917E1,-8.306227112E-1,-8.935219116E0,2.019300842E-1
1.059125217E1,-5.658233643E-2,-8.907227325E0,1.730401611E-1
1.060127517E1,1.074765015E0,-9.047635345E0,1.255888367E-1
1.061129717E1,2.102976837E0,-9.519454193E0,1.742376709E-1
1.062132017E1,2.583327942E0,-1.029738647E1,1.597178650E-1
1.063134317E1,2.367327118E0,-1.022403900E1,5.957611084E-2
1.064136517E1,1.773212585E0,-9.832453308E0,-2.827619934E-1
1.065138817E1,1.222507782E0,-9.992769928E0,-9.859996033E-1
1.066141117E1,2.903961182E-1,-1.017254608E1,-1.533411255E0
1.067143317E1,-5.040019226E-1,-1.025203079E1,-1.530716858E0
1.068145617E1,-5.357359314E-1,-1.011416748E1,-1.500030670E0
1.069147917E1,-5.568420410E-2,-9.363029480E0,-1.132544861E0
1.070150117E1,1.078656921E0,-8.905730438E0,-7.478448486E-1
1.071152417E1,2.159259796E0,-9.520502014E0,-5.679190063E-1
1.072154717E1,2.451302490E0,-1.022463776E1,-2.906954956E-1
1.073156917E1,1.693727875E0,-1.028810577E1,-1.589694214E-1
1.074159217E1,9.746232605E-1,-1.010862900E1,-6.382727051E-1
1.075161517E1,3.842509460E-1,-9.781708832E0,-1.487456818E0
1.076163717E1,-3.468287659E-1,-9.515562286E0,-9.755213928E-1
1.077166017E1,3.472778320E-2,-9.265133057E0,-4.276606750E-1
1.078168317E1,1.536854095E0,-9.179211731E0,-6.015989685E-1
1.079170517E1,2.933150482E0,-9.605375519E0,-5.788462830E-1
1.080172817E1,2.678829346E0,-9.885443115E0,-9.744735718E-2
1.081175117E1,1.720372467E0,-9.769434357E0,-8.322692871E-2
1.082177317E1,1.482068024E0,-9.660910034E0,-5.635780334E-1
1.083179617E1,1.684596863E0,-9.869127045E0,-7.893086243E-1
1.084181917E1,1.744172974E0,-1.003303619E1,-4.159849548E-1
1.085184117E1,1.137185211E0,-9.865384827E0,-4.698728943E-1
1.086186417E1,-1.835183716E-1,-9.555978241E0,-1.087039490E0
1.087188717E1,-9.472302246E-1,-9.506880341E0,-1.085692291E0
1.088190917E1,-4.954696655E-1,-9.473050690E0,-4.432283020E-1
1.089193217E1,6.111790466E-1,-9.500443726E0,-6.581813049E-1
1.090195517E1,1.467997284E0,-9.726623383E0,-8.439450073E-1
1.091197717E1,1.687740326E0,-1.009336075E1,-2.101629639E-1
1.092200017E1,1.530567169E0,-1.021850052E1,3.266207886E-1
1.093202317E1,1.094523926E0,-9.598789215E0,1.068777466E-1
1.094204517E1,3.549119568E-1,-9.090745697E0,4.942721558E-1
1.095206817E1,3.167413330E-1,-9.249266052E0,1.066232758E0
1.096209117E1,1.172511749E0,-9.573641510E0,6.911128235E-1
1.097211317E1,2.158511353E0,-9.984686737E0,4.863386536E-1
1.098213617E1,2.991529083E0,-1.035711227E1,-6.930587769E-2
1.099215917E1,2.543211365E0,-1.028466293E1,-7.674540710E-1
1.100218117E1,1.077908478E0,-9.743837585E0,-1.153052216E0
1.101220417E1,-1.706451416E-2,-9.407487030E0,-7.909552002E-1
1.102222717E1,1.062789917E-2,-9.712402954E0,1.466949463E-2
1.103224917E1,4.605921936E-1,-9.647737427E0,3.917353821E-1
1.104227217E1,1.296753387E0,-9.222771149E0,5.245092773E-1
1.105229517E1,2.238145752E0,-9.321865082E0,9.033714294E-1
1.106231717E1,2.864443359E0,-9.419761505E0,1.255439301E0
1.107234017E1,3.509152679E0,-9.183552704E0,5.278024292E-1
1.108236317E1,3.645070038E0,-9.142088928E0,-3.332070923E-1
1.109238517E1,2.739602966E0,-9.516310730E0,1.945953369E-3
1.110240817E1,1.492097168E0,-9.792187042E0,1.764830017E-1
1.111243117E1,8.527766418E-1,-9.818831635E0,3.405418396E-1
1.112245317E1,2.258353729E0,-1.011192215E1,-1.264121246E0
1.113247617E1,3.873794403E0,-1.014485367E1,-2.666255493E0
1.114249917E1,4.429139557E0,-1.038675064E1,-1.584604797E0
1.115252117E1,3.841311951E0,-1.026191025E1,-2.616558838E-1
1.116254417E1,1.897154846E0,-9.219028931E0,2.856060791E-1
1.117256717E1,-2.902464294E-1,-8.390352173E0,1.170715485E0
1.118258887E1,-1.185834045E0,-8.842262421E0,2.712060242E0
1.119261188E1,2.930905151E-1,-1.026699966E1,1.638642426E0
1.120263487E1,2.251168671E0,-1.066831512E1,-4.531077576E-1
1.121265688E1,3.131937103E0,-1.004516098E1,-4.656816101E-1
1.122267987E1,3.587290192E0,-9.503437500E0,-5.792953491E-2
1.123270287E1,3.430416412E0,-9.031169586E0,1.246907043E-1
1.124272487E1,2.649640045E0,-8.577762451E0,-3.906875610E-2
1.125274787E1,9.852511597E-1,-8.726253662E0,-3.309617615E-1
1.126277088E1,-2.981799316E-1,-9.840686188E0,5.572911072E-1
1.127279287E1,2.751278687E-1,-1.073956696E1,1.009201355E0
1.128281588E1,1.745969238E0,-1.055021072E1,-2.894979858E-1
1.129283887E1,2.460732880E0,-1.022089554E1,-7.491920471E-1
1.130286088E1,2.746638336E0,-1.021520737E1,-2.350112915E-2
1.131288387E1,2.051932983E0,-9.885892181E0,2.543211365E-1
1.132290687E1,1.053359528E0,-9.408235474E0,8.439450073E-1
1.133292887E1,8.643026733E-1,-9.259444885E0,1.931283875E0
1.134295187E1,6.319857788E-1,-9.139244843E0,2.499651947E0
1.135297488E1,3.396437073E-1,-9.432035980E0,2.208357697E0
1.136299687E1,1.042132874E0,-1.025592270E1,1.344803467E0
1.137301988E1,1.769769745E0,-1.089569229E1,2.607577515E-1
1.138304287E1,1.447040863E0,-1.074450668E1,-5.709127808E-1
1.139306488E1,5.249583435E-1,-1.026924500E1,-5.526507568E-1
1.140308787E1,5.104385376E-2,-9.813592529E0,-4.972659302E-1
1.141311087E1,-2.392025757E-1,-9.427994385E0,1.101708984E-1
1.142313288E1,-2.914439392E-1,-9.090296631E0,1.329984283E0
1.143315587E1,2.999761963E-1,-9.223818970E0,1.983974304E0
1.144317888E1,1.998045044E0,-9.679920502E0,6.421646118E-2
1.145320087E1,2.170336761E0,-1.002540207E1,-7.653584290E-1
1.146322388E1,1.817370758E0,-1.052865555E1,6.231541443E-1
1.147324687E1,1.604363708E0,-1.004935226E1,1.429377594E0
1.148326887E1,1.343456268E0,-8.965605927E0,1.533860321E0
1.149329187E1,1.112037506E0,-8.549770660E0,2.612367554E0
1.150331487E1,1.907932434E0,-9.146729279E0,2.487527161E0
1.151333688E1,2.833158417E0,-9.574090576E0,8.140072632E-1
1.152335987E1,2.914589081E0,-9.527088318E0,8.527766418E-1
1.153338288E1,3.045866089E0,-9.192983093E0,8.755293274E-1
1.154340487E1,2.696941681E0,-9.320966949E0,5.456153870E-1
1.155342787E1,2.086211700E0,-1.005968079E1,5.628295898E-1
1.156345087E1,1.783690796E0,-1.051862640E1,1.442999268E-1
1.157347287E1,9.125024414E-1,-1.028077103E1,3.525169373E-1
1.158349588E1,4.691244507E-1,-9.857002258E0,1.317260742E0
1.159351887E1,4.391867065E-1,-9.445507965E0,1.629661102E0
1.160354088E1,6.592291260E-1,-9.414073334E0,1.632505188E0
1.161356387E1,1.638792114E0,-9.709109802E0,1.577719116E0
1.162358688E1,3.374283142E0,-9.918224945E0,6.559359741E-1
1.163360887E1,4.373904419E0,-1.000669098E1,-1.176553345E-1
1.164363187E1,4.508624268E0,-1.004441254E1,-8.487350464E-2
1.165365488E1,3.519930267E0,-9.575288086E0,1.544787598E-1
1.166367687E1,2.176773376E0,-9.273515625E0,1.423839111E0
1.167369988E1,1.874402161E0,-8.966054993E0,3.157683563E0
1.168372287E1,2.071093140E0,-8.750952301E0,4.154011688E0
1.169374488E1,2.982248383E0,-8.976233826E0,4.047133942E0
1.170376787E1,3.173550568E0,-9.297016754E0,3.325484619E0
1.171379087E1,2.836002502E0,-9.694440308E0,2.797233124E0
1.172381287E1,2.206711121E0,-9.756411438E0,2.282603302E0
1.173383587E1,1.680106201E0,-9.569749603E0,2.047891388E0
1.174385888E1,1.338666229E0,-9.555379486E0,2.129920807E0
1.175388087E1,1.100661163E0,-9.761800232E0,2.563119965E0
1.176390388E1,1.493144989E0,-9.763895874E0,2.116598511E0
1.177392687E1,1.782493286E0,-9.517508240E0,1.391955414E0
1.178394888E1,1.939816132E0,-9.535919952E0,1.657054138E0
1.179397187E1,2.048789520E0,-9.509125671E0,1.919757843E0
1.180399487E1,1.736838226E0,-9.445208588E0,2.537074127E0
1.181401687E1,1.224004669E0,-9.477541351E0,3.016377411E0
1.182403987E1,1.101259918E0,-9.705517273E0,2.233056335E0
1.183406288E1,6.550378418E-1,-9.770182800E0,1.651815033E0
1.184408487E1,1.666035461E-1,-9.722132721E0,2.431543579E0
1.185410788E1,6.565347290E-1,-9.873318329E0,2.825823669E0
1.186413087E1,1.436412964E0,-9.927206268E0,2.528691559E0
1.187415288E1,1.277144165E0,-9.288484497E0,2.998714142E0
1.188417587E1,6.131250000E-1,-8.389903107E0,2.901715851E0
1.189419887E1,4.168830872E-1,-8.168513489E0,2.559677124E0
1.190422088E1,1.628613281E-1,-8.953930206E0,2.710114288E0
1.191424387E1,-2.875520325E-1,-1.016401382E1,2.295326843E0
1.192426688E1,-3.327580261E-1,-1.119057907E1,2.400857391E0
1.193428887E1,2.225871277E-1,-1.138457565E1,2.434986420E0
1.194431188E1,1.249601440E0,-1.088356750E1,1.817670135E0
1.195433487E1,1.603016510E0,-1.025891647E1,1.938917999E0
1.196435687E1,1.192270660E0,-9.177714844E0,2.981799316E0
1.197437987E1,9.131011963E-1,-8.714577942E0,3.058140564E0
1.198440287E1,1.054107971E0,-9.413025513E0,1.791025543E0
1.199442488E1,8.915460205E-1,-1.044662613E1,2.069895630E0
1.200444787E1,6.984475708E-1,-9.342522125E0,3.704496460E0
1.201447088E1,1.553918610E0,-8.118816833E0,3.097059631E0
1.202449287E1,3.342249756E0,-8.773704987E0,2.498304749E0
1.203451587E1,3.722459106E0,-9.626631317E0,2.855611725E0
1.204453887E1,3.255280609E0,-9.908794556E0,2.683619385E0
1.205456087E1,2.844534760E0,-9.846673737E0,2.568658447E0
1.206458388E1,2.148332520E0,-9.698631592E0,1.928290100E0
1.207460687E1,1.145118713E0,-9.857002258E0,1.666783905E0
1.208462888E1,3.844006348E-1,-1.013317795E1,1.653611298E0
1.209465187E1,5.592370605E-1,-1.034947815E1,1.866468658E0
1.210467488E1,1.679357758E0,-1.061203217E1,8.554710388E-1
1.211469687E1,2.524799652E0,-1.028930328E1,6.912625122E-1
1.212471987E1,3.238216095E0,-9.263935547E0,2.014810181E0
1.213474288E1,3.424428864E0,-8.489446106E0,3.214714966E0
1.214476487E1,3.378324738E0,-8.131091309E0,4.163741455E0
1.215478788E1,3.596271515E0,-7.796836395E0,4.948709106E0
1.216481087E1,2.998564453E0,-7.718848572E0,4.935386810E0
1.217483288E1,1.758393402E0,-7.897127838E0,5.600603485E0
1.218485537E1,1.842069397E0,-8.385861511E0,5.137017517E0
1.219487837E1,3.608545990E0,-9.485025787E0,1.522034912E0
1.220490037E1,3.774550781E0,-1.101185074E1,1.956431580E-1
1.221492337E1,2.333796844E0,-1.191731781E1,2.546953583E0
1.222494638E1,1.273551636E0,-1.145747406E1,4.584965515E0
1.223496837E1,1.456770630E0,-1.032148636E1,4.382586365E0
1.224499138E1,2.916684723E0,-9.411079559E0,1.218017120E0
1.225501437E1,3.081042938E0,-1.007479935E1,-1.663191376E0
1.226503638E1,5.631289673E-1,-1.194605804E1,-8.681945801E-3
1.227505937E1,-1.800455933E0,-1.246098724E1,1.646725616E0
1.228508237E1,-2.275717621E0,-1.107786346E1,1.986519012E0
1.229510437E1,-9.592053223E-1,-9.221124573E0,9.123527527E-1
1.230512737E1,1.411564636E-1,-7.954159241E0,-1.690285034E0
1.231515038E1,-1.399589539E-1,-7.869734802E0,-1.670077057E0
1.232517237E1,-5.869294739E-1,-7.543263702E0,-9.014254761E-1
1.233519538E1,-6.550378418E-1,-6.165828094E0,-1.366658020E-1
1.234521837E1,5.584886169E-1,-4.707710266E0,1.177002411E0
1.235524038E1,2.818488922E0,-4.931345215E0,2.179617462E0
1.236526337E1,4.699926453E0,-6.542594604E0,7.336244202E-1
1.237528637E1,4.814138947E0,-6.813830566E0,-1.869163055E0
1.238530838E1,3.879482574E0,-4.976551208E0,-3.538791046E0
1.239533137E1,3.069965973E0,-4.785698090E0,-2.568059692E0
1.240535438E1,6.724017334E-1,-7.559130707E0,-1.398092651E0
1.241537637E1,-3.339255981E0,-1.021909927E1,-4.868026886E0
1.242539938E1,-3.798201599E0,-1.067879333E1,-4.137845306E0
1.243542237E1,-5.737568665E-1,-1.023541534E1,8.044271851E-1
1.244544437E1,9.651928711E-1,-9.137149200E0,1.526824951E-1
1.245546737E1,1.041534119E0,-8.784482574E0,1.875000916E0
1.246549037E1,2.906805267E0,-1.057146652E1,3.074007568E0
1.247551238E1,5.354964294E0,-1.249661316E1,1.973196716E0
1.248553537E1,4.848866730E0,-1.262145355E1,2.061213684E0
1.249555838E1,2.008074188E0,-1.076965439E1,1.736838226E0
1.250558037E1,-8.232879639E-1,-8.808881836E0,9.057664490E-1
1.251560338E1,-3.155587921E0,-8.908424835E0,8.783734131E-1
1.252562637E1,-4.013903046E0,-1.083955902E1,1.714684296E0
1.253564837E1,-2.969824219E0,-1.194920151E1,2.313139801E0
1.254567138E1,-8.771759033E-1,-1.086171295E1,3.115471344E0
1.255569437E1,1.329684906E0,-9.503138123E0,3.926933899E0
1.256571638E1,5.298980713E0,-9.780361633E0,2.765199738E0
1.257573937E1,1.016416351E1,-1.021610550E1,2.874322815E0
1.258576238E1,1.176493469E1,-9.652826843E0,3.498375092E0
1.259578437E1,9.660610657E0,-8.610544281E0,3.465892639E0
1.260580737E1,6.268065491E0,-8.597521362E0,2.861898651E0
1.261583037E1,3.793710938E0,-9.259594574E0,2.377955017E0
1.262585237E1,2.332000580E0,-9.760003967E0,2.315834198E0
1.263587538E1,1.186133423E0,-1.030382309E1,2.873424683E0
1.264589837E1,5.066963196E-1,-1.084045715E1,3.448379059E0
1.265592038E1,6.095324707E-1,-1.119147720E1,3.571872253E0
1.266594337E1,1.525777130E0,-1.127036316E1,3.639830933E0
1.267596637E1,2.966231689E0,-1.132005981E1,4.156257019E0
1.268598837E1,4.941524048E0,-1.143831390E1,4.212839355E0
1.269601137E1,6.514602814E0,-1.165805695E1,4.550387421E0
1.270603438E1,7.491321716E0,-1.147214355E1,2.394121399E0
1.271605637E1,8.045169983E0,-1.144774429E1,-3.045417023E0
1.272607938E1,7.015161896E0,-1.190923462E1,-4.701573029E0
1.273610237E1,4.599485321E0,-1.212628326E1,-3.190465393E0
1.274612438E1,3.000510406E0,-1.178753769E1,-5.083878021E0
1.275614737E1,2.092947693E0,-1.105331451E1,-7.231462097E0
1.276617037E1,1.040336609E-1,-9.772877197E0,-6.875053253E0
1.277619237E1,-2.275567932E0,-8.389903107E0,-5.968688049E0
1.278621537E1,-4.130061493E0,-8.763675842E0,-2.563569031E0
1.279623838E1,-3.820355530E0,-1.026520340E1,-4.188290405E-1
1.280626037E1,-1.148411865E0,-1.007839188E1,-4.879852295E-1
1.281628338E1,6.911128235E-1,-7.706274719E0,1.380728760E0
1.282630637E1,1.414708099E0,-4.224515076E0,7.890092468E-1
1.283632838E1,1.767823792E0,-1.916464691E0,-7.638615417E-1
1.284635137E1,-3.746708679E-1,-1.606309662E0,-8.192463684E-1
1.285637437E1,-3.977528687E0,-1.623374176E0,-2.049238586E0
1.286639738E1,-6.800508270E0,-1.553469543E0,-1.637594604E0
1.287641937E1,-7.362290039E0,-2.482437744E0,8.619076538E-1
1.288644238E1,-5.638325043E0,-4.934488678E0,9.009764099E-1
1.289646437E1,-3.381168823E0,-8.125403137E0,-2.154769135E0
1.290648738E1,-1.463955688E0,-1.199785034E1,-6.815327454E-1
1.291651037E1,2.504441986E0,-1.708771591E1,2.841840363E0
1.292653337E1,9.087901611E0,-2.212773514E1,2.419867859E0
1.293655537E1,1.514146317E1,-2.458038483E1,-7.774832153E-1
1.294657837E1,1.618344635E1,-2.149245621E1,-2.055974579E0
1.295660038E1,1.092832443E1,-1.378663055E1,-8.924441528E-1
1.296662337E1,4.417014771E0,-6.417754211E0,1.438508606E0
1.297664638E1,-3.788621521E-1,-2.286794586E0,2.848726044E0
1.298666937E1,-2.214195557E0,-1.910626831E0,2.949017487E0
1.299669138E1,-1.391955414E0,-4.919370117E0,4.704866180E0
1.300671437E1,-1.923500061E-1,-9.045090637E0,6.703210602E0
1.301673737E1,1.229692841E0,-1.173873917E1,5.723797302E0
1.302675938E1,3.316652985E0,-1.234018845E1,3.312611389E0
1.303678237E1,5.055736542E0,-1.145073807E1,4.058061218E-1
1.304680538E1,5.363496552E0,-1.009859985E1,-2.278412018E0
1.305682737E1,4.493805084E0,-9.287286987E0,-2.768043823E0
1.306685038E1,4.015998688E0,-9.527088318E0,-1.833237762E0
1.307687337E1,4.202510834E0,-1.013003448E1,-2.650987244E-1
1.308689537E1,4.206253052E0,-1.009515701E1,1.011895752E-1
1.309691837E1,3.915108490E0,-9.515412598E0,-9.385482788E-2
1.310694137E1,3.215613098E0,-9.304501190E0,1.268761597E0
1.311696338E1,2.269131317E0,-9.377698975E0,2.987936554E0
1.312698637E1,1.213676147E0,-9.836794281E0,3.674409027E0
1.313700938E1,9.547146606E-1,-1.036818924E1,2.707120514E0
1.314703137E1,1.853595428E0,-1.072070618E1,1.207987976E-1
1.315705437E1,2.747686157E0,-1.076501404E1,-3.638932800E-1
1.316707737E1,3.642675018E0,-1.046129562E1,-3.652404785E-2
1.317709937E1,4.803960114E0,-1.000205063E1,-1.033450928E0
1.318712325E1,5.886059875E0,-9.471254425E0,-1.413061523E0
1.319714625E1,6.269861755E0,-9.156309357E0,-1.834135895E0
1.320716825E1,5.828130341E0,-8.986262970E0,-2.343376923E0
1.321719125E1,5.014572144E0,-8.932973785E0,-1.340013428E0
1.322721425E1,4.951403503E0,-8.942703552E0,-3.032693481E-1
1.323723625E1,5.660179596E0,-8.746162262E0,-6.481521606E-2
1.324725925E1,6.350394287E0,-8.411458282E0,-2.553689575E-1
1.325728225E1,7.053631897E0,-8.185727692E0,-2.120640106E0
1.326730425E1,7.201075287E0,-8.391100616E0,-4.062701569E0
1.327732725E1,6.044879608E0,-9.119934998E0,-3.806284790E0
1.328735025E1,3.948638763E0,-9.676327972E0,-3.197949829E0
1.329737225E1,1.581760712E0,-9.569001160E0,-1.676363983E0
1.330739525E1,4.415817261E-2,-9.235195312E0,-1.678160248E0
1.331741825E1,4.505630493E-2,-8.879385223E0,-2.068698120E0
1.332744025E1,1.245859222E0,-9.147328033E0,-2.361040192E0
1.333746325E1,2.498454437E0,-9.765392761E0,-2.968477020E0
1.334748625E1,2.670596466E0,-1.029993118E1,-2.003733215E0
1.335750825E1,2.117646332E0,-1.015877472E1,-2.001787262E0
1.336753125E1,1.066981201E0,-9.185049591E0,-2.649340668E0
1.337755425E1,-3.320095825E-1,-8.095315704E0,-3.162473602E0
1.338757625E1,-9.675878906E-1,-7.581733704E0,-3.626358948E0
1.339759925E1,2.350112915E-2,-7.762857056E0,-3.732039185E0
1.340762225E1,2.444117432E0,-8.463400269E0,-3.216960297E0
1.341764425E1,5.288801880E0,-9.223818970E0,-3.452720032E0
1.342766725E1,7.240742798E0,-9.052126007E0,-3.094963989E0
1.343769025E1,7.520211639E0,-8.614585876E0,-3.022215271E0
1.344771225E1,7.084916840E0,-8.105943604E0,-4.466112671E0
1.345773525E1,6.457870789E0,-7.755073242E0,-4.227658539E0
1.346775825E1,5.770200806E0,-7.612270203E0,-3.655398560E0
1.347778025E1,5.741610260E0,-7.474406891E0,-1.580413513E0
1.348780325E1,6.497238922E0,-7.149732056E0,-2.945874023E0
1.349782625E1,7.115603027E0,-6.174060974E0,-3.852089539E0
1.350784825E1,7.057523804E0,-5.488486633E0,-3.000660095E0
1.351787125E1,7.258256378E0,-4.885091400E0,-4.429888000E0
1.352789425E1,7.980953522E0,-4.700375519E0,-2.762804718E0
1.353791625E1,8.603209534E0,-5.213209076E0,-2.451452179E0
1.354793925E1,8.903185730E0,-5.294789429E0,-2.536175995E0
1.355796225E1,8.997190247E0,-4.969665527E0,-2.852617950E0
1.356798425E1,8.985364838E0,-3.868555298E0,-2.844983826E0
1.357800725E1,9.129365387E0,-2.734064484E0,-2.918930054E0
1.358803025E1,9.389075317E0,-2.157164154E0,-2.421364746E0
1.359805225E1,1.018826340E1,-2.843636627E0,-1.724264374E0
1.360807525E1,1.062849792E1,-4.493655396E0,-2.768193512E0
1.361809825E1,1.041698776E1,-6.004164276E0,-3.242257690E0
1.362812025E1,9.491462402E0,-6.914122009E0,-3.838318176E0
1.363814325E1,7.982450409E0,-6.737788696E0,-4.482578430E0
1.364816625E1,7.070247345E0,-5.651647339E0,-4.406237183E0
1.365818825E1,6.893315277E0,-4.542603607E0,-4.441414032E0
1.366821125E1,7.404502258E0,-3.924389191E0,-3.840264130E0
1.367823425E1,8.729397125E0,-4.198768616E0,-3.816763000E0
1.368825725E1,9.438173218E0,-4.728067932E0,-4.313579865E0
1.369827925E1,9.618997192E0,-4.699327698E0,-5.485343170E0
1.370830225E1,9.708061981E0,-5.015320587E0,-5.151088257E0
1.371832525E1,9.444460144E0,-5.902825012E0,-5.468578033E0
1.372834725E1,9.425599365E0,-6.576723633E0,-5.415438538E0
1.373837025E1,9.045539703E0,-6.942712555E0,-5.516927490E0
1.374839325E1,7.927514648E0,-6.866970062E0,-5.579796753E0
1.375841525E1,7.506440277E0,-6.607409821E0,-3.508254547E0
1.376843825E1,8.558751984E0,-6.887477417E0,-3.299139404E0
1.377846125E1,9.170829163E0,-7.088659058E0,-3.553909607E0
1.378848325E1,8.449329529E0,-7.151977386E0,-2.595153351E0
1.379850625E1,8.012238464E0,-7.767198029E0,-5.123096466E0
1.380852925E1,6.903793488E0,-8.968300323E0,-6.853049011E0
1.381855125E1,5.266797638E0,-9.884694672E0,-5.798491974E0
1.382857425E1,3.725153503E0,-1.037732025E1,-4.347259827E0
1.383859725E1,2.767894135E0,-9.904603271E0,-2.285148010E0
1.384861925E1,3.775299225E0,-8.829089813E0,-1.317709808E0
1.385864225E1,5.222040710E0,-7.775131531E0,-1.147962799E0
1.386866525E1,6.486760712E0,-7.202871552E0,-1.337618408E0
1.387868725E1,8.009993134E0,-7.646249542E0,-2.031575317E0
1.388871025E1,8.024662628E0,-8.847351837E0,-2.711611176E0
1.389873325E1,6.341712341E0,-9.330846405E0,-2.762655029E0
1.390875525E1,5.100194092E0,-8.261619873E0,-3.261717224E0
1.391877825E1,4.815785522E0,-6.439159698E0,-4.596641235E0
1.392880125E1,5.134772186E0,-5.383255463E0,-5.470973053E0
1.393882325E1,5.630990295E0,-6.183940430E0,-3.430715790E0
1.394884625E1,5.419779510E0,-8.795858917E0,-1.139879608E0
1.395886925E1,3.424728241E0,-1.083821182E1,-5.620811462E-1
1.396889125E1,1.821711731E0,-1.039588165E1,1.428778839E0
1.397891425E1,3.698658600E0,-8.704848175E0,2.983745270E0
1.398893725E1,6.914421387E0,-7.646399231E0,4.395010529E0
1.399895925E1,7.736212463E0,-7.654482422E0,4.730612640E0
1.400898225E1,6.627917175E0,-8.209528198E0,2.891087952E0
1.401900525E1,5.345683594E0,-8.443641357E0,1.251846771E0
1.402902725E1,5.115013275E0,-8.261320496E0,2.046244812E0
1.403905025E1,6.601571960E0,-7.933502197E0,1.835034027E0
1.404907325E1,6.082152100E0,-7.797734528E0,1.516795807E0
1.405909525E1,4.259691925E0,-7.234455872E0,3.893852692E0
1.406911825E1,4.394112396E0,-6.358178101E0,6.334377594E0
1.407914125E1,6.356980591E0,-5.949976959E0,5.992638245E0
1.408916325E1,7.479196930E0,-7.058871002E0,7.277865601E0
1.409918625E1,7.547305298E0,-8.451724548E0,7.917784882E0
1.410920925E1,8.713979187E0,-8.535999298E0,5.868995361E0
1.411923125E1,9.751621399E0,-7.582332458E0,4.219126282E0
1.412925425E1,9.348359985E0,-6.630611572E0,4.603377228E0
1.413927725E1,8.923244019E0,-6.160139923E0,3.905827789E0
1.414929925E1,6.956783295E0,-6.389762421E0,1.704804840E0
1.415932225E1,4.646786957E0,-6.787335663E0,1.780697021E0
1.416934525E1,4.303251343E0,-6.916966095E0,2.954855347E0
1.417936825E1,4.915328522E0,-6.632258148E0,3.275039520E0
1.418939004E1,5.164859619E0,-5.896089020E0,1.612147522E0
1.419941304E1,6.018235016E0,-4.754862213E0,2.039209442E0
1.420943604E1,8.153544617E0,-3.971391449E0,3.910168762E0
1.421945804E1,9.673483887E0,-3.434158630E0,3.003055115E0
1.422948104E1,9.157656555E0,-2.593955841E0,7.773335266E-1
1.423950404E1,7.818990326E0,-2.358196106E0,4.161346436E-1
1.424952604E1,7.963140564E0,-3.126548309E0,-4.748126221E-1
1.425954904E1,7.852520599E0,-4.520599365E0,-2.134710846E0
1.426957204E1,6.616241455E0,-5.841003571E0,-9.404942322E-1
1.427959404E1,5.454207916E0,-6.482270050E0,-6.068380737E-1
1.428961704E1,4.234544220E0,-5.427563324E0,-1.069825287E0
1.429964004E1,4.013004913E0,-3.226240997E0,-1.890418854E0
1.430966204E1,4.770579529E0,-8.732839966E-1,-3.989803162E0
1.431968504E1,5.965245209E0,9.264234924E-1,-5.686075745E0
1.432970804E1,8.128696289E0,7.090754700E-1,-4.887636108E0
1.433973004E1,1.057056839E1,-1.341510315E0,-3.353326721E0
1.434975304E1,1.163201111E1,-3.480113068E0,-1.581760712E0
1.435977604E1,1.127724884E1,-4.821473694E0,-2.300715637E-1
1.436979804E1,1.000294876E1,-5.100643158E0,-8.975335693E-1
1.437982104E1,8.737779694E0,-4.263883209E0,-1.039737854E0
1.438984404E1,8.411458282E0,-2.529290314E0,-1.276545410E0
1.439986604E1,8.706494751E0,3.637435913E-2,-3.751199341E0
1.440988904E1,9.299711151E0,1.637893982E0,-5.084476776E0
1.441991204E1,1.097397949E1,9.692344666E-1,-4.667444000E0
1.442993404E1,1.199590439E1,-1.409768372E0,-3.981869659E0
1.443995704E1,1.152393585E1,-3.843856659E0,-3.788920898E0
1.444998004E1,1.052581146E1,-5.094954987E0,-4.323908386E0
1.446000204E1,9.694290619E0,-5.066663818E0,-3.550466766E0
1.447002504E1,9.448950806E0,-3.728446655E0,-3.065475311E0
1.448004804E1,9.339827728E0,-1.382824402E0,-4.707111511E0
1.449007004E1,9.500892792E0,1.910028076E-1,-4.227808228E0
1.450009304E1,1.041608963E1,-9.415420532E-2,-2.656525726E0
1.451011604E1,1.069376221E1,-2.135758667E0,-1.553170166E0
1.452013804E1,1.027912445E1,-4.129163361E0,-1.209634552E0
1.453016104E1,1.004785538E1,-4.968318329E0,-1.854044495E0
1.454018404E1,1.064092209E1,-4.610711975E0,-2.851570129E0
1.455020704E1,1.080812439E1,-3.871249695E0,-4.615352325E0
1.456022904E1,1.008542725E1,-3.537294159E0,-4.192032623E0
1.457025204E1,9.514215088E0,-3.954177246E0,-2.911445618E0
1.458027504E1,9.479636993E0,-4.992118835E0,-2.200424194E0
1.459029704E1,8.967252502E0,-6.231391754E0,-1.927691345E0
1.460032004E1,7.082072754E0,-7.075037384E0,-1.758692780E0
1.461034304E1,5.668262787E0,-7.070546722E0,-1.722917175E0
1.462036504E1,5.966143341E0,-6.594985657E0,-2.679877167E0
1.463038804E1,6.306834869E0,-6.409072266E0,-3.481160889E0
1.464041104E1,6.464906158E0,-6.728058929E0,-3.026855621E0
1.465043304E1,6.623127136E0,-7.379354553E0,-2.596350861E0
1.466045604E1,6.467151489E0,-7.609126740E0,-2.098635864E0
1.467047904E1,6.719077606E0,-7.198680267E0,-1.960772552E0
1.468050104E1,7.072941742E0,-6.485862579E0,-2.230212250E0
1.469052404E1,7.177424469E0,-5.812413025E0,-1.325792999E0
1.470054704E1,7.688611450E0,-5.736969910E0,1.655557251E-1
1.471056904E1,8.347391510E0,-6.221362610E0,1.195563812E0
1.472059204E1,8.869505768E0,-6.850055237E0,1.525627441E0
1.473061504E1,8.862021332E0,-7.451354828E0,1.225950623E-1
1.474063704E1,7.929909668E0,-7.718100128E0,-1.622925110E0
1.475066004E1,7.079677734E0,-7.158264313E0,-2.241139526E0
1.476068304E1,7.350764008E0,-6.271658020E0,-2.702330475E0
1.477070504E1,7.659422150E0,-5.667664032E0,-3.194207611E0
1.478072804E1,7.607480164E0,-5.758674774E0,-1.806293793E0
1.479075104E1,7.881859589E0,-6.425538025E0,-8.681945801E-2
1.480077304E1,7.717950439E0,-7.575895844E0,1.731898499E-1
1.481079604E1,7.155719604E0,-8.549321594E0,-1.167572021E-2
1.482081904E1,6.395300903E0,-8.913514252E0,-2.206411743E-1
1.483084104E1,5.476361847E0,-8.777147827E0,-3.692820740E-1
1.484086404E1,5.009632416E0,-8.156239014E0,-3.082090759E-1
1.485088704E1,5.521717529E0,-6.977140961E0,-7.623646545E-1
1.486090904E1,6.424939270E0,-6.073769531E0,-2.105671234E0
1.487093204E1,6.639293518E0,-6.026168518E0,-2.959046631E0
1.488095504E1,6.463858337E0,-6.516848145E0,-2.766247559E0
1.489097704E1,6.196065216E0,-7.061266022E0,-1.521136780E0
1.490100004E1,6.076613617E0,-7.192992096E0,-4.505630493E-1
1.491102304E1,6.584956512E0,-6.860234070E0,2.005828857E-2
1.492104604E1,7.973469086E0,-6.426136780E0,2.424957275E-2
1.493106804E1,9.239087219E0,-6.410120087E0,-1.757345581E-1
1.494109104E1,9.259444885E0,-6.884783020E0,-9.131011963E-3
1.495111404E1,8.757388916E0,-7.399712219E0,1.441502380E-1
1.496113604E1,8.289911041E0,-7.536228333E0,2.603086853E-1
1.497115904E1,7.688312073E0,-7.089257813E0,-5.239105225E-3
1.498118204E1,6.747668152E0,-6.287824402E0,-4.805007935E-1
1.499120404E1,6.352340240E0,-5.398224335E0,-6.999444580E-1
1.500122704E1,6.807693329E0,-5.276527405E0,-7.783813477E-1
1.501125004E1,7.450756073E0,-6.100713501E0,-7.024891663E-1
1.502127204E1,7.636669464E0,-7.075037384E0,-8.997789001E-1
1.503129504E1,7.291187897E0,-7.930508423E0,-9.858499146E-1
1.504131804E1,6.843618622E0,-8.210426331E0,-1.082548828E0
1.505134004E1,6.620133362E0,-7.627837830E0,-1.572330322E0
1.506136304E1,7.206913147E0,-6.611451416E0,-1.424138489E0
1.507138604E1,8.509803772E0,-5.811814270E0,-2.048190765E0
1.508140804E1,9.028475189E0,-5.407804413E0,-3.469634857E0
1.509143104E1,9.159901886E0,-5.174589386E0,-3.012485504E0
1.510145404E1,9.498647461E0,-5.132077789E0,-1.685794373E0
1.511147604E1,9.580976257E0,-5.639073486E0,-1.048419800E0
1.512149904E1,9.454788666E0,-6.364165649E0,-6.801855469E-1
1.513152204E1,8.854087830E0,-6.364165649E0,4.025129700E-1
1.514154404E1,8.287066956E0,-5.792504425E0,-8.502319336E-2
1.515156704E1,8.063282318E0,-6.074218597E0,-1.964065704E0
1.516159004E1,7.979756012E0,-7.016509094E0,-1.560804291E0
1.517161204E1,7.426506500E0,-7.940537567E0,-1.262025604E0
1.518163504E1,6.342909851E0,-8.432265015E0,-1.798809357E0
1.519165725E1,5.245841217E0,-8.258626099E0,-2.471959534E0
1.520167925E1,4.579876099E0,-7.532186737E0,-2.736908569E0
1.521170225E1,5.174739075E0,-6.818770294E0,-2.386636963E0
1.522172525E1,6.718029785E0,-6.218668213E0,-1.553619232E0
1.523174725E1,8.242010651E0,-5.586083679E0,-1.073567505E0
1.524177025E1,9.560618591E0,-5.495671692E0,-1.065334625E0
1.525179325E1,1.060679306E1,-6.069578247E0,-5.372328186E-1
1.526181625E1,1.109672424E1,-6.715934143E0,1.615141296E-1
1.527183825E1,1.086335953E1,-7.049739990E0,-8.487350464E-2
1.528186125E1,9.649384003E0,-6.942113800E0,-8.181985474E-1
1.529188425E1,7.714956665E0,-6.645430756E0,-1.640588379E0
1.530190625E1,6.184389496E0,-6.713838501E0,-1.356030121E0
1.531192925E1,5.481451263E0,-7.134314117E0,-3.694317627E-1
1.532195225E1,4.744982758E0,-7.724686432E0,-2.294728088E-1
1.533197425E1,4.281696167E0,-8.021219788E0,-5.876779175E-1
1.534199725E1,4.595443726E0,-7.733218689E0,-4.885839844E-1
1.535202025E1,5.714815979E0,-6.957681427E0,-4.718188477E-1
1.536204225E1,7.578739929E0,-6.188281403E0,-6.245013428E-1
1.537206525E1,9.314081268E0,-5.975873108E0,-8.601113892E-1
1.538208825E1,9.959988098E0,-6.125561829E0,-7.253915405E-1
1.539211025E1,9.749076691E0,-6.530320129E0,-6.396199036E-1
1.540213325E1,9.218729553E0,-7.213499451E0,-4.936734009E-1
1.541215625E1,8.335416412E0,-7.668702850E0,-4.535568237E-2
1.542217825E1,7.363337860E0,-7.922724609E0,1.088237000E-1
1.543220125E1,6.624324646E0,-8.023165741E0,2.665956116E-1
1.544222425E1,5.948031006E0,-7.840096436E0,6.664141846E-1
1.545224625E1,5.441933441E0,-7.439978485E0,9.199868774E-1
1.546226925E1,5.550906830E0,-7.045099640E0,1.363514557E0
1.547229225E1,6.375392303E0,-6.607260132E0,1.770518188E0
1.548231425E1,7.388186188E0,-6.261778564E0,1.201701050E0
1.549233725E1,8.002209320E0,-6.303392029E0,5.830375671E-1
1.550236025E1,8.235873413E0,-6.592590637E0,4.147874451E-1
1.551238225E1,8.150999908E0,-6.933282166E0,3.279679871E-1
1.552240525E1,7.714058533E0,-7.300767975E0,1.122665405E-1
1.553242825E1,7.150480499E0,-7.487729187E0,-1.227447510E-1
1.554245025E1,6.591243439E0,-7.532336426E0,-3.968247986E-1
1.555247325E1,6.175707550E0,-7.695347443E0,-5.210664368E-1
1.556249625E1,5.882766724E0,-7.915240173E0,-3.912863159E-1
1.557251825E1,5.613177338E0,-7.967481537E0,-6.915618896E-2
1.558254125E1,5.524561615E0,-7.640711060E0,1.365161133E-1
1.559256425E1,5.722300415E0,-7.157216492E0,-1.794767761E-1
1.560258625E1,6.075865173E0,-6.677913208E0,-1.049317932E0
1.561260925E1,6.498286743E0,-6.362818451E0,-1.735341339E0
1.562263225E1,6.851552124E0,-6.604565735E0,-1.861229553E0
1.563265425E1,7.288044434E0,-7.132368164E0,-1.610500946E0
1.564267725E1,7.705825653E0,-7.362888794E0,-9.794132996E-1
1.565270025E1,7.799081726E0,-7.138655090E0,-4.894821167E-1
1.566272325E1,7.763605499E0,-6.795867920E0,-3.314108276E-1
1.567274525E1,7.721243591E0,-6.634952545E0,-1.113684082E-1
1.568276825E1,7.537276154E0,-6.668333130E0,-1.152603149E-2
1.569279125E1,7.301067352E0,-6.877448273E0,9.310638428E-2
1.570281325E1,7.132966919E0,-7.032076721E0,6.451583862E-2
1.571283625E1,6.791227570E0,-6.910379791E0,-2.682421875E-1
1.572285925E1,6.191275177E0,-6.560856628E0,-7.463479614E-1
1.573288125E1,5.686824188E0,-6.179898834E0,-1.378932495E0
1.574290425E1,5.588478699E0,-5.786516876E0,-2.118993530E0
1.575292725E1,5.975124664E0,-5.550607452E0,-2.847079468E0
1.576294925E1,6.627019043E0,-5.711522827E0,-3.485501862E0
1.577297225E1,7.262148285E0,-6.120921478E0,-3.780837708E0
1.578299525E1,7.963290253E0,-6.543941803E0,-3.396586761E0
1.579301725E1,8.735384674E0,-6.768025818E0,-2.422412567E0
1.580304025E1,9.133556671E0,-6.630611572E0,-1.392404480E0
1.581306325E1,9.152118073E0,-6.160588989E0,-4.492158508E-1
1.582308525E1,9.176367645E0,-6.052513733E0,3.815565491E-1
1.583310825E1,9.061855774E0,-6.452481995E0,8.696914673E-1
1.584313125E1,8.143066406E0,-6.850204926E0,1.087189178E0
1.585315325E1,6.577322388E0,-7.103777618E0,8.333171082E-1
1.586317625E1,5.218148804E0,-7.009773102E0,3.716770935E-1
1.587319925E1,4.255201263E0,-6.622827759E0,-3.426374817E-1
1.588322125E1,3.608246613E0,-6.324198761E0,-1.068029022E0
1.589324425E1,3.476819916E0,-6.359225922E0,-1.958826599E0
1.590326725E1,4.115242310E0,-6.614145813E0,-2.911894684E0
1.591329025E1,5.408253479E0,-7.075785828E0,-3.281775513E0
1.592331225E1,6.831942902E0,-7.287595367E0,-2.999013519E0
1.593333525E1,8.013136597E0,-7.014563141E0,-2.265838165E0
1.594335825E1,8.661438446E0,-6.321504364E0,-1.303788757E0
1.595338025E1,8.901988220E0,-5.848787384E0,-6.981481934E-1
1.596340325E1,9.206604767E0,-6.027665405E0,-5.026547241E-1
1.597342625E1,9.683812408E0,-6.499633942E0,-9.520202637E-2
1.598344825E1,9.779164124E0,-6.699767761E0,2.908451843E-1
1.599347125E1,9.223519592E0,-6.585555267E0,5.168751526E-1
1.600349425E1,8.147407379E0,-6.405180359E0,7.146139526E-1
1.601351625E1,6.639892273E0,-6.361770630E0,5.881269836E-1
1.602353925E1,5.222489777E0,-6.569837952E0,3.474275208E-1
1.603356225E1,4.331243134E0,-6.734645233E0,2.484832764E-1
1.604358425E1,3.766467590E0,-6.838828583E0,-6.556365967E-2
1.605360725E1,3.529360657E0,-6.977739716E0,-3.061134338E-1
1.606363025E1,3.767066345E0,-7.089407501E0,-2.754272461E-2
1.607365225E1,4.199367371E0,-7.229366455E0,5.688171387E-1
1.608367525E1,4.603826294E0,-7.423961792E0,7.393125916E-1
1.609369825E1,5.098098450E0,-7.705077209E0,5.848338318E-1
1.610372025E1,5.846991119E0,-7.817942505E0,3.998185730E-1
1.611374325E1,6.598578186E0,-7.574099579E0,-1.207987976E-1
1.612376625E1,7.180418243E0,-7.191644897E0,-7.779322815E-1
1.613378825E1,7.510481873E0,-6.990463257E0,-1.065484314E0
1.614381125E1,7.668253784E0,-6.871311035E0,-1.066981201E0
1.615383425E1,7.743846588E0,-6.725214844E0,-7.921527100E-1
1.616385625E1,7.472910004E0,-6.657555542E0,-9.216334534E-1
1.617387925E1,7.142247620E0,-6.698570251E0,-1.581461334E0
1.618390225E1,6.968309326E0,-7.040010223E0,-1.897454224E0
1.619392500E1,6.557563477E0,-7.848029938E0,-1.694626007E0
1.620394800E1,5.868396606E0,-8.578810272E0,-1.433419189E0
1.621397100E1,5.224435730E0,-8.753497009E0,-1.152902527E0
1.622399400E1,5.045857086E0,-8.334218903E0,-7.750881958E-1
1.623401600E1,5.734275513E0,-7.407496033E0,-5.083428955E-1
1.624403900E1,7.265441437E0,-6.470145264E0,-3.629951477E-1
1.625406200E1,8.917705536E0,-6.040987701E0,-7.770341492E-1
1.626408400E1,9.718689880E0,-6.311774597E0,-1.826501770E0
1.627410700E1,9.848919067E0,-6.908134460E0,-2.838397522E0
1.628413000E1,9.621841278E0,-7.279212799E0,-3.930526428E0
1.629415200E1,8.966204681E0,-7.442373505E0,-4.093088379E0
1.630417500E1,8.242759094E0,-7.256011047E0,-2.985990601E0
1.631419800E1,7.439080353E0,-6.931785278E0,-9.948312378E-1
1.632422000E1,6.962471466E0,-6.926097107E0,8.857081604E-1
1.633424300E1,7.279512177E0,-7.149282990E0,1.505120087E0
1.634426600E1,7.924670563E0,-7.595205688E0,8.033793640E-1
1.635428800E1,7.933951263E0,-7.984246674E0,-5.149291992E-2
1.636431100E1,6.734794922E0,-8.293353882E0,-3.236270142E-1
1.637433400E1,5.438041534E0,-8.166417847E0,2.715353394E-1
1.638435600E1,5.259013824E0,-7.471413116E0,5.273533630E-1
1.639437900E1,5.955665131E0,-7.415728912E0,2.529739380E-2
1.640440200E1,6.649622040E0,-7.831414490E0,-5.215155029E-1
1.641442400E1,6.656208344E0,-7.889194336E0,-4.453239441E-1
1.642444700E1,6.232439575E0,-7.779622192E0,-1.728904724E-1
1.643447000E1,6.202352142E0,-7.598498840E0,-2.523751831E-1
1.644449200E1,6.449937286E0,-7.599546661E0,-2.764750671E-1
1.645451500E1,6.839127960E0,-7.970175934E0,2.323168945E-1
1.646453800E1,7.073690186E0,-8.239615631E0,1.722917175E-1
1.647456100E1,7.144942017E0,-7.952362976E0,-1.026864624E-1
1.648458300E1,6.997648315E0,-7.382348328E0,3.794609070E-1
1.649460600E1,6.017336884E0,-7.418123932E0,7.723937988E-1
1.650462900E1,5.259313202E0,-7.893684998E0,2.088157654E-1
1.651465100E1,4.956043854E0,-8.008496246E0,-5.514532471E-1
1.652467400E1,5.561983795E0,-8.094267883E0,-4.490661621E-3
1.653469700E1,6.959627380E0,-8.204438782E0,1.305285645E-1
1.654471900E1,7.519912262E0,-8.011340332E0,3.665876770E-1
1.655474200E1,7.735014954E0,-6.774911499E0,7.080276489E-1
1.656476500E1,7.521259460E0,-5.871989136E0,-1.269360352E-1
1.657478700E1,6.126609650E0,-6.093079376E0,-9.888436890E-1
1.658481000E1,3.794908447E0,-7.333998871E0,-3.893403625E-1
1.659483300E1,2.173629913E0,-8.567882996E0,2.369422760E0
1.660485500E1,2.039658508E0,-8.951385498E0,5.102738800E0
1.661487800E1,3.987258453E0,-8.305628357E0,5.161716156E0
1.662490100E1,7.246880035E0,-7.565567322E0,1.660496979E0
1.663492300E1,8.746910706E0,-7.473658447E0,-2.561174011E0
1.664494600E1,8.903784485E0,-7.757318573E0,-3.215613098E0
1.665496900E1,9.105415192E0,-8.213869171E0,-1.178050232E-1
1.666499100E1,8.645122375E0,-7.784711609E0,3.392395477E0
1.667501400E1,7.940687256E0,-6.323600006E0,4.683460693E0
1.668503700E1,7.882907410E0,-5.580096130E0,4.004772034E0
1.669505900E1,7.604636078E0,-6.274502106E0,2.442321167E0
1.670508200E1,6.658154297E0,-7.282955017E0,1.754351807E-1
1.671510500E1,5.525310059E0,-8.074209595E0,-1.826052704E0
1.672512700E1,4.550986176E0,-8.710087280E0,-3.113525391E0
1.673515000E1,3.753893738E0,-8.699160004E0,-3.155438232E0
1.674517300E1,3.688479767E0,-7.852221222E0,-2.477797394E0
1.675519500E1,5.082231445E0,-6.998845825E0,-1.586251373E0
1.676521800E1,7.387288055E0,-6.748266907E0,8.518785095E-1
1.677524100E1,9.311386871E0,-6.710395660E0,2.863545227E0
1.678526400E1,9.888736267E0,-6.907086639E0,2.641407166E0
1.679528600E1,9.803862762E0,-7.063361664E0,6.906637573E-1
1.680530900E1,9.391919403E0,-7.305108948E0,-1.219963074E0
1.681533200E1,9.187893677E0,-7.724536743E0,-1.948947144E0
1.682535400E1,8.886719971E0,-7.892637177E0,-1.617536316E0
1.683537700E1,7.512727203E0,-7.620802460E0,-1.193767548E0
1.684540000E1,6.356381836E0,-6.987170105E0,-6.375242615E-1
1.685542200E1,6.257138214E0,-6.488856354E0,5.328918457E-2
1.686544500E1,6.442303162E0,-6.642586670E0,3.414399719E-1
1.687546800E1,6.681356049E0,-7.248077545E0,-2.888992310E-2
1.688549000E1,6.618037720E0,-7.936346283E0,-1.031504974E0
1.689551300E1,6.564000092E0,-8.765023041E0,-1.550625458E0
1.690553600E1,7.314090271E0,-9.209598541E0,-1.319356384E0
1.691555800E1,7.998018036E0,-9.082961884E0,-5.969586182E-1
1.692558100E1,8.153694305E0,-8.219407654E0,3.155438232E-1
1.693560400E1,8.243806915E0,-7.046297150E0,9.148974609E-1
1.694562600E1,8.547675018E0,-6.128854980E0,9.265731812E-1
1.695564900E1,9.093290405E0,-5.943839722E0,4.198768616E-1
1.696567200E1,9.423803101E0,-6.184090118E0,-4.138893127E-1
1.697569400E1,9.642348633E0,-6.634204102E0,-9.400451660E-2
1.698571700E1,1.019799316E1,-7.077731781E0,2.724334717E-1
1.699574000E1,1.037791901E1,-7.365732880E0,-2.299218750E-1
1.700576200E1,9.944121094E0,-7.623646545E0,-1.995350647E-1
1.701578500E1,9.648934937E0,-7.927814026E0,-1.576222229E-1
1.702580800E1,9.568103027E0,-8.293952637E0,-5.192701721E-1
1.703583100E1,9.516310730E0,-8.443491669E0,-3.971241760E-1
1.704585300E1,9.511520691E0,-8.325836334E0,-2.216889954E-1
1.705587600E1,9.625134430E0,-7.983498230E0,-1.429527283E-1
1.706589900E1,9.703571320E0,-7.496111755E0,-1.766326904E-1
1.707592100E1,9.691895599E0,-6.786587219E0,-1.201850739E0
1.708594400E1,9.495503998E0,-5.925877075E0,-2.014510803E0
1.709596700E1,9.309740295E0,-5.389093323E0,-1.554816742E0
1.710598900E1,9.903256073E0,-5.468428345E0,-4.067042542E-1
1.711601200E1,1.135867950E1,-6.219266968E0,1.649569702E0
1.712603500E1,1.380025223E1,-6.943760376E0,2.487527161E0
1.713605700E1,1.559292435E1,-7.455097046E0,2.286195831E0
1.714608000E1,1.540177185E1,-7.393425293E0,2.724185028E0
1.715610300E1,1.459689560E1,-6.539451141E0,2.163750458E0
1.716612500E1,1.375564499E1,-5.621709595E0,-5.236111450E-1
1.717614800E1,1.310315186E1,-4.545747070E0,-6.895859985E0
1.718617100E1,1.166823578E1,-3.062930603E0,-1.139295822E1
1.719619288E1,1.031070877E1,-2.214195557E0,-7.822882233E0
1.720621587E1,9.453142090E0,-2.350711670E0,-2.907104645E0
1.721623887E1,7.878117371E0,-3.262615356E0,-3.255130920E0
1.722626088E1,5.578599243E0,-4.147425385E0,-6.764582977E0
1.723628387E1,2.873873749E0,-4.255800018E0,-9.783205719E0
1.724630688E1,1.191522217E-1,-3.552412720E0,-1.035890854E1
1.725632887E1,-1.275198212E0,-2.620301056E0,-8.084837494E0
1.726635188E1,-6.803352356E-1,-1.757495270E0,-5.739514618E0
1.727637487E1,1.362616425E0,-1.632505188E0,-5.905220032E0
1.728639687E1,4.116439819E0,-2.398462372E0,-7.610473938E0
1.729641987E1,7.264692993E0,-2.747686157E0,-9.960137787E0
1.730644287E1,1.138727005E1,-1.941462708E0,-1.090063202E1
1.731646588E1,1.609797409E1,-2.712359619E-1,-1.065454376E1
1.732648787E1,1.893188095E1,1.149759064E0,-9.488618317E0
1.733651088E1,1.862307312E1,1.171014862E0,-7.460336151E0
1.734653387E1,1.674148590E1,1.754351807E-1,-5.604944458E0
1.735655587E1,1.551418808E1,-1.073567505E0,-4.191882935E0
1.736657887E1,1.518322632E1,-1.861229553E0,-3.117566986E0
1.737660187E1,1.410217438E1,-2.110311584E0,-1.848056946E0
1.738662388E1,1.118863312E1,-1.910177765E0,-3.379971313E-1
1.739664687E1,8.307723999E0,-9.889933777E-1,6.782395935E-1
1.740666988E1,5.647306366E0,-4.011657715E-2,-4.468208313E-1
1.741669187E1,3.874243469E0,7.292834473E-1,-3.029849396E0
1.742671488E1,3.084186401E0,1.288520508E0,-5.822741547E0
1.743673787E1,2.593806152E0,8.729846191E-1,-8.175997925E0
1.744675987E1,1.724713440E0,-2.692900085E-1,-8.797655182E0
1.745678288E1,4.819976807E-2,-1.367705841E0,-6.766528931E0
1.746680587E1,-3.428171082E0,-3.116519165E0,-4.948260040E0
1.747682788E1,-8.747509460E0,-5.076243896E0,-5.761369171E0
1.748685087E1,-1.273596542E1,-4.613705750E0,-7.007078705E0
1.749687388E1,-1.261890884E1,-2.887345734E0,-5.973777466E0
1.750689587E1,-8.114625549E0,-3.237168274E0,-4.295766907E0
1.751691887E1,-1.744172974E0,-5.704337769E0,-7.578440552E0
1.752694187E1,4.918921051E0,-6.989714813E0,-1.081665665E1
1.753696387E1,8.851992188E0,-5.878425751E0,-1.066098038E1
1.754698688E1,9.310189362E0,-5.101840668E0,-8.816366272E0
1.755700987E1,9.463919678E0,-4.563410339E0,-7.398664398E0
1.756703288E1,1.116303635E1,-3.303630066E0,-6.191275177E0
1.757705487E1,1.183588715E1,-1.974244537E0,-3.516188049E0
1.758707788E1,9.641749878E0,-1.174457703E0,3.477268982E-1
1.759710087E1,5.723797302E0,-1.764380951E0,2.528242493E0
1.760712287E1,3.770060120E0,-2.741997986E0,1.934577026E0
1.761714588E1,5.406157837E0,-3.167413330E0,-6.197113037E-2
1.762716887E1,8.084238739E0,-4.684059448E0,-4.261188812E0
1.763719088E1,9.774374084E0,-7.892637177E0,-9.217532043E0
1.764721387E1,1.058344162E1,-1.231084946E1,-1.298684372E1
1.765723688E1,9.273515625E0,-1.692545334E1,-1.458222610E1
1.766725887E1,6.355483704E0,-1.861678619E1,-1.262564484E1
1.767728187E1,3.752546539E0,-1.519744675E1,-7.468119965E0
1.768730487E1,4.984634399E-2,-9.943821716E0,-2.050436096E0
1.769732687E1,-3.384312286E0,-5.964047699E0,1.331481171E0
1.770734988E1,-3.840264130E0,-4.253105621E0,3.076252899E0
1.771737287E1,-1.438957672E0,-4.866230621E0,3.625011749E0
1.772739488E1,1.704206085E0,-6.541696472E0,3.311713257E0
1.773741787E1,4.058809662E0,-7.894583130E0,2.592159576E0
1.774744087E1,6.166277161E0,-8.812923431E0,1.199755096E0
1.775746287E1,8.932375031E0,-9.154812469E0,-9.874964905E-1
1.776748587E1,1.127515320E1,-9.113049316E0,-2.518812103E0
1.777750888E1,1.278790741E1,-8.550968170E0,-3.807631989E0
1.778753087E1,1.293385391E1,-7.346572723E0,-5.153034210E0
1.779755388E1,1.089239914E1,-6.182293854E0,-5.038222961E0
1.780757687E1,7.837701416E0,-5.826633453E0,-3.512745209E0
1.781759988E1,5.668113098E0,-6.220015411E0,-2.268831940E0
1.782762187E1,4.902904358E0,-6.960824890E0,-2.008523254E0
1.783764487E1,5.386099548E0,-7.704628143E0,-2.445913696E0
1.784766788E1,6.298003235E0,-8.599467316E0,-3.270548859E0
1.785768987E1,7.230863342E0,-9.441017303E0,-4.000880127E0
1.786771288E1,8.049960022E0,-9.861642609E0,-4.355043640E0
1.787773587E1,8.810378723E0,-9.849817200E0,-3.691323853E0
1.788775788E1,9.443112946E0,-9.954748993E0,-2.584974518E0
1.789778087E1,9.046587524E0,-1.080423248E1,-1.692230988E0
1.790780387E1,7.217091980E0,-1.191432404E1,-1.360371094E0
1.791782587E1,5.635480957E0,-1.272668472E1,-3.650608521E0
1.792784887E1,5.558540955E0,-1.282458115E1,-8.273594971E0
1.793787188E1,6.857090607E0,-1.148591492E1,-1.233150650E1
1.794789387E1,9.184899902E0,-8.320447540E0,-1.226669128E1
1.795791688E1,1.062969543E1,-5.099445648E0,-8.750952301E0
1.796793987E1,1.093940140E1,-2.975213013E0,-3.725153503E0
1.797796188E1,1.338351883E1,4.851411438E-1,3.335064697E-1
1.798798487E1,1.695494202E1,7.794291687E0,-1.084659439E1
1.799800787E1,1.237252121E1,1.329071182E1,-1.746163834E1
1.800802987E1,3.189118195E0,1.008707382E1,-2.812201996E0
1.801805287E1,1.067729645E0,2.649041290E0,-2.881507874E-1
1.802807588E1,-1.042132874E0,-1.259031830E0,-4.302652588E0
1.803809787E1,-4.404590607E0,-4.095483398E-1,2.402503967E-1
1.804812088E1,-9.295819244E0,-8.925938416E-1,6.747668152E0
1.805814387E1,-1.350027603E1,-1.988464966E0,6.660549316E0
1.806816687E1,-1.274584488E1,-2.116448822E0,4.713697815E-1
1.807818887E1,-9.776320038E0,-4.158352661E0,-6.507268066E0
1.808821187E1,-6.241570587E0,-8.561446381E0,-1.420231613E1
1.809823488E1,1.931732941E0,-1.560430069E1,-2.046065186E1
1.810825687E1,1.858834534E1,-2.385918457E1,-2.732507721E1
1.811827988E1,3.159629517E1,-3.045761307E1,-3.174538513E1
1.812830287E1,2.500834488E1,-2.482752090E1,-1.528022461E1
1.813832488E1,1.774140656E1,-1.203003342E1,1.055724609E1
1.814834787E1,1.677950684E1,-2.924468536E0,2.205977646E1
1.815837087E1,1.513113464E1,-3.397933960E-2,1.298893936E1
1.816839287E1,1.497036896E1,2.070943451E0,3.285817108E0
1.817841587E1,1.399649414E1,1.396895142E0,3.025059357E0
1.818843888E1,9.011111298E0,-3.249442749E0,4.078418884E0
1.819846004E1,2.637515259E0,-7.829169159E0,4.182302856E-1
1.820848304E1,-1.352886658E0,-1.140987305E1,-4.757556610E0
1.821850604E1,-1.959724731E0,-1.324415863E1,-7.374714203E0
1.822852804E1,-1.284778290E0,-1.367660934E1,-6.404880981E0
1.823855104E1,-1.150208130E0,-1.242012222E1,-3.710933075E0
1.824857404E1,-3.140469360E-1,-9.163195038E0,-1.066981201E0
1.825859604E1,2.537822571E0,-6.361171875E0,1.648072815E-1
1.826861904E1,6.449488220E0,-4.715943146E0,3.784130859E-1
1.827864204E1,9.343270569E0,-3.900438995E0,7.635621643E-1
1.828866504E1,1.080034058E1,-4.179907837E0,1.593286743E0
1.829868704E1,1.191492279E1,-5.565576324E0,1.838177490E0
1.830871004E1,1.271051834E1,-7.454049225E0,1.207538910E0
1.831873304E1,1.237820938E1,-9.095984802E0,1.276844788E-1
1.832875504E1,1.100107315E1,-9.700727234E0,-6.099815369E-1
1.833877804E1,8.791967010E0,-9.301657104E0,-9.997709656E-1
1.834880104E1,6.243666229E0,-8.206833801E0,-3.980223083E-1
1.835882304E1,4.575086060E0,-6.732998657E0,8.083190918E-3
1.836884604E1,4.283342743E0,-5.839207306E0,-7.620652771E-1
1.837886904E1,4.719535675E0,-5.954766998E0,-1.660197601E0
1.838889104E1,4.585564270E0,-7.084467773E0,-1.624421997E0
1.839891404E1,4.061803436E0,-8.752898254E0,-6.102809143E-1
1.840893704E1,4.169279938E0,-9.912836151E0,2.947370911E-1
1.841895904E1,4.853656769E0,-9.850266266E0,3.956272888E-1
1.842898204E1,5.677693176E0,-8.568930817E0,2.778222656E-1
1.843900504E1,6.628665619E0,-6.984775085E0,1.305285645E-1
1.844902704E1,7.665110321E0,-6.057303772E0,-9.442364502E-1
1.845905004E1,8.039182434E0,-6.132148132E0,-1.764680328E0
1.846907304E1,7.761659546E0,-6.940167847E0,-1.421294403E0
1.847909504E1,7.464527435E0,-7.950117645E0,-5.987548828E-1
1.848911804E1,7.329208832E0,-8.494685211E0,-1.520837402E-1
1.849914104E1,6.703060913E0,-8.226892090E0,-6.571334839E-2
1.850916304E1,5.563780060E0,-7.780370636E0,1.532812500E-1
1.851918604E1,4.965623932E0,-7.562274170E0,5.119354248E-1
1.852920904E1,5.104535065E0,-7.279961243E0,8.726852417E-2
1.853923204E1,5.453010406E0,-7.235503693E0,-8.656498718E-1
1.854925404E1,5.657934265E0,-7.762258301E0,-1.749561768E0
1.855927704E1,5.529800720E0,-8.275690613E0,-2.263293457E0
1.856930004E1,5.310656433E0,-8.338709564E0,-2.082469482E0
1.857932204E1,4.947062531E0,-8.182135162E0,-1.760339355E0
1.858934504E1,4.646337891E0,-8.016130371E0,-1.601519623E0
1.859936804E1,5.061724091E0,-7.864346008E0,-1.019679565E0
1.860939004E1,6.472989349E0,-7.495213623E0,-9.651928711E-1
1.861941304E1,7.934400330E0,-7.108268280E0,-1.193019104E0
1.862943604E1,8.240513763E0,-6.922504578E0,-9.451345825E-1
1.863945804E1,7.415579224E0,-6.705006866E0,-5.556445312E-1
1.864948104E1,6.324498138E0,-6.527625732E0,-8.053253174E-2
1.865950404E1,5.716312866E0,-6.806046753E0,6.376739502E-2
1.866952604E1,5.782475281E0,-7.448510742E0,-1.514849854E-1
1.867954904E1,6.015540619E0,-8.171806641E0,-9.759704590E-2
1.868957204E1,6.111491089E0,-8.625812531E0,-3.011737061E-1
1.869959404E1,6.104605408E0,-8.425529022E0,-7.212002563E-1
1.870961704E1,5.875881042E0,-7.819738770E0,-2.356100464E-1
1.871964004E1,5.804778900E0,-7.281607819E0,-7.229965210E-2
1.872966304E1,5.637426910E0,-7.026538239E0,-1.071771240E-1
1.873968504E1,5.665718079E0,-6.829248505E0,2.170486450E-2
1.874970804E1,5.897286530E0,-6.649622040E0,6.412664795E-1
1.875973104E1,6.972350922E0,-6.740632782E0,4.522096252E-1
1.876975304E1,8.097261658E0,-7.039112091E0,-6.038442993E-1
1.877977604E1,8.209228821E0,-7.599846039E0,2.993774414E-4
1.878979904E1,8.250692596E0,-7.895331573E0,8.574169922E-1
1.879982104E1,8.168363800E0,-7.744295654E0,7.937992859E-1
1.880984404E1,7.283853149E0,-7.332352295E0,3.384461975E-1
1.881986704E1,5.895939331E0,-7.011419678E0,3.573069763E-1
1.882988904E1,5.292095032E0,-7.100484467E0,3.156935120E-1
1.883991204E1,5.747597809E0,-7.635471954E0,3.927832031E-1
1.884993504E1,6.623576202E0,-7.929310913E0,1.565744019E-1
1.885995704E1,6.980883179E0,-7.871381378E0,-7.664062500E-2
1.886998004E1,6.705156555E0,-7.635921021E0,-1.460961914E-1
1.888000304E1,6.272406464E0,-7.007527771E0,1.962419128E-1
1.889002504E1,6.200555878E0,-6.399342499E0,6.990463257E-1
1.890004804E1,7.044650574E0,-6.519991608E0,-4.340972900E-3
1.891007104E1,7.905809784E0,-7.270381165E0,-5.230123901E-1
1.892009304E1,7.747289429E0,-7.817942505E0,1.347198486E-2
1.893011604E1,6.646628265E0,-7.909701691E0,9.723779297E-1
1.894013904E1,5.627397766E0,-7.847131805E0,1.313518524E0
1.895016104E1,5.316344604E0,-7.582781525E0,1.222956848E0
1.896018404E1,5.673052826E0,-7.405999146E0,1.257834320E0
1.897020704E1,6.248605957E0,-7.611521759E0,4.552033997E-1
1.898023004E1,5.816005554E0,-7.673642578E0,-2.971321106E-1
1.899025204E1,4.865482178E0,-7.586823120E0,-3.968247986E-1
1.900027504E1,4.705015869E0,-7.526498566E0,-3.040177917E-1
1.901029804E1,5.012626190E0,-7.475754089E0,1.049317932E-1
1.902032004E1,5.182971954E0,-7.317832489E0,1.096320190E0
1.903034304E1,6.177653503E0,-7.054530029E0,2.046244812E0
1.904036604E1,8.014483795E0,-6.999145203E0,9.276210022E-1
1.905038804E1,9.023535461E0,-7.245682526E0,-4.058061218E-1
1.906041104E1,8.612639923E0,-7.588619385E0,-4.122427368E-1
1.907043404E1,7.193590851E0,-7.696694641E0,8.276289368E-1
1.908045604E1,5.734275513E0,-7.784112854E0,1.789528656E0
1.909047904E1,4.483476562E0,-7.353608093E0,1.709744568E0
1.910050204E1,3.919748840E0,-6.762786713E0,9.922865295E-1
1.911052404E1,4.434977417E0,-6.915768585E0,-6.604266357E-1
1.912054704E1,5.030738525E0,-7.472011871E0,-5.596861267E-1
1.913057004E1,5.739364929E0,-7.824678497E0,7.360194397E-1
1.914059204E1,7.320826263E0,-7.737260284E0,1.399140472E0
1.915061504E1,9.214538269E0,-7.152127075E0,6.174659729E-1
1.916063804E1,1.014814682E1,-7.154671783E0,-1.067729645E0
1.917066104E1,9.559870148E0,-7.850574646E0,-2.110461273E0
1.918068304E1,7.652985535E0,-8.301586761E0,-9.159452820E-1
1.919070713E1,5.513484650E0,-8.343798981E0,7.571255493E-1
1.920073012E1,4.049229584E0,-7.744445343E0,1.808838501E0
1.921075213E1,3.546425171E0,-6.549330597E0,1.463955688E0
1.922077512E1,4.057612152E0,-6.237528992E0,-8.044271851E-1
1.923079813E1,5.235213318E0,-7.311246185E0,-1.873204651E0
1.924082012E1,6.175108795E0,-8.292306061E0,-5.483097839E-1
1.925084312E1,6.995103607E0,-8.564140778E0,6.328839111E-1
1.926086612E1,7.826474762E0,-8.071215820E0,1.124910736E0
1.927088812E1,8.001460876E0,-6.808890839E0,1.898052979E0
1.928091113E1,7.403454437E0,-6.046975250E0,2.850522308E0
1.929093412E1,6.696175232E0,-6.320456543E0,2.092498627E0
1.930095613E1,5.492079163E0,-6.759792938E0,1.751358032E0
1.931097912E1,4.676425323E0,-7.452103271E0,1.677112427E0
1.932100212E1,5.376669159E0,-8.450826416E0,-4.828958130E-1
1.933102412E1,6.293961639E0,-8.858129425E0,-2.197430420E0
1.934104712E1,6.755601654E0,-8.452023926E0,-1.721270599E0
1.935107013E1,7.375612335E0,-7.738757172E0,-5.822891235E-2
1.936109312E1,7.698041840E0,-7.007078705E0,9.565109253E-1
1.937111513E1,7.517666931E0,-6.594835968E0,2.353106689E-1
1.938113812E1,7.057074738E0,-6.940167847E0,3.487747192E-1
1.939116113E1,6.492149506E0,-7.320077820E0,2.107317810E0
1.940118312E1,5.729934540E0,-7.450157318E0,2.276915131E0
1.941120612E1,4.721930695E0,-7.519762573E0,1.651665344E0
1.942122913E1,4.138743439E0,-7.508685608E0,2.060315552E0
1.943125112E1,4.640649719E0,-7.791297913E0,1.034798126E0
1.944127413E1,5.179678802E0,-8.474926300E0,-1.202299805E0
1.945129712E1,4.646487579E0,-9.080117798E0,-1.147813110E0
1.946131913E1,4.372856598E0,-9.166637878E0,-1.056802368E-1
1.947134212E1,5.029690704E0,-8.109685822E0,-1.327738953E-1
1.948136512E1,5.840704193E0,-6.615493011E0,-5.108876038E-1
1.949138712E1,6.860982513E0,-6.443500671E0,-2.679428101E-1
1.950141012E1,8.527616730E0,-6.668931885E0,7.298822021E-1
1.951143313E1,9.450148315E0,-6.611601105E0,6.625222778E-1
1.952145512E1,8.593629456E0,-6.803202667E0,4.085005188E-1
1.953147813E1,6.997498627E0,-7.408992920E0,-3.719764709E-1
1.954150112E1,5.675896912E0,-8.020770721E0,-3.507206726E-1
1.955152413E1,4.924758911E0,-8.740174713E0,-1.643731842E0
1.956154612E1,4.543052673E0,-9.045689392E0,-1.794169006E0
1.957156912E1,4.438869324E0,-8.805289307E0,-1.343306580E0
1.958159213E1,4.942122803E0,-8.029752045E0,-1.363514557E0
1.959161412E1,5.830974426E0,-7.005432129E0,-1.162931671E0
1.960163713E1,6.588848419E0,-7.002138977E0,-1.874102783E-1
1.961166012E1,7.801776123E0,-7.511080627E0,1.754800873E0
1.962168213E1,8.359067230E0,-7.829019470E0,2.064357147E0
1.963170512E1,7.403304749E0,-7.926466827E0,1.803300018E0
1.964172812E1,6.599027252E0,-7.782017212E0,1.030307465E0
1.965175012E1,5.855373688E0,-7.548353119E0,-1.246158600E0
1.966177312E1,4.120631104E0,-7.457492065E0,-1.933229828E0
1.967179613E1,3.197949829E0,-7.906707916E0,-2.029779053E0
1.968181812E1,3.981570282E0,-8.422385559E0,-1.400936737E0
1.969184113E1,5.270689545E0,-8.495583344E0,-7.494914246E-1
1.970186412E1,6.213878174E0,-7.845634918E0,-3.588038635E-1
1.971188613E1,7.090155945E0,-7.473957825E0,-8.315208435E-1
1.972190912E1,7.723937988E0,-7.944429474E0,-8.749305725E-1
1.973193212E1,7.713759155E0,-8.082442474E0,-4.349954224E-1
1.974195513E1,7.048093414E0,-7.414232025E0,4.067042542E-1
1.975197712E1,6.497388611E0,-6.850803680E0,1.968406677E-1
1.976200013E1,5.647605743E0,-7.396419067E0,-5.251080322E-1
1.977202312E1,4.435426483E0,-9.066795502E0,-4.203259277E-1
1.978204513E1,3.778592377E0,-1.018407211E1,1.182540894E-2
1.979206812E1,3.594774628E0,-9.402996368E0,4.896318054E-1
1.980209112E1,4.408482513E0,-8.149802399E0,4.818479919E-1
1.981211312E1,6.371650085E0,-7.362739105E0,4.245172119E-1
1.982213612E1,8.615334320E0,-7.160509644E0,2.653981018E-1
1.983215913E1,1.036923706E1,-7.109016724E0,-1.533261566E0
1.984218112E1,1.020203476E1,-6.687942352E0,-2.245031433E0
1.985220413E1,7.993078308E0,-6.449488220E0,-1.897005157E0
1.986222712E1,6.534212036E0,-7.001091156E0,-3.117566986E0
1.987224913E1,5.475463715E0,-7.506739655E0,-2.752925262E0
1.988227212E1,3.884571991E0,-8.293952637E0,-1.497336273E0
1.989229512E1,2.871478729E0,-9.340725861E0,-5.447172546E-1
1.990231713E1,2.933599548E0,-9.950108643E0,3.686833191E-1
1.991234012E1,3.133134613E0,-8.957223358E0,1.412762146E0
1.992236313E1,4.182602234E0,-7.649243317E0,5.941145325E-1
1.993238612E1,5.460644531E0,-7.109465790E0,-3.014730835E-1
1.994240813E1,5.298980713E0,-7.721992035E0,-1.189576263E0
1.995243112E1,4.572541351E0,-8.503217468E0,-2.230960693E0
1.996245412E1,4.383185120E0,-8.792565765E0,-2.770738220E0
1.997247612E1,4.738845520E0,-8.800349579E0,-2.550995178E0
1.998249912E1,5.849236450E0,-8.267607422E0,-1.346899109E0
1.999252213E1,7.588170319E0,-7.016808472E0,-9.903405762E-1
2.000254412E1,9.327403564E0,-5.698948975E0,-1.952240295E0
2.001256713E1,1.057550812E1,-5.210215302E0,-2.409838715E0
2.002259012E1,1.032537827E1,-6.188131714E0,-2.536924438E0
2.003261213E1,9.148974609E0,-7.470365295E0,-2.527194672E0
2.004263512E1,7.519463196E0,-8.312813416E0,-2.728675690E0
2.005265812E1,5.663323059E0,-9.364376678E0,-2.224374390E0
2.006268013E1,4.265080719E0,-1.019065842E1,-2.122286682E0
2.007270312E1,3.127446442E0,-1.006851242E1,-1.849254456E0
2.008272613E1,2.602188721E0,-8.970395966E0,-1.615290985E0
2.009274912E1,3.266207886E0,-7.694149933E0,-1.572929077E0
2.010277113E1,5.071753235E0,-7.143145752E0,-1.863325195E0
2.011279412E1,6.686894531E0,-6.670578461E0,-7.520361328E-1
2.012281712E1,7.938292236E0,-6.714137878E0,-5.301974487E-1
2.013283912E1,9.228758698E0,-7.293283539E0,-3.293151855E-1
2.014286212E1,9.776918793E0,-7.759563904E0,-7.093748474E-1
2.015288513E1,8.052504730E0,-7.724985809E0,1.052311707E-1
2.016290712E1,5.744154968E0,-8.055049438E0,4.064048767E-1
2.017293013E1,4.456083527E0,-9.179062042E0,2.650987244E-1
2.018295312E1,3.774999847E0,-9.883048096E0,4.616400146E-1
2.019297525E1,3.629203033E0,-9.644593964E0,-7.481442261E-1
2.020299825E1,3.602708130E0,-8.562943268E0,-1.643282776E0
2.021302125E1,3.336112518E0,-7.345075836E0,-1.097817078E0
2.022304325E1,4.238136749E0,-7.001989288E0,-1.149759064E0
2.023306625E1,6.111341400E0,-7.360194397E0,-1.016386414E-1
2.024308925E1,7.259902954E0,-7.920479279E0,1.052012329E0
2.025311125E1,7.601642303E0,-8.203989716E0,7.250921631E-1
2.026313425E1,7.258106689E0,-7.837252350E0,4.767585754E-1
2.027315725E1,6.148763580E0,-7.242539063E0,1.724414062E-1
2.028317925E1,4.887037354E0,-7.488777008E0,-2.145039368E-1
2.029320225E1,4.280199280E0,-8.769064636E0,-5.700146484E-1
2.030322525E1,3.997137909E0,-9.457333374E0,-7.156617737E-1
2.031324825E1,4.179907837E0,-8.913963318E0,-3.131787415E0
2.032327025E1,4.664599915E0,-8.015381927E0,-3.116668854E0
2.033329325E1,5.955365753E0,-7.970325623E0,-1.332678680E0
2.034331625E1,6.804699554E0,-7.832162933E0,4.382885742E-1
2.035333825E1,7.012916565E0,-7.286697235E0,1.098565521E0
2.036336125E1,6.694378967E0,-6.564898224E0,1.337768097E0
2.037338425E1,6.088139648E0,-6.133944397E0,1.545985107E0
2.038340625E1,6.257287903E0,-6.952891388E0,-4.754113770E-1
2.039342925E1,6.696624298E0,-8.871601410E0,-3.530558167E0
2.040345225E1,6.229445801E0,-1.024828857E1,-3.176095276E0
2.041347425E1,5.358856201E0,-1.021535706E1,-1.810335388E0
2.042349725E1,4.517904968E0,-9.184750214E0,-1.174008636E0
2.043352025E1,3.856280823E0,-7.847730560E0,-4.685256958E-2
2.044354225E1,3.862268372E0,-6.758146362E0,1.465153198E0
2.045356525E1,4.751419373E0,-6.779701538E0,1.886077881E0
2.046358825E1,5.662424927E0,-7.752977600E0,1.628912659E0
2.047361125E1,6.041436768E0,-8.428223419E0,1.566342773E0
2.048363325E1,5.610333252E0,-8.378227386E0,4.373904419E-1
2.049365625E1,4.008813629E0,-7.855065308E0,-7.966433716E-1
2.050367925E1,2.946622467E0,-7.584727478E0,-1.560654602E0
2.051370125E1,3.675307159E0,-7.922275543E0,-2.811603241E0
2.052372425E1,5.253774719E0,-8.815767517E0,-3.297343140E0
2.053374725E1,6.407874756E0,-9.418713684E0,-2.681823120E0
2.054376925E1,6.487060089E0,-8.798104248E0,-9.388476562E-1
2.055379225E1,5.884712677E0,-7.120393066E0,-2.405497742E-1
2.056381525E1,5.326074371E0,-5.828878784E0,-1.694476318E-1
2.057383725E1,5.933062134E0,-6.222560120E0,5.328918457E-2
2.058386025E1,7.097041626E0,-7.691455536E0,2.754272461E-1
2.059388325E1,7.277865601E0,-8.842861176E0,-4.324507141E-1
2.060390525E1,6.217770081E0,-9.240434418E0,-1.074166260E0
2.061392825E1,5.591771851E0,-9.037905579E0,-1.932032318E0
2.062395125E1,5.830824738E0,-8.643924866E0,-2.998714142E0
2.063397325E1,6.083050232E0,-8.248447266E0,-2.661764832E0
2.064399625E1,6.666387177E0,-7.803422699E0,-1.797462158E0
2.065401925E1,7.493117981E0,-7.147037659E0,-1.597777405E0
2.066404225E1,7.752079468E0,-6.683152313E0,-1.463955688E0
2.067406425E1,7.891289978E0,-6.958429871E0,-7.438032532E-1
2.068408725E1,8.402476959E0,-7.493417358E0,-1.481918335E-2
2.069411025E1,8.481063538E0,-7.457941132E0,-2.095642090E-2
2.070413225E1,7.630232849E0,-6.816824341E0,-8.406518555E-1
2.071415525E1,6.356381836E0,-6.436016235E0,-1.385518799E0
2.072417825E1,5.502108307E0,-7.350764008E0,-1.030906219E0
2.073420025E1,5.277724915E0,-9.399553528E0,-8.170010376E-1
2.074422325E1,4.747228088E0,-1.086395828E1,-1.375339966E0
2.075424625E1,3.709585876E0,-1.050710037E1,-1.275198212E0
2.076426825E1,3.152145081E0,-8.942254486E0,-1.065484314E0
2.077429125E1,3.807182922E0,-7.137756958E0,-1.298100586E0
2.078431425E1,5.400619354E0,-6.282734985E0,-2.860102386E0
2.079433625E1,6.562054138E0,-6.634653168E0,-3.312012634E0
2.080435925E1,6.834337921E0,-7.062912598E0,-1.768871613E0
2.081438225E1,6.638994141E0,-7.374414825E0,-5.523513794E-2
2.082440425E1,6.528224487E0,-7.786807251E0,5.513035583E-1
2.083442725E1,6.410868530E0,-7.911198578E0,4.583468628E-1
2.084445025E1,6.071075134E0,-7.837851105E0,1.541793823E-2
2.085447325E1,5.588628387E0,-7.879165192E0,-1.082848206E0
2.086449525E1,5.237758026E0,-8.274942169E0,-2.299518127E0
2.087451825E1,5.264701996E0,-8.749904480E0,-2.953657837E0
2.088454125E1,5.197940826E0,-8.928782501E0,-2.681224365E0
2.089456325E1,5.056934052E0,-8.736432495E0,-1.689985657E0
2.090458625E1,5.228776703E0,-8.127947845E0,-4.342469788E-1
2.091460925E1,5.905968475E0,-7.159761200E0,3.445834351E-1
2.092463125E1,6.946454773E0,-6.442003784E0,4.939727783E-1
2.093465425E1,8.031398621E0,-6.257437592E0,5.688171387E-2
2.094467725E1,8.711883545E0,-6.626719666E0,-2.835104370E-1
2.095469925E1,9.150621185E0,-7.522906036E0,-4.258644104E-1
2.096472225E1,8.672515411E0,-8.505013733E0,-1.474583588E0
2.097474525E1,6.913972321E0,-8.975335693E0,-1.673669586E0
2.098476725E1,5.047803040E0,-8.608598328E0,-3.061134338E-1
2.099479025E1,3.294798431E0,-8.075407104E0,1.513352966E0
2.100481325E1,2.440674591E0,-7.899223480E0,2.379900970E0
2.101483525E1,2.946023712E0,-7.941435699E0,1.997745667E0
2.102485825E1,4.433929596E0,-7.764952698E0,1.158291321E0
2.103488125E1,6.548582153E0,-7.166048126E0,-2.874023438E-2
2.104490425E1,8.262817383E0,-6.632557526E0,-1.203197937E0
2.105492625E1,9.157207489E0,-6.629264374E0,-1.173260193E0
2.106494925E1,8.964558105E0,-6.847510529E0,-3.796105957E-1
2.107497225E1,8.022267609E0,-6.953340454E0,4.668791199E-1
2.108499425E1,7.266788635E0,-6.941365356E0,8.122109985E-1
2.109501725E1,7.140002289E0,-7.200925598E0,1.483415222E-1
2.110504025E1,7.361092529E0,-7.589218140E0,-1.054706726E0
2.111506225E1,6.982230377E0,-7.870632935E0,-1.676363983E0
2.112508525E1,6.366261292E0,-8.088579712E0,-1.310824127E0
2.113510825E1,6.148464203E0,-8.001909943E0,-4.076023865E-1
2.114513025E1,6.021228790E0,-7.489226074E0,4.625381470E-2
2.115515325E1,6.200106812E0,-6.862329712E0,1.317260742E-2
2.116517625E1,5.868246918E0,-6.598129120E0,-7.753875732E-2
2.117519825E1,5.237308960E0,-6.928791504E0,-6.301895142E-2
2.118522125E1,5.126090240E0,-7.407945099E0,-7.050338745E-2
2.119524379E1,5.290149078E0,-7.825277252E0,-1.362167358E0
2.120526679E1,5.345982971E0,-8.312813416E0,-1.482068024E0
2.121528879E1,5.742358704E0,-8.359516296E0,1.113684082E-1
2.122531179E1,6.578070831E0,-7.495513000E0,3.990701294E-1
2.123533479E1,7.403155060E0,-6.483916626E0,-1.556762695E-1
2.124535679E1,7.833210754E0,-6.147266693E0,-3.805087280E-1
2.125537979E1,7.667505341E0,-6.280040588E0,-1.996847534E-1
2.126540279E1,6.992558899E0,-7.149732056E0,-4.224215698E-1
2.127542479E1,6.138135681E0,-8.306526489E0,2.050735474E-2
2.128544779E1,6.095474396E0,-8.771908722E0,4.968168640E-1
2.129547079E1,6.424340515E0,-8.266858978E0,4.364923096E-1
2.130549279E1,6.203100586E0,-7.346123657E0,4.056564331E-2
2.131551579E1,5.842350769E0,-6.807393951E0,-6.556365967E-2
2.132553879E1,5.850733337E0,-7.131170654E0,4.625381470E-2
2.133556079E1,6.168971558E0,-7.440277863E0,-1.764830017E-1
2.134558379E1,6.668033752E0,-7.251819763E0,-3.650907898E-1
2.135560679E1,7.054829407E0,-6.865622864E0,-6.369255066E-1
2.136562879E1,7.062463531E0,-6.759493561E0,-9.988728333E-1
2.137565179E1,6.165678406E0,-7.040608978E0,-1.448388062E0
2.138567479E1,5.112917633E0,-7.496710510E0,-1.602866821E0
2.139569779E1,5.174739075E0,-8.098758545E0,-1.499581604E0
2.140571979E1,5.599855042E0,-8.565188599E0,-1.053209839E0
2.141574279E1,5.725593567E0,-8.153095551E0,-5.358856201E-2
2.142576579E1,5.417384491E0,-7.052135010E0,-2.574645996E-2
2.143578779E1,5.648653564E0,-5.718558197E0,-7.949967957E-1
2.144581079E1,6.866970062E0,-5.163961487E0,-1.344803467E0
2.145583379E1,8.434061279E0,-6.591243439E0,-1.645079041E0
2.146585579E1,9.204808502E0,-8.770711212E0,-1.163979492E0
2.147587879E1,9.107959900E0,-9.547895050E0,3.761677551E-1
2.148590179E1,8.398435364E0,-8.254584503E0,1.301992493E0
2.149592379E1,7.286846924E0,-6.192622375E0,7.592211914E-1
2.150594679E1,5.745502167E0,-5.104834442E0,-2.978805542E-2
2.151596979E1,4.506977692E0,-5.777984619E0,-1.579216003E-1
2.152599179E1,4.665348358E0,-7.553891602E0,7.590715027E-1
2.153601479E1,6.560856628E0,-8.694070587E0,1.214424591E0
2.154603779E1,8.386460266E0,-8.727451172E0,3.155438232E-1
2.155605979E1,8.300089874E0,-7.995922394E0,2.412982178E-1
2.156608279E1,7.054080963E0,-6.666087799E0,6.457571411E-1
2.157610579E1,5.626200256E0,-6.046077118E0,5.339396667E-1
2.158612879E1,4.373155975E0,-6.861281891E0,3.902384949E-1
2.159615079E1,4.018992462E0,-7.883655853E0,8.455915833E-1
2.160617379E1,4.782854004E0,-8.485105133E0,1.397493896E0
2.161619679E1,6.242169342E0,-8.517437897E0,1.448537750E0
2.162621879E1,7.570357361E0,-7.875872040E0,1.114582214E0
2.163624179E1,7.767048340E0,-7.286248169E0,4.047583008E-1
2.164626479E1,6.911577301E0,-7.302414551E0,3.233276367E-2
2.165628679E1,6.016588440E0,-7.734416199E0,3.944297791E-1
2.166630979E1,5.299579468E0,-7.563621368E0,2.263293457E-1
2.167633279E1,4.799619141E0,-6.926845551E0,-7.578739929E-1
2.168635479E1,5.035678253E0,-6.749614105E0,-1.240769806E0
2.169637779E1,6.216722260E0,-6.954388275E0,-1.229393463E0
2.170640079E1,7.662864990E0,-7.044500885E0,-1.547781372E0
2.171642279E1,8.625812531E0,-7.201973419E0,-1.585951996E0
2.172644579E1,9.198072510E0,-7.625293121E0,-7.688012695E-1
2.173646879E1,9.231004028E0,-7.925419006E0,-2.186952209E-1
2.174649179E1,8.633446655E0,-7.839797058E0,-9.024732971E-1
2.175651379E1,7.248376923E0,-7.588320007E0,-1.252744904E0
2.176653679E1,5.712720337E0,-7.272027740E0,-3.218307495E-1
2.177655979E1,4.549189911E0,-6.734944611E0,7.400610352E-1
2.178658179E1,3.653901672E0,-6.348598022E0,9.699829102E-1
2.179660479E1,3.560645599E0,-6.355633392E0,4.409829712E-1
2.180662779E1,4.651127930E0,-6.608607330E0,-4.191284180E-3
2.181664979E1,5.886658630E0,-6.880292358E0,-3.080593872E-1
2.182667279E1,6.749464417E0,-7.282655640E0,-5.420228577E-1
2.183669579E1,7.955356750E0,-7.936645660E0,-6.309379578E-1
2.184671779E1,9.331295471E0,-8.428971863E0,-4.128414917E-1
2.185674079E1,1.025023453E1,-8.310418396E0,-2.929408264E-1
2.186676379E1,1.037791901E1,-7.498955841E0,-8.619076538E-1
2.187678579E1,9.327553253E0,-6.568939819E0,-1.403481445E0
2.188680879E1,7.624844055E0,-5.964347076E0,-1.729353790E0
2.189683179E1,6.155349884E0,-5.900280304E0,-1.724414063E0
2.190685379E1,5.614524536E0,-6.144572296E0,-1.442250824E0
2.191687679E1,5.970933380E0,-6.303691406E0,-1.222956848E0
2.192689979E1,6.521638184E0,-6.151757355E0,-1.258283386E0
2.193692279E1,7.084767151E0,-5.918841705E0,-1.485660553E0
2.194694479E1,7.794740753E0,-6.005361786E0,-1.456770630E0
2.195696779E1,8.778944092E0,-6.590644684E0,-1.268611908E0
2.196699079E1,9.373807068E0,-7.365283813E0,-1.092877350E0
2.197701279E1,9.349856873E0,-7.810308380E0,-6.716532898E-1
2.198703579E1,8.819509735E0,-7.968379669E0,-2.496807861E-1
2.199705879E1,7.954009552E0,-7.702981567E0,4.520599365E-2
2.200708079E1,7.093000031E0,-6.909331970E0,-1.157093811E-1
2.201710379E1,6.255641327E0,-6.005212097E0,-7.765850830E-1
2.202712679E1,5.332810364E0,-5.489235077E0,-1.513652344E0
2.203714879E1,4.610412598E0,-5.551505585E0,-2.306852875E0
2.204717179E1,4.601880341E0,-6.024671631E0,-2.884950714E0
2.205719479E1,5.224435730E0,-6.574627991E0,-3.429218903E0
2.206721679E1,6.248007202E0,-7.070397034E0,-3.810176697E0
2.207723979E1,7.403903503E0,-7.379055176E0,-3.268303528E0
2.208726279E1,8.598419495E0,-7.415728912E0,-2.348466339E0
2.209728479E1,9.679471436E0,-7.043453064E0,-1.630708923E0
2.210730779E1,1.021371048E1,-6.496490479E0,-1.255888367E0
2.211733079E1,9.891131287E0,-5.980064392E0,-1.156794434E0
2.212735379E1,8.928034058E0,-5.675148468E0,-1.040037231E0
2.213737579E1,7.742499390E0,-5.817203064E0,-9.065148926E-1
2.214739879E1,6.795718231E0,-6.284531250E0,-9.964778137E-1
2.215742179E1,6.313870239E0,-6.793323212E0,-1.148262177E0
2.216744379E1,6.162834320E0,-7.120692444E0,-1.254840546E0
2.217746679E1,5.976322174E0,-7.244035950E0,-1.364562378E0
2.218748979E1,5.679190063E0,-7.282056885E0,-1.601669312E0
2.219751167E1,5.401667175E0,-7.414531403E0,-1.722917175E0
2.220753467E1,5.135820007E0,-7.690108337E0,-1.467548218E0
2.221755767E1,5.244793396E0,-7.848479004E0,-1.147513733E0
2.222757967E1,5.560037842E0,-7.696095886E0,-8.617579651E-1
2.223760267E1,5.714217224E0,-7.505841522E0,-5.821394348E-1
2.224762567E1,5.837860107E0,-7.482190704E0,-3.367996216E-1
2.225764767E1,6.183641052E0,-7.416776733E0,-1.520837402E-1
2.226767067E1,6.753655701E0,-7.118147736E0,4.745132446E-2
2.227769367E1,7.198979645E0,-6.716532898E0,-1.695973206E-1
2.228771567E1,7.310198364E0,-6.705605621E0,-7.415579224E-1
2.229773867E1,6.960226135E0,-7.171436920E0,-1.162632294E0
2.230776167E1,6.491999817E0,-7.618706818E0,-1.692380676E0
2.231778467E1,6.018833771E0,-7.653883667E0,-1.734443207E0
2.232780667E1,5.474864960E0,-7.381899261E0,-1.254690857E0
2.233782967E1,5.155578918E0,-7.239395599E0,-1.194965057E0
2.234785267E1,5.437891846E0,-7.334148560E0,-1.325044556E0
2.235787467E1,6.361022186E0,-7.401209106E0,-1.341360626E0
2.236789767E1,7.217690735E0,-7.349716187E0,-1.400188293E0
2.237792067E1,7.463928680E0,-7.241640930E0,-1.726659393E0
2.238794267E1,7.087012482E0,-7.338938599E0,-1.907932434E0
2.239796567E1,6.729705505E0,-7.605534210E0,-1.114582214E0
2.240798867E1,7.326364746E0,-7.283254395E0,-5.107379150E-1
2.241801067E1,8.565937042E0,-6.692133636E0,-8.422984314E-1
2.242803367E1,9.547146606E0,-6.447542267E0,-1.006506958E0
2.243805667E1,9.483229523E0,-6.005212097E0,-8.881031799E-1
2.244807867E1,8.062384186E0,-5.677543488E0,-7.006929016E-1
2.245810167E1,6.425538025E0,-6.330934753E0,-5.749543762E-1
2.246812467E1,5.364993439E0,-7.302564240E0,-8.872050476E-1
2.247814667E1,4.812043304E0,-8.054450684E0,-1.205443268E0
2.248816967E1,5.232668610E0,-8.431516571E0,-1.290616150E0
2.249819267E1,6.382727051E0,-8.314310303E0,-1.398392029E0
2.250821567E1,7.263046417E0,-7.835755463E0,-1.339714050E0
2.251823767E1,7.486681366E0,-6.865173798E0,-1.034648438E0
2.252826067E1,7.599396973E0,-6.016438751E0,-6.162684631E-1
2.253828367E1,7.956554260E0,-5.589825897E0,-2.820135498E-1
2.254830567E1,8.393795013E0,-5.513185272E0,-6.351292419E-1
2.255832867E1,8.220156097E0,-6.006708984E0,-1.436113586E0
2.256835167E1,7.648494873E0,-6.965764618E0,-1.936522980E0
2.257837367E1,6.974745941E0,-7.628137207E0,-1.892364807E0
2.258839667E1,6.211183777E0,-7.642806702E0,-1.714384918E0
2.259841967E1,5.955964508E0,-7.198979645E0,-1.387464752E0
2.260844167E1,6.066135406E0,-6.508016510E0,-1.402882690E0
2.261846467E1,6.371350708E0,-6.166576538E0,-1.679806824E0
2.262848767E1,7.373816071E0,-6.528972931E0,-1.703906708E0
2.263850967E1,8.395441589E0,-6.919660492E0,-1.807042236E0
2.264853267E1,8.483009491E0,-6.891369324E0,-2.359543304E0
2.265855567E1,8.211923218E0,-6.666985931E0,-1.847907257E0
2.266857767E1,7.796237640E0,-6.257886658E0,-1.199605408E0
2.267860067E1,7.363487549E0,-6.069578247E0,-1.221010895E0
2.268862367E1,7.454348602E0,-6.230942688E0,-1.007704468E0
2.269864667E1,7.608977051E0,-6.521937561E0,-7.509883118E-1
2.270866867E1,7.748936005E0,-6.805447998E0,-1.096918945E0
2.271869167E1,7.813601532E0,-6.790030060E0,-1.714085541E0
2.272871467E1,7.484136658E0,-6.849157104E0,-1.955084381E0
2.273873667E1,6.791976013E0,-7.124284973E0,-1.372495880E0
2.274875967E1,6.101611633E0,-7.158264313E0,-5.770500183E-1
2.275878267E1,6.199508057E0,-6.995402985E0,-3.742218018E-3
2.276880467E1,6.994953918E0,-6.795418854E0,-4.363426208E-1
2.277882767E1,7.705825653E0,-6.547684021E0,-1.759441223E0
2.278885067E1,8.049660645E0,-6.193670197E0,-2.633922729E0
2.279887267E1,8.083490295E0,-6.005212097E0,-2.505938873E0
2.280889567E1,7.815697174E0,-5.917045441E0,-2.023192749E0
2.281891867E1,7.656877441E0,-5.765111389E0,-1.895508270E0
2.282894067E1,8.072113953E0,-5.736221466E0,-1.594633942E0
2.283896367E1,8.958720245E0,-5.857619019E0,-1.144819336E0
2.284898667E1,9.847721558E0,-5.918242950E0,-1.029858398E0
2.285900867E1,1.060200302E1,-6.166576538E0,-8.014334106E-1
2.286903167E1,1.128443390E1,-6.686744843E0,-6.143225098E-1
2.287905467E1,1.144954056E1,-6.878196716E0,-1.018182678E0
2.288907767E1,1.103969284E1,-6.706803131E0,-1.429826660E0
2.289909967E1,1.059496765E1,-6.262676697E0,-1.307680664E0
2.290912267E1,1.025517426E1,-5.820346527E0,-9.874964905E-1
2.291914567E1,1.024709106E1,-5.404511261E0,-8.967851257E-1
2.292916767E1,1.060275146E1,-4.998405762E0,-4.264631653E-1
2.293919067E1,1.090931396E1,-4.786147156E0,-3.495231628E-1
2.294921367E1,1.118204681E1,-4.624483337E0,-1.112636261E0
2.295923567E1,1.153306686E1,-4.464017029E0,-1.436562653E0
2.296925867E1,1.184876038E1,-4.644691315E0,-1.045575714E0
2.297928167E1,1.169817352E1,-5.365442505E0,-9.303153992E-1
2.298930367E1,1.097637451E1,-6.156547394E0,-1.037492523E0
2.299932667E1,1.040770706E1,-6.906038818E0,-6.126759338E-1
2.300934967E1,1.064107178E1,-7.516918488E0,-8.202941895E-2
2.301937167E1,1.129850464E1,-7.758815460E0,-7.125183105E-2
2.302939467E1,1.219873260E1,-7.812254333E0,1.742376709E-1
2.303941767E1,1.342662918E1,-7.290289764E0,1.169068909E-1
2.304944067E1,1.424527679E1,-6.265820160E0,-4.089495850E-1
2.305946267E1,1.461051727E1,-5.298232269E0,-8.399034119E-1
2.306948567E1,1.471125778E1,-4.129762115E0,-1.092577972E0
2.307950867E1,1.442265793E1,-3.422333221E0,-1.920057220E0
2.308953067E1,1.492980331E1,-3.045417023E0,-2.437980194E0
2.309955367E1,1.536000870E1,-2.998115387E0,-2.081122284E0
2.310957667E1,1.478325806E1,-3.498674469E0,-1.800306244E0
2.311959867E1,1.441981384E1,-3.727099457E0,-2.037263489E0
2.312962167E1,1.435829178E1,-3.699107666E0,-2.912194061E0
2.313964467E1,1.450678299E1,-3.596421204E0,-3.750899963E0
2.314966667E1,1.402074371E1,-3.340154114E0,-4.602479095E0
2.315968967E1,1.299627411E1,-2.832260284E0,-5.847290497E0
2.316971267E1,1.226459564E1,-1.870061188E0,-5.950126648E0
2.317973467E1,1.075109299E1,-1.070573730E0,-3.568728790E0
2.318975767E1,7.503745880E0,-9.026229858E-1,-1.596579895E0
2.319978092E1,3.303630066E0,-7.755372620E-1,-2.658172302E0
2.320980292E1,1.356179810E-1,-5.418731689E-1,-5.974076843E0
2.321982592E1,-1.805096283E0,-1.127156067E-1,-8.685688019E0
2.322984892E1,-2.592458954E0,9.415420532E-2,-8.522976379E0
2.323987192E1,-1.921105042E0,-3.995191956E-1,-7.316485291E0
2.324989392E1,4.278103638E-1,-1.328637085E0,-7.413184204E0
2.325991692E1,3.915108490E0,-2.226619720E0,-8.069718933E0
2.326993992E1,7.245832214E0,-3.055296478E0,-8.571176147E0
2.327996192E1,9.608069916E0,-4.208947449E0,-8.210126953E0
2.328998492E1,1.116992203E1,-5.523962860E0,-6.858886871E0
2.330000792E1,1.303564224E1,-5.848488007E0,-5.274581451E0
2.331002992E1,1.516062332E1,-4.865033112E0,-3.372636566E0
2.332005292E1,1.574635529E1,-3.032992859E0,-2.199226685E0
2.333007592E1,1.469733673E1,-6.900650024E-1,-2.080523529E0
2.334009792E1,1.394230682E1,1.437909851E0,-2.648741913E0
2.335012092E1,1.267010239E1,2.046394501E0,-3.002755737E0
2.336014392E1,1.027538223E1,1.108145599E0,-3.318000183E0
2.337016592E1,7.542215881E0,-2.290237427E-2,-4.151167603E0
2.338018892E1,5.362748108E0,-6.554869080E-1,-4.824766846E0
2.339021192E1,3.688629456E0,-1.048868866E0,-5.409600677E0
2.340023392E1,1.901346130E0,-1.403331757E0,-5.747747498E0
2.341025692E1,2.044747925E-1,-1.951192474E0,-5.912255402E0
2.342027992E1,-8.915460205E-1,-2.912643127E0,-6.382427673E0
2.343030292E1,-9.096583557E-1,-4.148024139E0,-7.957751770E0
2.344032492E1,-3.969744873E-1,-5.311404877E0,-1.062804886E1
2.345034792E1,-3.613485718E-1,-5.269342346E0,-1.162003601E1
2.346037092E1,-5.486091614E-1,-3.883224792E0,-8.561596069E0
2.347039292E1,-6.122268677E-2,-2.152224426E0,-6.051166534E0
2.348041592E1,1.631457367E0,-2.740800476E-1,-6.162684631E0
2.349043892E1,4.797224121E0,2.667453003E0,-8.417745209E0
2.350046092E1,7.985294495E0,4.793032837E0,-1.063792831E1
2.351048392E1,7.688162384E0,3.058439941E0,-6.956783295E0
2.352050692E1,3.630400543E0,-1.321751404E-1,-6.239025879E-1
2.353052892E1,3.365002441E-1,-2.231260071E0,-2.496807861E-1
2.354055192E1,-1.764830017E-1,-2.731519775E0,-3.097658386E0
2.355057492E1,1.564546509E0,-3.016676788E0,-5.133874054E0
2.356059692E1,3.771407318E0,-4.619393921E0,-7.590415649E0
2.357061992E1,5.058730316E0,-6.644233246E0,-1.076187057E1
2.358064292E1,6.072272644E0,-8.751101990E0,-1.248583557E1
2.359066592E1,7.848029938E0,-1.021356079E1,-1.149699188E1
2.360068792E1,9.855056305E0,-1.083521805E1,-7.988288269E0
2.361071092E1,1.032477951E1,-1.127320724E1,-3.604803772E0
2.362073392E1,8.959319000E0,-1.141660904E1,-7.339237976E-1
2.363075592E1,6.759643250E0,-1.116677856E1,4.212240601E-1
2.364077892E1,4.446802826E0,-1.026640091E1,-1.050814819E-1
2.365080192E1,2.756966858E0,-8.704997864E0,-1.569037170E0
2.366082392E1,1.723815308E0,-6.857240295E0,-3.406166840E0
2.367084692E1,1.343905334E0,-5.144651642E0,-4.607119446E0
2.368086992E1,1.723366241E0,-5.173840942E0,-4.135599976E0
2.369089192E1,2.896027679E0,-7.183112640E0,-2.314337311E0
2.370091492E1,3.937861176E0,-9.681417389E0,-8.366102600E-1
2.371093792E1,4.229903870E0,-1.120060822E1,-2.483335876E-1
2.372095992E1,5.033283234E0,-1.117785553E1,4.610412598E-2
2.373098292E1,7.146887970E0,-9.733359375E0,9.671388245E-1
2.374100592E1,9.780511322E0,-7.730673981E0,6.532415771E-1
2.375102792E1,1.082982925E1,-6.305188293E0,-6.042933655E-1
2.376105092E1,9.919721832E0,-5.862858124E0,-9.949809265E-1
2.377107392E1,8.538544006E0,-6.290967865E0,-6.132746887E-1
2.378109592E1,7.386838989E0,-7.134613495E0,-5.508544922E-1
2.379111892E1,6.597380676E0,-7.535180511E0,-8.384065247E-1
2.380114192E1,6.539451141E0,-7.780071259E0,-8.458909607E-1
2.381116492E1,7.188651123E0,-8.249944153E0,-1.005908203E0
2.382118692E1,7.922874298E0,-8.447982330E0,-1.516496429E0
2.383120992E1,8.135432281E0,-8.391549683E0,-1.992207184E0
2.384123292E1,7.620353394E0,-8.205785980E0,-2.158810730E0
2.385125492E1,6.572532349E0,-8.232430573E0,-2.184557190E0
2.386127792E1,5.826633453E0,-8.652606812E0,-2.056273956E0
2.387130092E1,5.647605743E0,-9.187145233E0,-1.905238037E0
2.388132292E1,5.796546021E0,-9.621242523E0,-1.929936676E0
2.389134592E1,6.562353516E0,-9.894424438E0,-2.046843567E0
2.390136892E1,7.696694641E0,-1.012000534E1,-2.373913422E0
2.391139092E1,8.499774628E0,-1.033091675E1,-2.670297089E0
2.392141392E1,8.792715454E0,-1.055754547E1,-2.645448761E0
2.393143692E1,8.378676453E0,-1.095302307E1,-2.720293121E0
2.394145892E1,7.472311249E0,-1.124072479E1,-2.949466553E0
2.395148192E1,6.616540833E0,-1.133188522E1,-3.151696014E0
2.396150492E1,6.254443817E0,-1.139774826E1,-3.066373444E0
2.397152692E1,6.304589539E0,-1.139086258E1,-2.116149445E0
2.398154992E1,6.314319305E0,-1.165566193E1,-1.013242950E0
2.399157292E1,6.540049896E0,-1.163126266E1,-8.231382751E-1
2.400159592E1,7.383096771E0,-1.134101624E1,-2.297123108E0
2.401161792E1,8.838071136E0,-1.011850845E1,-7.109914856E0
2.402164092E1,1.062909668E1,-7.101681976E0,-1.078043198E1
2.403166392E1,9.936337280E0,-4.362827454E0,-1.158396103E1
2.404168592E1,8.016280060E0,-2.458487549E0,-8.421337738E0
2.405170892E1,5.912854156E0,-8.168513489E-1,-8.050409088E0
2.406173192E1,2.068249054E0,6.881190491E-1,-1.000579285E1
2.407175392E1,-5.230123901E-1,3.041824493E0,-8.701255646E0
2.408177692E1,-1.109193420E-1,4.635260925E0,-8.261320496E0
2.409179992E1,7.307803345E-1,4.718188477E0,-6.884333954E0
2.410182192E1,1.148262177E0,4.680616608E0,-8.499325562E-1
2.411184492E1,3.382965088E0,4.366419983E0,5.754333801E0
2.412186792E1,6.596632233E0,2.968327332E0,7.150031433E0
2.413188992E1,4.932243347E0,2.869532776E-1,-9.871971130E-1
2.414191292E1,1.253044281E0,1.991907806E0,-5.100493469E0
2.415193592E1,1.959125977E0,7.315437469E0,3.336561584E-1
2.416195792E1,4.491859131E0,8.512498169E0,-2.993475037E0
2.417198092E1,7.607031097E0,4.596641235E0,-9.010063477E0
2.418200392E1,1.046952850E1,-2.003284149E0,-1.557002197E1
2.419202692E1,1.264974472E1,-5.651647339E0,-2.235331604E1
2.420205142E1,1.460363159E1,-4.653373260E0,-1.294238617E1
2.421207442E1,1.401700150E1,-5.248535614E0,7.282356262E-1
2.422209742E1,1.047072601E1,-7.280709686E0,2.445165253E0
2.423211942E1,8.404722290E0,-5.620063019E0,-1.697919159E0
2.424214242E1,9.568701782E0,-2.279908905E0,-4.682412872E0
2.425216542E1,9.384734344E0,-1.617686005E0,-4.756957855E0
2.426218742E1,7.796537018E0,-2.845582581E0,-3.763773193E0
2.427221042E1,6.333180084E0,-6.108647003E0,-3.029250641E0
2.428223342E1,6.832691345E0,-9.613758087E0,-1.192719727E0
2.429225542E1,8.260871429E0,-1.179951279E1,2.398013306E-1
2.430227842E1,8.108488312E0,-1.283505936E1,-2.284249878E-1
2.431230142E1,7.230863342E0,-1.199365906E1,-1.714983673E0
2.432232342E1,6.894812164E0,-9.503886566E0,-3.429518280E0
2.433234642E1,7.104376373E0,-7.473508759E0,-4.244124298E0
2.434236942E1,6.900051270E0,-7.396269379E0,-4.138593750E0
2.435239242E1,5.105882263E0,-9.209149475E0,-2.830763397E0
2.436241442E1,1.969005432E0,-1.171044800E1,-1.157093811E0
2.437243742E1,-9.057664490E-1,-1.329026276E1,3.936813354E-2
2.438246042E1,-2.037712555E0,-1.297217422E1,3.314108276E-1
2.439248242E1,-4.808001709E-1,-1.087877747E1,1.148411865E0
2.440250542E1,4.255201263E0,-8.968599701E0,1.338217163E0
2.441252842E1,9.447304230E0,-8.243058472E0,1.377136230E-2
2.442255042E1,1.118099899E1,-8.141120453E0,-4.025129700E-1
2.443257342E1,1.002151016E1,-7.866142273E0,-5.357359314E-1
2.444259642E1,8.402327271E0,-7.718249817E0,-1.506766663E0
2.445261842E1,7.212152252E0,-7.397017822E0,-2.898123322E0
2.446264142E1,5.999823303E0,-7.209158478E0,-3.000211029E0
2.447266442E1,4.653223572E0,-7.814649353E0,-1.677561493E0
2.448268642E1,3.080893250E0,-8.738528137E0,1.942959595E-1
2.449270942E1,2.170037384E0,-9.326206055E0,1.941462708E0
2.450273242E1,2.836750946E0,-9.600435791E0,2.589315491E0
2.451275442E1,4.412075043E0,-9.605674896E0,2.167043610E0
2.452277742E1,5.934259644E0,-9.103918304E0,1.382824402E0
2.453280042E1,7.139553223E0,-8.265362091E0,3.360511780E-1
2.454282242E1,7.328011322E0,-7.580536194E0,4.505630493E-2
2.455284542E1,6.537804565E0,-7.322173462E0,4.096980286E-1
2.456286842E1,5.548960876E0,-7.929310913E0,3.481759644E-1
2.457289142E1,5.578748932E0,-9.009614410E0,-1.278341675E0
2.458291342E1,5.330864410E0,-9.618398438E0,-2.842738495E0
2.459293642E1,3.625909882E0,-9.503287811E0,-9.692344666E-1
2.460295942E1,2.624791718E0,-8.874146118E0,1.717378693E0
2.461298142E1,2.524799652E0,-8.165968781E0,1.963916016E0
2.462300442E1,2.729124756E0,-7.820487213E0,1.309177551E0
2.463302742E1,3.420087891E0,-7.872878265E0,1.774709473E0
2.464304942E1,4.580923920E0,-8.174650726E0,2.264041901E0
2.465307242E1,6.284082184E0,-8.561745758E0,1.605112152E0
2.466309542E1,7.593559113E0,-8.910819855E0,9.568103027E-1
2.467311742E1,7.432643738E0,-8.828491058E0,9.804611206E-1
2.468314042E1,6.020031281E0,-8.442743225E0,1.073717194E0
2.469316342E1,4.662504272E0,-8.261769562E0,9.231303406E-1
2.470318542E1,4.059408417E0,-8.539591827E0,1.167572021E0
2.471320842E1,4.587210846E0,-9.238638153E0,1.235081635E0
2.472323142E1,5.352868652E0,-9.601034546E0,4.200265503E-1
2.473325342E1,4.492906952E0,-9.358089752E0,6.575825500E-1
2.474327642E1,2.925366669E0,-8.646319885E0,1.618584137E0
2.475329942E1,2.299817505E0,-8.256081390E0,1.827848969E0
2.476332242E1,2.884351959E0,-8.352780304E0,1.816023560E0
2.477334442E1,3.945794678E0,-8.554560699E0,1.888622589E0
2.478336742E1,5.000202026E0,-8.805588684E0,1.887275391E0
2.479339042E1,6.382128296E0,-9.279802551E0,1.490001526E0
2.480341242E1,7.484585724E0,-9.187893677E0,4.993615723E-1
2.481343542E1,6.993007965E0,-8.333769836E0,6.391708374E-1
2.482345842E1,5.671256561E0,-7.622299347E0,9.119036865E-1
2.483348042E1,4.736749878E0,-8.015381927E0,1.083297272E0
2.484350342E1,4.702321472E0,-8.812025299E0,1.444196777E0
2.485352642E1,5.402116241E0,-9.226812744E0,1.207838287E0
2.486354842E1,6.262377319E0,-8.956474915E0,3.113525391E-2
2.487357142E1,5.979315948E0,-8.510552216E0,-5.489085388E-1
2.488359442E1,5.113815765E0,-8.508007507E0,-5.866300964E-1
2.489361642E1,4.441713409E0,-8.794661407E0,-1.773811340E-1
2.490363942E1,4.207300873E0,-8.723409576E0,1.133143616E-1
2.491366242E1,3.929179230E0,-8.413703613E0,6.062393188E-1
2.492368442E1,4.012855225E0,-8.322692871E0,1.301842804E0
2.493370742E1,4.677772522E0,-8.377478943E0,1.530118103E0
2.494373042E1,4.902006226E0,-8.621471558E0,1.638941803E0
2.495375342E1,4.635111237E0,-8.930429077E0,2.177671509E0
2.496377542E1,5.191953278E0,-8.883127441E0,1.577120361E0
2.497379842E1,5.203030243E0,-8.420140228E0,3.841012573E-1
2.498382142E1,3.995042267E0,-8.045169983E0,8.698411560E-1
2.499384342E1,3.099005585E0,-8.164322205E0,1.432221680E0
2.500386642E1,2.981499939E0,-9.041348419E0,1.604064331E0
2.501388942E1,3.670666809E0,-9.564211121E0,1.411864014E0
2.502391142E1,4.265978851E0,-9.236093445E0,1.031654663E0
2.503393442E1,4.810097351E0,-8.947194214E0,7.304809570E-1
2.504395742E1,4.904850311E0,-8.814120941E0,4.083508301E-1
2.505397942E1,3.605402527E0,-8.495283966E0,1.388662262E0
2.506400242E1,2.505938873E0,-8.318351898E0,2.318528595E0
2.507402542E1,1.446591797E0,-8.635542297E0,2.871927795E0
2.508404742E1,1.379830627E0,-9.125623169E0,4.175716553E0
2.509407042E1,3.402723999E0,-9.461674347E0,4.312532043E0
2.510409342E1,5.773643646E0,-9.149423676E0,2.569855957E0
2.511411542E1,5.856571198E0,-8.108039246E0,1.706152039E0
2.512413842E1,5.100194092E0,-7.266938324E0,2.227667542E0
2.513416142E1,4.958139496E0,-7.736960907E0,2.509232025E0
2.514418442E1,5.052593079E0,-8.894503784E0,2.397414551E0
2.515420642E1,4.736151123E0,-9.305399323E0,2.775378571E0
2.516422942E1,4.331392822E0,-9.168883209E0,3.096161499E0
2.517425242E1,4.865482178E0,-9.279353485E0,1.248403931E0
2.518427442E1,4.298161926E0,-9.044342194E0,-2.679428101E-2
2.519429742E1,3.536845093E0,-8.472531281E0,9.318122864E-1
2.520431775E1,3.724105682E0,-7.868237915E0,2.153871002E0
2.521433975E1,3.992647247E0,-7.478747864E0,2.319576416E0
2.522436275E1,3.740272064E0,-7.465874634E0,2.685565338E0
2.523438575E1,4.190236359E0,-8.093369751E0,2.088606720E0
2.524440775E1,4.866529999E0,-8.513396301E0,1.736987915E0
2.525443075E1,5.492228851E0,-9.000932465E0,2.393073578E0
2.526445375E1,6.670428772E0,-9.361831970E0,1.226699066E0
2.527447575E1,6.909930725E0,-9.368567963E0,-3.781137085E-1
2.528449875E1,5.975573730E0,-8.937165070E0,-5.640270996E-1
2.529452175E1,4.464316406E0,-8.231981506E0,1.493743744E0
2.530454375E1,4.224215698E0,-7.941435699E0,3.038980408E0
2.531456675E1,5.350922699E0,-8.071964264E0,2.179767151E0
2.532458975E1,5.520070953E0,-7.929610291E0,1.786235504E0
2.533461275E1,4.427642670E0,-8.051756287E0,3.637136536E0
2.534463475E1,4.177363129E0,-8.379275208E0,4.978796539E0
2.535465775E1,4.341421967E0,-8.334967346E0,3.599564667E0
2.536468075E1,3.496728516E0,-8.067772980E0,2.593057709E0
2.537470275E1,3.731739807E0,-9.023385773E0,2.041454773E0
2.538472575E1,5.168751526E0,-9.738598480E0,7.310797119E-1
2.539474875E1,5.024301910E0,-9.156009979E0,1.814227295E0
2.540477075E1,5.329517212E0,-8.425229645E0,3.230731659E0
2.541479375E1,6.859635315E0,-8.145311737E0,2.657573547E0
2.542481675E1,6.823710022E0,-7.629185028E0,2.394121399E0
2.543483875E1,4.925657043E0,-6.976093140E0,3.775448914E0
2.544486175E1,3.637435913E0,-7.421716461E0,4.154610443E0
2.545488475E1,4.017794952E0,-8.799750824E0,2.063309326E0
2.546490675E1,3.527863770E0,-9.673483887E0,1.911674652E0
2.547492975E1,2.970572662E0,-9.662556610E0,2.760709076E0
2.548495275E1,4.263284454E0,-9.342821503E0,5.730084229E-1
2.549497475E1,4.060156860E0,-8.690178680E0,4.218228149E-1
2.550499775E1,3.073558502E0,-8.345146179E0,3.080144806E0
2.551502075E1,4.352349243E0,-7.822433167E0,3.751798096E0
2.552504275E1,6.138734436E0,-6.895560608E0,2.616858215E0
2.553506575E1,6.587950287E0,-6.464906158E0,2.787203979E0
2.554508875E1,7.666008453E0,-7.357949066E0,4.285288696E0
2.555511175E1,9.585466919E0,-8.541837158E0,3.452270966E0
2.556513375E1,1.030546967E1,-8.674760742E0,8.309220886E-1
2.557515675E1,8.279133453E0,-8.254434814E0,1.139131165E-1
2.558517975E1,5.822741547E0,-8.733438721E0,1.318458252E0
2.559520175E1,4.511468353E0,-8.906179504E0,1.334774323E0
2.560522475E1,2.868634644E0,-8.042176208E0,2.328857117E0
2.561524775E1,1.601819000E0,-7.569010162E0,4.032763824E0
2.562526975E1,2.947221222E0,-7.951315155E0,4.113296356E0
2.563529275E1,5.016817474E0,-8.439001007E0,3.434757385E0
2.564531575E1,6.006259918E0,-8.500822449E0,3.695215759E0
2.565533775E1,6.749015350E0,-8.402776337E0,3.031645660E0
2.566536075E1,6.550228729E0,-8.224796448E0,1.449435883E0
2.567538375E1,5.318290558E0,-8.429121552E0,1.536255341E0
2.568540575E1,4.484225006E0,-8.938512268E0,2.378404083E0
2.569542875E1,3.790567474E0,-8.702303467E0,2.065255280E0
2.570545175E1,2.084116058E0,-7.926167450E0,2.921175385E0
2.571547475E1,1.305585022E0,-7.694898376E0,4.619842987E0
2.572549675E1,2.524949341E0,-8.119565277E0,4.595593414E0
2.573551975E1,4.674778748E0,-8.605754242E0,3.183879089E0
2.574554275E1,5.550158386E0,-8.772806854E0,2.835703125E0
2.575556475E1,5.090614014E0,-8.151898041E0,3.189267883E0
2.576558775E1,4.297114105E0,-7.634873199E0,3.430266724E0
2.577561075E1,3.716172180E0,-7.802374878E0,3.227887573E0
2.578563275E1,3.202290802E0,-7.953560486E0,3.058889008E0
2.579565575E1,3.505560150E0,-8.160579987E0,2.784359894E0
2.580567875E1,4.909191284E0,-8.512647858E0,1.811682587E0
2.581570075E1,5.361400909E0,-8.278085632E0,1.931732941E0
2.582572375E1,4.858147430E0,-7.792645111E0,2.910098419E0
2.583574675E1,4.681814117E0,-7.558232574E0,3.031945038E0
2.584576875E1,4.612807617E0,-7.726033630E0,3.366199951E0
2.585579175E1,4.433630219E0,-8.174051971E0,3.457659760E0
2.586581475E1,4.407883759E0,-8.537795563E0,3.392694855E0
2.587583675E1,4.711003418E0,-8.483308868E0,2.015558624E0
2.588585975E1,4.659959564E0,-8.000263367E0,2.069296875E0
2.589588275E1,5.278024292E0,-7.548652496E0,2.851869507E0
2.590590475E1,5.829178162E0,-6.966812439E0,3.869603119E0
2.591592775E1,6.379433899E0,-6.643335114E0,4.635111237E0
2.592595075E1,7.150330811E0,-7.218738556E0,2.661315765E0
2.593597375E1,6.461014252E0,-8.036188660E0,2.173480225E0
2.594599575E1,5.669160919E0,-8.404871979E0,3.703598328E0
2.595601875E1,5.644761658E0,-8.205037537E0,3.305725708E0
2.596604175E1,4.995711365E0,-7.751929779E0,2.159409485E0
2.597606375E1,3.749103699E0,-7.972121887E0,2.274819489E0
2.598608675E1,3.375630341E0,-8.684490509E0,2.579885101E0
2.599610975E1,3.985911255E0,-8.691376190E0,3.133284302E0
2.600613175E1,4.962031403E0,-7.610174561E0,3.858825531E0
2.601615475E1,6.235882416E0,-6.929989014E0,3.603157196E0
2.602617775E1,6.473139038E0,-6.769373016E0,2.810106354E0
2.603619975E1,5.266797638E0,-7.035669250E0,3.703298950E0
2.604622275E1,4.999902649E0,-7.803123322E0,3.622467041E0
2.605624575E1,4.379742279E0,-7.854316864E0,3.591631165E0
2.606626775E1,4.274810486E0,-7.958500214E0,3.972888336E0
2.607629075E1,5.447322235E0,-8.087382202E0,2.837499390E0
2.608631375E1,5.891298981E0,-7.673492889E0,2.675835571E0
2.609633575E1,6.119274902E0,-7.635621643E0,2.952909393E0
2.610635875E1,6.229745178E0,-8.153993683E0,2.686912537E0
2.611638175E1,5.977819061E0,-8.293952637E0,2.589465179E0
2.612640475E1,5.265151062E0,-7.544311523E0,2.100581818E0
2.613642675E1,3.847598877E0,-7.027136993E0,2.515069885E0
2.614644975E1,3.927981720E0,-7.952213287E0,2.987487488E0
2.615647275E1,5.218148804E0,-8.519084473E0,2.902015228E0
2.616649475E1,5.844147034E0,-8.025860138E0,3.491639099E0
2.617651775E1,6.133046265E0,-7.308102722E0,3.813469849E0
2.618654075E1,6.759643250E0,-7.018305359E0,4.173471222E0
2.619656263E1,8.001460876E0,-7.301666107E0,3.544628906E0
2.620658562E1,8.197253723E0,-7.374265137E0,2.979254608E0
2.621660863E1,7.187603302E0,-7.559879150E0,1.911524963E0
2.622663062E1,5.558540955E0,-7.918533325E0,9.693841553E-1
2.623665363E1,3.687282257E0,-8.014334106E0,2.051932983E0
2.624667662E1,3.011287994E0,-7.571704559E0,3.180436249E0
2.625669862E1,3.001558228E0,-6.934030609E0,3.457659760E0
2.626672162E1,3.399430847E0,-6.997648315E0,3.484304352E0
2.627674462E1,5.262157288E0,-8.048762512E0,2.527044983E0
2.628676663E1,6.827152863E0,-8.479416962E0,2.313738556E0
2.629678962E1,7.198231201E0,-7.879614258E0,2.466121674E0
2.630681263E1,6.582262115E0,-7.384893036E0,2.530637512E0
2.631683462E1,5.566025391E0,-7.537575531E0,3.227438507E0
2.632685762E1,4.488715668E0,-7.218888245E0,3.910917206E0
2.633688062E1,3.764222260E0,-7.160809021E0,4.370012512E0
2.634690362E1,3.989204407E0,-7.948920135E0,4.377496948E0
2.635692563E1,3.999383240E0,-8.358468475E0,4.781656494E0
2.636694862E1,3.883823547E0,-7.934699707E0,4.729864197E0
2.637697163E1,4.216431885E0,-7.419620819E0,4.306694183E0
2.638699362E1,4.964576111E0,-7.048542480E0,4.130510559E0
2.639701663E1,6.053561554E0,-6.816075897E0,4.613705750E0
2.640703962E1,7.669151917E0,-6.924450531E0,4.511168976E0
2.641706162E1,8.923094330E0,-7.402556305E0,3.737427979E0
2.642708463E1,9.163195038E0,-7.976313171E0,3.329526215E0
2.643710762E1,8.767118683E0,-8.157436523E0,3.210074615E0
2.644712963E1,7.466323700E0,-7.817942505E0,3.360661469E0
2.645715262E1,5.510790253E0,-7.373516693E0,3.601360931E0
2.646717563E1,3.754492493E0,-7.167545013E0,3.903133392E0
2.647719762E1,2.438429260E0,-7.206015015E0,3.816613312E0
2.648722062E1,1.304836578E0,-7.213349762E0,3.475173340E0
2.649724362E1,1.788780212E-1,-7.323221283E0,3.462300110E0
2.650726662E1,-1.597178650E-1,-7.840096436E0,3.529360657E0
2.651728863E1,1.002914429E0,-8.353229370E0,3.514391785E0
2.652731162E1,2.856210480E0,-8.409212952E0,3.643573151E0
2.653733463E1,4.915627899E0,-8.094866638E0,3.784879303E0
2.654735662E1,6.782096558E0,-7.565417633E0,3.336112518E0
2.655737963E1,7.898774414E0,-6.958878937E0,2.743345184E0
2.656740262E1,8.653954010E0,-6.680757294E0,2.599943390E0
2.657742462E1,9.195976868E0,-6.804250488E0,2.724933472E0
2.658744763E1,9.084608459E0,-6.900799713E0,2.945724335E0
2.659747062E1,8.284821625E0,-6.759792938E0,3.462599487E0
2.660749263E1,7.369624786E0,-6.533912659E0,4.017046509E0
2.661751562E1,6.793323212E0,-6.391708374E0,3.818559265E0
2.662753863E1,6.078709259E0,-6.287674713E0,2.947670288E0
2.663756062E1,4.692891083E0,-6.262377319E0,2.839744720E0
2.664758362E1,3.390449524E0,-6.499484253E0,3.274740143E0
2.665760662E1,3.045566711E0,-7.008725281E0,2.665507050E0
2.666762862E1,3.614234161E0,-7.756869507E0,1.309476929E0
2.667765163E1,4.052672424E0,-8.471932526E0,1.085542603E0
2.668767462E1,3.909120941E0,-8.763376465E0,1.565594330E0
2.669769763E1,3.334915009E0,-8.565937042E0,1.734143829E0
2.670771962E1,3.043471069E0,-8.315507812E0,2.055375824E0
2.671774262E1,3.519032135E0,-8.407865753E0,2.409689026E0
2.672776562E1,4.699776764E0,-8.373137970E0,2.511776733E0
2.673778762E1,5.973478088E0,-7.771688690E0,3.060685272E0
2.674781063E1,6.824757843E0,-6.954088898E0,3.634142761E0
2.675783362E1,7.117399292E0,-6.444099426E0,3.651955719E0
2.676785563E1,7.003336487E0,-6.559659119E0,3.504512329E0
2.677787862E1,7.029532013E0,-7.241790619E0,3.185974731E0
2.678790163E1,7.242089996E0,-7.781268768E0,2.824925537E0
2.679792362E1,7.420818329E0,-7.667804718E0,2.703378296E0
2.680794662E1,7.129374390E0,-7.157964935E0,2.331850891E0
2.681796963E1,6.590794373E0,-6.774911499E0,1.542242889E0
2.682799162E1,6.203699341E0,-6.836134186E0,8.286767578E-1
2.683801463E1,5.821244659E0,-7.183412018E0,3.668870544E-1
2.684803762E1,5.529501343E0,-7.608677673E0,-2.974314880E-1
2.685805963E1,5.612129517E0,-8.049361267E0,-8.931925964E-1
2.686808262E1,5.438191223E0,-8.268655243E0,-2.722837830E-1
2.687810562E1,4.901557159E0,-7.941435699E0,7.565267944E-1
2.688812862E1,4.780458984E0,-7.553592224E0,1.427731018E0
2.689815062E1,5.440286865E0,-7.689958649E0,2.263592834E0
2.690817363E1,6.396648102E0,-8.258177032E0,2.896626434E0
2.691819662E1,6.879543915E0,-8.353079681E0,3.476370850E0
2.692821863E1,7.082222443E0,-7.890990601E0,3.777694244E0
2.693824162E1,7.424710236E0,-7.531288605E0,3.254232788E0
2.694826463E1,7.392676849E0,-7.522756348E0,2.287093964E0
2.695828662E1,7.362439728E0,-7.605085144E0,-1.392105103E-2
2.696830962E1,6.821165314E0,-7.573500824E0,-1.956880646E0
2.697833263E1,5.962251434E0,-7.962541809E0,-1.765578461E0
2.698835462E1,6.331832886E0,-8.323591003E0,-6.373745728E-1
2.699837763E1,7.796387329E0,-7.853119354E0,4.483177185E-1
2.700840062E1,9.010662231E0,-7.101382599E0,1.769170990E0
2.701842263E1,9.120833130E0,-6.926695862E0,3.329077148E0
2.702844562E1,8.552465057E0,-7.232360229E0,4.899760895E0
2.703846862E1,7.899373169E0,-7.385192413E0,5.473517761E0
2.704849062E1,7.229216766E0,-7.153324585E0,4.520299988E0
2.705851362E1,6.210884399E0,-7.332352295E0,2.739303589E0
2.706853663E1,4.547094269E0,-8.031248932E0,1.110690308E0
2.707855962E1,2.505938873E0,-8.819509735E0,4.083508301E-1
2.708858163E1,1.270857239E0,-9.375603333E0,6.276448059E-1
2.709860462E1,1.596280518E0,-9.291029205E0,1.011147308E0
2.710862762E1,2.826572113E0,-8.620723114E0,1.480870514E0
2.711864962E1,4.217330017E0,-7.947572937E0,1.978136444E0
2.712867262E1,5.414540405E0,-7.610923004E0,2.833308105E0
2.713869563E1,6.162534943E0,-7.547754364E0,3.300636292E0
2.714871762E1,6.439758453E0,-7.572453003E0,3.394191742E0
2.715874063E1,6.496939545E0,-8.078101501E0,3.147355042E0
2.716876362E1,6.261778564E0,-8.678652649E0,2.329156494E0
2.717878563E1,5.788911896E0,-8.684789886E0,1.099912720E0
2.718880862E1,5.181624756E0,-8.671467590E0,-1.444496155E-1
2.719883142E1,4.814887390E0,-9.478888550E0,3.261717224E-1
2.720885342E1,4.818928986E0,-9.405690765E0,1.617386627E0
2.721887642E1,5.598657532E0,-7.463928680E0,1.643282776E0
2.722889942E1,6.673272858E0,-4.995411987E0,7.863148499E-1
2.723892142E1,6.889123993E0,-4.595144348E0,8.286767578E-1
2.724894442E1,6.315217438E0,-6.569538574E0,1.364412689E0
2.725896742E1,6.546486511E0,-8.574020233E0,1.584604797E0
2.726899042E1,7.336244202E0,-9.471404114E0,2.160606995E0
2.727901242E1,7.602540436E0,-9.941277008E0,2.393822021E0
2.728903542E1,7.337292023E0,-9.630373535E0,1.411265259E0
2.729905842E1,6.095324707E0,-8.705596619E0,1.141376495E0
2.730908042E1,4.489015045E0,-7.890092468E0,1.951491852E0
2.731910342E1,4.113595734E0,-7.047494659E0,2.987337799E0
2.732912642E1,5.186265106E0,-6.354136505E0,2.814896393E0
2.733914842E1,6.218967590E0,-6.779402161E0,2.298470306E0
2.734917142E1,6.453829193E0,-7.600594482E0,2.227368164E0
2.735919442E1,5.880970459E0,-8.052804108E0,2.471809845E0
2.736921642E1,5.491181030E0,-8.502169647E0,3.220702515E0
2.737923942E1,5.848637695E0,-8.468339996E0,3.630699921E0
2.738926242E1,6.392606506E0,-7.860603790E0,3.076552277E0
2.739928442E1,7.033573608E0,-7.466922455E0,2.515668640E0
2.740930742E1,7.429350586E0,-7.142996063E0,2.347119141E0
2.741933042E1,7.106172638E0,-6.857839050E0,2.214644623E0
2.742935242E1,6.661297760E0,-7.100484467E0,2.129771118E0
2.743937542E1,6.625222778E0,-7.314239960E0,1.766177216E0
2.744939842E1,6.253845062E0,-7.364984436E0,1.269809418E0
2.745942142E1,5.720653839E0,-7.808212738E0,1.753453674E0
2.746944342E1,5.381159821E0,-8.129295044E0,3.091072083E0
2.747946642E1,4.876259766E0,-7.889493713E0,3.915856934E0
2.748948942E1,4.423152008E0,-7.606881409E0,3.800147552E0
2.749951142E1,4.792883148E0,-7.576344910E0,3.594624939E0
2.750953442E1,5.325625305E0,-7.935148773E0,2.800975342E0
2.751955742E1,5.483097839E0,-8.476123810E0,2.315534821E0
2.752957942E1,5.460045776E0,-8.700207825E0,2.872376862E0
2.753960242E1,5.186265106E0,-8.460556183E0,3.417243805E0
2.754962542E1,5.000950470E0,-7.834408264E0,3.434757385E0
2.755964742E1,5.245392151E0,-7.280410309E0,3.063828735E0
2.756967042E1,5.874683533E0,-7.173981628E0,2.679278412E0
2.757969342E1,6.701414337E0,-7.460485840E0,2.330054626E0
2.758971542E1,7.457492065E0,-7.678881683E0,2.007625122E0
2.759973842E1,7.858059082E0,-7.914940796E0,2.067799988E0
2.760976142E1,7.806416473E0,-8.192763062E0,2.370769958E0
2.761978342E1,7.649842072E0,-8.358169098E0,2.619253235E0
2.762980642E1,7.606881409E0,-8.464897156E0,2.809357910E0
2.763982942E1,7.787256317E0,-8.346792755E0,3.067720642E0
2.764985242E1,7.939040680E0,-8.074658661E0,3.271896057E0
2.765987442E1,8.113278351E0,-7.962392120E0,3.320694580E0
2.766989742E1,8.511150970E0,-7.945776672E0,3.504662018E0
2.767992042E1,8.955127716E0,-8.045469360E0,3.806434479E0
2.768994242E1,9.354796600E0,-8.424481201E0,3.827390900E0
2.769996542E1,9.749974823E0,-8.747659149E0,3.840264130E0
2.770998842E1,1.018871246E1,-8.951834564E0,3.627855835E0
2.772001042E1,1.059377014E1,-9.211095428E0,2.902314606E0
2.773003342E1,1.085003723E1,-9.515113220E0,2.041305084E0
2.774005642E1,1.096933914E1,-9.876461792E0,1.297202454E0
2.775007842E1,1.081261505E1,-1.001387604E1,7.641609192E-1
2.776010142E1,1.026191025E1,-1.004336472E1,8.229885864E-1
2.777012442E1,9.322463837E0,-1.000324814E1,1.074465637E0
2.778014642E1,8.188272400E0,-9.609117737E0,1.487756195E0
2.779016942E1,7.511829071E0,-9.358389130E0,2.394121399E0
2.780019242E1,7.566914520E0,-9.337582397E0,3.022963715E0
2.781021442E1,8.454418945E0,-9.297316132E0,3.457959137E0
2.782023742E1,9.690099335E0,-9.168583832E0,3.702550507E0
2.783026042E1,1.029065048E1,-9.095086670E0,3.246598663E0
2.784028342E1,1.072414902E1,-9.128167877E0,2.502196655E0
2.785030542E1,1.182241516E1,-9.288334808E0,2.019749908E0
2.786032842E1,1.311991699E1,-9.684560852E0,1.267713776E0
2.787035142E1,1.424647430E1,-1.002854553E1,8.419990540E-1
2.788037342E1,1.481065109E1,-1.028271698E1,8.994795227E-1
2.789039642E1,1.477352829E1,-1.026999344E1,1.616338806E0
2.790041942E1,1.426473633E1,-9.902657318E0,2.738405457E0
2.791044142E1,1.336046677E1,-9.464219055E0,2.938239899E0
2.792046442E1,1.289538391E1,-8.487051086E0,2.542013855E0
2.793048742E1,1.201057388E1,-7.264692993E0,1.694925385E0
2.794050942E1,9.562714233E0,-6.261628876E0,1.011147308E0
2.795053242E1,6.243067474E0,-5.682782593E0,-3.758683777E-1
2.796055542E1,4.090992737E0,-4.895270233E0,-1.867815857E0
2.797057742E1,3.238066406E0,-4.446503448E0,-1.028062134E0
2.798060042E1,2.713557129E0,-4.421655121E0,9.789642334E-1
2.799062342E1,1.853296051E0,-4.668791199E0,3.348686371E0
2.800064542E1,6.318360901E-1,-5.347030792E0,4.430636444E0
2.801066842E1,-4.634362793E-1,-5.743855591E0,3.268902283E0
2.802069142E1,-5.634283447E-1,-5.151088257E0,-1.007405090E-1
2.803071442E1,8.015830994E-1,-3.707041168E0,-3.085234222E0
2.804073642E1,3.093167725E0,-2.021396484E0,-5.207520905E0
2.805075942E1,5.470523987E0,-1.010398865E0,-7.211553497E0
2.806078242E1,8.345894623E0,-1.356030121E0,-8.436007233E0
2.807080442E1,1.133502869E1,-3.001707916E0,-8.230185242E0
2.808082742E1,1.302681061E1,-5.163811798E0,-7.918832703E0
2.809085042E1,1.315210007E1,-7.056625671E0,-7.583080902E0
2.810087242E1,1.280751663E1,-8.131839752E0,-6.828500061E0
2.811089542E1,1.270108795E1,-8.337661743E0,-5.669909363E0
2.812091842E1,1.263327896E1,-8.037984924E0,-5.304070129E0
2.813094042E1,1.254451355E1,-7.163802795E0,-5.364095306E0
2.814096342E1,1.242865448E1,-5.656437378E0,-5.082381134E0
2.815098642E1,1.162647263E1,-3.680695953E0,-3.157234497E0
2.816100842E1,9.286538544E0,-1.754950562E0,4.800517273E-1
2.817103142E1,5.616919556E0,-3.794609070E-1,3.452121277E0
2.818105442E1,1.469344482E0,1.424437866E0,4.033362579E0
2.819107742E1,-1.661993866E0,3.086132355E0,1.035546570E0
2.820109954E1,-2.031275940E0,3.898792419E0,-2.786605225E0
2.821112254E1,-1.481918335E-1,3.038980408E0,-4.734354858E0
2.822114554E1,1.524729309E0,8.111631775E-1,-4.378694458E0
2.823116754E1,1.984573059E0,-1.862576752E0,-3.541186066E0
2.824119054E1,1.508413239E0,-4.114942932E0,-3.663481750E0
2.825121354E1,5.300477600E-1,-5.564378815E0,-4.442312164E0
2.826123554E1,-4.496649170E-1,-4.696184235E0,-4.323010254E0
2.827125854E1,-1.819316711E0,-2.122136993E0,-4.225712585E0
2.828128154E1,-4.328399048E0,-7.511380005E-1,-5.116360474E0
2.829130354E1,-5.415588226E0,1.945953369E-2,-2.758613434E0
2.830132654E1,-1.397643585E0,-1.978735199E0,-1.891915741E0
2.831134954E1,7.666008453E0,-5.433550873E0,-4.855752411E0
2.832137154E1,1.346973953E1,-7.939040680E0,-9.596394196E0
2.833139454E1,1.417297714E1,-9.682764587E0,-1.022673340E1
2.834141754E1,1.282353333E1,-1.104612946E1,-7.679330750E0
2.835143954E1,9.826914825E0,-1.019125717E1,-5.330714722E0
2.836146254E1,7.228019257E0,-5.730383606E0,-2.787503357E0
2.837148554E1,4.514761505E0,-8.993298340E-1,-7.723937988E-1
2.838150754E1,1.398541718E0,1.637444916E0,-4.767585754E-1
2.839153054E1,-1.354233856E0,1.581161957E0,-1.426982574E0
2.840155354E1,-3.349434814E0,-5.902226257E-1,-2.436932373E0
2.841157654E1,-3.550766144E0,-4.359683990E0,-3.468137970E0
2.842159854E1,-1.201850739E0,-8.289312286E0,-5.448070679E0
2.843162154E1,3.335813141E0,-1.142080032E1,-7.802973633E0
2.844164454E1,9.432185669E0,-1.395173721E1,-9.016500092E0
2.845166654E1,1.527483582E1,-1.511287262E1,-8.930878143E0
2.846168954E1,1.839015747E1,-1.354039261E1,-7.472011871E0
2.847171254E1,1.737706421E1,-1.052790710E1,-4.454436951E0
2.848173454E1,1.349982697E1,-8.282875671E0,-7.759863281E-1
2.849175754E1,8.837472382E0,-7.381300507E0,1.322350159E0
2.850178054E1,4.583618317E0,-7.201973419E0,8.393046570E-1
2.851180254E1,1.797013092E0,-5.890849915E0,-4.245172119E-1
2.852182554E1,1.257385254E-1,-4.182153168E0,-2.192939758E-1
2.853184854E1,-2.763253784E-1,-5.425467682E0,7.256909180E-1
2.854187054E1,1.490300903E0,-9.601932678E0,1.702858887E0
2.855189354E1,3.620072021E0,-1.397434021E1,4.387376404E-1
2.856191654E1,4.092938690E0,-1.601130432E1,-9.089099121E-1
2.857193854E1,4.956792297E0,-1.456785599E1,-2.148033142E0
2.858196154E1,7.318580933E0,-1.091155930E1,-4.437372437E0
2.859198454E1,7.862250366E0,-7.016359406E0,-5.265899506E0
2.860200754E1,4.903503113E0,-5.107977905E0,-1.247206421E0
2.861202954E1,1.303788757E0,-5.630241852E0,4.468956757E0
2.862205254E1,2.823129272E-1,-7.181166687E0,6.249504089E0
2.863207554E1,2.386337585E0,-8.752449188E0,4.382586365E0
2.864209754E1,5.646857300E0,-9.793534241E0,4.992118835E-1
2.865212054E1,5.956712952E0,-9.729467468E0,-1.267414398E0
2.866214354E1,3.898043976E0,-8.876840515E0,-2.438429260E-1
2.867216554E1,2.660717010E0,-8.277786255E0,6.432124329E-1
2.868218854E1,3.014132080E0,-8.357270966E0,3.336561584E-1
2.869221154E1,3.988605652E0,-8.324040070E0,-1.672023010E-1
2.870223354E1,4.700974274E0,-7.919431458E0,2.335144043E-2
2.871225654E1,5.001698914E0,-8.091872864E0,3.177891541E-1
2.872227954E1,5.465434570E0,-8.967252502E0,2.275268555E-2
2.873230154E1,6.065836029E0,-9.459728394E0,3.203338623E-1
2.874232454E1,6.735842743E0,-9.239087219E0,-2.559677124E-2
2.875234754E1,6.697522430E0,-8.563242645E0,-6.171665955E-1
2.876236954E1,5.488486633E0,-7.664810944E0,-1.583706665E-1
2.877239254E1,4.157005463E0,-7.101232910E0,3.746708679E-1
2.878241554E1,3.092568970E0,-7.623347168E0,6.035449219E-1
2.879243854E1,2.246678009E0,-8.920549622E0,1.258283386E0
2.880246054E1,2.043101349E0,-9.590855713E0,2.340832214E0
2.881248354E1,3.122806091E0,-9.754615173E0,2.816992035E0
2.882250654E1,5.387446747E0,-9.716145172E0,8.592132568E-1
2.883252854E1,6.192023621E0,-9.376052399E0,-4.445755005E-2
2.884255154E1,5.624703369E0,-8.794960785E0,8.840615845E-1
2.885257454E1,4.890480194E0,-8.472231903E0,1.089584198E0
2.886259654E1,4.325554962E0,-8.540789337E0,7.077282715E-1
2.887261954E1,3.476520538E0,-8.433163147E0,9.300160217E-1
2.888264254E1,2.974614258E0,-8.233029327E0,2.213297424E0
2.889266454E1,4.136049042E0,-8.436605988E0,2.351460114E0
2.890268754E1,5.852828979E0,-8.508157196E0,1.149609375E0
2.891271054E1,6.455924835E0,-7.941435699E0,8.952882385E-1
2.892273254E1,6.787934418E0,-7.668253784E0,1.121168518E0
2.893275554E1,7.150031433E0,-8.491392059E0,1.094224548E-1
2.894277854E1,6.120472412E0,-9.176217957E0,-5.535488892E-1
2.895280054E1,4.099375305E0,-9.414672089E0,4.544549561E-1
2.896282354E1,3.259771271E0,-9.427245941E0,2.683918762E-1
2.897284654E1,3.035687256E0,-8.868607635E0,-3.671864319E-1
2.898286854E1,2.721640320E0,-8.425379333E0,3.297642517E-1
2.899289154E1,2.797532501E0,-8.944649506E0,1.739832001E0
2.900291454E1,3.918850708E0,-9.551188202E0,2.992277527E0
2.901293654E1,5.794450378E0,-9.413624268E0,2.947520599E0
2.902295954E1,6.705156555E0,-8.308322754E0,2.045646057E0
2.903298254E1,6.294111328E0,-7.351362762E0,2.721939697E0
2.904300554E1,5.958658905E0,-7.282356262E0,2.838397522E0
2.905302754E1,5.200485535E0,-8.133186951E0,3.198847961E0
2.906305054E1,4.711751862E0,-9.192534027E0,1.500180359E0
2.907307354E1,3.071313171E0,-9.399254150E0,2.115101624E-1
2.908309554E1,1.295855255E0,-9.235494690E0,1.379381561E0
2.909311854E1,1.597178650E0,-9.159752197E0,1.701212311E0
2.910314154E1,2.484084320E0,-8.940757599E0,1.945653992E0
2.911316354E1,3.302881622E0,-8.922794952E0,2.153721313E0
2.912318654E1,4.210893402E0,-8.510851593E0,1.884431305E0
2.913320954E1,4.797673187E0,-8.054600372E0,2.102976837E0
2.914323154E1,6.113437042E0,-8.527616730E0,2.350412292E0
2.915325454E1,7.677684174E0,-9.265133057E0,-5.194198608E-2
2.916327754E1,6.680757294E0,-9.037606201E0,-6.207591248E-1
2.917329954E1,3.671265564E0,-8.827443237E0,1.170715485E0
2.918332254E1,1.928888855E0,-8.683891754E0,1.608405304E0
2.919334554E1,1.276994476E0,-8.318651276E0,1.516197052E0
2.920336900E1,8.210426331E-1,-8.475225677E0,2.288890228E0
2.921339200E1,2.030078430E0,-8.961414642E0,2.556383972E0
2.922341500E1,4.268224182E0,-8.728199615E0,1.480720825E0
2.923343800E1,5.287304993E0,-8.375982056E0,1.512903900E0
2.924346000E1,5.952821045E0,-8.269403687E0,1.913919983E0
2.925348300E1,6.068829803E0,-7.934100952E0,2.082319794E0
2.926350600E1,5.362598419E0,-7.669451294E0,2.411485291E0
2.927352800E1,4.677024078E0,-7.740104370E0,2.674787750E0
2.928355100E1,5.119054871E0,-8.481961670E0,1.918560333E0
2.929357400E1,5.207071838E0,-9.256600800E0,9.358538818E-1
2.930359600E1,4.010609894E0,-9.273216248E0,1.428180084E0
2.931361900E1,3.027304688E0,-8.954079895E0,1.411414948E0
2.932364200E1,2.355501709E0,-9.141041107E0,1.095122681E0
2.933366400E1,2.108814697E0,-9.217082977E0,1.217118988E0
2.934368700E1,2.209704895E0,-9.145831146E0,2.518063660E0
2.935371000E1,3.977229309E0,-9.491312714E0,2.602787476E0
2.936373200E1,5.982160034E0,-9.020990753E0,1.711241455E0
2.937375500E1,6.306236115E0,-8.265062714E0,2.179617462E0
2.938377800E1,5.998176727E0,-8.447982330E0,2.583178253E0
2.939380000E1,5.660029907E0,-8.506959686E0,2.230661316E0
2.940382300E1,4.344864807E0,-8.289012909E0,2.981499939E0
2.941384600E1,3.229384460E0,-8.461903381E0,3.454516296E0
2.942386900E1,3.596570892E0,-8.193062439E0,3.197949829E0
2.943389100E1,4.425996094E0,-7.880362701E0,2.798580322E0
2.944391400E1,4.866979065E0,-8.528215485E0,3.322341156E0
2.945393700E1,5.632487183E0,-8.837023315E0,3.426973572E0
2.946395900E1,5.373226318E0,-7.967481537E0,2.367925873E0
2.947398200E1,3.766018524E0,-8.307424622E0,2.596201172E0
2.948400500E1,4.026626587E0,-9.463620300E0,2.040856018E0
2.949402700E1,4.196672974E0,-9.329648895E0,1.193318481E0
2.950405000E1,3.325783997E0,-8.775650940E0,1.790426788E0
2.951407300E1,3.382216644E0,-8.319699097E0,1.873953094E0
2.952409500E1,3.451522522E0,-8.273894348E0,2.405348053E0
2.953411800E1,3.656596069E0,-8.396190033E0,3.522774353E0
2.954414100E1,4.098626862E0,-8.314160614E0,4.307442627E0
2.955416300E1,4.640050964E0,-8.580007782E0,5.100792847E0
2.956418600E1,6.172713776E0,-8.997040558E0,4.742288361E0
2.957420900E1,7.509284363E0,-8.467292175E0,1.870210876E0
2.958423100E1,6.381379852E0,-8.138725433E0,1.187181244E0
2.959425400E1,4.634362793E0,-8.521629181E0,1.576371918E0
2.960427700E1,3.133733368E0,-8.694070587E0,1.067280579E0
2.961429900E1,1.591789856E0,-9.006470947E0,1.244961090E0
2.962432200E1,1.169817352E0,-9.636061707E0,1.829345856E0
2.963434500E1,1.638043671E0,-9.141939240E0,1.416803741E0
2.964436800E1,1.766177216E0,-8.504265289E0,1.547332306E0
2.965439000E1,2.619702301E0,-8.916058960E0,1.973496094E0
2.966441300E1,3.463497620E0,-8.958271179E0,2.353256378E0
2.967443600E1,3.215613098E0,-8.558003540E0,2.841990051E0
2.968445800E1,2.769241333E0,-8.482710114E0,2.389780426E0
2.969448100E1,2.633773041E0,-8.573720856E0,3.337160339E0
2.970450400E1,3.380869446E0,-8.711733856E0,4.747078400E0
2.971452600E1,5.014721832E0,-8.814869385E0,4.857099609E0
2.972454900E1,6.657854919E0,-8.315657501E0,3.870201874E0
2.973457200E1,6.828649750E0,-7.847880249E0,3.387306061E0
2.974459400E1,6.108197937E0,-8.258177032E0,3.814517670E0
2.975461700E1,5.493426361E0,-8.533005524E0,3.843257904E0
2.976464000E1,4.775070190E0,-8.631949768E0,3.466491394E0
2.977466200E1,4.690645752E0,-8.908125458E0,3.830833740E0
2.978468500E1,5.345533905E0,-8.558302917E0,3.812422028E0
2.979470800E1,5.629643097E0,-7.721692657E0,4.090693359E0
2.980473000E1,5.906866608E0,-7.242838440E0,4.790488129E0
2.981475300E1,6.678511963E0,-7.302564240E0,4.171375580E0
2.982477600E1,6.298901367E0,-7.445666656E0,3.449426880E0
2.983479800E1,5.097050629E0,-8.130642242E0,3.737128601E0
2.984482100E1,4.578079834E0,-8.778944092E0,2.258952484E0
2.985484400E1,3.894301758E0,-8.892857208E0,6.996450806E-1
2.986486600E1,2.726280670E0,-9.212143250E0,7.244934082E-1
2.987488900E1,2.331252136E0,-9.817783813E0,1.179696808E0
2.988491200E1,2.739902344E0,-9.760453033E0,1.616338806E0
2.989493500E1,2.921474762E0,-9.088500366E0,2.039658508E0
2.990495700E1,2.777174835E0,-8.141569519E0,3.297043762E0
2.991498000E1,3.424428864E0,-7.873477020E0,3.887266388E0
2.992500300E1,4.333189087E0,-7.835456085E0,3.818858643E0
2.993502500E1,4.833299103E0,-7.710166626E0,3.760779419E0
2.994504800E1,5.412145386E0,-7.876620483E0,2.522254944E0
2.995507100E1,5.155279541E0,-8.657696228E0,2.721340942E0
2.996509300E1,4.769681396E0,-8.857680359E0,2.732567596E0
2.997511600E1,3.840563507E0,-8.493936768E0,3.032094727E0
2.998513900E1,3.897894287E0,-8.752598877E0,2.931653595E0
2.999516100E1,5.094805298E0,-8.745413818E0,2.105970612E0
3.000518400E1,5.814808044E0,-8.636440430E0,2.262545013E0
3.001520700E1,6.278394012E0,-8.615184631E0,3.068768463E0
3.002522900E1,6.569837952E0,-8.013286285E0,2.753524017E0
3.003525200E1,5.682632904E0,-7.575297089E0,2.811902618E0
3.004527500E1,4.501738586E0,-8.002658386E0,3.380270691E0
3.005529700E1,3.724854126E0,-8.408015442E0,3.913012848E0
3.006532000E1,3.729344788E0,-8.440198517E0,3.133883057E0
3.007534300E1,3.813918915E0,-8.719218292E0,2.822680206E0
3.008536600E1,4.577481079E0,-9.093589783E0,2.224524078E0
3.009538800E1,4.402045898E0,-8.897647247E0,2.217488708E0
3.010541100E1,3.571123810E0,-8.429869995E0,2.651136932E0
3.011543400E1,3.138673096E0,-7.952063599E0,3.647315369E0
3.012545600E1,3.206033020E0,-7.671846313E0,3.796255646E0
3.013547900E1,3.361260223E0,-8.114625549E0,4.452940063E0
3.014550200E1,5.326673126E0,-8.716523895E0,3.566932526E0
3.015552400E1,5.923482056E0,-8.072862396E0,3.872297516E0
3.016554700E1,5.777535553E0,-7.666307831E0,4.649631042E0
3.017557000E1,4.598886566E0,-7.284900970E0,4.898862762E0
3.018559200E1,3.065325623E0,-7.726632385E0,4.335733795E0
3.019561500E1,1.723515930E0,-8.013136597E0,3.294199677E0
3.020563712E1,4.755610657E-1,-7.902965698E0,3.797153778E0
3.021565913E1,9.300160217E-1,-8.301736450E0,3.888763275E0
3.022568212E1,2.368374939E0,-9.126521301E0,2.619402924E0
3.023570513E1,2.529889069E0,-8.775052185E0,2.816692657E0
3.024572712E1,2.058519287E0,-8.312813416E0,4.157604218E0
3.025575012E1,3.428021393E0,-8.593030701E0,3.750600586E0
3.026577312E1,4.036356354E0,-8.218210144E0,4.111949158E0
3.027579512E1,3.549119568E0,-7.541168060E0,4.591402130E0
3.028581813E1,3.419938202E0,-6.977440338E0,4.294719086E0
3.029584112E1,3.940405884E0,-6.880891113E0,4.310436401E0
3.030586413E1,5.059478760E0,-7.662415924E0,4.910538483E0
3.031588612E1,6.757996674E0,-8.886719971E0,5.082381134E0
3.032590913E1,8.205785980E0,-9.526788940E0,3.048859863E0
3.033593212E1,8.419990540E0,-8.649613037E0,9.360035706E-1
3.034595412E1,7.305108948E0,-8.077502747E0,1.309476929E0
3.035597713E1,6.332731018E0,-8.498577118E0,1.712438965E0
3.036600012E1,6.312822418E0,-8.449928284E0,2.785258026E0
3.037602213E1,6.480024719E0,-8.017776947E0,4.223616943E0
3.038604512E1,5.376070404E0,-6.854545898E0,4.781955872E0
3.039606813E1,4.289180603E0,-6.522386627E0,4.811893616E0
3.040609012E1,4.317172394E0,-7.779771881E0,4.215234375E0
3.041611312E1,3.380270691E0,-8.734486542E0,2.825075226E0
3.042613612E1,3.018473053E0,-8.931177521E0,1.964814148E0
3.043615812E1,4.540657654E0,-8.423732758E0,8.526269531E-1
3.044618113E1,6.745123444E0,-8.044720917E0,-2.381547546E-1
3.045620412E1,8.042176208E0,-7.716902618E0,-9.512718201E-1
3.046622613E1,7.463629303E0,-7.798632660E0,9.138496399E-1
3.047624912E1,7.036268005E0,-8.768166504E0,3.487447815E0
3.048627213E1,6.842720490E0,-8.365054779E0,5.049449615E0
3.049629412E1,6.789730682E0,-7.262896729E0,5.514981537E0
3.050631712E1,7.446265411E0,-7.317084045E0,3.886218567E0
3.051634013E1,7.368127899E0,-6.948400726E0,2.609224091E0
3.052636212E1,6.785838776E0,-6.571185150E0,2.403252411E0
3.053638513E1,6.753356323E0,-6.566544800E0,1.246907043E0
3.054640812E1,6.066734161E0,-6.938970337E0,4.725672913E-1
3.055643113E1,4.275708618E0,-8.273445282E0,1.752405853E0
3.056645312E1,2.714006195E0,-8.973988495E0,3.298989716E0
3.057647612E1,2.561323700E0,-8.784183197E0,4.092489624E0
3.058649912E1,3.721111908E0,-8.698112183E0,4.249213715E0
3.059652112E1,5.392835541E0,-8.123906250E0,3.268752594E0
3.060654413E1,6.589297485E0,-6.538253632E0,1.449435883E0
3.061656712E1,6.001769257E0,-6.845714264E0,1.018332367E0
3.062658913E1,5.251230011E0,-8.465495911E0,1.335522766E0
3.063661212E1,4.746180267E0,-8.898545380E0,1.559606781E0
3.064663512E1,3.747606812E0,-8.584947510E0,2.223775635E0
3.065665712E1,2.844385071E0,-7.885751495E0,2.849624176E0
3.066668012E1,2.863245850E0,-7.214846649E0,3.282523956E0
3.067670313E1,3.406915283E0,-6.720275116E0,3.741020508E0
3.068672512E1,4.282743988E0,-6.345155182E0,4.320615234E0
3.069674813E1,5.369933167E0,-5.979914703E0,4.076323242E0
3.070677112E1,5.747747498E0,-5.988596649E0,3.220552826E0
3.071679313E1,5.328020325E0,-6.424340515E0,2.650238800E0
3.072681612E1,4.418811035E0,-7.247329102E0,3.031196594E0
3.073683912E1,3.445984039E0,-7.813451843E0,4.267475739E0
3.074686112E1,2.668201447E0,-7.752079468E0,5.726342010E0
3.075688412E1,2.294728088E0,-7.613916779E0,6.862928467E0
3.076690713E1,2.792293396E0,-8.076903992E0,7.432494049E0
3.077693012E1,4.308340759E0,-8.759035492E0,7.497159576E0
3.078695213E1,5.859415283E0,-9.561965790E0,6.912625122E0
3.079697512E1,6.138734436E0,-1.061143341E1,6.363117828E0
3.080699713E1,5.664071503E0,-1.156210648E1,6.007756805E0
3.081702012E1,5.809718628E0,-1.207628723E1,4.949307861E0
3.082704312E1,5.770051117E0,-1.204365509E1,3.801345062E0
3.083706613E1,5.280718689E0,-1.142813507E1,2.455793152E0
3.084708812E1,4.366270294E0,-1.059152481E1,7.897576904E-1
3.085711113E1,2.856958923E0,-1.007659561E1,4.043092346E-1
3.086713412E1,2.012564850E0,-9.841135254E0,3.926335144E-1
3.087715613E1,2.344125366E0,-9.454339600E0,-7.084767151E-1
3.088717912E1,3.335064697E0,-8.541537781E0,-1.722019043E0
3.089720212E1,4.766537933E0,-7.181316376E0,-1.905088348E0
3.090722412E1,6.246959381E0,-5.509592743E0,-2.414628754E0
3.091724712E1,7.571255493E0,-4.393363953E0,-2.967728577E0
3.092727013E1,9.430090027E0,-3.968098297E0,-2.906356201E0
3.093729212E1,1.156255554E1,-4.585863647E0,-3.197351074E0
3.094731513E1,1.381701736E1,-5.792205048E0,-5.550457764E0
3.095733812E1,1.597313370E1,-7.125033417E0,-7.426356812E0
3.096736013E1,1.724429031E1,-8.026309204E0,-6.942413177E0
3.097738312E1,1.753603363E1,-8.180638275E0,-4.948858795E0
3.098740612E1,1.689341995E1,-7.882458344E0,-3.242407379E0
3.099742813E1,1.553993454E1,-7.285649414E0,-2.218985596E0
3.100745112E1,1.385907990E1,-6.710245972E0,-1.702409821E0
3.101747413E1,1.229588058E1,-6.100264435E0,-1.697919159E0
3.102749612E1,1.094658646E1,-5.464386749E0,-2.146087189E0
3.103751913E1,9.990225220E0,-5.053790588E0,-2.483335876E0
3.104754212E1,9.106163635E0,-5.015320587E0,-2.921175385E0
3.105756412E1,8.117769012E0,-4.951702881E0,-3.615731049E0
3.106758712E1,7.138355713E0,-4.684508514E0,-4.207600250E0
3.107761012E1,6.108497314E0,-4.475543060E0,-4.500840454E0
3.108763313E1,5.125940552E0,-4.889282684E0,-4.646637268E0
3.109765512E1,4.567451935E0,-6.399791565E0,-4.762945404E0
3.110767813E1,4.289779358E0,-8.363108826E0,-4.683011627E0
3.111770112E1,3.910318451E0,-9.369615784E0,-4.594695282E0
3.112772312E1,3.247796173E0,-8.999734955E0,-4.561314697E0
3.113774612E1,2.427951050E0,-8.019124146E0,-4.148323517E0
3.114776912E1,1.387913818E0,-7.670199738E0,-3.472778320E0
3.115779113E1,7.943980408E-1,-7.865543518E0,-2.862198029E0
3.116781412E1,1.189276886E0,-8.210126953E0,-3.202590179E0
3.117783713E1,2.361938324E0,-8.060587921E0,-5.261109467E0
3.118785912E1,3.335214386E0,-7.419471130E0,-6.879843292E0
3.119788213E1,2.492167511E0,-7.467521210E0,-5.845045166E0
3.120790487E1,9.452842712E-1,-8.539741516E0,-3.210673370E0
3.121792687E1,2.212399292E-1,-9.735005951E0,-2.296374664E0
3.122794987E1,1.689985657E-1,-9.504934387E0,-3.442541199E0
3.123797288E1,2.700384521E-1,-8.202792206E0,-4.774321747E0
3.124799487E1,7.598199463E-1,-6.809788971E0,-5.141508179E0
3.125801788E1,1.373394012E0,-6.203549652E0,-5.336702271E0
3.126804087E1,1.735041962E0,-6.792874146E0,-5.323379974E0
3.127806288E1,2.352507935E0,-7.552394714E0,-4.884043579E0
3.128808587E1,2.928061066E0,-7.418722687E0,-4.139791260E0
3.129810887E1,3.088527374E0,-6.550079041E0,-3.808230743E0
3.130813087E1,2.996169434E0,-4.721481628E0,-3.472029877E0
3.131815387E1,2.777174835E0,-2.311493225E0,-1.534908142E0
3.132817688E1,4.892875214E0,3.394940186E-1,1.373992767E0
3.133819987E1,1.004965164E1,2.508333893E0,3.343447266E0
3.134822188E1,1.471455093E1,3.037333832E0,3.425626373E0
3.135824487E1,1.715851868E1,2.214195557E0,1.271905060E0
3.136826787E1,1.747046997E1,7.204518127E-1,-1.126856689E0
3.137828987E1,1.508278519E1,-1.385369110E0,-1.948797455E0
3.138831287E1,1.091799591E1,-3.432661743E0,-1.902992706E0
3.139833588E1,6.817872162E0,-5.128185883E0,-2.400408325E0
3.140835787E1,3.148702240E0,-6.763086090E0,-3.208577728E0
3.141838088E1,2.992277527E-1,-8.358917542E0,-3.682043152E0
3.142840387E1,-1.437311096E0,-9.880204010E0,-4.440665588E0
3.143842588E1,-1.791025543E0,-1.104583008E1,-5.147346039E0
3.144844887E1,-1.040336609E-1,-1.164159119E1,-4.745132446E0
3.145847187E1,3.108136597E0,-1.130583939E1,-3.916904755E0
3.146849387E1,5.313201141E0,-9.868827667E0,-3.467688904E0
3.147851687E1,6.479875031E0,-8.322992249E0,-3.673959961E0
3.148853988E1,8.024063873E0,-7.987240448E0,-3.704945526E0
3.149856187E1,9.825567627E0,-8.326285400E0,-2.295027466E0
3.150858488E1,1.028181885E1,-7.930658112E0,-2.656974792E-1
3.151860787E1,8.539442139E0,-7.096592560E0,1.566642151E0
3.152862987E1,6.278992767E0,-7.010970612E0,2.293829956E0
3.153865287E1,4.805457001E0,-7.620203705E0,1.879790955E0
3.154867587E1,4.065395966E0,-8.399333496E0,1.018631744E0
3.155869788E1,3.754193115E0,-9.089697876E0,-1.706451416E-1
3.156872087E1,3.811374207E0,-9.492809601E0,-1.712139587E0
3.157874388E1,4.413721619E0,-9.643695831E0,-2.841091919E0
3.158876587E1,5.719306641E0,-9.864486694E0,-2.668800201E0
3.159878888E1,7.578141174E0,-1.044153671E1,-1.583556976E0
3.160881187E1,9.469308472E0,-1.148516647E1,-8.809181213E-1
3.161883487E1,1.106109833E1,-1.250245102E1,-2.451751556E0
3.162885688E1,1.176403656E1,-1.334609665E1,-6.965465240E0
3.163887987E1,1.077878540E1,-1.300944672E1,-9.215137024E0
3.164890288E1,8.264913025E0,-1.082833237E1,-7.419920197E0
3.165892487E1,6.505022736E0,-8.001311188E0,-7.008425903E0
3.166894788E1,7.010072479E0,-5.910309448E0,-6.890022125E0
3.167897087E1,8.046666870E0,-5.538931732E0,-6.934479675E0
3.168899287E1,8.565338287E0,-6.074967041E0,-6.029910736E0
3.169901587E1,8.911717987E0,-6.417454834E0,-5.211412811E0
3.170903887E1,7.957302704E0,-5.996380463E0,-5.389542389E0
3.171906088E1,6.212680664E0,-4.049379272E0,-5.103636932E0
3.172908387E1,4.906197510E0,-1.116827545E0,-3.426374817E0
3.173910688E1,3.669918365E0,7.137158203E-1,-2.598745880E0
3.174912887E1,1.945204926E0,1.975292358E0,-2.490221558E0
3.175915187E1,-1.112336884E0,3.207829285E0,-1.104702759E0
3.176917487E1,-4.611460419E0,3.782783661E0,2.180365906E0
3.177919687E1,-5.308710480E0,3.375929718E0,4.914580078E0
3.178921988E1,-1.801952820E0,2.183659058E0,3.497926025E0
3.179924287E1,3.111130371E0,6.237528992E-1,2.606080627E-1
3.180926488E1,6.371500397E0,-5.948629761E-1,-2.272125092E0
3.181928787E1,7.943231964E0,-1.757345581E0,-4.273912354E0
3.182931088E1,7.540120239E0,-2.978655853E0,-6.127058716E0
3.183933287E1,5.546715546E0,-3.890260162E0,-7.185507660E0
3.184935587E1,3.888164520E0,-5.878575439E0,-7.819289703E0
3.185937888E1,5.018913116E0,-9.948462067E0,-9.851014709E0
3.186940187E1,9.592951355E0,-1.497620682E1,-1.458162735E1
3.187942388E1,1.653611298E1,-1.958527222E1,-1.987282425E1
3.188944687E1,2.213896179E1,-2.180021622E1,-1.951177505E1
3.189946988E1,2.113529892E1,-1.663011749E1,-1.106409210E1
3.190949187E1,1.658760590E1,-8.266260223E0,-1.089284821E0
3.191951487E1,1.265124161E1,-2.727627869E0,3.313509521E0
3.192953787E1,8.215216370E0,-3.927832031E-1,2.969973907E0
3.193955987E1,5.190456390E0,-1.239422607E-1,2.991978149E0
3.194958288E1,4.110152893E0,-1.746867371E0,4.428840179E0
3.195960587E1,2.718347168E0,-5.275329895E0,3.960015106E0
3.196962788E1,2.685415649E-1,-8.924142151E0,2.308349762E0
3.197965087E1,-2.819087677E0,-1.129820526E1,1.556163940E0
3.198967388E1,-4.598287811E0,-1.220921082E1,2.056573334E0
3.199969587E1,-2.624941406E0,-1.124880798E1,5.978567505E-1
3.200971887E1,1.968406677E0,-9.076824646E0,-3.669169922E0
3.201974188E1,5.924380188E0,-6.884034576E0,-6.230942688E0
3.202976387E1,8.754694519E0,-5.115911407E0,-6.325396271E0
3.203978688E1,1.065214874E1,-4.065545654E0,-4.123475189E0
3.204980987E1,1.201177139E1,-4.185895386E0,-4.451742554E-1
3.205983188E1,1.375729156E1,-5.097499695E0,2.265389099E0
3.206985487E1,1.491932510E1,-6.168821869E0,2.873873749E0
3.207987787E1,1.394110931E1,-6.731651459E0,1.531016235E0
3.208989987E1,1.103415436E1,-6.514004059E0,-3.830534363E-1
3.209992287E1,7.842940521E0,-6.326144714E0,-1.610650635E0
3.210994588E1,5.537135468E0,-6.725963287E0,-2.216440887E0
3.211996887E1,4.373455353E0,-7.414980469E0,-1.899100800E0
3.212999088E1,4.274660797E0,-7.775281219E0,-1.747017059E0
3.214001387E1,4.429438934E0,-7.848029938E0,-2.074086914E0
3.215003687E1,4.385430450E0,-7.416776733E0,-1.602268066E0
3.216005887E1,5.026846619E0,-6.342011719E0,-7.756869507E-1
3.217008187E1,6.386618958E0,-5.608836365E0,-2.603086853E-1
3.218010488E1,8.287815399E0,-5.601351929E0,-1.161584473E-1
3.219012687E1,1.005893234E1,-5.901328125E0,-2.420466614E-1
3.220014988E1,1.091560089E1,-6.478976898E0,-4.578977966E-1
3.221017313E1,1.102741837E1,-7.133266296E0,-7.256909180E-1
3.222019512E1,1.022448807E1,-7.318131866E0,-1.108295288E0
3.223021812E1,8.529263306E0,-6.700665894E0,-6.683601379E-1
3.224024112E1,6.938221893E0,-5.740113373E0,7.963439941E-2
3.225026312E1,6.233188019E0,-5.196443939E0,2.290237427E-1
3.226028613E1,6.341113586E0,-5.496869202E0,-3.667373657E-1
3.227030912E1,6.528074799E0,-6.561156006E0,-1.206491089E0
3.228033113E1,6.276148682E0,-7.705077209E0,-5.146298218E-1
3.229035412E1,5.838309174E0,-8.153095551E0,3.074606323E-1
3.230037713E1,5.484145660E0,-7.653434601E0,9.668394470E-1
3.231039912E1,5.804629211E0,-6.350094910E0,1.273851013E0
3.232042212E1,6.745273132E0,-5.078339539E0,1.000968475E0
3.233044513E1,7.639513550E0,-4.955445099E0,1.407073975E-2
3.234046712E1,8.158933411E0,-6.201753387E0,-1.235530701E0
3.235049013E1,7.625891876E0,-7.431895294E0,-9.220825195E-1
3.236051312E1,6.446494446E0,-7.839946747E0,6.224057007E-1
3.237053613E1,6.224655762E0,-7.556436310E0,1.431024170E-1
3.238055812E1,6.501879272E0,-6.835834808E0,-1.377136230E0
3.239058112E1,6.067332916E0,-6.140680389E0,-1.132095795E0
3.240060412E1,5.456004181E0,-5.943540344E0,-1.848655701E-1
3.241062612E1,5.779032440E0,-6.175707550E0,3.375480652E-1
3.242064913E1,6.720275116E0,-6.427483978E0,3.606001282E-1
3.243067212E1,7.667205963E0,-6.521787872E0,-6.753955078E-1
3.244069413E1,7.681127014E0,-6.389163666E0,-5.562432861E-1
3.245071712E1,7.296576691E0,-6.094725952E0,1.085243225E-1
3.246074013E1,7.343578949E0,-5.891748047E0,8.385562134E-1
3.247076212E1,7.539371796E0,-6.060896301E0,1.003363495E0
3.248078512E1,7.730524292E0,-6.274502106E0,-6.243516541E-1
3.249080813E1,7.386389923E0,-6.218817902E0,-1.565594330E0
3.250083012E1,6.818620605E0,-6.218518524E0,-9.563612366E-1
3.251085313E1,7.015610962E0,-6.262227631E0,-3.155438232E-1
3.252087612E1,8.121062164E0,-6.163433075E0,-6.813830566E-1
3.253089813E1,9.091194763E0,-5.888903961E0,-9.969268799E-1
3.254092112E1,9.352700958E0,-5.690416718E0,4.191284180E-2
3.255094412E1,9.768835602E0,-5.700745239E0,9.815089417E-1
3.256096612E1,1.018691620E1,-5.857768707E0,1.411564636E0
3.257098912E1,1.033750305E1,-6.403384094E0,7.078779602E-1
3.258101213E1,9.873018951E0,-7.159312134E0,-6.885681152E-2
3.259103412E1,8.175099792E0,-7.374265137E0,3.423381042E-1
3.260105713E1,6.193221130E0,-6.827901306E0,1.095272369E0
3.261108012E1,4.955295410E0,-6.467750244E0,1.033151550E0
3.262110213E1,4.490062866E0,-6.421496429E0,3.866459656E-1
3.263112512E1,4.540957031E0,-6.173162842E0,8.175997925E-1
3.264114812E1,5.206772461E0,-6.090085602E0,3.731739807E-1
3.265117012E1,6.181994476E0,-6.285279694E0,-9.131011963E-3
3.266119312E1,7.280410309E0,-6.406976624E0,5.108876038E-1
3.267121613E1,8.640482025E0,-6.348448334E0,-4.701722717E-1
3.268123912E1,9.337432709E0,-6.443350983E0,-1.255888367E0
3.269126113E1,8.663983154E0,-6.504723358E0,-2.383044434E-1
3.270128412E1,7.469616852E0,-6.190676422E0,1.096320190E0
3.271130712E1,6.885381775E0,-6.001918945E0,1.307680664E0
3.272132912E1,6.873406677E0,-6.083798676E0,9.485774231E-1
3.273135212E1,6.863676910E0,-6.400090942E0,1.179547119E0
3.274137513E1,7.169341278E0,-6.376290436E0,6.333329773E-1
3.275139712E1,7.681127014E0,-6.065536652E0,-7.900570679E-1
3.276142013E1,7.670798492E0,-6.082152100E0,-6.803352356E-1
3.277144312E1,7.624694366E0,-6.516848145E0,8.322692871E-2
3.278146513E1,8.264014893E0,-7.045848083E0,-1.194515991E-1
3.279148812E1,8.775800629E0,-7.229815521E0,-2.011816406E-1
3.280151112E1,8.430319061E0,-7.090305634E0,5.316943359E-1
3.281153313E1,7.195536804E0,-6.558760986E0,1.291514282E0
3.282155612E1,6.007607117E0,-5.899382172E0,1.634301453E0
3.283157913E1,5.830824738E0,-5.810018005E0,8.488847351E-1
3.284160112E1,6.198160858E0,-6.168223114E0,8.942404175E-1
3.285162413E1,6.931485901E0,-6.296206970E0,1.496438141E0
3.286164712E1,8.241860962E0,-6.363417206E0,5.622308350E-1
3.287166912E1,9.534572754E0,-6.649921417E0,-6.756948853E-1
3.288169212E1,9.668993225E0,-6.888974304E0,2.171983337E-1
3.289171512E1,8.995244293E0,-6.488556976E0,1.220711517E0
3.290173713E1,8.013585663E0,-5.952970734E0,1.157842255E0
3.291176012E1,7.941435699E0,-6.229445801E0,-3.266207886E-1
3.292178313E1,7.943531342E0,-6.803651733E0,-4.918771362E-1
3.293180612E1,7.487130432E0,-7.309000854E0,5.321434021E-1
3.294182813E1,7.192842407E0,-7.225474548E0,1.050365753E0
3.295185112E1,6.942113800E0,-6.503226471E0,1.647474060E0
3.296187412E1,6.764283600E0,-5.551056519E0,2.378553772E0
3.297189613E1,7.216493225E0,-5.376369781E0,1.641336823E0
3.298191912E1,7.612569580E0,-6.188880157E0,1.201251984E0
3.299194213E1,7.687264252E0,-7.076534271E0,1.144220581E0
3.300196412E1,7.224277039E0,-7.099586334E0,8.744815063E-1
3.301198713E1,6.337820435E0,-6.847660217E0,6.730004883E-1
3.302201012E1,5.706882477E0,-6.590794373E0,6.120771790E-1
3.303203212E1,5.788612518E0,-6.547085266E0,3.197351074E-1
3.304205512E1,6.211932220E0,-6.451284485E0,-6.432124329E-1
3.305207812E1,6.835834808E0,-6.466103668E0,7.783813477E-2
3.306210013E1,8.857979736E0,-7.072193298E0,4.459226990E-1
3.307212312E1,1.063209045E1,-7.249574432E0,-5.689668274E-1
3.308214613E1,1.056592804E1,-6.814878387E0,-5.102888489E-1
3.309216812E1,9.515412598E0,-6.157744904E0,5.399272156E-1
3.310219112E1,8.606951752E0,-5.555996246E0,1.386716309E0
3.311221412E1,8.499026184E0,-5.454058228E0,1.628613281E0
3.312223612E1,8.624165955E0,-5.880820770E0,1.064586182E0
3.313225913E1,8.088430023E0,-6.655010834E0,4.715194702E-1
3.314228212E1,7.003186798E0,-7.261399841E0,8.144563293E-1
3.315230413E1,5.989195404E0,-7.036567383E0,1.424587555E0
3.316232712E1,5.332061920E0,-6.563850403E0,1.721120911E0
3.317235013E1,5.175487518E0,-6.494993591E0,1.455722809E0
3.318237212E1,5.559738464E0,-6.509663086E0,1.363813934E0
3.319239512E1,6.218967590E0,-6.741830292E0,1.667682037E0
3.320241813E1,7.075636139E0,-7.080126801E0,6.637197876E-1
3.321243900E1,7.510032806E0,-6.965016174E0,-1.779798889E-1
3.322246200E1,7.557484131E0,-6.531667328E0,4.917274475E-1
3.323248500E1,7.568710785E0,-5.993985443E0,1.327140198E0
3.324250700E1,7.387288055E0,-5.476661224E0,1.535207520E0
3.325253000E1,7.535779266E0,-5.500162354E0,1.264420624E0
3.326255300E1,8.149353333E0,-6.318510590E0,2.065704346E-2
3.327257500E1,7.781268768E0,-7.141648865E0,-9.837542725E-1
3.328259800E1,6.965165863E0,-7.611222382E0,-6.096821594E-1
3.329262100E1,6.803502045E0,-7.432044983E0,4.146377563E-2
3.330264400E1,6.635551300E0,-6.650669861E0,9.062155151E-1
3.331266600E1,6.237678680E0,-5.833369446E0,1.773961029E0
3.332268900E1,6.438560944E0,-5.393583984E0,2.000589752E0
3.333271200E1,7.404951324E0,-5.553002472E0,1.327289886E0
3.334273400E1,8.133785706E0,-6.181994476E0,8.021818542E-1
3.335275700E1,8.516240387E0,-6.677913208E0,5.306465149E-1
3.336278000E1,8.284073181E0,-6.788383484E0,3.629951477E-1
3.337280200E1,7.772586823E0,-6.674320679E0,4.236190796E-2
3.338282500E1,7.296127625E0,-6.468199310E0,4.583468628E-1
3.339284800E1,7.251670074E0,-6.240971832E0,1.622176666E0
3.340287000E1,8.169860687E0,-6.081703033E0,1.256337433E0
3.341289300E1,9.107959900E0,-6.044879608E0,2.926414490E-1
3.342291600E1,9.467362518E0,-5.891748047E0,2.336640930E-1
3.343293800E1,9.540859680E0,-5.812562714E0,3.790118408E-1
3.344296100E1,9.085506592E0,-6.068829803E0,1.172062683E-1
3.345298400E1,8.434061279E0,-6.172115021E0,-7.918533325E-1
3.346300600E1,7.971672821E0,-6.384523315E0,-1.926793213E0
3.347302900E1,7.169940033E0,-7.022945709E0,-2.173929291E0
3.348305200E1,5.868546295E0,-7.493417358E0,-1.330732727E0
3.349307400E1,4.835843811E0,-7.461683350E0,-1.871109009E-1
3.350309700E1,4.592599640E0,-6.972201233E0,4.903802490E-1
3.351312000E1,5.152585144E0,-6.281088409E0,4.306544495E-1
3.352314200E1,6.238277435E0,-5.647306366E0,6.017486572E-2
3.353316500E1,7.394473114E0,-5.337151337E0,-7.738906860E-2
3.354318800E1,8.559350739E0,-5.649851074E0,1.350192261E-1
3.355321000E1,9.512119446E0,-6.363267517E0,1.182540894E-2
3.356323300E1,9.329050140E0,-6.937623138E0,-1.676513672E-1
3.357325600E1,8.610843658E0,-6.912475433E0,-3.809577942E-1
3.358327800E1,8.036637726E0,-6.426885223E0,-6.605763245E-1
3.359330100E1,7.550299072E0,-5.826034698E0,-9.617500305E-1
3.360332400E1,7.481891327E0,-5.316344604E0,-8.262817383E-1
3.361334600E1,7.714657288E0,-5.268893280E0,-4.778063965E-1
3.362336900E1,8.086783447E0,-5.583389282E0,-3.315605164E-1
3.363339200E1,8.308771820E0,-6.071673889E0,-4.779560852E-1
3.364341500E1,8.127947845E0,-6.427633667E0,-4.480183411E-1
3.365343700E1,7.605234833E0,-6.446344757E0,1.586700439E-2
3.366346000E1,6.985373840E0,-5.959107971E0,5.180726624E-1
3.367348300E1,6.813082123E0,-5.323829041E0,6.390211487E-1
3.368350500E1,7.073091431E0,-5.273833008E0,2.800675964E-1
3.369352800E1,7.560926971E0,-5.798042908E0,-4.007167053E-1
3.370355100E1,8.107889557E0,-6.814429321E0,-4.872367859E-1
3.371357300E1,8.249944153E0,-7.762108612E0,-1.927990723E-1
3.372359600E1,7.868237915E0,-7.522307281E0,6.212081909E-2
3.373361900E1,7.075486450E0,-6.269412689E0,-1.116528168E0
3.374364100E1,6.746021576E0,-4.627177734E0,-2.764451294E0
3.375366400E1,6.906188507E0,-3.597469025E0,-4.183500366E0
3.376368700E1,7.347770233E0,-3.322490845E0,-4.552183685E0
3.377370900E1,8.071814575E0,-3.803590393E0,-3.656147003E0
3.378373200E1,8.294850769E0,-4.882696381E0,-2.352058868E0
3.379375500E1,7.796686707E0,-5.441184998E0,-1.466350708E0
3.380377700E1,7.235204315E0,-5.062921600E0,-1.635798340E0
3.381380000E1,6.747518463E0,-4.617148590E0,-2.611918488E0
3.382382300E1,6.975195007E0,-4.570745087E0,-3.292852478E0
3.383384500E1,8.464597778E0,-5.097649384E0,-3.107986908E0
3.384386800E1,9.830058289E0,-6.239025879E0,-2.906954956E0
3.385389100E1,1.043465103E1,-7.172335052E0,-1.798360291E0
3.386391300E1,1.039977356E1,-7.372917938E0,3.944297791E-1
3.387393600E1,9.311686249E0,-6.819219360E0,9.385482788E-1
3.388395900E1,8.252488861E0,-5.657185822E0,6.393205261E-1
3.389398100E1,7.561825104E0,-4.970863037E0,-2.387535095E-1
3.390400400E1,6.873107300E0,-5.310357056E0,-1.820663910E0
3.391402700E1,6.802005157E0,-6.034551086E0,-2.306104431E0
3.392404900E1,6.651268616E0,-6.598278809E0,-2.225422211E0
3.393407200E1,6.324498138E0,-6.641688538E0,-1.908980255E0
3.394409500E1,6.469097443E0,-6.334527283E0,-1.036594391E0
3.395411700E1,6.866970062E0,-6.148015137E0,-8.261320496E-1
3.396414000E1,7.457342377E0,-5.896987152E0,-1.031954041E0
3.397416300E1,8.122409363E0,-5.513784027E0,-1.005758514E0
3.398418500E1,8.153694305E0,-5.494174805E0,-1.410367126E0
3.399420800E1,8.148754578E0,-5.677393799E0,-1.789378967E0
3.400423100E1,8.709937592E0,-5.742209015E0,-1.858535156E0
3.401425400E1,9.255852356E0,-5.618865509E0,-1.735640717E0
3.402427600E1,9.424401855E0,-5.455405426E0,-1.342109070E0
3.403429900E1,9.073232117E0,-5.337600403E0,-1.012793884E0
3.404432200E1,8.580307159E0,-5.047054596E0,-9.918374634E-1
3.405434400E1,8.208480377E0,-4.787194977E0,-1.532513123E0
3.406436700E1,7.903115387E0,-5.058131561E0,-2.200274506E0
3.407439000E1,7.791297913E0,-5.819747772E0,-2.439926147E0
3.408441200E1,7.541766815E0,-6.662195892E0,-2.201022949E0
3.409443500E1,6.892716522E0,-7.383695526E0,-1.831142120E0
3.410445800E1,6.247258759E0,-7.730973358E0,-1.125060425E0
3.411448000E1,5.897436218E0,-7.762108612E0,-3.866459656E-1
3.412450300E1,5.915099487E0,-7.594307556E0,-9.699829102E-2
3.413452600E1,6.570137329E0,-7.131170654E0,-6.691085815E-2
3.414454800E1,7.460186462E0,-6.608906708E0,-3.845503235E-1
3.415457100E1,8.076005859E0,-6.132148132E0,-1.022823029E0
3.416459400E1,8.427924042E0,-5.756878510E0,-1.523681488E0
3.417461600E1,8.440497894E0,-5.583089905E0,-1.620230713E0
3.418463900E1,8.170160065E0,-5.428611145E0,-1.732197876E0
3.419466200E1,7.907456360E0,-5.253475342E0,-1.921703796E0
3.420468425E1,7.979606323E0,-5.338797913E0,-1.893113251E0
3.421470725E1,8.192164307E0,-5.680836639E0,-1.772913208E0
3.422473025E1,8.322393494E0,-6.062991943E0,-1.705553284E0
3.423475225E1,8.371042328E0,-6.283483429E0,-1.688339081E0
3.424477525E1,8.308472443E0,-6.194867706E0,-1.541494446E0
3.425479825E1,8.089477844E0,-5.808970184E0,-1.217867432E0
3.426482025E1,7.759563904E0,-5.499114532E0,-9.030720520E-1
3.427484325E1,7.337741089E0,-5.464835815E0,-5.763015747E-1
3.428486625E1,7.012317810E0,-5.696553955E0,-4.583468628E-1
3.429488825E1,7.069947968E0,-6.131549377E0,-4.251159668E-1
3.430491125E1,7.391179962E0,-6.637946320E0,-4.694238281E-1
3.431493425E1,7.511230316E0,-6.957681427E0,-6.631210327E-1
3.432495625E1,7.257208557E0,-6.871610413E0,-1.031205597E0
3.433497925E1,6.804100800E0,-6.478378143E0,-1.525627441E0
3.434500225E1,6.427483978E0,-5.898034973E0,-1.916165314E0
3.435502425E1,6.312822418E0,-5.175786896E0,-2.070195007E0
3.436504725E1,6.441105652E0,-4.478536835E0,-2.026785278E0
3.437507025E1,6.686295776E0,-4.124373322E0,-1.752405853E0
3.438509225E1,6.852001190E0,-4.219725037E0,-1.276395721E0
3.439511525E1,7.021448822E0,-4.488116913E0,-7.035369873E-1
3.440513825E1,7.152127075E0,-4.865033112E0,-4.670288086E-2
3.441516025E1,7.289092255E0,-5.177583160E0,4.457730103E-1
3.442518325E1,7.350464630E0,-5.257966003E0,5.197192383E-1
3.443520625E1,7.468419342E0,-5.015769653E0,4.746629333E-1
3.444522825E1,7.782166901E0,-4.952900391E0,5.342390442E-1
3.445525125E1,8.095166016E0,-5.054539032E0,8.187973022E-2
3.446527425E1,8.327333221E0,-4.922962646E0,-6.191125488E-1
3.447529725E1,8.679999847E0,-4.596042480E0,-8.577163696E-1
3.448531925E1,9.037606201E0,-4.132606201E0,-7.671546936E-1
3.449534225E1,9.208401031E0,-3.607797546E0,-6.614744568E-1
3.450536525E1,9.353150024E0,-3.253783722E0,-7.117698669E-1
3.451538725E1,9.629625092E0,-3.281326447E0,-1.129401398E0
3.452541025E1,9.960586853E0,-3.565136261E0,-2.010319519E0
3.453543325E1,1.047521667E1,-3.961362305E0,-3.351231079E0
3.454545525E1,1.118519028E1,-4.470753021E0,-4.990322571E0
3.455547825E1,1.183828217E1,-4.894671478E0,-6.318211212E0
3.456550125E1,1.235171448E1,-5.276826782E0,-6.959477692E0
3.457552325E1,1.251547394E1,-5.691763916E0,-7.034322052E0
3.458554625E1,1.238479568E1,-6.077661438E0,-7.048392792E0
3.459556925E1,1.227432541E1,-6.482120361E0,-7.427704010E0
3.460559125E1,1.241054214E1,-6.778354340E0,-8.373437347E0
3.461561425E1,1.241757751E1,-7.112160187E0,-9.107361145E0
3.462563725E1,1.213676147E1,-7.495513000E0,-9.122928772E0
3.463565925E1,1.143666733E1,-7.721243591E0,-8.584648132E0
3.464568225E1,1.055140823E1,-7.570357361E0,-7.857909393E0
3.465570525E1,9.855655060E0,-7.032076721E0,-7.371870117E0
3.466572725E1,9.487271118E0,-6.314169617E0,-7.470514984E0
3.467575025E1,9.405840454E0,-5.523364105E0,-8.164022827E0
3.468577325E1,9.361233215E0,-4.729564819E0,-8.920549622E0
3.469579525E1,9.181157684E0,-4.205354919E0,-9.333690491E0
3.470581825E1,8.807384949E0,-4.097129974E0,-9.089847565E0
3.471584125E1,8.177494812E0,-4.357288971E0,-8.269703064E0
3.472586325E1,7.191944275E0,-4.771327972E0,-7.516319733E0
3.473588625E1,6.094875641E0,-5.021906891E0,-6.953490143E0
3.474590925E1,5.253026276E0,-5.110073547E0,-6.558012543E0
3.475593125E1,4.928650818E0,-5.235213318E0,-6.056106262E0
3.476595425E1,4.934189301E0,-5.525160370E0,-5.649102631E0
3.477597725E1,4.887636108E0,-5.855074310E0,-5.700146484E0
3.478599925E1,4.871469727E0,-6.001020813E0,-5.862558746E0
3.479602225E1,5.191953278E0,-5.897286530E0,-5.901627502E0
3.480604525E1,5.885311432E0,-5.898034973E0,-6.252647552E0
3.481606725E1,6.871610413E0,-6.072122955E0,-6.698719940E0
3.482609025E1,7.341034241E0,-6.392456818E0,-7.234605560E0
3.483611325E1,6.910080414E0,-7.014114075E0,-6.929090881E0
3.484613525E1,6.407126312E0,-7.730524292E0,-6.345903625E0
3.485615825E1,6.479875031E0,-7.940537567E0,-5.824238434E0
3.486618125E1,7.185807037E0,-7.831564178E0,-5.314548340E0
3.487620325E1,7.658823395E0,-7.424261169E0,-5.078189850E0
3.488622625E1,6.703360291E0,-6.878047028E0,-5.325924683E0
3.489624925E1,4.395010529E0,-6.315217438E0,-5.268743591E0
3.490627125E1,1.908980255E0,-5.914650421E0,-4.262985077E0
3.491629425E1,9.565109253E-2,-5.990991669E0,-3.179388428E0
3.492631725E1,-5.927673340E-1,-5.950575714E0,-2.489173737E0
3.493634025E1,-3.198847961E-1,-5.343737640E0,-2.240091705E0
3.494636225E1,6.884184265E-1,-4.426295471E0,-1.641935577E0
3.495638525E1,2.874023438E0,-3.545826416E0,-1.309776306E0
3.496640825E1,6.813381500E0,-2.755170593E0,-2.431992645E0
3.497643025E1,1.061188248E1,-3.205134888E0,-5.248385925E0
3.498645325E1,1.220606735E1,-4.601281586E0,-5.818550262E0
3.499647625E1,1.193453201E1,-6.156098328E0,-4.845423889E0
3.500649825E1,1.047566574E1,-6.840624847E0,-3.963008881E0
3.501652125E1,8.072862396E0,-6.042484589E0,-3.975882111E0
3.502654425E1,5.476361847E0,-4.627327423E0,-4.060605927E0
3.503656625E1,2.545456696E0,-2.766247559E0,-3.656895447E0
3.504658925E1,-1.334474945E0,-1.542991333E0,-2.669249268E0
3.505661225E1,-4.644541626E0,-1.421593781E0,-1.564845886E0
3.506663425E1,-4.983287201E0,-1.703757019E0,-4.198768616E-1
3.507665725E1,-2.182461548E0,-1.529369659E0,5.156776428E-1
3.508668025E1,4.724176025E-1,-7.539820862E-1,7.253915405E-1
3.509670225E1,3.008593597E0,4.478686523E-1,1.103056183E0
3.510672525E1,5.472170563E0,1.324894867E0,1.097218323E0
3.511674825E1,6.408024445E0,1.200503540E0,4.909790039E-1
3.512677025E1,5.873935089E0,9.199868774E-1,3.341052246E-1
3.513679325E1,4.681514740E0,6.177653503E-1,-5.598358154E-1
3.514681625E1,4.260590057E0,-2.559677124E-1,-2.436333618E0
3.515683825E1,4.950954437E0,-2.222278748E0,-3.516038361E0
3.516686125E1,5.958209839E0,-5.378615112E0,-5.606740723E0
3.517688425E1,7.684120789E0,-8.934620361E0,-8.641829224E0
3.518690625E1,9.786049805E0,-1.268567001E1,-1.156944122E1
3.519692925E1,1.176224030E1,-1.614692230E1,-1.432745590E1
3.520695538E1,1.270512955E1,-1.783301605E1,-1.564052536E1
3.521697737E1,1.159294235E1,-1.591400665E1,-1.497650620E1
3.522700037E1,9.360035706E0,-1.139370667E1,-1.258268417E1
3.523702337E1,6.981931000E0,-6.657705231E0,-9.519753571E0
3.524704537E1,3.581602020E0,-3.122955780E0,-6.198609924E0
3.525706838E1,-6.707551575E-1,-1.849703522E0,-3.753444672E0
3.526709137E1,-4.268523560E0,-2.368225250E0,-2.227817230E0
3.527711338E1,-5.537434845E0,-3.900888062E0,-9.782157898E-1
3.528713637E1,-3.849993896E0,-5.980214081E0,-3.537144470E-1
3.529715937E1,-8.786727905E-2,-7.607330475E0,-7.229965210E-2
3.530718137E1,4.394860840E0,-8.543184357E0,-4.887336731E-1
3.531720437E1,8.557255096E0,-9.330696716E0,-9.355545044E-1
3.532722738E1,1.150372787E1,-1.024140289E1,-8.592132568E-1
3.533724937E1,1.284598663E1,-1.077055252E1,-3.930825806E-1
3.534727238E1,1.297756302E1,-1.034259247E1,3.058140564E-1
3.535729537E1,1.215816696E1,-9.225764923E0,3.516188049E-1
3.536731738E1,1.099074463E1,-7.837402039E0,-2.088157654E-1
3.537734037E1,9.792037354E0,-6.725813599E0,-1.108744354E0
3.538736337E1,8.665779419E0,-6.519841919E0,-2.474953308E0
3.539738537E1,7.822133789E0,-7.119794312E0,-3.344046021E0
3.540740837E1,6.574178925E0,-8.141569519E0,-3.570225677E0
3.541743138E1,4.709805908E0,-9.337133331E0,-3.436553650E0
3.542745337E1,2.365530853E0,-1.069286407E1,-3.417094116E0
3.543747638E1,-9.430389404E-3,-1.181672699E1,-3.647165680E0
3.544749937E1,-1.359922028E0,-1.224214233E1,-3.457659760E0
3.545752138E1,-1.642833710E0,-1.211595474E1,-3.572171631E0
3.546754437E1,-1.009650421E0,-1.154025192E1,-4.022884369E0
3.547756737E1,4.685256958E-1,-1.080947159E1,-4.491260376E0
3.548758937E1,2.253563690E0,-1.017643799E1,-4.859943695E0
3.549761237E1,3.847748566E0,-9.806856537E0,-5.303471375E0
3.550763538E1,5.157524872E0,-9.585766296E0,-5.588179321E0
3.551765737E1,6.173312531E0,-9.345216522E0,-5.279970245E0
3.552768038E1,7.030579834E0,-8.924291840E0,-5.765710144E0
3.553770337E1,8.000712433E0,-8.009843445E0,-6.232589264E0
3.554772537E1,8.989256744E0,-6.799011383E0,-6.626270599E0
3.555774837E1,9.403295746E0,-5.284909973E0,-7.446265411E0
3.556777137E1,8.764274597E0,-3.315156097E0,-8.521928558E0
3.557779338E1,7.736062775E0,-7.976911926E-1,-9.852960663E0
3.558781637E1,5.268444214E0,7.475454712E-1,-9.355545044E0
3.559783938E1,2.640059967E0,1.224304047E0,-6.617888031E0
3.560786137E1,2.386786652E0,7.523355103E-1,-5.414690094E0
3.561788438E1,4.086951141E0,-1.929487610E-1,-6.060896301E0
3.562790737E1,5.705086212E0,-1.191222839E0,-6.702462158E0
3.563793037E1,6.459517365E0,-1.900747375E0,-6.564598846E0
3.564795238E1,6.924001465E0,-2.127076721E0,-6.213578796E0
3.565797537E1,7.462282104E0,-1.573827209E0,-5.799539795E0
3.566799838E1,7.985444183E0,-6.599775696E-1,-5.167104950E0
3.567802037E1,8.512647858E0,3.658392334E-1,-4.860991516E0
3.568804338E1,9.022038574E0,9.569599915E-1,-4.969964905E0
3.569806637E1,9.525292053E0,9.816586304E-1,-5.705684967E0
3.570808837E1,1.013916550E1,7.060816956E-1,-6.241420898E0
3.571811137E1,1.047446823E1,1.234931946E-1,-6.112389221E0
3.572813437E1,1.034304153E1,-5.788462830E-1,-5.820945282E0
3.573815638E1,1.030427216E1,-1.191522217E0,-5.668861542E0
3.574817937E1,1.036429733E1,-1.702858887E0,-5.651497650E0
3.575820238E1,1.076306808E1,-1.524729309E0,-5.970484314E0
3.576822437E1,1.115375565E1,-1.463806000E0,-6.176905060E0
3.577824737E1,1.105780518E1,-2.392025757E0,-6.329138489E0
3.578827037E1,1.048494644E1,-3.655248871E0,-6.395300903E0
3.579829237E1,9.342971191E0,-4.882247314E0,-6.282285919E0
3.580831538E1,7.930508423E0,-5.808521118E0,-6.658154297E0
3.581833837E1,6.432573395E0,-6.179599457E0,-6.971452789E0
3.582836038E1,5.222040710E0,-5.822891235E0,-6.586752777E0
3.583838337E1,4.065845032E0,-5.400619354E0,-6.123466187E0
3.584840638E1,3.432062988E0,-5.432952118E0,-6.103856964E0
3.585842837E1,3.751349030E0,-5.299130402E0,-5.980513458E0
3.586845137E1,4.254752197E0,-5.314248962E0,-5.433101807E0
3.587847438E1,4.322261810E0,-5.748196564E0,-5.174589386E0
3.588849637E1,4.522245941E0,-6.272855530E0,-5.028044128E0
3.589851938E1,5.098098450E0,-6.817423096E0,-5.021757202E0
3.590854237E1,5.911656647E0,-7.062613220E0,-4.955744476E0
3.591856438E1,6.650969238E0,-7.196734314E0,-4.965623932E0
3.592858737E1,7.242239685E0,-7.295977936E0,-4.752317505E0
3.593861037E1,7.719896393E0,-7.163653107E0,-3.829636230E0
3.594863237E1,7.601941681E0,-7.177125092E0,-3.241958313E0
3.595865537E1,7.232060852E0,-7.217391357E0,-3.243155823E0
3.596867838E1,7.223079529E0,-6.990762634E0,-2.978057098E0
3.597870037E1,7.338938599E0,-6.796616364E0,-2.412982178E0
3.598872338E1,7.313192139E0,-6.970704346E0,-2.236199799E0
3.599874637E1,7.282356262E0,-7.346423035E0,-2.223176880E0
3.600876838E1,7.377857666E0,-7.721692657E0,-2.007774811E0
3.601879137E1,7.336244202E0,-8.082592163E0,-2.190245361E0
3.602881437E1,6.947203217E0,-8.173902283E0,-2.880010986E0
3.603883637E1,6.596033478E0,-7.774981842E0,-3.301983490E0
3.604885937E1,6.468199310E0,-7.108867035E0,-3.326831818E0
3.605888238E1,6.300997009E0,-6.584956512E0,-3.458108826E0
3.606890437E1,6.196963348E0,-6.244714050E0,-3.536695404E0
3.607892738E1,6.382876740E0,-6.081104279E0,-3.315605164E0
3.608895037E1,6.379583588E0,-6.389013977E0,-3.153791656E0
3.609897238E1,6.174809418E0,-6.899901581E0,-3.254681854E0
3.610899537E1,6.061794434E0,-7.077133026E0,-3.186872864E0
3.611901837E1,6.032904510E0,-7.083569641E0,-2.799478455E0
3.612904038E1,6.106551361E0,-6.964417419E0,-2.571352844E0
3.613906337E1,6.377637634E0,-6.671476593E0,-2.656974792E0
3.614908638E1,6.952142944E0,-6.443949738E0,-2.653981018E0
3.615910837E1,7.497159576E0,-6.512058105E0,-2.622696075E0
3.616913138E1,7.603887634E0,-6.775510254E0,-2.688259735E0
3.617915437E1,7.359146576E0,-7.002138977E0,-2.566562805E0
3.618917637E1,7.063211975E0,-7.094197540E0,-2.337838440E0
3.619919937E1,6.781946869E0,-6.957382050E0,-2.257156219E0
3.620921979E1,6.592141571E0,-6.729106750E0,-2.195035400E0
3.621924179E1,6.674170990E0,-6.520889740E0,-2.176923065E0
3.622926479E1,6.731651459E0,-6.477480011E0,-2.500550079E0
3.623928779E1,6.779252472E0,-6.524182892E0,-2.806513824E0
3.624930979E1,6.871610413E0,-6.551575928E0,-2.832559662E0
3.625933279E1,6.746021576E0,-6.600823517E0,-2.730771332E0
3.626935579E1,6.599925385E0,-6.624025269E0,-2.543660431E0
3.627937779E1,6.650819550E0,-6.600524139E0,-2.455493774E0
3.628940079E1,6.715036011E0,-6.690187683E0,-2.253563690E0
3.629942379E1,6.921905823E0,-6.790778503E0,-1.913171539E0
3.630944579E1,6.969955902E0,-6.856940918E0,-1.916614380E0
3.631946879E1,6.991810455E0,-6.736890564E0,-2.187401276E0
3.632949179E1,7.255112915E0,-6.440207520E0,-2.361938324E0
3.633951379E1,7.372917938E0,-6.394253082E0,-2.613415375E0
3.634953679E1,7.280559998E0,-6.406826935E0,-2.791245575E0
3.635955979E1,7.069049835E0,-6.325845337E0,-2.635718994E0
3.636958179E1,6.574627991E0,-6.304888916E0,-2.534828796E0
3.637960479E1,6.254443817E0,-6.117778015E0,-2.452799377E0
3.638962779E1,6.489904175E0,-6.007307739E0,-2.164349213E0
3.639964979E1,6.788383484E0,-6.305936737E0,-2.028731232E0
3.640967279E1,6.844666443E0,-6.653214569E0,-2.250420227E0
3.641969579E1,6.840026093E0,-6.796466675E0,-2.140848083E0
3.642971779E1,6.707102509E0,-6.987619171E0,-2.293231201E0
3.643974079E1,6.471941528E0,-6.941814423E0,-2.835254059E0
3.644976379E1,6.487209778E0,-6.581813049E0,-3.155587921E0
3.645978679E1,6.542744293E0,-6.247857513E0,-3.241509247E0
3.646980879E1,6.340215454E0,-6.033203888E0,-3.306923218E0
3.647983179E1,6.164780273E0,-5.848787384E0,-3.251987457E0
3.648985479E1,6.083199921E0,-5.927523651E0,-3.125949554E0
3.649987679E1,5.952821045E0,-6.162235565E0,-3.323089600E0
3.650989979E1,6.034102020E0,-6.043083344E0,-3.634292450E0
3.651992279E1,6.453230438E0,-5.738766174E0,-3.572620697E0
3.652994479E1,6.858886871E0,-5.607189789E0,-3.737577667E0
3.653996779E1,7.252418518E0,-5.272785187E0,-4.206851807E0
3.654999079E1,7.668253784E0,-4.781806183E0,-4.314627686E0
3.656001279E1,7.845784607E0,-4.513114929E0,-4.193080444E0
3.657003579E1,7.894732819E0,-4.609664154E0,-3.877686310E0
3.658005879E1,7.845335541E0,-5.284909973E0,-3.485352173E0
3.659008079E1,7.658074951E0,-6.049220581E0,-3.536545715E0
3.660010379E1,7.529642029E0,-6.431675262E0,-3.445684662E0
3.661012679E1,7.618257751E0,-6.644981689E0,-3.218008118E0
3.662014879E1,7.892637177E0,-6.661297760E0,-3.412902832E0
3.663017179E1,8.164322205E0,-6.346053314E0,-3.514092407E0
3.664019479E1,8.255183258E0,-5.880521393E0,-3.420087891E0
3.665021679E1,7.876919861E0,-5.395979004E0,-3.582051086E0
3.666023979E1,7.288942566E0,-5.140610046E0,-3.866759033E0
3.667026279E1,7.087012482E0,-5.119503937E0,-3.815864868E0
3.668028479E1,7.209607544E0,-5.499713287E0,-3.856280823E0
3.669030779E1,7.457192688E0,-5.959107971E0,-3.995940399E0
3.670033079E1,7.771988068E0,-6.341412964E0,-3.693868561E0
3.671035279E1,7.786208496E0,-6.632258148E0,-3.448678436E0
3.672037579E1,7.539820862E0,-6.785988464E0,-3.081791382E0
3.673039879E1,7.239096222E0,-6.794969788E0,-3.053949280E0
3.674042079E1,7.019053802E0,-6.666387177E0,-3.072211304E0
3.675044379E1,6.867868195E0,-6.647227020E0,-3.049757996E0
3.676046679E1,6.852599945E0,-6.528074799E0,-2.873125305E0
3.677048879E1,6.951394501E0,-6.413413239E0,-2.560126190E0
3.678051179E1,7.034322052E0,-6.367458801E0,-2.609822845E0
3.679053479E1,7.232958984E0,-6.163732452E0,-2.732268219E0
3.680055679E1,7.552544403E0,-6.095923462E0,-2.804867249E0
3.681057979E1,7.830067291E0,-6.126459961E0,-2.985840912E0
3.682060279E1,8.067623291E0,-6.290818176E0,-2.908302155E0
3.683062479E1,7.960595856E0,-6.649622040E0,-2.822680206E0
3.684064779E1,7.486681366E0,-7.037166138E0,-2.876867523E0
3.685067079E1,6.974596252E0,-7.551346893E0,-2.872825928E0
3.686069279E1,6.531367950E0,-8.081544342E0,-2.815046082E0
3.687071579E1,6.332431641E0,-8.366102600E0,-2.735261993E0
3.688073879E1,6.619085541E0,-8.255931702E0,-2.729723511E0
3.689076079E1,7.276219025E0,-7.708370361E0,-2.299817505E0
3.690078379E1,8.124654694E0,-6.910379791E0,-7.858657837E-1
3.691080679E1,9.195078735E0,-5.996530151E0,2.593057709E0
3.692082879E1,1.116647919E1,-5.171146545E0,4.871918793E0
3.693085179E1,1.371852219E1,-3.755240936E0,-7.955955505E-1
3.694087479E1,1.293130920E1,-2.410437469E0,-1.014709900E1
3.695089679E1,7.753426666E0,-1.565145264E0,-1.327619202E1
3.696091979E1,3.632645874E0,-6.189628601E-1,-8.460705872E0
3.697094279E1,1.054706726E0,-2.180964661E-1,-2.541564789E0
3.698096479E1,-1.379680939E0,-3.802093506E-2,-2.810405731E0
3.699098779E1,-3.447630615E0,8.187973022E-1,-5.707930298E0
3.700101079E1,-4.026626587E0,1.772613831E0,-6.375242615E0
3.701103279E1,-2.751128998E0,2.012415161E0,-7.807464294E0
3.702105579E1,7.634124756E-3,1.420396271E0,-8.310268707E0
3.703107879E1,3.609294434E0,5.751040649E-1,-7.814050598E0
3.704110079E1,7.475305023E0,3.667373657E-1,-7.381599884E0
3.705112379E1,1.055515045E1,9.382489014E-1,-5.191653900E0
3.706114679E1,1.198961746E1,1.442550201E0,-2.471360779E0
3.707116879E1,1.163201111E1,1.489402771E0,-7.203021240E-1
3.708119179E1,1.102098175E1,1.351240082E0,1.347198486E0
3.709121479E1,1.148531616E1,1.333127747E0,4.017944641E0
3.710123679E1,1.343501175E1,1.214873657E0,3.704496460E0
3.711125979E1,1.690030563E1,-2.660866699E0,-4.164938965E0
3.712128279E1,2.169259003E1,-1.901346130E0,-1.721824448E1
3.713130479E1,1.878997604E1,2.781366119E0,-1.824046875E1
3.714132779E1,1.144789398E1,1.339115295E0,-1.764156418E1
3.715135079E1,1.037402710E1,-3.051554260E0,-2.096719849E1
3.716137279E1,1.674313248E1,-7.743696899E0,-3.144226547E1
3.717139579E1,2.423894485E1,-9.642947388E0,-3.492926422E1
3.718141879E1,2.284549255E1,-9.079968109E0,-1.393781616E1
3.719144179E1,1.606234818E1,-7.748786316E0,6.088139648E0
3.720146379E1,6.352639618E0,-6.548432465E0,4.255949707E0
3.721148713E1,-4.299359436E0,-4.178261261E0,-5.201084290E0
3.722151012E1,-1.178978302E1,-3.675905914E0,-9.590556335E0
3.723153213E1,-1.943633194E1,-8.516689453E0,-9.615404663E0
3.724155512E1,-2.449356537E1,-1.529100220E1,-5.588778076E0
3.725157812E1,-2.138842255E1,-2.061572937E1,-4.907544708E0
3.726160012E1,-1.398002838E1,-2.036305481E1,-8.636141052E0
3.727162312E1,-4.367018738E0,-1.507021133E1,-6.972051544E0
3.728164613E1,5.782475281E0,-8.316256256E0,-4.234244843E0
3.729166812E1,1.409079803E1,-2.539319458E0,-3.306923218E0
3.730169113E1,1.928320038E1,-1.037342834E-1,-2.825973358E0
3.731171412E1,2.045765808E1,-6.646179199E-1,-2.141895905E0
3.732173612E1,1.973705658E1,-2.398312683E0,-1.027762756E0
3.733175912E1,1.805799820E1,-4.405189362E0,8.532257080E-2
3.734178212E1,1.560699509E1,-5.839207306E0,3.480262756E-1
3.735180413E1,1.312665298E1,-6.384972382E0,2.799179077E-2
3.736182712E1,1.095975906E1,-6.458619232E0,-5.692662048E-1
3.737185013E1,8.739126892E0,-6.616840210E0,-1.878443756E0
3.738187212E1,6.866820374E0,-6.795718231E0,-3.181933136E0
3.739189513E1,5.796546021E0,-6.844666443E0,-3.923790436E0
3.740191812E1,4.883744202E0,-7.092850342E0,-4.776866455E0
3.741194012E1,3.958667908E0,-7.341183929E0,-5.717809753E0
3.742196313E1,3.606899414E0,-7.442373505E0,-6.615642700E0
3.743198612E1,4.141737213E0,-7.635921021E0,-7.803871765E0
3.744200813E1,5.422473907E0,-7.642806702E0,-8.075856171E0
3.745203112E1,6.755601654E0,-7.499704285E0,-7.036866760E0
3.746205413E1,7.256011047E0,-7.454198914E0,-6.706054688E0
3.747207612E1,6.746919708E0,-6.909481659E0,-6.429280243E0
3.748209912E1,6.709048462E0,-5.780379639E0,-6.318360901E0
3.749212212E1,7.649243317E0,-4.390070801E0,-6.846612396E0
3.750214412E1,8.741970978E0,-3.062032471E0,-8.277935944E0
3.751216713E1,9.714797974E0,-1.537303162E0,-1.067684738E1
3.752219012E1,1.013198044E1,8.247848511E-2,-1.101948486E1
3.753221213E1,9.623038788E0,1.359173584E0,-8.048463135E0
3.754223512E1,9.012308807E0,1.872605896E0,-4.773872681E0
3.755225812E1,8.829089813E0,2.065704346E0,-4.463867340E0
3.756228012E1,8.722810822E0,2.519410858E0,-4.262985077E0
3.757230312E1,8.723409576E0,2.928510132E0,-2.352208557E0
3.758232613E1,8.564140778E0,2.982847137E0,-1.328337708E0
3.759234812E1,7.947423248E0,3.576961670E0,-4.427792358E-1
3.760237113E1,7.328610077E0,4.103865967E0,1.306034088E0
3.761239412E1,7.241940308E0,4.124972076E0,1.170266418E0
3.762241613E1,7.592660980E0,3.816912689E0,-9.205856323E-1
3.763243912E1,8.444988556E0,2.675087128E0,-3.581751709E0
3.764246212E1,1.049198181E1,3.441343689E-1,-7.679181061E0
3.765248412E1,1.398227371E1,-1.687590637E0,-1.210128525E1
3.766250712E1,1.729683105E1,-2.651286621E0,-1.247550705E1
3.767253013E1,1.642205017E1,-3.727847900E0,-8.249794464E0
3.768255212E1,1.133038834E1,-4.687053223E0,-5.395080872E0
3.769257513E1,7.604037323E0,-4.930147705E0,-5.103786621E0
3.770259812E1,7.371121674E0,-4.626878357E0,-5.795797577E0
3.771262013E1,7.753576355E0,-3.607348480E0,-6.474037170E0
3.772264312E1,6.377487946E0,-3.614683228E0,-6.395899658E0
3.773266612E1,4.081113281E0,-4.476441193E0,-6.649921417E0
3.774268812E1,1.841770020E0,-4.957091675E0,-6.816524963E0
3.775271112E1,6.258485413E-1,-4.984634399E0,-6.367009735E0
3.776273413E1,1.473236389E0,-4.661755829E0,-5.852379913E0
3.777275612E1,3.928281097E0,-4.333039398E0,-5.774990845E0
3.778277913E1,6.360872498E0,-4.488266602E0,-5.515280914E0
3.779280212E1,7.832162933E0,-5.084476776E0,-5.073699188E0
3.780282412E1,8.256231079E0,-5.236410828E0,-4.520599365E0
3.781284712E1,7.871830444E0,-5.024750977E0,-4.322112122E0
3.782287012E1,7.551646271E0,-4.734354858E0,-4.569846954E0
3.783289213E1,8.068072357E0,-4.170178070E0,-4.622238007E0
3.784291512E1,9.048832855E0,-3.664529572E0,-4.512516174E0
3.785293813E1,9.525142365E0,-3.228636017E0,-4.617447968E0
3.786296112E1,9.122180328E0,-2.758613434E0,-4.678970032E0
3.787298313E1,8.391699371E0,-2.708318024E0,-4.064946899E0
3.788300612E1,7.968080292E0,-3.013233948E0,-3.191962280E0
3.789302912E1,7.925868073E0,-3.274590454E0,-2.850671997E0
3.790305113E1,8.324339447E0,-3.295397186E0,-3.254681854E0
3.791307412E1,9.373208313E0,-2.947520599E0,-3.836372223E0
3.792309713E1,1.035576508E1,-2.540067902E0,-4.092339935E0
3.793311912E1,1.057191559E1,-2.339485016E0,-4.161645813E0
3.794314213E1,1.025697052E1,-2.347568207E0,-4.026776276E0
3.795316512E1,9.590107269E0,-2.599194946E0,-3.823948059E0
3.796318712E1,8.777596893E0,-2.750979309E0,-3.872297516E0
3.797321012E1,8.203540649E0,-2.656825104E0,-4.115092621E0
3.798323312E1,8.186625824E0,-2.401306458E0,-4.362228699E0
3.799325513E1,8.402626648E0,-2.123334503E0,-4.480183411E0
3.800327812E1,8.308771820E0,-2.226769409E0,-4.112847290E0
3.801330113E1,7.914192352E0,-2.555036774E0,-3.318149872E0
3.802332312E1,7.610473938E0,-2.752476196E0,-2.875670013E0
3.803334612E1,8.105494537E0,-2.624342651E0,-3.260519714E0
3.804336912E1,9.357490997E0,-2.466271362E0,-3.703298950E0
3.805339112E1,1.034034714E1,-2.594704285E0,-3.574267273E0
3.806341413E1,1.032522858E1,-2.764002228E0,-3.485801239E0
3.807343712E1,1.004291565E1,-2.834655304E0,-3.444337463E0
3.808345913E1,9.799521790E0,-2.908302155E0,-3.385659485E0
3.809348212E1,8.931776276E0,-3.078049164E0,-3.669918365E0
3.810350513E1,7.778125305E0,-2.955603790E0,-3.993246002E0
3.811352712E1,7.474257202E0,-2.245181122E0,-4.224964142E0
3.812355012E1,8.226892090E0,-1.763632507E0,-4.034260712E0
3.813357313E1,9.321116638E0,-2.335742798E0,-3.218606873E0
3.814359512E1,9.989027710E0,-3.607947235E0,-2.630928955E0
3.815361813E1,1.018841309E1,-4.785548401E0,-2.549198914E0
3.816364112E1,9.807155914E0,-5.450016632E0,-2.797083435E0
3.817366313E1,8.985963593E0,-5.250780945E0,-3.239263916E0
3.818368612E1,8.304430847E0,-4.416565704E0,-3.956123199E0
3.819370912E1,7.904761963E0,-3.523971863E0,-4.458777924E0
3.820373112E1,7.525001678E0,-3.057691498E0,-4.110003204E0
3.821375325E1,6.939120026E0,-3.386707306E0,-3.590433655E0
3.822377625E1,6.388115845E0,-3.892056427E0,-3.142565002E0
3.823379825E1,6.400540009E0,-4.149521027E0,-2.841091919E0
3.824382125E1,7.414531403E0,-4.296515350E0,-2.515518951E0
3.825384425E1,8.614585876E0,-4.437971191E0,-2.346221008E0
3.826386625E1,9.154662781E0,-4.471501465E0,-2.457290039E0
3.827388925E1,9.172775116E0,-4.421804810E0,-2.673590240E0
3.828391225E1,8.915460205E0,-4.382736053E0,-2.812651062E0
3.829393425E1,8.411607971E0,-4.454436951E0,-2.658771057E0
3.830395725E1,7.939938812E0,-4.685855713E0,-2.649939423E0
3.831398025E1,7.457192688E0,-4.871918793E0,-2.853216705E0
3.832400225E1,7.023245087E0,-4.896467743E0,-2.809208221E0
3.833402525E1,7.014263763E0,-4.837640076E0,-2.749332733E0
3.834404825E1,7.400909729E0,-4.762496338E0,-2.743943939E0
3.835407025E1,7.514224091E0,-4.579576721E0,-2.997666321E0
3.836409325E1,7.671247559E0,-4.203109589E0,-3.317551117E0
3.837411625E1,8.003855896E0,-3.994443512E0,-3.046165466E0
3.838413825E1,8.484057312E0,-3.780688019E0,-2.525248718E0
3.839416125E1,8.837921448E0,-3.642076263E0,-2.052681427E0
3.840418425E1,8.936266937E0,-3.605851593E0,-1.382525024E0
3.841420625E1,9.365125122E0,-3.613785095E0,-1.067579956E0
3.842422925E1,1.028421387E1,-3.628753967E0,-1.165326691E0
3.843425225E1,1.105585922E1,-3.636388092E0,-1.389111328E0
3.844427425E1,1.125823837E1,-3.883075104E0,-1.481169891E0
3.845429725E1,1.093640762E1,-4.117337952E0,-1.465602264E0
3.846432025E1,1.022643402E1,-4.186494141E0,-1.623673553E0
3.847434325E1,9.454788666E0,-3.864962769E0,-1.999092865E0
3.848436525E1,8.892108765E0,-3.213966522E0,-2.858306122E0
3.849438825E1,8.550668793E0,-2.775677948E0,-3.651955719E0
3.850441125E1,7.916437683E0,-2.961591339E0,-3.249891815E0
3.851443325E1,7.118896179E0,-3.806584167E0,-2.483485565E0
3.852445625E1,6.754104767E0,-4.631219330E0,-2.361938324E0
3.853447925E1,6.768624573E0,-5.027295685E0,-2.238445129E0
3.854450125E1,7.128326569E0,-5.268294525E0,-2.105521545E0
3.855452425E1,7.991282043E0,-5.034630432E0,-2.007625122E0
3.856454725E1,8.808881836E0,-4.577630768E0,-2.138602753E0
3.857456925E1,9.046886902E0,-4.208947449E0,-2.447709961E0
3.858459225E1,8.884324951E0,-3.807931366E0,-2.235151978E0
3.859461525E1,8.503816223E0,-3.509751434E0,-1.896855469E0
3.860463725E1,8.229736176E0,-3.409310303E0,-1.937720490E0
3.861466025E1,8.262368317E0,-3.706292725E0,-1.772613831E0
3.862468325E1,8.496481476E0,-4.422702942E0,-1.553469543E0
3.863470525E1,8.534801788E0,-5.015170898E0,-1.673968964E0
3.864472825E1,8.461154938E0,-4.981341248E0,-2.059118042E0
3.865475125E1,8.615184631E0,-4.604574738E0,-2.514471130E0
3.866477325E1,8.943901062E0,-4.234544220E0,-2.448907471E0
3.867479625E1,9.192084961E0,-3.784280548E0,-2.174078979E0
3.868481925E1,9.089248810E0,-3.468437347E0,-2.322570190E0
3.869484125E1,8.891510010E0,-3.457210693E0,-1.997595978E0
3.870486425E1,9.460626526E0,-3.696862335E0,-1.432970123E0
3.871488725E1,1.042312500E1,-4.244273987E0,-9.211843872E-1
3.872490925E1,1.099119370E1,-4.817132721E0,-4.484674072E-1
3.873493225E1,1.115704880E1,-5.037923584E0,-3.499722290E-1
3.874495525E1,1.072235275E1,-4.878654785E0,-8.984317017E-1
3.875497725E1,1.011282028E1,-4.331392822E0,-1.852547607E0
3.876500025E1,9.654024353E0,-4.105362854E0,-1.840871887E0
3.877502325E1,9.223968658E0,-4.622986450E0,-1.563199310E0
3.878504525E1,8.458759918E0,-5.211861877E0,-1.664388885E0
3.879506825E1,7.455845490E0,-5.445076904E0,-1.814376984E0
3.880509125E1,6.642436981E0,-5.509592743E0,-2.095492401E0
3.881511325E1,6.253994751E0,-5.564528503E0,-2.235451355E0
3.882513625E1,6.380781097E0,-5.614374847E0,-1.805395660E0
3.883515925E1,6.887327728E0,-5.667514343E0,-1.374441833E0
3.884518125E1,7.802674255E0,-5.501509552E0,-1.729204102E0
3.885520425E1,8.328680420E0,-5.107229462E0,-2.191293182E0
3.886522725E1,8.233478394E0,-4.912185059E0,-1.741029510E0
3.887524925E1,8.369545441E0,-4.848267975E0,-1.333576813E0
3.888527225E1,8.513396301E0,-4.919968872E0,-1.080153809E0
3.889529525E1,8.288264465E0,-5.251080322E0,-1.191671906E0
3.890531725E1,8.139922943E0,-5.374274139E0,-1.561403046E0
3.891534025E1,8.093669128E0,-5.201233978E0,-1.636546783E0
3.892536325E1,8.170609131E0,-4.978497162E0,-1.948498077E0
3.893538525E1,8.283175049E0,-4.714745636E0,-2.405946808E0
3.894540825E1,8.519832916E0,-4.483626251E0,-1.801204376E0
3.895543125E1,9.018895111E0,-4.625680847E0,-1.389859772E0
3.896545325E1,9.082363129E0,-5.145250397E0,-5.120851135E-1
3.897547625E1,9.200018463E0,-5.699996796E0,5.270539856E-1
3.898549925E1,9.520951080E0,-6.088888092E0,1.134490814E0
3.899552125E1,9.482630768E0,-6.226601715E0,9.147477722E-1
3.900554425E1,9.093739471E0,-6.083349609E0,2.978805542E-2
3.901556725E1,8.633746033E0,-5.604046326E0,-8.878038025E-1
3.902558925E1,8.088430023E0,-4.939129028E0,-1.691482544E0
3.903561225E1,7.808362427E0,-4.442461853E0,-1.897454224E0
3.904563525E1,8.072563019E0,-4.227957916E0,-2.464774475E0
3.905565725E1,7.713908844E0,-4.341871033E0,-3.012934570E0
3.906568025E1,6.853498077E0,-4.467010803E0,-2.855462036E0
3.907570325E1,6.564299469E0,-4.676425323E0,-2.466421051E0
3.908572525E1,6.741081848E0,-4.917274475E0,-2.217189331E0
3.909574825E1,6.917415161E0,-4.827760620E0,-2.050585785E0
3.910577125E1,7.367529144E0,-4.503235474E0,-1.413360901E0
3.911579325E1,8.856482849E0,-4.216132507E0,-4.578977966E-1
3.912581625E1,1.057940002E1,-4.068838806E0,3.344046021E-1
3.913583925E1,1.163365768E1,-4.032464447E0,-3.830534363E-1
3.914586125E1,1.138008499E1,-4.147275696E0,-1.305884399E0
3.915588425E1,1.026146118E1,-4.360133057E0,-1.101110229E0
3.916590725E1,9.084159393E0,-4.747826843E0,-6.487509155E-1
3.917592925E1,8.312514038E0,-5.219945068E0,-5.596861267E-1
3.918595225E1,7.728877716E0,-5.465883636E0,-1.243613892E0
3.919597525E1,6.805897064E0,-5.508245544E0,-1.632205811E0
3.920599725E1,6.472540283E0,-5.370831299E0,-1.215023346E0
3.921602092E1,7.136409760E0,-5.126389618E0,-5.998027039E-1
3.922604392E1,7.905360718E0,-4.905598755E0,-2.595602417E-1
3.923606592E1,8.797355804E0,-4.631668396E0,7.349716187E-2
3.924608892E1,9.801916809E0,-4.509971466E0,-3.239263916E-1
3.925611192E1,1.018676651E1,-4.666845245E0,-1.359772339E0
3.926613392E1,9.924062805E0,-5.099146271E0,-1.017434235E0
3.927615692E1,9.328750763E0,-5.540877686E0,-5.237608337E-1
3.928617992E1,8.785979462E0,-5.776038666E0,-5.869294739E-1
3.929620192E1,8.295299835E0,-5.784570923E0,-8.616082764E-1
3.930622492E1,7.273824005E0,-5.919141083E0,-1.506467285E0
3.931624792E1,6.242169342E0,-5.838758240E0,-1.727407837E0
3.932626992E1,6.324198761E0,-5.257067871E0,-2.593207397E0
3.933629292E1,6.613547058E0,-4.801265717E0,-2.763553162E0
3.934631592E1,7.233258362E0,-4.572840729E0,-1.629661102E0
3.935633792E1,8.370892639E0,-4.408781891E0,-8.678952026E-1
3.936636092E1,9.469458160E0,-4.243226166E0,-2.234852600E-1
3.937638392E1,1.041294617E1,-4.246070251E0,8.053253174E-2
3.938640592E1,1.050829788E1,-4.675078125E0,-5.538482666E-2
3.939642892E1,9.535470886E0,-5.409151611E0,9.517208862E-1
3.940645192E1,8.561446381E0,-6.073769531E0,1.675914917E0
3.941647392E1,8.007298737E0,-6.344406738E0,1.693278809E0
3.942649692E1,8.009095001E0,-5.982459412E0,1.691482544E-1
3.943651992E1,7.639812927E0,-5.271737366E0,-1.890718231E0
3.944654192E1,6.911876678E0,-4.899461517E0,-2.009271698E0
3.945656492E1,6.916217651E0,-5.215005341E0,-1.898202667E0
3.946658792E1,7.284751282E0,-5.817203064E0,-3.167263641E0
3.947660992E1,6.747518463E0,-6.313271484E0,-2.639311523E0
3.948663292E1,5.985453186E0,-6.249204712E0,-1.556163940E0
3.949665592E1,5.421126709E0,-5.590724030E0,-7.223977661E-1
3.950667792E1,6.036047974E0,-4.981640625E0,-2.185455322E-2
3.951670092E1,7.860154724E0,-4.815935211E0,-3.273692322E-1
3.952672392E1,8.911717987E0,-5.378166046E0,5.974076843E-1
3.953674592E1,9.752369843E0,-5.697901154E0,6.740483093E-1
3.954676892E1,1.035366943E1,-5.350174255E0,-1.309776306E0
3.955679192E1,9.787247314E0,-4.973557434E0,-2.055824890E0
3.956681392E1,9.538614349E0,-4.497098236E0,-2.065255280E0
3.957683692E1,9.670639801E0,-4.006418610E0,-3.857328644E0
3.958685992E1,8.253536682E0,-4.405638428E0,-3.366050262E0
3.959688192E1,6.567293243E0,-5.234913940E0,-1.658251648E0
3.960690492E1,6.074517975E0,-5.674998779E0,-1.143771515E0
3.961692792E1,6.477779388E0,-5.564079437E0,-5.424719238E-1
3.962694992E1,7.401957550E0,-5.005590820E0,-4.806504822E-1
3.963697292E1,8.684041443E0,-4.306544495E0,-1.149309998E0
3.964699592E1,9.937684479E0,-4.163591766E0,-1.241518250E0
3.965701792E1,1.065574127E1,-4.747078400E0,-1.247655487E0
3.966704092E1,1.054437286E1,-5.272186432E0,-2.122885437E0
3.967706392E1,9.676178284E0,-5.445825348E0,-2.674937439E0
3.968708592E1,8.327632599E0,-5.519172821E0,-2.676134949E0
3.969710892E1,7.240892487E0,-5.608686676E0,-2.618654480E0
3.970713192E1,6.517147522E0,-5.388793945E0,-2.916984100E0
3.971715392E1,5.824837189E0,-5.103038177E0,-2.325863342E0
3.972717692E1,5.920787659E0,-5.070406036E0,-1.312021637E0
3.973719992E1,7.222031708E0,-5.207820282E0,-4.827461243E-1
3.974722192E1,8.962013397E0,-5.280269623E0,-3.704795837E-1
3.975724492E1,1.033570679E1,-5.242098999E0,-9.268725586E-1
3.976726792E1,1.124581421E1,-5.490881653E0,-1.140478363E0
3.977728992E1,1.158186539E1,-5.833219757E0,-9.848020935E-1
3.978731292E1,1.074031540E1,-6.022875366E0,-1.048868866E0
3.979733592E1,9.122629395E0,-5.954467621E0,-1.159638519E0
3.980735792E1,7.741750946E0,-5.728287964E0,-6.021977234E-1
3.981738092E1,6.949598236E0,-5.314997406E0,-1.294957123E0
3.982740392E1,6.232140198E0,-5.273234253E0,-2.683020630E0
3.983742592E1,5.417234802E0,-5.855523376E0,-2.101330261E0
3.984744892E1,5.189558258E0,-6.687792664E0,-1.190773773E0
3.985747192E1,5.250481567E0,-7.170987854E0,-8.283773804E-1
3.986749392E1,5.338498535E0,-7.093748474E0,-7.641609192E-1
3.987751692E1,6.029162292E0,-6.877747650E0,-5.066963196E-1
3.988753992E1,7.827672272E0,-6.540498962E0,-7.602690125E-1
3.989756192E1,9.238787842E0,-6.156248016E0,-2.175126801E0
3.990758492E1,9.095086670E0,-6.166277161E0,-1.719923401E0
3.991760792E1,8.378975830E0,-6.332281952E0,-8.319699097E-1
3.992762992E1,7.714507599E0,-6.199508057E0,-9.072633362E-1
3.993765292E1,7.146588593E0,-5.648354187E0,-1.467099152E0
3.994767592E1,6.841223602E0,-5.206323395E0,-1.946851501E0
3.995769792E1,6.992109833E0,-5.319488068E0,-1.762734375E0
3.996772092E1,7.237449646E0,-5.904920654E0,-1.627715149E0
3.997774392E1,7.451055450E0,-6.542594604E0,-1.642983398E0
3.998776592E1,7.689958649E0,-6.717730408E0,-1.741777954E0
3.999778892E1,7.794291687E0,-6.347999268E0,-1.854942627E0
4.000781192E1,7.978259125E0,-5.570366364E0,-2.004481659E0
4.001783392E1,8.285869446E0,-5.247338104E0,-2.265688477E0
4.002785692E1,8.252339172E0,-5.855673065E0,-1.796863403E0
4.003787992E1,7.522157593E0,-6.857389984E0,-1.268312531E0
4.004790192E1,6.486910400E0,-7.476502533E0,-1.277293854E0
4.005792492E1,5.720653839E0,-7.408693542E0,-1.421144714E0
4.006794792E1,5.409450989E0,-7.094945984E0,-1.904489594E0
4.007796992E1,5.522615662E0,-6.897207184E0,-2.465672607E0
4.008799292E1,5.985453186E0,-6.754703522E0,-2.697390747E0
4.009801592E1,6.520590363E0,-6.553222504E0,-3.080444183E0
4.010803792E1,7.035070496E0,-6.384972382E0,-3.144660645E0
4.011806092E1,7.453899536E0,-6.294261017E0,-2.504142609E0
4.012808392E1,7.563172302E0,-6.305188293E0,-1.439107361E0
4.013810592E1,7.342531128E0,-6.409671021E0,-7.867639160E-1
4.014812892E1,7.059020691E0,-6.627917175E0,-7.476951599E-1
4.015815192E1,6.950795746E0,-6.859785004E0,-9.493258667E-1
4.016817392E1,6.890022125E0,-6.799460449E0,-1.343905334E0
4.017819692E1,6.788832550E0,-6.515500946E0,-2.019001465E0
4.018821992E1,6.851552124E0,-6.418502655E0,-2.533631287E0
4.019824192E1,6.955735474E0,-6.457870789E0,-2.533930664E0
4.020826492E1,6.894213409E0,-6.291566620E0,-2.770738220E0
4.021828729E1,6.964417419E0,-5.992937622E0,-2.997366943E0
4.022830929E1,7.391179962E0,-5.800288239E0,-2.777623901E0
4.023833229E1,7.756270752E0,-5.907465363E0,-2.136357422E0
4.024835529E1,7.843539276E0,-6.270460510E0,-1.461111603E0
4.025837729E1,7.911348267E0,-6.599326630E0,-9.737251282E-1
4.026840029E1,8.104297028E0,-6.956783295E0,-8.390052795E-1
4.027842329E1,8.341104584E0,-7.360793152E0,-8.005352783E-1
4.028844529E1,8.345894623E0,-7.598648529E0,-7.906558228E-1
4.029846829E1,8.035440216E0,-7.560777283E0,-1.149309998E0
4.030849129E1,7.498057709E0,-7.288792877E0,-1.537003784E0
4.031851329E1,6.969656525E0,-7.083869019E0,-1.944157104E0
4.032853629E1,6.919211426E0,-7.186555481E0,-2.106120300E0
4.033855929E1,6.832841034E0,-7.464527435E0,-1.785187683E0
4.034858129E1,6.143075409E0,-7.382348328E0,-1.428629150E0
4.035860429E1,5.610033875E0,-6.922504578E0,-1.454974365E0
4.036862729E1,5.885760498E0,-6.537205811E0,-1.385668488E0
4.037864929E1,6.714287567E0,-6.453679504E0,-1.516496429E0
4.038867229E1,7.613168335E0,-6.521937561E0,-1.718725891E0
4.039869529E1,8.218359833E0,-6.526727600E0,-1.881587219E0
4.040871729E1,8.516090698E0,-6.897805939E0,-1.460812225E0
4.041874029E1,8.271050262E0,-7.560028839E0,-5.234614563E-1
4.042876329E1,7.514673157E0,-7.969577179E0,-4.122427368E-1
4.043878529E1,6.804699554E0,-7.931705933E0,-1.151705017E0
4.044880829E1,6.366410980E0,-7.699838104E0,-1.817969513E0
4.045883129E1,5.914500732E0,-7.496560822E0,-2.291584625E0
4.046885329E1,5.128485260E0,-7.272476807E0,-2.435585175E0
4.047887629E1,4.257296906E0,-6.869814148E0,-2.514620819E0
4.048889929E1,3.993545380E0,-6.731352081E0,-2.473157043E0
4.049892129E1,4.447850647E0,-7.132667542E0,-2.092199249E0
4.050894429E1,4.941074982E0,-7.802973633E0,-1.802551575E0
4.051896729E1,5.164260864E0,-8.397686920E0,-1.287173309E0
4.052898929E1,5.314548340E0,-8.483159180E0,-9.446855164E-1
4.053901229E1,5.444777527E0,-7.925269318E0,-1.472787323E0
4.054903529E1,5.892646179E0,-7.164850616E0,-2.149530029E0
4.055905729E1,6.273005219E0,-6.593788147E0,-2.335293732E0
4.056908029E1,6.079158325E0,-6.565197601E0,-2.487078094E0
4.057910329E1,5.718857574E0,-7.197482758E0,-2.121089172E0
4.058912529E1,5.384003906E0,-8.014633484E0,-1.542841644E0
4.059914829E1,5.318589935E0,-8.507857819E0,-1.647923126E0
4.060917129E1,5.288203125E0,-8.378077698E0,-1.864073639E0
4.061919329E1,4.979245605E0,-7.785310364E0,-2.413580933E0
4.062921629E1,4.874912567E0,-7.686216431E0,-2.704725494E0
4.063923929E1,4.872966614E0,-8.499475250E0,-1.845362549E0
4.064926129E1,3.910019073E0,-9.545050964E0,-1.174607391E0
4.065928429E1,2.859803009E0,-1.000339783E1,-1.086889801E0
4.066930729E1,2.788401489E0,-9.776619415E0,-1.021475830E0
4.067932929E1,3.179687805E0,-9.094487915E0,-1.292262726E0
4.068935229E1,3.544329529E0,-7.943830719E0,-1.992356873E0
4.069937529E1,4.294868774E0,-6.818470917E0,-2.986140289E0
4.070939729E1,5.526058502E0,-7.083419952E0,-3.090623016E0
4.071942029E1,6.244714050E0,-8.092920685E0,-1.916165314E0
4.072944229E1,6.445147247E0,-8.809181213E0,-9.003776550E-1
4.073946529E1,6.836283875E0,-8.982969818E0,-3.668870544E-1
4.074948829E1,7.461683350E0,-8.444389801E0,-6.493496704E-1
4.075951129E1,7.729476471E0,-7.089407501E0,-1.655856628E0
4.076953329E1,7.757617950E0,-6.139482880E0,-1.995051270E0
4.077955629E1,7.934849396E0,-6.859036560E0,-9.988728333E-1
4.078957829E1,7.583529968E0,-8.281229095E0,3.391946411E-1
4.079960129E1,6.587201843E0,-9.218579865E0,3.495231628E-1
4.080962429E1,5.684429169E0,-9.088200989E0,-9.327104187E-1
4.081964629E1,5.070855103E0,-8.203840027E0,-2.440973969E0
4.082966929E1,4.718338165E0,-7.503745880E0,-2.835254059E0
4.083969229E1,4.816384277E0,-7.428452454E0,-2.179168396E0
4.084971429E1,5.388344879E0,-8.193511505E0,-2.491419067E0
4.085973729E1,5.179678802E0,-9.590107269E0,-1.747615814E0
4.086976029E1,4.398752747E0,-1.055949142E1,-1.067280579E0
4.087978229E1,4.061953125E0,-1.030382309E1,-1.581461334E0
4.088980529E1,3.462300110E0,-9.051676941E0,-2.238445129E0
4.089982829E1,3.125949554E0,-8.037984924E0,-2.185006256E0
4.090985029E1,3.578458557E0,-7.848029938E0,-2.550097046E0
4.091987329E1,3.854484558E0,-8.386310577E0,-3.772904205E0
4.092989629E1,3.335813141E0,-9.208251343E0,-1.971550140E0
4.093991829E1,3.222798157E0,-9.427245941E0,-1.920506287E-1
4.094994129E1,3.994144135E0,-8.896749115E0,-6.200106812E-1
4.095996429E1,4.953499146E0,-8.208480377E0,-1.642684021E0
4.096998629E1,5.906417542E0,-7.890541534E0,-2.133962402E0
4.098000929E1,6.602320404E0,-8.078101501E0,-1.844763794E0
4.099003229E1,6.729705505E0,-8.609646149E0,-1.060245209E0
4.100005429E1,6.382727051E0,-9.007668457E0,-1.769320679E0
4.101007729E1,5.686375122E0,-8.914562073E0,-2.665806427E0
4.102010029E1,4.421655121E0,-8.250692596E0,-2.008523254E0
4.103012229E1,3.540737000E0,-7.366331635E0,-2.122735748E0
4.104014529E1,3.594924316E0,-7.156917114E0,-2.092348938E0
4.105016829E1,4.231550446E0,-7.598798218E0,-1.455872498E0
4.106019029E1,4.782854004E0,-8.412506104E0,-9.714797974E-1
4.107021329E1,5.431305542E0,-9.273665314E0,-4.825964355E-1
4.108023629E1,6.163283386E0,-9.655072174E0,-4.790039062E-3
4.109025829E1,6.661297760E0,-9.433832245E0,4.712200928E-1
4.110028129E1,6.700366516E0,-9.161698151E0,9.999206543E-2
4.111030429E1,5.785618744E0,-9.123527527E0,-6.348298645E-1
4.112032629E1,4.083957367E0,-9.110504608E0,-5.921685791E-1
4.113034929E1,2.820734253E0,-9.421408081E0,-3.121009827E-1
4.114037229E1,2.121089172E0,-9.901010742E0,-7.963439941E-2
4.115039429E1,1.623374176E0,-9.834698639E0,-7.050338745E-1
4.116041729E1,1.342408447E0,-9.349707184E0,-2.135459290E0
4.117044029E1,1.249601440E0,-8.863667908E0,-3.155438232E0
4.118046229E1,1.729802856E0,-8.641380157E0,-3.326382751E0
4.119048529E1,2.684218140E0,-8.572523346E0,-2.827769623E0
4.120050829E1,4.117337952E0,-8.649912415E0,-3.050356750E0
4.121053029E1,6.158792725E0,-9.181307373E0,-3.111878815E0
4.122055317E1,6.586004333E0,-9.581425323E0,-1.211580505E0
4.123057617E1,5.555547180E0,-9.128467255E0,-3.815565491E-1
4.124059817E1,4.788542175E0,-8.219557343E0,-4.484674072E-1
4.125062117E1,4.755910034E0,-7.874674530E0,-6.387217712E-1
4.126064417E1,5.094356232E0,-8.133935394E0,-8.177494812E-1
4.127066617E1,5.468428345E0,-8.367000732E0,-6.120771790E-1
4.128068917E1,5.674849091E0,-8.662935333E0,-3.159928894E-1
4.129071217E1,5.568270721E0,-9.009464722E0,-3.861968994E-1
4.130073417E1,5.061574402E0,-9.142088928E0,-7.021897888E-1
4.131075717E1,3.925586700E0,-9.200467529E0,-1.197360077E0
4.132078017E1,2.499951324E0,-9.146130524E0,-1.341510315E0
4.133080217E1,1.554667053E0,-9.087003479E0,-1.230890350E0
4.134082517E1,1.644480286E0,-9.674531708E0,-9.812095642E-1
4.135084817E1,2.216291199E0,-1.045426025E1,-3.576063538E-1
4.136087017E1,2.363135834E0,-1.054856415E1,3.589535522E-1
4.137089317E1,2.382295990E0,-9.880353699E0,8.448431396E-1
4.138091617E1,2.934497681E0,-8.977131958E0,1.414109344E0
4.139093817E1,3.972738647E0,-8.350534973E0,1.931134186E0
4.140096117E1,4.900659027E0,-8.141120453E0,1.703906708E0
4.141098417E1,4.951852570E0,-8.802295532E0,9.599537659E-1
4.142100617E1,4.033961334E0,-9.836195526E0,2.671943665E-1
4.143102917E1,2.802621918E0,-1.014679962E1,-4.093986511E-1
4.144105117E1,1.724114685E0,-9.939480743E0,-9.633966064E-1
4.145107417E1,1.172362061E0,-9.443861389E0,-8.643026733E-1
4.146109717E1,1.361119537E0,-8.773106232E0,-7.131170654E-1
4.147111917E1,2.279459839E0,-8.391699371E0,-9.367520142E-1
4.148114217E1,3.797752533E0,-8.492589569E0,-9.825567627E-1
4.149116517E1,5.325325928E0,-8.605604553E0,-8.072712708E-1
4.150118717E1,6.140081635E0,-8.545878754E0,-5.774990845E-1
4.151121017E1,6.320755920E0,-8.655450897E0,-1.532812500E-1
4.152123317E1,6.009104004E0,-8.772657166E0,5.051994324E-1
4.153125517E1,5.156626740E0,-8.794661407E0,8.969348145E-1
4.154127817E1,3.998335419E0,-9.188941498E0,7.297325134E-1
4.155130117E1,3.062331848E0,-1.003573059E1,4.543052673E-1
4.156132317E1,2.445165253E0,-1.044273422E1,3.591032410E-1
4.157134617E1,1.692530365E0,-1.012898666E1,3.020718384E-1
4.158136917E1,8.554710388E-1,-9.485624542E0,3.438349915E-1
4.159139117E1,4.695735168E-1,-8.795709229E0,3.134481812E-1
4.160141417E1,8.777746582E-1,-8.801846466E0,-1.152603149E-2
4.161143717E1,2.109862518E0,-9.748777313E0,-4.219725037E-1
4.162145917E1,3.509302368E0,-1.040516235E1,-6.553372192E-1
4.163148217E1,4.313879242E0,-1.002450394E1,-5.915698242E-1
4.164150517E1,4.365671539E0,-9.229058075E0,-4.740641785E-1
4.165152717E1,4.198768616E0,-8.664132843E0,-2.808160400E-1
4.166155017E1,4.127816162E0,-8.387657776E0,-1.293310547E-1
4.167157317E1,4.144132233E0,-8.466394043E0,-1.213975525E-1
4.168159517E1,4.207300873E0,-9.037606201E0,-8.487350464E-2
4.169161817E1,4.057312775E0,-9.655072174E0,1.953437805E-1
4.170164117E1,3.590134277E0,-9.786648560E0,5.474116516E-1
4.171166317E1,2.973566437E0,-9.555229797E0,7.948471069E-1
4.172168617E1,2.460732880E0,-9.033564606E0,9.529183960E-1
4.173170917E1,2.104174347E0,-8.412057037E0,8.822653198E-1
4.174173117E1,2.237546997E0,-8.808881836E0,7.589218140E-1
4.175175417E1,2.904110870E0,-9.598938904E0,5.001100159E-1
4.176177717E1,3.409909058E0,-9.592651978E0,-1.193019104E-1
4.177179917E1,3.277434540E0,-9.462123413E0,-5.917195129E-1
4.178182217E1,3.003504181E0,-9.655521240E0,-7.146139526E-1
4.179184517E1,3.054997101E0,-9.789043579E0,-6.807843018E-1
4.180186717E1,3.579506378E0,-9.468859406E0,-4.912783813E-1
4.181189017E1,4.185446320E0,-8.959768066E0,-2.447410583E-1
4.182191317E1,4.305945740E0,-8.582552490E0,-9.909393311E-2
4.183193517E1,4.198020172E0,-8.576714630E0,-9.325607300E-2
4.184195817E1,4.448898468E0,-8.772357788E0,-1.059796143E-1
4.185198117E1,4.806654510E0,-8.900191956E0,-1.957928467E-1
4.186200317E1,4.756658478E0,-9.033863983E0,-2.359094238E-1
4.187202617E1,4.286336517E0,-9.089099121E0,-1.215472412E-1
4.188204917E1,3.774700470E0,-9.210496674E0,1.091230774E-1
4.189207117E1,3.379073181E0,-9.266330566E0,4.415817261E-2
4.190209417E1,2.918930054E0,-9.216633911E0,-4.577481079E-1
4.191211717E1,2.541714478E0,-9.368717651E0,-8.680448914E-1
4.192213917E1,2.278262329E0,-9.697733459E0,-1.012943573E0
4.193216217E1,1.910776520E0,-9.796228638E0,-9.837542725E-1
4.194218517E1,1.533111877E0,-9.528136139E0,-8.360115051E-1
4.195220717E1,1.281784515E0,-9.393865356E0,-5.701643372E-1
4.196223017E1,1.429826660E0,-9.455537109E0,-3.445834351E-1
4.197225317E1,2.000440063E0,-9.201066284E0,-3.827540588E-1
4.198227517E1,2.633024597E0,-8.851842499E0,-6.563850403E-1
4.199229817E1,3.255729675E0,-9.023535461E0,-7.909552002E-1
4.200232117E1,3.831432495E0,-9.374854889E0,-7.059320068E-1
4.201234317E1,4.061354370E0,-9.482331390E0,-4.833448792E-1
4.202236617E1,3.820954285E0,-9.525142365E0,-2.646496582E-1
4.203238917E1,3.476969604E0,-9.622739410E0,-1.164578247E-1
4.204241117E1,3.309018860E0,-9.838141479E0,-1.737886047E-1
4.205243417E1,3.466341705E0,-1.004890320E1,-3.032693481E-1
4.206245717E1,3.778592377E0,-9.961784363E0,-3.182382202E-1
4.207247917E1,3.933819580E0,-9.672286377E0,-1.431024170E-1
4.208250217E1,3.722608795E0,-9.422755280E0,2.038760376E-1
4.209252417E1,3.258124695E0,-9.203311615E0,4.481680298E-1
4.210254717E1,2.965483246E0,-8.822952576E0,4.996609497E-1
4.211257017E1,3.103346558E0,-8.170908508E0,2.757266235E-1
4.212259217E1,3.725602570E0,-7.464826813E0,-8.187973022E-2
4.213261517E1,4.761448517E0,-7.261848907E0,-2.555186462E-1
4.214263817E1,5.704188080E0,-7.864495697E0,-2.830613708E-1
4.215266017E1,5.992787933E0,-8.863368530E0,-2.026785278E-1
4.216268317E1,5.359454956E0,-9.691745911E0,-1.643582153E-1
4.217270617E1,4.130061493E0,-1.009216324E1,-1.381626892E-1
4.218272817E1,2.901865540E0,-1.033450928E1,-1.478924561E-1
4.219275117E1,1.898052979E0,-1.034738251E1,-3.282673645E-1
4.220277417E1,1.143621826E0,-9.909692688E0,-6.185137939E-1
4.221279642E1,6.738986206E-1,-9.382189636E0,-6.527925110E-1
4.222281942E1,6.732998657E-1,-9.113797760E0,-3.896397400E-1
4.223284242E1,1.109941864E0,-8.976533203E0,-6.406677246E-2
4.224286442E1,1.956431580E0,-9.117090912E0,1.570234680E-1
4.225288742E1,3.038681030E0,-9.579179993E0,3.219804382E-1
4.226291042E1,4.202510834E0,-1.002779709E1,2.417472839E-1
4.227293242E1,5.299729156E0,-1.020577698E1,2.041754150E-1
4.228295542E1,5.969885559E0,-1.001746857E1,2.718347168E-1
4.229297842E1,5.777385864E0,-9.613758087E0,1.110690308E-1
4.230300042E1,4.879702606E0,-9.299561462E0,1.496887207E-3
4.231302342E1,3.808979187E0,-9.225465546E0,9.535171509E-2
4.232304642E1,2.901566162E0,-9.239835663E0,1.627116394E-1
4.233306842E1,2.262545013E0,-9.327253876E0,1.079255676E-1
4.234309142E1,1.839075623E0,-9.571545868E0,2.260299683E-2
4.235311442E1,1.538201294E0,-9.798024902E0,7.140151978E-2
4.236313642E1,1.346150665E0,-9.741891632E0,1.350192261E-1
4.237315942E1,1.278491364E0,-9.445507965E0,1.490899658E-1
4.238318242E1,1.330732727E0,-9.229656830E0,1.489402771E-1
4.239320442E1,1.455124054E0,-9.278006287E0,6.167175293E-2
4.240322742E1,1.621727600E0,-9.319619751E0,-1.049317932E-1
4.241325042E1,1.860181732E0,-9.139095154E0,-3.326083374E-1
4.242327242E1,2.268682251E0,-8.983867950E0,-8.044271851E-1
4.243329542E1,2.849324799E0,-8.896749115E0,-1.233734436E0
4.244331842E1,3.381617889E0,-8.809181213E0,-1.182690582E0
4.245334042E1,3.496429138E0,-8.741072845E0,-8.556207275E-1
4.246336342E1,3.198398895E0,-8.605005798E0,-2.351609802E-1
4.247338642E1,2.693199463E0,-8.168214111E0,4.778063965E-1
4.248340842E1,2.069296875E0,-7.114555206E0,9.737251282E-1
4.249343142E1,1.459614716E0,-5.563181305E0,1.343755646E0
4.250345442E1,1.198258209E0,-4.190984802E0,7.849676514E-1
4.251347642E1,2.432441711E0,-3.339705048E0,-1.508113861E0
4.252349942E1,5.995033264E0,-1.788480835E0,-2.014510803E0
4.253352242E1,9.503587189E0,-1.059646454E0,2.194436646E-1
4.254354442E1,1.221564743E1,-2.968327332E0,1.604812775E0
4.255356742E1,1.240560242E1,-6.292764130E0,2.685116272E0
4.256359042E1,9.488618317E0,-5.095703430E0,4.000730438E0
4.257361242E1,7.708819427E0,-2.007176056E0,3.992048492E0
4.258363542E1,8.100854187E0,-1.635349274E0,4.257596283E0
4.259365842E1,9.308243408E0,-2.744542694E0,3.958667908E0
4.260368042E1,1.020517822E1,-4.652924194E0,2.327509918E0
4.261370342E1,9.743987274E0,-6.894063721E0,-4.273612976E-1
4.262372642E1,8.157286835E0,-8.589438171E0,-4.326752472E0
4.263374842E1,5.855822754E0,-8.986113281E0,-7.798333282E0
4.264377142E1,3.173251190E0,-8.431815948E0,-9.486822052E0
4.265379342E1,2.656974792E-1,-7.759863281E0,-9.472451935E0
4.266381642E1,-2.615511017E0,-7.565567322E0,-8.353379059E0
4.267383942E1,-5.104235687E0,-8.078999634E0,-7.332951050E0
4.268386142E1,-6.669081573E0,-8.692873077E0,-7.066205750E0
4.269388442E1,-7.029082947E0,-8.630452881E0,-7.533833313E0
4.270390742E1,-6.219416656E0,-7.774233398E0,-9.017547913E0
4.271392942E1,-4.391567688E0,-6.499334564E0,-1.074720108E1
4.272395242E1,-1.741927643E0,-5.691614227E0,-1.161120438E1
4.273397542E1,1.315763855E0,-5.452411652E0,-1.139340729E1
4.274399742E1,4.122127991E0,-5.430706787E0,-1.087623276E1
4.275402042E1,5.970035248E0,-5.819897461E0,-1.028346542E1
4.276404342E1,7.138804779E0,-6.451434174E0,-9.474098511E0
4.277406542E1,8.250692596E0,-6.849606171E0,-8.371042328E0
4.278408842E1,9.556876373E0,-6.856491852E0,-6.898704071E0
4.279411142E1,1.056383240E1,-6.465055847E0,-5.324876862E0
4.280413342E1,1.041309586E1,-6.488706665E0,-4.324207764E0
4.281415642E1,9.776170349E0,-7.464228058E0,-5.888454895E0
4.282417942E1,1.046009811E1,-7.979756012E0,-1.006656647E1
4.283420142E1,1.180355438E1,-6.885531464E0,-1.318084030E1
4.284422442E1,1.213736023E1,-3.510649567E0,-1.269016068E1
4.285424742E1,1.030172745E1,-1.369651794E-1,-6.499633942E0
4.286426942E1,7.490573273E0,7.987390137E-1,4.766088867E-1
4.287429242E1,5.525010681E0,-1.214125214E0,4.640350342E-2
4.288431542E1,7.586224365E0,-4.339775391E0,-7.019053802E0
4.289433742E1,1.319850357E1,-4.153712311E0,-1.325852875E1
4.290436042E1,1.688069641E1,-4.881498871E0,-1.463207245E1
4.291438342E1,1.952210358E1,-6.577771454E0,-1.773467056E1
4.292440542E1,1.860166763E1,-5.812263336E0,-1.764889893E1
4.293442842E1,1.387749161E1,-2.981649628E0,-9.817185059E0
4.294445142E1,8.760682068E0,-2.120191040E0,-9.101074219E-2
4.295447342E1,4.756808167E0,-2.464774475E0,4.310885468E0
4.296449642E1,3.396736450E0,-2.653082886E0,3.575315094E0
4.297451942E1,5.757477264E0,-2.826272736E0,5.858816528E-1
4.298454142E1,8.116421814E0,-3.935765533E0,-3.922742615E0
4.299456442E1,8.646768951E0,-5.299878845E0,-9.554481354E0
4.300458742E1,7.627987518E0,-6.113886108E0,-1.415007477E1
4.301460942E1,5.832022247E0,-6.599775696E0,-1.600247269E1
4.302463242E1,2.997217255E0,-7.355254669E0,-1.427985489E1
4.303465542E1,-6.560856628E-1,-8.546477509E0,-9.421408081E0
4.304467742E1,-3.253334656E0,-9.953401794E0,-4.529880066E0
4.305470042E1,-2.165097656E0,-1.087728058E1,-2.279609528E0
4.306472342E1,2.976410522E0,-1.081785416E1,-2.409539337E0
4.307474542E1,7.690856781E0,-9.827663269E0,-4.060456238E0
4.308476842E1,9.256900177E0,-7.882009277E0,-5.797893219E0
4.309479142E1,8.401429138E0,-5.552254028E0,-6.981931000E0
4.310481342E1,6.704408112E0,-3.390748901E0,-7.554490356E0
4.311483642E1,5.354365540E0,-2.388433228E0,-7.446564789E0
4.312485942E1,4.882995758E0,-3.231031036E0,-6.668782196E0
4.313488142E1,4.956642609E0,-5.287155304E0,-5.482798462E0
4.314490442E1,4.822970581E0,-7.483986969E0,-4.350702667E0
4.315492742E1,4.229005737E0,-8.445737000E0,-3.289259949E0
4.316494942E1,4.127516785E0,-7.991132355E0,-3.174448700E0
4.317497242E1,5.839806061E0,-6.486461334E0,-4.553680573E0
4.318499542E1,8.196804657E0,-4.558470612E0,-6.026617584E0
4.319501742E1,9.828711090E0,-2.833757172E0,-6.807543640E0
4.320504042E1,9.838141479E0,-2.236648865E0,-7.043752441E0
4.321506400E1,7.939639435E0,-2.944227448E0,-6.105802917E0
4.322508600E1,5.213508453E0,-4.139641571E0,-4.786147156E0
4.323510900E1,3.351680145E0,-5.080285492E0,-4.177812195E0
4.324513200E1,3.186274109E0,-5.107229462E0,-4.608466644E0
4.325515400E1,4.447850647E0,-4.533921661E0,-5.540428619E0
4.326517700E1,6.166576538E0,-3.869303741E0,-6.051316223E0
4.327520000E1,7.098837891E0,-3.597319336E0,-6.023474121E0
4.328522200E1,7.655979309E0,-4.189487915E0,-5.176834717E0
4.329524500E1,7.693700867E0,-4.766837311E0,-4.233047333E0
4.330526800E1,7.176376648E0,-4.603975983E0,-4.229903870E0
4.331529000E1,7.377109222E0,-4.199816437E0,-4.790338440E0
4.332531300E1,8.013286285E0,-4.337080994E0,-5.076393585E0
4.333533500E1,7.846533051E0,-4.948260040E0,-5.461392975E0
4.334535800E1,7.234156494E0,-5.728587341E0,-5.583988037E0
4.335538100E1,6.532565460E0,-6.317163391E0,-5.395829315E0
4.336540300E1,5.725593567E0,-6.125561829E0,-4.929998016E0
4.337542600E1,4.938829651E0,-5.375321960E0,-4.690496063E0
4.338544900E1,4.591701508E0,-4.234843597E0,-5.289700012E0
4.339547100E1,5.306764526E0,-3.421584778E0,-5.771697693E0
4.340549400E1,6.327042847E0,-3.428470459E0,-5.639971619E0
4.341551700E1,6.693780212E0,-4.409230957E0,-5.592669983E0
4.342553900E1,7.078929291E0,-5.950276337E0,-5.481301575E0
4.343556200E1,7.205266571E0,-7.237150269E0,-4.903652802E0
4.344558500E1,6.516399078E0,-7.982749786E0,-4.111350403E0
4.345560700E1,5.100044403E0,-7.964487762E0,-4.076472931E0
4.346563000E1,3.895349579E0,-7.112609253E0,-4.715643768E0
4.347565300E1,3.587589569E0,-5.724545746E0,-5.765859833E0
4.348567500E1,3.750450897E0,-4.592000885E0,-6.569987640E0
4.349569800E1,3.734284515E0,-4.427193604E0,-6.597081299E0
4.350572100E1,4.049528961E0,-5.337151337E0,-5.634582825E0
4.351574300E1,5.422922974E0,-6.541546783E0,-4.456831970E0
4.352576600E1,7.004234619E0,-7.423363037E0,-3.594325562E0
4.353578900E1,7.680977325E0,-7.828121338E0,-3.017874298E0
4.354581100E1,7.630382538E0,-7.472460938E0,-3.358865204E0
4.355583400E1,7.359445953E0,-6.415658569E0,-4.437073059E0
4.356585700E1,6.997199249E0,-5.459297333E0,-4.672982483E0
4.357587900E1,6.331683197E0,-5.310057678E0,-4.372856598E0
4.358590200E1,5.905669098E0,-5.864654388E0,-4.361180878E0
4.359592500E1,5.746250610E0,-6.722969513E0,-4.132755890E0
4.360594700E1,5.437891846E0,-7.585176544E0,-3.031046906E0
4.361597000E1,4.751419373E0,-8.291108551E0,-2.195334778E0
4.362599300E1,4.205654297E0,-8.487051086E0,-1.927541656E0
4.363601500E1,4.353995819E0,-8.308622131E0,-1.735491028E0
4.364603800E1,5.010081482E0,-8.255782013E0,-2.081870728E0
4.365606100E1,5.616919556E0,-8.543932800E0,-2.573747864E0
4.366608300E1,6.274053040E0,-9.616751862E0,-2.224823456E0
4.367610600E1,7.158713379E0,-1.071202423E1,-1.380279694E0
4.368612900E1,8.084538116E0,-1.127021347E1,-1.708996124E0
4.369615100E1,8.230933685E0,-1.108010880E1,-4.466412048E0
4.370617400E1,6.808591461E0,-9.625733185E0,-6.549031219E0
4.371619700E1,5.089566193E0,-7.363487549E0,-5.625751190E0
4.372621900E1,4.375251617E0,-5.776038666E0,-3.564387817E0
4.373624200E1,4.767735443E0,-5.417384491E0,-2.747536469E0
4.374626500E1,6.083648987E0,-6.298452301E0,-2.327360229E0
4.375628700E1,7.602091370E0,-7.571704559E0,-1.457818451E0
4.376631000E1,8.861721954E0,-8.167465668E0,-9.855505371E-1
4.377633300E1,1.021730301E1,-7.958949280E0,-8.975335693E-1
4.378635500E1,1.194935120E1,-6.741530914E0,-1.156195679E0
4.379637800E1,1.303249878E1,-5.191354523E0,-9.816586304E-1
4.380640100E1,1.261037659E1,-3.917054443E0,-1.219963074E0
4.381642300E1,1.091934311E1,-3.074756012E0,-1.771416321E0
4.382644600E1,9.475894775E0,-2.846031647E0,-1.560953979E0
4.383646900E1,8.389154663E0,-3.736380157E0,-1.070274353E0
4.384649100E1,7.228168945E0,-5.056934052E0,-1.011596375E0
4.385651400E1,6.944059753E0,-5.953419800E0,-1.240620117E0
4.386653700E1,7.415728912E0,-6.676566010E0,-1.494941254E0
4.387655900E1,7.319029999E0,-7.219786377E0,-1.456620941E0
4.388658200E1,6.801107025E0,-7.005581818E0,-1.712438965E0
4.389660500E1,6.402036896E0,-6.178252258E0,-2.424807587E0
4.390662700E1,5.977819061E0,-5.228926392E0,-2.817890167E0
4.391665000E1,5.734724579E0,-4.902604980E0,-2.667153625E0
4.392667300E1,5.823489990E0,-5.642815704E0,-3.001109161E0
4.393669500E1,6.082152100E0,-6.934928741E0,-2.949765930E0
4.394671800E1,5.972579956E0,-8.125103760E0,-1.994153137E0
4.395674100E1,5.684728546E0,-8.766968994E0,-9.000782776E-1
4.396676300E1,5.755980377E0,-8.510851593E0,-1.027912445E0
4.397678600E1,5.993386688E0,-7.112758942E0,-1.303788757E0
4.398680900E1,6.247408447E0,-5.499114532E0,-1.425635376E0
4.399683100E1,6.429579620E0,-4.555776215E0,-1.495390320E0
4.400685400E1,6.674320679E0,-4.129911804E0,-1.613943787E0
4.401687700E1,7.080276489E0,-4.549339600E0,-1.733844452E0
4.402689900E1,7.857460327E0,-5.892197113E0,-1.332229614E-1
4.403692200E1,8.610843658E0,-7.076983337E0,1.526675262E0
4.404694500E1,9.227411499E0,-7.385491791E0,1.351838837E0
4.405696700E1,9.853110352E0,-6.438560944E0,-4.320016479E-1
4.406699000E1,9.439670105E0,-5.012476501E0,-1.675914917E0
4.407701300E1,8.043224030E0,-4.011807404E0,-2.470163269E0
4.408703500E1,6.646927643E0,-3.722758484E0,-2.839445343E0
4.409705800E1,5.499114532E0,-4.467908936E0,-2.359543304E0
4.410708100E1,4.780309296E0,-5.660928040E0,-1.589544525E0
4.411710300E1,4.880001984E0,-6.700965271E0,-3.432362366E-1
4.412712600E1,6.683152313E0,-6.954238586E0,5.304968262E-1
4.413714900E1,8.808133392E0,-6.540948029E0,1.452429657E0
4.414717100E1,9.650731201E0,-5.538782043E0,2.352058868E0
4.415719400E1,9.796977081E0,-3.840713196E0,9.229806519E-1
4.416721700E1,8.415050812E0,-2.293530579E0,-2.582130432E-1
4.417723900E1,5.898933105E0,-1.288221130E0,-1.055305481E-1
4.418726200E1,3.737877045E0,-1.099014587E0,1.968406677E-1
4.419728500E1,2.523751831E0,-2.218686218E0,6.535409546E-1
4.420730800E1,2.903661804E0,-3.384312286E0,8.173004150E-2
4.421732929E1,4.598287811E0,-2.200274506E0,-2.874023438E-2
4.422735229E1,5.104385376E0,-1.938468933E-1,-1.272354126E-2
4.423737529E1,4.136947174E0,3.839515686E-1,-8.458909607E-1
4.424739729E1,2.918031921E0,1.761836243E-1,1.407073975E-1
4.425742029E1,1.842219086E0,-1.745370483E-1,1.656904449E0
4.426744329E1,9.172924805E-1,-3.478765869E-1,2.178270264E0
4.427746529E1,3.071612549E-1,-2.820135498E-1,2.639311523E0
4.428748829E1,1.167572021E-2,9.699829102E-2,3.182382202E0
4.429751129E1,-1.749861145E-1,8.321195984E-1,3.930676117E0
4.430753329E1,-5.990542603E-1,1.729503479E0,4.781057739E0
4.431755629E1,-1.188678131E0,2.722987518E0,5.451064453E0
4.432757929E1,-1.913470917E0,3.490890656E0,5.723198547E0
4.433760129E1,-2.304757233E0,3.824397125E0,4.677323456E0
4.434762429E1,-1.919458466E0,3.738625488E0,3.329077148E0
4.435764729E1,-9.621990967E-1,3.241808624E0,1.616787872E0
4.436766929E1,-1.829196167E-1,2.577190704E0,-3.891906738E-2
4.437769229E1,-1.709445190E-1,2.089504852E0,-5.884263611E-1
4.438771529E1,-7.599696350E-1,1.825903015E0,-7.976911926E-1
4.439773729E1,-1.440005493E0,1.851948853E0,-1.448388062E0
4.440776029E1,-1.944905548E0,2.100132751E0,-1.931433563E0
4.441778329E1,-2.059118042E0,2.219135284E0,-2.413880310E0
4.442780529E1,-1.937570801E0,2.254910889E0,-2.528092804E0
4.443782829E1,-1.731150055E0,2.194586334E0,-2.057172089E0
4.444785129E1,-1.575623474E0,1.777254181E0,-1.397793274E0
4.445787329E1,-1.616488495E0,1.398092651E0,-7.309300232E-1
4.446789629E1,-1.502874756E0,8.743318176E-1,-5.366340637E-1
4.447791929E1,-1.512754211E0,3.218307495E-1,-7.574249268E-1
4.448794129E1,-1.653162231E0,1.691482544E-2,-1.170416107E0
4.449796429E1,-1.462608490E0,-9.026229858E-2,-1.657503204E0
4.450798729E1,-1.018931122E0,-1.889071655E-1,-1.960622864E0
4.451801029E1,-5.766009521E-1,-2.957849121E-1,-2.063309326E0
4.452803229E1,-2.667453003E-1,-2.165995789E-1,-1.896406403E0
4.453805529E1,-3.083587646E-2,1.287322998E-1,-1.650767212E0
4.454807829E1,9.505233765E-2,7.945477295E-1,-1.833387451E0
4.455810029E1,2.263293457E-1,1.635349274E0,-1.992955627E0
4.456812329E1,4.376898193E-1,2.207609253E0,-1.954335938E0
4.457814629E1,8.186476135E-1,2.273023224E0,-2.140698395E0
4.458816829E1,1.233135681E0,1.948947144E0,-2.303410034E0
4.459819129E1,1.557361450E0,1.050665131E0,-2.209854584E0
4.460821429E1,1.517843628E0,-1.830693054E-1,-2.340233459E0
4.461823629E1,9.969268799E-1,-9.785151672E-1,-2.730322266E0
4.462825929E1,6.960525513E-2,-1.206491089E0,-2.965932312E0
4.463828229E1,-1.079555054E0,-1.023571472E0,-3.340752869E0
4.464830429E1,-2.254162445E0,-6.900650024E-1,-3.931424561E0
4.465832729E1,-3.121009827E0,-4.586462402E-1,-4.954996033E0
4.466835029E1,-3.394790497E0,-1.791773987E-1,-5.863905945E0
4.467837229E1,-2.724185028E0,4.953199768E-1,-5.268444214E0
4.468839529E1,-1.505269775E0,1.979783020E0,-2.963986359E0
4.469841829E1,2.100132751E-1,5.166057129E0,-5.056484985E-1
4.470844029E1,3.123105469E0,1.235485794E1,-2.148033142E-1
4.471846329E1,1.122261246E1,2.540487030E1,-1.735041962E0
4.472848629E1,2.653322388E1,3.972963181E1,-4.084556122E0
4.473850829E1,3.045896027E1,3.869662994E1,-1.028361511E0
4.474853129E1,3.177277817E1,3.170886108E1,7.821684723E0
4.475855429E1,2.987023453E1,2.312675766E1,1.039139099E1
4.476857629E1,2.713347565E1,2.073637848E1,8.667875061E0
4.477859929E1,2.961980530E1,2.068817871E1,7.406597900E0
4.478862229E1,2.739079056E1,2.063384171E1,1.028556107E1
4.479864529E1,2.087169708E1,1.971370514E1,1.477038483E1
4.480866729E1,1.507694733E1,1.841395798E1,1.560729446E1
4.481869029E1,1.023601410E1,1.784933212E1,1.473805206E1
4.482871329E1,5.532345428E0,1.824690536E1,1.379980316E1
4.483873529E1,2.527793427E0,1.898936142E1,1.235336105E1
4.484875829E1,1.617536316E0,1.975307327E1,1.111618378E1
4.485878129E1,2.956202545E0,2.123933258E1,1.161599442E1
4.486880329E1,6.521937561E0,2.253294250E1,1.169143753E1
4.487882629E1,1.070663544E1,2.359932495E1,8.861871643E0
4.488884929E1,1.342872482E1,2.435435486E1,5.498216400E0
4.489887129E1,1.337947723E1,2.341221405E1,4.653672638E0
4.490889429E1,1.087593338E1,2.152044800E1,6.440506897E0
4.491891729E1,8.157436523E0,2.384152130E1,1.155222702E1
4.492893929E1,3.543581085E0,2.803235641E1,1.563034653E1
4.493896229E1,-4.698279877E0,2.984538620E1,1.290451492E1
4.494898529E1,-1.142499161E1,2.737297760E1,1.967508545E1
4.495900729E1,-1.484717514E1,2.339050919E1,2.750170990E1
4.496903029E1,-9.771380310E0,2.075688583E1,1.291544220E1
4.497905329E1,-8.806187439E-1,2.142045593E1,-6.005212097E0
4.498907529E1,1.365041382E1,2.957983841E1,-2.668650513E0
4.499909829E1,2.512989212E1,2.807471832E1,-4.934338989E0
4.500912129E1,1.932211945E1,2.307676163E1,-2.259401550E0
4.501914329E1,2.936892700E0,2.388912231E1,6.325246582E0
4.502916629E1,-1.106499023E1,2.412952240E1,1.003707779E1
4.503918929E1,-1.748139725E1,2.179916840E1,6.213279419E0
4.504921229E1,-1.339040451E1,1.816532501E1,4.725972290E0
4.505923429E1,-6.335425415E0,1.542736862E1,1.803749084E0
4.506925729E1,2.821632385E-1,1.498488876E1,1.132544861E0
4.507928029E1,5.998326416E0,1.643297745E1,3.146307220E0
4.508930229E1,6.910828857E0,1.884491180E1,5.979914703E0
4.509932529E1,2.326312408E0,2.107317810E1,8.787626038E0
4.510934829E1,-2.406395874E0,2.312286575E1,8.322393494E0
4.511937029E1,-4.002077637E0,2.448548218E1,5.685027924E0
4.512939329E1,-3.279081116E0,2.290626617E1,4.892725525E0
4.513941629E1,-1.683998108E0,1.951327194E1,7.435487823E0
4.514943829E1,1.181044006E-1,1.835857315E1,9.441466370E0
4.515946129E1,2.955753479E0,1.699161575E1,6.080056458E0
4.516948429E1,5.512736206E0,1.387389908E1,3.032843170E0
4.517950629E1,6.242768097E0,1.080782501E1,1.404828644E0
4.518952929E1,5.793552246E0,9.443861389E0,6.417155457E-1
4.519955229E1,5.297783203E0,9.710906067E0,1.430275726E0
4.520957429E1,4.455634460E0,1.024469604E1,1.956730957E0
4.521959817E1,3.340453491E0,1.044557831E1,2.730322266E-1
4.522962117E1,2.020648041E0,1.046878006E1,-2.018253021E0
4.523964317E1,5.930667114E-1,9.766590271E0,-3.419040070E0
4.524966617E1,-1.054257660E0,8.540939026E0,-3.919748840E0
4.525968917E1,-2.344275055E0,7.360344086E0,-3.727847900E0
4.526971117E1,-2.512824554E0,6.439908142E0,-3.178789673E0
4.527973417E1,-1.866768036E0,5.786816254E0,-2.719993744E0
4.528975717E1,-1.000968475E0,5.464237061E0,-2.500550079E0
4.529977917E1,-4.516108704E-1,5.524860992E0,-2.558180237E0
4.530980217E1,-6.051914978E-1,5.726641388E0,-2.808759155E0
4.531982517E1,-1.234333191E0,6.050268402E0,-3.149899750E0
4.532984717E1,-1.910776520E0,6.436465302E0,-3.297941895E0
4.533987017E1,-2.497406616E0,6.820716248E0,-3.134631500E0
4.534989317E1,-2.782863007E0,7.110812988E0,-2.873873749E0
4.535991517E1,-2.632874908E0,7.401957550E0,-2.673440552E0
4.536993817E1,-2.017055511E0,7.639812927E0,-2.509232025E0
4.537996117E1,-1.140777740E0,7.778424683E0,-2.275118866E0
4.538998317E1,-1.721420288E-1,7.766449585E0,-2.045196991E0
4.540000617E1,7.670050049E-1,7.523953857E0,-1.727108459E0
4.541002917E1,1.562899933E0,7.106172638E0,-1.217268677E0
4.542005117E1,2.034868469E0,6.676116943E0,-5.824388123E-1
4.543007417E1,2.129471741E0,6.300398254E0,-1.151106262E-1
4.544009717E1,2.015259247E0,6.045927429E0,1.237925720E-1
4.545011917E1,1.879940643E0,5.941444702E0,2.600093079E-1
4.546014217E1,1.868264923E0,6.005212097E0,2.582130432E-1
4.547016517E1,1.868414612E0,6.038892059E0,1.779798889E-1
4.548018717E1,1.844763794E0,6.168522491E0,1.113684082E-1
4.549021017E1,1.846859436E0,6.592291260E0,-4.430786133E-2
4.550023317E1,1.749112701E0,7.314389648E0,-3.519181824E-1
4.551025517E1,1.474882965E0,8.232879639E0,-7.009922791E-1
4.552027817E1,1.076860657E0,8.976233826E0,-1.079854431E0
4.553030117E1,5.355862427E-1,9.315727844E0,-1.421294403E0
4.554032417E1,-7.918533325E-2,9.309889984E0,-1.691781921E0
4.555034617E1,-8.490344238E-1,9.153465271E0,-1.974992981E0
4.556036917E1,-1.777852936E0,9.131910095E0,-2.221679993E0
4.557039217E1,-2.719844055E0,9.340875549E0,-2.468666382E0
4.558041417E1,-3.630999298E0,9.737850037E0,-2.646197205E0
4.559043717E1,-4.327949982E0,1.017149826E1,-2.748434601E0
4.560046017E1,-4.637356567E0,1.028376480E1,-2.631827087E0
4.561048217E1,-4.545298004E0,1.009141479E1,-2.107467499E0
4.562050517E1,-4.386029205E0,9.769733734E0,-1.590891724E0
4.563052817E1,-4.196672974E0,9.365574188E0,-1.215322723E0
4.564055017E1,-3.798351288E0,9.054521027E0,-8.653504944E-1
4.565057317E1,-3.435805206E0,8.965156860E0,-5.536985779E-1
4.566059617E1,-3.221151581E0,9.034612427E0,-4.821473694E-1
4.567061817E1,-3.075803833E0,9.101074219E0,-5.542973328E-1
4.568064117E1,-2.922073517E0,9.125323792E0,-4.975653076E-1
4.569066417E1,-2.798131256E0,9.110654297E0,-3.492237854E-1
4.570068617E1,-2.721790009E0,9.046437836E0,-1.757345581E-1
4.571070917E1,-2.690355377E0,8.891659698E0,-1.225950623E-1
4.572073217E1,-2.665057983E0,8.762029266E0,-2.050735474E-2
4.573075417E1,-2.625689850E0,8.650062103E0,1.344204712E-1
4.574077717E1,-2.492167511E0,8.513695679E0,3.814068604E-1
4.575080017E1,-2.142644348E0,8.301586761E0,5.800437927E-1
4.576082217E1,-1.768272858E0,8.015381927E0,6.988966370E-1
4.577084517E1,-1.514251099E0,7.759264526E0,9.150471497E-1
4.578086817E1,-1.407822418E0,7.533384247E0,1.081501007E0
4.579089017E1,-1.321901093E0,7.379055176E0,1.167572021E0
4.580091317E1,-1.249302063E0,7.265441437E0,1.348994751E0
4.581093617E1,-1.265019379E0,7.172634430E0,1.582359467E0
4.582095817E1,-1.274150391E0,7.186256104E0,1.827399902E0
4.583098117E1,-1.212778015E0,7.252268829E0,1.972747650E0
4.584100417E1,-1.084644470E0,7.225624237E0,2.031575317E0
4.585102617E1,-8.665480042E-1,7.107669525E0,2.012564850E0
4.586104917E1,-5.514532471E-1,6.964417419E0,1.914369049E0
4.587107217E1,-1.092727661E-1,6.891968079E0,1.787582703E0
4.588109417E1,2.200424194E-1,6.954837341E0,1.727258148E0
4.589111717E1,3.246748352E-1,7.130122833E0,1.898801422E0
4.590114017E1,3.086581421E-1,7.333400116E0,2.064806213E0
4.591116217E1,2.613565063E-1,7.520511017E0,2.114652557E0
4.592118517E1,2.799179077E-1,7.677085419E0,2.131268005E0
4.593120817E1,4.037104797E-1,7.717501373E0,2.209704895E0
4.594123017E1,5.827381897E-1,7.693102112E0,2.327958984E0
4.595125317E1,8.782237244E-1,7.653284912E0,2.447859650E0
4.596127617E1,1.196012878E0,7.723339233E0,2.625240784E0
4.597129817E1,1.550026703E0,7.901768188E0,2.893932037E0
4.598132117E1,1.941013641E0,8.057145081E0,3.112028503E0
4.599134417E1,2.110910339E0,8.232879639E0,3.173400879E0
4.600136617E1,2.102827148E0,8.537496185E0,3.037034454E0
4.601138917E1,2.038311310E0,9.016649780E0,2.772085419E0
4.602141217E1,1.945354614E0,9.555529175E0,2.454895020E0
4.603143417E1,1.882934418E0,1.008887009E1,2.119592285E0
4.604145717E1,1.948647766E0,1.059391983E1,1.880988464E0
4.605148017E1,2.073338470E0,1.114013397E1,1.683698730E0
4.606150217E1,2.299817505E0,1.188812851E1,1.435065765E0
4.607152517E1,2.648292847E0,1.281814453E1,1.036744080E0
4.608154817E1,3.077749786E0,1.361942825E1,4.846920776E-1
4.609157017E1,3.342698822E0,1.408166702E1,1.031355286E-1
4.610159317E1,3.178639984E0,1.400173325E1,-1.243913269E-1
4.611161617E1,2.651136932E0,1.349009720E1,-1.734892273E-1
4.612163817E1,1.945055237E0,1.276814850E1,-1.627116394E-1
4.613166117E1,1.203347626E0,1.208077789E1,-1.344204712E-1
4.614168417E1,5.272036743E-1,1.147693359E1,-1.990859985E-1
4.615170617E1,1.182540894E-2,1.102277802E1,-2.881507874E-1
4.616172917E1,-2.483335876E-1,1.061502594E1,-3.864962769E-1
4.617175217E1,-2.174977112E-1,1.027987289E1,-4.372407532E-1
4.618177417E1,1.706451416E-2,9.977351990E0,-4.707710266E-1
4.619179717E1,2.984793091E-1,9.716893616E0,-4.983137512E-1
4.620182017E1,6.433621216E-1,9.520651703E0,-5.066963196E-1
4.621184217E1,1.103954315E0,9.397457886E0,-6.255491638E-1
4.622186475E1,1.664239197E0,9.339378662E0,-8.295748901E-1
4.623188775E1,2.167642365E0,9.211095428E0,-1.075812836E0
4.624190975E1,2.463576965E0,8.985065460E0,-1.277593231E0
4.625193275E1,2.546354828E0,8.682843933E0,-1.404080200E0
4.626195575E1,2.524200897E0,8.286019135E0,-1.388811951E0
4.627197775E1,2.571053467E0,7.818541260E0,-1.320254517E0
4.628200075E1,2.827320557E0,7.443421326E0,-1.263223114E0
4.629202375E1,3.246448975E0,7.174879761E0,-1.275198212E0
4.630204575E1,3.748804321E0,7.177424469E0,-1.369202728E0
4.631206875E1,4.227658539E0,7.460635529E0,-1.550924835E0
4.632209175E1,4.692741394E0,7.865393829E0,-1.740131378E0
4.633211375E1,4.996010742E0,8.169261932E0,-1.868264923E0
4.634213675E1,5.012775879E0,8.275091858E0,-1.859732666E0
4.635215975E1,4.702171783E0,8.311615906E0,-1.682052155E0
4.636218175E1,4.219126282E0,8.408614197E0,-1.445394287E0
4.637220475E1,3.689826965E0,8.555009766E0,-1.308578796E0
4.638222775E1,3.246898041E0,8.815767517E0,-1.257834320E0
4.639224975E1,2.905907135E0,9.102271729E0,-1.256936188E0
4.640227275E1,2.564317474E0,9.404193878E0,-1.276545410E0
4.641229575E1,2.199226685E0,9.770931244E0,-1.271006927E0
4.642231775E1,1.825903015E0,1.009949799E1,-1.332678680E0
4.643234075E1,1.522783356E0,1.021865021E1,-1.286724243E0
4.644236375E1,1.186881866E0,1.009545639E1,-1.019829254E0
4.645238575E1,8.268804932E-1,9.948162689E0,-6.830296326E-1
4.646240875E1,4.426295471E-1,9.873917084E0,-4.326004028E-1
4.647243175E1,1.124162292E-1,9.930050354E0,-2.320175171E-1
4.648245375E1,-1.287322998E-1,1.010892838E1,7.185058594E-3
4.649247675E1,-2.766247559E-1,1.031475037E1,1.742376709E-1
4.650249975E1,-2.573149109E-1,1.042447220E1,2.954855347E-1
4.651252175E1,-1.148112488E-1,1.046488815E1,4.679269409E-1
4.652254475E1,2.799179077E-2,1.057760376E1,7.457492065E-1
4.653256775E1,1.992356873E-1,1.067190765E1,1.124611359E0
4.654258975E1,4.887336731E-1,1.081022003E1,1.416504364E0
4.655261275E1,7.189549255E-1,1.115300720E1,1.413809967E0
4.656263575E1,4.403842163E-1,1.121991806E1,1.342707825E0
4.657265775E1,1.862127686E-1,1.068657715E1,1.729503479E0
4.658268075E1,3.905378723E-1,9.653575287E0,2.265987854E0
4.659270375E1,1.084794159E0,8.860674133E0,2.094145203E0
4.660272575E1,1.939217377E0,8.703650665E0,1.195563812E0
4.661274875E1,2.378104706E0,9.078620911E0,3.366499329E-1
4.662277175E1,2.303260345E0,9.136101379E0,-2.812651062E-1
4.663279375E1,1.978585510E0,8.951684875E0,-4.761598206E-1
4.664281675E1,1.586999817E0,8.724906464E0,-2.981799316E-1
4.665283975E1,1.398990784E0,8.502768402E0,1.541793823E-1
4.666286175E1,1.322350159E0,8.457562408E0,5.760021973E-1
4.667288475E1,1.190025330E0,8.616082764E0,8.096662903E-1
4.668290775E1,1.001417542E0,8.933722229E0,1.032253418E0
4.669292975E1,8.601113892E-1,9.244026947E0,1.169517975E0
4.670295275E1,6.686595154E-1,9.435029755E0,1.206191711E0
4.671297575E1,4.361929321E-1,9.726024628E0,1.253792725E0
4.672299775E1,2.787203979E-1,9.881102142E0,1.274898834E0
4.673302075E1,6.750961304E-2,9.919721832E0,1.352587280E0
4.674304375E1,2.290237427E-2,1.016461258E1,1.383273468E0
4.675306575E1,-1.536105652E0,1.019110748E1,1.002615051E0
4.676308875E1,-5.247637482E0,1.075004517E1,3.613485718E-1
4.677311175E1,1.310674438E0,1.067505112E1,-1.209784241E0
4.678313375E1,4.143084412E0,1.131871262E1,8.147557068E-1
4.679315675E1,2.021845551E0,1.129251709E1,1.626817017E0
4.680317975E1,2.313738556E0,1.005099884E1,1.851799164E0
4.681320175E1,6.108796692E-1,8.797355804E0,3.003055115E0
4.682322475E1,-4.800517273E-1,1.064885559E1,1.587299194E0
4.683324775E1,7.141648865E-1,1.224947708E1,3.631448364E-1
4.684326975E1,1.374741211E0,1.202434525E1,7.933502197E-2
4.685329275E1,1.754950562E0,1.109328140E1,4.206253052E-1
4.686331575E1,2.577939148E0,9.637708282E0,1.430874481E0
4.687333775E1,2.965782623E0,8.565637665E0,2.320474548E0
4.688336075E1,2.225122833E0,9.581575012E0,2.037413177E0
4.689338375E1,2.904559937E0,1.057371185E1,1.513203278E0
4.690340575E1,3.987857208E0,1.007854156E1,1.936522980E0
4.691342875E1,2.867437134E0,9.654922485E0,1.678160248E0
4.692345175E1,5.539979553E-1,1.037717056E1,6.646179199E-2
4.693347375E1,-5.333409119E-1,9.462572479E0,9.017248535E-1
4.694349675E1,-9.319619751E-1,8.156239014E0,2.590363312E0
4.695351975E1,-7.204518127E-1,7.925119629E0,2.248923340E0
4.696354175E1,-1.542392578E0,8.008795624E0,1.203946381E0
4.697356475E1,-8.604107666E-1,8.862171021E0,4.819976807E-1
4.698358775E1,1.005908203E-1,9.429042206E0,5.662724304E-1
4.699360975E1,1.122665405E0,9.894574127E0,6.210585022E-1
4.700363275E1,2.198328552E0,1.011985565E1,4.730163574E-1
4.701365575E1,2.841540985E0,9.670939178E0,5.126838684E-1
4.702367775E1,3.126697998E0,9.254355469E0,8.993298340E-1
4.703370075E1,3.627556458E0,9.034013672E0,9.117539978E-1
4.704372375E1,3.727099457E0,9.204958191E0,8.904981995E-1
4.705374575E1,3.370241547E0,9.680219879E0,8.140072632E-1
4.706376875E1,2.835852814E0,9.984686737E0,8.860075378E-1
4.707379175E1,2.732717285E0,1.007899063E1,9.915380859E-1
4.708381375E1,2.760409698E0,1.016461258E1,9.476792908E-1
4.709383675E1,2.488125916E0,1.018137772E1,9.333091736E-1
4.710385975E1,2.011217651E0,1.007659561E1,9.451345825E-1
4.711388175E1,1.317260742E0,9.827513580E0,9.845027161E-1
4.712390475E1,6.346801758E-1,9.589658203E0,9.232800293E-1
4.713392775E1,1.707948303E-1,9.480385437E0,8.523275757E-1
4.714394975E1,1.317260742E-2,9.519903259E0,8.548722839E-1
4.715397275E1,6.451583862E-2,9.498348083E0,8.749305725E-1
4.716399575E1,2.137554932E-1,9.449848938E0,9.231303406E-1
4.717401775E1,3.269201660E-1,9.293573914E0,1.010398865E0
4.718404075E1,5.011578369E-1,9.054371338E0,9.437873840E-1
4.719406375E1,7.592211914E-1,8.901688843E0,9.319619751E-1
4.720408575E1,1.077609100E0,8.887318726E0,1.044527893E0
4.721410875E1,1.552122345E0,9.081614685E0,1.052162018E0
4.722413217E1,1.984722748E0,9.097032623E0,1.248104553E0
4.723415417E1,2.186652832E0,9.042096863E0,1.504072266E0
4.724417717E1,2.088906097E0,9.118587799E0,1.619631958E0
4.725420017E1,1.984423370E0,9.260193329E0,1.650168457E0
4.726422217E1,2.066452789E0,9.312135315E0,1.722019043E0
4.727424517E1,2.204914856E0,9.383387146E0,1.660796356E0
4.728426817E1,2.352807312E0,9.564510498E0,1.532962189E0
4.729429017E1,2.624192963E0,9.854307861E0,1.446891174E0
4.730431317E1,2.855761414E0,1.008946884E1,1.355880432E0
4.731433617E1,2.911445618E0,1.028735733E1,1.327289886E0
4.732435817E1,2.919229431E0,1.028645920E1,1.268013153E0
4.733438117E1,3.016976166E0,1.028181885E1,1.022373962E0
4.734440417E1,3.317551117E0,1.031504974E1,8.363108826E-1
4.735442617E1,3.201242981E0,1.010638367E1,1.044078827E0
4.736444917E1,2.763553162E0,9.814041595E0,1.182840271E0
4.737447217E1,2.478246460E0,9.682315521E0,1.145717468E0
4.738449417E1,2.249073029E0,9.561217346E0,1.113684082E0
4.739451717E1,2.104773102E0,9.414672089E0,1.149160309E0
4.740454017E1,2.102827148E0,9.291178894E0,1.144220581E0
4.741456217E1,1.934277649E0,9.332642670E0,9.910890198E-1
4.742458517E1,1.863175507E0,9.496402130E0,9.369017029E-1
4.743460817E1,1.825004883E0,9.562564545E0,8.972341919E-1
4.744463017E1,1.894610138E0,9.461973724E0,7.441026306E-1
4.745465317E1,1.938019867E0,9.334438934E0,7.234455872E-1
4.746467617E1,1.952539673E0,9.309590607E0,8.199948120E-1
4.747469817E1,1.964215393E0,9.296867065E0,9.505233765E-1
4.748472117E1,1.969604187E0,9.273515625E0,1.069076843E0
4.749474417E1,1.874252472E0,9.296417999E0,1.132694550E0
4.750476617E1,1.882335663E0,9.289831696E0,1.143023071E0
4.751478917E1,1.903441772E0,9.307494965E0,1.104553070E0
4.752481217E1,1.898052979E0,9.258397064E0,1.136885834E0
4.753483417E1,1.913021851E0,9.231602783E0,1.314416656E0
4.754485717E1,1.951641541E0,9.316326599E0,1.486708374E0
4.755488017E1,2.073188782E0,9.381441193E0,1.338366852E0
4.756490217E1,2.234852600E0,9.394164734E0,1.128952332E0
4.757492517E1,2.339335327E0,9.383387146E0,1.053209839E0
4.758494817E1,2.527194672E0,9.382339325E0,1.031954041E0
4.759497017E1,2.802771606E0,9.393416290E0,1.075812836E0
4.760499317E1,3.087928619E0,9.293274536E0,1.190025330E0
4.761501617E1,3.268004150E0,9.132957916E0,1.299148407E0
4.762503817E1,3.237617340E0,9.130113831E0,1.402134247E0
4.763506117E1,3.058739319E0,9.278904419E0,1.431323547E0
4.764508417E1,2.880759430E0,9.442963257E0,1.451830902E0
4.765510617E1,2.875071259E0,9.581275635E0,1.382525024E0
4.766512917E1,2.902164917E0,9.664652252E0,1.166224823E0
4.767515217E1,2.820734253E0,9.778864746E0,1.033450928E0
4.768517417E1,2.621648254E0,9.870923309E0,1.045875092E0
4.769519717E1,2.463277588E0,9.864337006E0,1.120719452E0
4.770521917E1,2.401905212E0,9.754914551E0,1.244811401E0
4.771524217E1,2.426603851E0,9.624535675E0,1.334025879E0
4.772526517E1,2.473007355E0,9.511371002E0,1.445543976E0
4.773528717E1,2.378553772E0,9.353299713E0,1.495240631E0
4.774531017E1,2.155068512E0,9.237141266E0,1.472787323E0
4.775533317E1,2.017504578E0,9.285341034E0,1.426683197E0
4.776535517E1,1.967209167E0,9.382489014E0,1.295406189E0
4.777537817E1,1.926493835E0,9.419013062E0,1.165775757E0
4.778540117E1,1.989363098E0,9.360484772E0,1.125210114E0
4.779542317E1,2.015109558E0,9.238787842E0,1.181343384E0
4.780544617E1,2.344424744E0,9.193731537E0,8.083190918E-1
4.781546917E1,2.117796021E0,9.775421906E0,4.270619202E-1
4.782549117E1,2.168839874E0,9.237141266E0,1.851649475E0
4.783551417E1,1.898202667E0,8.716224518E0,1.942211151E0
4.784553717E1,1.977986755E0,8.959618378E0,1.395098877E0