"Time (s)","Gravity X (m/s^2)","Gravity Y (m/s^2)","Gravity Z (m/s^2)"
1.562379161E-2,-6.636506443E-1,7.501373080E0,6.286896449E0
2.564679179E-2,-6.608935359E-1,7.500888931E0,6.287765345E0
3.567079175E-2,-6.558972363E-1,7.500517048E0,6.288732474E0
4.569379170E-2,-6.474298833E-1,7.500505353E0,6.289623590E0
5.571679166E-2,-6.355240752E-1,7.502226189E0,6.288784515E0
6.573979161E-2,-6.206991177E-1,7.506040328E0,6.285713557E0
7.576379180E-2,-6.075680255E-1,7.510957836E0,6.281121154E0
8.578679175E-2,-6.078008178E-1,7.514533408E0,6.276820527E0
9.580979170E-2,-6.238139295E-1,7.514733968E0,6.275009059E0
1.058327917E-1,-6.414800490E-1,7.513728831E0,6.274430770E0
1.158567916E-1,-6.470981269E-1,7.516332597E0,6.270733575E0
1.258797918E-1,-6.395042018E-1,7.522251733E0,6.264412150E0
1.359027917E-1,-6.207920884E-1,7.527152284E0,6.260405638E0
1.459257917E-1,-5.941387984E-1,7.529317508E0,6.260390435E0
1.559497917E-1,-5.650843493E-1,7.530022683E0,6.262231724E0
1.659727916E-1,-5.358140283E-1,7.531747611E0,6.262730491E0
1.759957918E-1,-5.100698707E-1,7.534981121E0,6.260988606E0
1.860187917E-1,-4.910435791E-1,7.539198718E0,6.257433499E0
1.960427917E-1,-4.783782907E-1,7.543985249E0,6.252642875E0
2.060657917E-1,-4.723309541E-1,7.548235005E0,6.247970949E0
2.160887916E-1,-4.732123122E-1,7.551239305E0,6.244273755E0
2.261127918E-1,-4.772316517E-1,7.554842944E0,6.239607677E0
2.361357918E-1,-4.792388912E-1,7.559537088E0,6.233764554E0
2.461587917E-1,-4.756737342E-1,7.564941670E0,6.227478213E0
2.561817917E-1,-4.670062237E-1,7.570141014E0,6.221813430E0
2.662057916E-1,-4.539136135E-1,7.573197353E0,6.219063485E0
2.762287918E-1,-4.358940298E-1,7.574153373E0,6.219188030E0
2.862517918E-1,-4.135259448E-1,7.574553323E0,6.220228250E0
2.962747917E-1,-3.859578214E-1,7.576337893E0,6.219826546E0
3.062987917E-1,-3.540205853E-1,7.580294119E0,6.216905277E0
3.163217916E-1,-3.185103716E-1,7.586457084E0,6.211306568E0
3.263447918E-1,-2.789207747E-1,7.595091083E0,6.202652689E0
3.363677918E-1,-2.359205518E-1,7.605070526E0,6.192199622E0
3.463917917E-1,-1.868047260E-1,7.614884493E0,6.181806196E0
3.564147917E-1,-1.285886410E-1,7.623302729E0,6.172910827E0
3.664377916E-1,-5.770869289E-2,7.630741557E0,6.164783782E0
3.764607918E-1,2.875164330E-2,7.638317209E0,6.155597221E0
3.864847918E-1,1.337041690E-1,7.645914497E0,6.144771101E0
3.965077917E-1,2.602065966E-1,7.652061090E0,6.133053866E0
4.065307917E-1,4.117661522E-1,7.654127496E0,6.122162842E0
4.165537916E-1,5.899974714E-1,7.650206353E0,6.112474006E0
4.265777918E-1,7.939076056E-1,7.639208325E0,6.103138341E0
4.366007918E-1,1.026339032E0,7.620860932E0,6.091404734E0
4.466237917E-1,1.282655312E0,7.593823991E0,6.076572102E0
4.566477917E-1,1.552446573E0,7.555415971E0,6.061492133E0
4.666707916E-1,1.829242360E0,7.509729921E0,6.041020446E0
4.766937918E-1,2.075414963E0,7.466678626E0,6.014769956E0
4.867167918E-1,2.259957328E0,7.437666496E0,5.984129961E0
4.967407917E-1,2.380391552E0,7.426916975E0,5.950692074E0
5.067637917E-1,2.455510731E0,7.431840915E0,5.913907825E0
5.167867916E-1,2.540875987E0,7.433605020E0,5.875506236E0
5.268097918E-1,2.677847306E0,7.418228597E0,5.833962938E0
5.368337918E-1,2.862511439E0,7.380963707E0,5.793401388E0
5.468567917E-1,3.058020696E0,7.327451743E0,5.761341105E0
5.568797917E-1,3.221435463E0,7.272369218E0,5.742046462E0
5.669027916E-1,3.324062284E0,7.231163304E0,5.735589382E0
5.769267918E-1,3.364876434E0,7.209899905E0,5.738558598E0
5.869497918E-1,3.364740194E0,7.203741617E0,5.746367555E0
5.969727917E-1,3.348469147E0,7.202545277E0,5.757360320E0
6.069957917E-1,3.333568395E0,7.198518299E0,5.771027602E0
6.170197916E-1,3.330906450E0,7.188188608E0,5.785421693E0
6.270427918E-1,3.343439372E0,7.171781906E0,5.798539336E0
6.370657918E-1,3.371425315E0,7.151203800E0,5.807741684E0
6.470887917E-1,3.413513281E0,7.128496138E0,5.811072258E0
6.571127917E-1,3.468765376E0,7.104587458E0,5.807632926E0
6.671357916E-1,3.537457004E0,7.078187864E0,5.798427070E0
6.771587918E-1,3.623073690E0,7.046283701E0,5.784402523E0
6.871817918E-1,3.730596384E0,7.006226181E0,5.764681619E0
6.972057917E-1,3.862614234E0,6.956492688E0,5.737901956E0
7.072287917E-1,4.016736606E0,6.897497206E0,5.703197562E0
7.172517916E-1,4.189121879E0,6.830624939E0,5.659498980E0
7.272747918E-1,4.373469094E0,6.757614266E0,5.607452329E0
7.372987918E-1,4.563438698E0,6.680329278E0,5.548362706E0
7.473217917E-1,4.753739255E0,6.599007372E0,5.485540806E0
7.573447917E-1,4.943772302E0,6.510598056E0,5.422851638E0
7.673687916E-1,5.132964812E0,6.413655313E0,5.362256357E0
7.773917916E-1,5.318693431E0,6.309138088E0,5.304937856E0
7.874147918E-1,5.496880311E0,6.200328421E0,5.251317719E0
7.974377917E-1,5.665188906E0,6.088796875E0,5.202719171E0
8.074617917E-1,5.824208613E0,5.974823533E0,5.159087248E0
8.174847916E-1,5.975448015E0,5.858663331E0,5.119198712E0
8.275077918E-1,6.120171281E0,5.739270204E0,5.083343586E0
8.375315417E-1,6.259484117E0,5.616490955E0,5.050741265E0
8.475555417E-1,6.396714175E0,5.491281018E0,5.016371917E0
8.575785416E-1,6.534772784E0,5.364188862E0,4.975774114E0
8.676015418E-1,6.675319383E0,5.234728584E0,4.926847537E0
8.776245418E-1,6.819095984E0,5.102333003E0,4.868494663E0
8.876485417E-1,6.966210176E0,4.965849634E0,4.800869568E0
8.976715417E-1,7.115710616E0,4.824236796E0,4.725410665E0
9.076945416E-1,7.265618023E0,4.677245980E0,4.644380828E0
9.177175418E-1,7.412791271E0,4.525559851E0,4.561351535E0
9.277415418E-1,7.553696889E0,4.371714052E0,4.479496070E0
9.377645417E-1,7.685165686E0,4.219176568E0,4.401463223E0
9.477875417E-1,7.805789652E0,4.069577602E0,4.329466457E0
9.578105416E-1,7.914748423E0,3.922618946E0,4.266839269E0
9.678345418E-1,8.012155434E0,3.777275584E0,4.215880785E0
9.778575418E-1,8.098658558E0,3.633025943E0,4.177194144E0
9.878805417E-1,8.174074191E0,3.488382785E0,4.153527831E0
9.979035417E-1,8.237471457E0,3.342340095E0,4.148363278E0
1.007927542E0,8.289221655E0,3.195510663E0,4.160963151E0
1.017950542E0,8.329770926E0,3.048921551E0,4.189879094E0
1.027973542E0,8.358553845E0,2.903483464E0,4.235617184E0
1.037996542E0,8.376108356E0,2.761404602E0,4.295527463E0
1.048020542E0,8.384634765E0,2.623615550E0,4.364704117E0
1.058043542E0,8.386431030E0,2.490012812E0,4.438885988E0
1.068066542E0,8.384079280E0,2.360541278E0,4.513442081E0
1.078090542E0,8.379857005E0,2.234429554E0,4.584911428E0
1.088113542E0,8.374062415E0,2.110034134E0,4.653915590E0
1.098136542E0,8.367569082E0,1.988488062E0,4.718665609E0
1.108159542E0,8.364115716E0,1.874357429E0,4.771211905E0
1.118183542E0,8.364555427E0,1.769658063E0,4.810261658E0
1.128206542E0,8.366092075E0,1.674356488E0,4.841603611E0
1.138229542E0,8.368245020E0,1.588827949E0,4.866640511E0
1.148252542E0,8.373872965E0,1.513600742E0,4.880917365E0
1.158276542E0,8.383986309E0,1.449178897E0,4.883109194E0
1.168299542E0,8.396882928E0,1.395992624E0,4.876438398E0
1.178322542E0,8.409260899E0,1.355142221E0,4.866622385E0
1.188345542E0,8.417285033E0,1.326373774E0,4.860672843E0
1.198369542E0,8.420077078E0,1.308395925E0,4.860709680E0
1.208392542E0,8.419001775E0,1.300109543E0,4.864794545E0
1.218415542E0,8.415327970E0,1.300180879E0,4.871128249E0
1.228438542E0,8.409990631E0,1.307986181E0,4.878250450E0
1.238462542E0,8.404067987E0,1.322686227E0,4.884488552E0
1.248485542E0,8.396543790E0,1.343149728E0,4.891840549E0
1.258508542E0,8.385515941E0,1.369505322E0,4.903436455E0
1.268531542E0,8.372245100E0,1.403596197E0,4.916455280E0
1.278555542E0,8.358920465E0,1.446837234E0,4.926582073E0
1.288578542E0,8.344097189E0,1.501197190E0,4.935437681E0
1.298601542E0,8.326054435E0,1.566382096E0,4.945641072E0
1.308624542E0,8.306920592E0,1.639005099E0,4.954275071E0
1.318648542E0,8.290924948E0,1.714150883E0,4.955638057E0
1.328671542E0,8.283099620E0,1.784887136E0,4.943737219E0
1.338694542E0,8.288415908E0,1.846389758E0,4.912141204E0
1.348717542E0,8.306774411E0,1.899455726E0,4.860623726E0
1.358741542E0,8.327156051E0,1.947277763E0,4.806524410E0
1.368764542E0,8.333756388E0,1.997854863E0,4.774220005E0
1.378787542E0,8.321309420E0,2.064785602E0,4.767448052E0
1.388810542E0,8.290996869E0,2.158769215E0,4.778620035E0
1.398834542E0,8.234185322E0,2.276811196E0,4.821868673E0
1.408857542E0,8.144919974E0,2.402794720E0,4.911512044E0
1.418880542E0,8.038263837E0,2.516801538E0,5.028731761E0
1.428903542E0,7.943744765E0,2.607427826E0,5.131700644E0
1.438927542E0,7.879492051E0,2.678557450E0,5.193750712E0
1.448950542E0,7.845471781E0,2.740110505E0,5.213105580E0
1.458973542E0,7.830062029E0,2.796669745E0,5.206231593E0
1.468997542E0,7.825211179E0,2.849307842E0,5.184940127E0
1.479020542E0,7.824346960E0,2.900647857E0,5.157704966E0
1.489043542E0,7.822139636E0,2.956041454E0,5.129526649E0
1.499066542E0,7.825530437E0,3.006826276E0,5.094720513E0
1.509090542E0,7.835925617E0,3.037941650E0,5.060166977E0
1.519113542E0,7.841274065E0,3.054517629E0,5.041868700E0
1.529136542E0,7.830007065E0,3.066638615E0,5.052009526E0
1.539159542E0,7.803429131E0,3.075114446E0,5.087854128E0
1.549183542E0,7.768731169E0,3.084236103E0,5.135210727E0
1.559206542E0,7.731662160E0,3.099675968E0,5.181651068E0
1.569229542E0,7.696426839E0,3.123044658E0,5.219934543E0
1.579252542E0,7.668103511E0,3.153846328E0,5.243048002E0
1.589276542E0,7.658938585E0,3.188174162E0,5.235677002E0
1.599299542E0,7.680646958E0,3.218037938E0,5.185364050E0
1.609322542E0,7.733075432E0,3.239564463E0,5.093217779E0
1.619345542E0,7.808406281E0,3.253236715E0,4.968031815E0
1.629369542E0,7.896243154E0,3.260813537E0,4.822088821E0
1.639392542E0,7.988028068E0,3.263512904E0,4.666581828E0
1.649415542E0,8.076184199E0,3.262778201E0,4.512829000E0
1.659438542E0,8.153876154E0,3.259713383E0,4.373177025E0
1.669462542E0,8.216301028E0,3.256574306E0,4.257138446E0
1.679485542E0,8.261400602E0,3.255654831E0,4.169660591E0
1.689508542E0,8.289573657E0,3.258068562E0,4.111454191E0
1.699531542E0,8.304058380E0,3.263222297E0,4.078002855E0
1.709555542E0,8.311717647E0,3.268856967E0,4.057834931E0
1.719578542E0,8.320697216E0,3.271215734E0,4.037479896E0
1.729601542E0,8.337172916E0,3.269261594E0,4.004944819E0
1.739624542E0,8.363819847E0,3.265162404E0,3.952382443E0
1.749648542E0,8.400094804E0,3.262931106E0,3.876570953E0
1.759671542E0,8.444397987E0,3.264250238E0,3.777950352E0
1.769694542E0,8.494755962E0,3.267109819E0,3.660766596E0
1.779717542E0,8.548884807E0,3.267663550E0,3.532003891E0
1.789741542E0,8.604574274E0,3.261967485E0,3.399555685E0
1.799764542E0,8.659212996E0,3.248341134E0,3.271451669E0
1.809787542E0,8.710017114E0,3.227948384E0,3.154685111E0
1.819810542E0,8.754509747E0,3.203536551E0,3.054832502E0
1.829834542E0,8.791138460E0,3.178160220E0,2.975109517E0
1.839857333E0,8.819101599E0,3.154737151E0,2.916708112E0
1.849880333E0,8.838362328E0,3.135210375E0,2.879222197E0
1.859903333E0,8.850189491E0,3.119204206E0,2.860211145E0
1.869927333E0,8.856938932E0,3.104886129E0,2.854894856E0
1.879950333E0,8.861507362E0,3.089946494E0,2.856928810E0
1.889973333E0,8.866095087E0,3.072811813E0,2.861167749E0
1.899996333E0,8.872118304E0,3.052920462E0,2.863790810E0
1.910020333E0,8.880022570E0,3.031692146E0,2.861844564E0
1.920043333E0,8.889814317E0,3.009713047E0,2.854634070E0
1.930066333E0,8.902214507E0,2.984668837E0,2.842261070E0
1.940089333E0,8.919249201E0,2.952950031E0,2.821911005E0
1.950113333E0,8.942072053E0,2.914406940E0,2.789566255E0
1.960136333E0,8.970467886E0,2.869077278E0,2.745033860E0
1.970159333E0,9.001295577E0,2.813445991E0,2.701351359E0
1.980182333E0,9.026987658E0,2.745171854E0,2.685821154E0
1.990206333E0,9.044345702E0,2.664482033E0,2.708585826E0
2.000229333E0,9.052373929E0,2.578057846E0,2.764818499E0
2.010252333E0,9.047915427E0,2.496939716E0,2.852478787E0
2.020275333E0,9.029719477E0,2.426430481E0,2.968622031E0
2.030299333E0,9.000644782E0,2.368901188E0,3.100454232E0
2.040322333E0,8.967304543E0,2.325445266E0,3.227360739E0
2.050345333E0,8.937705352E0,2.293778939E0,3.330482527E0
2.060368333E0,8.917711968E0,2.270609201E0,3.399244321E0
2.070392333E0,8.912286921E0,2.249721046E0,3.427243713E0
2.080415333E0,8.919171433E0,2.226192289E0,3.424695497E0
2.090438333E0,8.928777823E0,2.198463477E0,3.417569787E0
2.100461333E0,8.934135042E0,2.168337160E0,3.422815324E0
2.110485333E0,8.930674660E0,2.143489125E0,3.447408713E0
2.120508333E0,8.914128794E0,2.130048569E0,3.498182133E0
2.130531333E0,8.886181442E0,2.127030674E0,3.570383845E0
2.140554333E0,8.854064441E0,2.129842308E0,3.647656846E0
2.150578333E0,8.826110657E0,2.132220955E0,3.713423404E0
2.160601333E0,8.806555814E0,2.130122097E0,3.760749306E0
2.170624333E0,8.795456044E0,2.122637515E0,3.790839370E0
2.180647333E0,8.790358441E0,2.111250793E0,3.808979187E0
2.190671333E0,8.788119543E0,2.099893747E0,3.820408739E0
2.200694333E0,8.787072306E0,2.091379323E0,3.827477731E0
2.210717333E0,8.786641366E0,2.085739830E0,3.831543885E0
2.220740333E0,8.786910923E0,2.082285734E0,3.832802790E0
2.230764333E0,8.787998505E0,2.081191866E0,3.830902445E0
2.240787333E0,8.788373312E0,2.083696667E0,3.828681965E0
2.250810333E0,8.784993036E0,2.091282698E0,3.832304315E0
2.260833333E0,8.777682263E0,2.104047462E0,3.842056301E0
2.270857333E0,8.771072570E0,2.118497833E0,3.849201599E0
2.280880333E0,8.772508646E0,2.126962993E0,3.841253186E0
2.290903333E0,8.787523127E0,2.123958986E0,3.808454399E0
2.300926333E0,8.817985366E0,2.108542948E0,3.746101153E0
2.310950333E0,8.862659263E0,2.083623138E0,3.653475703E0
2.320973333E0,8.918224184E0,2.054809229E0,3.532581303E0
2.330996333E0,8.979949731E0,2.028181886E0,3.388670801E0
2.341019333E0,9.042757013E0,2.006448516E0,3.230912338E0
2.351043333E0,9.102018544E0,1.988325802E0,3.071792058E0
2.361066333E0,9.153368207E0,1.971620746E0,2.926542251E0
2.371089333E0,9.194278836E0,1.952971051E0,2.808419724E0
2.381112333E0,9.222465924E0,1.930627086E0,2.730365827E0
2.391136333E0,9.237209094E0,1.903437533E0,2.699446043E0
2.401159333E0,9.239803503E0,1.873901785E0,2.711204209E0
2.411182333E0,9.232564650E0,1.846592657E0,2.754259889E0
2.421205333E0,9.218127290E0,1.824584614E0,2.816578637E0
2.431229333E0,9.199300425E0,1.808322046E0,2.887724633E0
2.441252333E0,9.178186714E0,1.796126947E0,2.961576721E0
2.451275333E0,9.156051494E0,1.786867881E0,3.034785030E0
2.461298333E0,9.135216696E0,1.779156280E0,3.101376338E0
2.471322333E0,9.118812917E0,1.770115900E0,3.154371700E0
2.481345333E0,9.107790915E0,1.757928402E0,3.192796678E0
2.491368333E0,9.101485278E0,1.743059371E0,3.218823220E0
2.501391333E0,9.099484361E0,1.728267962E0,3.232425013E0
2.511415333E0,9.102064152E0,1.716681997E0,3.231334215E0
2.521438333E0,9.109615247E0,1.709744568E0,3.213685564E0
2.531461333E0,9.122670910E0,1.705620965E0,3.178652556E0
2.541484333E0,9.141627583E0,1.699940541E0,3.126809972E0
2.551508333E0,9.165069655E0,1.689394503E0,3.063254831E0
2.561531333E0,9.191021937E0,1.673194646E0,2.993596659E0
2.571554333E0,9.217398142E0,1.653472426E0,2.922616431E0
2.581577333E0,9.243586652E0,1.632669202E0,2.850719652E0
2.591601333E0,9.269976305E0,1.611622881E0,2.776024980E0
2.601624333E0,9.296541376E0,1.590446897E0,2.698317823E0
2.611647333E0,9.322743334E0,1.568779162E0,2.619442685E0
2.621670333E0,9.348552359E0,1.546391781E0,2.539555686E0
2.631694333E0,9.374349689E0,1.522969736E0,2.457280099E0
2.641717333E0,9.400055804E0,1.498658913E0,2.372571486E0
2.651740333E0,9.424821101E0,1.475133518E0,2.287542299E0
2.661763333E0,9.447598345E0,1.454758603E0,2.205145382E0
2.671787333E0,9.468441914E0,1.438065826E0,2.125250051E0
2.681810333E0,9.488075110E0,1.424444006E0,2.045359397E0
2.691833333E0,9.507403666E0,1.413189577E0,1.961697582E0
2.701856333E0,9.526922842E0,1.402895262E0,1.872359728E0
2.711879333E0,9.546886990E0,1.390544335E0,1.777487046E0
2.721903333E0,9.566911950E0,1.372855630E0,1.680940891E0
2.731926333E0,9.585666309E0,1.348468502E0,1.591458173E0
2.741949333E0,9.601379532E0,1.319494671E0,1.519396356E0
2.751972333E0,9.612649455E0,1.289865514E0,1.472860852E0
2.761996333E0,9.618845165E0,1.262862779E0,1.455711553E0
2.772019333E0,9.620647861E0,1.239241344E0,1.464079649E0
2.782042333E0,9.619645649E0,1.217686460E0,1.488547031E0
2.792065333E0,9.617838859E0,1.196232368E0,1.517336090E0
2.802089333E0,9.617058840E0,1.174030344E0,1.539458153E0
2.812112333E0,9.618929365E0,1.150816679E0,1.545292797E0
2.822135333E0,9.624656712E0,1.125821513E0,1.527941769E0
2.832158333E0,9.635202166E0,1.095154183E0,1.483107366E0
2.842182083E0,9.649754131E0,1.055906940E0,1.415425114E0
2.852205083E0,9.666701117E0,1.007281422E0,1.332806442E0
2.862228083E0,9.684492440E0,9.488885681E-1,1.243502795E0
2.872251083E0,9.700997375E0,8.836791035E-1,1.160109878E0
2.882275083E0,9.714740086E0,8.177386639E-1,1.091432503E0
2.892298083E0,9.726189519E0,7.539785779E-1,1.033852047E0
2.902321083E0,9.736167208E0,6.922615090E-1,9.817914353E-1
2.912344083E0,9.744963174E0,6.334877092E-1,9.329940818E-1
2.922368083E0,9.752702549E0,5.789933039E-1,8.863809557E-1
2.932391083E0,9.759462515E0,5.282494488E-1,8.425769050E-1
2.942414083E0,9.765287511E0,4.787932969E-1,8.037606756E-1
2.952437083E0,9.770169936E0,4.282411574E-1,7.723216588E-1
2.962461083E0,9.774048979E0,3.744684446E-1,7.508954872E-1
2.972484083E0,9.776628186E0,3.150283912E-1,7.445924811E-1
2.982507083E0,9.777017611E0,2.479405999E-1,7.645640116E-1
2.992530083E0,9.773534424E0,1.747363836E-1,8.267968780E-1
3.002554083E0,9.764257232E0,1.031215866E-1,9.406142463E-1
3.012577083E0,9.748255742E0,4.324496543E-2,1.098053086E0
3.022600083E0,9.726663144E0,-3.094925820E-3,1.275976768E0
3.032623083E0,9.700975741E0,-4.269383338E-2,1.457851926E0
3.042647083E0,9.671768898E0,-8.096091338E-2,1.639037113E0
3.052670083E0,9.639636109E0,-1.181884909E-1,1.816473064E0
3.062693083E0,9.605931004E0,-1.534184403E-1,1.984603318E0
3.072716083E0,9.572840441E0,-1.879854616E-1,2.135768461E0
3.082740083E0,9.541964804E0,-2.240263467E-1,2.266454316E0
3.092763083E0,9.513308769E0,-2.622429442E-1,2.379976253E0
3.102786083E0,9.486634356E0,-3.023011223E-1,2.479609154E0
3.112809083E0,9.461478465E0,-3.435883486E-1,2.568747033E0
3.122833083E0,9.437717135E0,-3.863727544E-1,2.648829036E0
3.132856083E0,9.415511164E0,-4.314797109E-1,2.719942288E0
3.142879083E0,9.395850486E0,-4.789478095E-1,2.779336258E0
3.152902083E0,9.380475233E0,-5.279652376E-1,2.822060694E0
3.162925083E0,9.371124950E0,-5.781979729E-1,2.843204518E0
3.172949083E0,9.368326473E0,-6.290884104E-1,2.841620215E0
3.182972083E0,9.371055953E0,-6.800327884E-1,2.820808513E0
3.192995083E0,9.376921295E0,-7.317723146E-1,2.788179295E0
3.203018083E0,9.383752012E0,-7.840972202E-1,2.750725248E0
3.213042083E0,9.389295173E0,-8.370443427E-1,2.715984600E0
3.223065083E0,9.391899523E0,-8.900097377E-1,2.690018870E0
3.233088083E0,9.390615474E0,-9.427378819E-1,2.676505077E0
3.243111083E0,9.386455765E0,-9.945109566E-1,2.672355893E0
3.253135083E0,9.380671114E0,-1.046509295E0,2.672810807E0
3.263158083E0,9.374150884E0,-1.101085598E0,2.673763610E0
3.273181083E0,9.365931453E0,-1.159622805E0,2.677814854E0
3.283204083E0,9.355124629E0,-1.220698434E0,2.688425211E0
3.293228083E0,9.341709362E0,-1.282598886E0,2.706194900E0
3.303251083E0,9.328175397E0,-1.343807101E0,2.723127851E0
3.313274083E0,9.317287881E0,-1.403838564E0,2.730105626E0
3.323297083E0,9.310363609E0,-1.462186906E0,2.723090137E0
3.333321083E0,9.307666873E0,-1.517905608E0,2.701740783E0
3.343344083E0,9.308784276E0,-1.571233969E0,2.667181692E0
3.353367083E0,9.313214711E0,-1.624649161E0,2.619282763E0
3.363390083E0,9.319652495E0,-1.681168786E0,2.560049884E0
3.373414083E0,9.326261019E0,-1.741565262E0,2.494778877E0
3.383437083E0,9.332017602E0,-1.803646466E0,2.428247796E0
3.393460083E0,9.337138594E0,-1.865040768E0,2.361262240E0
3.403483083E0,9.341998799E0,-1.924980137E0,2.292947611E0
3.413507083E0,9.346289486E0,-1.984535783E0,2.223639102E0
3.423530083E0,9.348917810E0,-2.044414780E0,2.157363836E0
3.433553083E0,9.349072176E0,-2.104835375E0,2.097770769E0
3.443576083E0,9.346859590E0,-2.165975616E0,2.044715619E0
3.453600083E0,9.343017384E0,-2.227510398E0,1.995574157E0
3.463623083E0,9.338444277E0,-2.289596280E0,1.946099403E0
3.473646083E0,9.333158979E0,-2.353144550E0,1.894980121E0
3.483669083E0,9.326469179E0,-2.418450055E0,1.845036274E0
3.493692083E0,9.318006504E0,-2.485696397E0,1.797821031E0
3.503716083E0,9.307235933E0,-2.554201499E0,1.757127918E0
3.513739083E0,9.293998421E0,-2.622579131E0,1.726201703E0
3.523762083E0,9.278778119E0,-2.690286380E0,1.703742986E0
3.533785083E0,9.261930537E0,-2.757455685E0,1.687948925E0
3.543809083E0,9.243297799E0,-2.825166442E0,1.678086865E0
3.553832083E0,9.222076499E0,-2.894825784E0,1.676118546E0
3.563855083E0,9.198260205E0,-2.965456056E0,1.683507088E0
3.573878083E0,9.173000818E0,-3.036571940E0,1.694522219E0
3.583902083E0,9.147199979E0,-3.109555131E0,1.701615915E0
3.593925083E0,9.120840731E0,-3.184005097E0,1.705431077E0
3.603948083E0,9.093878050E0,-3.258295434E0,1.709097135E0
3.613971083E0,9.067000739E0,-3.330769917E0,1.712180226E0
3.623995083E0,9.041295210E0,-3.399764138E0,1.712501969E0
3.634018083E0,9.017425706E0,-3.464773774E0,1.708069633E0
3.644041083E0,8.995434328E0,-3.526540252E0,1.697581628E0
3.654064083E0,8.973701397E0,-3.587023851E0,1.685836326E0
3.664088083E0,8.949963455E0,-3.648301794E0,1.680521646E0
3.674111083E0,8.923184962E0,-3.710887174E0,1.685881496E0
3.684134083E0,8.893831939E0,-3.773428701E0,1.702083984E0
3.694157083E0,8.864301746E0,-3.832772385E0,1.723406003E0
3.704181083E0,8.836989402E0,-3.889238069E0,1.737103690E0
3.714204083E0,8.812636918E0,-3.944904732E0,1.735294708E0
3.724227083E0,8.791323817E0,-4.000009184E0,1.717165708E0
3.734250083E0,8.772784635E0,-4.054114348E0,1.684788944E0
3.744273083E0,8.756197253E0,-4.106854479E0,1.642819823E0
3.754297083E0,8.741347665E0,-4.155539273E0,1.598881944E0
3.764320083E0,8.728546355E0,-4.197489537E0,1.558740662E0
3.774343083E0,8.717435476E0,-4.232369640E0,1.526255286E0
3.784366083E0,8.707186477E0,-4.260222268E0,1.507150971E0
3.794390083E0,8.698211585E0,-4.279476856E0,1.504427923E0
3.804413083E0,8.691072720E0,-4.289857126E0,1.516067975E0
3.814436083E0,8.686806591E0,-4.290872495E0,1.537493635E0
3.824459083E0,8.687856166E0,-4.281701722E0,1.557006524E0
3.834483083E0,8.695559288E0,-4.263503433E0,1.563925388E0
3.844506042E0,8.709743464E0,-4.237010283E0,1.556984451E0
3.854529042E0,8.728947474E0,-4.202411139E0,1.543145700E0
3.864552042E0,8.752085491E0,-4.158657301E0,1.530582372E0
3.874576042E0,8.778614309E0,-4.105663986E0,1.521702790E0
3.884599042E0,8.807640472E0,-4.044876624E0,1.516758092E0
3.894622042E0,8.837869408E0,-3.977803798E0,1.518310674E0
3.904645042E0,8.868097174E0,-3.905904388E0,1.528687436E0
3.914669042E0,8.898388090E0,-3.830192008E0,1.544156098E0
3.924692042E0,8.929264312E0,-3.752619630E0,1.556331902E0
3.934715042E0,8.960488443E0,-3.676667807E0,1.558156379E0
3.944738042E0,8.991593292E0,-3.605002577E0,1.546386373E0
3.954762042E0,9.022912148E0,-3.537988808E0,1.518479074E0
3.964785042E0,9.055111595E0,-3.474481907E0,1.472769928E0
3.974808042E0,9.088989778E0,-3.411856473E0,1.409115384E0
3.984831042E0,9.124843150E0,-3.346757667E0,1.331372120E0
3.994854042E0,9.161626815E0,-3.277609956E0,1.248191677E0
4.004878042E0,9.197237527E0,-3.205844740E0,1.170247415E0
4.014901042E0,9.229770266E0,-3.134056134E0,1.106866082E0
4.024924042E0,9.257712940E0,-3.065658621E0,1.064226359E0
4.034947042E0,9.280772604E0,-3.003235501E0,1.041114800E0
4.044971042E0,9.299356810E0,-2.949055786E0,1.030102812E0
4.054994042E0,9.314778256E0,-2.903649525E0,1.019728390E0
4.065017042E0,9.329343086E0,-2.863568616E0,9.997110316E-1
4.075040042E0,9.345242835E0,-2.823212303E0,9.654188660E-1
4.085064042E0,9.362820150E0,-2.780063360E0,9.192064934E-1
4.095087042E0,9.380513240E0,-2.736529377E0,8.680240607E-1
4.105110042E0,9.396810599E0,-2.695117057E0,8.200013901E-1
4.115133042E0,9.411007054E0,-2.656499999E0,7.823387432E-1
4.125157042E0,9.423337662E0,-2.620362159E0,7.553167862E-1
4.135180042E0,9.434192433E0,-2.586533386E0,7.361795803E-1
4.145203042E0,9.443481905E0,-2.555827317E0,7.242181505E-1
4.155226042E0,9.451344071E0,-2.528564382E0,7.173091536E-1
4.165250042E0,9.458106376E0,-2.505056821E0,7.106404041E-1
4.175273042E0,9.463769404E0,-2.485703414E0,7.031719018E-1
4.185296042E0,9.467908648E0,-2.471560754E0,6.972896759E-1
4.195319042E0,9.469923014E0,-2.463959958E0,6.968230681E-1
4.205342042E0,9.469636500E0,-2.462684388E0,7.051851712E-1
4.215366042E0,9.467394678E0,-2.466425436E0,7.220020558E-1
4.225389042E0,9.463466519E0,-2.475399158E0,7.425029055E-1
4.235412042E0,9.457649708E0,-2.490951582E0,7.642736974E-1
4.245435042E0,9.449448404E0,-2.513840216E0,7.903365648E-1
4.255459042E0,9.438813488E0,-2.543860406E0,8.207902526E-1
4.265482042E0,9.426833712E0,-2.579074970E0,8.481158262E-1
4.275505042E0,9.414520646E0,-2.618287275E0,8.645729609E-1
4.285528042E0,9.401839789E0,-2.662389607E0,8.678732025E-1
4.295552042E0,9.387760279E0,-2.714245639E0,8.596170802E-1
4.305575042E0,9.371273469E0,-2.775336178E0,8.443030031E-1
4.315598042E0,9.352078230E0,-2.844804901E0,8.257143391E-1
4.325621042E0,9.330075742E0,-2.921921782E0,8.050847775E-1
4.335645042E0,9.305260159E0,-3.006233369E0,7.815303656E-1
4.345668042E0,9.277199371E0,-3.097940807E0,7.565998846E-1
4.355691042E0,9.246163520E0,-3.195373546E0,7.308450924E-1
4.365714042E0,9.212985249E0,-3.295886598E0,7.029542392E-1
4.375738042E0,9.177825356E0,-3.400504396E0,6.634586363E-1
4.385761042E0,9.138905119E0,-3.515344588E0,5.990399711E-1
4.395784042E0,9.094515397E0,-3.641818694E0,5.128689328E-1
4.405807042E0,9.045011700E0,-3.774477983E0,4.209538091E-1
4.415831042E0,8.991435417E0,-3.907987458E0,3.432659843E-1
4.425854042E0,8.935592753E0,-4.037902942E0,2.943406864E-1
4.435877042E0,8.880406147E0,-4.158756704E0,2.814729199E-1
4.445900042E0,8.828679339E0,-4.266122985E0,3.012294556E-1
4.455923042E0,8.780276088E0,-4.361634037E0,3.449858697E-1
4.465947042E0,8.733537539E0,-4.449412731E0,4.051408183E-1
4.475970042E0,8.688977662E0,-4.529053854E0,4.748261072E-1
4.485993042E0,8.650794759E0,-4.593599514E0,5.465344962E-1
4.496016042E0,8.621737021E0,-4.639742231E0,6.120022250E-1
4.506040042E0,8.601165932E0,-4.670162663E0,6.675407238E-1
4.516063042E0,8.587305692E0,-4.688998884E0,7.124262169E-1
4.526086042E0,8.577786425E0,-4.701207870E0,7.458700246E-1
4.536109042E0,8.570925887E0,-4.709915836E0,7.694207089E-1
4.546133042E0,8.567105901E0,-4.715192363E0,7.796002728E-1
4.556156042E0,8.567588296E0,-4.715365733E0,7.732108010E-1
4.566179042E0,8.572391784E0,-4.709830467E0,7.534548135E-1
4.576202042E0,8.580228807E0,-4.699647540E0,7.273778397E-1
4.586226042E0,8.589685509E0,-4.685928511E0,7.038957140E-1
4.596249042E0,8.600699909E0,-4.667255428E0,6.933887060E-1
4.606272042E0,8.614354327E0,-4.640869867E0,7.009525911E-1
4.616295042E0,8.631573207E0,-4.605197466E0,7.240098435E-1
4.626318042E0,8.652176456E0,-4.560969127E0,7.572989924E-1
4.636342042E0,8.675092864E0,-4.510708800E0,7.952051027E-1
4.646365042E0,8.699820154E0,-4.455946702E0,8.329322152E-1
4.656388042E0,8.727002690E0,-4.396711776E0,8.628198925E-1
4.666411042E0,8.756719995E0,-4.333750420E0,8.800859895E-1
4.676435042E0,8.789113569E0,-4.266977848E0,8.834457996E-1
4.686458042E0,8.825479742E0,-4.193415490E0,8.730775899E-1
4.696481042E0,8.865295773E0,-4.111937756E0,8.570899136E-1
4.706504042E0,8.906428596E0,-4.025098125E0,8.427449394E-1
4.716528042E0,8.947556741E0,-3.934862723E0,8.331751670E-1
4.726551042E0,8.989034550E0,-3.839256947E0,8.327299746E-1
4.736574042E0,9.031522173E0,-3.736507919E0,8.403727240E-1
4.746597042E0,9.074646558E0,-3.627623116E0,8.527898712E-1
4.756621042E0,9.116392754E0,-3.518445659E0,8.648965312E-1
4.766644042E0,9.155472620E0,-3.413091405E0,8.741979895E-1
4.776667042E0,9.193124596E0,-3.309220296E0,8.784090080E-1
4.786690042E0,9.230180156E0,-3.205144243E0,8.757401195E-1
4.796714042E0,9.265750523E0,-3.101744713E0,8.724440441E-1
4.806737042E0,9.299245128E0,-2.999740328E0,8.727562123E-1
4.816760042E0,9.330088021E0,-2.901740117E0,8.749109112E-1
4.826783042E0,9.358492625E0,-2.808177942E0,8.768569377E-1
4.836807042E0,9.385572835E0,-2.714988820E0,8.808963405E-1
4.846830292E0,9.412006343E0,-2.617892880E0,8.926851312E-1
4.856853292E0,9.437549320E0,-2.515930595E0,9.158902451E-1
4.866876292E0,9.461217679E0,-2.413212558E0,9.475653432E-1
4.876899292E0,9.483717765E0,-2.313772324E0,9.703994512E-1
4.886923292E0,9.506190954E0,-2.217313584E0,9.756817527E-1
4.896946292E0,9.528717352E0,-2.120176130E0,9.718617667E-1
4.906969292E0,9.549723474E0,-2.022665330E0,9.735095121E-1
4.916992292E0,9.567302544E0,-1.929420367E0,9.900387137E-1
4.927016292E0,9.581642255E0,-1.842616550E0,1.016371796E0
4.937039292E0,9.594188626E0,-1.761788588E0,1.041034766E0
4.947062292E0,9.606095896E0,-1.685363725E0,1.057623098E0
4.957085292E0,9.618120695E0,-1.612547179E0,1.061861745E0
4.967109292E0,9.630072988E0,-1.543168065E0,1.056606706E0
4.977132292E0,9.641965055E0,-1.476152103E0,1.043837191E0
4.987155292E0,9.653503951E0,-1.410819116E0,1.027396574E0
4.997178292E0,9.663792127E0,-1.347914478E0,1.015053760E0
5.007202292E0,9.672510325E0,-1.289589525E0,1.007761478E0
5.017225292E0,9.680433887E0,-1.237399325E0,9.970647280E-1
5.027248292E0,9.688085554E0,-1.189614855E0,9.807792822E-1
5.037271292E0,9.695025029E0,-1.143533679E0,9.669204310E-1
5.047295292E0,9.700299218E0,-1.097560750E0,9.673053239E-1
5.057318292E0,9.702801241E0,-1.052588791E0,9.918656762E-1
5.067341292E0,9.701990232E0,-1.012830356E0,1.040031457E0
5.077364292E0,9.698269064E0,-9.784146682E-1,1.105621210E0
5.087387292E0,9.693079076E0,-9.456029445E-1,1.177350393E0
5.097411292E0,9.688510646E0,-9.161800477E-1,1.236723971E0
5.107434292E0,9.685400512E0,-8.952799793E-1,1.275773724E0
5.117457292E0,9.682733597E0,-8.844583911E-1,1.303273764E0
5.127480292E0,9.679446293E0,-8.831300499E-1,1.328350864E0
5.137504292E0,9.675128124E0,-8.884142518E-1,1.355994891E0
5.147527292E0,9.670182549E0,-8.950895063E-1,1.386536507E0
5.157550292E0,9.665873736E0,-8.997973920E-1,1.413280502E0
5.167573292E0,9.662742552E0,-9.020808759E-1,1.433088529E0
5.177597292E0,9.660093763E0,-9.046783552E-1,1.449223044E0
5.187620292E0,9.656229923E0,-9.135227805E-1,1.469281771E0
5.197643292E0,9.650713075E0,-9.308619677E-1,1.494434739E0
5.207666292E0,9.644064206E0,-9.549073264E-1,1.521936533E0
5.217690292E0,9.636782668E0,-9.846538666E-1,1.548867346E0
5.227713292E0,9.629777704E0,-1.020616728E0,1.569020798E0
5.237736292E0,9.623286125E0,-1.062972716E0,1.580684824E0
5.247759292E0,9.616791038E0,-1.112879871E0,1.585848500E0
5.257783292E0,9.609961490E0,-1.174174332E0,1.583053385E0
5.267806292E0,9.602754212E0,-1.244662590E0,1.572894725E0
5.277829292E0,9.595004897E0,-1.317240423E0,1.561044173E0
5.287852292E0,9.587428075E0,-1.389405005E0,1.544958190E0
5.297875292E0,9.579885752E0,-1.466049576E0,1.520722212E0
5.307899292E0,9.570885133E0,-1.554245908E0,1.489490187E0
5.317922292E0,9.559163804E0,-1.654413243E0,1.456499465E0
5.327945292E0,9.544400169E0,-1.761632906E0,1.427296716E0
5.337968292E0,9.527294725E0,-1.869821306E0,1.403753633E0
5.347992292E0,9.507135279E0,-1.977376014E0,1.393005428E0
5.358015292E0,9.482508561E0,-2.087844389E0,1.399650203E0
5.368038292E0,9.452946793E0,-2.203047840E0,1.422844938E0
5.378061292E0,9.419962065E0,-2.317135203E0,1.459905907E0
5.388085292E0,9.386651646E0,-2.417622528E0,1.510620562E0
5.398108292E0,9.355558493E0,-2.499642884E0,1.568896106E0
5.408131292E0,9.326048765E0,-2.572759684E0,1.625368515E0
5.418154292E0,9.297131944E0,-2.644946485E0,1.674421977E0
5.428178292E0,9.268758330E0,-2.715904201E0,1.717577352E0
5.438201292E0,9.241268815E0,-2.781891492E0,1.759585503E0
5.448224292E0,9.214208486E0,-2.846040710E0,1.798475481E0
5.458247292E0,9.187270364E0,-2.911986193E0,1.830437385E0
5.468270292E0,9.163076924E0,-2.974193551E0,1.851563375E0
5.478294292E0,9.142188331E0,-3.027003848E0,1.869154577E0
5.488317292E0,9.123090740E0,-3.069918903E0,1.892329139E0
5.498340292E0,9.107274606E0,-3.103905551E0,1.912962648E0
5.508363292E0,9.096919772E0,-3.130013369E0,1.919678321E0
5.518387292E0,9.091966011E0,-3.150609309E0,1.909429760E0
5.528410292E0,9.092602773E0,-3.163049553E0,1.885678516E0
5.538433292E0,9.099601305E0,-3.161288956E0,1.854619568E0
5.548456292E0,9.111484017E0,-3.146590226E0,1.820969427E0
5.558480292E0,9.125798001E0,-3.124360281E0,1.787253358E0
5.568503292E0,9.141810016E0,-3.096624599E0,1.753378684E0
5.578526292E0,9.159330613E0,-3.065333516E0,1.716537571E0
5.588549292E0,9.179551454E0,-3.029248010E0,1.672001376E0
5.598573292E0,9.204031407E0,-2.984427347E0,1.617123941E0
5.608596292E0,9.231061331E0,-2.931182602E0,1.559411338E0
5.618619292E0,9.259084112E0,-2.867229265E0,1.511436688E0
5.628642292E0,9.288970985E0,-2.789527371E0,1.472969025E0
5.638666292E0,9.320547704E0,-2.702093078E0,1.436032749E0
5.648689292E0,9.353162304E0,-2.608568910E0,1.396357490E0
5.658712292E0,9.387567320E0,-2.506408697E0,1.351885907E0
5.668735292E0,9.424293097E0,-2.395968096E0,1.295426508E0
5.678758292E0,9.462915126E0,-2.280237519E0,1.220594646E0
5.688782292E0,9.502085039E0,-2.160649825E0,1.130515512E0
5.698805292E0,9.540074399E0,-2.038688163E0,1.032883821E0
5.708828292E0,9.575633656E0,-1.914192317E0,9.376687845E-1
5.718851292E0,9.609366828E0,-1.783080200E0,8.466267597E-1
5.728875292E0,9.642073814E0,-1.641478179E0,7.563398297E-1
5.738898292E0,9.673550545E0,-1.488650819E0,6.651549867E-1
5.748921292E0,9.702935143E0,-1.325578845E0,5.761877367E-1
5.758944292E0,9.729455774E0,-1.154230868E0,4.914703162E-1
5.768968292E0,9.752421883E0,-9.797571889E-1,4.079622095E-1
5.778991292E0,9.771696644E0,-8.048736200E-1,3.197488118E-1
5.789014292E0,9.787391156E0,-6.271750552E-1,2.229914626E-1
5.799037292E0,9.799173295E0,-4.448444724E-1,1.200836192E-1
5.809061292E0,9.806613293E0,-2.571728235E-1,1.667647146E-2
5.819084292E0,9.809342773E0,-6.442572755E-2,-9.335604211E-2
5.829107292E0,9.806720881E0,1.321683064E-1,-2.165013822E-1
5.839130917E0,9.797950058E0,3.339491040E-1,-3.532035100E-1
5.849153917E0,9.782495867E0,5.421460877E-1,-4.949108179E-1
5.859177917E0,9.760619679E0,7.560023723E-1,-6.283676679E-1
5.869200917E0,9.732985738E0,9.727665503E-1,-7.475293913E-1
5.879223917E0,9.699604568E0,1.188743108E0,-8.606080370E-1
5.889246917E0,9.660252222E0,1.400684284E0,-9.765677521E-1
5.899270917E0,9.616292270E0,1.607500301E0,-1.085805800E0
5.909293917E0,9.569596991E0,1.810511974E0,-1.175149574E0
5.919316917E0,9.519633703E0,2.012629900E0,-1.249796299E0
5.929339917E0,9.464986795E0,2.212490070E0,-1.324778654E0
5.939363917E0,9.405318298E0,2.405567616E0,-1.410427938E0
5.949386917E0,9.339518411E0,2.590635500E0,-1.515940505E0
5.959409917E0,9.266781971E0,2.769425228E0,-1.641075306E0
5.969432917E0,9.187990156E0,2.944117227E0,-1.774577764E0
5.979456917E0,9.105943780E0,3.117400925E0,-1.897294302E0
5.989479917E0,9.024519548E0,3.291519020E0,-1.989993136E0
5.999502917E0,8.946038219E0,3.467223173E0,-2.045205616E0
6.009525917E0,8.872118304E0,3.641566971E0,-2.064120481E0
6.019548917E0,8.805259486E0,3.808621045E0,-2.048875474E0
6.029572917E0,8.748824499E0,3.961036907E0,-2.001084719E0
6.039595917E0,8.705017160E0,4.092949508E0,-1.925234199E0
6.049618917E0,8.672363384E0,4.203347863E0,-1.832499551E0
6.059641917E0,8.648603808E0,4.293646122E0,-1.732723979E0
6.069665917E0,8.631692491E0,4.366013017E0,-1.633381393E0
6.079688917E0,8.618022870E0,4.423997808E0,-1.547267256E0
6.089711917E0,8.603884302E0,4.472700729E0,-1.484660533E0
6.099734917E0,8.587016839E0,4.516221555E0,-1.450164738E0
6.109758917E0,8.567114087E0,4.555478591E0,-1.445087747E0
6.119781917E0,8.545857704E0,4.588496356E0,-1.466319133E0
6.129804917E0,8.525477234E0,4.613528287E0,-1.505891481E0
6.139827917E0,8.508148425E0,4.632321530E0,-1.545676959E0
6.149851917E0,8.495596207E0,4.652103245E0,-1.555277064E0
6.159874917E0,8.486907830E0,4.683578222E0,-1.507516860E0
6.169897917E0,8.477166953E0,4.732785466E0,-1.405167344E0
6.179920917E0,8.463406116E0,4.792888995E0,-1.278694554E0
6.189943917E0,8.448589271E0,4.850061316E0,-1.155147346E0
6.199967917E0,8.436950389E0,4.896277708E0,-1.039437599E0
6.209990917E0,8.428874214E0,4.933501668E0,-9.223525878E-1
6.220013917E0,8.419479493E0,4.971214455E0,-7.971896477E-1
6.230036917E0,8.403628276E0,5.016307012E0,-6.721612667E-1
6.240060917E0,8.380131240E0,5.068344308E0,-5.668984845E-1
6.250083917E0,8.352211955E0,5.121303710E0,-4.988968283E-1
6.260106917E0,8.323813782E0,5.169574229E0,-4.751037038E-1
6.270129917E0,8.294642608E0,5.214696023E0,-4.918965782E-1
6.280153917E0,8.260318868E0,5.264358764E0,-5.382882045E-1
6.290176917E0,8.218679091E0,5.322565457E0,-5.997487998E-1
6.300199917E0,8.172832827E0,5.385745792E0,-6.592903756E-1
6.310222917E0,8.127778276E0,5.447309956E0,-7.086168290E-1
6.320245917E0,8.088810677E0,5.500402674E0,-7.435166665E-1
6.330269917E0,8.060494950E0,5.539582527E0,-7.599669307E-1
6.340292917E0,8.044852479E0,5.563423964E0,-7.514988468E-1
6.350315917E0,8.040676982E0,5.575483262E0,-7.053847805E-1
6.360338917E0,8.042905941E0,5.582807484E0,-6.164550624E-1
6.370362917E0,8.047086115E0,5.588723112E0,-4.966640690E-1
6.380385917E0,8.050694432E0,5.593445324E0,-3.685435341E-1
6.390408917E0,8.054042548E0,5.595155050E0,-2.504453096E-1
6.400431917E0,8.059512618E0,5.590766714E0,-1.537988748E-1
6.410455917E0,8.067653112E0,5.580451641E0,-8.733557529E-2
6.420478917E0,8.076710449E0,5.567712897E0,-5.834841939E-2
6.430501917E0,8.084480229E0,5.556351757E0,-6.503419429E-2
6.440524917E0,8.088516562E0,5.549989986E0,-9.807047850E-2
6.450548917E0,8.088432362E0,5.549173715E0,-1.414904493E-1
6.460571917E0,8.087237776E0,5.549653772E0,-1.844557351E-1
6.470594917E0,8.087312620E0,5.547610754E0,-2.355561424E-1
6.480617917E0,8.088928791E0,5.541650687E0,-3.089052966E-1
6.490640917E0,8.092314913E0,5.530784222E0,-4.012008913E-1
6.500664917E0,8.098564417E0,5.513983417E0,-4.953121562E-1
6.510687917E0,8.108947903E0,5.491232486E0,-5.722195604E-1
6.520710917E0,8.124376951E0,5.463110302E0,-6.204988506E-1
6.530733917E0,8.144536981E0,5.430481085E0,-6.422371173E-1
6.540757917E0,8.166729503E0,5.396640909E0,-6.456742568E-1
6.550780917E0,8.189035462E0,5.364059054E0,-6.345735372E-1
6.560803917E0,8.211043212E0,5.332585246E0,-6.151525220E-1
6.570826917E0,8.233131654E0,5.300760021E0,-5.946533899E-1
6.580850917E0,8.256113550E0,5.267324472E0,-5.727290356E-1
6.590873917E0,8.280589410E0,5.231348893E0,-5.485839087E-1
6.600896917E0,8.306824113E0,5.192236283E0,-5.229356820E-1
6.610919917E0,8.334419462E0,5.151037386E0,-4.902694808E-1
6.620942917E0,8.363406449E0,5.107983752E0,-4.450182809E-1
6.630966917E0,8.393716076E0,5.062590063E0,-3.896239891E-1
6.640989917E0,8.424872965E0,5.014748145E0,-3.315666925E-1
6.651012917E0,8.455999448E0,4.965366070E0,-2.780507456E-1
6.661035917E0,8.486405554E0,4.915443127E0,-2.354240867E-1
6.671059917E0,8.516960179E0,4.863557274E0,-2.081380548E-1
6.681082917E0,8.548191912E0,4.808824412E0,-1.993042824E-1
6.691105917E0,8.579335352E0,4.752614543E0,-2.092066883E-1
6.701128917E0,8.610326765E0,4.695434914E0,-2.264304843E-1
6.711152917E0,8.642318051E0,4.635773726E0,-2.367278330E-1
6.721175917E0,8.677340534E0,4.570116219E0,-2.321843637E-1
6.731198917E0,8.716750767E0,4.495734665E0,-2.066759768E-1
6.741221917E0,8.759911405E0,4.413104153E0,-1.567255158E-1
6.751244917E0,8.804273061E0,4.325878606E0,-8.756537086E-2
6.761268917E0,8.846507499E0,4.239728946E0,-1.172889676E-2
6.771291917E0,8.885762197E0,4.156404954E0,6.045806282E-2
6.781314917E0,8.923091406E0,4.074235201E0,1.229939429E-1
6.791337917E0,8.960215378E0,3.989919229E0,1.765867898E-1
6.801361917E0,8.999265423E0,3.898583089E0,2.244828315E-1
6.811384917E0,9.041544301E0,3.796404165E0,2.718544694E-1
6.821407917E0,9.085824680E0,3.685200648E0,3.212117121E-1
6.831430917E0,9.128892932E0,3.573057776E0,3.642396179E-1
6.841454792E0,9.168210195E0,3.467915776E0,3.918811239E-1
6.851477792E0,9.203700455E0,3.371281182E0,4.030433855E-1
6.861500792E0,9.238949225E0,3.273306698E0,4.042229516E-1
6.871523792E0,9.278092241E0,3.160475024E0,4.056146621E-1
6.881546792E0,9.321819474E0,3.027587985E0,4.165373705E-1
6.891570792E0,9.366930742E0,2.881470159E0,4.402673816E-1
6.901593792E0,9.409382697E0,2.735356718E0,4.662966641E-1
6.911616792E0,9.447790718E0,2.598050646E0,4.748225258E-1
6.921639792E0,9.483424235E0,2.468563763E0,4.549038029E-1
6.931663792E0,9.517780720E0,2.339515860E0,4.178465621E-1
6.941686792E0,9.551912087E0,2.202619824E0,3.814920470E-1
6.951709792E0,9.586191974E0,2.053320089E0,3.534086011E-1
6.961732792E0,9.619405913E0,1.894629726E0,3.369345095E-1
6.971755792E0,9.649533691E0,1.735550962E0,3.323815385E-1
6.981779792E0,9.675598240E0,1.583071511E0,3.358325287E-1
6.991802792E0,9.697853912E0,1.439794262E0,3.387350134E-1
7.001825792E0,9.717459626E0,1.301731853E0,3.355206162E-1
7.011848792E0,9.735262059E0,1.162159692E0,3.318899704E-1
7.021872792E0,9.750936690E0,1.019432082E0,3.407237976E-1
7.031895792E0,9.763750278E0,8.777030298E-1,3.673274960E-1
7.041918792E0,9.773483554E0,7.457465753E-1,3.987532834E-1
7.051941792E0,9.781029385E0,6.298565152E-1,4.133458140E-1
7.061965792E0,9.787488220E0,5.296655714E-1,4.007737888E-1
7.071988792E0,9.793013839E0,4.427511327E-1,3.700770760E-1
7.082011792E0,9.797320313E0,3.668376455E-1,3.377224949E-1
7.092034792E0,9.800364373E0,2.992058804E-1,3.153477588E-1
7.102057792E0,9.802561172E0,2.402488070E-1,2.969642224E-1
7.112081792E0,9.804371470E0,1.926233634E-1,2.707366097E-1
7.122104792E0,9.805808716E0,1.593471881E-1,2.383824489E-1
7.132127792E0,9.806617386E0,1.440194979E-1,2.135799488E-1
7.142150792E0,9.806678197E0,1.478375288E-1,2.080329877E-1
7.152174792E0,9.806141422E0,1.682463762E-1,2.176164645E-1
7.162197792E0,9.805301178E0,1.994933485E-1,2.288658679E-1
7.172220792E0,9.804280254E0,2.398062824E-1,2.338751410E-1
7.182243792E0,9.802854702E0,2.924575358E-1,2.337411118E-1
7.192266792E0,9.800866649E0,3.585159978E-1,2.249110853E-1
7.202290792E0,9.798213767E0,4.337209852E-1,2.073358899E-1
7.212313792E0,9.794626501E0,5.122367026E-1,1.974424376E-1
7.222336792E0,9.789956914E0,5.904380591E-1,2.102485342E-1
7.232359792E0,9.783964103E0,6.685677872E-1,2.513361694E-1
7.242383792E0,9.776293141E0,7.472426585E-1,3.191132926E-1
7.252406792E0,9.767113597E0,8.232069799E-1,4.024099128E-1
7.262429792E0,9.757327697E0,8.892259915E-1,4.898474946E-1
7.272452792E0,9.747959872E0,9.399194509E-1,5.743916183E-1
7.282475792E0,9.739968483E0,9.714375512E-1,6.522479890E-1
7.292499792E0,9.733674540E0,9.843905226E-1,7.229527400E-1
7.302522792E0,9.728991505E0,9.873375193E-1,7.797357821E-1
7.312545792E0,9.725860906E0,9.921342096E-1,8.120394558E-1
7.322568792E0,9.724431261E0,1.008439974E0,8.090688510E-1
7.332592792E0,9.723444836E0,1.042208814E0,7.775188833E-1
7.342615792E0,9.721926899E0,1.089804346E0,7.297798028E-1
7.352638792E0,9.719663442E0,1.141860645E0,6.785445258E-1
7.362661792E0,9.716794213E0,1.189470063E0,6.365218294E-1
7.372684792E0,9.713154906E0,1.227491072E0,6.196713965E-1
7.382708792E0,9.708350834E0,1.255251897E0,6.390253148E-1
7.392731792E0,9.701482694E0,1.278713704E0,6.944100684E-1
7.402754792E0,9.690640202E0,1.313289021E0,7.764389026E-1
7.412777792E0,9.673418983E0,1.376171732E0,8.758982136E-1
7.422801792E0,9.649015628E0,1.467077371E0,9.900926542E-1
7.432824792E0,9.620243234E0,1.563771899E0,1.114291535E0
7.442847792E0,9.593446614E0,1.638728380E0,1.231443497E0
7.452870792E0,9.575086942E0,1.674213523E0,1.323181487E0
7.462894792E0,9.567317746E0,1.671915860E0,1.381025652E0
7.472917792E0,9.567548711E0,1.648486505E0,1.407331691E0
7.482940792E0,9.569599915E0,1.624045583E0,1.421737476E0
7.492963792E0,9.570437821E0,1.614388760E0,1.427083293E0
7.502986792E0,9.571035991E0,1.622880817E0,1.413375957E0
7.513010792E0,9.571578028E0,1.642277347E0,1.387049892E0
7.523033792E0,9.573730972E0,1.656647757E0,1.354729554E0
7.533056792E0,9.579561231E0,1.649496904E0,1.321848175E0
7.543079792E0,9.590310168E0,1.614576602E0,1.286548534E0
7.553103792E0,9.606649627E0,1.555666489E0,1.236238652E0
7.563126792E0,9.626706161E0,1.479046329E0,1.172628620E0
7.573149792E0,9.646821168E0,1.393078518E0,1.110975067E0
7.583172792E0,9.663272309E0,1.311692731E0,1.066187222E0
7.593195792E0,9.673390916E0,1.251804964E0,1.046221905E0
7.603219792E0,9.676090575E0,1.217953313E0,1.061109500E0
7.613242792E0,9.672620838E0,1.194974340E0,1.117378280E0
7.623265792E0,9.667205731E0,1.165105666E0,1.193210600E0
7.633288792E0,9.664897835E0,1.126278546E0,1.247932353E0
7.643312792E0,9.671235632E0,1.085514317E0,1.234898909E0
7.653335792E0,9.688053979E0,1.047187499E0,1.131862345E0
7.663358792E0,9.709468821E0,1.018682615E0,9.615566339E-1
7.673381792E0,9.727473568E0,1.009767219E0,7.698781805E-1
7.683404792E0,9.737571709E0,1.021813872E0,6.096540562E-1
7.693428792E0,9.739861479E0,1.042730532E0,5.328140777E-1
7.703451792E0,9.735784215E0,1.062326014E0,5.674930367E-1
7.713474792E0,9.725409501E0,1.079513027E0,6.979825710E-1
7.723497792E0,9.709727853E0,1.097655914E0,8.674307875E-1
7.733521792E0,9.692719472E0,1.118925672E0,1.017486129E0
7.743544792E0,9.678555177E0,1.143332097E0,1.120032696E0
7.753567792E0,9.669984328E0,1.168818063E0,1.166780235E0
7.763590792E0,9.667718532E0,1.194872525E0,1.159138509E0
7.773613792E0,9.669860367E0,1.222967154E0,1.110980987E0
7.783637792E0,9.672768188E0,1.257759183E0,1.044841523E0
7.793660792E0,9.673907810E0,1.302867967E0,9.768054414E-1
7.803683792E0,9.672050149E0,1.358394442E0,9.177690285E-1
7.813706792E0,9.667758878E0,1.417266110E0,8.728722795E-1
7.823730792E0,9.663968128E0,1.466232302E0,8.330631928E-1
7.833753792E0,9.662396981E0,1.496949772E0,7.958266617E-1
7.843777292E0,9.661253850E0,1.514115736E0,7.770115643E-1
7.853800292E0,9.657715116E0,1.532098555E0,7.857022809E-1
7.863823292E0,9.650459306E0,1.558448301E0,8.221704148E-1
7.873847292E0,9.640230771E0,1.589321308E0,8.809673841E-1
7.883870292E0,9.629783551E0,1.612909414E0,9.496883941E-1
7.893893292E0,9.621727842E0,1.617742576E0,1.020490647E0
7.903916292E0,9.617249460E0,1.602620946E0,1.084546602E0
7.913940292E0,9.616854773E0,1.576114786E0,1.126089242E0
7.923963292E0,9.620013438E0,1.552960690E0,1.131250945E0
7.933986292E0,9.624451475E0,1.545602992E0,1.103239859E0
7.944009292E0,9.627820056E0,1.555645439E0,1.058838734E0
7.954032292E0,9.628763797E0,1.573112534E0,1.023879255E0
7.964056292E0,9.627620666E0,1.583570571E0,1.018487903E0
7.974079292E0,9.625823232E0,1.577336416E0,1.044804466E0
7.984102292E0,9.624006502E0,1.554769672E0,1.094201233E0
7.994125292E0,9.621723749E0,1.526451168E0,1.152611774E0
8.004149292E0,9.619446259E0,1.503650828E0,1.200586863E0
8.014172292E0,9.616696898E0,1.493895187E0,1.234314772E0
8.024195292E0,9.612429015E0,1.495800502E0,1.264863989E0
8.034218292E0,9.605668464E0,1.499338067E0,1.311189724E0
8.044241292E0,9.598123802E0,1.493493045E0,1.371717470E0
8.054265292E0,9.594033090E0,1.471859370E0,1.422764539E0
8.064288292E0,9.596963714E0,1.433819285E0,1.441720482E0
8.074311292E0,9.608106753E0,1.383303874E0,1.416634465E0
8.084334292E0,9.626603835E0,1.326313986E0,1.343692934E0
8.094358292E0,9.650732371E0,1.267436764E0,1.221915313E0
8.104381292E0,9.678159320E0,1.207525169E0,1.054148536E0
8.114404292E0,9.704837826E0,1.146325798E0,8.591616552E-1
8.124427292E0,9.726790028E0,1.086750053E0,6.667910376E-1
8.134450292E0,9.742532487E0,1.031522151E0,5.050749232E-1
8.144474292E0,9.753797733E0,9.736404897E-1,3.892869702E-1
8.154497292E0,9.762933422E0,9.032109234E-1,3.247226362E-1
8.164520292E0,9.770595614E0,8.202962360E-1,3.141239000E-1
8.174543292E0,9.775875065E0,7.354923132E-1,3.569343260E-1
8.184567292E0,9.777745589E0,6.568596880E-1,4.475973415E-1
8.194590292E0,9.776072116E0,5.846668938E-1,5.680385819E-1
8.204613292E0,9.772517009E0,5.152077094E-1,6.845236693E-1
8.214636292E0,9.770363479E0,4.421322049E-1,7.619955491E-1
8.224659292E0,9.773260775E0,3.542817366E-1,7.706894086E-1
8.234683292E0,9.782231573E0,2.406290770E-1,6.972464065E-1
8.244706292E0,9.793751757E0,1.024142106E-1,5.550066731E-1
8.254729292E0,9.802398620E0,-4.471971088E-2,3.835002366E-1
8.264752292E0,9.805672476E0,-1.805410059E-1,2.286475840E-1
8.274776292E0,9.805125761E0,-2.868685843E-1,1.153597176E-1
8.284799292E0,9.803385630E0,-3.571026527E-1,4.697853140E-2
8.294822292E0,9.801651930E0,-4.040921202E-1,2.054655392E-2
8.304845292E0,9.799392566E0,-4.550658074E-1,3.017942601E-2
8.314868292E0,9.795319396E0,-5.326742927E-1,6.382470687E-2
8.324892292E0,9.788536041E0,-6.394694839E-1,1.082989672E-1
8.334915292E0,9.779154183E0,-7.605298714E-1,1.606694993E-1
8.344938292E0,9.768328648E0,-8.751734512E-1,2.233978624E-1
8.354961292E0,9.757908325E0,-9.681338744E-1,2.864823392E-1
8.364984292E0,9.749353264E0,-1.035268169E0,3.383051334E-1
8.375008292E0,9.743234153E0,-1.080973734E0,3.700844216E-1
8.385031292E0,9.738924170E0,-1.116462094E0,3.781264262E-1
8.395054292E0,9.735029340E0,-1.151055611E0,3.746999213E-1
8.405077292E0,9.730643343E0,-1.187331298E0,3.753907333E-1
8.415101292E0,9.725516505E0,-1.225106065E0,3.867174112E-1
8.425124292E0,9.719826579E0,-1.261809403E0,4.110141272E-1
8.435147292E0,9.714192787E0,-1.293831826E0,4.433264987E-1
8.445170292E0,9.709196341E0,-1.319523615E0,4.758716259E-1
8.455193292E0,9.705669301E0,-1.337532162E0,4.970652610E-1
8.465217292E0,9.704257783E0,-1.347033741E0,4.989806627E-1
8.475240292E0,9.705434242E0,-1.346470362E0,4.771575383E-1
8.485263292E0,9.709148979E0,-1.336848184E0,4.258679553E-1
8.495286292E0,9.714539527E0,-1.319923126E0,3.487485164E-1
8.505310292E0,9.720568006E0,-1.295629845E0,2.608446557E-1
8.515333292E0,9.726910481E0,-1.261599488E0,1.779658921E-1
8.525356292E0,9.733694420E0,-1.215984921E0,1.125339958E-1
8.535379292E0,9.741015134E0,-1.159027631E0,7.327921604E-2
8.545402292E0,9.748863267E0,-1.091856865E0,6.005700321E-2
8.555426292E0,9.757248759E0,-1.012993421E0,7.758963724E-2
8.565449292E0,9.765746518E0,-9.208952424E-1,1.350153888E-1
8.575472292E0,9.773250250E0,-8.152310854E-1,2.346726464E-1
8.585495292E0,9.778010468E0,-6.976223094E-1,3.740846480E-1
8.595518292E0,9.778185300E0,-5.657838590E-1,5.505218953E-1
8.605542292E0,9.772433394E0,-4.161454609E-1,7.499650490E-1
8.615565292E0,9.761003256E0,-2.693263892E-1,9.414772222E-1
8.625588292E0,9.746373523E0,-1.381604965E-1,1.106903358E0
8.635611292E0,9.730580778E0,-3.081163564E-2,1.245367325E0
8.645635292E0,9.714868140E0,5.445149684E-2,1.361793137E0
8.655658292E0,9.700907328E0,1.340802272E-1,1.452761048E0
8.665681292E0,9.688006616E0,2.272037054E-1,1.525456264E0
8.675704292E0,9.673518385E0,3.473015498E-1,1.593268763E0
8.685727292E0,9.658103371E0,4.945729950E-1,1.646981286E0
8.695751292E0,9.639491683E0,6.599050641E-1,1.697303739E0
8.705774292E0,9.611463640E0,8.325140662E-1,1.778424647E0
8.715797292E0,9.574903924E0,1.005418426E0,1.883205290E0
8.725820292E0,9.541236826E0,1.166439416E0,1.959673276E0
8.735843292E0,9.527582992E0,1.295262201E0,1.945136952E0
8.745867292E0,9.544034134E0,1.377329773E0,1.802905039E0
8.755890292E0,9.584514992E0,1.409711215E0,1.544623437E0
8.765913292E0,9.633161488E0,1.394867035E0,1.221747278E0
8.775936292E0,9.676904508E0,1.337991607E0,8.963307971E-1
8.785960292E0,9.710592656E0,1.249333199E0,6.161772466E-1
8.795983292E0,9.735115294E0,1.136899794E0,4.136184039E-1
8.806006292E0,9.754518694E0,9.992711748E-1,2.948199753E-1
8.816029292E0,9.771422995E0,8.338245003E-1,2.451680147E-1
8.826052292E0,9.785784926E0,6.416292261E-1,2.506782480E-1
8.836076292E0,9.795681923E0,4.277523302E-1,3.126464183E-1
8.846098292E0,9.798239495E0,1.964789078E-1,4.381899390E-1
8.856121292E0,9.789813657E0,-5.238868595E-2,6.268277306E-1
8.866144292E0,9.767092547E0,-3.186639341E-1,8.593519820E-1
8.876168292E0,9.732297521E0,-5.944736246E-1,1.079396594E0
8.886191292E0,9.696033674E0,-8.724210206E-1,1.209099239E0
8.896214292E0,9.668122575E0,-1.147246954E0,1.203052268E0
8.906237292E0,9.645343577E0,-1.413071464E0,1.098491554E0
8.916260292E0,9.616692805E0,-1.665764882E0,9.902280904E-1
8.926284292E0,9.575984489E0,-1.902989783E0,9.566833451E-1
8.936307292E0,9.524819598E0,-2.121223805E0,1.007137288E0
8.946330292E0,9.470159242E0,-2.313931514E0,1.094488185E0
8.956353292E0,9.422507942E0,-2.471488248E0,1.159404338E0
8.966376292E0,9.388128068E0,-2.589409631E0,1.180738636E0
8.976400292E0,9.364836854E0,-2.672873372E0,1.179703459E0
8.986423292E0,9.346315799E0,-2.732947958E0,1.188905953E0
8.996446292E0,9.327039868E0,-2.781804076E0,1.226378054E0
9.006469292E0,9.306358266E0,-2.824887530E0,1.283674043E0
9.016493292E0,9.287320316E0,-2.861059868E0,1.340194107E0
9.026516292E0,9.269436607E0,-2.893728847E0,1.392826210E0
9.036539292E0,9.246047745E0,-2.935549595E0,1.459193862E0
9.046562292E0,9.211306513E0,-2.998572932E0,1.548064085E0
9.056585292E0,9.166546077E0,-3.078309365E0,1.653638487E0
9.066609292E0,9.125117385E0,-3.154285746E0,1.737469433E0
9.076632292E0,9.107421956E0,-3.194119318E0,1.757429050E0
9.086655292E0,9.122739322E0,-3.177200400E0,1.707958974E0
9.096678292E0,9.183749755E0,-3.058496952E0,1.593877458E0
9.106702292E0,9.285786007E0,-2.811536583E0,1.451053953E0
9.116725292E0,9.391943377E0,-2.507942422E0,1.318223340E0
9.126748292E0,9.503892413E0,-2.144665292E0,1.145667548E0
9.136771292E0,9.621027346E0,-1.732201823E0,8.193956186E-1
9.146794292E0,9.708076015E0,-1.339613186E0,4.413670236E-1
9.156818292E0,9.746961168E0,-1.087641753E0,2.233221775E-1
9.166841292E0,9.744300100E0,-1.057318970E0,4.084083155E-1
9.176864292E0,9.701294999E0,-1.152954348E0,8.897507060E-1
9.186887292E0,9.637677292E0,-1.223949486E0,1.361337492E0
9.196910292E0,9.579527317E0,-1.290892138E0,1.674026997E0
9.206934292E0,9.533610887E0,-1.401950498E0,1.838725521E0
9.216957292E0,9.483685021E0,-1.540768368E0,1.980372858E0
9.226980292E0,9.432466335E0,-1.629912679E0,2.146637996E0
9.237003292E0,9.413156490E0,-1.608306778E0,2.245422173E0
9.247027292E0,9.440707986E0,-1.484513768E0,2.214801328E0
9.257050292E0,9.508150356E0,-1.326077759E0,2.018085791E0
9.267073292E0,9.594733586E0,-1.184793899E0,1.665366686E0
9.277096292E0,9.676258975E0,-1.066267987E0,1.212106243E0
9.287119292E0,9.737957625E0,-9.715373924E-1,6.814661602E-1
9.297143292E0,9.767464430E0,-9.055108526E-1,1.131534352E-1
9.307166292E0,9.762237019E0,-8.775865240E-1,-4.057844140E-1
9.317189292E0,9.736215155E0,-9.139569363E-1,-7.790339700E-1
9.327212292E0,9.711264501E0,-1.016552767E0,-9.455394291E-1
9.337235292E0,9.695266519E0,-1.167760375E0,-9.350106402E-1
9.347259292E0,9.680388864E0,-1.360755256E0,-8.212799569E-1
9.357282292E0,9.659297957E0,-1.578825848E0,-6.643593999E-1
9.367305292E0,9.631169341E0,-1.795033810E0,-5.045075240E-1
9.377328292E0,9.602666504E0,-1.984015381E0,-2.976389546E-1
9.387352292E0,9.575655876E0,-2.131389335E0,-1.031593194E-2
9.397375292E0,9.553777934E0,-2.207953362E0,2.939439163E-1
9.407398292E0,9.543606117E0,-2.202936012E0,5.502266840E-1
9.417421292E0,9.539914185E0,-2.147547092E0,7.836868919E-1
9.427444292E0,9.530916490E0,-2.074272856E0,1.046495189E0
9.437468292E0,9.510927783E0,-1.984900942E0,1.355918585E0
9.447491292E0,9.500821456E0,-1.838177344E0,1.609850589E0
9.457514292E0,9.540412368E0,-1.632174528E0,1.597697590E0
9.467537292E0,9.616267127E0,-1.440207514E0,1.299742192E0
9.477560292E0,9.674921132E0,-1.326095154E0,9.346022853E-1
9.487584292E0,9.699950724E0,-1.287748091E0,6.991284060E-1
9.497607292E0,9.701411943E0,-1.293191995E0,6.680946013E-1
9.507630292E0,9.682227228E0,-1.283744064E0,9.179318004E-1
9.517653292E0,9.623326471E0,-1.237059309E0,1.448234572E0
9.527677292E0,9.509268343E0,-1.184819992E0,2.099075721E0
9.537700292E0,9.364597703E0,-1.161944954E0,2.681473749E0
9.547723292E0,9.248027612E0,-1.184154798E0,3.050880076E0
9.557746292E0,9.200328366E0,-1.236921607E0,3.171764828E0
9.567769292E0,9.210889022E0,-1.289502255E0,3.119746243E0
9.577793292E0,9.245260125E0,-1.321124728E0,3.002650195E0
9.587816292E0,9.274681560E0,-1.328806216E0,2.907002611E0
9.597839292E0,9.286121637E0,-1.315100050E0,2.876554405E0
9.607862292E0,9.281084261E0,-1.277869220E0,2.909405524E0
9.617885292E0,9.267633326E0,-1.227735924E0,2.973170873E0
9.627909292E0,9.251203820E0,-1.184242506E0,3.041199718E0
9.637932292E0,9.232326669E0,-1.151396650E0,3.110390698E0
9.647955292E0,9.204130225E0,-1.117914323E0,3.204737862E0
9.657978292E0,9.164389039E0,-1.079802025E0,3.329278877E0
9.668002292E0,9.120663561E0,-1.037876905E0,3.460116175E0
9.678025292E0,9.083320318E0,-9.911963893E-1,3.570282980E0
9.688048292E0,9.061149430E0,-9.435165849E-1,3.638881345E0
9.698071292E0,9.059539692E0,-9.004427053E-1,3.653769233E0
9.708094292E0,9.070288044E0,-8.550620992E-1,3.637970933E0
9.718118292E0,9.077179572E0,-7.933994825E-1,3.634753503E0
9.728141292E0,9.072278436E0,-7.205414213E-1,3.662061462E0
9.738164292E0,9.055184686E0,-6.475406150E-1,3.717582236E0
9.748187292E0,9.034358658E0,-5.681500810E-1,3.780699129E0
9.758210292E0,9.017340336E0,-4.796791135E-1,3.833222620E0
9.768234292E0,9.004617965E0,-3.834532031E-1,3.873746748E0
9.778257292E0,8.991040145E0,-2.782256687E-1,3.914060669E0
9.788280292E0,8.974559183E0,-1.660616554E-1,3.958007465E0
9.798303292E0,8.964035364E0,-4.936335484E-2,3.984938278E0
9.808326292E0,8.969314815E0,7.263618677E-2,3.972682807E0
9.818350292E0,8.995123841E0,2.030410735E-1,3.909298404E0
9.828373292E0,9.041410400E0,3.262854508E-1,3.792431274E0
9.838396292E0,9.096587650E0,4.201473318E-1,3.648518141E0
9.848418958E0,9.157095222E0,4.682636309E-1,3.487754209E0
9.858442958E0,9.232902619E0,4.806892931E-1,3.280023687E0
9.868465958E0,9.322715267E0,4.827320179E-1,3.014969401E0
9.878488958E0,9.418831213E0,4.800260361E-1,2.700236002E0
9.888511958E0,9.515762261E0,4.709536425E-1,2.337641096E0
9.898534958E0,9.602310993E0,4.589902027E-1,1.954751382E0
9.908558958E0,9.670804108E0,4.429892240E-1,1.585999358E0
9.918581958E0,9.719546497E0,4.145492441E-1,1.262795829E0
9.928604958E0,9.749845015E0,3.641407634E-1,1.021775500E0
9.938627958E0,9.766718325E0,2.796430886E-1,8.769868921E-1
9.948650958E0,9.781347474E0,1.400313132E-1,7.360230211E-1
9.958674958E0,9.795463822E0,-6.520083537E-2,5.298647787E-1
9.968697958E0,9.799997168E0,-3.239441160E-1,3.020582071E-1
9.978720958E0,9.790946263E0,-5.912530879E-1,1.546451861E-1
9.988743958E0,9.775062302E0,-8.081351238E-1,1.765444523E-1
9.998766958E0,9.759499937E0,-9.198503450E-1,3.769844284E-1
1.000879096E1,9.743248771E0,-9.231339951E-1,6.730829340E-1
1.001881396E1,9.719192156E0,-8.695680910E-1,1.008600554E0
1.002883696E1,9.689653777E0,-7.977140699E-1,1.307813250E0
1.003885996E1,9.673368112E0,-7.360600778E-1,1.456113257E0
1.004888396E1,9.691839466E0,-7.010598144E-1,1.346431478E0
1.005890696E1,9.723066521E0,-6.671734455E-1,1.119348938E0
1.006892996E1,9.738114915E0,-5.708722522E-1,1.038895416E0
1.007895296E1,9.737168251E0,-3.723042074E-1,1.133604522E0
1.008897596E1,9.713942526E0,-1.045840301E-1,1.365469720E0
1.009899996E1,9.661598836E0,1.447471839E-1,1.693703755E0
1.010902296E1,9.587467251E0,2.927234562E-1,2.056916127E0
1.011904596E1,9.511895497E0,3.226817387E-1,2.378200454E0
1.012906896E1,9.457418159E0,2.704013267E-1,2.592344056E0
1.013909196E1,9.437499034E0,1.809936170E-1,2.671509216E0
1.014911596E1,9.446030706E0,8.919430465E-2,2.645875023E0
1.015913896E1,9.457737417E0,2.124761909E-2,2.605162322E0
1.016916196E1,9.454601555E0,-7.842143450E-3,2.616593921E0
1.017918496E1,9.436083423E0,-2.316159065E-3,2.682613079E0
1.018920796E1,9.413931246E0,1.423207493E-2,2.759309545E0
1.019923196E1,9.404365786E0,1.978700974E-2,2.791706628E0
1.020925496E1,9.410432857E0,1.973625546E-2,2.771183486E0
1.021927796E1,9.428007833E0,2.236980941E-2,2.710766253E0
1.022930096E1,9.452413527E0,1.496038676E-2,2.624453164E0
1.023932496E1,9.476163747E0,-1.170365323E-2,2.537378182E0
1.024934796E1,9.493747494E0,-5.960944911E-2,2.470081116E0
1.025937096E1,9.508054461E0,-1.241028856E-1,2.411968563E0
1.026939396E1,9.518971798E0,-1.875458241E-1,2.364336559E0
1.027941696E1,9.527330393E0,-2.422685084E-1,2.325374807E0
1.028944096E1,9.536250320E0,-2.796994228E-1,2.284254556E0
1.029946396E1,9.545243338E0,-2.873421905E-1,2.245408140E0
1.030948696E1,9.550032207E0,-2.703972154E-1,2.227072587E0
1.031950996E1,9.548621274E0,-2.415500500E-1,2.236420092E0
1.032953296E1,9.544027117E0,-2.038946391E-1,2.259663067E0
1.033955696E1,9.541727992E0,-1.532533113E-1,2.273331518E0
1.034957996E1,9.544084420E0,-8.776483401E-2,2.266900458E0
1.035960296E1,9.547774597E0,-7.658306476E-4,2.253023700E0
1.036962596E1,9.548945210E0,1.142208353E-1,2.245149839E0
1.037964896E1,9.545578383E0,2.509277049E-1,2.248346951E0
1.038967296E1,9.541284188E0,3.964961485E-1,2.245612793E0
1.039969596E1,9.538245975E0,5.327231901E-1,2.230280955E0
1.040971896E1,9.535253955E0,6.450413688E-1,2.213358382E0
1.041974196E1,9.529542394E0,7.380245961E-1,2.208898272E0
1.042976496E1,9.522407037E0,8.238466653E-1,2.209331843E0
1.043978896E1,9.519603297E0,9.064184135E-1,2.188991572E0
1.044981196E1,9.516708341E0,9.887197280E-1,2.165824319E0
1.045983496E1,9.493924080E0,1.049760201E0,2.235959478E0
1.046985796E1,9.457869564E0,1.074199954E0,2.372950239E0
1.047988196E1,9.438616437E0,1.079302454E0,2.446166442E0
1.048990496E1,9.456796015E0,1.067971281E0,2.380031802E0
1.049992796E1,9.511905438E0,1.032777913E0,2.166365917E0
1.050995096E1,9.595969103E0,9.650827973E-1,1.795016122E0
1.051997396E1,9.680797584E0,8.604869997E-1,1.333351549E0
1.052999796E1,9.743693744E0,7.206919140E-1,8.815496206E-1
1.054002096E1,9.781965525E0,5.553987289E-1,4.906803939E-1
1.055004396E1,9.801943706E0,3.719247962E-1,1.402760465E-1
1.056006696E1,9.806406301E0,1.545957406E-1,-2.158755108E-1
1.057008996E1,9.793143062E0,-1.211816441E-1,-5.619510091E-1
1.058011396E1,9.769244907E0,-4.384663661E-1,-7.782757323E-1
1.059013696E1,9.754617512E0,-7.379937521E-1,-7.341095929E-1
1.060015996E1,9.753034086E0,-9.494933894E-1,-4.613980130E-1
1.061018296E1,9.751856457E0,-1.046962308E0,-2.031679398E-1
1.062020596E1,9.751249516E0,-1.069646801E0,7.118545145E-2
1.063022996E1,9.744895347E0,-1.053702248E0,4.035266213E-1
1.064025296E1,9.729974422E0,-1.006889220E0,7.415258358E-1
1.065027596E1,9.709951801E0,-9.325023309E-1,1.040841516E0
1.066029896E1,9.683055194E0,-8.001247307E-1,1.354376821E0
1.067032296E1,9.651151616E0,-6.080045933E-1,1.649753159E0
1.068034596E1,9.639526767E0,-4.081024696E-1,1.774569578E0
1.069036896E1,9.657346156E0,-2.311997109E-1,1.708305860E0
1.070039196E1,9.677074077E0,-1.989939049E-1,1.597106437E0
1.071041496E1,9.666180130E0,-3.242821581E-1,1.641928268E0
1.072043896E1,9.614893616E0,-5.126675327E-1,1.878052724E0
1.073046196E1,9.530921752E0,-6.879790083E-1,2.219081051E0
1.074048496E1,9.436236035E0,-8.122115833E-1,2.556140143E0
1.075050796E1,9.353175752E0,-8.735287756E-1,2.826862720E0
1.076053096E1,9.286653149E0,-8.706516532E-1,3.039102907E0
1.077055496E1,9.234023530E0,-8.054690858E-1,3.212495363E0
1.078057796E1,9.194563596E0,-6.964293312E-1,3.348294900E0
1.079060096E1,9.173468596E0,-5.761342712E-1,3.428067586E0
1.080062396E1,9.177287412E0,-4.706109225E-1,3.433949008E0
1.081064696E1,9.208672927E0,-3.968255660E-1,3.358422277E0
1.082067096E1,9.261154026E0,-3.622228402E-1,3.214951193E0
1.083069396E1,9.317872603E0,-3.586225998E-1,3.047087865E0
1.084071696E1,9.363127713E0,-3.653648780E-1,2.904214951E0
1.085074054E1,9.386255790E0,-3.604327882E-1,2.829205407E0
1.086076354E1,9.382634025E0,-3.351144906E-1,2.844290346E0
1.087078754E1,9.352645410E0,-2.907069525E-1,2.946121068E0
1.088081054E1,9.295473089E0,-2.323231986E-1,3.126711739E0
1.089083354E1,9.214549963E0,-1.754319830E-1,3.361161405E0
1.090085654E1,9.119785309E0,-1.322411317E-1,3.612219503E0
1.091087954E1,9.029351687E0,-1.130560425E-1,3.833291910E0
1.092090354E1,8.969844573E0,-1.243112840E-1,3.970205049E0
1.093092654E1,8.958832512E0,-1.516932193E-1,3.994045901E0
1.094094954E1,8.988762070E0,-1.713146843E-1,3.925418008E0
1.095097254E1,9.039801831E0,-1.731293129E-1,3.806325721E0
1.096099554E1,9.093769292E0,-1.557529046E-1,3.676301186E0
1.097101954E1,9.139438385E0,-1.197688014E-1,3.562642716E0
1.098104254E1,9.170425705E0,-7.688912253E-2,3.483316172E0
1.099106554E1,9.183997092E0,-4.103129638E-2,3.447988465E0
1.100108854E1,9.180003444E0,-1.380952452E-2,3.458823355E0
1.101111254E1,9.160272015E0,9.146453980E-3,3.510757740E0
1.102113554E1,9.131678545E0,2.446279284E-2,3.584404298E0
1.103115854E1,9.106884012E0,3.007263210E-2,3.646898170E0
1.104118154E1,9.098631252E0,2.861166415E-2,3.667451718E0
1.105120454E1,9.104288433E0,3.018533033E-2,3.653371915E0
1.106122854E1,9.113596031E0,4.060146664E-2,3.629988315E0
1.107125154E1,9.119047975E0,5.750490828E-2,3.616040951E0
1.108127454E1,9.116740664E0,7.887337516E-2,3.621454303E0
1.109129754E1,9.106435531E0,1.001379809E-1,3.646767777E0
1.110132054E1,9.087713331E0,1.167232700E-1,3.692688885E0
1.111134454E1,9.063481300E0,1.308741897E-1,3.751304591E0
1.112136754E1,9.043732914E0,1.412851755E-1,3.798294862E0
1.113139054E1,9.035867239E0,1.462818314E-1,3.816778203E0
1.114141354E1,9.038035972E0,1.583970886E-1,3.811157275E0
1.115143654E1,9.045078943E0,1.829225951E-1,3.793309526E0
1.116146054E1,9.052135363E0,2.035518278E-1,3.775381086E0
1.117148354E1,9.055875242E0,2.102114227E-1,3.766037820E0
1.118150654E1,9.055272979E0,2.058424562E-1,3.767728542E0
1.119152954E1,9.046827845E0,1.970571243E-1,3.788426809E0
1.120155254E1,9.025735184E0,1.923574796E-1,3.838645036E0
1.121157654E1,8.993873121E0,1.988776367E-1,3.912390704E0
1.122159954E1,8.960773787E0,2.123575701E-1,3.986921069E0
1.123162254E1,8.939641365E0,2.244989479E-1,4.033425437E0
1.124164554E1,8.937619983E0,2.341833806E-1,4.037350673E0
1.125166854E1,8.949355929E0,2.433063709E-1,4.010724792E0
1.126169254E1,8.967569422E0,2.483595895E-1,3.969522971E0
1.127171554E1,8.989031627E0,2.452186845E-1,3.920877353E0
1.128173854E1,9.010488569E0,2.362851805E-1,3.871866868E0
1.129176154E1,9.029296723E0,2.278151963E-1,3.828316222E0
1.130178454E1,9.041108683E0,2.249773598E-1,3.800504817E0
1.131180854E1,9.042639484E0,2.244145470E-1,3.796894746E0
1.132183154E1,9.041069507E0,2.168042131E-1,3.801071413E0
1.133185454E1,9.041402214E0,2.022459070E-1,3.801082230E0
1.134187754E1,9.040185408E0,1.893148809E-1,3.804641430E0
1.135190054E1,9.036688188E0,1.823657940E-1,3.813279814E0
1.136192454E1,9.038525383E0,1.694222513E-1,3.809524148E0
1.137194754E1,9.053111263E0,1.439968309E-1,3.775782790E0
1.138197054E1,9.078129745E0,1.180778415E-1,3.716144698E0
1.139199354E1,9.105021089E0,9.988530806E-2,3.650303588E0
1.140201654E1,9.129617402E0,8.091688567E-2,3.588823916E0
1.141204054E1,9.148776389E0,5.463675764E-2,3.540199640E0
1.142206354E1,9.161083608E0,2.530544971E-2,3.508565327E0
1.143208654E1,9.169343970E0,-1.811238860E-3,3.487008104E0
1.144210954E1,9.176876353E0,-2.814618011E-2,3.467021152E0
1.145213254E1,9.185978714E0,-5.993806263E-2,3.442426593E0
1.146215654E1,9.203696947E0,-1.048363374E-1,3.393681865E0
1.147217954E1,9.230778326E0,-1.562906474E-1,3.317289454E0
1.148220254E1,9.263538521E0,-2.051592639E-1,3.221935108E0
1.149222554E1,9.299704134E0,-2.526639990E-1,3.112519377E0
1.150224854E1,9.334150082E0,-2.991830580E-1,3.003369987E0
1.151227254E1,9.361314492E0,-3.492883606E-1,2.912025369E0
1.152229554E1,9.379898112E0,-4.071856627E-1,2.843906184E0
1.153231854E1,9.387480782E0,-4.618562154E-1,2.810336149E0
1.154234154E1,9.384074194E0,-5.028517753E-1,2.814673029E0
1.155236554E1,9.374516335E0,-5.358945737E-1,2.840307807E0
1.156238854E1,9.363540527E0,-5.621561733E-1,2.871269399E0
1.157241154E1,9.361968795E0,-5.822147177E-1,2.872397912E0
1.158243454E1,9.382041702E0,-6.005293666E-1,2.802280148E0
1.159245754E1,9.421972337E0,-6.227218158E-1,2.659842559E0
1.160248154E1,9.475148671E0,-6.598082196E-1,2.454041911E0
1.161250454E1,9.530314227E0,-7.128183458E-1,2.213843993E0
1.162252754E1,9.572884880E0,-7.633779770E-1,2.003308854E0
1.163255054E1,9.596974824E0,-7.887358164E-1,1.874059806E0
1.164257354E1,9.602278833E0,-7.888518836E-1,1.846638704E0
1.165259754E1,9.592543219E0,-7.770541759E-1,1.901418928E0
1.166262054E1,9.577472606E0,-7.536055255E-1,1.984991427E0
1.167264354E1,9.562956308E0,-7.168464196E-1,2.066909457E0
1.168266654E1,9.547284016E0,-6.786292373E-1,2.150569810E0
1.169268954E1,9.527709292E0,-6.471759680E-1,2.244999273E0
1.170271354E1,9.508646784E0,-6.228371521E-1,2.331055231E0
1.171273654E1,9.499569567E0,-6.089782277E-1,2.371378361E0
1.172275954E1,9.511796679E0,-6.017229660E-1,2.323735541E0
1.173278254E1,9.544618270E0,-5.892654731E-1,2.188409043E0
1.174280554E1,9.585889673E0,-5.693688966E-1,2.005656657E0
1.175282954E1,9.622611356E0,-5.429442327E-1,1.829394095E0
1.176285254E1,9.649622569E0,-5.110248671E-1,1.691079817E0
1.177287554E1,9.666139199E0,-4.739570282E-1,1.605377908E0
1.178289854E1,9.673486226E0,-4.278554970E-1,1.573759820E0
1.179292154E1,9.672928401E0,-3.712244459E-1,1.591461389E0
1.180294554E1,9.667648365E0,-3.119207788E-1,1.635656399E0
1.181296854E1,9.662621514E0,-2.577149153E-1,1.674349617E0
1.182299154E1,9.663681030E0,-2.087533098E-1,1.675056984E0
1.183301454E1,9.674385527E0,-1.605505633E-1,1.617586894E0
1.184303767E1,9.692665678E0,-1.043048986E-1,1.509130838E0
1.185306167E1,9.716064481E0,-3.496658258E-2,1.353872937E0
1.186308467E1,9.741058404E0,4.479978119E-2,1.160115214E0
1.187310767E1,9.763838571E0,1.297389802E-1,9.416500805E-1
1.188313067E1,9.781959093E0,2.178710559E-1,7.084550804E-1
1.189315367E1,9.793859346E0,3.115671319E-1,4.683327377E-1
1.190317767E1,9.798183362E0,4.159657321E-1,2.422385231E-1
1.191320067E1,9.795252153E0,5.340340993E-1,6.266112009E-2
1.192322367E1,9.787218078E0,6.659783477E-1,-5.404326526E-2
1.193324667E1,9.775661057E0,8.105932932E-1,-1.244316453E-1
1.194326967E1,9.761126048E0,9.606767010E-1,-1.833381494E-1
1.195329367E1,9.743577969E0,1.107676287E0,-2.680588042E-1
1.196331667E1,9.723352450E0,1.240110825E0,-3.932787547E-1
1.197333967E1,9.700971648E0,1.350308913E0,-5.512530530E-1
1.198336267E1,9.676418020E0,1.446098292E0,-7.154087354E-1
1.199338567E1,9.649294540E0,1.543595789E0,-8.628527831E-1
1.200340967E1,9.619133433E0,1.654435316E0,-9.855047096E-1
1.201343267E1,9.586700097E0,1.780901382E0,-1.076886969E0
1.202345567E1,9.551817947E0,1.921039991E0,-1.143896426E0
1.203347867E1,9.514539608E0,2.065377194E0,-1.201605594E0
1.204350167E1,9.474397888E0,2.203967899E0,-1.270590021E0
1.205352567E1,9.431993880E0,2.328117152E0,-1.361417453E0
1.206354867E1,9.388340907E0,2.436924041E0,-1.468523972E0
1.207357167E1,9.345629336E0,2.536313404E0,-1.569209371E0
1.208359467E1,9.305727351E0,2.633315496E0,-1.644735224E0
1.209361767E1,9.270196161E0,2.731039719E0,-1.685519700E0
1.210364167E1,9.238842806E0,2.832464645E0,-1.690274509E0
1.211366467E1,9.208220353E0,2.940625270E0,-1.672581273E0
1.212368767E1,9.175776492E0,3.052164125E0,-1.650923333E0
1.213371067E1,9.140062283E0,3.160960928E0,-1.644292151E0
1.214373367E1,9.101592282E0,3.261607004E0,-1.661035654E0
1.215375767E1,9.059729726E0,3.355248116E0,-1.702846023E0
1.216378067E1,9.009435486E0,3.453000990E0,-1.772839387E0
1.217380367E1,8.951067410E0,3.557624343E0,-1.859519535E0
1.218382667E1,8.891673732E0,3.664145702E0,-1.936046870E0
1.219384967E1,8.839452834E0,3.769036565E0,-1.973455748E0
1.220387367E1,8.797169863E0,3.872153674E0,-1.962736632E0
1.221389667E1,8.758470066E0,3.974441064E0,-1.931089601E0
1.222391967E1,8.711889392E0,4.075288577E0,-1.931606348E0
1.223394267E1,8.652717909E0,4.170632983E0,-1.993077980E0
1.224396567E1,8.585680166E0,4.253548548E0,-2.104637885E0
1.225398967E1,8.519205510E0,4.322350396E0,-2.230812174E0
1.226401267E1,8.460443916E0,4.383937364E0,-2.331975729E0
1.227403567E1,8.406590475E0,4.449921731E0,-2.400739570E0
1.228405867E1,8.348037627E0,4.526542475E0,-2.461060031E0
1.229408167E1,8.280132158E0,4.610828335E0,-2.532942777E0
1.230410567E1,8.206054367E0,4.697569732E0,-2.613346962E0
1.231412867E1,8.131908749E0,4.779814329E0,-2.694719739E0
1.232415167E1,8.063719105E0,4.851117908E0,-2.771136416E0
1.233417467E1,7.999520770E0,4.910967668E0,-2.850641592E0
1.234419767E1,7.931021808E0,4.962185769E0,-2.951565996E0
1.235422167E1,7.854402233E0,5.007098233E0,-3.077896844E0
1.236424467E1,7.766964725E0,5.054588149E0,-3.218930808E0
1.237426767E1,7.673749582E0,5.111699073E0,-3.349659348E0
1.238429067E1,7.585733199E0,5.177125908E0,-3.448205689E0
1.239431367E1,7.507687488E0,5.243441520E0,-3.518099212E0
1.240433767E1,7.435529339E0,5.299378908E0,-3.586866561E0
1.241436067E1,7.368643624E0,5.333358248E0,-3.673481074E0
1.242438367E1,7.305142862E0,5.343525386E0,-3.783875921E0
1.243440667E1,7.233799229E0,5.339124772E0,-3.924537418E0
1.244442967E1,7.143385488E0,5.334714217E0,-4.092553066E0
1.245445367E1,7.034437827E0,5.339186752E0,-4.271515580E0
1.246447667E1,6.928083991E0,5.351154833E0,-4.427513739E0
1.247449967E1,6.833231628E0,5.369836103E0,-4.550597628E0
1.248452267E1,6.746793408E0,5.387744370E0,-4.657152024E0
1.249454567E1,6.670082617E0,5.395165656E0,-4.757969716E0
1.250456967E1,6.594497999E0,5.391069682E0,-4.866732312E0
1.251459267E1,6.522008897E0,5.372573184E0,-4.983469049E0
1.252461567E1,6.474196215E0,5.344425273E0,-5.075235837E0
1.253463867E1,6.470765069E0,5.321484892E0,-5.103641025E0
1.254466167E1,6.501211520E0,5.308074887E0,-5.078851170E0
1.255468567E1,6.532484184E0,5.302699542E0,-5.044218696E0
1.256470867E1,6.542884626E0,5.304078315E0,-5.029268535E0
1.257473167E1,6.521082113E0,5.308160257E0,-5.053219315E0
1.258475467E1,6.467583598E0,5.307180848E0,-5.122528117E0
1.259477767E1,6.411163230E0,5.292594384E0,-5.207836069E0
1.260480167E1,6.381295652E0,5.256380239E0,-5.280688868E0
1.261482467E1,6.370880592E0,5.198188164E0,-5.350401127E0
1.262484767E1,6.352886370E0,5.136977171E0,-5.430322040E0
1.263487067E1,6.309932724E0,5.092699715E0,-5.521346231E0
1.264489367E1,6.239950324E0,5.074172813E0,-5.617105497E0
1.265491767E1,6.149309126E0,5.082914985E0,-5.708422049E0
1.266494067E1,6.057635309E0,5.109597584E0,-5.782141989E0
1.267496367E1,6.001544139E0,5.134184541E0,-5.818742051E0
1.268498667E1,6.006388557E0,5.144636439E0,-5.804492387E0
1.269500967E1,6.069905691E0,5.141668392E0,-5.740696340E0
1.270503367E1,6.167758260E0,5.133915569E0,-5.642496446E0
1.271505667E1,6.264417413E0,5.134828320E0,-5.534144032E0
1.272507967E1,6.330308517E0,5.154603603E0,-5.439974039E0
1.273510267E1,6.345646348E0,5.193482909E0,-5.384851753E0
1.274512567E1,6.306831946E0,5.241057610E0,-5.384352400E0
1.275514967E1,6.231333282E0,5.286805640E0,-5.427365688E0
1.276517267E1,6.150216613E0,5.327054365E0,-5.480280066E0
1.277519567E1,6.092313976E0,5.368449728E0,-5.504502157E0
1.278521867E1,6.068847930E0,5.423206564E0,-5.476678766E0
1.279524167E1,6.076085613E0,5.504344867E0,-5.386976631E0
1.280526567E1,6.101378329E0,5.619967709E0,-5.236914858E0
1.281528867E1,6.128004211E0,5.770272726E0,-5.038615310E0
1.282531167E1,6.142842690E0,5.950250609E0,-4.805843794E0
1.283533467E1,6.138060252E0,6.149020273E0,-4.555206111E0
1.284535754E1,6.108115491E0,6.360154459E0,-4.298311323E0
1.285538154E1,6.048356363E0,6.576835315E0,-4.049531300E0
1.286540454E1,5.960310743E0,6.786226446E0,-3.828574084E0
1.287542754E1,5.852815531E0,6.981511754E0,-3.638565888E0
1.288545054E1,5.733642844E0,7.161807141E0,-3.474189838E0
1.289547354E1,5.607444143E0,7.328413026E0,-3.329721219E0
1.290549754E1,5.479707039E0,7.477062111E0,-3.209747756E0
1.291552054E1,5.359118156E0,7.600839481E0,-3.121407145E0
1.292554354E1,5.262408133E0,7.693749399E0,-3.057671910E0
1.293556654E1,5.211983500E0,7.749104404E0,-3.003780169E0
1.294558954E1,5.225444959E0,7.761753686E0,-2.947207189E0
1.295561354E1,5.314365907E0,7.728139797E0,-2.875660658E0
1.296563654E1,5.473178038E0,7.651743586E0,-2.780514472E0
1.297565954E1,5.682477953E0,7.542183722E0,-2.657252243E0
1.298568254E1,5.923401949E0,7.407740446E0,-2.504951863E0
1.299570554E1,6.181016822E0,7.253731218E0,-2.326914379E0
1.300572954E1,6.446510233E0,7.081762851E0,-2.127730148E0
1.301575254E1,6.719780442E0,6.883169188E0,-1.924224093E0
1.302577554E1,7.006612097E0,6.642200754E0,-1.739156647E0
1.303579854E1,7.304879737E0,6.351833872E0,-1.590292969E0
1.304582154E1,7.604493406E0,6.018830262E0,-1.476980800E0
1.305584554E1,7.894958521E0,5.656595253E0,-1.381549124E0
1.306586854E1,8.167283235E0,5.280463166E0,-1.283852529E0
1.307589154E1,8.414879488E0,4.904705008E0,-1.170373788E0
1.308591454E1,8.634298010E0,4.539101417E0,-1.039983729E0
1.309593754E1,8.827737352E0,4.182316597E0,-9.030021047E-1
1.310596154E1,9.001021927E0,3.823726450E0,-7.725426105E-1
1.311598454E1,9.158014989E0,3.454276853E0,-6.594060043E-1
1.312600754E1,9.298426518E0,3.075952352E0,-5.602520641E-1
1.313603054E1,9.418233628E0,2.703868877E0,-4.712646412E-1
1.314605354E1,9.514805072E0,2.357852874E0,-3.809607178E-1
1.315607754E1,9.589227848E0,2.050480827E0,-2.799169027E-1
1.316610054E1,9.645800244E0,1.778287969E0,-1.797877932E-1
1.317612354E1,9.689757857E0,1.527302669E0,-1.098483697E-1
1.318614654E1,9.724863955E0,1.285819533E0,-9.894301099E-2
1.319616954E1,9.752417790E0,1.049109040E0,-1.606489244E-1
1.320619354E1,9.772084315E0,8.171977964E-1,-2.732804409E-1
1.321621654E1,9.783733138E0,5.951118482E-1,-4.006427380E-1
1.322623954E1,9.788667603E0,3.925377662E-1,-5.138219558E-1
1.323626254E1,9.788563523E0,2.178988850E-1,-6.104500450E-1
1.324628554E1,9.783936621E0,6.698038977E-2,-7.114747287E-1
1.325630954E1,9.773386490E0,-7.101114961E-2,-8.437839896E-1
1.326633254E1,9.756941780E0,-2.026621374E-1,-9.985594956E-1
1.327635554E1,9.738766295E0,-3.238215072E-1,-1.134752185E0
1.328637854E1,9.725535800E0,-4.181949465E-1,-1.214564120E0
1.329640154E1,9.723403906E0,-4.693268374E-1,-1.212955990E0
1.330642554E1,9.734029466E0,-4.708309971E-1,-1.123882211E0
1.331644854E1,9.753605359E0,-4.299263249E-1,-9.583522135E-1
1.332647154E1,9.775297360E0,-3.651511623E-1,-7.391478463E-1
1.333649454E1,9.794247016E0,-2.899627116E-1,-4.741010525E-1
1.334651754E1,9.805029282E0,-2.174926131E-1,-2.240515080E-1
1.335654154E1,9.807904943E0,-1.770536351E-1,-9.865858963E-2
1.336656454E1,9.807626030E0,-1.763548563E-1,-1.243315300E-1
1.337658754E1,9.805052671E0,-1.932732266E-1,-2.443179758E-1
1.338661054E1,9.798123136E0,-2.082000536E-1,-4.353447570E-1
1.339663354E1,9.785677922E0,-2.085085490E-1,-6.581335039E-1
1.340665754E1,9.768298827E0,-1.923387685E-1,-8.828626860E-1
1.341668054E1,9.742295090E0,-1.740432875E-1,-1.137321597E0
1.342670354E1,9.703316966E0,-1.674334670E-1,-1.433086337E0
1.343672654E1,9.655363950E0,-1.572077832E-1,-1.727804570E0
1.344674954E1,9.618135313E0,-1.240793323E-1,-1.926702143E0
1.345677354E1,9.605985968E0,-6.667306377E-2,-1.989141635E0
1.346679654E1,9.612690970E0,6.892501381E-3,-1.957611402E0
1.347681954E1,9.626638334E0,7.895137154E-2,-1.886186785E0
1.348684254E1,9.642809393E0,1.335988643E-1,-1.798457647E0
1.349686554E1,9.658150148E0,1.664585900E-1,-1.711294226E0
1.350688954E1,9.667531421E0,1.806229218E-1,-1.655999447E0
1.351691254E1,9.667815011E0,1.828299533E-1,-1.654086238E0
1.352693554E1,9.661073171E0,1.811479469E-1,-1.693201333E0
1.353695854E1,9.654465818E0,1.827045853E-1,-1.730323551E0
1.354698154E1,9.656957901E0,1.878998182E-1,-1.715802283E0
1.355700554E1,9.673715436E0,1.821302974E-1,-1.619320740E0
1.356702854E1,9.702255696E0,1.343031432E-1,-1.443703272E0
1.357705154E1,9.732898614E0,1.995878084E-2,-1.227356147E0
1.358707454E1,9.753964378E0,-1.294825524E-1,-1.039002786E0
1.359709754E1,9.770741209E0,-2.488980450E-1,-8.407030186E-1
1.360712154E1,9.789247062E0,-3.068432760E-1,-5.590919765E-1
1.361714454E1,9.803163435E0,-3.083358509E-1,-1.974601254E-1
1.362716754E1,9.803749911E0,-2.739476264E-1,2.180882982E-1
1.363719054E1,9.784521343E0,-2.264246553E-1,6.693010280E-1
1.364721354E1,9.742679837E0,-1.872898805E-1,1.131904445E0
1.365723754E1,9.685256086E0,-1.790983151E-1,1.549149913E0
1.366726054E1,9.631195069E0,-2.125801480E-1,1.852294423E0
1.367728354E1,9.596418169E0,-2.733564729E-1,2.017454876E0
1.368730654E1,9.580737691E0,-3.450247902E-1,2.080027685E0
1.369732954E1,9.577721697E0,-4.128566579E-1,2.081561848E0
1.370735254E1,9.581975546E0,-4.635008545E-1,2.051102240E0
1.371737654E1,9.588214526E0,-4.970363904E-1,2.013751835E0
1.372739954E1,9.589658788E0,-5.207108895E-1,2.000846737E0
1.373742254E1,9.580737106E0,-5.412129818E-1,2.037809911E0
1.374744554E1,9.558738711E0,-5.604490422E-1,2.133659809E0
1.375746854E1,9.524678096E0,-5.750477855E-1,2.277263478E0
1.376749254E1,9.484082047E0,-5.835907503E-1,2.438790326E0
1.377751554E1,9.445313253E0,-5.867168180E-1,2.584171987E0
1.378753854E1,9.414714189E0,-5.853563901E-1,2.693814882E0
1.379756154E1,9.393805130E0,-5.824123902E-1,2.766465367E0
1.380758454E1,9.381154094E0,-5.802780468E-1,2.809508476E0
1.381760854E1,9.373538096E0,-5.829756597E-1,2.834256524E0
1.382763154E1,9.366926649E0,-5.936684265E-1,2.853831248E0
1.383765454E1,9.358602553E0,-6.099897961E-1,2.877599595E0
1.384767708E1,9.347169492E0,-6.270184229E-1,2.910904750E0
1.385770008E1,9.330863362E0,-6.388607888E-1,2.960225722E0
1.386772408E1,9.309192411E0,-6.423159816E-1,3.026956193E0
1.387774708E1,9.284245266E0,-6.387642366E-1,3.103362637E0
1.388777008E1,9.259561245E0,-6.326750924E-1,3.177474342E0
1.389779308E1,9.235663090E0,-6.279057379E-1,3.247205604E0
1.390781608E1,9.209775127E0,-6.240978118E-1,3.320639909E0
1.391784008E1,9.181245393E0,-6.200950272E-1,3.399460668E0
1.392786308E1,9.151835067E0,-6.162530411E-1,3.478540459E0
1.393788608E1,9.122224182E0,-6.123730846E-1,3.556141489E0
1.394790908E1,9.094337057E0,-6.081041421E-1,3.627581308E0
1.395793208E1,9.073253167E0,-6.047258402E-1,3.680557082E0
1.396795608E1,9.060790996E0,-6.017349528E-1,3.711616614E0
1.397797908E1,9.057041177E0,-5.979947813E-1,3.721356906E0
1.398800208E1,9.066592603E0,-5.921716489E-1,3.698965286E0
1.399802508E1,9.092572367E0,-5.810543012E-1,3.636430192E0
1.400804808E1,9.134036143E0,-5.642843771E-1,3.533708062E0
1.401807108E1,9.189941956E0,-5.451684404E-1,3.388785991E0
1.402809508E1,9.255153029E0,-5.203422591E-1,3.210528652E0
1.403811808E1,9.323567791E0,-4.830995519E-1,3.012273250E0
1.404814108E1,9.392522836E0,-4.325744924E-1,2.798121023E0
1.405816408E1,9.456308942E0,-3.727236355E-1,2.583679067E0
1.406818708E1,9.508408218E0,-3.081206733E-1,2.394022289E0
1.407821108E1,9.546729700E0,-2.420530750E-1,2.244427854E0
1.408823408E1,9.571318411E0,-1.759867376E-1,2.143598614E0
1.409825708E1,9.583261349E0,-1.093166385E-1,2.094103687E0
1.410828008E1,9.586900072E0,-3.725732981E-2,2.079920827E0
1.411830308E1,9.588443736E0,4.690939721E-2,2.072594705E0
1.412832708E1,9.592465451E0,1.472869312E-1,2.049152194E0
1.413835008E1,9.600951515E0,2.623917742E-1,1.997241637E0
1.414837308E1,9.613067531E0,3.852750128E-1,1.917442199E0
1.415839608E1,9.626212072E0,5.085370962E-1,1.820309276E0
1.416841908E1,9.637443404E0,6.292258199E-1,1.720424653E0
1.417844308E1,9.644409192E0,7.487444428E-1,1.631215731E0
1.418846608E1,9.645068173E0,8.644153053E-1,1.568934406E0
1.419848908E1,9.639128571E0,9.696890145E-1,1.543695192E0
1.420851208E1,9.628484300E0,1.060342199E0,1.550501935E0
1.421853508E1,9.615616917E0,1.139343565E0,1.574143251E0
1.422855908E1,9.602430276E0,1.214212995E0,1.598476732E0
1.423858208E1,9.591134040E0,1.289951468E0,1.606952125E0
1.424860508E1,9.584230233E0,1.366596332E0,1.584629063E0
1.425862808E1,9.582614647E0,1.436888342E0,1.531327453E0
1.426865108E1,9.585378041E0,1.493094557E0,1.458534589E0
1.427867408E1,9.591266187E0,1.529472424E0,1.380004874E0
1.428869808E1,9.598638942E0,1.545611178E0,1.308943663E0
1.429872108E1,9.606055550E0,1.548084258E0,1.250296674E0
1.430874408E1,9.612875742E0,1.546173826E0,1.199194641E0
1.431876708E1,9.618241732E0,1.548884449E0,1.151729356E0
1.432879008E1,9.621423202E0,1.560819786E0,1.108234696E0
1.433881408E1,9.622789112E0,1.581221891E0,1.066668375E0
1.434883708E1,9.623099014E0,1.606369742E0,1.025496302E0
1.435886008E1,9.623356292E0,1.632124534E0,9.814796325E-1
1.436888308E1,9.624936794E0,1.653609397E0,9.285851350E-1
1.437890608E1,9.628974296E0,1.664729778E0,8.646509481E-1
1.438893008E1,9.636064045E0,1.660118372E0,7.914282399E-1
1.439895308E1,9.645992618E0,1.638378716E0,7.117858737E-1
1.440897608E1,9.657439127E0,1.602088703E0,6.350521318E-1
1.441899908E1,9.668769861E0,1.556516381E0,5.729480138E-1
1.442902208E1,9.678717145E0,1.507939176E0,5.335448335E-1
1.443904608E1,9.686578726E0,1.462161032E0,5.180348747E-1
1.444906908E1,9.692174512E0,1.422806055E0,5.229424794E-1
1.445909208E1,9.695849487E0,1.390167774E0,5.422571117E-1
1.446911508E1,9.697939866E0,1.363455646E0,5.719102427E-1
1.447913808E1,9.698715792E0,1.340793154E0,6.109570717E-1
1.448916108E1,9.699110479E0,1.318199074E0,6.524546881E-1
1.449918508E1,9.700318514E0,1.293348261E0,6.835068385E-1
1.450920808E1,9.702531685E0,1.270213022E0,6.953723008E-1
1.451923108E1,9.705203277E0,1.254487081E0,6.865992846E-1
1.452925408E1,9.707776052E0,1.248555081E0,6.605209952E-1
1.453927708E1,9.709863508E0,1.249139510E0,6.279471800E-1
1.454930108E1,9.711661527E0,1.248897874E0,6.000054195E-1
1.455932408E1,9.713808040E0,1.241728457E0,5.797885618E-1
1.456934708E1,9.716365612E0,1.227426460E0,5.672128820E-1
1.457937008E1,9.718269466E0,1.213540858E0,5.645107740E-1
1.458939308E1,9.717918048E0,1.212491721E0,5.727572118E-1
1.459941708E1,9.715017244E0,1.227152664E0,5.904706573E-1
1.460944008E1,9.710713693E0,1.246375970E0,6.202501977E-1
1.461946308E1,9.706311325E0,1.256433473E0,6.670755778E-1
1.462948608E1,9.702004266E0,1.251135750E0,7.361347760E-1
1.463950908E1,9.696959288E0,1.234641047E0,8.250666869E-1
1.464953308E1,9.690152544E0,1.215026416E0,9.277694484E-1
1.465955608E1,9.681156603E0,1.200123910E0,1.034901549E0
1.466957908E1,9.670548584E0,1.195632809E0,1.134490010E0
1.467960208E1,9.660524703E0,1.198664518E0,1.213903312E0
1.468962508E1,9.655089716E0,1.196553600E0,1.258407347E0
1.469964908E1,9.656784239E0,1.178805400E0,1.262164037E0
1.470967208E1,9.663241319E0,1.146132255E0,1.242677021E0
1.471969508E1,9.669128881E0,1.108187261E0,1.231241183E0
1.472971808E1,9.670633369E0,1.077284726E0,1.246759986E0
1.473974108E1,9.667973471E0,1.058643949E0,1.282839499E0
1.474976408E1,9.663476962E0,1.047401800E0,1.325247162E0
1.475978808E1,9.658542497E0,1.034389552E0,1.370653861E0
1.476981108E1,9.653550144E0,1.013118039E0,1.420791835E0
1.477983408E1,9.648423305E0,9.832908806E-1,1.475530398E0
1.478985708E1,9.641988444E0,9.500861509E-1,1.538017984E0
1.479988008E1,9.634053188E0,9.214131595E-1,1.603785857E0
1.480990408E1,9.627147626E0,9.009648617E-1,1.656016988E0
1.481992708E1,9.623487269E0,8.866899079E-1,1.684746844E0
1.482995008E1,9.622463422E0,8.736482050E-1,1.697367328E0
1.483997308E1,9.622789696E0,8.553744867E-1,1.704806448E0
1.484999692E1,9.623601290E0,8.285750894E-1,1.713437962E0
1.486002092E1,9.623834009E0,7.969417989E-1,1.727079370E0
1.487004392E1,9.622724208E0,7.678285852E-1,1.746346822E0
1.488006692E1,9.621364730E0,7.439313803E-1,1.764088152E0
1.489008992E1,9.621781636E0,7.231938645E-1,1.770429165E0
1.490011292E1,9.624222849E0,7.026599050E-1,1.765428187E0
1.491013692E1,9.626468180E0,6.810847756E-1,1.761627497E0
1.492015992E1,9.626273468E0,6.611576839E-1,1.770268512E0
1.493018292E1,9.623376757E0,6.451891572E-1,1.791775741E0
1.494020592E1,9.618631741E0,6.313546450E-1,1.821923839E0
1.495022892E1,9.611813888E0,6.178775438E-1,1.862088655E0
1.496025192E1,9.601982964E0,6.060413541E-1,1.915920900E0
1.497027592E1,9.588670608E0,5.966364366E-1,1.984315489E0
1.498029892E1,9.572710633E0,5.893320582E-1,2.062040480E0
1.499032192E1,9.555767156E0,5.851600699E-1,2.140332213E0
1.500034492E1,9.539435883E0,5.862008743E-1,2.211699234E0
1.501036792E1,9.526550959E0,5.910029001E-1,2.265314839E0
1.502039192E1,9.520066981E0,5.979099236E-1,2.290616911E0
1.503041492E1,9.521964988E0,6.069019546E-1,2.280340868E0
1.504043792E1,9.533407989E0,6.166399806E-1,2.229348177E0
1.505046092E1,9.552311452E0,6.291182312E-1,2.143279356E0
1.506048392E1,9.575427250E0,6.485911404E-1,2.031407941E0
1.507050792E1,9.599421299E0,6.753973351E-1,1.905533468E0
1.508053092E1,9.618044096E0,7.136652419E-1,1.794436370E0
1.509055392E1,9.628497164E0,7.653069735E-1,1.715353071E0
1.510057692E1,9.630916157E0,8.243091801E-1,1.673939581E0
1.511059992E1,9.625648400E0,8.857721143E-1,1.672842790E0
1.512062292E1,9.615112302E0,9.491087888E-1,1.698510751E0
1.513064692E1,9.603171703E0,1.017297483E0,1.726351537E0
1.514066992E1,9.592089475E0,1.097296749E0,1.738929191E0
1.515069292E1,9.583133880E0,1.194133364E0,1.724444760E0
1.516071592E1,9.577246318E0,1.306238741E0,1.675168958E0
1.517073892E1,9.575410877E0,1.429526698E0,1.582427002E0
1.518076292E1,9.575651198E0,1.561485053E0,1.450795068E0
1.519078592E1,9.573712846E0,1.702785943E0,1.296392030E0
1.520080892E1,9.565961192E0,1.854093611E0,1.136135271E0
1.521083192E1,9.550336847E0,2.014903590E0,9.835364637E-1
1.522085492E1,9.526937460E0,2.182524113E0,8.427209658E-1
1.523087892E1,9.496579885E0,2.354119427E0,7.135619655E-1
1.524090192E1,9.460437661E0,2.526755546E0,5.930454422E-1
1.525092492E1,9.419405410E0,2.697781049E0,4.825648971E-1
1.526094792E1,9.373936876E0,2.866477898E0,3.856542778E-1
1.527097092E1,9.324428501E0,3.032813349E0,3.052705212E-1
1.528099392E1,9.271580197E0,3.196638006E0,2.353883821E-1
1.529101792E1,9.216309975E0,3.356728047E0,1.676785385E-1
1.530104092E1,9.160469066E0,3.508878737E0,9.841684381E-2
1.531106392E1,9.106413896E0,3.648080477E0,2.878774757E-2
1.532108692E1,9.056242447E0,3.770884577E0,-3.152969885E-2
1.533110992E1,9.012235717E0,3.874310420E0,-7.370174589E-2
1.534113392E1,8.977035479E0,3.954661688E0,-9.798509088E-2
1.535115692E1,8.952323976E0,4.009858819E0,-1.141754098E-1
1.536117992E1,8.938055016E0,4.040900517E0,-1.356883760E-1
1.537120292E1,8.930367097E0,4.056628650E0,-1.685530809E-1
1.538122592E1,8.923338159E0,4.069845112E0,-2.156695975E-1
1.539124892E1,8.912595069E0,4.089580050E0,-2.776277543E-1
1.540127292E1,8.895596044E0,4.121111745E0,-3.477424664E-1
1.541129592E1,8.871093287E0,4.167678970E0,-4.125941910E-1
1.542131892E1,8.837688144E0,4.233703975E0,-4.550905849E-1
1.543134192E1,8.794583640E0,4.320926306E0,-4.700693973E-1
1.544136492E1,8.745381074E0,4.419745713E0,-4.693188341E-1
1.545138892E1,8.696823456E0,4.513797884E0,-4.764143572E-1
1.546141192E1,8.654444007E0,4.589540669E0,-5.223348806E-1
1.547143492E1,8.619154306E0,4.641991655E0,-6.310386761E-1
1.548145792E1,8.588041856E0,4.672691876E0,-8.047088016E-1
1.549148092E1,8.558877114E0,4.681626422E0,-1.031543127E0
1.550150492E1,8.530724525E0,4.666099141E0,-1.300142872E0
1.551152792E1,8.503207528E0,4.625257801E0,-1.593288644E0
1.552155092E1,8.473793694E0,4.563771113E0,-1.898131916E0
1.553157392E1,8.434271779E0,4.491488125E0,-2.219385545E0
1.554159692E1,8.386008276E0,4.411613697E0,-2.539406874E0
1.555161992E1,8.338993154E0,4.324455393E0,-2.827790088E0
1.556164392E1,8.311373246E0,4.232366717E0,-3.040435195E0
1.557166692E1,8.326360245E0,4.143213635E0,-3.121157761E0
1.558168992E1,8.399797765E0,4.064927019E0,-3.025863934E0
1.559171292E1,8.524896020E0,4.002561786E0,-2.746223476E0
1.560173592E1,8.671015601E0,3.965530785E0,-2.307405583E0
1.561175992E1,8.799932088E0,3.965051021E0,-1.753763284E0
1.562178292E1,8.880813698E0,4.003002666E0,-1.158972448E0
1.563180592E1,8.908108501E0,4.063526611E0,-6.078228545E-1
1.564182892E1,8.904492583E0,4.112386529E0,-1.853934823E-1
1.565185192E1,8.905090168E0,4.115080342E0,3.969423916E-2
1.566187592E1,8.929718640E0,4.061289174E0,4.659660315E-2
1.567189892E1,8.970302410E0,3.969296099E0,-1.203113317E-1
1.568192192E1,9.005726012E0,3.870548321E0,-3.896821323E-1
1.569194492E1,9.020351653E0,3.791865556E0,-7.007838989E-1
1.570196792E1,9.008846671E0,3.748990263E0,-1.010885792E0
1.571199092E1,8.974298397E0,3.744913584E0,-1.293705526E0
1.572201492E1,8.928077912E0,3.766129914E0,-1.530290596E0
1.573203792E1,8.888739599E0,3.788751914E0,-1.694633316E0
1.574206092E1,8.872668527E0,3.794346822E0,-1.764877818E0
1.575208392E1,8.886970232E0,3.777743361E0,-1.728149995E0
1.576210692E1,8.926267029E0,3.749422957E0,-1.581036242E0
1.577213092E1,8.973973292E0,3.724535160E0,-1.353411445E0
1.578215392E1,9.014779256E0,3.711434766E0,-1.093213711E0
1.579217692E1,9.041619145E0,3.709972670E0,-8.493158942E-1
1.580219992E1,9.056058260E0,3.712636954E0,-6.635189357E-1
1.581222292E1,9.064149637E0,3.711466341E0,-5.498257111E-1
1.582224592E1,9.069341379E0,3.706061467E0,-4.982663522E-1
1.583226992E1,9.071809489E0,3.701613198E0,-4.862633341E-1
1.584229292E1,9.070833004E0,3.702675052E0,-4.962463219E-1
1.585231546E1,9.065779256E0,3.710538973E0,-5.287970040E-1
1.586233846E1,9.057658643E0,3.720955787E0,-5.911039473E-1
1.587236146E1,9.047834736E0,3.728076819E0,-6.886268798E-1
1.588238546E1,9.037196896E0,3.729233691E0,-8.111666127E-1
1.589240846E1,9.026435096E0,3.727407605E0,-9.305848827E-1
1.590243146E1,9.016240475E0,3.729510849E0,-1.016978810E0
1.591245446E1,9.008432103E0,3.740889823E0,-1.044021890E0
1.592247746E1,9.002484900E0,3.764107362E0,-1.011358466E0
1.593250146E1,8.996999043E0,3.794829217E0,-9.430716848E-1
1.594252446E1,8.991745904E0,3.826322029E0,-8.624656975E-1
1.595254746E1,8.985401090E0,3.857756368E0,-7.851023566E-1
1.596257046E1,8.976744288E0,3.892575367E0,-7.085291208E-1
1.597259346E1,8.963230203E0,3.937821707E0,-6.246229649E-1
1.598261646E1,8.942495391E0,3.998801442E0,-5.267532560E-1
1.599264046E1,8.914214163E0,4.074105101E0,-4.178267912E-1
1.600266346E1,8.879174139E0,4.158953463E0,-3.153756792E-1
1.601268646E1,8.839507797E0,4.247887858E0,-2.337748429E-1
1.602270946E1,8.795840791E0,4.340237613E0,-1.778155273E-1
1.603273246E1,8.747196634E0,4.438869324E0,-1.380791197E-1
1.604275646E1,8.691460975E0,4.547880427E0,-1.067039838E-1
1.605277946E1,8.627136340E0,4.669279149E0,-8.013164115E-2
1.606280246E1,8.554466559E0,4.801513054E0,-5.181905751E-2
1.607282546E1,8.474835668E0,4.940973825E0,-7.673214306E-3
1.608284846E1,8.388238989E0,5.086220416E0,6.273789677E-2
1.609287246E1,8.294656057E0,5.235252494E0,1.641021621E-1
1.610289546E1,8.194728311E0,5.385213695E0,2.864074035E-1
1.611291846E1,8.089327571E0,5.534270332E0,4.132186737E-1
1.612294146E1,7.980131988E0,5.680567083E0,5.336117110E-1
1.613296446E1,7.868675871E0,5.822829255E0,6.439697204E-1
1.614298746E1,7.756854304E0,5.958795730E0,7.483705133E-1
1.615301146E1,7.647217841E0,6.085737028E0,8.485144602E-1
1.616303446E1,7.545342388E0,6.199773520E0,9.309850515E-1
1.617305746E1,7.459461992E0,6.295487178E0,9.794862436E-1
1.618308046E1,7.395696352E0,6.368667421E0,9.898696560E-1
1.619310346E1,7.357547947E0,6.417192879E0,9.603140274E-1
1.620312746E1,7.340679899E0,6.446649397E0,8.895051230E-1
1.621315046E1,7.331275823E0,6.471505326E0,7.798229056E-1
1.622317346E1,7.316718010E0,6.503122391E0,6.412117349E-1
1.623319646E1,7.293414516E0,6.542543149E0,4.871555827E-1
1.624321946E1,7.265696960E0,6.583016406E0,3.311493109E-1
1.625324246E1,7.240361559E0,6.616471835E0,1.885955089E-1
1.626326646E1,7.220152997E0,6.640729594E0,7.885353117E-2
1.627328946E1,7.202984403E0,6.659767544E0,2.491800315E-2
1.628331246E1,7.185211791E0,6.678859288E0,4.106506862E-2
1.629333546E1,7.158870084E0,6.705957039E0,1.296722945E-1
1.630335846E1,7.108641332E0,6.754201246E0,2.900020341E-1
1.631338246E1,7.017468038E0,6.835952922E0,5.108639956E-1
1.632340546E1,6.893192486E0,6.942084564E0,7.262703039E-1
1.633342846E1,6.768354431E0,7.049313728E0,8.559455404E-1
1.634345146E1,6.658745450E0,7.149766554E0,8.820627138E-1
1.635347446E1,6.560419257E0,7.245843909E0,8.335116743E-1
1.636349746E1,6.472283590E0,7.335797474E0,7.291856526E-1
1.637352146E1,6.400621285E0,7.412459734E0,5.688554745E-1
1.638354446E1,6.343790442E0,7.474240245E0,3.579715489E-1
1.639356746E1,6.291941426E0,7.525623822E0,1.119831424E-1
1.640359046E1,6.249511691E0,7.560463872E0,-1.381557274E-1
1.641361346E1,6.238429463E0,7.562824978E0,-3.489456041E-1
1.642363746E1,6.274492165E0,7.525482320E0,-4.837129614E-1
1.643366046E1,6.358700257E0,7.452498543E0,-5.131352369E-1
1.644368346E1,6.466048704E0,7.365205461E0,-4.243189182E-1
1.645370646E1,6.554848030E0,7.294945318E0,-2.321033433E-1
1.646372946E1,6.599093326E0,7.258619490E0,2.260584278E-2
1.647375346E1,6.606034555E0,7.246678891E0,2.864476031E-1
1.648377646E1,6.598180575E0,7.240650997E0,5.225735931E-1
1.649379946E1,6.595107279E0,7.227636264E0,7.084681635E-1
1.650382246E1,6.607861810E0,7.204362592E0,8.181785206E-1
1.651384546E1,6.637283245E0,7.175437585E0,8.340613856E-1
1.652386846E1,6.677817898E0,7.145244318E0,7.670331446E-1
1.653389246E1,6.721681956E0,7.115646297E0,6.501328319E-1
1.654391546E1,6.759290078E0,7.091129506E0,5.137992248E-1
1.655393846E1,6.784020292E0,7.076286934E0,3.732978320E-1
1.656396146E1,6.794137729E0,7.072265219E0,2.426083047E-1
1.657398446E1,6.792401690E0,7.076655309E0,1.425781593E-1
1.658400846E1,6.789101522E0,7.080650711E0,9.273060931E-2
1.659403146E1,6.793436648E0,7.076510298E0,9.135629436E-2
1.660405446E1,6.806066049E0,7.063827102E0,1.261502607E-1
1.661407746E1,6.822399661E0,7.046690083E0,1.873979443E-1
1.662410046E1,6.838223396E0,7.029197552E0,2.553639874E-1
1.663412446E1,6.855308960E0,7.010467751E0,3.069111402E-1
1.664414746E1,6.876556572E0,6.988996775E0,3.209598433E-1
1.665417046E1,6.898586542E0,6.968864227E0,2.838009888E-1
1.666419346E1,6.916842134E0,6.953103642E0,2.185242447E-1
1.667421646E1,6.931280079E0,6.940301748E0,1.602006623E-1
1.668423946E1,6.943362181E0,6.929085619E0,1.167206571E-1
1.669426346E1,6.954691746E0,6.918157758E0,8.650792019E-2
1.670428646E1,6.966586152E0,6.906404269E0,6.600060199E-2
1.671430946E1,6.982237394E0,6.890697479E0,5.233296381E-2
1.672433246E1,7.004800045E0,6.867737217E0,5.540762166E-2
1.673435546E1,7.030594452E0,6.841136479E0,7.555328043E-2
1.674437946E1,7.053781586E0,6.816829019E0,1.053951851E-1
1.675440246E1,7.073265678E0,6.795971416E0,1.406537310E-1
1.676442546E1,7.089351953E0,6.778558992E0,1.683248568E-1
1.677444846E1,7.107194147E0,6.759677163E0,1.751738832E-1
1.678447146E1,7.131627907E0,6.734103196E0,1.668010907E-1
1.679449446E1,7.159901533E0,6.704426823E0,1.502280258E-1
1.680451846E1,7.187769948E0,6.674932297E0,1.316327563E-1
1.681454146E1,7.213162651E0,6.647724034E0,1.189465367E-1
1.682456446E1,7.236599461E0,6.622374015E0,1.090350859E-1
1.683458746E1,7.258459861E0,6.598588711E0,9.758335062E-2
1.684461046E1,7.276554655E0,6.578739753E0,8.974075436E-2
1.685463442E1,7.289732525E0,6.564176677E0,8.672846985E-2
1.686465742E1,7.300044674E0,6.552649477E0,9.077585771E-2
1.687468042E1,7.309938748E0,6.541451474E0,1.016659771E-1
1.688470342E1,7.320081913E0,6.529978067E0,1.089565597E-1
1.689472642E1,7.329715785E0,6.519303390E0,1.002247572E-1
1.690475042E1,7.338346276E0,6.509894636E0,7.776827881E-2
1.691477342E1,7.345156528E0,6.502480366E0,5.031589825E-2
1.692479642E1,7.350035444E0,6.497137181E0,1.729922048E-2
1.693481942E1,7.354848872E0,6.491674712E0,-2.217765528E-2
1.694484242E1,7.360406651E0,6.485093086E0,-6.403234698E-2
1.695486542E1,7.365042323E0,6.479221897E0,-1.093824288E-1
1.696488942E1,7.367917399E0,6.474953429E0,-1.576794891E-1
1.697491242E1,7.369475682E0,6.471908199E0,-2.032803708E-1
1.698493542E1,7.370467370E0,6.469350042E0,-2.445786154E-1
1.699495842E1,7.372728488E0,6.465363411E0,-2.793489371E-1
1.700498142E1,7.376965381E0,6.459220911E0,-3.081472416E-1
1.701500542E1,7.382697406E0,6.451366346E0,-3.343158340E-1
1.702502842E1,7.389289557E0,6.442513661E0,-3.584993698E-1
1.703505142E1,7.394491825E0,6.435302290E0,-3.800971937E-1
1.704507442E1,7.397382689E0,6.430768359E0,-4.000701860E-1
1.705509742E1,7.399150887E0,6.427527248E0,-4.190296366E-1
1.706512042E1,7.402034149E0,6.423094473E0,-4.357374340E-1
1.707514442E1,7.407380843E0,6.415789547E0,-4.521488142E-1
1.708516742E1,7.414637237E0,6.405985520E0,-4.717953857E-1
1.709519042E1,7.421782535E0,6.395865744E0,-4.961613911E-1
1.710521342E1,7.428417955E0,6.385906767E0,-5.243323625E-1
1.711523642E1,7.435307145E0,6.375371838E0,-5.540469988E-1
1.712526042E1,7.443255849E0,6.363601978E0,-5.819061309E-1
1.713528342E1,7.452528364E0,6.350137594E0,-6.096551161E-1
1.714530642E1,7.463588957E0,6.333944315E0,-6.419380322E-1
1.715532942E1,7.476377987E0,6.315104586E0,-6.777302279E-1
1.716535242E1,7.488855945E0,6.296194106E0,-7.149188118E-1
1.717537542E1,7.500155105E0,6.278830799E0,-7.483699286E-1
1.718539942E1,7.512061206E0,6.261641740E0,-7.725920194E-1
1.719542242E1,7.525651304E0,6.243100803E0,-7.901705039E-1
1.720544542E1,7.541316580E0,6.222650167E0,-8.020394745E-1
1.721546842E1,7.556687740E0,6.203009954E0,-8.094809335E-1
1.722549142E1,7.568941750E0,6.186257681E0,-8.230762216E-1
1.723551542E1,7.578313082E0,6.170637429E0,-8.535182881E-1
1.724553842E1,7.586053627E0,6.153959416E0,-9.037001161E-1
1.725556142E1,7.592967374E0,6.136248785E0,-9.640508368E-1
1.726558442E1,7.601839939E0,6.116789251E0,-1.016376473E0
1.727560742E1,7.614865197E0,6.095518250E0,-1.046224097E0
1.728563142E1,7.630788335E0,6.074270053E0,-1.053766786E0
1.729565442E1,7.646535471E0,6.054563767E0,-1.053027552E0
1.730567742E1,7.656281025E0,6.040868418E0,-1.060848349E0
1.731570042E1,7.657329431E0,6.036419272E0,-1.078466156E0
1.732572342E1,7.652149383E0,6.039353405E0,-1.098606159E0
1.733574642E1,7.643463929E0,6.048379751E0,-1.109359847E0
1.734577042E1,7.634023014E0,6.061524877E0,-1.102603024E0
1.735579342E1,7.626689436E0,6.074188192E0,-1.083501997E0
1.736581642E1,7.623619063E0,6.081532295E0,-1.063727226E0
1.737583942E1,7.623698586E0,6.083004624E0,-1.054693570E0
1.738586242E1,7.624979126E0,6.081303669E0,-1.055253587E0
1.739588642E1,7.625301307E0,6.080406706E0,-1.058089121E0
1.740590942E1,7.621617562E0,6.083441411E0,-1.067136664E0
1.741593242E1,7.614151252E0,6.088975216E0,-1.088654198E0
1.742595542E1,7.604784012E0,6.094859269E0,-1.120734801E0
1.743597842E1,7.593306513E0,6.102948892E0,-1.154040322E0
1.744600142E1,7.578801910E0,6.116147227E0,-1.179230639E0
1.745602542E1,7.563725449E0,6.132771446E0,-1.189655786E0
1.746604842E1,7.552284202E0,6.147821009E0,-1.184649473E0
1.747607142E1,7.545264035E0,6.159993743E0,-1.166009061E0
1.748609442E1,7.542618170E0,6.168045943E0,-1.140275611E0
1.749611742E1,7.544578156E0,6.169955059E0,-1.116746415E0
1.750614142E1,7.548502808E0,6.168644114E0,-1.097296237E0
1.751616442E1,7.551936293E0,6.168075764E0,-1.076678077E0
1.752618742E1,7.552281863E0,6.171472996E0,-1.054545489E0
1.753621042E1,7.548573559E0,6.179573144E0,-1.033452097E0
1.754623342E1,7.543197044E0,6.188933952E0,-1.016553571E0
1.755625642E1,7.538849639E0,6.195715553E0,-1.007451210E0
1.756628042E1,7.536915380E0,6.198571917E0,-1.004349993E0
1.757630342E1,7.537689552E0,6.197874929E0,-1.002842143E0
1.758632642E1,7.538464893E0,6.196672157E0,-1.004453343E0
1.759634942E1,7.536284466E0,6.198195357E0,-1.011389675E0
1.760637242E1,7.530918476E0,6.202756185E0,-1.023324793E0
1.761639642E1,7.523871996E0,6.208435585E0,-1.040573129E0
1.762641942E1,7.517883278E0,6.212367838E0,-1.060193534E0
1.763644242E1,7.516044914E0,6.211526424E0,-1.078015043E0
1.764646542E1,7.519710533E0,6.204743654E0,-1.091431918E0
1.765648842E1,7.526545928E0,6.195184041E0,-1.098608206E0
1.766651142E1,7.534906277E0,6.185444918E0,-1.096170794E0
1.767653542E1,7.546065688E0,6.173896667E0,-1.084440037E0
1.768655842E1,7.560545733E0,6.159554617E0,-1.064961207E0
1.769658142E1,7.578248763E0,6.142815793E0,-1.035406821E0
1.770660442E1,7.597649240E0,6.125534347E0,-9.948042675E-1
1.771662742E1,7.614066467E0,6.112064701E0,-9.511895936E-1
1.772665142E1,7.624241792E0,6.105079032E0,-9.138161646E-1
1.773667442E1,7.627791637E0,6.105311751E0,-8.820723617E-1
1.774669742E1,7.624499654E0,6.112948800E0,-8.572982937E-1
1.775672042E1,7.615389692E0,6.126990303E0,-8.378180024E-1
1.776674342E1,7.604981064E0,6.142453850E0,-8.189212632E-1
1.777676642E1,7.596446468E0,6.155244049E0,-8.019269156E-1
1.778679042E1,7.589447935E0,6.165448025E0,-7.896975372E-1
1.779681342E1,7.583049912E0,6.174114184E0,-7.834353154E-1
1.780683642E1,7.576290531E0,6.182034237E0,-7.863618468E-1
1.781685942E1,7.566764247E0,6.191268160E0,-8.052330776E-1
1.782688242E1,7.555438775E0,6.200237789E0,-8.417156833E-1
1.783690642E1,7.546636961E0,6.205408482E0,-8.816289235E-1
1.784692942E1,7.541790789E0,6.207635102E0,-9.070494012E-1
1.785695204E1,7.540406168E0,6.209605029E0,-9.050906570E-1
1.786697504E1,7.542136944E0,6.211997125E0,-8.737043383E-1
1.787699804E1,7.545910737E0,6.214000965E0,-8.255452084E-1
1.788702104E1,7.547704663E0,6.217775343E0,-7.794456140E-1
1.789704504E1,7.546821148E0,6.224525954E0,-7.327181017E-1
1.790706804E1,7.546948618E0,6.230255640E0,-6.808753721E-1
1.791709104E1,7.549284580E0,6.233162876E0,-6.261843176E-1
1.792711404E1,7.552640882E0,6.234352784E0,-5.714452063E-1
1.793713704E1,7.556155643E0,6.234201926E0,-5.247420331E-1
1.794716104E1,7.560452178E0,6.230798846E0,-5.028063132E-1
1.795718404E1,7.566548485E0,6.222005219E0,-5.196779058E-1
1.796720704E1,7.573375694E0,6.209948845E0,-5.627075292E-1
1.797723004E1,7.579013579E0,6.199208679E0,-6.037203749E-1
1.798725304E1,7.582187448E0,6.193615233E0,-6.210100434E-1
1.799727604E1,7.582321934E0,6.194046757E0,-6.150178899E-1
1.800730004E1,7.579710567E0,6.198748503E0,-5.996593009E-1
1.801732304E1,7.576361867E0,6.204298680E0,-5.843979584E-1
1.802734604E1,7.573374524E0,6.208946632E0,-5.736551249E-1
1.803736904E1,7.568920700E0,6.214883895E0,-5.681227453E-1
1.804739204E1,7.564114873E0,6.221963119E0,-5.544459617E-1
1.805741504E1,7.561208807E0,6.228257647E0,-5.225489618E-1
1.806743904E1,7.560434636E0,6.232636042E0,-4.797668948E-1
1.807746204E1,7.562485254E0,6.233241228E0,-4.377102846E-1
1.808748504E1,7.567835457E0,6.228419030E0,-4.132816409E-1
1.809750804E1,7.574799491E0,6.219882095E0,-4.142484049E-1
1.810753104E1,7.583563882E0,6.208368343E0,-4.263762245E-1
1.811755504E1,7.594367782E0,6.194657791E0,-4.334780699E-1
1.812757804E1,7.604550124E0,6.182676262E0,-4.259385969E-1
1.813760104E1,7.613726159E0,6.173103785E0,-4.000500496E-1
1.814762404E1,7.625035844E0,6.161819828E0,-3.562322946E-1
1.815764704E1,7.639617046E0,6.146393704E0,-3.069001036E-1
1.816767104E1,7.657009588E0,6.126542407E0,-2.678979327E-1
1.817769404E1,7.674861723E0,6.104999510E0,-2.482088775E-1
1.818771704E1,7.688855864E0,6.087405238E0,-2.472283360E-1
1.819774004E1,7.698907812E0,6.074623809E0,-2.487365887E-1
1.820776304E1,7.709163244E0,6.062252271E0,-2.323574779E-1
1.821778604E1,7.719525095E0,6.050561348E0,-1.890554290E-1
1.822781004E1,7.728294164E0,6.040955542E0,-1.280817148E-1
1.823783304E1,7.735359939E0,6.032848962E0,-7.097362693E-2
1.824785604E1,7.740990223E0,6.025942816E0,-3.439233347E-2
1.825787904E1,7.746417024E0,6.019016789E0,-2.420476618E-2
1.826790204E1,7.752843114E0,6.010663456E0,-3.802182356E-2
1.827792504E1,7.762676961E0,5.997732339E0,-6.427326597E-2
1.828794904E1,7.777269273E0,5.978528913E0,-8.598183523E-2
1.829797204E1,7.794331448E0,5.956138755E0,-9.444711428E-2
1.830799504E1,7.813334314E0,5.931227278E0,-9.195319458E-2
1.831801804E1,7.835064906E0,5.902585861E0,-8.562673565E-2
1.832804104E1,7.858896403E0,5.870913248E0,-7.879997433E-2
1.833806504E1,7.882157212E0,5.839770393E0,-6.918879176E-2
1.834808804E1,7.901185806E0,5.814146140E0,-5.534239780E-2
1.835811104E1,7.914673578E0,5.795879438E0,-4.248900267E-2
1.836813404E1,7.925430701E0,5.781210528E0,-3.565499172E-2
1.837815704E1,7.936535733E0,5.765962744E0,-3.442086377E-2
1.838818004E1,7.948614326E0,5.749290578E0,-3.594790068E-2
1.839820404E1,7.961578773E0,5.731324423E0,-3.602043813E-2
1.840822704E1,7.973691865E0,5.714459884E0,-3.614319540E-2
1.841825004E1,7.982273823E0,5.702457889E0,-3.697131188E-2
1.842827304E1,7.985252395E0,5.698273621E0,-3.900058579E-2
1.843829604E1,7.981056433E0,5.704141887E0,-4.002830703E-2
1.844832004E1,7.972869161E0,5.715653300E0,-2.731655842E-2
1.845834304E1,7.966483417E0,5.724611819E0,7.131316172E-3
1.846836604E1,7.963443450E0,5.728461626E0,6.635953881E-2
1.847838904E1,7.959974881E0,5.732047724E0,1.362370732E-1
1.848841204E1,7.952194576E0,5.741194523E0,1.933902258E-1
1.849843504E1,7.938568225E0,5.758548474E0,2.331446227E-1
1.850845904E1,7.916220751E0,5.787827822E0,2.656720439E-1
1.851848204E1,7.884464523E0,5.829186348E0,3.031579039E-1
1.852850504E1,7.845241401E0,5.879585838E0,3.446144253E-1
1.853852804E1,7.801566208E0,5.934934412E0,3.850076123E-1
1.854855104E1,7.756042126E0,5.991927223E0,4.203839248E-1
1.855857404E1,7.707222553E0,6.052962214E0,4.432496809E-1
1.856859804E1,7.652275098E0,6.121676354E0,4.515394247E-1
1.857862104E1,7.590856529E0,6.197681971E0,4.514002244E-1
1.858864404E1,7.522604905E0,6.280636420E0,4.473478482E-1
1.859866704E1,7.448642889E0,6.368499021E0,4.427647274E-1
1.860869004E1,7.371654940E0,6.457610587E0,4.405437357E-1
1.861871404E1,7.293608644E0,6.545477867E0,4.428144653E-1
1.862873704E1,7.214523883E0,6.632089748E0,4.495913152E-1
1.863876004E1,7.135227453E0,6.716876130E0,4.563050151E-1
1.864878304E1,7.059883155E0,6.795515918E0,4.637940193E-1
1.865880604E1,6.993047141E0,6.863447700E0,4.759025796E-1
1.866882904E1,6.934513589E0,6.921241579E0,4.950249117E-1
1.867885304E1,6.881592194E0,6.971809469E0,5.231113177E-1
1.868887604E1,6.831880336E0,7.017581474E0,5.612926492E-1
1.869889904E1,6.783664196E0,7.060646802E0,6.043747149E-1
1.870892204E1,6.737377637E0,7.100753438E0,6.505027413E-1
1.871894504E1,6.694172561E0,7.136733695E0,7.008515073E-1
1.872896904E1,6.655040070E0,7.168597512E0,7.468343767E-1
1.873899204E1,6.621095814E0,7.196195785E0,7.822706231E-1
1.874901504E1,6.591048142E0,7.220865188E0,8.082584269E-1
1.875903804E1,6.562952855E0,7.244597282E0,8.243478448E-1
1.876906104E1,6.538731349E0,7.265559551E0,8.323112409E-1
1.877908404E1,6.520476342E0,7.281662782E0,8.347861480E-1
1.878910804E1,6.509460188E0,7.291562119E0,8.343669757E-1
1.879913104E1,6.507106099E0,7.294063557E0,8.308531646E-1
1.880915404E1,6.511893799E0,7.291368576E0,8.168723989E-1
1.881917704E1,6.518579505E0,7.287970759E0,7.935393772E-1
1.882920004E1,6.522701207E0,7.287157411E0,7.666951755E-1
1.883922304E1,6.524693938E0,7.288215757E0,7.391766438E-1
1.884924704E1,6.528823242E0,7.286404290E0,7.203253667E-1
1.885927067E1,6.539769230E0,7.277325318E0,7.127853090E-1
1.886929367E1,6.560294711E0,7.259535749E0,7.055374660E-1
1.887931667E1,6.588709255E0,7.234859914E0,6.941470899E-1
1.888933967E1,6.616988729E0,7.209919201E0,6.845487392E-1
1.889936267E1,6.638041629E0,7.190905809E0,6.807040487E-1
1.890938667E1,6.650333646E0,7.178584557E0,6.907127278E-1
1.891940967E1,6.656180277E0,7.170033588E0,7.224903714E-1
1.892943267E1,6.660674447E0,7.160338320E0,7.752902171E-1
1.893945567E1,6.670831645E0,7.144252630E0,8.341266552E-1
1.894947867E1,6.689690085E0,7.121657234E0,8.753066947E-1
1.895950267E1,6.713211679E0,7.097369070E0,8.923263314E-1
1.896952567E1,6.735244573E0,7.075739050E0,8.980563104E-1
1.897954867E1,6.751771728E0,7.060279596E0,8.956157557E-1
1.898957167E1,6.764393528E0,7.050667359E0,8.758833032E-1
1.899959467E1,6.777254478E0,7.043389914E0,8.340095647E-1
1.900961767E1,6.790865627E0,7.036839278E0,7.766159271E-1
1.901964167E1,6.805533952E0,7.028286556E0,7.238729455E-1
1.902966467E1,6.821398618E0,7.015946592E0,6.936084882E-1
1.903968767E1,6.836234758E0,7.001759493E0,6.909010081E-1
1.904971067E1,6.848828491E0,6.986995858E0,7.152012324E-1
1.905973367E1,6.861387725E0,6.969537241E0,7.635521509E-1
1.906975767E1,6.876442552E0,6.946885128E0,8.315100262E-1
1.907978067E1,6.894270712E0,6.920034714E0,9.045835572E-1
1.908980367E1,6.915824718E0,6.890820270E0,9.612896354E-1
1.909982667E1,6.941503935E0,6.860925211E0,9.896127440E-1
1.910984967E1,6.969606239E0,6.832189069E0,9.909085601E-1
1.911987267E1,6.996819765E0,6.805776612E0,9.808269370E-1
1.912989667E1,7.020072387E0,6.782598249E0,9.752117828E-1
1.913991967E1,7.039302126E0,6.762458684E0,9.764705421E-1
1.914994267E1,7.056367224E0,6.743972127E0,9.811463412E-1
1.915996567E1,7.073145810E0,6.725648707E0,9.860931587E-1
1.916998867E1,7.090342471E0,6.707770845E0,9.843700574E-1
1.918001167E1,7.107367809E0,6.691102188E0,9.749626914E-1
1.919003567E1,7.122318555E0,6.676440294E0,9.663478424E-1
1.920005867E1,7.132947623E0,6.665710069E0,9.620132283E-1
1.921008167E1,7.138579661E0,6.660310165E0,9.576316173E-1
1.922010467E1,7.141933039E0,6.658042615E0,9.483569100E-1
1.923012767E1,7.146744128E0,6.655502585E0,9.297397408E-1
1.924015067E1,7.154275342E0,6.650660505E0,9.061835016E-1
1.925017467E1,7.162867826E0,6.644977596E0,8.796065178E-1
1.926019767E1,7.168360115E0,6.642727003E0,8.514116824E-1
1.927022067E1,7.167863102E0,6.645768140E0,8.316328908E-1
1.928024367E1,7.161101967E0,6.653625044E0,8.270379294E-1
1.929026667E1,7.149254338E0,6.665458639E0,8.342304432E-1
1.930029067E1,7.135056714E0,6.679438162E0,8.439224955E-1
1.931031367E1,7.123069922E0,6.691381685E0,8.505389855E-1
1.932033667E1,7.114209051E0,6.700298688E0,8.544907531E-1
1.933035967E1,7.103958297E0,6.711722394E0,8.501043912E-1
1.934038267E1,7.088759045E0,6.729150020E0,8.391239780E-1
1.935040567E1,7.068576211E0,6.751626717E0,8.287673897E-1
1.936042967E1,7.044706122E0,6.777661445E0,8.194532137E-1
1.937045267E1,7.021317844E0,6.802963516E0,8.104797842E-1
1.938047567E1,7.003465126E0,6.822448193E0,8.011028237E-1
1.939049867E1,6.993879200E0,6.834130930E0,7.851195328E-1
1.940052167E1,6.990532254E0,6.840274014E0,7.610542204E-1
1.941054467E1,6.987870601E0,6.845902544E0,7.344288509E-1
1.942056867E1,6.980014867E0,6.856500038E0,7.098598740E-1
1.943059167E1,6.965333093E0,6.873452870E0,6.898488747E-1
1.944061467E1,6.946179954E0,6.893973089E0,6.780997720E-1
1.945063767E1,6.925595416E0,6.914689774E0,6.777145866E-1
1.946066067E1,6.907266734E0,6.932027353E0,6.875781816E-1
1.947068367E1,6.893057415E0,6.944427543E0,7.048262253E-1
1.948070767E1,6.882111427E0,6.953002485E0,7.269021687E-1
1.949073067E1,6.871840793E0,6.960756478E0,7.494956638E-1
1.950075367E1,6.859428324E0,6.971307194E0,7.649903467E-1
1.951077667E1,6.844679307E0,6.985269175E0,7.697267376E-1
1.952079967E1,6.830184644E0,6.999710628E0,7.672876447E-1
1.953082267E1,6.819346245E0,7.010837295E0,7.620756559E-1
1.954084667E1,6.814586027E0,7.015809183E0,7.589051494E-1
1.955086967E1,6.816302769E0,7.013708278E0,7.628963126E-1
1.956089267E1,6.821715537E0,7.007210852E0,7.741240630E-1
1.957091567E1,6.825018629E0,7.001532621E0,7.960941719E-1
1.958093867E1,6.821952934E0,7.000527484E0,8.304728032E-1
1.959096267E1,6.812281639E0,7.005195901E0,8.695759117E-1
1.960098567E1,6.800317651E0,7.012125437E0,9.065706604E-1
1.961100867E1,6.792556057E0,7.015206335E0,9.402871677E-1
1.962103167E1,6.790175071E0,7.013579639E0,9.691816223E-1
1.963105467E1,6.788234380E0,7.012002060E0,9.938766067E-1
1.964107767E1,6.781327649E0,7.016742983E0,1.007480008E0
1.965110167E1,6.765168868E0,7.033085366E0,1.002152610E0
1.966112467E1,6.740039290E0,7.058848198E0,9.902692401E-1
1.967114767E1,6.709409820E0,7.090190443E0,9.742231648E-1
1.968117067E1,6.675123501E0,7.126922652E0,9.411684892E-1
1.969119367E1,6.636780385E0,7.168503957E0,8.954286448E-1
1.970121667E1,6.592257931E0,7.214216904E0,8.563312373E-1
1.971124067E1,6.539577441E0,7.264488341E0,8.350059302E-1
1.972126367E1,6.480238143E0,7.317814947E0,8.319884015E-1
1.973128667E1,6.419277996E0,7.370100750E0,8.429695456E-1
1.974130967E1,6.356206419E0,7.422135707E0,8.640998480E-1
1.975133267E1,6.283688082E0,7.480334213E0,8.921566160E-1
1.976135567E1,6.198311716E0,7.546663274E0,9.300099552E-1
1.977137967E1,6.104675574E0,7.616542763E0,9.784241699E-1
1.978140267E1,6.008332171E0,7.684432445E0,1.041899204E0
1.979142567E1,5.915564926E0,7.744465224E0,1.124921480E0
1.980144867E1,5.833729634E0,7.791293235E0,1.224520613E0
1.981147167E1,5.767427471E0,7.823154128E0,1.330842655E0
1.982149467E1,5.715748610E0,7.841828966E0,1.439453808E0
1.983151867E1,5.673959144E0,7.850685158E0,1.552110212E0
1.984154167E1,5.638548991E0,7.852836934E0,1.666082678E0
1.985156379E1,5.609580131E0,7.850969918E0,1.769457796E0
1.986158679E1,5.587739611E0,7.850675218E0,1.838520429E0
1.987160979E1,5.574606180E0,7.855002158E0,1.859786899E0
1.988163379E1,5.568636757E0,7.863615691E0,1.841180182E0
1.989165679E1,5.564032660E0,7.876462024E0,1.799719476E0
1.990167979E1,5.559659527E0,7.890844420E0,1.749535163E0
1.991170279E1,5.556765740E0,7.904450891E0,1.696496239E0
1.992172579E1,5.556731826E0,7.917207761E0,1.636043777E0
1.993174879E1,5.565330157E0,7.926567984E0,1.559711592E0
1.994177279E1,5.587892808E0,7.929134327E0,1.462998499E0
1.995179579E1,5.626026594E0,7.922187250E0,1.350136712E0
1.996181879E1,5.678178495E0,7.903629942E0,1.235728629E0
1.997184179E1,5.741115586E0,7.872675367E0,1.138707607E0
1.998186479E1,5.811371636E0,7.830613421E0,1.070313602E0
1.999188779E1,5.887141610E0,7.779366669E0,1.029138095E0
2.000191179E1,5.970046358E0,7.718791269E0,1.007430233E0
2.001193479E1,6.063318218E0,7.647469856E0,9.942172801E-1
2.002195779E1,6.169078562E0,7.564459859E0,9.785250344E-1
2.003198079E1,6.286232790E0,7.470273494E0,9.562459733E-1
2.004200379E1,6.408917899E0,7.369324239E0,9.246264238E-1
2.005202679E1,6.531758544E0,7.265930849E0,8.823129015E-1
2.006205079E1,6.652789477E0,7.161724695E0,8.283735797E-1
2.007207379E1,6.771291488E0,7.057172971E0,7.629066914E-1
2.008209679E1,6.885813884E0,6.952676210E0,6.942320207E-1
2.009211979E1,6.993999653E0,6.850435891E0,6.257646337E-1
2.010214279E1,7.094099307E0,6.753148747E0,5.521166502E-1
2.011216579E1,7.183999078E0,6.663444858E0,4.740979096E-1
2.012218979E1,7.262547650E0,6.582786611E0,3.980185807E-1
2.013221279E1,7.332220733E0,6.508632807E0,3.351473812E-1
2.014223579E1,7.396146587E0,6.438464465E0,2.815420267E-1
2.015225879E1,7.456838931E0,6.370522158E0,2.192964792E-1
2.016228179E1,7.516705064E0,6.302199197E0,1.323514796E-1
2.017230479E1,7.575949053E0,6.232242524E0,1.572885707E-2
2.018232879E1,7.632699205E0,6.161520451E0,-1.169895193E-1
2.019235179E1,7.684435369E0,6.093192812E0,-2.420408507E-1
2.020237479E1,7.732531641E0,6.027297031E0,-3.402028473E-1
2.021239779E1,7.781777476E0,5.959795604E0,-4.011153392E-1
2.022242079E1,7.835484152E0,5.887377838E0,-4.243671943E-1
2.023244379E1,7.895854899E0,5.807615969E0,-4.039731659E-1
2.024246779E1,7.959949154E0,5.723708425E0,-3.383635325E-1
2.025249079E1,8.020130451E0,5.644047713E0,-2.415417726E-1
2.026251379E1,8.072139096E0,5.573163671E0,-1.284245627E-1
2.027253679E1,8.113756068E0,5.513871735E0,-1.767856431E-2
2.028255979E1,8.145643274E0,5.466168981E0,7.486360591E-2
2.029258279E1,8.170924881E0,5.426818973E0,1.474484971E-1
2.030260679E1,8.191514096E0,5.394075150E0,1.979195521E-1
2.031262979E1,8.207866420E0,5.368238643E0,2.214985771E-1
2.032265279E1,8.219952030E0,5.349887742E0,2.172322293E-1
2.033267579E1,8.228156843E0,5.338552330E0,1.826972763E-1
2.034269879E1,8.235092225E0,5.329634156E0,1.197281176E-1
2.035272179E1,8.243850769E0,5.317282498E0,3.910195276E-2
2.036274579E1,8.254654085E0,5.300420297E0,-4.807925604E-2
2.037276879E1,8.266212276E0,5.281016312E0,-1.292471471E-1
2.038279179E1,8.277978628E0,5.260666248E0,-1.911817324E-1
2.039281479E1,8.290660654E0,5.239253744E0,-2.264349976E-1
2.040283779E1,8.305751148E0,5.214991892E0,-2.333132418E-1
2.041286079E1,8.323788055E0,5.186632311E0,-2.224508145E-1
2.042288479E1,8.342392141E0,5.157123168E0,-2.113279668E-1
2.043290779E1,8.358262069E0,5.131524643E0,-2.073596260E-1
2.044293079E1,8.369893350E0,5.112660356E0,-2.042142259E-1
2.045295379E1,8.376946846E0,5.101590407E0,-1.913463864E-1
2.046297679E1,8.380023651E0,5.097613131E0,-1.600807578E-1
2.047299979E1,8.379754094E0,5.099198896E0,-1.182744541E-1
2.048302379E1,8.376480238E0,5.105329701E0,-7.936257698E-2
2.049304679E1,8.369587541E0,5.116918298E0,-5.714508068E-2
2.050306979E1,8.357954505E0,5.135821761E0,-6.346471938E-2
2.051309279E1,8.341513304E0,5.161992145E0,-9.524387964E-2
2.052311579E1,8.320031219E0,5.195192635E0,-1.521200021E-1
2.053313979E1,8.292951009E0,5.235695713E0,-2.248064749E-1
2.054316279E1,8.260223558E0,5.283826484E0,-2.932395826E-1
2.055318579E1,8.221962302E0,5.340226387E0,-3.427062961E-1
2.056320879E1,8.178852535E0,5.404329413E0,-3.683653037E-1
2.057323179E1,8.132149070E0,5.474205979E0,-3.705932024E-1
2.058325479E1,8.080969561E0,5.550999801E0,-3.470136841E-1
2.059327779E1,8.022399756E0,5.638303993E0,-2.945088487E-1
2.060330179E1,7.953711344E0,5.738268576E0,-2.164914602E-1
2.061332479E1,7.873798032E0,5.850138676E0,-1.236617954E-1
2.062334779E1,7.781916640E0,5.973027853E0,-2.811461428E-2
2.063337079E1,7.679423720E0,6.103952858E0,6.569087772E-2
2.064339379E1,7.570347421E0,6.237000988E0,1.605248538E-1
2.065341779E1,7.458153970E0,6.367298003E0,2.637308779E-1
2.066344079E1,7.343566085E0,6.493144117E0,3.837257930E-1
2.067346379E1,7.224638397E0,6.615909333E0,5.200456956E-1
2.068348679E1,7.098511616E0,6.738290387E0,6.653318650E-1
2.069350979E1,6.966576796E0,6.859048254E0,8.101487587E-1
2.070353279E1,6.836770948E0,6.971151073E0,9.474749306E-1
2.071355679E1,6.718845472E0,7.067010911E0,1.072646568E0
2.072357979E1,6.616774721E0,7.144965405E0,1.184851202E0
2.073360279E1,6.527221105E0,7.211402054E0,1.275602693E0
2.074362579E1,6.451913645E0,7.265992244E0,1.346941940E0
2.075364879E1,6.398041493E0,7.303197493E0,1.401591479E0
2.076367179E1,6.366646038E0,7.323638189E0,1.437446167E0
2.077369579E1,6.349886749E0,7.335237311E0,1.452362560E0
2.078371879E1,6.347621537E0,7.340029104E0,1.437976509E0
2.079374179E1,6.379932666E0,7.325497604E0,1.367346968E0
2.080376479E1,6.470905986E0,7.272435876E0,1.214552499E0
2.081378779E1,6.626506827E0,7.168134413E0,9.712605268E-1
2.082381079E1,6.833770157E0,7.009811693E0,6.310522708E-1
2.083383479E1,7.071981044E0,6.796226939E0,1.857751593E-1
2.084385779E1,7.318434168E0,6.523127469E0,-3.541502839E-1
2.085388117E1,7.560527607E0,6.179221727E0,-9.443184574E-1
2.086390417E1,7.800025467E0,5.753376612E0,-1.514718145E0
2.087392717E1,8.043382489E0,5.248833822E0,-1.997463246E0
2.088395017E1,8.296876829E0,4.679707950E0,-2.344836241E0
2.089397417E1,8.565042418E0,4.060491906E0,-2.527558661E0
2.090399717E1,8.842120333E0,3.406760917E0,-2.539090247E0
2.091402017E1,9.113089077E0,2.733808668E0,-2.390399500E0
2.092404317E1,9.356234431E0,2.063104674E0,-2.107265624E0
2.093406617E1,9.549899476E0,1.428703264E0,-1.730411405E0
2.094408917E1,9.682931233E0,8.691614903E-1,-1.312055405E0
2.095411317E1,9.762910033E0,4.104928114E-1,-8.678645778E-1
2.096413617E1,9.801564807E0,5.512165171E-2,-4.029448965E-1
2.097415917E1,9.807380447E0,-2.204638027E-1,5.267878094E-2
2.098418217E1,9.788664095E0,-4.524238526E-1,4.620126285E-1
2.099420517E1,9.755748948E0,-6.663869950E-1,7.857451118E-1
2.100422817E1,9.718839569E0,-8.787046579E-1,1.004063041E0
2.101425217E1,9.682798501E0,-1.085368648E0,1.140828246E0
2.102427517E1,9.646110147E0,-1.267783650E0,1.257536112E0
2.103429817E1,9.608570437E0,-1.409833276E0,1.387020802E0
2.104432117E1,9.574862993E0,-1.502670834E0,1.516602849E0
2.105434417E1,9.549018885E0,-1.552028059E0,1.625898273E0
2.106436717E1,9.532826775E0,-1.568209058E0,1.703533071E0
2.107439017E1,9.525003201E0,-1.555546767E0,1.758042569E0
2.108441417E1,9.531653824E0,-1.510045196E0,1.761665212E0
2.109443717E1,9.571527157E0,-1.447892510E0,1.589207726E0
2.110446017E1,9.634070730E0,-1.407371452E0,1.200038686E0
2.111448317E1,9.687445284E0,-1.397468753E0,6.607311295E-1
2.112450617E1,9.708306980E0,-1.407494974E0,6.173546017E-2
2.113453017E1,9.690541969E0,-1.435287521E0,-5.190704166E-1
2.114455317E1,9.640151249E0,-1.476358071E0,-1.060162178E0
2.115457617E1,9.565365946E0,-1.526322822E0,-1.552488819E0
2.116459917E1,9.479835799E0,-1.586793703E0,-1.962381122E0
2.117462217E1,9.412486984E0,-1.653861705E0,-2.214938153E0
2.118464517E1,9.396778439E0,-1.720154220E0,-2.231077638E0
2.119466817E1,9.441351764E0,-1.779437970E0,-1.982569803E0
2.120469217E1,9.515872189E0,-1.830251443E0,-1.527903616E0
2.121471517E1,9.579710335E0,-1.878923666E0,-9.668977730E-1
2.122473817E1,9.608532431E0,-1.935997754E0,-4.050796418E-1
2.123476117E1,9.602843674E0,-2.004298203E0,6.546377735E-2
2.124478417E1,9.577638667E0,-2.082804528E0,4.084545451E-1
2.125480717E1,9.545027575E0,-2.172040494E0,6.409147695E-1
2.126483117E1,9.510418491E0,-2.273031556E0,7.882803914E-1
2.127485417E1,9.477579358E0,-2.379128553E0,8.668012617E-1
2.128487717E1,9.449433786E0,-2.475843839E0,9.024896693E-1
2.129490017E1,9.428989581E0,-2.547872765E0,9.157438454E-1
2.130492317E1,9.419443417E0,-2.587113722E0,9.038993599E-1
2.131494617E1,9.421470646E0,-2.594656630E0,8.600994755E-1
2.132497017E1,9.431641293E0,-2.577618428E0,7.975867467E-1
2.133499317E1,9.444624451E0,-2.546097843E0,7.433543332E-1
2.134501617E1,9.456360982E0,-2.508919784E0,7.201881033E-1
2.135503917E1,9.464557609E0,-2.472807088E0,7.372069361E-1
2.136506217E1,9.467694055E0,-2.441997816E0,7.972010498E-1
2.137508517E1,9.463205733E0,-2.417961082E0,9.150396214E-1
2.138510917E1,9.446393818E0,-2.405561769E0,1.102277261E0
2.139513217E1,9.411815724E0,-2.417930530E0,1.344410388E0
2.140515517E1,9.358335335E0,-2.467888410E0,1.602243654E0
2.141517817E1,9.291588784E0,-2.545402609E0,1.850241466E0
2.142520117E1,9.211541571E0,-2.625045779E0,2.119608511E0
2.143522417E1,9.116809661E0,-2.691521312E0,2.423962372E0
2.144524817E1,9.010314907E0,-2.737915752E0,2.748482840E0
2.145527117E1,8.902801568E0,-2.765459939E0,3.054251873E0
2.146529417E1,8.808674845E0,-2.780702753E0,3.303186847E0
2.147531717E1,8.744549600E0,-2.794654794E0,3.458157358E0
2.148534017E1,8.720111747E0,-2.816281598E0,3.502041588E0
2.149536317E1,8.721233827E0,-2.847798091E0,3.473646924E0
2.150538617E1,8.727672781E0,-2.885732779E0,3.425838920E0
2.151541017E1,8.730009913E0,-2.922968141E0,3.388110345E0
2.152543317E1,8.726144319E0,-2.951199083E0,3.373561888E0
2.153545617E1,8.717818469E0,-2.967849322E0,3.380473589E0
2.154547917E1,8.702712772E0,-2.978486869E0,3.409914028E0
2.155550217E1,8.676889713E0,-2.989225573E0,3.465863403E0
2.156552517E1,8.638491048E0,-3.002380638E0,3.549403450E0
2.157554917E1,8.586088886E0,-3.018688231E0,3.660967740E0
2.158557217E1,8.523935907E0,-3.038017664E0,3.788015457E0
2.159559517E1,8.459929361E0,-3.057665478E0,3.913614234E0
2.160561817E1,8.398471617E0,-3.073909335E0,4.031483869E0
2.161564117E1,8.343148186E0,-3.084716159E0,4.136726442E0
2.162566417E1,8.297711227E0,-3.092276317E0,4.221599654E0
2.163568817E1,8.261073743E0,-3.102755404E0,4.285286942E0
2.164571117E1,8.231597929E0,-3.118453424E0,4.330375407E0
2.165573417E1,8.209776120E0,-3.135205112E0,4.359605345E0
2.166575717E1,8.195252221E0,-3.149149260E0,4.376849661E0
2.167578017E1,8.181750416E0,-3.158719397E0,4.395173374E0
2.168580317E1,8.162099678E0,-3.165894516E0,4.426437851E0
2.169582717E1,8.133766410E0,-3.174669432E0,4.472070399E0
2.170585017E1,8.096040174E0,-3.186429060E0,4.531766378E0
2.171587317E1,8.052321712E0,-3.197992514E0,4.600986009E0
2.172589617E1,8.007919711E0,-3.205636871E0,4.672603583E0
2.173591917E1,7.966427284E0,-3.208292677E0,4.741201071E0
2.174594217E1,7.929893296E0,-3.207676965E0,4.802467904E0
2.175596617E1,7.899894741E0,-3.205613482E0,4.853020884E0
2.176598917E1,7.875340528E0,-3.204406617E0,4.893556999E0
2.177601217E1,7.851590307E0,-3.206156981E0,4.930434219E0
2.178603517E1,7.826448449E0,-3.211662719E0,4.966692803E0
2.179605817E1,7.803406911E0,-3.219609378E0,4.997704681E0
2.180608117E1,7.785990395E0,-3.227861845E0,5.019499007E0
2.181610517E1,7.774707608E0,-3.236343817E0,5.031510358E0
2.182612817E1,7.768734092E0,-3.244858532E0,5.035250822E0
2.183615117E1,7.764063921E0,-3.250039750E0,5.039114077E0
2.184617417E1,7.758536548E0,-3.248474450E0,5.048625158E0
2.185619692E1,7.753107408E0,-3.241187650E0,5.061632289E0
2.186621992E1,7.747770655E0,-3.231614296E0,5.075905927E0
2.187624292E1,7.739344232E0,-3.221979254E0,5.094849737E0
2.188626692E1,7.725029079E0,-3.212267321E0,5.122632197E0
2.189628992E1,7.705019907E0,-3.200448052E0,5.160028065E0
2.190631292E1,7.682301135E0,-3.185334169E0,5.203075851E0
2.191633592E1,7.659163118E0,-3.170203914E0,5.246249353E0
2.192635892E1,7.636610992E0,-3.159309966E0,5.285548489E0
2.193638192E1,7.614781582E0,-3.154258557E0,5.319948243E0
2.194640592E1,7.595604469E0,-3.153962103E0,5.347468164E0
2.195642892E1,7.584339808E0,-3.155410458E0,5.362581462E0
2.196645192E1,7.584112351E0,-3.154788899E0,5.363267925E0
2.197647492E1,7.592817686E0,-3.150906640E0,5.353222994E0
2.198649792E1,7.605009715E0,-3.147228157E0,5.338059994E0
2.199652092E1,7.613860645E0,-3.147905264E0,5.325029474E0
2.200654492E1,7.615837004E0,-3.153273886E0,5.319021460E0
2.201656792E1,7.611304243E0,-3.162594347E0,5.319974556E0
2.202659092E1,7.604913236E0,-3.175258539E0,5.321573185E0
2.203661392E1,7.602521140E0,-3.189216428E0,5.316641643E0
2.204663692E1,7.605220799E0,-3.201456112E0,5.305411481E0
2.205665992E1,7.611833416E0,-3.211962389E0,5.289554417E0
2.206668392E1,7.621555581E0,-3.223346626E0,5.268588055E0
2.207670692E1,7.634130603E0,-3.238350581E0,5.241110235E0
2.208672992E1,7.649692383E0,-3.257775908E0,5.206265507E0
2.209675292E1,7.667771974E0,-3.279441012E0,5.165911533E0
2.210677592E1,7.687588187E0,-3.298821023E0,5.123951329E0
2.211679892E1,7.707313769E0,-3.312877730E0,5.085101259E0
2.212682192E1,7.721735342E0,-3.323237827E0,5.056380905E0
2.213684592E1,7.725759396E0,-3.333143887E0,5.043698879E0
2.214686892E1,7.719377160E0,-3.343195543E0,5.046817784E0
2.215689192E1,7.705716895E0,-3.352471274E0,5.061518269E0
2.216691492E1,7.690299541E0,-3.360526983E0,5.079591427E0
2.217693792E1,7.678367713E0,-3.367346005E0,5.093107266E0
2.218696092E1,7.669665302E0,-3.372631888E0,5.102713072E0
2.219698492E1,7.663565487E0,-3.376549523E0,5.109283004E0
2.220700792E1,7.660072945E0,-3.379751166E0,5.112404248E0
2.221703092E1,7.656485093E0,-3.384149441E0,5.114868264E0
2.222705392E1,7.650903926E0,-3.391936471E0,5.118059090E0
2.223707692E1,7.644180797E0,-3.404219424E0,5.119950079E0
2.224709992E1,7.637341309E0,-3.419524511E0,5.119958265E0
2.225712392E1,7.630626951E0,-3.435000045E0,5.119610356E0
2.226714692E1,7.625556831E0,-3.448589559E0,5.118029269E0
2.227716992E1,7.624253486E0,-3.460160614E0,5.112156326E0
2.228719292E1,7.624787922E0,-3.471642499E0,5.103567351E0
2.229721592E1,7.623260629E0,-3.486214930E0,5.095911006E0
2.230723892E1,7.618661209E0,-3.504300952E0,5.090381879E0
2.231726292E1,7.610540012E0,-3.523312589E0,5.089406564E0
2.232728592E1,7.600505020E0,-3.541602972E0,5.091707443E0
2.233730892E1,7.589874782E0,-3.559545446E0,5.095050881E0
2.234733192E1,7.579159175E0,-3.576558212E0,5.099087214E0
2.235735492E1,7.569820002E0,-3.592916675E0,5.101457675E0
2.236737792E1,7.563249485E0,-3.610390787E0,5.098866189E0
2.237740092E1,7.560573800E0,-3.628177432E0,5.090201785E0
2.238742492E1,7.563697382E0,-3.643813179E0,5.074366940E0
2.239744792E1,7.572506797E0,-3.656237050E0,5.052243415E0
2.240747092E1,7.585925573E0,-3.666336361E0,5.024720571E0
2.241749392E1,7.601228905E0,-3.674566317E0,4.995497357E0
2.242751692E1,7.614344210E0,-3.680964925E0,4.970749016E0
2.243753992E1,7.620825849E0,-3.684973484E0,4.957829593E0
2.244756392E1,7.616402430E0,-3.686814187E0,4.963256979E0
2.245758692E1,7.602151596E0,-3.688857205E0,4.983544478E0
2.246760992E1,7.581964669E0,-3.693164556E0,5.011032239E0
2.247763292E1,7.557688783E0,-3.699217594E0,5.043136377E0
2.248765592E1,7.531799651E0,-3.706340379E0,5.076527486E0
2.249767892E1,7.507089318E0,-3.714166293E0,5.107316000E0
2.250770292E1,7.487219895E0,-3.721991622E0,5.130732345E0
2.251772592E1,7.476173919E0,-3.730761860E0,5.140462697E0
2.252774892E1,7.473559045E0,-3.740814978E0,5.136956121E0
2.253777192E1,7.476406054E0,-3.751022755E0,5.125357000E0
2.254779492E1,7.481238193E0,-3.759763758E0,5.111884430E0
2.255781792E1,7.482419915E0,-3.765082385E0,5.106237774E0
2.256784092E1,7.473888243E0,-3.766237210E0,5.117864962E0
2.257786492E1,7.451378217E0,-3.765660967E0,5.151005811E0
2.258788792E1,7.412828693E0,-3.766552083E0,5.205685464E0
2.259791092E1,7.362218118E0,-3.768635738E0,5.275532209E0
2.260793392E1,7.310667896E0,-3.768786011E0,5.346633766E0
2.261795692E1,7.267017846E0,-3.764845280E0,5.408557534E0
2.262797992E1,7.232364323E0,-3.757490360E0,5.459877377E0
2.263800392E1,7.202846408E0,-3.746250550E0,5.506424721E0
2.264802692E1,7.179101450E0,-3.727381877E0,5.550064831E0
2.265804992E1,7.160584488E0,-3.706238638E0,5.588015599E0
2.266807292E1,7.140819145E0,-3.691372677E0,5.623038667E0
2.267809592E1,7.116397079E0,-3.682012162E0,5.660015874E0
2.268811892E1,7.090588639E0,-3.672845774E0,5.698232691E0
2.269814192E1,7.072954021E0,-3.661363597E0,5.727462922E0
2.270816592E1,7.072671601E0,-3.648958436E0,5.735723283E0
2.271818892E1,7.091114888E0,-3.634838872E0,5.721899881E0
2.272821192E1,7.119415997E0,-3.616509605E0,5.698321568E0
2.273823492E1,7.146754069E0,-3.595164929E0,5.677569800E0
2.274825792E1,7.164737180E0,-3.575289074E0,5.667446516E0
2.275828092E1,7.168216274E0,-3.559673207E0,5.672873316E0
2.276830492E1,7.158103514E0,-3.546586554E0,5.693802255E0
2.277832792E1,7.139694141E0,-3.531589908E0,5.726144959E0
2.278835092E1,7.118872206E0,-3.510659799E0,5.764808503E0
2.279837392E1,7.102725704E0,-3.483461476E0,5.801110357E0
2.280839692E1,7.090216756E0,-3.452891940E0,5.834592099E0
2.281841992E1,7.075448443E0,-3.424317474E0,5.869256732E0
2.282844392E1,7.056102346E0,-3.400805235E0,5.906101792E0
2.283846692E1,7.036821152E0,-3.379446526E0,5.941262269E0
2.284848992E1,7.024126847E0,-3.355777874E0,5.969631790E0
2.285851358E1,7.020792180E0,-3.328973945E0,5.988532330E0
2.286853658E1,7.026075139E0,-3.301683235E0,5.997438224E0
2.287855958E1,7.036040549E0,-3.276355144E0,5.999644378E0
2.288858258E1,7.044987373E0,-3.251815841E0,6.002494311E0
2.289860658E1,7.055474939E0,-3.224183947E0,6.005082289E0
2.290862958E1,7.073135285E0,-3.194343851E0,6.000252489E0
2.291865258E1,7.092729889E0,-3.162979094E0,5.993734598E0
2.292867558E1,7.109886789E0,-3.130380574E0,5.990520383E0
2.293869858E1,7.127092806E0,-3.098444252E0,5.986675839E0
2.294872158E1,7.145830209E0,-3.068697419E0,5.979658011E0
2.295874558E1,7.166483744E0,-3.041589728E0,5.968781020E0
2.296876858E1,7.189787237E0,-3.016234739E0,5.953602818E0
2.297879158E1,7.217487252E0,-2.989555648E0,5.933510031E0
2.298881458E1,7.248948780E0,-2.960218121E0,5.909818282E0
2.299883758E1,7.282701248E0,-2.929422590E0,5.883608138E0
2.300886058E1,7.318031294E0,-2.898099056E0,5.855215228E0
2.301888358E1,7.354868753E0,-2.868503081E0,5.823546708E0
2.302890758E1,7.390894033E0,-2.842242359E0,5.790721024E0
2.303893058E1,7.423774096E0,-2.819588199E0,5.759653598E0
2.304895358E1,7.453935789E0,-2.798828244E0,5.730750226E0
2.305897658E1,7.482779519E0,-2.775670931E0,5.704362912E0
2.306899958E1,7.515298809E0,-2.746786271E0,5.675522105E0
2.307902258E1,7.555032978E0,-2.716708486E0,5.637116423E0
2.308904658E1,7.596706669E0,-2.689028059E0,5.594218910E0
2.309906958E1,7.636825585E0,-2.664239666E0,5.551289822E0
2.310909258E1,7.675168701E0,-2.642845581E0,5.508471832E0
2.311911558E1,7.710115170E0,-2.624027779E0,5.468520146E0
2.312913858E1,7.743540779E0,-2.607290709E0,5.429153182E0
2.313916158E1,7.778345160E0,-2.593222600E0,5.385967986E0
2.314918558E1,7.811158565E0,-2.582787367E0,5.343324242E0
2.315920858E1,7.837831224E0,-2.576339057E0,5.307256277E0
2.316923158E1,7.856294392E0,-2.573456088E0,5.281292886E0
2.317925458E1,7.865107901E0,-2.572922237E0,5.268420825E0
2.318927758E1,7.867625127E0,-2.572054510E0,5.265084988E0
2.319930058E1,7.872535034E0,-2.571936689E0,5.257797019E0
2.320932358E1,7.883564052E0,-2.579648581E0,5.237455725E0
2.321934758E1,7.895542073E0,-2.599385566E0,5.209577955E0
2.322937058E1,7.902820103E0,-2.627754502E0,5.184247817E0
2.323939358E1,7.907957466E0,-2.657949523E0,5.160970636E0
2.324941658E1,7.913041620E0,-2.681306226E0,5.141057358E0
2.325943958E1,7.913195987E0,-2.687883467E0,5.137384138E0
2.326946258E1,7.905596361E0,-2.682321595E0,5.151970602E0
2.327948658E1,7.879692026E0,-2.684386539E0,5.190436510E0
2.328950958E1,7.824904200E0,-2.703788770E0,5.262747272E0
2.329953258E1,7.748192824E0,-2.738379729E0,5.357507249E0
2.330955558E1,7.666235910E0,-2.778476425E0,5.453898014E0
2.331957858E1,7.598086027E0,-2.813207425E0,5.530918123E0
2.332960158E1,7.566100588E0,-2.835500811E0,5.563287140E0
2.333962458E1,7.574649217E0,-2.844376592E0,5.547099708E0
2.334964858E1,7.598915747E0,-2.843663524E0,5.514177545E0
2.335967158E1,7.613643714E0,-2.840079181E0,5.495678709E0
2.336969458E1,7.610477446E0,-2.839983872E0,5.500110898E0
2.337971758E1,7.589875367E0,-2.842646986E0,5.527137898E0
2.338974058E1,7.562561268E0,-2.844091248E0,5.563714571E0
2.339976358E1,7.541633499E0,-2.842920636E0,5.592643670E0
2.340978758E1,7.528215308E0,-2.836020044E0,5.614183643E0
2.341981058E1,7.523027658E0,-2.820093983E0,5.629140236E0
2.342983358E1,7.534700455E0,-2.798434434E0,5.624336164E0
2.343985658E1,7.559303200E0,-2.776521409E0,5.602140718E0
2.344987958E1,7.586673431E0,-2.754069270E0,5.576162124E0
2.345990258E1,7.616891257E0,-2.728031619E0,5.547694370E0
2.346992558E1,7.650227988E0,-2.697071489E0,5.516876619E0
2.347994958E1,7.683546007E0,-2.659547275E0,5.488718768E0
2.348997258E1,7.719557839E0,-2.616261799E0,5.458910247E0
2.349999558E1,7.758642383E0,-2.569734920E0,5.425498087E0
2.351001858E1,7.797774289E0,-2.518685511E0,5.393241338E0
2.352004158E1,7.841605602E0,-2.456586911E0,5.358218270E0
2.353006458E1,7.888044773E0,-2.380680697E0,5.324210279E0
2.354008858E1,7.925694995E0,-2.297518672E0,5.304797523E0
2.355011158E1,7.947320922E0,-2.214644769E0,5.307686632E0
2.356013458E1,7.949368032E0,-2.133578971E0,5.337742490E0
2.357015758E1,7.935340562E0,-2.055985689E0,5.388822597E0
2.358018058E1,7.917433464E0,-1.984331569E0,5.441762118E0
2.359020358E1,7.901167679E0,-1.919796873E0,5.488353902E0
2.360022658E1,7.879751667E0,-1.858783224E0,5.539902955E0
2.361025058E1,7.857291343E0,-1.798682034E0,5.591405230E0
2.362027358E1,7.843125293E0,-1.740622690E0,5.629540186E0
2.363029658E1,7.837693230E0,-1.691131272E0,5.652145522E0
2.364031958E1,7.836523202E0,-1.655519098E0,5.664297790E0
2.365034258E1,7.833214263E0,-1.629187770E0,5.676495667E0
2.366036558E1,7.828403174E0,-1.599383781E0,5.691589084E0
2.367038958E1,7.831346077E0,-1.556053867E0,5.699545975E0
2.368041258E1,7.844869518E0,-1.504895992E0,5.694682846E0
2.369043558E1,7.855922509E0,-1.456720929E0,5.691972077E0
2.370045858E1,7.849631490E0,-1.416845257E0,5.710686675E0
2.371048158E1,7.821918027E0,-1.381997313E0,5.757064451E0
2.372050458E1,7.785903856E0,-1.346331344E0,5.814050830E0
2.373052758E1,7.758864577E0,-1.304927210E0,5.859461476E0
2.374055158E1,7.743671756E0,-1.260098947E0,5.889294555E0
2.375057458E1,7.730213220E0,-1.218147221E0,5.915742681E0
2.376059758E1,7.711419100E0,-1.180101654E0,5.947897105E0
2.377062058E1,7.692531424E0,-1.144598604E0,5.979210699E0
2.378064358E1,7.679502073E0,-1.112147507E0,6.002039398E0
2.379066658E1,7.672524006E0,-1.083676537E0,6.016153992E0
2.380069058E1,7.667682511E0,-1.057016157E0,6.027060218E0
2.381071358E1,7.665334854E0,-1.027927575E0,6.035072658E0
2.382073658E1,7.662352774E0,-9.902635391E-1,6.045149165E0
2.383075958E1,7.654329810E0,-9.483095475E-1,6.062017213E0
2.384078258E1,7.640875366E0,-9.095028198E-1,6.084893274E0
2.385080558E1,7.621518159E0,-8.767754421E-1,6.113904235E0
2.386082792E1,7.599380600E0,-8.508792935E-1,6.145039489E0
2.387085192E1,7.572451833E0,-8.260021683E-1,6.181568799E0
2.388087492E1,7.538512840E0,-7.978349610E-1,6.226586512E0
2.389089792E1,7.498460582E0,-7.677511096E-1,6.278514465E0
2.390092092E1,7.456810280E0,-7.431251954E-1,6.330864002E0
2.391094392E1,7.418843724E0,-7.293607036E-1,6.376902639E0
2.392096692E1,7.389664949E0,-7.190095970E-1,6.411861972E0
2.393098992E1,7.375558541E0,-7.043101354E-1,6.429711183E0
2.394101392E1,7.384181430E0,-6.849570941E-1,6.421900472E0
2.395103692E1,7.407463288E0,-6.624418786E-1,6.397402977E0
2.396105992E1,7.424512600E0,-6.450046775E-1,6.379394723E0
2.397108292E1,7.419928383E0,-6.361542588E-1,6.385614991E0
2.398110592E1,7.397443500E0,-6.310440847E-1,6.412153164E0
2.399112892E1,7.371143893E0,-6.237222013E-1,6.443082011E0
2.400115292E1,7.351648691E0,-6.135307237E-1,6.466292533E0
2.401117592E1,7.341596158E0,-6.049100640E-1,6.478514383E0
2.402119892E1,7.337811840E0,-6.034580176E-1,6.482936633E0
2.403122192E1,7.338308269E0,-6.061364079E-1,6.482124454E0
2.404124492E1,7.343947908E0,-6.064668121E-1,6.475703627E0
2.405126792E1,7.358444910E0,-6.033357743E-1,6.459518534E0
2.406129092E1,7.378466361E0,-5.975992172E-1,6.437173984E0
2.407131492E1,7.396429008E0,-5.915428174E-1,6.417087629E0
2.408133792E1,7.408976548E0,-5.864573112E-1,6.403064252E0
2.409136092E1,7.418536745E0,-5.852935691E-1,6.392091951E0
2.410138392E1,7.429216100E0,-5.871456016E-1,6.379506989E0
2.411140692E1,7.442938346E0,-5.895339334E-1,6.363270441E0
2.412142992E1,7.458047551E0,-5.938928865E-1,6.345149335E0
2.413145392E1,7.472050463E0,-6.008698573E-1,6.327994773E0
2.414147692E1,7.483989893E0,-6.053513095E-1,6.313442223E0
2.415149992E1,7.494798471E0,-6.074284232E-1,6.300407025E0
2.416152292E1,7.499997815E0,-6.104359021E-1,6.293925971E0
2.417154592E1,7.493880458E0,-6.155615348E-1,6.300709911E0
2.418156892E1,7.478891121E0,-6.182268418E-1,6.318234601E0
2.419159192E1,7.462239420E0,-6.160074580E-1,6.338108118E0
2.420161592E1,7.448454609E0,-6.141532329E-1,6.354482076E0
2.421163892E1,7.438102698E0,-6.155312754E-1,6.366463020E0
2.422166192E1,7.436191828E0,-6.212129418E-1,6.368143510E0
2.423168492E1,7.448615992E0,-6.293452493E-1,6.352805679E0
2.424170792E1,7.477656189E0,-6.386249267E-1,6.317666836E0
2.425173092E1,7.517113785E0,-6.469319929E-1,6.269814978E0
2.426175492E1,7.557171305E0,-6.501725929E-1,6.221136907E0
2.427177792E1,7.591333078E0,-6.469018798E-1,6.179747976E0
2.428180092E1,7.620516531E0,-6.416857979E-1,6.144271749E0
2.429182392E1,7.646341344E0,-6.373128115E-1,6.112559960E0
2.430184692E1,7.667028208E0,-6.364624071E-1,6.086681938E0
2.431186992E1,7.684092722E0,-6.389440385E-1,6.064864222E0
2.432189292E1,7.698440035E0,-6.387434059E-1,6.046661839E0
2.433191692E1,7.702080511E0,-6.308531731E-1,6.042852963E0
2.434193992E1,7.692711518E0,-6.204234946E-1,6.055853662E0
2.435196292E1,7.677329832E0,-6.140949800E-1,6.075984457E0
2.436198592E1,7.662487260E0,-6.145060392E-1,6.094651108E0
2.437200892E1,7.655946565E0,-6.170262623E-1,6.102611507E0
2.438203192E1,7.668181863E0,-6.134386300E-1,6.087591764E0
2.439205492E1,7.703208439E0,-6.012551888E-1,6.044432881E0
2.440207892E1,7.750769691E0,-5.822949342E-1,5.985198832E0
2.441210192E1,7.798261946E0,-5.606290633E-1,5.925277151E0
2.442212492E1,7.839315248E0,-5.412826733E-1,5.872669167E0
2.443214792E1,7.871432249E0,-5.261714580E-1,5.830934665E0
2.444217092E1,7.895218138E0,-5.123576303E-1,5.799924542E0
2.445219392E1,7.914470680E0,-4.966752152E-1,5.774993768E0
2.446221692E1,7.935800738E0,-4.824355275E-1,5.746862814E0
2.447224092E1,7.967228937E0,-4.680916131E-1,5.704407350E0
2.448226392E1,8.020769552E0,-4.530151157E-1,5.630109705E0
2.449228692E1,8.102871476E0,-4.395296092E-1,5.512383619E0
2.450230992E1,8.209127079E0,-4.268491546E-1,5.353888991E0
2.451233292E1,8.331946675E0,-4.145741679E-1,5.161675225E0
2.452235592E1,8.457674090E0,-4.009620326E-1,4.954096146E0
2.453237992E1,8.572206427E0,-3.857327767E-1,4.754426596E0
2.454240292E1,8.669138060E0,-3.706345350E-1,4.576546694E0
2.455242592E1,8.747199558E0,-3.550189974E-1,4.426801548E0
2.456244892E1,8.809168934E0,-3.396586177E-1,4.303404832E0
2.457247192E1,8.860466557E0,-3.235033455E-1,4.198044146E0
2.458249492E1,8.906121032E0,-3.063296895E-1,4.101617128E0
2.459251792E1,8.948508083E0,-2.893876196E-1,4.009557687E0
2.460254192E1,8.991869280E0,-2.746111210E-1,3.912411169E0
2.461256492E1,9.040605823E0,-2.646711833E-1,3.799141831E0
2.462258792E1,9.096048537E0,-2.605890776E-1,3.664712297E0
2.463261092E1,9.158168771E0,-2.611133901E-1,3.506546868E0
2.464263392E1,9.227167670E0,-2.658801316E-1,3.320358950E0
2.465265692E1,9.300423342E0,-2.744314835E-1,3.108522805E0
2.466267992E1,9.372079216E0,-2.853971325E-1,2.884230630E0
2.467270392E1,9.435070100E0,-2.970282677E-1,2.669704473E0
2.468272692E1,9.484394873E0,-3.073736184E-1,2.487546164E0
2.469274992E1,9.519364146E0,-3.149753277E-1,2.349171806E0
2.470277292E1,9.542033216E0,-3.182676756E-1,2.254865573E0
2.471279592E1,9.555713947E0,-3.160795378E-1,2.196480686E0
2.472281892E1,9.564318709E0,-3.087603222E-1,2.159767627E0
2.473284292E1,9.571049439E0,-2.963475604E-1,2.131504379E0
2.474286592E1,9.578808110E0,-2.823655339E-1,2.098286493E0
2.475288892E1,9.589093362E0,-2.724572991E-1,2.052111908E0
2.476291192E1,9.600619394E0,-2.699616892E-1,1.997834106E0
2.477293492E1,9.612568179E0,-2.762244591E-1,1.938647566E0
2.478295792E1,9.625727338E0,-2.899918197E-1,1.870126677E0
2.479298092E1,9.638643252E0,-3.056275302E-1,1.799799583E0
2.480300492E1,9.649544216E0,-3.161942163E-1,1.738513454E0
2.481302792E1,9.659285678E0,-3.183335664E-1,1.683144268E0
2.482305092E1,9.667832553E0,-3.099441275E-1,1.634942892E0
2.483307392E1,9.674471481E0,-2.905732705E-1,1.598835605E0
2.484309692E1,9.679628141E0,-2.700986785E-1,1.570969383E0
2.485311992E1,9.683914735E0,-2.586206855E-1,1.546286239E0
2.486314292E1,9.688354526E0,-2.540020795E-1,1.518998892E0
2.487316692E1,9.693747997E0,-2.440561301E-1,1.485864767E0
2.488318992E1,9.699755427E0,-2.174643638E-1,1.450363982E0
2.489321292E1,9.706729985E0,-1.790535291E-1,1.408351299E0
2.490323592E1,9.715533553E0,-1.481965204E-1,1.350027369E0
2.491325892E1,9.726003578E0,-1.374880484E-1,1.273587304E0
2.492328192E1,9.737016224E0,-1.412387266E-1,1.186025469E0
2.493330492E1,9.747082790E0,-1.473874393E-1,1.099428790E0
2.494332892E1,9.755281756E0,-1.487230530E-1,1.023947375E0
2.495335192E1,9.761886771E0,-1.427071544E-1,9.598395259E-1
2.496337492E1,9.767612949E0,-1.298165015E-1,9.016480357E-1
2.497339792E1,9.772931576E0,-1.108267185E-1,8.447582819E-1
2.498342092E1,9.778322124E0,-8.549239587E-2,7.830859443E-1
2.499344392E1,9.784054735E0,-5.328918457E-2,7.110027122E-1
2.500346792E1,9.789713085E0,-1.732018823E-2,6.303328440E-1
2.501349092E1,9.794362206E0,1.702756021E-2,5.534281442E-1
2.502351392E1,9.797538999E0,4.935527838E-2,4.918316010E-1
2.503353692E1,9.799192007E0,8.367412194E-2,4.527383963E-1
2.504355992E1,9.799648089E0,1.270235241E-1,4.322867363E-1
2.505358292E1,9.799813566E0,1.790380705E-1,4.095011236E-1
2.506360592E1,9.800709359E0,2.293316899E-1,3.600090843E-1
2.507362992E1,9.802645372E0,2.710237811E-1,2.661021431E-1
2.508365292E1,9.804286686E0,3.088122528E-1,1.292728201E-1
2.509367592E1,9.803607239E0,3.530804627E-1,-2.703665038E-2
2.510369892E1,9.799904197E0,4.105280043E-1,-1.715688007E-1
2.511372192E1,9.794115454E0,4.816928215E-1,-2.817335047E-1
2.512374492E1,9.787560725E0,5.634546572E-1,-3.497292772E-1
2.513376792E1,9.780990209E0,6.511223269E-1,-3.799418405E-1
2.514379192E1,9.774309765E0,7.391203643E-1,-3.907405149E-1
2.515381492E1,9.766839947E0,8.243587352E-1,-4.066694998E-1
2.516383792E1,9.757768577E0,9.062810770E-1,-4.480024074E-1
2.517386092E1,9.746141388E0,9.859512907E-1,-5.260150450E-1
2.518388392E1,9.730778414E0,1.064335555E0,-6.443720819E-1
2.519390692E1,9.711304847E0,1.142022905E0,-7.889449275E-1
2.520392992E1,9.688704774E0,1.222481104E0,-9.330701686E-1
2.521395392E1,9.664428304E0,1.311627681E0,-1.055735471E0
2.522397692E1,9.640000391E0,1.412481772E0,-1.145170388E0
2.523399992E1,9.616519727E0,1.522775754E0,-1.199921596E0
2.524402292E1,9.594601439E0,1.636081053E0,-1.225951865E0
2.525404592E1,9.575424326E0,1.743419560E0,-1.227939553E0
2.526406892E1,9.559759051E0,1.838439445E0,-1.211292165E0
2.527409192E1,9.547327870E0,1.921730694E0,-1.179663406E0
2.528411592E1,9.536609339E0,1.999120347E0,-1.136956804E0
2.529413892E1,9.525287375E0,2.077371295E0,-1.090669076E0
2.530416192E1,9.512008933E0,2.160207922E0,-1.044637675E0
2.531418492E1,9.496868738E0,2.246369861E0,-9.997097160E-1
2.532420792E1,9.481865367E0,2.329366848E0,-9.510086954E-1
2.533423092E1,9.469527158E0,2.402043061E0,-8.912589953E-1
2.534425392E1,9.460403747E0,2.463087846E0,-8.185821978E-1
2.535427792E1,9.452537488E0,2.518773512E0,-7.358300630E-1
2.536430092E1,9.443348004E0,2.576713864E0,-6.479251425E-1
2.537432392E1,9.431099841E0,2.641248998E0,-5.605877674E-1
2.538434692E1,9.416832050E0,2.708331472E0,-4.736054279E-1
2.539436992E1,9.403240782E0,2.769008029E0,-3.843917543E-1
2.540439292E1,9.392562597E0,2.816540045E0,-2.880698948E-1
2.541441692E1,9.385447120E0,2.848965780E0,-1.813065526E-1
2.542443992E1,9.379335610E0,2.873696871E0,-7.781910391E-2
2.543446292E1,9.370317450E0,2.904002405E0,-7.317066910E-3
2.544448592E1,9.356179467E0,2.949225355E0,7.691261303E-3
2.545450892E1,9.337447327E0,3.007876729E0,-2.954077987E-2
2.546453192E1,9.316384487E0,3.071136878E0,-9.606912277E-2
2.547455492E1,9.296079445E0,3.129353219E0,-1.617585615E-1
2.548457892E1,9.278825482E0,3.177807925E0,-2.025986951E-1
2.549460192E1,9.264649492E0,3.218578514E0,-2.077257347E-1
2.550462492E1,9.251404379E0,3.257944016E0,-1.828010279E-1
2.551464792E1,9.236104555E0,3.302771402E0,-1.490117776E-1
2.552467092E1,9.217368321E0,3.355822605E0,-1.211717769E-1
2.553469392E1,9.197108889E0,3.411800047E0,-9.447018337E-2
2.554471692E1,9.178943344E0,3.461249658E0,-5.344389824E-2
2.555474092E1,9.165098891E0,3.498102904E0,1.876165937E-2
2.556476392E1,9.154396148E0,3.523738851E0,1.280958578E-1
2.557478692E1,9.142532732E0,3.546370499E0,2.710142976E-1
2.558480992E1,9.124099385E0,3.576915477E0,4.388294417E-1
2.559483292E1,9.097223827E0,3.618816332E0,6.170689470E-1
2.560485592E1,9.063893529E0,3.666552708E0,7.989470284E-1
2.561487892E1,9.026988242E0,3.712846576E0,9.820022274E-1
2.562490292E1,8.989688269E0,3.750719284E0,1.163497755E0
2.563492592E1,8.953624982E0,3.776766876E0,1.343409637E0
2.564494892E1,8.918636413E0,3.793662698E0,1.517286534E0
2.565497192E1,8.883919154E0,3.808731265E0,1.675009476E0
2.566499492E1,8.847736584E0,3.829317557E0,1.813832169E0
2.567501792E1,8.810823696E0,3.855526532E0,1.934011454E0
2.568504092E1,8.775103056E0,3.880005316E0,2.044315231E0
2.569506492E1,8.740256574E0,3.895656265E0,2.160528934E0
2.570508792E1,8.705003711E0,3.901759297E0,2.288075419E0
2.571511092E1,8.665269542E0,3.907895072E0,2.424368899E0
2.572513392E1,8.618922172E0,3.924267569E0,2.559375992E0
2.573515692E1,8.569287497E0,3.949504444E0,2.684179548E0
2.574517992E1,8.520673161E0,3.974469423E0,2.799610602E0
2.575520292E1,8.475805137E0,3.990667965E0,2.910567074E0
2.576522692E1,8.434865271E0,3.995228793E0,3.021142015E0
2.577524992E1,8.395680740E0,3.994662198E0,3.129105589E0
2.578527292E1,8.359351405E0,3.998502941E0,3.220140013E0
2.579529592E1,8.328752341E0,4.012681562E0,3.281213595E0
2.580531892E1,8.304750690E0,4.037662037E0,3.311266822E0
2.581534192E1,8.288649212E0,4.065280191E0,3.317812780E0
2.582536492E1,8.279170876E0,4.088373769E0,3.313099339E0
2.583538892E1,8.272044874E0,4.107975682E0,3.306645767E0
2.584541192E1,8.262668279E0,4.127587244E0,3.305665189E0
2.585543492E1,8.248785235E0,4.150051077E0,3.312207347E0
2.586545846E1,8.231335974E0,4.175036229E0,3.324194723E0
2.587548146E1,8.211488770E0,4.200867766E0,3.340697028E0
2.588550446E1,8.190444641E0,4.226120429E0,3.360448630E0
2.589552746E1,8.170566446E0,4.247763313E0,3.381487789E0
2.590555146E1,8.153505440E0,4.263147629E0,3.403239139E0
2.591557446E1,8.137135575E0,4.275240841E0,3.427161267E0
2.592559746E1,8.117211773E0,4.287946841E0,3.458391246E0
2.593562046E1,8.090976486E0,4.304350327E0,3.499254220E0
2.594564346E1,8.059847079E0,4.326774399E0,3.543163009E0
2.595566646E1,8.027474554E0,4.353105873E0,3.584164270E0
2.596568946E1,7.998979318E0,4.378256794E0,3.617085556E0
2.597571346E1,7.979155503E0,4.396885731E0,3.638211254E0
2.598573646E1,7.968339908E0,4.410422327E0,3.645522905E0
2.599575946E1,7.961684023E0,4.424390156E0,3.643137825E0
2.600578246E1,7.950904680E0,4.448640021E0,3.637142968E0
2.601580546E1,7.931366794E0,4.488202867E0,3.631190794E0
2.602582846E1,7.906342465E0,4.537195225E0,3.624872001E0
2.603585246E1,7.883364662E0,4.587014964E0,3.612193775E0
2.604587546E1,7.869699719E0,4.627395251E0,3.590422253E0
2.605589846E1,7.866663260E0,4.654602930E0,3.561796331E0
2.606592146E1,7.867862524E0,4.675389782E0,3.531795730E0
2.607594446E1,7.860749386E0,4.701826213E0,3.512484423E0
2.608596746E1,7.835045026E0,4.740624243E0,3.517761243E0
2.609599046E1,7.792477881E0,4.787762741E0,3.548338965E0
2.610601346E1,7.744177541E0,4.834691910E0,3.590204736E0
2.611603746E1,7.702169389E0,4.875030681E0,3.625846439E0
2.612606046E1,7.672557335E0,4.905715114E0,3.647177667E0
2.613608346E1,7.653053362E0,4.930680971E0,3.654487271E0
2.614610646E1,7.634078563E0,4.959649832E0,3.654969666E0
2.615612946E1,7.608530908E0,4.995188624E0,3.659840689E0
2.616615246E1,7.578642865E0,5.034612890E0,3.667825062E0
2.617617546E1,7.551319996E0,5.074587965E0,3.669088938E0
2.618619946E1,7.530966423E0,5.109232133E0,3.662838264E0
2.619622246E1,7.515078954E0,5.139876806E0,3.652581079E0
2.620624546E1,7.496722205E0,5.175176446E0,3.640440505E0
2.621626846E1,7.471016675E0,5.222096259E0,3.626256329E0
2.622629146E1,7.436401159E0,5.283150546E0,3.608926936E0
2.623631446E1,7.393594862E0,5.354853782E0,3.591155201E0
2.624633746E1,7.347231120E0,5.428481922E0,3.575733755E0
2.625636146E1,7.303799756E0,5.499119795E0,3.556722410E0
2.626638446E1,7.268033507E0,5.564017457E0,3.528953398E0
2.627640746E1,7.241360264E0,5.625458245E0,3.486121082E0
2.628643046E1,7.220203283E0,5.691439396E0,3.422322112E0
2.629645346E1,7.196633742E0,5.767170779E0,3.344296281E0
2.630647646E1,7.166399544E0,5.849079745E0,3.266049719E0
2.631649946E1,7.132067032E0,5.928849215E0,3.196631574E0
2.632652346E1,7.094202218E0,6.002915311E0,3.142194581E0
2.633654646E1,7.051587126E0,6.071009061E0,3.107101055E0
2.634656946E1,7.006445451E0,6.132328227E0,3.088752200E0
2.635659246E1,6.959770637E0,6.189377171E0,3.080474297E0
2.636661546E1,6.912023444E0,6.243795453E0,3.078156168E0
2.637663846E1,6.864411321E0,6.297198073E0,3.075916392E0
2.638666146E1,6.817741184E0,6.353196858E0,3.064539757E0
2.639668546E1,6.770214431E0,6.415451578E0,3.040111259E0
2.640670846E1,6.720179806E0,6.484810081E0,3.003749764E0
2.641673146E1,6.668795645E0,6.556920283E0,2.961430833E0
2.642675446E1,6.620023434E0,6.626141376E0,2.916442356E0
2.643677746E1,6.576217849E0,6.692507274E0,2.863532071E0
2.644680046E1,6.533626730E0,6.761096867E0,2.799179370E0
2.645682346E1,6.485847377E0,6.837714103E0,2.723149779E0
2.646684746E1,6.430557275E0,6.921394776E0,2.641654503E0
2.647687046E1,6.371729023E0,7.003714802E0,2.566157301E0
2.648689346E1,6.317073929E0,7.078585474E0,2.494856645E0
2.649691646E1,6.271835191E0,7.143950914E0,2.421596003E0
2.650693946E1,6.234843950E0,7.202429502E0,2.342615615E0
2.651696246E1,6.200553539E0,7.259225847E0,2.256738874E0
2.652698546E1,6.163063531E0,7.317190465E0,2.170591846E0
2.653700946E1,6.121905565E0,7.375322898E0,2.088772196E0
2.654703246E1,6.077915792E0,7.434400241E0,2.006171650E0
2.655705546E1,6.032271257E0,7.494323677E0,1.919095500E0
2.656707846E1,5.987676297E0,7.552948446E0,1.826688589E0
2.657710146E1,5.948071936E0,7.607561440E0,1.726716257E0
2.658712446E1,5.917485736E0,7.654086565E0,1.623091902E0
2.659714746E1,5.895306662E0,7.691464891E0,1.524077637E0
2.660717146E1,5.879094087E0,7.722177976E0,1.428391607E0
2.661719446E1,5.865046152E0,7.749010849E0,1.337968949E0
2.662721746E1,5.846439142E0,7.776813775E0,1.255549959E0
2.663724046E1,5.822603552E0,7.806494241E0,1.179842477E0
2.664726346E1,5.797126649E0,7.835264881E0,1.112680554E0
2.665728646E1,5.771276693E0,7.862316440E0,1.054738666E0
2.666730946E1,5.744394119E0,7.888838241E0,1.002133168E0
2.667733346E1,5.717903309E0,7.914327423E0,9.513662526E-1
2.668735646E1,5.699055394E0,7.933484656E0,9.037017240E-1
2.669737946E1,5.695128404E0,7.941099485E0,8.605598706E-1
2.670740246E1,5.704516693E0,7.938584597E0,8.206413679E-1
2.671742546E1,5.718412601E0,7.932170786E0,7.851839983E-1
2.672744846E1,5.729415307E0,7.927228720E0,7.542720350E-1
2.673747146E1,5.732352948E0,7.928306946E0,7.198507190E-1
2.674749546E1,5.723537101E0,7.938386377E0,6.776806728E-1
2.675751846E1,5.703869407E0,7.956460120E0,6.298714256E-1
2.676754146E1,5.678481381E0,7.978625160E0,5.766028525E-1
2.677756446E1,5.650189628E0,8.002656632E0,5.186097291E-1
2.678758746E1,5.618026434E0,8.028538163E0,4.652489892E-1
2.679761046E1,5.585509483E0,8.053649615E0,4.205936206E-1
2.680763346E1,5.557030619E0,8.075258585E0,3.817338293E-1
2.681765746E1,5.535591218E0,8.091506828E0,3.476291035E-1
2.682768046E1,5.523619044E0,8.100897456E0,3.181089237E-1
2.683770346E1,5.521097724E0,8.103690671E0,2.894326615E-1
2.684772646E1,5.521163213E0,8.104654292E0,2.596152055E-1
2.685774946E1,5.515306057E0,8.109589342E0,2.281324260E-1
2.686777192E1,5.504434914E0,8.117843857E0,1.946757727E-1
2.687779492E1,5.495144858E0,8.124857592E0,1.617675151E-1
2.688781892E1,5.488679007E0,8.129816031E0,1.287663233E-1
2.689784192E1,5.483991294E0,8.133457677E0,9.376092525E-2
2.690786492E1,5.479457363E0,8.136859587E0,5.611675645E-2
2.691788792E1,5.473035951E0,8.141350833E0,2.004832775E-2
2.692791092E1,5.467382863E0,8.145163218E0,-1.155410612E-2
2.693793392E1,5.467267672E0,8.145143922E0,-4.145745333E-2
2.694795692E1,5.475008801E0,8.139715952E0,-7.347421611E-2
2.695798092E1,5.489577724E0,8.129512560E0,-1.079816095E-1
2.696800392E1,5.507083703E0,8.117102430E0,-1.441384066E-1
2.697802692E1,5.525770819E0,8.103750313E0,-1.765707099E-1
2.698804992E1,5.546792144E0,8.088846930E0,-1.993568891E-1
2.699807292E1,5.571157492E0,8.071757857E0,-2.122442255E-1
2.700809592E1,5.599866151E0,8.051752194E0,-2.165227611E-1
2.701811892E1,5.631744002E0,8.029516987E0,-2.154020874E-1
2.702814292E1,5.664355093E0,8.006554386E0,-2.151164143E-1
2.703816592E1,5.698874130E0,7.981885568E0,-2.200199442E-1
2.704818892E1,5.736321453E0,7.954707125E0,-2.309837842E-1
2.705821192E1,5.777694597E0,7.924213310E0,-2.473449697E-1
2.706823492E1,5.822986545E0,7.890347407E0,-2.670804919E-1
2.707825792E1,5.873166765E0,7.852458619E0,-2.844476178E-1
2.708828092E1,5.926957056E0,7.811719898E0,-2.903986398E-1
2.709830392E1,5.981453106E0,7.770281265E0,-2.847105780E-1
2.710832792E1,6.036926225E0,7.727687808E0,-2.728971193E-1
2.711835092E1,6.092028632E0,7.684706095E0,-2.619011014E-1
2.712837392E1,6.141704822E0,7.645222186E0,-2.571666840E-1
2.713839692E1,6.186320246E0,7.609184627E0,-2.565767547E-1
2.714841992E1,6.230730434E0,7.572944754E0,-2.541660025E-1
2.715844292E1,6.277474830E0,7.534503989E0,-2.462890356E-1
2.716846592E1,6.327158037E0,7.493324388E0,-2.308131186E-1
2.717848992E1,6.380477042E0,7.448592603E0,-2.100003016E-1
2.718851292E1,6.434698858E0,7.402334111E0,-1.902689455E-1
2.719853592E1,6.485619335E0,7.358147871E0,-1.746627817E-1
2.720855892E1,6.533395180E0,7.316022191E0,-1.632902214E-1
2.721858192E1,6.578902305E0,7.275391644E0,-1.510931397E-1
2.722860492E1,6.621486992E0,7.237060806E0,-1.302442436E-1
2.723862792E1,6.658897478E0,7.203149879E0,-9.909067146E-2
2.724865192E1,6.688427671E0,7.176193630E0,-5.722515099E-2
2.725867492E1,6.710655861E0,7.155637743E0,-7.593893742E-3
2.726869792E1,6.730730522E0,7.136638386E0,4.210320064E-2
2.727872092E1,6.751462410E0,7.116635061E0,8.598394571E-2
2.728874392E1,6.771307860E0,7.097272591E0,1.191979396E-1
2.729876692E1,6.791087236E0,7.078001338E0,1.383308149E-1
2.730878992E1,6.812485707E0,7.057343709E0,1.414955199E-1
2.731881392E1,6.837603006E0,7.033225114E0,1.304055902E-1
2.732883692E1,6.868669848E0,7.003255795E0,1.090187503E-1
2.733885992E1,6.906968526E0,6.965873961E0,8.060248819E-2
2.734888292E1,6.953300108E0,6.919944082E0,4.606700529E-2
2.735890592E1,7.009186041E0,6.863484537E0,2.981560072E-3
2.736892892E1,7.076284595E0,6.794079257E0,-5.282561000E-2
2.737895192E1,7.155138976E0,6.709969983E0,-1.279910464E-1
2.738897492E1,7.245694805E0,6.609446990E0,-2.262661592E-1
2.739899892E1,7.347107744E0,6.491264237E0,-3.458606862E-1
2.740902192E1,7.455640252E0,6.357512687E0,-4.812097684E-1
2.741904492E1,7.565374364E0,6.213855370E0,-6.238893586E-1
2.742906792E1,7.672700007E0,6.064645536E0,-7.654224560E-1
2.743909092E1,7.777356396E0,5.910001885E0,-9.059214733E-1
2.744911392E1,7.880708272E0,5.749441436E0,-1.036559161E0
2.745913692E1,7.986247006E0,5.580440531E0,-1.146576424E0
2.746916092E1,8.097520689E0,5.399528849E0,-1.229375044E0
2.747918392E1,8.217294470E0,5.201739178E0,-1.286125927E0
2.748920692E1,8.345522155E0,4.984412790E0,-1.320603011E0
2.749922992E1,8.478541633E0,4.749773381E0,-1.337936204E0
2.750925292E1,8.612040583E0,4.501418744E0,-1.343900072E0
2.751927592E1,8.743768412E0,4.238329123E0,-1.348762032E0
2.752929892E1,8.872976090E0,3.955383819E0,-1.364302908E0
2.753932292E1,8.999094100E0,3.646160836E0,-1.399254201E0
2.754934592E1,9.120262442E0,3.303733854E0,-1.463651926E0
2.755936892E1,9.232693874E0,2.921198189E0,-1.568471598E0
2.756939192E1,9.331057490E0,2.496089239E0,-1.713766721E0
2.757941492E1,9.410807079E0,2.034830901E0,-1.879429304E0
2.758943792E1,9.471085441E0,1.547342392E0,-2.034791286E0
2.759946092E1,9.511514844E0,1.042352510E0,-2.163495958E0
2.760948492E1,9.532682349E0,5.270359689E-1,-2.255282041E0
2.761950792E1,9.536538588E0,8.434758756E-3,-2.300098025E0
2.762953092E1,9.524555304E0,-5.050882256E-1,-2.294308697E0
2.763955392E1,9.498783116E0,-1.003655271E0,-2.236493036E0
2.764957692E1,9.462293567E0,-1.476678060E0,-2.126158124E0
2.765959992E1,9.418868635E0,-1.917002635E0,-1.961157445E0
2.766962292E1,9.370433224E0,-2.320909435E0,-1.744838679E0
2.767964592E1,9.315667618E0,-2.688752655E0,-1.491648833E0
2.768966992E1,9.252684919E0,-3.023985223E0,-1.216308564E0
2.769969292E1,9.179752598E0,-3.331724475E0,-9.315951354E-1
2.770971592E1,9.095350964E0,-3.617964393E0,-6.488609163E-1
2.771973892E1,8.998515810E0,-3.888073888E0,-3.816924237E-1
2.772976192E1,8.890218945E0,-4.144776303E0,-1.447017492E-1
2.773978492E1,8.773647684E0,-4.388318098E0,4.316089343E-2
2.774980792E1,8.653216676E0,-4.618488772E0,1.658097501E-1
2.775983192E1,8.533254030E0,-4.833939665E0,2.295571367E-1
2.776985492E1,8.417272169E0,-5.031937789E0,2.553922733E-1
2.777987792E1,8.307553260E0,-5.211056716E0,2.560101230E-1
2.778990092E1,8.205034028E0,-5.371731770E0,2.408883828E-1
2.779992392E1,8.108712845E0,-5.516902932E0,2.206066027E-1
2.780994692E1,8.017037859E0,-5.649957494E0,2.029415794E-1
2.781996992E1,7.929499193E0,-5.772543785E0,1.919870950E-1
2.782999392E1,7.847238809E0,-5.884075330E0,1.859995645E-1
2.784001692E1,7.772941748E0,-5.981816218E0,1.880681266E-1
2.785003992E1,7.709602954E0,-6.062599010E0,2.074222460E-1
2.786006429E1,7.658745042E0,-6.125068324E0,2.515360346E-1
2.787008729E1,7.618574671E0,-6.171483521E0,3.258757437E-1
2.788011029E1,7.585907446E0,-6.205345332E0,4.287202636E-1
2.789013329E1,7.557988161E0,-6.229678520E0,5.514059212E-1
2.790015629E1,7.533207076E0,-6.245843732E0,6.901743454E-1
2.791018029E1,7.511427367E0,-6.252645214E0,8.479185558E-1
2.792020329E1,7.495730517E0,-6.246762330E0,1.013951998E0
2.793022629E1,7.490590814E0,-6.228961651E0,1.152046860E0
2.794024929E1,7.497008718E0,-6.207840339E0,1.222159507E0
2.795027229E1,7.510238044E0,-6.195698011E0,1.202390290E0
2.796029529E1,7.526576334E0,-6.197166831E0,1.087138746E0
2.797031829E1,7.547722204E0,-6.203080121E0,8.887006923E-1
2.798034229E1,7.578713032E0,-6.194737313E0,6.514965487E-1
2.799036529E1,7.621588910E0,-6.161540916E0,4.276419274E-1
2.800038829E1,7.671018348E0,-6.109817616E0,2.483867608E-1
2.801041129E1,7.718380210E0,-6.053914141E0,1.133345527E-1
2.802043429E1,7.756191815E0,-6.006438258E0,1.714013396E-2
2.803045729E1,7.778823463E0,-5.977081143E0,-2.292906133E-2
2.804048029E1,7.779435666E0,-5.976318081E0,1.101139315E-2
2.805050429E1,7.747768900E0,-6.016960908E0,6.611176305E-2
2.806052729E1,7.690587809E0,-6.089440654E0,9.822019463E-2
2.807055029E1,7.634475589E0,-6.159067544E0,1.295417737E-1
2.808057329E1,7.599439073E0,-6.200502083E0,1.959105036E-1
2.809059629E1,7.590865885E0,-6.205879768E0,3.192218681E-1
2.810061929E1,7.602441033E0,-6.180543782E0,4.897723213E-1
2.811064229E1,7.624197938E0,-6.135726628E0,6.786492641E-1
2.812066529E1,7.647275144E0,-6.084857606E0,8.542836155E-1
2.813068929E1,7.664965310E0,-6.042020904E0,9.891391926E-1
2.814071229E1,7.673715084E0,-6.017857870E0,1.065633272E0
2.815073529E1,7.674709695E0,-6.014779896E0,1.075806331E0
2.816075829E1,7.670443566E0,-6.029188605E0,1.024339650E0
2.817078129E1,7.662272667E0,-6.055035052E0,9.285726365E-1
2.818080429E1,7.651503850E0,-6.085717732E0,8.090992565E-1
2.819082729E1,7.639578454E0,-6.115492339E0,6.882500998E-1
2.820085129E1,7.627503369E0,-6.141216579E0,5.854479356E-1
2.821087429E1,7.615986108E0,-6.161790007E0,5.150012296E-1
2.822089729E1,7.606692544E0,-6.175703457E0,4.847828557E-1
2.823092029E1,7.601658676E0,-6.180815093E0,4.984146157E-1
2.824094329E1,7.601523605E0,-6.176309229E0,5.533280106E-1
2.825096629E1,7.604032061E0,-6.165453873E0,6.340318657E-1
2.826098929E1,7.606521220E0,-6.152971821E0,7.196508904E-1
2.827101229E1,7.607774279E0,-6.141977887E0,7.962221528E-1
2.828103629E1,7.607178447E0,-6.134454274E0,8.575395644E-1
2.829105929E1,7.605096254E0,-6.131166970E0,8.985553703E-1
2.830108229E1,7.601923555E0,-6.132474407E0,9.163043741E-1
2.831110529E1,7.597857401E0,-6.138587086E0,9.090873020E-1
2.832112829E1,7.593542156E0,-6.149437764E0,8.710012436E-1
2.833115129E1,7.589491205E0,-6.163910792E0,8.012074888E-1
2.834117429E1,7.585351961E0,-6.180147341E0,7.101529656E-1
2.835119829E1,7.580170158E0,-6.196986153E0,6.119345800E-1
2.836122129E1,7.573180397E0,-6.214083411E0,5.178968439E-1
2.837124429E1,7.565888334E0,-6.228942940E0,4.401193374E-1
2.838126729E1,7.563623707E0,-6.234624095E0,3.964109619E-1
2.839129029E1,7.571340278E0,-6.225093133E0,3.989161284E-1
2.840131329E1,7.589093009E0,-6.200884491E0,4.367892385E-1
2.841133629E1,7.616491892E0,-6.163399746E0,4.874761563E-1
2.842135929E1,7.656472814E0,-6.108383294E0,5.497111788E-1
2.843138329E1,7.710608675E0,-6.031894112E0,6.315711381E-1
2.844140629E1,7.777195598E0,-5.934225145E0,7.323250958E-1
2.845142929E1,7.854268332E0,-5.817469112E0,8.388159028E-1
2.846145229E1,7.941322263E0,-5.683743290E0,9.309088916E-1
2.847147529E1,8.038625194E0,-5.534580234E0,9.924778066E-1
2.848149829E1,8.146486443E0,-5.371100855E0,1.011003905E0
2.849152129E1,8.265027046E0,-5.193061910E0,9.785292006E-1
2.850154529E1,8.393596208E0,-4.998035633E0,8.962742253E-1
2.851156829E1,8.530394742E0,-4.782436220E0,7.725105970E-1
2.852159129E1,8.672965647E0,-4.542738678E0,6.158877363E-1
2.853161429E1,8.817777205E0,-4.277400510E0,4.321731906E-1
2.854163729E1,8.959958101E0,-3.988171788E0,2.230981012E-1
2.855166029E1,9.092218611E0,-3.683420756E0,-8.954953670E-3
2.856168329E1,9.209783898E0,-3.368680048E0,-2.607300503E-1
2.857170629E1,9.309504068E0,-3.048367528E0,-5.260394206E-1
2.858173029E1,9.390720724E0,-2.722586984E0,-7.987423027E-1
2.859175329E1,9.454484611E0,-2.386763555E0,-1.073395670E0
2.860177629E1,9.502001424E0,-2.032355190E0,-1.348192513E0
2.861179929E1,9.532734974E0,-1.647163865E0,-1.627865130E0
2.862182229E1,9.544290242E0,-1.219080071E0,-1.912184091E0
2.863184529E1,9.532319237E0,-7.463490578E-1,-2.194067394E0
2.864186829E1,9.492081622E0,-2.403521931E-1,-2.465510347E0
2.865189229E1,9.421284705E0,2.825770752E-1,-2.719495269E0
2.866191529E1,9.321649904E0,8.082791846E-1,-2.947817053E0
2.867193829E1,9.198641444E0,1.326013878E0,-3.140509999E0
2.868196129E1,9.056320800E0,1.829787028E0,-3.297123577E0
2.869198429E1,8.891996498E0,2.321200042E0,-3.432274073E0
2.870200729E1,8.700347573E0,2.807180992E0,-3.558056452E0
2.871203029E1,8.479887663E0,3.290331743E0,-3.674417213E0
2.872205429E1,8.233627498E0,3.765730256E0,-3.776601692E0
2.873207729E1,7.967225429E0,4.225560265E0,-3.860577942E0
2.874210029E1,7.687601051E0,4.662275939E0,-3.924293296E0
2.875212329E1,7.400723203E0,5.070830544E0,-3.968884748E0
2.876214629E1,7.109006199E0,5.450742272E0,-3.998442715E0
2.877216929E1,6.816087592E0,5.797944090E0,-4.020064549E0
2.878219229E1,6.518597631E0,6.112061777E0,-4.048046400E0
2.879221629E1,6.218158336E0,6.386756367E0,-4.096332999E0
2.880223929E1,5.927252925E0,6.612304525E0,-4.169080255E0
2.881226229E1,5.666134985E0,6.782926278E0,-4.257105117E0
2.882228529E1,5.455756844E0,6.902540429E0,-4.338860886E0
2.883230829E1,5.307243413E0,6.987993978E0,-4.386022481E0
2.884233129E1,5.211436785E0,7.060784796E0,-4.384331759E0
2.885235429E1,5.146646712E0,7.124189079E0,-4.358214585E0
2.886237721E1,5.096628460E0,7.171423472E0,-4.339487123E0
2.887240021E1,5.040602193E0,7.206472852E0,-4.346856954E0
2.888242321E1,4.963891987E0,7.239185684E0,-4.380645966E0
2.889244621E1,4.876140190E0,7.268042863E0,-4.431125564E0
2.890246921E1,4.803396734E0,7.291052241E0,-4.472592555E0
2.891249221E1,4.754492377E0,7.316377702E0,-4.483473639E0
2.892251521E1,4.723567623E0,7.344529122E0,-4.470113628E0
2.893253821E1,4.716598326E0,7.368530188E0,-4.437856001E0
2.894256221E1,4.743675028E0,7.389315870E0,-4.373973708E0
2.895258521E1,4.811323512E0,7.408251493E0,-4.266736943E0
2.896260821E1,4.920219133E0,7.424260000E0,-4.111924599E0
2.897263121E1,5.046555828E0,7.446361306E0,-3.914089320E0
2.898265421E1,5.160993440E0,7.482973647E0,-3.688542332E0
2.899267721E1,5.254309155E0,7.525919691E0,-3.462493653E0
2.900270021E1,5.333653532E0,7.560187883E0,-3.260645429E0
2.901272421E1,5.408566305E0,7.578428857E0,-3.090460464E0
2.902274721E1,5.478941638E0,7.587084491E0,-2.941673384E0
2.903277021E1,5.536838429E0,7.595994478E0,-2.807207304E0
2.904279321E1,5.588243641E0,7.602472608E0,-2.685150478E0
2.905281621E1,5.647125102E0,7.597621173E0,-2.573374811E0
2.906283921E1,5.720588350E0,7.576387010E0,-2.471708688E0
2.907286221E1,5.797219620E0,7.544786902E0,-2.388419779E0
2.908288621E1,5.863576747E0,7.511444909E0,-2.330829821E0
2.909290921E1,5.912533729E0,7.485112558E0,-2.291542087E0
2.910293221E1,5.940306249E0,7.473911047E0,-2.255991308E0
2.911295521E1,5.943090109E0,7.485381530E0,-2.210164048E0
2.912297821E1,5.922243615E0,7.519020562E0,-2.151150147E0
2.913300121E1,5.890175731E0,7.561752598E0,-2.088496646E0
2.914302421E1,5.862329535E0,7.598010598E0,-2.034560029E0
2.915304721E1,5.848235992E0,7.618967603E0,-1.996391451E0
2.916307121E1,5.848818959E0,7.624893757E0,-1.971909159E0
2.917309421E1,5.855874209E0,7.624451122E0,-1.952582504E0
2.918311721E1,5.858428273E0,7.629043525E0,-1.926806808E0
2.919314021E1,5.854115367E0,7.641913832E0,-1.888536050E0
2.920316321E1,5.846331553E0,7.659276554E0,-1.841729381E0
2.921318621E1,5.831161537E0,7.682443807E0,-1.792682206E0
2.922320921E1,5.804267853E0,7.712466336E0,-1.750554186E0
2.923323321E1,5.773108041E0,7.742912788E0,-1.718898530E0
2.924325621E1,5.743980721E0,7.770478901E0,-1.691885709E0
2.925327921E1,5.714507246E0,7.797134019E0,-1.668891972E0
2.926330221E1,5.683902919E0,7.823287445E0,-1.650920263E0
2.927332521E1,5.655508840E0,7.846396226E0,-1.638720047E0
2.928334821E1,5.629417394E0,7.866358620E0,-1.632848273E0
2.929337121E1,5.600423976E0,7.887489288E0,-1.630601773E0
2.930339521E1,5.566782020E0,7.911825399E0,-1.627904014E0
2.931341821E1,5.533790275E0,7.936184315E0,-1.621803468E0
2.932344121E1,5.502676072E0,7.959884834E0,-1.611490295E0
2.933346421E1,5.469044057E0,7.985356475E0,-1.599915585E0
2.934348721E1,5.430068856E0,8.014504260E0,-1.586879364E0
2.935351021E1,5.388804470E0,8.045908486E0,-1.568523639E0
2.936353321E1,5.350397619E0,8.076399377E0,-1.543095706E0
2.937355621E1,5.316952130E0,8.104558398E0,-1.510715726E0
2.938358021E1,5.289120553E0,8.128788090E0,-1.477873962E0
2.939360321E1,5.265878456E0,8.149504191E0,-1.446452779E0
2.940362621E1,5.243017012E0,8.169574758E0,-1.415958234E0
2.941364921E1,5.219231123E0,8.190441717E0,-1.382898661E0
2.942367221E1,5.194403261E0,8.213024833E0,-1.341829134E0
2.943369521E1,5.171149469E0,8.235390433E0,-1.293699241E0
2.944371821E1,5.154296624E0,8.254144208E0,-1.240330972E0
2.945374221E1,5.146639695E0,8.267541933E0,-1.181508714E0
2.946376521E1,5.147616765E0,8.275621031E0,-1.119042690E0
2.947378821E1,5.155179554E0,8.279486040E0,-1.053714161E0
2.948381121E1,5.168651538E0,8.279914641E0,-9.819231438E-1
2.949383421E1,5.187398881E0,8.277227261E0,-9.025209519E-1
2.950385721E1,5.208822495E0,8.272949438E0,-8.139903793E-1
2.951388021E1,5.231794451E0,8.266829742E0,-7.238338423E-1
2.952390421E1,5.259033120E0,8.256608225E0,-6.380203977E-1
2.953392721E1,5.291463532E0,8.241786118E0,-5.563309944E-1
2.954395021E1,5.327400520E0,8.223389023E0,-4.803576463E-1
2.955397321E1,5.362010774E0,8.204723541E0,-4.092149389E-1
2.956399621E1,5.395615892E0,8.185500820E0,-3.478624805E-1
2.957401921E1,5.434983441E0,8.161482212E0,-2.953816918E-1
2.958404221E1,5.483169760E0,8.130718841E0,-2.497472434E-1
2.959406521E1,5.540038610E0,8.093189657E0,-2.106315268E-1
2.960408921E1,5.602914889E0,8.050674552E0,-1.734670261E-1
2.961411221E1,5.664535187E0,8.008128456E0,-1.379791597E-1
2.962413521E1,5.718423711E0,7.970221542E0,-1.063388800E-1
2.963415821E1,5.760717207E0,7.940027690E0,-7.866062787E-2
2.964418121E1,5.792257088E0,7.917233489E0,-5.731835470E-2
2.965420421E1,5.816478009E0,7.899541569E0,-4.416586535E-2
2.966422721E1,5.837812745E0,7.883810804E0,-3.992428141E-2
2.967425121E1,5.862617803E0,7.865347636E0,-4.615482773E-2
2.968427421E1,5.896931604E0,7.839532179E0,-6.350952824E-2
2.969429721E1,5.941596730E0,7.805485597E0,-8.894175975E-2
2.970432021E1,5.993062752E0,7.765601739E0,-1.214054736E-1
2.971434321E1,6.047061789E0,7.722859762E0,-1.630395951E-1
2.972436621E1,6.099867994E0,7.680076854E0,-2.100853238E-1
2.973438921E1,6.148804511E0,7.639440460E0,-2.593658035E-1
2.974441321E1,6.193625173E0,7.601194407E0,-3.113690574E-1
2.975443621E1,6.234479669E0,7.565390151E0,-3.636417767E-1
2.976445921E1,6.271796599E0,7.532003134E0,-4.118418005E-1
2.977448221E1,6.305492933E0,7.501417519E0,-4.534193411E-1
2.978450521E1,6.337916329E0,7.471663962E0,-4.910842903E-1
2.979452821E1,6.374033995E0,7.438502648E0,-5.258218676E-1
2.980455121E1,6.417251936E0,7.398990673E0,-5.567168375E-1
2.981457421E1,6.466064492E0,7.354520259E0,-5.806416705E-1
2.982459821E1,6.514588780E0,7.310260929E0,-5.969199169E-1
2.983462121E1,6.556871166E0,7.271489212E0,-6.074447954E-1
2.984464421E1,6.589337831E0,7.241488903E0,-6.144561917E-1
2.985466721E1,6.610870203E0,7.221294374E0,-6.207996898E-1
2.986469021E1,6.621363031E0,7.211256459E0,-6.256517094E-1
2.987471321E1,6.620318719E0,7.212098458E0,-6.269967882E-1
2.988473621E1,6.607744866E0,7.223874165E0,-6.240508148E-1
2.989476021E1,6.585234840E0,7.244855145E0,-6.187698289E-1
2.990478321E1,6.554327627E0,7.273225250E0,-6.140984883E-1
2.991480621E1,6.515288692E0,7.308597397E0,-6.095103975E-1
2.992482921E1,6.468085874E0,7.350989710E0,-6.023959440E-1
2.993485221E1,6.413051296E0,7.399759582E0,-5.936630543E-1
2.994487521E1,6.349406108E0,7.454760246E0,-5.896611103E-1
2.995489821E1,6.277694685E0,7.514573754E0,-5.981847793E-1
2.996492121E1,6.199933734E0,7.576731995E0,-6.245620807E-1
2.997494521E1,6.116740134E0,7.640445596E0,-6.672405423E-1
2.998496821E1,6.028024424E0,7.705333318E0,-7.258556633E-1
2.999499121E1,5.935150174E0,7.770032174E0,-7.979320979E-1
3.000501421E1,5.838898573E0,7.834212382E0,-8.766247302E-1
3.001503721E1,5.738580818E0,7.899049818E0,-9.538297576E-1
3.002506021E1,5.633304623E0,7.965769472E0,-1.023959727E0
3.003508321E1,5.523503269E0,8.034348541E0,-1.084567214E0
3.004510721E1,5.413521236E0,8.101455281E0,-1.138572682E0
3.005513021E1,5.306861590E0,8.164862487E0,-1.186738756E0
3.006515321E1,5.202917392E0,8.225865903E0,-1.225113667E0
3.007517621E1,5.102111979E0,8.284409396E0,-1.254244130E0
3.008519921E1,5.007126884E0,8.340545590E0,-1.264946288E0
3.009522221E1,4.923464338E0,8.392764149E0,-1.247857801E0
3.010524521E1,4.866215126E0,8.426793190E0,-1.243079748E0
3.011526821E1,4.847627120E0,8.432738054E0,-1.274963592E0
3.012529221E1,4.862348947E0,8.414290089E0,-1.339164266E0
3.013531521E1,4.894442560E0,8.377636233E0,-1.447667831E0
3.014533821E1,4.933318065E0,8.328213227E0,-1.593526625E0
3.015536121E1,4.976101558E0,8.272161818E0,-1.745234828E0
3.016538421E1,5.021201132E0,8.216695715E0,-1.873385915E0
3.017540721E1,5.063594030E0,8.167300192E0,-1.972649855E0
3.018543021E1,5.095627416E0,8.131364958E0,-2.037543717E0
3.019545421E1,5.115047189E0,8.114810321E0,-2.054809960E0
3.020547721E1,5.129334276E0,8.110432511E0,-2.036396347E0
3.021550021E1,5.149701297E0,8.107190815E0,-1.997529466E0
3.022552321E1,5.184776405E0,8.097483267E0,-1.945497286E0
3.023554621E1,5.239184747E0,8.076297635E0,-1.886927627E0
3.024556921E1,5.309232051E0,8.043708179E0,-1.829455052E0
3.025559221E1,5.387756065E0,8.001031691E0,-1.786525088E0
3.026561521E1,5.468059385E0,7.947973471E0,-1.779373066E0
3.027563921E1,5.545994584E0,7.888779768E0,-1.801447474E0
3.028566221E1,5.621811921E0,7.826278880E0,-1.838673334E0
3.029568521E1,5.695092736E0,7.760411750E0,-1.891575141E0
3.030570821E1,5.764033163E0,7.695212957E0,-1.948264627E0
3.031573121E1,5.829592729E0,7.632771125E0,-1.998182015E0
3.032575421E1,5.897247353E0,7.571271865E0,-2.033317641E0
3.033577721E1,5.972085866E0,7.508302031E0,-2.048342647E0
3.034580121E1,6.053275625E0,7.445338043E0,-2.039825446E0
3.035582421E1,6.136474487E0,7.387986213E0,-1.999354528E0
3.036584721E1,6.217492923E0,7.340151896E0,-1.923810402E0
3.037587021E1,6.294929938E0,7.300706579E0,-1.819240844E0
3.038589321E1,6.369632796E0,7.264712289E0,-1.699358743E0
3.039591621E1,6.442619496E0,7.226830518E0,-1.581670226E0
3.040593921E1,6.515707937E0,7.182526165E0,-1.480871976E0
3.041596221E1,6.588473613E0,7.131449566E0,-1.403763427E0
3.042598621E1,6.659269361E0,7.076748864E0,-1.345317583E0
3.043600921E1,6.724971600E0,7.022334090E0,-1.302961669E0
3.044603221E1,6.783367742E0,6.971239366E0,-1.274312651E0
3.045605521E1,6.833433357E0,6.925189619E0,-1.257797483E0
3.046607821E1,6.876673517E0,6.882977400E0,-1.253833070E0
3.047610121E1,6.915911257E0,6.843097050E0,-1.256312290E0
3.048612421E1,6.953952658E0,6.804537002E0,-1.255762652E0
3.049614821E1,6.993680395E0,6.765077067E0,-1.248300289E0
3.050617121E1,7.034416777E0,6.724751744E0,-1.237262061E0
3.051619421E1,7.073007815E0,6.686445465E0,-1.224799891E0
3.052621721E1,7.106879566E0,6.653339700E0,-1.208898461E0
3.053624021E1,7.135575362E0,6.626494548E0,-1.187116267E0
3.054626321E1,7.162583066E0,6.602580020E0,-1.157334497E0
3.055628621E1,7.191541402E0,6.577183809E0,-1.121814782E0
3.056630921E1,7.224519698E0,6.547926096E0,-1.080318188E0
3.057633321E1,7.261515616E0,6.514047328E0,-1.036184940E0
3.058635621E1,7.301421109E0,6.476014114E0,-9.932913736E-1
3.059637921E1,7.342847462E0,6.435210489E0,-9.522341987E-1
3.060640221E1,7.384139330E0,6.392853844E0,-9.176105690E-1
3.061642521E1,7.424249475E0,6.349962763E0,-8.914145312E-1
3.062644821E1,7.463233446E0,6.306715001E0,-8.726950358E-1
3.063647121E1,7.502112753E0,6.261487373E0,-8.649827776E-1
3.064649421E1,7.542586595E0,6.212174295E0,-8.685726026E-1
3.065651821E1,7.586221442E0,6.157814485E0,-8.755796865E-1
3.066654121E1,7.632627284E0,6.099766837E0,-8.785985309E-1
3.067656421E1,7.679626034E0,6.041469512E0,-8.718233621E-1
3.068658721E1,7.724430324E0,5.986277643E0,-8.566016711E-1
3.069661021E1,7.766057822E0,5.934623340E0,-8.394669903E-1
3.070663321E1,7.805414261E0,5.885004453E0,-8.235978663E-1
3.071665621E1,7.844841451E0,5.834185132E0,-8.104478437E-1
3.072668021E1,7.887514431E0,5.777620338E0,-8.014462745E-1
3.073670321E1,7.936047490E0,5.711381325E0,-7.971102718E-1
3.074672621E1,7.990937058E0,5.634081134E0,-7.988574198E-1
3.075674921E1,8.049613282E0,5.548100166E0,-8.114351461E-1
3.076677221E1,8.109254882E0,5.457253731E0,-8.333535071E-1
3.077679521E1,8.167344046E0,5.366215507E0,-8.569403710E-1
3.078681821E1,8.221889212E0,5.279653911E0,-8.728651898E-1
3.079684121E1,8.272400385E0,5.199480398E0,-8.768708979E-1
3.080686521E1,8.320438185E0,5.123061967E0,-8.721597963E-1
3.081688821E1,8.367858519E0,5.046985599E0,-8.619603518E-1
3.082691121E1,8.414661387E0,4.971025005E0,-8.476430058E-1
3.083693421E1,8.459989003E0,4.896495810E0,-8.300781161E-1
3.084695721E1,8.502626315E0,4.825742454E0,-8.085038638E-1
3.085698021E1,8.542020761E0,4.760207153E0,-7.812852211E-1
3.086700346E1,8.578617899E0,4.698962831E0,-7.504296834E-1
3.087702746E1,8.614185927E0,4.637332886E0,-7.259910994E-1
3.088705046E1,8.650315872E0,4.570656501E0,-7.192016780E-1
3.089707346E1,8.686791973E0,4.497692313E0,-7.392681527E-1
3.090709646E1,8.722186339E0,4.421249032E0,-7.823877867E-1
3.091711946E1,8.755106163E0,4.345542207E0,-8.369648936E-1
3.092714246E1,8.785131031E0,4.272975922E0,-8.939971733E-1
3.093716546E1,8.812534592E0,4.203911534E0,-9.499703760E-1
3.094718846E1,8.838521372E0,4.137045407E0,-1.000747962E0
3.095721246E1,8.865342550E0,4.068603748E0,-1.043185153E0
3.096723546E1,8.894962791E0,3.995711481E0,-1.072392507E0
3.097725846E1,8.927977340E0,3.918891639E0,-1.081497133E0
3.098728146E1,8.963741249E0,3.840949716E0,-1.065165860E0
3.099730446E1,8.999851899E0,3.766451803E0,-1.025959548E0
3.100732746E1,9.033075778E0,3.700278571E0,-9.734473123E-1
3.101735046E1,9.062129424E0,3.643557071E0,-9.156484627E-1
3.102737346E1,9.088177600E0,3.593120158E0,-8.547761703E-1
3.103739746E1,9.113228241E0,3.542677690E0,-7.966365742E-1
3.104742046E1,9.137766082E0,3.489469197E0,-7.489760656E-1
3.105744346E1,9.161561911E0,3.434976948E0,-7.090844601E-1
3.106746646E1,9.184187711E0,3.381397157E0,-6.730176645E-1
3.107748946E1,9.204403875E0,3.332706223E0,-6.388322105E-1
3.108751246E1,9.221092413E0,3.292557778E0,-6.054910214E-1
3.109753546E1,9.234521129E0,3.260577309E0,-5.730027584E-1
3.110755846E1,9.246056516E0,3.232836364E0,-5.434126677E-1
3.111758246E1,9.257186691E0,3.205146874E0,-5.173119396E-1
3.112760546E1,9.268449013E0,3.176228885E0,-4.934502931E-1
3.113762846E1,9.279666896E0,3.146851889E0,-4.703278077E-1
3.114765146E1,9.290474889E0,3.118206379E0,-4.471721028E-1
3.115767446E1,9.300494678E0,3.091530212E0,-4.234833146E-1
3.116769746E1,9.308641019E0,3.070077070E0,-3.999054042E-1
3.117772046E1,9.313819898E0,3.057224598E0,-3.771643034E-1
3.118774446E1,9.315453025E0,3.054759412E0,-3.562092712E-1
3.119776746E1,9.313507656E0,3.062486507E0,-3.403561174E-1
3.120779046E1,9.308513550E0,3.078201776E0,-3.351859728E-1
3.121781346E1,9.301982794E0,3.096869597E0,-3.444221615E-1
3.122783646E1,9.296232058E0,3.111247608E0,-3.692124190E-1
3.123785946E1,9.293245885E0,3.115111740E0,-4.096071044E-1
3.124788246E1,9.293656944E0,3.105595981E0,-4.683371962E-1
3.125790546E1,9.296688141E0,3.082500064E0,-5.530712447E-1
3.126792946E1,9.300738507E0,3.048161121E0,-6.641598637E-1
3.127795246E1,9.305600467E0,3.003863200E0,-7.865936159E-1
3.128797546E1,9.313831592E0,2.947769106E0,-8.940421969E-1
3.129799846E1,9.327277849E0,2.878150402E0,-9.768481261E-1
3.130802146E1,9.343554744E0,2.802173436E0,-1.040142701E0
3.131804446E1,9.357704421E0,2.734748608E0,-1.091153956E0
3.132806746E1,9.365112258E0,2.690916710E0,-1.135662596E0
3.133809046E1,9.366006882E0,2.675705471E0,-1.163891199E0
3.134811446E1,9.364654421E0,2.682506952E0,-1.159100283E0
3.135813746E1,9.365580035E0,2.699004579E0,-1.112396671E0
3.136816046E1,9.369954922E0,2.715480863E0,-1.032583566E0
3.137818346E1,9.376265822E0,2.726884980E0,-9.412062038E-1
3.138820646E1,9.382124732E0,2.733221315E0,-8.610107640E-1
3.139822946E1,9.385996758E0,2.737929201E0,-8.018315329E-1
3.140825246E1,9.387715840E0,2.743524109E0,-7.615472138E-1
3.141827546E1,9.387631055E0,2.749621878E0,-7.403083724E-1
3.142829946E1,9.385524888E0,2.756286534E0,-7.422465782E-1
3.143832246E1,9.381290919E0,2.763363127E0,-7.689590713E-1
3.144834546E1,9.375284659E0,2.770067252E0,-8.166054004E-1
3.145836846E1,9.368293728E0,2.774911670E0,-8.780788596E-1
3.146839146E1,9.361478798E0,2.775334132E0,-9.467372312E-1
3.147841446E1,9.355707597E0,2.769493348E0,-1.018200951E0
3.148843746E1,9.351228045E0,2.758390655E0,-1.087154388E0
3.149846046E1,9.348671057E0,2.744384235E0,-1.143159531E0
3.150848446E1,9.348585688E0,2.729366246E0,-1.179254758E0
3.151850746E1,9.350721091E0,2.715192303E0,-1.194937210E0
3.152853046E1,9.354369169E0,2.705340329E0,-1.188701008E0
3.153855346E1,9.359867890E0,2.701954499E0,-1.152567335E0
3.154857646E1,9.368739286E0,2.701100513E0,-1.080227776E0
3.155859946E1,9.382291378E0,2.693892650E0,-9.755295789E-1
3.156862246E1,9.399513767E0,2.675061400E0,-8.539902315E-1
3.157864546E1,9.417540733E0,2.645413678E0,-7.401439925E-1
3.158866946E1,9.434081921E0,2.608086222E0,-6.573447876E-1
3.159869246E1,9.447928712E0,2.568001513E0,-6.149257232E-1
3.160871546E1,9.459795637E0,2.526080777E0,-6.060258589E-1
3.161873846E1,9.471902297E0,2.478449651E0,-6.135457072E-1
3.162876146E1,9.486181197E0,2.421526422E0,-6.202226427E-1
3.163878446E1,9.503338097E0,2.355559012E0,-6.115684346E-1
3.164880746E1,9.523320372E0,2.283005006E0,-5.747636839E-1
3.165883046E1,9.544814152E0,2.207973096E0,-5.074297066E-1
3.166885446E1,9.565773497E0,2.133973220E0,-4.221994853E-1
3.167887746E1,9.584938331E0,2.062463819E0,-3.336352181E-1
3.168890046E1,9.602453080E0,1.992355557E0,-2.439594866E-1
3.169892346E1,9.618815344E0,1.922169966E0,-1.405310400E-1
3.170894646E1,9.633789479E0,1.850932606E0,-1.491358962E-2
3.171896946E1,9.646346374E0,1.780164779E0,1.228945219E-1
3.172899246E1,9.656225245E0,1.711156817E0,2.556369244E-1
3.173901546E1,9.664280954E0,1.643511694E0,3.696948143E-1
3.174903946E1,9.671767729E0,1.576107331E0,4.570575883E-1
3.175906246E1,9.679680766E0,1.507581911E0,5.167964710E-1
3.176908546E1,9.688032929E0,1.438185693E0,5.565585241E-1
3.177910846E1,9.696390354E0,1.369812593E0,5.828503831E-1
3.178913146E1,9.704916179E0,1.303730139E0,5.924402554E-1
3.179915446E1,9.714026141E0,1.241345903E0,5.769365823E-1
3.180917746E1,9.723538392E0,1.183719546E0,5.363975804E-1
3.181920046E1,9.732528486E0,1.130772058E0,4.851412534E-1
3.182922446E1,9.739952695E0,1.083546582E0,4.420089017E-1
3.183924746E1,9.745777107E0,1.041365865E0,4.140813207E-1
3.184927046E1,9.750549604E0,1.000615377E0,4.020823956E-1
3.185929346E1,9.754820411E0,9.568640971E-1,4.049622224E-1
3.186931633E1,9.758857913E0,9.078442571E-1,4.202746184E-1
3.187933933E1,9.762547506E0,8.557826954E-1,4.431527633E-1
3.188936233E1,9.765050114E0,8.087483505E-1,4.751844319E-1
3.189938533E1,9.765293943E0,7.736979472E-1,5.258424060E-1
3.190940933E1,9.762986632E0,7.491686583E-1,5.991239152E-1
3.191943233E1,9.758932173E0,7.267090644E-1,6.864908188E-1
3.192945533E1,9.754188327E0,6.978156330E-1,7.777753568E-1
3.193947833E1,9.749809932E0,6.594277851E-1,8.616559312E-1
3.194950133E1,9.746611505E0,6.164461454E-1,9.271920358E-1
3.195952433E1,9.744835705E0,5.783987517E-1,9.694083481E-1
3.196954733E1,9.743928217E0,5.510425898E-1,9.941325686E-1
3.197957033E1,9.742733631E0,5.342861508E-1,1.014779818E0
3.198959433E1,9.740609922E0,5.237621494E-1,1.040332297E0
3.199961733E1,9.738569244E0,5.143649795E-1,1.063865732E0
3.200964033E1,9.738369269E0,5.017645952E-1,1.071683240E0
3.201966333E1,9.740026370E0,4.861115989E-1,1.063797904E0
3.202968633E1,9.742084005E0,4.697542689E-1,1.052257620E0
3.203970933E1,9.743875008E0,4.564738900E-1,1.041459567E0
3.204973233E1,9.744762615E0,4.499955039E-1,1.035958652E0
3.205975533E1,9.744971361E0,4.484502676E-1,1.034653188E0
3.206977933E1,9.745409902E0,4.493884533E-1,1.030130806E0
3.207980233E1,9.746943626E0,4.521756748E-1,1.014271110E0
3.208982533E1,9.749780695E0,4.557017652E-1,9.849873041E-1
3.209984833E1,9.753507711E0,4.580801932E-1,9.462289620E-1
3.210987133E1,9.757714198E0,4.568333110E-1,9.024521010E-1
3.211989433E1,9.762162175E0,4.506506845E-1,8.562699877E-1
3.212991733E1,9.766172780E0,4.412837373E-1,8.144016579E-1
3.213994033E1,9.768820984E0,4.404333695E-1,7.824506443E-1
3.214996433E1,9.769443712E0,4.600625820E-1,7.631595835E-1
3.215998733E1,9.768208196E0,4.954405391E-1,7.568019059E-1
3.217001033E1,9.765336628E0,5.327095222E-1,7.684434199E-1
3.218003333E1,9.761190367E0,5.608484070E-1,8.004391647E-1
3.219005633E1,9.756444182E0,5.768191995E-1,8.456950059E-1
3.220007933E1,9.751848271E0,5.821539067E-1,8.936630780E-1
3.221010233E1,9.747279841E0,5.808800542E-1,9.429912856E-1
3.222012533E1,9.742448872E0,5.768956518E-1,9.939770327E-1
3.223014933E1,9.738363422E0,5.710407251E-1,1.036484975E0
3.224017233E1,9.736395834E0,5.613530948E-1,1.060004011E0
3.225019533E1,9.736063712E0,5.486791087E-1,1.069624216E0
3.226021833E1,9.735532785E0,5.367672341E-1,1.080452163E0
3.227024133E1,9.733375747E0,5.302262828E-1,1.102894288E0
3.228026433E1,9.729030097E0,5.317027048E-1,1.139898100E0
3.229028733E1,9.722495248E0,5.390010897E-1,1.191080533E0
3.230031033E1,9.714286342E0,5.473270132E-1,1.252673129E0
3.231033433E1,9.705633048E0,5.545028258E-1,1.315038069E0
3.232035733E1,9.697776144E0,5.621401300E-1,1.368668585E0
3.233038033E1,9.691131953E0,5.696054530E-1,1.411956107E0
3.234040333E1,9.685968277E0,5.726467726E-1,1.445756376E0
3.235042633E1,9.682679218E0,5.690673264E-1,1.469010168E0
3.236044933E1,9.680314604E0,5.625908407E-1,1.486980416E0
3.237047233E1,9.678234165E0,5.581517077E-1,1.502107601E0
3.238049533E1,9.676852468E0,5.583808820E-1,1.510908684E0
3.239051933E1,9.675816926E0,5.622348549E-1,1.516099842E0
3.240054233E1,9.674139944E0,5.697466267E-1,1.523981450E0
3.241056533E1,9.672077631E0,5.811074013E-1,1.532752274E0
3.242058833E1,9.670679562E0,5.935732630E-1,1.536792115E0
3.243061133E1,9.670201845E0,6.062108502E-1,1.534858295E0
3.244063433E1,9.669920009E0,6.210375253E-1,1.530703994E0
3.245065733E1,9.668983870E0,6.379194602E-1,1.529681755E0
3.246068033E1,9.667762386E0,6.536559255E-1,1.530753842E0
3.247070333E1,9.667228535E0,6.659735969E-1,1.528817244E0
3.248072733E1,9.667297533E0,6.774553357E-1,1.523327731E0
3.249075033E1,9.666443254E0,6.983491914E-1,1.519309233E0
3.250077333E1,9.663604431E0,7.363006908E-1,1.519453220E0
3.251079633E1,9.659952260E0,7.840765357E-1,1.518764272E0
3.252081933E1,9.656845635E0,8.315027902E-1,1.513291424E0
3.253084233E1,9.654200939E0,8.776903852E-1,1.504052385E0
3.254086533E1,9.651706517E0,9.242278630E-1,1.492133567E0
3.255088833E1,9.649469372E0,9.696143163E-1,1.477728659E0
3.256091233E1,9.648044990E0,1.010992284E0,1.459184361E0
3.257093533E1,9.648042067E0,1.046529760E0,1.433929944E0
3.258095833E1,9.650017256E0,1.074065907E0,1.399872836E0
3.259098133E1,9.653896884E0,1.089844911E0,1.360373871E0
3.260100433E1,9.658789249E0,1.093702319E0,1.322007219E0
3.261102733E1,9.663857616E0,1.089069497E0,1.288364387E0
3.262105033E1,9.668982700E0,1.081638855E0,1.255770838E0
3.263107333E1,9.674590765E0,1.074107788E0,1.218474080E0
3.264109733E1,9.681294013E0,1.064904928E0,1.172435297E0
3.265112033E1,9.689351476E0,1.051471535E0,1.116679830E0
3.266114333E1,9.698432786E0,1.033406416E0,1.052888169E0
3.267116633E1,9.708016373E0,1.012427995E0,9.825976932E-1
3.268118933E1,9.717505234E0,9.897130238E-1,9.092015420E-1
3.269121233E1,9.726497667E0,9.653184400E-1,8.363751289E-1
3.270123533E1,9.734622374E0,9.408284736E-1,7.668613096E-1
3.271125833E1,9.741454260E0,9.193297966E-1,7.035492665E-1
3.272128233E1,9.746579345E0,9.039446028E-1,6.505273727E-1
3.273130533E1,9.749865480E0,8.955712438E-1,6.117175752E-1
3.274132833E1,9.751499777E0,8.929367077E-1,5.890953922E-1
3.275135133E1,9.751848856E0,8.942086963E-1,5.813510109E-1
3.276137433E1,9.750708649E0,8.999992671E-1,5.914102318E-1
3.277139733E1,9.746992158E0,9.181332370E-1,6.239143554E-1
3.278142033E1,9.739514154E0,9.555699621E-1,6.818155313E-1
3.279144333E1,9.727143200E0,1.012067806E0,7.710347597E-1
3.280146633E1,9.709854153E0,1.080326594E0,8.875361462E-1
3.281149033E1,9.689716927E0,1.151658532E0,1.009540055E0
3.282151333E1,9.669401945E0,1.223498812E0,1.114366525E0
3.283153633E1,9.649645958E0,1.299633434E0,1.196400695E0
3.284155933E1,9.629255548E0,1.386134364E0,1.261805895E0
3.285158233E1,9.607820240E0,1.486193673E0,1.310392749E0
3.286160533E1,9.587000644E0,1.598137886E0,1.330978018E0
3.287162879E1,9.568773703E0,1.718428999E0,1.312118701E0
3.288165179E1,9.553714199E0,1.844513679E0,1.249164946E0
3.289167579E1,9.540525804E0,1.974866243E0,1.146467447E0
3.290169879E1,9.526884250E0,2.108735614E0,1.013817074E0
3.291172179E1,9.510631329E0,2.245820515E0,8.604079161E-1
3.292174479E1,9.489980133E0,2.386829775E0,6.923905863E-1
3.293176779E1,9.463376471E0,2.533033994E0,5.141500943E-1
3.294179079E1,9.429524601E0,2.685419742E0,3.296833774E-1
3.295181379E1,9.387058028E0,2.845721744E0,1.452132710E-1
3.296183679E1,9.334520795E0,3.016894305E0,-3.462234603E-2
3.297186079E1,9.270219550E0,3.202470896E0,-2.080722371E-1
3.298188379E1,9.193523376E0,3.401836392E0,-3.777918924E-1
3.299190679E1,9.105536814E0,3.608479624E0,-5.515281280E-1
3.300192979E1,9.008369538E0,3.813402313E0,-7.371253674E-1
3.301195279E1,8.903220229E0,4.011219466E0,-9.375032352E-1
3.302197579E1,8.789118247E0,4.204583672E0,-1.144100348E0
3.303199879E1,8.662618999E0,4.404140663E0,-1.341146910E0
3.304202179E1,8.519194985E0,4.623206306E0,-1.511744105E0
3.305204579E1,8.357107244E0,4.865549713E0,-1.649631244E0
3.306206879E1,8.179567065E0,5.121714769E0,-1.760344326E0
3.307209179E1,7.992265545E0,5.378056703E0,-1.853728453E0
3.308211479E1,7.801158072E0,5.626142954E0,-1.929911094E0
3.309213779E1,7.614275213E0,5.863097275E0,-1.970536672E0
3.310216079E1,7.439411305E0,6.090335863E0,-1.949121683E0
3.311218379E1,7.279750158E0,6.311278753E0,-1.846377625E0
3.312220679E1,7.132817230E0,6.527301212E0,-1.659332506E0
3.313223079E1,6.990821106E0,6.738216712E0,-1.400336082E0
3.314225379E1,6.843565412E0,6.943456905E0,-1.090918167E0
3.315227679E1,6.686819687E0,7.137718951E0,-7.586316459E-1
3.316229979E1,6.520013242E0,7.316551949E0,-4.399888714E-1
3.317232279E1,6.343529656E0,7.481243455E0,-1.634785748E-1
3.318234579E1,6.158525507E0,7.635760222E0,6.180816208E-2
3.319236879E1,5.967643737E0,7.782314835E0,2.427264185E-1
3.320239179E1,5.778088700E0,7.918196526E0,3.898279838E-1
3.321241479E1,5.602158260E0,8.037113104E0,5.067014359E-1
3.322243879E1,5.452211092E0,8.134141216E0,5.875513984E-1
3.323246179E1,5.333989162E0,8.209667362E0,6.213063511E-1
3.324248479E1,5.243032215E0,8.269057531E0,6.078077979E-1
3.325250779E1,5.169490029E0,8.318396922E0,5.628055432E-1
3.326253079E1,5.108096019E0,8.359866545E0,5.060176406E-1
3.327255379E1,5.061366241E0,8.391664873E0,4.456697338E-1
3.328257679E1,5.032914859E0,8.412320162E0,3.724396070E-1
3.329259979E1,5.021270714E0,8.423279014E0,2.670367657E-1
3.330262379E1,5.016003542E0,8.429770008E0,1.216719970E-1
3.331264679E1,5.001597172E0,8.439068250E0,-4.749816614E-2
3.332266979E1,4.970730890E0,8.454648741E0,-2.164482456E-1
3.333269279E1,4.931229440E0,8.472693833E0,-3.640851418E-1
3.334271579E1,4.899230552E0,8.485013916E0,-4.880374159E-1
3.335273879E1,4.881876309E0,8.488029326E0,-5.973094876E-1
3.336276179E1,4.877779457E0,8.482800161E0,-6.967385028E-1
3.337278479E1,4.883671989E0,8.471407446E0,-7.881053404E-1
3.338280879E1,4.895558501E0,8.455433437E0,-8.805000454E-1
3.339283179E1,4.911269385E0,8.432676074E0,-1.002748368E0
3.340285479E1,4.926665688E0,8.401898085E0,-1.171400559E0
3.341287779E1,4.932676041E0,8.369773482E0,-1.360781568E0
3.342290079E1,4.940030084E0,8.338355808E0,-1.517902977E0
3.343292379E1,4.974508776E0,8.299751905E0,-1.613839414E0
3.344294679E1,5.046184530E0,8.247861375E0,-1.656783412E0
3.345296979E1,5.147084084E0,8.183036803E0,-1.667790942E0
3.346299279E1,5.255815982E0,8.116298438E0,-1.654759398E0
3.347301679E1,5.354025232E0,8.060410166E0,-1.612545425E0
3.348303979E1,5.431940550E0,8.022446533E0,-1.539630061E0
3.349306279E1,5.477969831E0,8.010736315E0,-1.433885943E0
3.350308579E1,5.483038782E0,8.031523166E0,-1.291125442E0
3.351310879E1,5.448515652E0,8.081933182E0,-1.110013127E0
3.352313179E1,5.389228393E0,8.147868724E0,-8.969614924E-1
3.353315479E1,5.324569298E0,8.210742665E0,-6.846639293E-1
3.354317779E1,5.267049653E0,8.258960559E0,-5.328133103E-1
3.355320179E1,5.221489903E0,8.290675272E0,-4.866763303E-1
3.356322479E1,5.188584112E0,8.307273179E0,-5.512878440E-1
3.357324779E1,5.168664987E0,8.307988878E0,-7.059298141E-1
3.358327079E1,5.161515597E0,8.290050790E0,-9.326803786E-1
3.359329379E1,5.166707924E0,8.249020293E0,-1.222654620E0
3.360331679E1,5.188652524E0,8.176751046E0,-1.566763773E0
3.361333979E1,5.222508488E0,8.073068803E0,-1.946039908E0
3.362336279E1,5.243407606E0,7.962635949E0,-2.310673592E0
3.363338679E1,5.234168420E0,7.889175040E0,-2.569139381E0
3.364340979E1,5.203766992E0,7.882339645E0,-2.650588464E0
3.365343279E1,5.178634490E0,7.935749867E0,-2.538053243E0
3.366345579E1,5.171492701E0,8.022971029E0,-2.263557751E0
3.367347879E1,5.184699222E0,8.113989957E0,-1.875670422E0
3.368350179E1,5.214744555E0,8.186143429E0,-1.424639449E0
3.369352479E1,5.250071093E0,8.230479357E0,-9.654277099E-1
3.370354779E1,5.281532621E0,8.248337338E0,-5.535507164E-1
3.371357079E1,5.306500232E0,8.247436867E0,-2.386414623E-1
3.372359479E1,5.324107368E0,8.239406301E0,-4.638252653E-2
3.373361779E1,5.331574262E0,8.234621524E0,3.781256862E-2
3.374364079E1,5.325791951E0,8.238301177E0,4.967365013E-2
3.375366379E1,5.307196636E0,8.250431226E0,1.223537184E-2
3.376368679E1,5.284349810E0,8.264742871E0,-7.615006645E-2
3.377370979E1,5.264895539E0,8.274477900E0,-2.236307460E-1
3.378373279E1,5.245902613E0,8.279003645E0,-4.179698653E-1
3.379375579E1,5.219255682E0,8.283748076E0,-6.123698686E-1
3.380377979E1,5.180226687E0,8.297154572E0,-7.473863538E-1
3.381380279E1,5.127553214E0,8.326576592E0,-7.825770172E-1
3.382382579E1,5.061678482E0,8.373019856E0,-7.127940068E-1
3.383384879E1,4.983871338E0,8.431092648E0,-5.601959674E-1
3.384387179E1,4.897813187E0,8.492540452E0,-3.525475620E-1
3.385389479E1,4.807434529E0,8.550440751E0,-1.210061728E-1
3.386391779E1,4.717370743E0,8.600733823E0,9.948801717E-2
3.387394029E1,4.635352142E0,8.641290110E0,2.788092025E-1
3.388396429E1,4.563857359E0,8.674680635E0,3.965110589E-1
3.389398729E1,4.499938229E0,8.704875657E0,4.602166562E-1
3.390401029E1,4.438519660E0,8.734384800E0,4.961813813E-1
3.391403329E1,4.372034479E0,8.766116470E0,5.259749185E-1
3.392405629E1,4.295397070E0,8.801405001E0,5.665101563E-1
3.393407929E1,4.206208028E0,8.840296587E0,6.269660904E-1
3.394410229E1,4.097708556E0,8.885340613E0,7.039906581E-1
3.395412529E1,3.966396757E0,8.936518368E0,8.015271123E-1
3.396414829E1,3.821121515E0,8.987833532E0,9.241022940E-1
3.397417229E1,3.671219663E0,9.035647384E0,1.056089154E0
3.398419529E1,3.524050800E0,9.078749549E0,1.180459358E0
3.399421829E1,3.385476467E0,9.115950705E0,1.293867494E0
3.400424129E1,3.261150044E0,9.145761564E0,1.398592588E0
3.401426429E1,3.152274596E0,9.169107742E0,1.492226391E0
3.402428729E1,3.049434937E0,9.190138423E0,1.574294694E0
3.403431029E1,2.943001286E0,9.210203143E0,1.657413011E0
3.404433329E1,2.828701084E0,9.228994340E0,1.749345567E0
3.405435729E1,2.704890386E0,9.248992403E0,1.837333591E0
3.406438029E1,2.578030365E0,9.272246194E0,1.901397440E0
3.407440329E1,2.460009871E0,9.297128436E0,1.935939281E0
3.408442629E1,2.354613371E0,9.321998983E0,1.947368103E0
3.409444929E1,2.258929972E0,9.345322942E0,1.948919808E0
3.410447229E1,2.171522723E0,9.364967832E0,1.953966686E0
3.411449529E1,2.092192964E0,9.380297477E0,1.966944142E0
3.412451829E1,2.018053924E0,9.393623282E0,1.980759797E0
3.413454229E1,1.942890598E0,9.406122290E0,1.996526230E0
3.414456529E1,1.862123885E0,9.417029101E0,2.021917764E0
3.415458829E1,1.775102406E0,9.426470016E0,2.055910844E0
3.416461129E1,1.687484803E0,9.433226473E0,2.098267928E0
3.417463429E1,1.606373397E0,9.437332973E0,2.142992842E0
3.418465729E1,1.533251041E0,9.441664006E0,2.177203878E0
3.419468029E1,1.464305060E0,9.445229638E0,2.208969754E0
3.420470329E1,1.389342878E0,9.445016799E0,2.257757459E0
3.421472629E1,1.300922014E0,9.440874047E0,2.326714551E0
3.422475029E1,1.205512996E0,9.434365511E0,2.403245979E0
3.423477329E1,1.116657610E0,9.427784470E0,2.471047953E0
3.424479629E1,1.043150289E0,9.424579026E0,2.515004689E0
3.425481929E1,9.868362667E-1,9.426145495E0,2.531803447E0
3.426484229E1,9.437660417E-1,9.429417597E0,2.536035077E0
3.427486529E1,9.036549463E-1,9.430575346E0,2.546324715E0
3.428488829E1,8.615900769E-1,9.426546029E0,2.575653764E0
3.429491129E1,8.182735379E-1,9.418951666E0,2.617228636E0
3.430493529E1,7.749343409E-1,9.410991851E0,2.658721356E0
3.431495829E1,7.345101272E-1,9.405733450E0,2.688637758E0
3.432498129E1,7.025659841E-1,9.405867936E0,2.696692882E0
3.433500429E1,6.786320148E-1,9.409585596E0,2.689841407E0
3.434502729E1,6.535234860E-1,9.413636547E0,2.681877499E0
3.435505029E1,6.237280485E-1,9.417727844E0,2.674598885E0
3.436507329E1,6.033287942E-1,9.421316864E0,2.666626207E0
3.437509629E1,6.117741470E-1,9.425666608E0,2.649270209E0
3.438511929E1,6.538982195E-1,9.432136552E0,2.615969146E0
3.439514329E1,7.117267437E-1,9.437553998E0,2.581107462E0
3.440516629E1,7.648924059E-1,9.441174594E0,2.552498205E0
3.441518929E1,8.076886889E-1,9.445896220E0,2.521660574E0
3.442521229E1,8.452343184E-1,9.451748114E0,2.487196208E0
3.443523529E1,8.862401839E-1,9.457916926E0,2.449182728E0
3.444525829E1,9.416005985E-1,9.464123746E0,2.404135194E0
3.445528129E1,1.022464156E0,9.469483888E0,2.349373096E0
3.446530429E1,1.131976950E0,9.473261774E0,2.282986148E0
3.447532729E1,1.261919916E0,9.474611312E0,2.208030837E0
3.448535129E1,1.400718928E0,9.473261189E0,2.128715111E0
3.449537429E1,1.540019924E0,9.471018198E0,2.040655751E0
3.450539729E1,1.676285484E0,9.469209654E0,1.939131861E0
3.451542029E1,1.808421156E0,9.466470233E0,1.830750065E0
3.452544329E1,1.941415053E0,9.460790248E0,1.720591591E0
3.453546629E1,2.084571849E0,9.451704260E0,1.598728601E0
3.454548929E1,2.243471981E0,9.436690364E0,1.466906632E0
3.455551229E1,2.416931972E0,9.412722042E0,1.339849852E0
3.456553629E1,2.597565035E0,9.379643759E0,1.229239243E0
3.457555929E1,2.777973857E0,9.338762950E0,1.143012692E0
3.458558229E1,2.953937626E0,9.292126143E0,1.080160094E0
3.459560529E1,3.119286945E0,9.243717045E0,1.029491851E0
3.460562829E1,3.267248105E0,9.196345242E0,9.942046355E-1
3.461565129E1,3.393300334E0,9.151422839E0,9.864431877E-1
3.462567429E1,3.502042465E0,9.107735952E0,1.010413410E0
3.463569729E1,3.612317444E0,9.059613367E0,1.053893305E0
3.464572129E1,3.745943571E0,9.000142506E0,1.096108740E0
3.465574429E1,3.910961645E0,8.925494612E0,1.129619426E0
3.466576729E1,4.103891987E0,8.835814111E0,1.150033152E0
3.467579029E1,4.325076075E0,8.729723985E0,1.149676545E0
3.468581329E1,4.577552415E0,8.603889565E0,1.120355024E0
3.469583629E1,4.860319086E0,8.456000617E0,1.053301129E0
3.470585929E1,5.158129474E0,8.289664289E0,9.545979356E-1
3.471588229E1,5.451705308E0,8.110714347E0,8.551695418E-1
3.472590529E1,5.723924772E0,7.928338521E0,7.837202210E-1
3.473592929E1,5.970490161E0,7.746555018E0,7.617317665E-1
3.474595229E1,6.199600443E0,7.560712963E0,7.979319517E-1
3.475597529E1,6.421367206E0,7.362208763E0,8.944412693E-1
3.476599829E1,6.645125531E0,7.140402238E0,1.045488225E0
3.477602129E1,6.877869857E0,6.886103906E0,1.229861387E0
3.478604429E1,7.120919316E0,6.597091824E0,1.416683727E0
3.479606729E1,7.366365548E0,6.282636752E0,1.581529454E0
3.480609029E1,7.597960312E0,5.963517357E0,1.715680807E0
3.481611329E1,7.802121109E0,5.661332082E0,1.819972477E0
3.482613729E1,7.972753971E0,5.390921162E0,1.899808166E0
3.483616029E1,8.108800553E0,5.156237315E0,1.973997931E0
3.484618329E1,8.211814460E0,4.950191376E0,2.073120515E0
3.485620629E1,8.290023308E0,4.754691474E0,2.214616264E0
3.486623042E1,8.356038957E0,4.547420251E0,2.394514039E0
3.487625342E1,8.415693421E0,4.314580323E0,2.607028461E0
3.488627642E1,8.459217755E0,4.059456072E0,2.863309877E0
3.489629942E1,8.467715514E0,3.792816606E0,3.185659859E0
3.490632242E1,8.425517328E0,3.534834235E0,3.570951902E0
3.491634642E1,8.328774560E0,3.314247440E0,3.985395530E0
3.492636942E1,8.185267516E0,3.142627568E0,4.400155786E0
3.493639242E1,8.010076749E0,3.006110870E0,4.799797773E0
3.494641542E1,7.823532443E0,2.880331414E0,5.170311563E0
3.495643842E1,7.645252592E0,2.743441079E0,5.500886239E0
3.496646142E1,7.487069621E0,2.585274188E0,5.787593349E0
3.497648442E1,7.349968202E0,2.419607219E0,6.029889101E0
3.498650742E1,7.235291439E0,2.270003576E0,6.223644193E0
3.499653142E1,7.151576267E0,2.152885015E0,6.360514648E0
3.500655442E1,7.106350393E0,2.077454326E0,6.435843158E0
3.501657742E1,7.095765179E0,2.044392999E0,6.458070179E0
3.502660042E1,7.105972663E0,2.054932897E0,6.443485469E0
3.503662342E1,7.122464150E0,2.112264847E0,6.406633392E0
3.504664642E1,7.140212789E0,2.222577833E0,6.349300273E0
3.505666942E1,7.171497731E0,2.392150595E0,6.251666390E0
3.506669242E1,7.247427335E0,2.626627451E0,6.067266843E0
3.507671542E1,7.383925906E0,2.948236006E0,5.746445323E0
3.508673942E1,7.548039708E0,3.385881387E0,5.272475284E0
3.509676242E1,7.691070204E0,3.833333717E0,4.731710163E0
3.510678542E1,7.759984903E0,4.166425619E0,4.319678803E0
3.511680842E1,7.691184810E0,4.448061731E0,4.158907562E0
3.512683142E1,7.404239134E0,4.844100664E0,4.236510931E0
3.513685442E1,6.837066232E0,5.463939437E0,4.431251864E0
3.514687742E1,5.999538544E0,6.183704787E0,4.690781700E0
3.515690042E1,5.034959046E0,6.846177363E0,4.900525418E0
3.516692342E1,4.082162564E0,7.399947862E0,4.981247692E0
3.517694742E1,3.219666680E0,7.852474406E0,4.920213870E0
3.518697042E1,2.467588155E0,8.233606448E0,4.728089859E0
3.519699342E1,1.796771602E0,8.570063422E0,4.422863448E0
3.520701642E1,1.168856947E0,8.867990170E0,4.028476938E0
3.521703942E1,5.918939061E-1,9.114694138E0,3.578842134E0
3.522706242E1,1.141046493E-1,9.301263002E0,3.116022444E0
3.523708542E1,-2.127693054E-1,9.440674657E0,2.657908593E0
3.524710842E1,-3.901621522E-1,9.554707641E0,2.188937193E0
3.525713142E1,-4.658148535E-1,9.654155331E0,1.678218281E0
3.526715542E1,-4.833767099E-1,9.730304790E0,1.150496690E0
3.527717842E1,-4.751744551E-1,9.776227652E0,6.600598691E-1
3.528720142E1,-4.484637527E-1,9.796700508E0,2.442059468E-1
3.529722442E1,-3.763413443E-1,9.802161807E0,-1.100368145E-1
3.530724742E1,-2.335485009E-1,9.797533736E0,-4.358021554E-1
3.531727042E1,-2.150253485E-2,9.781350397E0,-7.489032678E-1
3.532729342E1,2.421613216E-1,9.752327158E0,-1.034203830E0
3.533731642E1,5.341052526E-1,9.712443300E0,-1.272503084E0
3.534734042E1,8.358980691E-1,9.665543953E0,-1.454182214E0
3.535736342E1,1.137090779E0,9.615804028E0,-1.574616437E0
3.536738642E1,1.433164105E0,9.565271221E0,-1.639425514E0
3.537740942E1,1.723434946E0,9.514044934E0,-1.657964550E0
3.538743242E1,2.008469314E0,9.461072084E0,-1.640201293E0
3.539745542E1,2.287956282E0,9.406110595E0,-1.589471289E0
3.540747842E1,2.558879271E0,9.349412484E0,-1.508885840E0
3.541750142E1,2.814066965E0,9.291375360E0,-1.409781089E0
3.542752442E1,3.045362351E0,9.233545228E0,-1.305182295E0
3.543754842E1,3.248903636E0,9.177851669E0,-1.203243545E0
3.544757142E1,3.426880016E0,9.124972959E0,-1.107898262E0
3.545759442E1,3.584945458E0,9.074103937E0,-1.022196646E0
3.546761742E1,3.728222707E0,9.024850500E0,-9.426218147E-1
3.547764042E1,3.861250371E0,8.976754228E0,-8.629913621E-1
3.548766342E1,3.987902232E0,8.929249694E0,-7.753950284E-1
3.549768642E1,4.110915370E0,8.881640494E0,-6.730086744E-1
3.550770942E1,4.231342285E0,8.833116791E0,-5.548830045E-1
3.551773242E1,4.348283674E0,8.783590874E0,-4.207651633E-1
3.552775642E1,4.458962403E0,8.733876092E0,-2.704837907E-1
3.553777942E1,4.559229873E0,8.685533652E0,-1.051707433E-1
3.554780242E1,4.645299717E0,8.640150488E0,7.128651692E-2
3.555782542E1,4.716027930E0,8.598334125E0,2.526201632E-1
3.556784842E1,4.772814919E0,8.559743671E0,4.325594358E-1
3.557787142E1,4.819107910E0,8.523246521E0,6.054495793E-1
3.558789442E1,4.858391259E0,8.488090137E0,7.644953799E-1
3.559791742E1,4.894028869E0,8.453599750E0,9.062145650E-1
3.560794042E1,4.927683688E0,8.420004573E0,1.028372840E0
3.561796442E1,4.958202646E0,8.388890369E0,1.130869780E0
3.562798742E1,4.981158230E0,8.361869801E0,1.226093733E0
3.563801042E1,5.000599637E0,8.322040907E0,1.404896910E0
3.564803342E1,5.013965203E0,8.269956248E0,1.644408219E0
3.565805642E1,5.053639145E0,8.183679412E0,1.929820463E0
3.566807942E1,5.157911958E0,8.048203518E0,2.204188778E0
3.567810242E1,5.233676085E0,7.931645706E0,2.435924313E0
3.568812542E1,5.210242783E0,7.893144130E0,2.605330430E0
3.569814942E1,5.080158023E0,7.929710278E0,2.747325384E0
3.570817242E1,4.880712713E0,8.004522479E0,2.888316664E0
3.571819542E1,4.645765448E0,8.088745188E0,3.037293778E0
3.572821842E1,4.396032622E0,8.162852215E0,3.206063718E0
3.573824142E1,4.126006449E0,8.228636899E0,3.391416946E0
3.574826442E1,3.817867540E0,8.300705001E0,3.571875177E0
3.575828742E1,3.490488659E0,8.377119924E0,3.725112865E0
3.576831042E1,3.148045013E0,8.442049745E0,3.880425730E0
3.577833342E1,2.798397012E0,8.484115784E0,4.052757794E0
3.578835742E1,2.544369113E0,8.502314073E0,4.180065419E0
3.579838042E1,2.388190714E0,8.508948909E0,4.257984830E0
3.580840342E1,2.271884625E0,8.513242519E0,4.312694888E0
3.581842642E1,2.163503559E0,8.517694589E0,4.359385198E0
3.582844942E1,2.070637788E0,8.520381970E0,4.399050955E0
3.583847242E1,2.008650870E0,8.521150294E0,4.426218873E0
3.584849542E1,1.976119593E0,8.520786597E0,4.441537116E0
3.585851842E1,1.958188083E0,8.517729673E0,4.455321927E0
3.586854042E1,1.958920301E0,8.513798590E0,4.462504939E0
3.587856442E1,1.971558911E0,8.513018571E0,4.458428552E0
3.588858742E1,1.986221535E0,8.514571592E0,4.448943199E0
3.589861042E1,2.002605434E0,8.515234081E0,4.440320018E0
3.590863342E1,2.027257587E0,8.512649612E0,4.434086594E0
3.591865642E1,2.052509957E0,8.508284665E0,4.430845190E0
3.592867942E1,2.066013663E0,8.505035368E0,4.430807475E0
3.593870242E1,2.067285725E0,8.501228245E0,4.437514524E0
3.594872542E1,2.053778218E0,8.499170610E0,4.447718208E0
3.595874842E1,2.021703317E0,8.502513463E0,4.456013945E0
3.596877242E1,1.979140703E0,8.507808117E0,4.465009301E0
3.597879542E1,1.934552907E0,8.512946066E0,4.474746670E0
3.598881842E1,1.890279982E0,8.516896445E0,4.486137046E0
3.599884142E1,1.850507368E0,8.518016186E0,4.500570020E0
3.600886442E1,1.821008165E0,8.516195948E0,4.516018949E0
3.601888742E1,1.801929139E0,8.511725167E0,4.532072479E0
3.602891042E1,1.793650358E0,8.503801605E0,4.550194463E0
3.603893342E1,1.790067623E0,8.494116862E0,4.569653704E0
3.604895642E1,1.782230161E0,8.485871703E0,4.587999635E0
3.605898042E1,1.766976822E0,8.479638571E0,4.605391009E0
3.606900342E1,1.764043859E0,8.471414462E0,4.621622587E0
3.607902642E1,1.781251045E0,8.459939886E0,4.636018724E0
3.608904942E1,1.802550405E0,8.448074716E0,4.649403293E0
3.609907242E1,1.824114644E0,8.435438299E0,4.663913451E0
3.610909542E1,1.854290224E0,8.422126527E0,4.676056364E0
3.611911842E1,1.896573925E0,8.409049230E0,4.682627465E0
3.612914142E1,1.946260056E0,8.395580168E0,4.686405644E0
3.613916442E1,2.005747143E0,8.379035472E0,4.690931973E0
3.614918842E1,2.078257294E0,8.357901880E0,4.697065410E0
3.615921142E1,2.158258022E0,8.332986310E0,4.705249173E0
3.616923442E1,2.238752401E0,8.305613154E0,4.716023837E0
3.617925742E1,2.313563432E0,8.277129613E0,4.729972955E0
3.618928042E1,2.380225783E0,8.248315119E0,4.747201484E0
3.619930342E1,2.436397353E0,8.220229188E0,4.767377886E0
3.620932642E1,2.476872949E0,8.194402621E0,4.790924331E0
3.621934942E1,2.502984860E0,8.170625503E0,4.817887012E0
3.622937242E1,2.519562593E0,8.148241192E0,4.847068419E0
3.623939642E1,2.529899886E0,8.127198232E0,4.876920793E0
3.624941942E1,2.539649241E0,8.106727715E0,4.905837321E0
3.625944242E1,2.552000022E0,8.086682875E0,4.932439814E0
3.626946542E1,2.567317096E0,8.067168378E0,4.956388839E0
3.627948842E1,2.585536435E0,8.048844373E0,4.976666399E0
3.628951142E1,2.602840685E0,8.033841587E0,4.991864482E0
3.629953442E1,2.620664460E0,8.020787094E0,5.003517398E0
3.630955742E1,2.643633201E0,8.006011764E0,5.015085529E0
3.631958042E1,2.668429780E0,7.989475839E0,5.028306084E0
3.632960442E1,2.690793334E0,7.974121635E0,5.040744281E0
3.633962742E1,2.709197737E0,7.962106192E0,5.049872369E0
3.634965042E1,2.726536193E0,7.952974010E0,5.054930211E0
3.635967342E1,2.744554681E0,7.946901677E0,5.054727312E0
3.636969642E1,2.760386602E0,7.942901596E0,5.052394858E0