"Time (s)","X (rad/s)","Y (rad/s)","Z (rad/s)"
1.618100004E-2,8.386649191E-2,2.456005365E-1,-2.439968586E-1
2.620399999E-2,9.780090302E-2,1.753304452E-1,-2.455226183E-1
3.622699995E-2,9.910424799E-2,1.713138670E-1,-1.794221550E-1
4.624999990E-2,9.393856674E-2,1.997839659E-1,-1.118368134E-1
5.627300008E-2,7.410920411E-2,1.875150502E-1,-7.799336314E-2
6.629700004E-2,4.828376696E-2,1.775645614E-1,-6.710387021E-2
7.631999999E-2,3.439538181E-2,1.749591976E-1,-5.517930537E-2
8.634299994E-2,3.225914016E-2,1.684683859E-1,-2.994354069E-2
9.636599990E-2,2.717809379E-2,1.430301368E-1,-1.345984871E-3
1.063890001E-1,7.997605018E-3,8.813107759E-2,9.147519246E-3
1.164130000E-1,-2.333022282E-2,3.219857067E-2,2.051522210E-2
1.264360000E-1,-6.392107159E-2,-1.308048517E-2,4.437071830E-2
1.364589999E-1,-8.919180930E-2,-5.597229302E-2,7.035917789E-2
1.464819999E-1,-9.604358673E-2,-9.590293467E-2,8.882394433E-2
1.565059999E-1,-8.828180283E-2,-1.370708644E-1,9.420219809E-2
1.665290000E-1,-8.173710108E-2,-1.734997034E-1,9.038931131E-2
1.765520000E-1,-7.321285456E-2,-2.136425972E-1,5.376312137E-2
1.865749999E-1,-6.251990795E-2,-2.149797678E-1,2.677915990E-2
1.965979999E-1,-4.642403126E-2,-1.882424355E-1,2.237216383E-2
2.066219999E-1,-3.984437510E-2,-1.591793150E-1,1.709590852E-2
2.166450000E-1,-4.938488454E-2,-1.267161667E-1,-9.456072934E-3
2.266680000E-1,-5.687747523E-2,-9.190478921E-2,-2.874524519E-2
2.366909999E-1,-6.664914638E-2,-6.304970384E-2,-1.944229007E-2
2.467139999E-1,-7.715807110E-2,-5.404369533E-2,1.793039218E-2
2.567379999E-1,-1.012727246E-1,-8.776278049E-2,9.089780599E-2
2.667610000E-1,-1.443023235E-1,-1.807084978E-1,1.464751065E-1
2.767840000E-1,-1.775710732E-1,-2.883036733E-1,2.266061604E-1
2.868069999E-1,-2.138719112E-1,-3.846637607E-1,3.530807495E-1
2.968309999E-1,-2.482557297E-1,-4.224803746E-1,4.239690304E-1
3.068540001E-1,-2.855458856E-1,-4.709266722E-1,3.784169257E-1
3.168770000E-1,-2.658297122E-1,-4.434058368E-1,2.685607374E-1
3.269000000E-1,-2.231924236E-1,-3.618178368E-1,1.732460409E-1
3.369229999E-1,-1.990322322E-1,-3.512381613E-1,1.704662293E-1
3.469469999E-1,-1.837188900E-1,-3.611717522E-1,2.081315666E-1
3.569700001E-1,-1.663303077E-1,-3.340096474E-1,2.154438049E-1
3.669930000E-1,-1.040924117E-1,-1.700446606E-1,1.759477854E-1
3.770160000E-1,-5.564126000E-2,-5.023410916E-2,1.012607589E-1
3.870389999E-1,-4.068370163E-2,2.295913920E-2,4.512213916E-2
3.970629999E-1,-4.661669210E-2,6.626666337E-2,1.972303726E-2
4.070860001E-1,-4.917240143E-2,8.665170521E-2,5.441418849E-3
4.171090000E-1,-4.436033592E-2,7.915890217E-2,-4.269265570E-3
4.271320000E-1,-4.052268341E-2,6.050591171E-2,-1.079138182E-2
4.371559999E-1,-4.409904405E-2,4.024751112E-2,-9.227840230E-3
4.471789999E-1,-4.541410133E-2,2.446782589E-2,-1.271269098E-2
4.572020001E-1,-3.949655965E-2,5.176685750E-3,-1.688426547E-2
4.672250000E-1,-3.503292054E-2,-2.257158980E-2,-2.207235806E-2
4.772480000E-1,-3.570403531E-2,-5.820761621E-2,-2.832892165E-2
4.872719999E-1,-3.409911320E-2,-9.102886915E-2,-3.143957630E-2
4.972949999E-1,-2.596448362E-2,-1.215518937E-1,-3.098816983E-2
5.073180001E-1,-1.782895438E-2,-1.442089379E-1,-1.764900982E-2
5.173410000E-1,-3.583972808E-3,-1.496987790E-1,1.087344438E-2
5.273650000E-1,8.410118520E-3,-1.389760971E-1,4.037943855E-2
5.373879999E-1,-1.572557725E-2,-5.486841127E-2,5.848866701E-2
5.474109999E-1,-1.164156124E-1,1.737836748E-1,4.534835368E-2
5.574340001E-1,-2.386765480E-1,4.483350813E-1,-3.472980577E-3
5.674570000E-1,-2.775372565E-1,4.480165243E-1,-4.777914658E-2
5.774810000E-1,-2.653802037E-1,2.005963176E-1,-1.846466772E-2
5.875039999E-1,-1.746099442E-1,-1.152275577E-1,8.072434366E-2
5.975269999E-1,-5.053672940E-2,-3.826549947E-1,1.611411572E-1
6.075500001E-1,3.645493835E-2,-5.592518449E-1,1.765174568E-1
6.175730000E-1,6.274087727E-2,-6.313116550E-1,1.245056540E-1
6.275970000E-1,-1.026029233E-2,-5.955560803E-1,2.053034306E-2
6.376199999E-1,-1.160943136E-1,-5.224877596E-1,-1.074172333E-1
6.476429999E-1,-1.764474064E-1,-5.620659590E-1,-2.360784113E-1
6.576660001E-1,-2.298608273E-1,-6.063168049E-1,-3.094444871E-1
6.676900000E-1,-2.305871546E-1,-5.368271470E-1,-3.073941469E-1
6.777130000E-1,-1.930738688E-1,-3.843822777E-1,-2.532094419E-1
6.877359999E-1,-1.362840682E-1,-2.032803893E-1,-1.987509727E-1
6.977589999E-1,-7.374906540E-2,-6.264924258E-2,-1.839845330E-1
7.077820001E-1,-4.870058224E-2,4.734389856E-2,-2.172056437E-1
7.178060000E-1,-1.084108464E-2,1.270496547E-1,-2.672041059E-1
7.278290000E-1,3.016065434E-2,1.539819390E-1,-2.947354019E-1
7.378519999E-1,4.872288555E-2,1.246120632E-1,-2.991424203E-1
7.478749999E-1,4.087701067E-2,3.893199190E-2,-2.778839171E-1
7.578990001E-1,-3.029064089E-2,-5.448823795E-2,-2.274199575E-1
7.679220000E-1,-1.310824901E-1,-1.408934295E-1,-1.618156135E-1
7.779450000E-1,-2.224174589E-1,-2.532053292E-1,-1.131343618E-1
7.879679999E-1,-3.042207360E-1,-3.741547167E-1,-8.015506715E-2
7.979909999E-1,-3.726781011E-1,-4.751819968E-1,-4.737075791E-2
8.080150001E-1,-4.068013430E-1,-5.593370795E-1,-7.418488618E-3
8.180380000E-1,-4.044633508E-1,-6.820816398E-1,6.360349059E-2
8.280603334E-1,-4.045120180E-1,-8.300125599E-1,1.710513383E-1
8.380833333E-1,-4.209426641E-1,-9.489642382E-1,2.792776823E-1
8.481073333E-1,-4.340014458E-1,-1.017956018E0,3.531746268E-1
8.581303332E-1,-4.409661293E-1,-1.036252737E0,3.854350746E-1
8.681533332E-1,-4.246183634E-1,-9.914011955E-1,3.863162994E-1
8.781763334E-1,-3.857000172E-1,-9.027121067E-1,3.565706611E-1
8.881993333E-1,-3.175311685E-1,-8.120094538E-1,3.030324280E-1
8.982233333E-1,-2.183452100E-1,-7.345173359E-1,2.439350188E-1
9.082463332E-1,-1.103924215E-1,-6.697823405E-1,1.861583740E-1
9.182693332E-1,-2.776226029E-2,-6.337490082E-1,1.330336332E-1
9.282923334E-1,1.088792458E-2,-5.964062214E-1,8.259987086E-2
9.383163333E-1,3.726840019E-2,-5.334395170E-1,1.478433143E-2
9.483393333E-1,4.176527262E-2,-4.563153088E-1,-8.751849085E-2
9.583623332E-1,4.035113379E-2,-3.662775755E-1,-2.394243926E-1
9.683853332E-1,1.418410614E-2,-2.826070189E-1,-4.244274199E-1
9.784083334E-1,-1.599696651E-2,-1.842993647E-1,-5.954657197E-1
9.884323333E-1,-2.035609260E-2,-1.120112538E-1,-6.988670230E-1
9.984553333E-1,-4.259588197E-2,-1.132938266E-1,-7.108834982E-1
1.008478333E0,-1.085792407E-1,-1.746916026E-1,-6.517398357E-1
1.018501333E0,-1.943735033E-1,-2.289958596E-1,-5.538122058E-1
1.028525333E0,-2.653899789E-1,-2.723467946E-1,-4.499337375E-1
1.038548333E0,-3.165034950E-1,-2.851307690E-1,-3.698106706E-1
1.048571333E0,-3.222656548E-1,-2.499146610E-1,-3.291639686E-1
1.058594333E0,-3.399120271E-1,-2.033359706E-1,-3.023752272E-1
1.068617333E0,-3.153528273E-1,-1.103038341E-1,-2.646719515E-1
1.078641333E0,-2.502600849E-1,5.827564746E-3,-2.074363828E-1
1.088664333E0,-1.714666933E-1,1.032499969E-1,-1.437069774E-1
1.098687333E0,-1.129280180E-1,1.971386671E-1,-6.195859611E-2
1.108710333E0,-8.336672187E-2,2.864785194E-1,-1.711931778E-3
1.118734333E0,-8.001220226E-2,3.151655495E-1,-2.318599727E-3
1.128757333E0,-1.004859135E-1,2.724887431E-1,-4.523012042E-2
1.138780333E0,-1.339953989E-1,1.843205392E-1,-8.939944208E-2
1.148803333E0,-1.866858453E-1,7.570438087E-2,-1.086672097E-1
1.158826333E0,-2.177755833E-1,-1.823143102E-2,-9.865851700E-2
1.168850333E0,-2.355675250E-1,-1.113951951E-1,-7.466900349E-2
1.178873333E0,-2.660309076E-1,-1.904495358E-1,-6.810644269E-2
1.188896333E0,-2.869898677E-1,-2.338946164E-1,-9.309666604E-2
1.198919333E0,-2.824550271E-1,-2.570452094E-1,-1.310006380E-1
1.208943333E0,-2.435470968E-1,-2.486173064E-1,-1.539477855E-1
1.218966333E0,-1.852699369E-1,-1.808177531E-1,-1.524654776E-1
1.228989333E0,-1.252757907E-1,-4.107429460E-2,-1.428199708E-1
1.239012333E0,-5.518751219E-2,1.420515925E-1,-1.301686317E-1
1.249035333E0,1.453649718E-2,3.124865592E-1,-1.199131683E-1
1.259059333E0,6.514081359E-2,4.267564118E-1,-1.189158186E-1
1.269082333E0,9.990181029E-2,4.839920104E-1,-1.114057153E-1
1.279105333E0,1.375218928E-1,4.817325771E-1,-8.840958029E-2
1.289128333E0,1.506510377E-1,4.315720797E-1,-5.446590856E-2
1.299152333E0,1.610043347E-1,3.456004560E-1,-2.324486896E-2
1.309175333E0,1.960008144E-1,2.704786658E-1,5.906776059E-3
1.319198333E0,2.005931735E-1,1.906440258E-1,1.822522655E-2
1.329221333E0,1.610033661E-1,5.079856142E-2,2.111979574E-2
1.339244333E0,6.638152152E-2,-9.193275869E-2,1.467441302E-2
1.349268333E0,7.405978628E-3,-1.646686792E-1,-5.060045049E-3
1.359291333E0,-6.024875678E-3,-1.859446615E-1,-4.003826529E-2
1.369314333E0,3.237240762E-2,-1.975353509E-1,-9.115671366E-2
1.379337333E0,2.423245832E-2,-2.144229859E-1,-1.580449343E-1
1.389361333E0,3.015074180E-3,-1.772419810E-1,-2.233180106E-1
1.399384333E0,3.283981606E-2,-8.488543332E-2,-2.733715773E-1
1.409407333E0,5.776391178E-2,2.432075702E-2,-2.942822874E-1
1.419430333E0,4.318044335E-2,1.445041597E-1,-2.315499187E-1
1.429453333E0,4.606425390E-2,3.074215651E-1,-9.831395745E-2
1.439477333E0,5.242734402E-2,4.831228256E-1,5.946768075E-2
1.449500333E0,4.850101098E-2,6.600155234E-1,1.658857763E-1
1.459523333E0,4.611934349E-2,8.184080720E-1,2.004027367E-1
1.469546333E0,3.396387771E-2,8.427515030E-1,1.898909658E-1
1.479570333E0,1.963687129E-2,7.778822184E-1,1.785642803E-1
1.489593333E0,9.572140872E-3,7.150745988E-1,1.700777709E-1
1.499616333E0,2.744035423E-2,6.403521299E-1,1.311474144E-1
1.509639333E0,2.116642334E-2,5.160136223E-1,8.366148919E-2
1.519663333E0,-2.572784759E-2,3.832581937E-1,4.296679422E-2
1.529686333E0,-5.067820475E-2,2.700488269E-1,-6.869446952E-4
1.539709333E0,-3.819863126E-2,1.565273404E-1,-5.899605528E-2
1.549732333E0,-3.756969422E-2,6.661954522E-2,-1.130515933E-1
1.559755333E0,-5.182426050E-2,-9.666900150E-4,-1.570113301E-1
1.569779333E0,-6.481578201E-2,-4.546385258E-2,-2.045577914E-1
1.579802333E0,-7.607935369E-2,-8.081225306E-2,-2.526089549E-1
1.589825333E0,-1.298411041E-1,-2.041613460E-1,-2.781238556E-1
1.599848333E0,-1.860764027E-1,-3.287395239E-1,-2.731362879E-1
1.609872333E0,-2.026154995E-1,-3.510800898E-1,-2.411598712E-1
1.619895333E0,-1.537494212E-1,-2.638303936E-1,-2.148284018E-1
1.629918333E0,-1.133434027E-1,-1.426198184E-1,-2.126286328E-1
1.639941333E0,-8.084245771E-2,1.970596611E-2,-2.035898566E-1
1.649964333E0,-3.579030186E-2,2.037463039E-1,-1.770936996E-1
1.659988333E0,1.796427369E-2,3.839120865E-1,-1.579975039E-1
1.670011333E0,6.099635735E-2,4.916219115E-1,-1.642793119E-1
1.680034333E0,7.076882571E-2,5.380285382E-1,-1.721311063E-1
1.690057333E0,6.534536183E-2,5.883568525E-1,-1.666731536E-1
1.700081333E0,-8.688119240E-3,5.661367774E-1,-1.370438933E-1
1.710104333E0,-1.149672270E-1,5.000938773E-1,-8.820706606E-2
1.720127333E0,-1.809798032E-1,4.548784792E-1,-3.697583824E-2
1.730150333E0,-2.137225121E-1,4.243369401E-1,7.834903896E-3
1.740173333E0,-2.401277572E-1,4.279886484E-1,2.748956718E-2
1.750197333E0,-2.317854911E-1,4.590448439E-1,1.444275305E-2
1.760220333E0,-2.366486937E-1,4.514793158E-1,-3.155936301E-2
1.770243333E0,-2.773469388E-1,4.394872189E-1,-6.913533062E-2
1.780266333E0,-2.875998318E-1,4.294801056E-1,-8.508819342E-2
1.790290333E0,-2.791435122E-1,4.034415185E-1,-8.755051345E-2
1.800313333E0,-2.717977166E-1,3.769374490E-1,-1.006732434E-1
1.810336333E0,-2.465085983E-1,3.651030660E-1,-1.276392192E-1
1.820359333E0,-2.110991925E-1,3.630247116E-1,-1.580091119E-1
1.830382750E0,-1.980284005E-1,3.627405763E-1,-1.882911175E-1
1.840406750E0,-2.152430713E-1,2.883864045E-1,-2.005413920E-1
1.850429750E0,-2.690850496E-1,1.552934945E-1,-1.805523336E-1
1.860452750E0,-3.307854235E-1,4.098155722E-2,-1.406978518E-1
1.870475750E0,-3.589932621E-1,-1.033311412E-1,-7.258991897E-2
1.880499750E0,-3.106113374E-1,-2.972984910E-1,1.836182363E-2
1.890522750E0,-1.694647968E-1,-5.172390938E-1,1.062162966E-1
1.900545750E0,-2.802723646E-2,-7.783148885E-1,1.719202101E-1
1.910568750E0,6.024922244E-3,-1.024366975E0,2.532603443E-1
1.920592750E0,-3.588178009E-2,-1.169413686E0,3.906975687E-1
1.930615750E0,-1.204865724E-1,-1.244057775E0,5.874282718E-1
1.940638750E0,-2.582761347E-1,-1.199800372E0,7.589217424E-1
1.950661750E0,-3.610728085E-1,-9.126344919E-1,8.124516010E-1
1.960684750E0,-3.145276904E-1,-5.326331258E-1,7.269459963E-1
1.970708750E0,-1.173964962E-1,-1.556960195E-1,5.228105783E-1
1.980731750E0,1.282428205E-1,2.219964117E-1,2.987465858E-1
1.990754750E0,3.634333014E-1,6.498621702E-1,1.200815365E-1
2.000777750E0,5.049613714E-1,1.057974339E0,-3.891530260E-2
2.010801750E0,5.357663035E-1,1.337199688E0,-2.219022065E-1
2.020824750E0,4.221411943E-1,1.453945994E0,-4.098585248E-1
2.030847750E0,2.076205611E-1,1.452582955E0,-5.519782305E-1
2.040870750E0,6.158852577E-2,1.274018049E0,-6.224151254E-1
2.050893750E0,-4.284277558E-2,1.081554890E0,-6.975080371E-1
2.060917750E0,5.077372864E-2,1.002888560E0,-8.275973201E-1
2.070940750E0,1.497610211E-1,8.110609055E-1,-9.676988721E-1
2.080963750E0,-2.303157449E-1,6.047574878E-1,-1.009643912E0
2.090986750E0,-5.714408755E-1,3.954813778E-1,-8.156718612E-1
2.101010750E0,-6.952472329E-1,2.480354756E-1,-6.041089892E-1
2.111033750E0,-5.934290290E-1,4.132663310E-1,-7.603154778E-1
2.121056750E0,-3.189101815E-1,6.129344106E-1,-1.366225362E0
2.131079750E0,-2.758987546E-1,7.078674436E-1,-2.097403765E0
2.141103750E0,-6.276030540E-1,7.074999213E-1,-2.453456879E0
2.151126750E0,-9.513634443E-1,5.342091918E-1,-2.301933050E0
2.161149750E0,-1.035955071E0,2.169467956E-1,-1.782396078E0
2.171172750E0,-9.847642779E-1,-1.228873357E-1,-1.284686685E0
2.181195750E0,-9.419773817E-1,-3.339697421E-1,-1.072021484E0
2.191219750E0,-7.492541671E-1,-3.478197753E-1,-1.128656030E0
2.201242750E0,-5.699768066E-1,-6.346821785E-2,-1.354068637E0
2.211265750E0,-4.791373312E-1,2.326282859E-1,-1.567227125E0
2.221288750E0,-4.686319530E-1,3.109238744E-1,-1.612838030E0
2.231312750E0,-4.015353024E-1,4.256043434E-1,-1.408799529E0
2.241335750E0,-4.239034653E-1,8.237311840E-1,-1.068818808E0
2.251358750E0,-4.555425644E-1,1.151536822E0,-7.372370362E-1
2.261381750E0,-4.632678628E-1,1.021480322E0,-4.226207435E-1
2.271404750E0,-4.500943124E-1,7.800831199E-1,-2.062218785E-1
2.281428750E0,-4.021987021E-1,7.084915042E-1,-7.925859839E-2
2.291451750E0,-3.184496462E-1,8.195975423E-1,2.114835009E-2
2.301474750E0,-2.263668478E-1,8.279423118E-1,1.510847807E-1
2.311497750E0,-2.136450261E-1,7.439038157E-1,2.373936921E-1
2.321521750E0,-2.014568001E-1,6.123812199E-1,2.815893888E-1
2.331544750E0,-2.399486899E-1,3.712283373E-1,3.094923198E-1
2.341567750E0,-2.042021453E-1,1.201087311E-1,3.865380883E-1
2.351590750E0,-1.041413471E-1,-1.730808616E-1,5.143584609E-1
2.361614750E0,-4.840830714E-2,-3.205124140E-1,6.218063235E-1
2.371637750E0,1.019739211E-1,-3.271380067E-1,7.211117744E-1
2.381660750E0,2.084686756E-1,-2.893011570E-1,7.805559039E-1
2.391683750E0,2.707200646E-1,-9.782253206E-2,8.208655715E-1
2.401706750E0,4.256827533E-1,-2.074478939E-2,8.915709257E-1
2.411730750E0,4.794417918E-1,-6.160753965E-2,9.457158446E-1
2.421753750E0,4.773682356E-1,-9.620679915E-2,9.783193469E-1
2.431776750E0,4.380863905E-1,-1.954343170E-1,1.068079352E0
2.441799750E0,3.883952498E-1,-2.867527604E-1,1.264184117E0
2.451823750E0,4.668705165E-1,-3.427728415E-1,1.506711006E0
2.461846750E0,5.422278643E-1,-4.106589258E-1,1.650959253E0
2.471869750E0,6.407800317E-1,-3.813805580E-1,1.646583438E0
2.481892750E0,7.594187856E-1,-3.384895325E-1,1.588927865E0
2.491915750E0,7.662679553E-1,-2.345369160E-1,1.533353686E0
2.501939750E0,6.865496635E-1,-2.381189540E-2,1.475409150E0
2.511962750E0,7.219930887E-1,1.805315316E-1,1.403944016E0
2.521985750E0,8.322026730E-1,8.784206957E-2,1.316380858E0
2.532008750E0,8.251344562E-1,1.926464029E-4,1.237381577E0
2.542032750E0,9.158890843E-1,-5.890875682E-2,1.201566339E0
2.552055750E0,9.516966939E-1,-3.013945520E-1,1.195854902E0
2.562078750E0,1.016139627E0,-4.568960071E-1,1.195688486E0
2.572101750E0,1.142195225E0,-5.473777056E-1,1.182556391E0
2.582125750E0,1.202318192E0,-5.523508787E-1,1.123252273E0
2.592148750E0,1.311747789E0,-4.505486190E-1,1.012351871E0
2.602171750E0,1.233519077E0,-3.282069862E-1,9.503389001E-1
2.612194750E0,1.059170008E0,-8.821684867E-2,9.713592529E-1
2.622218750E0,1.042948961E0,4.769757763E-2,1.030196428E0
2.632241750E0,1.020270467E0,3.097054362E-1,1.034253359E0
2.642264750E0,9.134085178E-1,3.943217695E-1,9.849222302E-1
2.652287750E0,7.899324894E-1,2.055124491E-1,9.641517997E-1
2.662310750E0,9.119660258E-1,-2.744304202E-2,1.008772492E0
2.672334750E0,1.006373525E0,1.358508170E-1,9.865130186E-1
2.682357750E0,9.526734948E-1,3.748676479E-1,7.571203113E-1
2.692380750E0,9.305391908E-1,5.864960551E-1,4.271951318E-1
2.702403750E0,8.437515497E-1,7.982772589E-1,1.626729369E-1
2.712427750E0,7.166637778E-1,8.010800481E-1,6.873592734E-3
2.722450750E0,5.756986737E-1,8.457745910E-1,-6.083355099E-2
2.732473750E0,5.342693329E-1,7.801911831E-1,-8.084442466E-2
2.742496750E0,5.034834146E-1,7.588469982E-1,2.042732667E-3
2.752520750E0,5.624475479E-1,1.131104112E0,1.282470822E-1
2.762543750E0,5.366820097E-1,1.412222385E0,1.874068081E-1
2.772566750E0,5.710539818E-1,1.444822669E0,1.543220133E-1
2.782589750E0,5.374584198E-1,1.104629874E0,1.584616303E-2
2.792612750E0,5.913355947E-1,5.468897223E-1,-1.383231282E-1
2.802636750E0,6.003932953E-1,2.256994694E-1,-2.756032348E-1
2.812659750E0,5.014719963E-1,2.397727035E-2,-4.755156040E-1
2.822682750E0,4.480974674E-1,-1.280719191E-1,-7.935990095E-1
2.832706125E0,4.900003672E-1,-4.187717289E-2,-1.131519794E0
2.842730125E0,4.641985893E-1,7.364089787E-2,-1.357178688E0
2.852753125E0,4.756618440E-1,1.112767607E-1,-1.378507733E0
2.862776125E0,4.161777496E-1,3.471838236E-1,-1.178340316E0
2.872799125E0,5.276668668E-1,6.112501621E-1,-9.407725334E-1
2.882823125E0,6.200910807E-1,6.940963268E-1,-8.826000690E-1
2.892846125E0,6.530420184E-1,8.645752668E-1,-9.978609085E-1
2.902869125E0,5.002319813E-1,8.390856385E-1,-1.185977340E0
2.912892125E0,1.696150154E-1,5.121129155E-1,-1.227015257E0
2.922916125E0,-3.258474469E-1,2.060515434E-1,-1.001763940E0
2.932939125E0,-9.983227253E-1,1.554138660E-1,-6.916914582E-1
2.942962125E0,-1.586746335E0,4.705963135E-1,-4.437416196E-1
2.952985125E0,-2.100306034E0,9.761177897E-1,-2.568985820E-1
2.963008125E0,-2.503995657E0,1.374719024E0,-1.226038784E-1
2.973032125E0,-2.748544693E0,1.615380526E0,-2.937426977E-2
2.983055125E0,-2.912481308E0,1.868710160E0,-4.717377201E-2
2.993078125E0,-3.203529358E0,2.020273924E0,-1.474006921E-1
3.003101125E0,-3.663315296E0,2.027356148E0,-2.871351540E-1
3.013125125E0,-4.114410877E0,2.244645119E0,-3.127380610E-1
3.023148125E0,-4.276738644E0,2.592935324E0,-1.272781938E-1
3.033171125E0,-4.461343288E0,2.535681248E0,2.872823477E-1
3.043194125E0,-4.683267117E0,1.982511044E0,9.101477861E-1
3.053218125E0,-4.979520798E0,9.446855187E-1,1.614503860E0
3.063241125E0,-5.246620655E0,-4.452840686E-1,2.246023417E0
3.073264125E0,-5.413712978E0,-1.860437036E0,2.777823448E0
3.083287125E0,-5.346336842E0,-2.974226713E0,3.297182322E0
3.093310125E0,-5.151001453E0,-3.916364193E0,3.755449295E0
3.103334125E0,-5.008488178E0,-4.774307251E0,4.181534767E0
3.113357125E0,-4.702483177E0,-5.694545269E0,4.667256355E0
3.123380125E0,-3.981042862E0,-6.398224354E0,5.058083534E0
3.133403125E0,-3.064740181E0,-6.455385208E0,5.231802464E0
3.143427125E0,-2.113618612E0,-6.027190685E0,5.346406937E0
3.153450125E0,-1.175799131E0,-5.389473915E0,5.501656532E0
3.163473125E0,-4.126224816E-1,-4.744703293E0,5.687637806E0
3.173496125E0,4.575634003E-2,-4.267664433E0,5.893330574E0
3.183520125E0,3.792994022E-1,-3.711125135E0,6.034411907E0
3.193543125E0,8.336139321E-1,-3.158367395E0,5.980439663E0
3.203566125E0,1.365933776E0,-2.771023035E0,5.688695908E0
3.213589125E0,1.729185820E0,-2.328893423E0,5.169892311E0
3.223612125E0,1.921185374E0,-1.686675787E0,4.677953243E0
3.233636125E0,1.976761580E0,-1.005588651E0,4.322601318E0
3.243659125E0,1.861250162E0,-2.825153768E-1,4.002476692E0
3.253682125E0,1.712233901E0,3.161499202E-1,3.569141388E0
3.263705125E0,1.670555115E0,8.079343438E-1,3.042149544E0
3.273729125E0,1.830139995E0,1.254021525E0,2.488858223E0
3.283752125E0,2.053645134E0,1.606085062E0,1.913742423E0
3.293775125E0,2.196694374E0,1.505003691E0,1.263125658E0
3.303798125E0,2.059969902E0,7.754688859E-1,6.755918860E-1
3.313822125E0,1.663134098E0,-7.991164327E-1,4.070918262E-1
3.323845125E0,1.317028403E0,-2.598038912E0,4.528662264E-1
3.333868125E0,1.101033211E0,-3.666137457E0,6.254371405E-1
3.343891125E0,1.074183226E0,-4.121401787E0,7.187082767E-1
3.353915125E0,1.097550392E0,-4.014737129E0,5.449643135E-1
3.363938125E0,1.062237620E0,-3.580113888E0,1.186180264E-1
3.373961125E0,9.863963723E-1,-2.902739763E0,-3.280891776E-1
3.383984125E0,7.669002414E-1,-2.488943815E0,-6.812541485E-1
3.394007125E0,6.302492619E-1,-2.656500816E0,-9.487532973E-1
3.404031125E0,2.702218592E-1,-3.139563084E0,-1.194511890E0
3.414054125E0,-2.276159674E-1,-2.625511408E0,-1.115081787E0
3.424077125E0,-5.832292438E-1,-1.347666740E0,-4.394314289E-1
3.434100125E0,-8.484362960E-1,-3.539861143E-1,2.267777324E-1
3.444124125E0,-8.007398844E-1,8.643013239E-2,3.855915964E-1
3.454147125E0,-5.626149774E-1,1.687974185E-1,1.943635046E-1
3.464170125E0,-4.969089627E-1,2.211098969E-1,-6.575594842E-2
3.474193125E0,-4.345273674E-1,3.884916008E-1,-3.012790978E-1
3.484217125E0,-1.723895073E-1,6.408854723E-1,-3.965819180E-1
3.494240125E0,2.579486072E-1,8.455308676E-1,-2.445373088E-1
3.504263125E0,6.918920279E-1,1.099962831E0,5.742654577E-2
3.514286125E0,6.951846480E-1,9.719449282E-1,4.748802185E-1
3.524310125E0,9.072887897E-2,3.353511989E-1,8.900771141E-1
3.534333125E0,-5.648517609E-1,-1.459402740E-1,9.385409951E-1
3.544356125E0,-6.945567131E-1,6.900478154E-2,4.688917398E-1
3.554379125E0,-3.573104143E-1,5.012227297E-1,-2.424156517E-1
3.564402125E0,6.435161084E-2,1.023580790E0,-7.144193649E-1
3.574426125E0,2.021550834E-1,1.228905678E0,-7.288797498E-1
3.584449125E0,5.302525312E-2,1.006402254E0,-4.710498452E-1
3.594472125E0,-2.503070533E-1,1.625017822E-1,-1.817081571E-1
3.604495125E0,-5.519707203E-1,-9.225797653E-1,1.041305140E-1
3.614519125E0,-6.896543503E-1,-1.406039953E0,2.963863611E-1
3.624542125E0,-7.163953781E-1,-1.185741425E0,3.371010423E-1
3.634565125E0,-5.896098614E-1,-6.360213161E-1,2.386603951E-1
3.644588125E0,-3.407070935E-1,-5.897634849E-2,2.983395755E-2
3.654612125E0,-1.059816033E-1,5.242164731E-1,-2.196106613E-1
3.664635125E0,5.308767036E-2,1.031890750E0,-4.220716357E-1
3.674658125E0,1.545524299E-1,1.328769088E0,-5.059647560E-1
3.684681125E0,1.688530743E-1,1.373724341E0,-4.440004528E-1
3.694705125E0,8.371713758E-2,1.151207924E0,-2.987966537E-1
3.704728125E0,-3.409508616E-3,8.576362729E-1,-1.641653478E-1
3.714751125E0,-1.038182229E-1,7.647101283E-1,-1.243202910E-1
3.724774125E0,-1.323673129E-1,1.070830107E0,-2.002528757E-1
3.734797125E0,-3.880620003E-2,1.589242578E0,-4.109530151E-1
3.744821125E0,3.844065219E-2,1.945883989E0,-6.588839889E-1
3.754844125E0,2.103847452E-2,2.067483664E0,-7.761030793E-1
3.764867125E0,-1.144439876E-1,2.024238110E0,-7.679939866E-1
3.774890125E0,-2.261172533E-1,2.011441469E0,-6.375046372E-1
3.784914125E0,-1.921574175E-1,2.112238169E0,-4.836204648E-1
3.794937125E0,-1.103548929E-1,2.135238647E0,-4.097042084E-1
3.804960125E0,-7.905369252E-2,1.858633280E0,-4.527531266E-1
3.814983125E0,-7.232460380E-2,1.355628729E0,-5.656293631E-1
3.825007125E0,-1.739944965E-1,8.543469310E-1,-6.809178591E-1
3.835029250E0,-3.057660758E-1,5.938062072E-1,-7.359413505E-1
3.845052250E0,-3.306855559E-1,5.518430471E-1,-6.994296908E-1
3.855075250E0,-3.165966272E-1,5.415192842E-1,-6.059719324E-1
3.865098250E0,-3.706944883E-1,4.586371779E-1,-5.138886571E-1
3.875122250E0,-4.629352093E-1,4.284315407E-1,-4.867210984E-1
3.885145250E0,-5.591765642E-1,5.954439640E-1,-5.371643305E-1
3.895168250E0,-6.492923498E-1,8.333711028E-1,-6.326861382E-1
3.905191250E0,-6.458065510E-1,1.011748552E0,-7.443777323E-1
3.915215250E0,-5.720325112E-1,1.064803123E0,-8.094863296E-1
3.925238250E0,-5.068032146E-1,1.033247352E0,-8.188052773E-1
3.935261250E0,-4.209020138E-1,9.990953207E-1,-8.062073588E-1
3.945284250E0,-3.581094742E-1,8.837972283E-1,-7.825161219E-1
3.955308250E0,-3.631550372E-1,6.743664145E-1,-7.666087151E-1
3.965331250E0,-3.927685916E-1,4.693054557E-1,-7.194632888E-1
3.975354250E0,-4.358561933E-1,4.354056120E-1,-6.157745123E-1
3.985377250E0,-4.591346383E-1,5.248004794E-1,-5.715500712E-1
3.995401250E0,-4.500862360E-1,5.672429204E-1,-6.670632958E-1
4.005424250E0,-4.290747046E-1,5.284617543E-1,-7.186873555E-1
4.015447250E0,-4.201741517E-1,4.798144996E-1,-6.530706882E-1
4.025470250E0,-4.392916560E-1,4.311130047E-1,-5.172222853E-1
4.035494250E0,-4.035183489E-1,4.095948637E-1,-3.632605672E-1
4.045517250E0,-2.968702018E-1,5.633924007E-1,-2.621475160E-1
4.055540250E0,-2.730287910E-1,8.508888483E-1,-2.665867507E-1
4.065563250E0,-3.110837638E-1,1.020041585E0,-3.515077829E-1
4.075586250E0,-3.103322685E-1,9.631385803E-1,-3.998807669E-1
4.085610250E0,-3.681689501E-1,8.973755836E-1,-3.330639303E-1
4.095633250E0,-3.473158479E-1,8.777738810E-1,-2.203712016E-1
4.105656250E0,-1.655482054E-1,9.024648666E-1,-2.076554149E-1
4.115679250E0,-1.227597892E-1,8.834753036E-1,-3.362787962E-1
4.125703250E0,-1.106655747E-1,7.932977676E-1,-4.484985471E-1
4.135726250E0,-1.407628693E-2,6.830939054E-1,-3.844578564E-1
4.145749250E0,1.562781259E-2,5.497776270E-1,-1.898545474E-1
4.155772250E0,-8.952353895E-2,2.621175051E-1,-1.604619808E-2
4.165796250E0,-1.878232062E-1,-2.155281417E-2,3.940507770E-2
4.175819250E0,-1.529360414E-1,1.318920031E-2,-3.509228677E-2
4.185842250E0,-5.693041906E-2,9.954565763E-2,-1.938659549E-1
4.195865250E0,-3.833129257E-2,-1.169078872E-1,-2.771387100E-1
4.205889250E0,-2.420375682E-2,-3.539582789E-1,-2.445874065E-1
4.215912250E0,-2.425124310E-2,-3.545364141E-1,-2.188458145E-1
4.225935250E0,-3.968878835E-2,-1.208256632E-1,-2.777213752E-1
4.235958250E0,-1.185481697E-1,1.593230218E-1,-3.840597272E-1
4.245981250E0,-1.601893455E-1,1.753824204E-1,-4.600767195E-1
4.256005250E0,-1.110490859E-1,3.203306347E-2,-3.795059621E-1
4.266028250E0,-1.550439745E-1,2.665454149E-2,-1.571341753E-1
4.276051250E0,-1.743224412E-1,1.100080162E-1,6.920680404E-2
4.286074250E0,-1.504333466E-1,3.155950010E-1,1.827762425E-1
4.296098250E0,-9.146101773E-2,6.201408505E-1,1.263415366E-1
4.306121250E0,2.685737424E-2,7.865655422E-1,-3.523325175E-2
4.316144250E0,4.300557822E-2,6.397518516E-1,-1.786707640E-1
4.326167250E0,-6.603382528E-2,1.544248909E-1,-2.182261646E-1
4.336191250E0,-3.010237217E-2,-2.937161326E-1,-1.299383938E-1
4.346214250E0,1.820657030E-2,-3.933719099E-1,-1.111442922E-3
4.356237250E0,3.102993779E-2,-2.337255925E-1,6.634430960E-3
4.366260250E0,1.374956518E-1,-3.269181401E-2,-9.658063948E-2
4.376284250E0,8.021491766E-2,8.538355678E-2,-1.614559293E-1
4.386307250E0,2.130242065E-4,-6.286875904E-2,-1.697705835E-1
4.396330250E0,-2.661338449E-2,-3.254645765E-1,-1.371874511E-1
4.406353250E0,-1.177531667E-2,-2.689208686E-1,-5.824709684E-2
4.416377250E0,-6.117454171E-2,6.534693390E-2,1.609018072E-2
4.426400250E0,1.059275353E-3,2.979104221E-1,1.002668366E-1
4.436423250E0,6.225019321E-2,4.187577367E-1,1.668530554E-1
4.446446250E0,2.401359379E-2,3.205265105E-1,1.234629750E-1
4.456469250E0,4.187963530E-2,1.962715387E-1,5.207815021E-2
4.466493250E0,1.162510738E-1,3.424260616E-1,1.264712028E-2
4.476516250E0,2.507338524E-1,5.290249586E-1,-6.066998467E-2
4.486539250E0,3.020244837E-1,4.720578194E-1,-1.296908557E-1
4.496562250E0,2.004014105E-1,1.293685287E-1,-1.834551543E-1
4.506586250E0,1.535020769E-1,-3.821136355E-1,-1.943418980E-1
4.516609250E0,-5.044074263E-3,-6.141605377E-1,-9.377416968E-2
4.526632250E0,-5.791581050E-2,-4.434636235E-1,1.285054162E-2
4.536655250E0,6.408849359E-2,-1.720871776E-1,-3.244354855E-3
4.546679250E0,-8.846965618E-3,-5.190344527E-3,-1.353568435E-1
4.556702250E0,-1.785095036E-2,7.318056375E-2,-2.756771445E-1
4.566725250E0,2.104272246E-1,4.354359806E-1,-3.149608970E-1
4.576748250E0,1.755786538E-1,8.433554769E-1,-2.595843971E-1
4.586772250E0,1.079042777E-1,6.247041225E-1,-2.169969976E-1
4.596795250E0,9.689728171E-2,1.893812418E-1,-1.761583835E-1
4.606818250E0,-1.858377270E-2,1.289258897E-1,-1.044551730E-1
4.616841250E0,3.293218091E-3,2.515202165E-1,-6.872208416E-2
4.626865250E0,7.020845078E-3,2.017097771E-1,-3.203783557E-2
4.636888250E0,-1.781808883E-1,-1.111495942E-1,4.078548774E-2
4.646911250E0,-1.618775427E-1,-3.695744872E-1,1.401379891E-2
4.656934250E0,-5.473347753E-2,-2.445938140E-1,-9.110504389E-2
4.666958250E0,-1.179792881E-1,9.565004706E-2,-1.458574980E-1
4.676981250E0,1.384177059E-2,3.163886070E-1,-1.954472512E-1
4.687004250E0,7.098788023E-2,5.893378258E-1,-1.762344092E-1
4.697027250E0,-1.308190972E-1,4.955948889E-1,-1.412514895E-1
4.707050250E0,-1.657706797E-1,-2.681024373E-2,-6.996533275E-2
4.717074250E0,-1.247652769E-1,-9.799817950E-2,1.241787076E-1
4.727097250E0,-5.417206511E-2,2.805438042E-1,3.141827285E-1
4.737120250E0,1.187968031E-1,6.514737606E-1,3.170699477E-1
4.747143250E0,2.420763969E-1,8.672529459E-1,3.102740943E-1
4.757167250E0,1.268088222E-1,8.054771423E-1,2.895790339E-1
4.767190250E0,5.528734066E-3,1.386178732E-1,2.046390921E-1
4.777213250E0,-9.315048344E-3,-4.965155423E-1,1.805243194E-1
4.787236250E0,-8.054501563E-2,-3.874748051E-1,2.238986939E-1
4.797260250E0,-1.201495081E-1,-1.225000247E-2,1.767843515E-1
4.807283250E0,-9.589971043E-3,2.920776904E-1,1.264599264E-1
4.817306250E0,7.874419540E-2,5.355570316E-1,1.527238786E-1
4.827329250E0,2.524687722E-2,4.684318006E-1,1.649938673E-1
4.837353958E0,1.791322529E-1,3.140220344E-1,1.183176488E-1
4.847376958E0,1.892453432E-1,3.453650475E-1,-1.068054512E-2
4.857399958E0,1.460453570E-1,3.422553539E-1,-1.536228508E-1
4.867422958E0,1.563611031E-1,4.228836298E-1,-1.603401303E-1
4.877446958E0,2.428443730E-2,3.099127412E-1,-8.854834735E-2
4.887469958E0,-3.905805200E-2,-1.040018797E-1,-1.146705002E-1
4.897492958E0,2.022737637E-2,-2.067578286E-1,-1.732754856E-1
4.907515958E0,2.715985104E-2,-1.134150848E-1,-1.821763068E-1
4.917539958E0,8.655960113E-2,-1.039539054E-1,-2.136360854E-1
4.927562958E0,2.052553743E-1,-3.034253046E-2,-2.756363153E-1
4.937585958E0,1.657165587E-1,3.113213480E-1,-3.343081772E-1
4.947608958E0,2.583082393E-2,4.172187448E-1,-4.068670571E-1
4.957631958E0,-4.740645364E-2,1.179468036E-1,-3.649100065E-1
4.967655958E0,-9.958630055E-2,-1.529083848E-1,-1.198190451E-1
4.977678958E0,-8.527790010E-2,-1.289701760E-1,8.308412880E-2
4.987701958E0,1.088725403E-2,2.594166994E-1,3.106619976E-2
4.997724958E0,1.394133419E-1,5.711989999E-1,-1.489862204E-1
5.007748958E0,1.812552661E-2,3.141810298E-1,-3.117341101E-1
5.017771958E0,-2.583971620E-2,-3.037495911E-1,-4.147701263E-1
5.027794958E0,4.067033157E-2,-5.969412923E-1,-3.450523019E-1
5.037817958E0,-6.227129698E-2,-5.207992196E-1,-1.750325412E-1
5.047841958E0,-2.040986158E-2,-2.984796166E-1,-1.124423966E-1
5.057864958E0,1.147042662E-1,2.498119138E-2,-8.659608662E-2
5.067887958E0,2.109228633E-2,3.477712274E-1,-1.557436958E-2
5.077910958E0,-2.772099152E-2,3.332973421E-1,-4.656168073E-2
5.087934958E0,-5.439867824E-2,1.639871597E-1,-1.020443812E-1
5.097957958E0,-2.156006247E-1,2.263528854E-1,-4.427291825E-2
5.107980958E0,-1.954343766E-1,4.748045206E-1,6.497052033E-3
5.118003958E0,-1.165064275E-1,6.899889708E-1,3.663261235E-2
5.128027958E0,-1.738112569E-1,7.160176635E-1,5.830008909E-2
5.138050958E0,-1.672741026E-1,5.124120116E-1,2.574234456E-2
5.148073958E0,-7.871547341E-2,1.364149153E-1,3.968186304E-2
5.158096958E0,-1.653586775E-1,-2.216417193E-1,5.299594253E-2
5.168120958E0,-1.572810411E-1,-6.016101241E-1,-8.097037673E-2
5.178143958E0,1.724994509E-3,-6.231910586E-1,-1.338207722E-1
5.188166958E0,6.399715692E-2,-1.322253644E-1,-3.021102026E-2
5.198189958E0,1.471279860E-1,2.059041113E-1,2.787457034E-2
5.208213958E0,3.461635113E-2,1.947398633E-1,1.713531762E-1
5.218236958E0,-2.067959756E-1,2.669399977E-2,3.618175089E-1
5.228259958E0,-1.796676815E-1,-1.194666699E-1,3.817241192E-1
5.238282958E0,-1.228776127E-1,1.000703201E-1,3.359263539E-1
5.248306958E0,-1.743040532E-1,5.346457362E-1,3.396030962E-1
5.258329958E0,-1.644708216E-1,7.852740288E-1,3.212943971E-1
5.268352958E0,-1.733489521E-2,8.591243029E-1,3.122036755E-1
5.278375958E0,7.524798065E-2,8.199403286E-1,2.961642742E-1
5.288399958E0,7.174926810E-3,5.225331187E-1,1.798685640E-1
5.298422958E0,9.515448660E-2,1.831598282E-1,1.306992471E-1
5.308445958E0,1.385379136E-1,6.460707635E-2,2.212003917E-1
5.318468958E0,6.357734650E-2,7.877843082E-2,3.211561441E-1
5.328491958E0,1.915688254E-2,-5.922577903E-2,2.738682628E-1
5.338515958E0,2.032738179E-2,-2.497937232E-1,1.651818603E-1
5.348538958E0,-4.176634923E-2,-1.918894202E-1,2.028192393E-2
5.358561958E0,4.777084105E-3,8.176017553E-2,-1.861997843E-1
5.368584958E0,3.013676964E-2,4.501807988E-1,-2.669258118E-1
5.378608958E0,-4.062021151E-2,5.753968954E-1,-2.326300591E-1
5.388631958E0,-1.264323294E-1,3.017935753E-1,-1.898069680E-1
5.398654958E0,-1.600434482E-1,-1.127155125E-1,-8.657155186E-2
5.408677958E0,-1.048411876E-1,-3.788462579E-1,4.226472229E-2
5.418701958E0,2.313292772E-2,-5.194453001E-1,1.171519458E-1
5.428724958E0,1.395921558E-1,-4.403595328E-1,1.218697354E-1
5.438747958E0,4.837533087E-2,-3.571479917E-1,1.908606850E-2
5.448770958E0,-1.071980223E-1,-7.597713470E-1,-1.814680696E-1
5.458794958E0,-5.770956725E-2,-1.071719408E0,-3.176594675E-1
5.468817958E0,-1.491763592E-1,-9.018411040E-1,-3.533237278E-1
5.478840958E0,-2.862964869E-1,-7.765390277E-1,-4.627872705E-1
5.488863958E0,-1.416063905E-1,-7.566601038E-1,-5.770967603E-1
5.498887958E0,-9.930343181E-2,-6.462185979E-1,-6.222173572E-1
5.508910958E0,-2.603341043E-1,-7.020472288E-1,-7.230294347E-1
5.518933958E0,-2.169063091E-1,-7.027099133E-1,-6.841724515E-1
5.528956958E0,-1.574198157E-1,-2.921580672E-1,-4.242708385E-1
5.538980958E0,-1.620048732E-1,3.068816662E-1,-2.107310891E-1
5.549003958E0,-1.038680598E-1,7.607567310E-1,-2.424062043E-1
5.559026958E0,-2.737938464E-1,8.080902100E-1,-3.864056468E-1
5.569049958E0,-4.157613814E-1,3.942458928E-1,-5.615140200E-1
5.579073958E0,-3.194088936E-1,-1.548544019E-1,-7.058578134E-1
5.589096958E0,-2.745436728E-1,-4.712397754E-1,-7.296313643E-1
5.599119958E0,-2.341811806E-1,-6.195886135E-1,-6.711152196E-1
5.609142958E0,-1.411590874E-1,-8.456345201E-1,-5.822947621E-1
5.619166958E0,-9.977381676E-2,-1.000957966E0,-4.488105774E-1
5.629189958E0,-1.949844956E-1,-1.026685715E0,-4.057216942E-1
5.639212958E0,-1.810091287E-1,-8.708461523E-1,-4.217273891E-1
5.649235958E0,-1.751989126E-1,-4.332802594E-1,-4.010820389E-1
5.659259958E0,-6.116264686E-2,9.486125410E-2,-4.548970163E-1
5.669282958E0,6.592473388E-2,4.759931564E-1,-5.713498592E-1
5.679305958E0,-1.900710911E-1,5.040253401E-1,-6.068167686E-1
5.689328958E0,-3.446859419E-1,2.623663545E-1,-5.531990528E-1
5.699352958E0,-2.655818760E-1,1.040096059E-1,-4.096058011E-1
5.709375958E0,-3.110135496E-1,1.320284754E-1,-1.327270567E-1
5.719398958E0,-3.703217506E-1,7.337639481E-2,1.000781357E-1
5.729421958E0,-2.922077775E-1,4.563158378E-2,1.665660739E-1
5.739445958E0,-2.363932282E-1,2.650603652E-1,1.491237432E-1
5.749468958E0,-3.180614412E-1,3.849529326E-1,1.279254258E-2
5.759491958E0,-2.888987064E-1,2.801288366E-1,-1.363866925E-1
5.769514958E0,-1.419361532E-1,2.830255330E-1,-7.418882847E-2
5.779538958E0,-1.743222773E-2,3.471206129E-1,1.581044346E-1
5.789561958E0,6.386236101E-2,4.160128534E-1,2.810090482E-1
5.799584958E0,6.770320982E-2,5.644224286E-1,2.122692615E-1
5.809607958E0,-9.769799560E-2,6.895422339E-1,6.859038770E-2
5.819631958E0,-3.260892928E-1,5.250509977E-1,-9.087917954E-2
5.829654958E0,-3.385393023E-1,1.451726854E-1,-2.026232779E-1
5.839677875E0,-3.272415996E-1,-7.113392651E-2,-1.093296930E-1
5.849700875E0,-1.772710085E-1,1.903855652E-1,9.784346074E-2
5.859724875E0,1.989157349E-1,9.309524298E-1,2.410439998E-1
5.869747875E0,3.886177540E-1,1.741561651E0,3.810170889E-1
5.879770875E0,3.421906531E-1,1.736394167E0,4.154802859E-1
5.889793875E0,2.420845777E-1,1.023137093E0,2.787149847E-1
5.899816875E0,3.972630203E-2,2.584591210E-1,1.367225349E-1
5.909840875E0,-1.078253463E-1,-5.357333422E-1,-4.815571010E-2
5.919863875E0,2.570647933E-2,-1.043088913E0,-2.033506632E-1
5.929886875E0,5.337246135E-2,-5.965614319E-1,-1.245818138E-1
5.939910875E0,2.100586146E-1,1.751660854E-1,-5.221968889E-2
5.949933875E0,3.837840855E-1,5.595608950E-1,-5.604958534E-2
5.959956875E0,3.063223064E-1,2.357380837E-1,5.132281221E-3
5.969979875E0,1.766364723E-1,-4.555420876E-1,5.439836532E-2
5.980002875E0,5.426304881E-3,-9.995570779E-1,7.750926167E-2
5.990026875E0,-7.451247424E-2,-8.486945629E-1,1.399819180E-2
6.000049875E0,-1.157611534E-1,-3.240011930E-1,-7.805417478E-2
6.010072875E0,-9.607533365E-2,2.133517414E-1,-2.010352537E-2
6.020095875E0,1.019168412E-3,7.820410728E-1,1.890969872E-1
6.030119875E0,8.036166430E-2,1.216315031E0,3.456746042E-1
6.040142875E0,5.050688609E-2,1.361610889E0,4.305743873E-1
6.050165875E0,-3.828796372E-2,9.621891975E-1,4.661417007E-1
6.060188875E0,1.078164577E-2,3.083833158E-1,4.373443127E-1
6.070212875E0,1.389228404E-1,-1.210338324E-1,3.258952796E-1
6.080235875E0,2.464677840E-1,-5.611238480E-1,1.921074241E-1
6.090258875E0,3.105607331E-1,-9.139919281E-1,1.485714018E-1
6.100281875E0,2.729764283E-1,-1.230428457E0,1.092628539E-1
6.110305875E0,1.238703057E-1,-1.130650401E0,2.026149184E-1
6.120328875E0,-1.972606778E-2,-7.620716691E-1,3.793717623E-1
6.130351875E0,-6.454307586E-2,-3.509626985E-1,5.406844616E-1
6.140374875E0,-7.398276776E-2,9.648074955E-2,6.639064550E-1
6.150398875E0,2.010378428E-2,3.439981341E-1,7.350181341E-1
6.160421875E0,9.136249125E-2,6.869819760E-1,7.046937943E-1
6.170444875E0,1.018777192E-1,1.220289350E0,4.644508362E-1
6.180467875E0,4.612520803E-3,1.424626946E0,1.816976964E-1
6.190491875E0,-3.999648988E-2,8.944351673E-1,-7.474625949E-3
6.200514875E0,-8.792342991E-2,2.886821628E-1,-7.038830966E-2
6.210537875E0,-8.372095972E-2,1.370042264E-1,-4.836104065E-2
6.220560875E0,-3.218612820E-2,3.688979149E-1,3.721404448E-2
6.230584875E0,6.157072261E-2,3.832558095E-1,8.976513892E-2
6.240607875E0,1.556142718E-1,1.748114377E-1,1.332047116E-2
6.250630875E0,1.905291080E-1,-1.378484629E-2,-1.373068541E-1
6.260653875E0,2.515144050E-1,-1.633636206E-1,-1.603832990E-1
6.270677875E0,5.333634466E-2,-4.288206100E-1,-1.408002824E-1
6.280700875E0,1.580338180E-2,-6.342647076E-1,-1.890074760E-1
6.290723875E0,7.834638655E-2,-4.288774133E-1,-2.452465147E-1
6.300746875E0,2.623770572E-2,-3.281396925E-1,-4.432144165E-1
6.310770875E0,-9.455848485E-2,-6.712621450E-1,-6.556110978E-1
6.320793875E0,-3.395189065E-3,-8.076093197E-1,-7.049531341E-1
6.330816875E0,-1.134007871E-1,-5.396779776E-1,-7.049243450E-1
6.340839875E0,-3.101969063E-1,-3.693804741E-1,-6.997334361E-1
6.350863875E0,-3.697574139E-1,-3.326717317E-1,-6.397289038E-1
6.360886875E0,-4.158014953E-1,-2.013010085E-1,-5.913632512E-1
6.370909875E0,-3.942613304E-1,-1.921457425E-2,-6.725060344E-1
6.380932875E0,-3.060995042E-1,1.699832082E-1,-8.131178021E-1
6.390956875E0,-3.582021296E-1,2.667510211E-1,-8.986257911E-1
6.400979875E0,-2.981006801E-1,1.067505777E-1,-8.419736028E-1
6.411002875E0,-4.169242680E-1,-1.149498597E-1,-7.084102035E-1
6.421025875E0,-5.123220086E-1,-4.488512874E-1,-6.453371048E-1
6.431049875E0,-5.683163404E-1,-5.917541385E-1,-6.446005106E-1
6.441072875E0,-5.122339129E-1,-4.444540739E-1,-6.267957091E-1
6.451095875E0,-5.536109209E-1,-1.777275652E-1,-6.275848150E-1
6.461118875E0,-4.264586866E-1,-3.134535551E-1,-6.919106245E-1
6.471142875E0,-2.519856989E-1,-5.393793583E-1,-6.892908812E-1
6.481165875E0,-1.901789159E-1,-4.387239516E-1,-6.194081306E-1
6.491188875E0,-1.958125681E-1,-4.426987171E-1,-5.353185534E-1
6.501211875E0,-2.315734178E-1,-7.405621409E-1,-5.203185081E-1
6.511235875E0,-2.667135298E-1,-9.470628500E-1,-5.460909605E-1
6.521258875E0,-3.638625741E-1,-7.115417123E-1,-5.660812259E-1
6.531281875E0,-3.321866691E-1,-3.542831540E-1,-5.568411350E-1
6.541304875E0,-2.863779664E-1,-8.218418807E-2,-5.526861548E-1
6.551328875E0,-2.828561962E-1,1.577101648E-1,-5.822964907E-1
6.561351875E0,-1.334184706E-1,2.173019350E-1,-6.441755891E-1
6.571374875E0,6.752102822E-2,2.759706080E-1,-7.084736228E-1
6.581397875E0,1.613446027E-1,2.467212975E-1,-8.455449939E-1
6.591421875E0,3.712711930E-1,-5.258945227E-1,-9.940276742E-1
6.601444875E0,3.982992172E-1,-1.422932506E0,-1.017761469E0
6.611467875E0,3.106458187E-1,-1.862114429E0,-9.896214008E-1
6.621490875E0,4.413421452E-1,-2.056650162E0,-9.435841441E-1
6.631514875E0,3.908536732E-1,-2.282886267E0,-8.898074627E-1
6.641537875E0,1.803489774E-1,-2.678715706E0,-7.973037958E-1
6.651560875E0,-2.218521945E-2,-3.030883551E0,-6.288095713E-1
6.661584875E0,-2.765545063E-2,-3.082903385E0,-5.122005343E-1
6.671607875E0,-6.651736051E-2,-2.511122465E0,-5.040637851E-1
6.681630875E0,-8.985767514E-2,-1.548459411E0,-5.928391814E-1
6.691653875E0,1.080684587E-1,-7.114946246E-1,-7.004476190E-1
6.701677875E0,2.451074719E-1,-1.756571084E-1,-7.682794929E-1
6.711700875E0,2.047464699E-1,1.791129559E-1,-8.126040697E-1
6.721723875E0,1.469764262E-1,4.308829904E-1,-7.938349247E-1
6.731746875E0,-1.658675075E-1,4.854879081E-1,-7.891083956E-1
6.741770875E0,-3.846763074E-1,2.333676368E-1,-8.482392430E-1
6.751793875E0,-5.461522937E-1,-4.309803993E-2,-9.335517287E-1
6.761816875E0,-6.260731220E-1,-7.054196298E-2,-1.012311459E0
6.771839875E0,-5.422126055E-1,1.735572517E-1,-9.955390096E-1
6.781863875E0,-4.976643026E-1,6.953266263E-1,-8.802936077E-1
6.791886875E0,-4.551315010E-1,1.210280538E0,-7.025729418E-1
6.801909875E0,-4.144042134E-1,1.497805476E0,-4.699013233E-1
6.811932875E0,-4.645550251E-1,1.634609461E0,-2.291662097E-1
6.821956875E0,-5.470020771E-1,1.706902385E0,-8.906511217E-2
6.831979875E0,-6.459854245E-1,1.674492717E0,-1.369458288E-1
6.842003333E0,-5.573531985E-1,1.594581485E0,-2.812390327E-1
6.852026333E0,-5.268163085E-1,1.717027187E0,-4.611606002E-1
6.862050333E0,-5.549674630E-1,1.836560011E0,-6.868643165E-1
6.872073333E0,-4.371483922E-1,1.469823718E0,-8.224309683E-1
6.882096333E0,-4.487541318E-1,9.519476295E-1,-7.399836183E-1
6.892119333E0,-5.713111758E-1,5.511628985E-1,-4.456893802E-1
6.902143333E0,-5.789983273E-1,2.695498168E-1,-4.935660213E-2
6.912166333E0,-5.958688855E-1,1.253353804E-1,2.326031774E-1
6.922189333E0,-4.301737845E-1,-4.235924408E-2,2.636519969E-1
6.932212333E0,-4.853472710E-1,-2.006671280E-1,1.261463314E-1
6.942236333E0,-5.251253843E-1,-9.138666838E-2,3.142550588E-3
6.952259333E0,-2.842161357E-1,1.928125620E-1,-4.435207695E-3
6.962282333E0,-1.800146699E-1,5.964043140E-1,4.294716939E-2
6.972305333E0,-2.742706239E-1,1.277028680E0,9.753157943E-2
6.982329333E0,-2.716491818E-1,1.778807282E0,1.972753257E-1
6.992352333E0,-4.016929269E-1,1.793545008E0,2.796399593E-1
7.002375333E0,-5.687921643E-1,1.394242287E0,3.372559249E-1
7.012398333E0,-6.365669370E-1,8.257278204E-1,3.730714321E-1
7.022422333E0,-6.925481558E-1,1.036408395E-1,3.616653681E-1
7.032445333E0,-6.187607646E-1,-4.995571673E-1,3.226548731E-1
7.042468333E0,-5.044522285E-1,-6.326736212E-1,3.768595457E-1
7.052491333E0,-3.797236085E-1,-8.759566396E-2,5.062902570E-1
7.062515333E0,-8.835122734E-2,9.822822213E-1,6.159387827E-1
7.072538333E0,2.621609531E-2,1.924500823E0,5.718695521E-1
7.082561333E0,1.060274094E-1,2.400446177E0,3.373150826E-1
7.092584333E0,2.830842137E-1,2.204247475E0,-3.639804572E-2
7.102608333E0,3.760060370E-1,1.231625795E0,-3.847225904E-1
7.112631333E0,2.888929546E-1,2.966932207E-2,-5.413526893E-1
7.122654333E0,-7.578788325E-3,-1.024523377E0,-3.724075556E-1
7.132677333E0,-1.645696908E-2,-1.825309634E0,1.159429476E-1
7.142701333E0,8.590557426E-2,-2.191845894E0,6.325634718E-1
7.152724333E0,1.174885333E-1,-2.084174633E0,8.823658228E-1
7.162747333E0,2.452283055E-1,-1.402794361E0,8.068386316E-1
7.172771333E0,2.340693921E-1,-1.135822758E-1,4.939462245E-1
7.182794333E0,4.134488106E-1,1.445329070E0,1.006870568E-1
7.192817333E0,8.360146880E-1,2.467613697E0,-1.889801919E-1
7.202840333E0,9.120987654E-1,2.499322891E0,-3.875785470E-1
7.212864333E0,8.360807300E-1,1.743595481E0,-4.561059475E-1
7.222887333E0,8.738415837E-1,3.522920907E-1,-3.400928378E-1
7.232910333E0,8.236908317E-1,-9.993953109E-1,-1.198097467E-1
7.242933333E0,7.963618636E-1,-1.673433304E0,1.276205182E-1
7.252957333E0,8.741487861E-1,-1.892715931E0,3.877240121E-1
7.262980333E0,9.259414673E-1,-1.968844056E0,4.995067418E-1
7.273003333E0,8.977737427E-1,-2.070809126E0,3.543412685E-1
7.283026333E0,8.071451783E-1,-2.097704172E0,1.108193770E-1
7.293050333E0,8.845811486E-1,-1.656195879E0,-8.584654331E-2
7.303073333E0,8.027901053E-1,-8.830299377E-1,-2.841709852E-1
7.313096333E0,7.843716741E-1,-3.101994395E-1,-5.195211768E-1
7.323119333E0,9.001750946E-1,-5.738147348E-2,-6.591262221E-1
7.333143333E0,8.527473807E-1,-2.358888984E-1,-6.563190222E-1
7.343166333E0,7.965374589E-1,-6.821783781E-1,-5.327812433E-1
7.353189333E0,7.411381006E-1,-1.251389623E0,-3.119444847E-1
7.363212333E0,7.759475112E-1,-1.686757803E0,-3.880574554E-2
7.373236333E0,7.632918954E-1,-1.779060006E0,2.219821662E-1
7.383259333E0,4.494598508E-1,-1.490237474E0,3.750792444E-1
7.393282333E0,3.090585470E-1,-9.700831771E-1,3.507411480E-1
7.403305333E0,5.375661254E-1,-2.861081958E-1,2.156500816E-1
7.413329333E0,6.335333586E-1,4.555613995E-1,-1.219772175E-1
7.423352333E0,6.265607476E-1,1.071778059E0,-5.446521640E-1
7.433375333E0,5.202350616E-1,1.159555078E0,-7.943480015E-1
7.443399333E0,3.070999086E-1,7.468960881E-1,-7.430641055E-1
7.453422333E0,1.222416386E-1,1.215922534E-1,-4.001922905E-1
7.463445333E0,2.238043025E-2,-5.700479746E-1,6.549856067E-2
7.473468333E0,-8.077471703E-2,-1.034187198E0,3.693306148E-1
7.483492333E0,-1.428178400E-1,-1.140285730E0,3.628597856E-1
7.493515333E0,-1.202962771E-1,-1.035884500E0,7.799316943E-2
7.503538333E0,-2.371321023E-1,-7.633836269E-1,-4.019509256E-1
7.513561333E0,-1.993591636E-1,-2.554261088E-1,-7.150065303E-1
7.523585333E0,-1.082203165E-1,3.549946249E-1,-7.104404569E-1
7.533608333E0,-1.603042930E-1,6.656603217E-1,-5.230931640E-1
7.543631333E0,-1.570190489E-1,5.554901958E-1,-2.364170402E-1
7.553654333E0,-3.275066018E-1,2.846195698E-1,2.323236503E-2
7.563678333E0,-5.443274379E-1,-1.502401428E-3,1.952607930E-1
7.573701333E0,-7.659852505E-1,-1.285974979E-1,2.647855580E-1
7.583724333E0,-9.214668870E-1,-1.189553812E-1,1.544649005E-1
7.593747333E0,-7.918079495E-1,1.409401651E-2,-9.609889239E-2
7.603771333E0,-6.254682541E-1,1.985983551E-1,-3.419890702E-1
7.613794333E0,-7.205314040E-1,5.591509342E-1,-4.521248937E-1
7.623817333E0,-7.317929864E-1,9.879014492E-1,-3.398314416E-1
7.633840333E0,-6.137297750E-1,1.031325579E0,-7.945179939E-2
7.643864333E0,-5.873289108E-1,6.614909172E-1,1.602061391E-1
7.653887333E0,-5.819397569E-1,9.079252928E-2,3.180221617E-1
7.663910333E0,-5.686276555E-1,-4.340171218E-1,3.520322442E-1
7.673934333E0,-5.588525534E-1,-6.390852928E-1,2.416101247E-1
7.683957333E0,-5.350514054E-1,-4.647504687E-1,2.655310556E-2
7.693980333E0,-5.203824639E-1,2.388817258E-2,-2.308632433E-1
7.704003333E0,-4.522421062E-1,5.440441370E-1,-4.100171328E-1
7.714027333E0,-3.507897854E-1,7.223553061E-1,-4.694423676E-1
7.724050333E0,-3.450632989E-1,4.606291950E-1,-4.156157374E-1
7.734073333E0,-4.504206181E-1,-5.034645274E-2,-2.860774398E-1
7.744096333E0,-5.373235345E-1,-5.228211284E-1,-1.061845869E-1
7.754120333E0,-5.670971274E-1,-7.260115147E-1,4.577404633E-2
7.764143333E0,-5.795192122E-1,-5.138813257E-1,1.103554368E-1
7.774166333E0,-5.598352551E-1,-8.763413131E-2,3.827830777E-2
7.784189333E0,-6.480870843E-1,3.435364366E-1,-1.693744957E-1
7.794213333E0,-5.767108798E-1,6.321408153E-1,-3.890951276E-1
7.804236333E0,-4.424241483E-1,6.383112073E-1,-5.417870283E-1
7.814259333E0,-4.678525329E-1,3.393415511E-1,-5.887324810E-1
7.824282333E0,-5.194802284E-1,-2.125339583E-2,-5.041848421E-1
7.834306083E0,-6.755979657E-1,-3.249549568E-1,-3.288548291E-1
7.844329083E0,-8.301250935E-1,-4.654918313E-1,-1.537999511E-1
7.854352083E0,-7.828281522E-1,-4.175812900E-1,-9.745652974E-2
7.864375083E0,-6.906804442E-1,-5.371482968E-1,-2.349761724E-1
7.874399083E0,-7.809874415E-1,-6.747874022E-1,-4.948474169E-1
7.884422083E0,-8.492412567E-1,-6.347606182E-1,-6.567183137E-1
7.894445083E0,-6.770260334E-1,-5.362519026E-1,-6.352964044E-1
7.904469083E0,-5.448866487E-1,-5.005708337E-1,-5.110298395E-1
7.914492083E0,-3.067036271E-1,-4.196277857E-1,-3.932853639E-1
7.924515083E0,-1.878271550E-1,-3.373073936E-1,-3.272831738E-1
7.934538083E0,-2.307184339E-1,-4.363498092E-1,-3.278126121E-1
7.944562083E0,-4.622980058E-1,-6.826591492E-1,-3.411052227E-1
7.954585083E0,-8.161993623E-1,-1.031774759E0,-3.201336563E-1
7.964608083E0,-9.077699184E-1,-1.221533298E0,-2.177109420E-1
7.974631083E0,-8.761549592E-1,-1.229975581E0,-1.176866069E-1
7.984655083E0,-8.748465776E-1,-9.767860174E-1,-1.101351678E-1
7.994678083E0,-8.522275686E-1,-6.449018121E-1,-1.417319775E-1
8.004701083E0,-7.706739902E-1,-4.489389360E-1,-1.219578311E-1
8.014724083E0,-6.090355515E-1,-2.220056504E-1,-4.425717518E-2
8.024748083E0,-5.354332328E-1,1.005618721E-1,-8.599184453E-3
8.034771083E0,-4.394933581E-1,4.163360596E-1,-7.886375487E-2
8.044794083E0,-3.981316388E-1,5.627300739E-1,-3.001049161E-1
8.054818083E0,-4.442535937E-1,4.503279030E-1,-5.647737980E-1
8.064841083E0,-5.432311296E-1,1.374277920E-1,-6.518123746E-1
8.074864083E0,-5.881330967E-1,-2.468668818E-1,-4.594226480E-1
8.084887083E0,-5.724825859E-1,-4.808954895E-1,-1.522670686E-1
8.094911083E0,-6.622375250E-1,-5.131250620E-1,5.547627434E-2
8.104934083E0,-7.221422791E-1,-4.594803751E-1,9.342521429E-2
8.114957083E0,-7.873694301E-1,-3.455996215E-1,-2.319913544E-2
8.124980083E0,-6.952266693E-1,-1.908662915E-1,-2.307890207E-1
8.135004083E0,-5.148542523E-1,-7.068236917E-2,-4.554839134E-1
8.145027083E0,-4.214675128E-1,3.852136806E-2,-6.239290237E-1
8.155050083E0,-3.766337335E-1,3.224934340E-1,-6.368501186E-1
8.165073083E0,-4.377996922E-1,6.395878792E-1,-4.686758220E-1
8.175097083E0,-5.408885479E-1,7.217383981E-1,-2.135385871E-1
8.185120083E0,-5.159316063E-1,5.615901351E-1,2.934839763E-2
8.195143083E0,-4.462274015E-1,3.259848058E-1,1.725907773E-1
8.205167083E0,-4.456010759E-1,1.666987836E-1,2.509492636E-1
8.215190083E0,-6.122736931E-1,2.038695812E-1,3.520862460E-1
8.225213083E0,-7.071179748E-1,3.447715044E-1,4.967558980E-1
8.235236083E0,-4.697861671E-1,3.673143685E-1,5.202628374E-1
8.245259083E0,-2.906085253E-1,4.082502723E-1,2.957729101E-1
8.255283083E0,-3.905601501E-1,6.753509045E-1,-3.376745805E-2
8.265306083E0,-5.571726561E-1,9.514369369E-1,-2.797399163E-1
8.275329083E0,-6.121741533E-1,1.025673270E0,-3.579106033E-1
8.285353083E0,-5.168223381E-1,7.818086743E-1,-3.009060919E-1
8.295376083E0,-5.199083686E-1,3.068525195E-1,-1.627194732E-1
8.305399083E0,-6.035079956E-1,-2.588949203E-1,3.360822797E-2
8.315422083E0,-6.222044230E-1,-7.763228416E-1,1.942511648E-1
8.325446083E0,-5.624256730E-1,-9.314044714E-1,2.588144541E-1
8.335469083E0,-5.439870358E-1,-4.959382117E-1,1.785773933E-1
8.345492083E0,-5.660325289E-1,9.423304349E-2,-6.307496689E-3
8.355515083E0,-6.254748106E-1,4.717824459E-1,-1.464757919E-1
8.365539083E0,-6.185130477E-1,5.921595693E-1,-1.585544944E-1
8.375562083E0,-6.022717953E-1,4.503318071E-1,-8.091988415E-2
8.385585083E0,-6.198058724E-1,2.426601201E-1,2.260238398E-3
8.395609083E0,-5.309255123E-1,1.975083649E-1,3.260323033E-2
8.405632083E0,-4.797302186E-1,3.126535118E-1,4.013550468E-3
8.415655083E0,-4.045257568E-1,4.163807034E-1,-1.567679644E-2
8.425678083E0,-3.050740361E-1,3.010155261E-1,-2.152815089E-2
8.435702083E0,-2.666382194E-1,-6.052511558E-2,-3.304578736E-2
8.445725083E0,-3.419782519E-1,-4.269432425E-1,-4.174275696E-2
8.455748083E0,-3.219757974E-1,-5.692862868E-1,-2.360290103E-2
8.465771083E0,-2.945962548E-1,-4.502814114E-1,-4.483997449E-2
8.475795083E0,-3.241988420E-1,-5.860123783E-2,-1.702559590E-1
8.485818083E0,-3.193181455E-1,2.731009126E-1,-2.936084270E-1
8.495841083E0,-3.972656727E-1,1.039992198E-1,-3.014945686E-1
8.505864083E0,-4.618575573E-1,-1.969976127E-1,-1.857466549E-1
8.515888083E0,-3.750121295E-1,-3.366918564E-1,-6.188489869E-2
8.525911083E0,-2.888154685E-1,-2.951713800E-1,-2.866668627E-2
8.535934083E0,-2.526188493E-1,-1.328453273E-1,2.715205308E-3
8.545958083E0,-1.843387038E-1,-3.993044049E-2,8.689427376E-2
8.555981083E0,-8.989501745E-2,-8.159399778E-2,1.631280482E-1
8.566004083E0,-9.524340183E-2,-7.272465527E-2,1.816052794E-1
8.576027083E0,-2.188079506E-1,1.281368360E-2,2.304862738E-1
8.586051083E0,-4.109853208E-1,-4.211216420E-2,3.767481446E-1
8.596074083E0,-5.474930406E-1,-2.606096268E-1,5.943875313E-1
8.606097083E0,-5.158736706E-1,-3.030828238E-1,8.203009963E-1
8.616120083E0,-3.008497953E-1,-6.508783251E-2,8.413074613E-1
8.626144083E0,1.273141354E-1,5.694899559E-1,5.611995459E-1
8.636167083E0,4.632061124E-1,1.643342257E0,7.966436446E-2
8.646190083E0,6.500707865E-1,2.518853188E0,-4.296644926E-1
8.656214083E0,6.158939600E-1,2.418809414E0,-8.243740201E-1
8.666237083E0,2.909165919E-1,1.392309666E0,-1.024499536E0
8.676260083E0,-8.370735496E-2,-6.633835286E-2,-1.006942153E0
8.686283083E0,-4.019994736E-1,-1.422209859E0,-9.006245732E-1
8.696307083E0,-7.489193678E-1,-2.337747574E0,-8.416110277E-1
8.706330083E0,-8.282617331E-1,-2.990801811E0,-7.392470241E-1
8.716353083E0,-3.719184995E-1,-3.510654926E0,-6.107721925E-1
8.726376083E0,1.597712338E-1,-3.891332150E0,-6.314567327E-1
8.736400083E0,4.038091898E-1,-3.723637819E0,-7.370651960E-1
8.746423083E0,7.450625300E-1,-2.818120241E0,-6.592818499E-1
8.756446083E0,1.158880234E0,-1.862009764E0,-3.239313066E-1
8.766469083E0,1.387615919E0,-1.152801633E0,1.652278751E-1
8.776493083E0,1.117900848E0,-5.293214917E-1,6.968337297E-1
8.786516083E0,1.114343524E0,3.464945555E-1,1.174377918E0
8.796539083E0,1.186649680E0,1.530746102E0,1.379416823E0
8.806563083E0,1.173912048E0,2.748229265E0,1.282871962E0
8.816586083E0,1.183028936E0,3.406559706E0,8.757541776E-1
8.826609083E0,9.106915593E-1,3.196894646E0,1.889798641E-1
8.836632208E0,8.300531507E-1,2.412564993E0,-3.308228254E-1
8.846656208E0,8.860273361E-1,1.680930257E0,-4.085856676E-1
8.856679208E0,8.899664283E-1,1.342890620E0,-2.376743853E-1
8.866702208E0,8.714380264E-1,8.641177416E-1,-6.934000552E-2
8.876725208E0,7.773045897E-1,-6.078153849E-1,-3.532499773E-3
8.886749208E0,7.235668898E-1,-2.480429173E0,5.454519019E-2
8.896772208E0,8.273630738E-1,-3.637235165E0,2.738522291E-1
8.906795208E0,9.165767431E-1,-3.255635500E0,5.881406665E-1
8.916818208E0,7.121173143E-1,-1.332328796E0,6.623173952E-1
8.926842208E0,7.668989301E-1,1.201503277E0,4.246745408E-1
8.936865208E0,7.621400952E-1,2.580511570E0,-4.040845856E-2
8.946888208E0,6.021898985E-1,2.582087994E0,-5.789955854E-1
8.956912208E0,5.665408373E-1,1.766389847E0,-8.714948297E-1
8.966935208E0,5.581698418E-1,7.078399062E-1,-7.755370736E-1
8.976958208E0,5.898244381E-1,-2.126607001E-1,-3.908439577E-1
8.986981208E0,5.436417460E-1,-1.007617474E0,1.052543074E-1
8.997005208E0,3.075991273E-1,-1.509873986E0,4.810399115E-1
9.007028208E0,2.804611623E-1,-1.632553697E0,5.231559873E-1
9.017051208E0,2.637897730E-1,-1.409714222E0,2.501015961E-1
9.027074208E0,4.365696013E-2,-6.232450604E-1,-1.076736748E-1
9.037098208E0,-9.365908802E-2,-1.027033105E-2,-3.269410431E-1
9.047121208E0,-1.416823268E-1,1.366392616E-2,-3.213462830E-1
9.057144208E0,-2.099039853E-1,3.030069172E-2,-7.551544905E-2
9.067168208E0,-1.493507475E-1,4.646638334E-1,3.546425402E-1
9.077191208E0,-1.819153428E-1,1.079257727E0,6.802102923E-1
9.087214208E0,-1.742839664E-1,1.532711506E0,7.360863686E-1
9.097237208E0,-1.161434278E-1,1.612544298E0,6.605666280E-1
9.107261208E0,-2.645023465E-1,1.484234214E0,5.815470815E-1
9.117284208E0,-3.212681413E-1,1.448707342E0,5.624301434E-1
9.127307208E0,-3.553051651E-1,1.311643243E0,4.828743339E-1
9.137330208E0,-4.624686241E-1,9.649214745E-1,2.834640145E-1
9.147354208E0,-5.041113496E-1,4.554768801E-1,1.347529590E-1
9.157377208E0,-3.920007944E-1,-1.363145262E-1,1.645635813E-1
9.167400208E0,-3.822838366E-1,-4.302453399E-1,2.997119725E-1
9.177424208E0,-5.150061846E-1,-3.751165867E-1,4.644937217E-1
9.187447208E0,-2.348256409E-1,-1.072302833E-1,6.016818285E-1
9.197470208E0,-8.655069023E-2,2.755128443E-1,5.336388350E-1
9.207493208E0,-1.374693662E-1,4.271516800E-1,1.942960918E-1
9.217517208E0,-1.534792334E-1,1.227699369E-1,-1.008849517E-1
9.227540208E0,-3.756531775E-1,-5.345314145E-1,-1.461256742E-1
9.237563208E0,-2.463980019E-1,-9.174606800E-1,8.561647683E-2
9.247586208E0,-1.951854676E-2,-8.521378636E-1,2.642072141E-1
9.257610208E0,-1.247954648E-2,-7.277144790E-1,3.270394355E-2
9.267633208E0,-1.005946994E-1,-5.635210872E-1,-3.248836994E-1
9.277656208E0,-2.185775340E-1,-5.435361862E-1,-4.280630946E-1
9.287680208E0,-2.156056315E-1,-5.183286071E-1,-2.756969929E-1
9.297703208E0,-5.300553516E-2,-3.609118164E-1,-6.737414747E-2
9.307726208E0,-6.477390416E-3,-3.030249476E-1,-5.751820281E-3
9.317749208E0,-2.111439034E-2,-3.043189943E-1,-5.478700623E-2
9.327773208E0,-5.109530315E-2,-2.415270060E-1,-9.005608410E-2
9.337796208E0,-1.570606083E-1,-2.006863654E-1,-8.233131468E-2
9.347819208E0,-3.826920390E-1,-1.156936809E-1,-4.189597443E-2
9.357842208E0,-3.604045808E-1,1.194237620E-1,-4.064748436E-2
9.367866208E0,-3.091299236E-1,3.718741834E-1,-1.524060518E-1
9.377889208E0,-3.750167787E-1,4.618935585E-1,-3.736649156E-1
9.387912208E0,-3.889673650E-1,2.714923918E-1,-5.084284544E-1
9.397936208E0,-4.296631217E-1,-1.071105897E-1,-4.689073563E-1
9.407959208E0,-5.779513717E-1,-2.639217377E-1,-2.453653216E-1
9.417982208E0,-5.349516869E-1,-6.166023389E-2,1.578559168E-2
9.428005208E0,-4.848999679E-1,1.860964298E-1,4.283784330E-2
9.438029208E0,-4.782891870E-1,3.267193139E-1,-1.824757159E-1
9.448052208E0,-3.949277997E-1,3.189716637E-1,-4.676622748E-1
9.458075208E0,-4.296088219E-1,2.048086375E-1,-6.968142390E-1
9.468098208E0,-5.885707736E-1,9.607727826E-2,-8.255721331E-1
9.478122208E0,-5.275124311E-1,-1.781382859E-1,-7.891361117E-1
9.488145208E0,-3.687626123E-1,-5.308335423E-1,-6.885456443E-1
9.498168208E0,-2.587170601E-1,-6.211788654E-1,-6.241586804E-1
9.508192208E0,-2.296697646E-1,-4.227313399E-1,-6.047574282E-1
9.518215208E0,-2.235713899E-1,-1.555172205E-1,-5.778328776E-1
9.528238208E0,-3.165939450E-1,-3.842031583E-2,-5.383584499E-1
9.538261208E0,-4.516063631E-1,-1.351599097E-1,-4.875669479E-1
9.548285208E0,-4.719012380E-1,-2.859589458E-1,-4.214119315E-1
9.558308208E0,-4.841299355E-1,-2.949015796E-1,-2.908243835E-1
9.568331208E0,-5.007240176E-1,-9.564769268E-2,-8.720529079E-2
9.578355208E0,-4.979234338E-1,2.003320456E-1,1.168034971E-1
9.588378208E0,-5.181046128E-1,4.830803275E-1,2.572401762E-1
9.598401208E0,-4.676156342E-1,8.436007500E-1,3.188857138E-1
9.608424208E0,-3.048439920E-1,1.031534195E0,2.527883053E-1
9.618448208E0,-3.072752059E-1,9.283583760E-1,5.337231793E-3
9.628471208E0,-2.056678832E-1,6.682409644E-1,-2.554633915E-1
9.638494208E0,2.196354559E-3,2.564057112E-1,-4.078103006E-1
9.648517208E0,1.137399450E-1,-1.066859588E-1,-3.822830319E-1
9.658541208E0,1.830194145E-1,-4.070686698E-1,-2.218789458E-1
9.668564208E0,2.064696848E-1,-6.961843967E-1,-6.438335031E-2
9.678587208E0,2.562971711E-1,-1.062027097E0,5.193420500E-2
9.688611208E0,5.142625794E-2,-1.168806553E0,5.038499087E-2
9.698634208E0,2.863742411E-4,-9.653891325E-1,-8.948183060E-2
9.708657208E0,-8.489789814E-2,-6.935926676E-1,-2.741289437E-1
9.718680208E0,-1.710256040E-1,-4.429639578E-1,-2.828625143E-1
9.728704208E0,-1.372424662E-1,-1.399868578E-1,-8.104227483E-2
9.738727208E0,-2.902810276E-2,1.390037686E-1,2.281275541E-1
9.748750208E0,1.801426113E-1,3.779289126E-1,4.321245253E-1
9.758773208E0,3.015364110E-1,2.668798864E-1,3.897368312E-1
9.768797208E0,2.937976122E-1,-1.033996716E-1,3.239664733E-1
9.778820208E0,2.201625705E-1,-3.502067924E-1,4.189212024E-1
9.788843208E0,3.126882315E-1,-4.758444428E-1,5.922594070E-1
9.798867208E0,3.587795496E-1,-3.517253995E-1,6.723870039E-1
9.808890208E0,3.939773440E-1,-6.629701704E-2,4.634796679E-1
9.818913208E0,3.955147862E-1,9.523781389E-2,2.805868164E-2
9.828936208E0,4.351083636E-1,4.195940122E-2,-2.962784171E-1
9.838960958E0,4.431393743E-1,-2.536690533E-1,-3.390298486E-1
9.848983958E0,4.590019286E-1,-5.063324571E-1,-1.441622227E-1
9.859006958E0,6.362499595E-1,-4.491620958E-1,4.563700408E-2
9.869030958E0,7.623804212E-1,-3.219986856E-1,7.146128267E-2
9.879053958E0,6.225695014E-1,-1.958063990E-1,2.835908905E-2
9.889076958E0,3.650693595E-1,-2.213492095E-1,-4.331618175E-2
9.899099958E0,1.833863556E-1,-4.581992924E-1,-1.451006085E-1
9.909123958E0,5.737197399E-2,-5.432558656E-1,-2.463947386E-1
9.919146958E0,2.222900838E-1,-3.693434596E-1,-2.875871658E-1
9.929169958E0,3.908794820E-1,-1.983875781E-1,-3.087501526E-1
9.939192958E0,4.984280467E-1,2.669613622E-2,-2.496732324E-1
9.949216958E0,5.795179605E-1,1.466783136E-1,2.312769648E-3
9.959239958E0,5.087119937E-1,1.915243417E-1,2.499212325E-1
9.969262958E0,3.609506190E-1,9.636814147E-2,3.030813932E-1
9.979286958E0,2.844939232E-1,-2.811706252E-2,2.989292741E-1
9.989309958E0,2.144495249E-1,8.031044155E-2,2.741363943E-1
9.999332958E0,4.102661908E-1,3.212692961E-2,2.670686543E-1
1.000935596E1,5.326088071E-1,-1.044055820E-1,2.391290516E-1
1.001937996E1,4.496249259E-1,-9.222374856E-2,9.926354885E-2
1.002940296E1,3.713814020E-1,-4.025181234E-1,-1.033678874E-1
1.003942596E1,3.615530133E-1,-8.387950659E-1,-2.173442543E-1
1.004944996E1,4.970303476E-1,-1.065593600E0,-1.528076679E-1
1.005947296E1,6.419427395E-1,-1.096525073E0,-5.051964149E-2
1.006949596E1,6.897544861E-1,-9.360312223E-1,6.922779977E-2
1.007951896E1,7.166969776E-1,-6.333435178E-1,2.593700290E-1
1.008954296E1,5.508406162E-1,-2.925692499E-1,4.850844443E-1
1.009956596E1,2.916468978E-1,2.755687535E-1,6.044342518E-1
1.010958896E1,3.986254930E-1,6.565767527E-1,4.733117521E-1
1.011961296E1,5.459268093E-1,6.145326495E-1,1.716863960E-1
1.012963596E1,7.146002054E-1,4.490145743E-1,-2.261351608E-2
1.013965896E1,8.848409057E-1,2.198194563E-1,-6.316568237E-3
1.014968196E1,1.037703991E0,-4.753924534E-2,1.772247851E-1
1.015970596E1,1.020538092E0,-4.326171577E-1,3.960255682E-1
1.016972896E1,7.516497374E-1,-9.494960308E-1,5.155797601E-1
1.017975196E1,6.545357108E-1,-1.336493850E0,5.748255253E-1
1.018977496E1,7.756882906E-1,-1.389306188E0,5.258141756E-1
1.019979896E1,1.208315015E0,-1.180327415E0,4.081802368E-1
1.020982196E1,1.304429650E0,-6.043252945E-1,2.678367198E-1
1.021984496E1,1.222450614E0,3.406170309E-1,2.626395524E-1
1.022986896E1,1.144005775E0,8.010361195E-1,3.191736341E-1
1.023989196E1,9.999577403E-1,4.894073904E-1,2.099049389E-1
1.024991496E1,1.004409075E0,-1.510434300E-1,-5.178311840E-2
1.025993796E1,1.251525164E0,-9.320462942E-1,-2.247138768E-1
1.026996196E1,1.590139270E0,-1.622156978E0,-1.791173965E-1
1.027998496E1,1.842901468E0,-2.062262535E0,5.614253134E-2
1.029000796E1,1.830819726E0,-2.258720636E0,4.867865443E-1
1.030003196E1,1.256598473E0,-1.911643863E0,9.177517891E-1
1.031005496E1,1.103723049E0,-1.221775651E0,9.703100920E-1
1.032007796E1,1.279540896E0,-4.618487954E-1,5.076699853E-1
1.033010096E1,1.659443498E0,2.441094965E-1,-1.418781132E-1
1.034012496E1,2.098347187E0,6.371425390E-1,-6.051472425E-1
1.035014796E1,2.223452330E0,8.173620701E-1,-6.631258130E-1
1.036017096E1,1.731588364E0,8.173876405E-1,-2.477081716E-1
1.037019396E1,1.489849806E0,3.823725581E-1,3.884673715E-1
1.038021796E1,1.042262673E0,-5.121179819E-1,6.587460041E-1
1.039024096E1,6.657856703E-1,-1.387964129E0,3.359988034E-1
1.040026396E1,7.610086203E-1,-1.958837032E0,-1.817862839E-1
1.041028796E1,1.166084766E0,-2.160841703E0,-5.209936500E-1
1.042031096E1,1.220286131E0,-1.741481781E0,-5.126054883E-1
1.043033396E1,1.063863635E0,-1.203187585E0,-2.172030807E-1
1.044035696E1,1.046557784E0,-1.031860828E0,-2.292254753E-2
1.045038096E1,1.065046549E0,-9.337731004E-1,-1.236542165E-1
1.046040396E1,1.348427653E0,-5.290666223E-1,-2.561827004E-1
1.047042696E1,1.464222789E0,7.460722327E-2,-2.640681565E-1
1.048045096E1,1.306913137E0,4.368122816E-1,-4.743969440E-2
1.049047396E1,1.233939171E0,1.625167280E-1,3.478149772E-1
1.050049696E1,8.202759027E-1,-6.566228867E-1,4.734967351E-1
1.051051996E1,3.071866632E-1,-1.573795080E0,7.511270791E-2
1.052054396E1,1.360229254E-1,-1.907321215E0,-3.657573760E-1
1.053056696E1,3.067014217E-1,-1.557414770E0,-5.158261657E-1
1.054058996E1,4.758978784E-1,-7.968356013E-1,-3.676880896E-1
1.055061296E1,8.090855479E-1,-1.967935078E-2,-1.002110466E-1
1.056063696E1,1.139192820E0,5.268806815E-1,8.358435333E-2
1.057065996E1,1.330351830E0,7.163258791E-1,1.752973050E-1
1.058068296E1,1.288236856E0,4.127159417E-1,1.030886173E-1
1.059070696E1,1.017880917E0,-3.714594245E-1,-1.261385828E-1
1.060072996E1,7.176754475E-1,-1.265847445E0,-3.403939009E-1
1.061075296E1,5.092260838E-1,-1.905297279E0,-4.910347462E-1
1.062077596E1,3.111444414E-1,-2.150098562E0,-5.513073802E-1
1.063079996E1,3.340575695E-1,-1.972654939E0,-5.322977901E-1
1.064082296E1,3.830229938E-1,-1.330495238E0,-4.366573393E-1
1.065084596E1,4.729738235E-1,-6.149895191E-1,-2.366869450E-1
1.066086996E1,5.643583536E-1,-8.295120299E-2,7.547415048E-2
1.067089296E1,4.940271676E-1,4.267018139E-1,3.762133718E-1
1.068091596E1,4.240818918E-1,8.436266184E-1,4.143413007E-1
1.069093896E1,2.454332411E-1,1.109517217E0,2.850600332E-2
1.070096296E1,1.190052554E-1,1.124229789E0,-5.728091002E-1
1.071098596E1,7.164267451E-2,8.239329457E-1,-9.873673916E-1
1.072100896E1,2.008147724E-2,3.235788047E-1,-9.908885956E-1
1.073103196E1,-3.339523077E-2,-2.451020032E-1,-6.226785779E-1
1.074105596E1,-3.610979021E-2,-5.919992328E-1,-1.152006909E-1
1.075107896E1,-3.786860406E-2,-6.726374626E-1,2.461889535E-1
1.076110196E1,4.156097397E-2,-3.606737256E-1,3.359702528E-1
1.077112596E1,8.680313826E-2,1.974332780E-1,1.547863632E-1
1.078114896E1,-8.376109414E-3,5.756519437E-1,-1.491266489E-1
1.079117196E1,-1.859724820E-1,6.528388262E-1,-3.938122094E-1
1.080119496E1,-3.382560313E-1,5.217098594E-1,-4.923363924E-1
1.081121896E1,-2.556516528E-1,2.803718746E-1,-4.419941306E-1
1.082124196E1,4.620381817E-2,-1.695780829E-2,-2.358617485E-1
1.083126496E1,-9.052141011E-2,-3.755405545E-1,7.014045957E-3
1.084128758E1,-2.273564786E-1,-1.012111068E0,1.589670926E-1
1.085131058E1,-1.243138164E-1,-1.018677711E0,2.110767961E-1
1.086133358E1,-6.767344475E-2,-1.035843715E-1,1.424122453E-1
1.087135658E1,1.042765230E-1,9.730978608E-1,-1.473684236E-2
1.088138058E1,1.922468543E-1,1.183902025E0,-2.045914531E-1
1.089140358E1,1.513883173E-1,3.867495954E-1,-3.485587239E-1
1.090142658E1,3.308030963E-2,-7.955599427E-1,-3.425477147E-1
1.091145058E1,-2.895275354E-1,-1.829674959E0,-2.475325912E-1
1.092147358E1,-5.089272857E-1,-2.508970976E0,-1.103286594E-1
1.093149658E1,-5.990165472E-1,-2.470340252E0,1.957724243E-2
1.094151958E1,-3.952855766E-1,-1.804802179E0,9.466906637E-2
1.095154358E1,-1.747481376E-1,-8.252549171E-1,1.072443202E-1
1.096156658E1,7.354662567E-2,1.450784951E-1,9.904178232E-2
1.097158958E1,3.179904222E-1,9.111183286E-1,1.067762077E-1
1.098161358E1,4.351356924E-1,1.330087900E0,1.363194436E-1
1.099163658E1,3.054685891E-1,1.289466262E0,1.012445316E-1
1.100165958E1,-2.654631156E-3,8.166691661E-1,-3.002773598E-2
1.101168258E1,-2.179790735E-1,2.223352641E-1,-1.848090291E-1
1.102170658E1,-3.995257020E-1,-1.869590431E-1,-3.544143140E-1
1.103172958E1,-3.804506361E-1,-2.929818332E-1,-3.856557012E-1
1.104175258E1,-3.210855722E-1,-1.174920425E-1,-1.483957320E-1
1.105177558E1,-3.486869335E-1,8.101661503E-2,2.472089380E-1
1.106179958E1,-4.383209348E-1,1.779516935E-1,5.446968079E-1
1.107182258E1,-4.149866402E-1,3.890027404E-1,6.462631226E-1
1.108184558E1,-3.942054808E-1,7.267597318E-1,5.180862546E-1
1.109186958E1,-3.885491788E-1,1.008176684E0,2.420261949E-1
1.110189258E1,-4.372083247E-1,1.165099144E0,-1.036132034E-2
1.111191558E1,-4.585604966E-1,1.100417852E0,-1.297055632E-1
1.112193858E1,-4.894028306E-1,8.128343821E-1,-1.518870294E-1
1.113196258E1,-5.587564111E-1,4.005250037E-1,-1.803719103E-1
1.114198558E1,-5.386679173E-1,1.077810079E-1,-1.793540567E-1
1.115200858E1,-5.630062222E-1,-6.699149963E-4,-1.260388494E-1
1.116203258E1,-5.507362485E-1,-1.902409196E-1,-6.979368627E-2
1.117205558E1,-5.870848894E-1,-5.053978562E-1,-6.310176104E-2
1.118207858E1,-6.303599477E-1,-7.141388059E-1,-3.222720325E-2
1.119210158E1,-5.689062476E-1,-7.052397728E-1,6.048630923E-2
1.120212558E1,-4.797518849E-1,-4.921762347E-1,1.757396609E-1
1.121214858E1,-4.093203545E-1,-1.477946937E-1,2.533309162E-1
1.122217158E1,-3.554592729E-1,2.237098962E-1,2.896122336E-1
1.123219558E1,-3.775197268E-1,5.327873230E-1,2.911347747E-1
1.124221858E1,-3.775796592E-1,6.627463698E-1,2.463694066E-1
1.125224158E1,-4.702002704E-1,6.088664532E-1,1.319091171E-1
1.126226458E1,-5.851057768E-1,4.391447902E-1,-4.633039981E-2
1.127228858E1,-6.236728430E-1,1.758165210E-1,-2.131773978E-1
1.128231158E1,-6.717650294E-1,-5.595810711E-2,-3.131660521E-1
1.129233458E1,-6.900656223E-1,-2.347165495E-1,-3.112031817E-1
1.130235858E1,-6.905503273E-1,-4.225474298E-1,-1.747196317E-1
1.131238158E1,-6.303762794E-1,-5.653534532E-1,8.536282182E-2
1.132240458E1,-5.575004816E-1,-6.667871475E-1,3.893291056E-1
1.133242758E1,-5.483830571E-1,-6.521472931E-1,6.001910567E-1
1.134245158E1,-5.981860161E-1,-4.346224368E-1,5.947547555E-1
1.135247458E1,-6.547812819E-1,-1.699104905E-2,3.899025917E-1
1.136249758E1,-5.574443340E-1,4.817103446E-1,1.033278033E-1
1.137252158E1,-3.775989711E-1,8.487656713E-1,-1.982730627E-1
1.138254458E1,-3.439704478E-1,9.921705127E-1,-3.747802079E-1
1.139256758E1,-5.206031799E-1,8.212388158E-1,-2.470442653E-1
1.140259058E1,-7.887589931E-1,4.416960180E-1,7.364293188E-2
1.141261458E1,-8.334171176E-1,-2.376606688E-3,3.747816086E-1
1.142263758E1,-6.949548721E-1,-4.019200206E-1,5.254526138E-1
1.143266058E1,-5.915302634E-1,-7.184406519E-1,4.941059649E-1
1.144268358E1,-5.444788337E-1,-8.047356009E-1,3.757579923E-1
1.145270758E1,-5.214705467E-1,-5.729959011E-1,2.948845327E-1
1.146273058E1,-4.987409413E-1,-2.108706832E-1,3.072538674E-1
1.147275358E1,-4.346743822E-1,2.820201218E-2,3.863263726E-1
1.148277758E1,-3.866775632E-1,-2.463757060E-3,4.664132297E-1
1.149280058E1,-3.400329947E-1,-2.044657171E-1,4.970243871E-1
1.150282358E1,-2.581050992E-1,-3.826082945E-1,4.620544314E-1
1.151284658E1,-2.519021928E-1,-4.344116747E-1,3.568778038E-1
1.152287058E1,-2.455968708E-1,-3.294421136E-1,2.717735767E-1
1.153289358E1,-2.082886994E-1,-9.557409585E-2,2.849408984E-1
1.154291658E1,-1.611278355E-1,2.614556551E-1,4.160832167E-1
1.155294058E1,-1.152766272E-1,6.368772388E-1,5.810308456E-1
1.156296358E1,-1.022409871E-1,8.727883101E-1,6.543087959E-1
1.157298658E1,-1.149357483E-1,9.749544859E-1,5.843041539E-1
1.158300958E1,-1.232029945E-1,1.046032071E0,4.250191748E-1
1.159303358E1,-9.541098773E-2,1.112734675E0,2.644315362E-1
1.160305658E1,-3.201018274E-2,1.120910645E0,1.495456994E-1
1.161307958E1,3.500280902E-2,1.047502518E0,1.096568406E-1
1.162310358E1,2.724182606E-2,1.006831527E0,1.074160561E-1
1.163312658E1,9.789159149E-2,9.626690745E-1,1.341950446E-1
1.164314958E1,2.403398156E-1,8.435701132E-1,1.355508566E-1
1.165317258E1,1.030433401E-1,6.262269020E-1,4.568738863E-2
1.166319658E1,-1.344104856E-1,3.626562357E-1,-1.314676851E-1
1.167321958E1,-3.495692015E-1,1.847361326E-1,-3.580420315E-1
1.168324258E1,-4.281263351E-1,7.294195890E-2,-5.442973971E-1
1.169326658E1,-4.363971353E-1,-5.540372804E-2,-6.124355197E-1
1.170328958E1,-3.244362473E-1,-2.789502740E-1,-5.591435432E-1
1.171331258E1,-2.259293795E-1,-4.248307049E-1,-4.095353484E-1
1.172333558E1,-8.788122982E-2,-4.348167777E-1,-1.861685663E-1
1.173335958E1,2.170148194E-1,-2.473794520E-1,6.700794399E-2
1.174338258E1,2.734093964E-1,1.213376001E-1,2.327977121E-1
1.175340558E1,9.888178855E-2,5.941212177E-1,2.603423297E-1
1.176342958E1,-5.115991086E-2,8.952717185E-1,1.375812441E-1
1.177345258E1,-6.962504983E-2,8.227214217E-1,-1.219458356E-1
1.178347558E1,-1.879530102E-1,4.468732476E-1,-3.810983300E-1
1.179349858E1,-2.766515315E-1,-6.394218653E-2,-4.987398088E-1
1.180352258E1,-2.978612185E-1,-4.418008029E-1,-3.795500398E-1
1.181354558E1,-2.945823669E-1,-5.423914194E-1,-1.041050926E-1
1.182356858E1,-2.327613384E-1,-4.979661107E-1,1.333895028E-1
1.183359258E1,-1.406029910E-1,-2.958615422E-1,2.572067082E-1
1.184361583E1,6.256876886E-2,1.415660977E-1,2.967205644E-1
1.185363883E1,-7.211185247E-2,5.799819231E-1,1.821390092E-1
1.186366183E1,-3.067062497E-1,6.166086793E-1,-1.103839353E-1
1.187368583E1,-4.922406971E-1,2.881456017E-1,-4.279657602E-1
1.188370883E1,-5.626200438E-1,-1.253463924E-1,-5.939307809E-1
1.189373183E1,-4.037376940E-1,-4.189627767E-1,-5.345038772E-1
1.190375583E1,-1.526828408E-1,-5.207706690E-1,-3.219076991E-1
1.191377883E1,2.665518597E-2,-3.081300557E-1,1.944424585E-2
1.192380183E1,6.359962374E-2,1.881393641E-1,4.303931594E-1
1.193382483E1,1.084632054E-2,6.714320183E-1,7.352414727E-1
1.194384883E1,5.113089457E-2,8.303660154E-1,7.557864785E-1
1.195387183E1,1.125233620E-2,7.191321254E-1,4.746104181E-1
1.196389483E1,-9.335929155E-2,5.598351359E-1,1.933180094E-1
1.197391883E1,-4.246192798E-2,4.045347273E-1,9.779133648E-2
1.198394183E1,7.606631517E-2,1.496206820E-1,1.509459019E-1
1.199396483E1,2.113760859E-1,-1.979951859E-1,2.473181337E-1
1.200398783E1,3.661552966E-1,-6.056985259E-1,2.959381342E-1
1.201401183E1,3.756004572E-1,-9.241381288E-1,2.355980873E-1
1.202403483E1,2.980835736E-1,-9.722143412E-1,1.248952821E-1
1.203405783E1,1.174581349E-1,-6.552947164E-1,2.371993288E-2
1.204408183E1,3.514754772E-2,-7.535221428E-2,2.575538680E-2
1.205410483E1,6.034681201E-2,3.133907616E-1,4.714046419E-2
1.206412783E1,6.765665859E-2,2.487944663E-1,-4.497321695E-2
1.207415083E1,6.484385580E-2,3.106425330E-2,-1.731989682E-1
1.208417483E1,1.700708643E-2,-1.087477133E-1,-1.814838052E-1
1.209419783E1,8.632892370E-2,-1.036125347E-1,-3.228000551E-2
1.210422083E1,2.364515662E-1,-1.370848157E-2,1.870733798E-1
1.211424483E1,2.328892499E-1,2.709946632E-1,3.095383346E-1
1.212426783E1,1.471136361E-1,7.246574759E-1,2.640630007E-1
1.213429083E1,1.791467816E-1,1.038622379E0,6.837615371E-2
1.214431383E1,2.379459143E-1,1.006824017E0,-2.309564948E-1
1.215433783E1,2.743819952E-1,6.878818870E-1,-4.791601002E-1
1.216436083E1,1.190518066E-1,3.301596940E-1,-5.710972548E-1
1.217438383E1,2.366325632E-2,-4.243882373E-2,-4.694678783E-1
1.218440783E1,-6.841390394E-3,-3.945553005E-1,-2.419359237E-1
1.219443083E1,-4.689686466E-3,-7.338169217E-1,4.892304167E-2
1.220445383E1,7.788109034E-2,-8.625674248E-1,3.426094949E-1
1.221447683E1,2.288530469E-1,-5.016725659E-1,5.143955946E-1
1.222450083E1,3.401460052E-1,1.925272495E-1,4.819335341E-1
1.223452383E1,3.808921278E-1,8.086548448E-1,2.639629841E-1
1.224454683E1,2.969066799E-1,9.536623955E-1,-1.244167313E-1
1.225457083E1,2.353275120E-1,4.888088107E-1,-5.359698534E-1
1.226459383E1,-4.222393781E-2,-1.453060806E-1,-7.937893867E-1
1.227461683E1,-2.322575301E-1,-5.702181458E-1,-8.140977621E-1
1.228463983E1,-4.371770471E-2,-5.968601704E-1,-6.053437591E-1
1.229466383E1,2.309598476E-1,-4.411618710E-1,-4.055736363E-1
1.230468683E1,4.304130673E-1,-4.976459146E-1,-3.770301342E-1
1.231470983E1,4.268434346E-1,-8.220095634E-1,-5.307441354E-1
1.232473383E1,3.787608743E-1,-1.054242849E0,-6.822231412E-1
1.233475683E1,1.402903348E-1,-1.073343158E0,-7.040446401E-1
1.234477983E1,-1.483286768E-1,-9.847180247E-1,-7.450794578E-1
1.235480283E1,-4.131508768E-1,-8.022016883E-1,-9.191496968E-1
1.236482683E1,-4.957235157E-1,-3.582782745E-1,-1.062529445E0
1.237484983E1,-4.198498726E-1,2.006460428E-1,-1.103792906E0
1.238487283E1,-2.488270104E-1,6.556449533E-1,-1.036029339E0
1.239489683E1,-1.139324084E-1,9.021495581E-1,-8.949034214E-1
1.240491983E1,3.231988102E-2,9.511733055E-1,-6.974593401E-1
1.241494283E1,2.499811351E-1,9.358757138E-1,-4.843303859E-1
1.242496583E1,4.810023904E-1,9.091202617E-1,-3.471078277E-1
1.243498983E1,5.501450896E-1,8.968362808E-1,-3.878627419E-1
1.244501283E1,6.113200784E-1,9.186547399E-1,-5.912305117E-1
1.245503583E1,6.126983762E-1,8.887923956E-1,-8.737123609E-1
1.246505983E1,3.741654158E-1,6.055103540E-1,-1.125504851E0
1.247508283E1,-2.119628154E-2,3.325211629E-2,-1.194282651E0
1.248510583E1,-1.548116058E-1,-7.145773172E-1,-1.068885684E0
1.249512983E1,-8.927495778E-2,-1.373028994E0,-8.847923279E-1
1.250515283E1,-1.306341141E-1,-1.726762295E0,-7.603396177E-1
1.251517583E1,-8.026032150E-2,-1.683048368E0,-6.688255668E-1
1.252519883E1,-4.603950679E-2,-1.357509732E0,-5.651750565E-1
1.253522283E1,2.087844536E-2,-9.816460609E-1,-5.007341504E-1
1.254524583E1,5.241053551E-2,-7.098358870E-1,-6.019358635E-1
1.255526883E1,9.567489848E-3,-4.505358338E-1,-7.793406248E-1
1.256529283E1,6.438706070E-2,8.509986848E-2,-7.560371757E-1
1.257531583E1,2.186721414E-1,6.886283755E-1,-5.683222413E-1
1.258533883E1,2.085108608E-1,1.163217306E0,-3.861196637E-1
1.259536183E1,2.584703267E-1,1.439304709E0,-2.879751027E-1
1.260538583E1,2.253981233E-1,1.633270144E0,-2.324463129E-1
1.261540883E1,2.725920677E-1,1.829644799E0,-1.674060822E-1
1.262543183E1,3.689670563E-1,1.868129611E0,-1.371059716E-1
1.263545583E1,2.707009912E-1,1.489385128E0,-2.442844957E-1
1.264547883E1,1.298245490E-1,8.002775311E-1,-4.546670318E-1
1.265550183E1,-1.327513754E-1,8.420083672E-3,-7.191454768E-1
1.266552483E1,-4.098156989E-1,-6.397776008E-1,-8.946110606E-1
1.267554883E1,-4.911918342E-1,-9.535094500E-1,-9.755609035E-1
1.268557183E1,-5.612952709E-1,-9.878926873E-1,-1.031936288E0
1.269559483E1,-4.222419262E-1,-6.768589616E-1,-9.837570190E-1
1.270561883E1,-3.197895885E-1,-1.293487847E-1,-7.902272344E-1
1.271564183E1,-2.242791653E-1,4.553026557E-1,-5.526165962E-1
1.272566483E1,-1.475545466E-1,9.893292785E-1,-4.510633051E-1
1.273568783E1,-1.508218497E-1,1.260206342E0,-5.448133349E-1
1.274571183E1,-7.643921673E-2,1.211965084E0,-7.713425756E-1
1.275573483E1,-1.402086616E-1,8.993799686E-1,-1.001404166E0
1.276575783E1,-1.433224231E-1,6.175435185E-1,-1.075541973E0
1.277578183E1,-3.597250879E-1,7.849524617E-1,-9.785678387E-1
1.278580483E1,-3.447759748E-1,1.234678745E0,-7.822334766E-1
1.279582783E1,-2.836921513E-1,1.406580091E0,-7.363478541E-1
1.280585083E1,-2.413212657E-1,6.971616745E-1,-8.518701792E-1
1.281587483E1,1.563858241E-1,-4.913909137E-1,-8.515345454E-1
1.282589783E1,3.746052384E-1,-1.438494325E0,-7.241749763E-1
1.283592083E1,-1.244376600E-2,-2.112401724E0,-7.763957977E-1
1.284594800E1,8.924185485E-2,-1.942609549E0,-8.088884950E-1
1.285597100E1,3.576985300E-1,-9.719088674E-1,-6.471397281E-1
1.286599400E1,2.462050021E-1,-1.391932666E-1,-6.458086371E-1
1.287601800E1,1.124770194E-1,2.633293569E-1,-8.544366360E-1
1.288604100E1,2.357901633E-1,2.987390161E-1,-1.075087667E0
1.289606400E1,2.304640114E-1,-3.658152521E-1,-1.240735769E0
1.290608700E1,2.709925473E-1,-1.600820780E0,-1.192493677E0
1.291611100E1,4.225863516E-1,-2.916212797E0,-8.034919500E-1
1.292613400E1,5.771293044E-1,-3.795340776E0,-2.308720648E-1
1.293615700E1,3.910080194E-1,-3.589663982E0,2.327892333E-1
1.294618100E1,1.826153845E-1,-2.827984095E0,5.727231503E-1
1.295620400E1,-7.820539176E-2,-2.111501932E0,7.905170321E-1
1.296622700E1,-2.517825067E-1,-1.494711161E0,6.656781435E-1
1.297625000E1,-1.231162325E-1,-7.840127945E-1,2.207101285E-1
1.298627400E1,2.061902881E-1,2.818002105E-1,-2.311020792E-1
1.299629700E1,4.731294513E-1,1.437703013E0,-4.477725625E-1
1.300632000E1,5.911673903E-1,2.086495876E0,-3.537001014E-1
1.301634400E1,7.573660612E-1,1.944557190E0,8.292063139E-3
1.302636700E1,5.434745550E-1,1.239056706E0,4.466848671E-1
1.303639000E1,1.053964049E-1,3.856370151E-1,6.836475730E-1
1.304641300E1,2.707177401E-2,-1.300734431E-1,4.971208572E-1
1.305643700E1,4.250815883E-2,-1.462122500E-1,-1.927397959E-2
1.306646000E1,1.521174759E-1,2.546923049E-2,-4.906153977E-1
1.307648300E1,2.557189763E-1,8.771875501E-2,-6.422805786E-1
1.308650700E1,4.192301333E-1,1.135740504E-1,-3.525504768E-1
1.309653000E1,2.421093881E-1,1.265376657E-1,2.524261177E-1
1.310655300E1,-6.322415918E-2,2.399262786E-1,6.847274303E-1
1.311657700E1,-2.731341720E-1,8.003029227E-1,5.191118121E-1
1.312660000E1,-3.679333925E-1,1.748918772E0,-2.825969830E-2
1.313662300E1,-3.605735600E-1,2.685186148E0,-5.197411776E-1
1.314664600E1,-2.829687893E-1,3.151170015E0,-7.487797141E-1
1.315667000E1,-1.219310164E-1,3.061630726E0,-6.312518120E-1
1.316669300E1,3.577392548E-2,2.598166704E0,-2.138337791E-1
1.317671600E1,1.374785006E-1,1.842778206E0,3.053577840E-1
1.318674000E1,9.278267622E-2,9.265440702E-1,6.216371655E-1
1.319676300E1,8.309811354E-2,1.078158617E-1,6.068888307E-1
1.320678600E1,5.084111169E-2,-3.996715844E-1,3.299466670E-1
1.321680900E1,5.009579659E-2,-6.941698790E-1,-5.524783209E-2
1.322683300E1,2.068943903E-2,-9.555099010E-1,-4.979062378E-1
1.323685600E1,2.003144659E-2,-1.257419109E0,-8.625779748E-1
1.324687900E1,2.946276590E-2,-1.528533459E0,-1.021006107E0
1.325690300E1,-3.450083081E-3,-1.631136298E0,-9.047710299E-1
1.326692600E1,-6.690084469E-3,-1.593649626E0,-5.610314608E-1
1.327694900E1,-1.649950743E-1,-1.485065818E0,-2.415184081E-1
1.328697300E1,-2.290853709E-1,-1.296984792E0,-1.598307341E-1
1.329699600E1,-2.431510091E-1,-1.035887122E0,-3.244512081E-1
1.330701900E1,-3.530372977E-1,-6.092942953E-1,-6.668223739E-1
1.331704200E1,-6.080185175E-1,-3.475668281E-2,-1.004908442E0
1.332706600E1,-8.091268539E-1,6.024269462E-1,-1.065600753E0
1.333708900E1,-6.679572463E-1,1.132834911E0,-8.325003386E-1
1.334711200E1,-3.872425556E-1,1.509981990E0,-5.166329145E-1
1.335713600E1,-1.486705393E-1,1.653839588E0,-3.301435709E-1
1.336715900E1,-9.168661386E-2,1.621207118E0,-2.734435499E-1
1.337718200E1,-1.386747211E-1,1.494524240E0,-1.215327606E-1
1.338720600E1,-1.376342326E-1,1.207442999E0,2.246238589E-1
1.339722900E1,-8.832501620E-2,6.940085888E-1,5.478683114E-1
1.340725200E1,-1.126995981E-1,4.468115792E-2,6.008551121E-1
1.341727500E1,-1.844173223E-1,-4.147697091E-1,4.102142453E-1
1.342729900E1,-1.885809153E-1,-5.260903239E-1,1.109705567E-1
1.343732200E1,-2.476725429E-1,-2.235186249E-1,-2.007681429E-1
1.344734500E1,-1.801206619E-1,3.310553730E-1,-4.473235905E-1
1.345736900E1,-8.221448213E-2,7.068598866E-1,-6.363461614E-1
1.346739200E1,-1.205088794E-1,4.789526761E-1,-8.275877833E-1
1.347741500E1,-1.952620894E-1,-2.058496028E-1,-1.099298000E0
1.348743800E1,-1.822253764E-1,-9.537691474E-1,-1.369910121E0
1.349746200E1,-2.318963110E-1,-1.641509771E0,-1.610229850E0
1.350748500E1,-2.004078925E-1,-2.419757605E0,-1.783637285E0
1.351750800E1,-2.464727163E-1,-3.192168236E0,-1.905029893E0
1.352753200E1,-7.324647307E-1,-4.040544987E0,-1.824953914E0
1.353755500E1,-1.120721459E0,-4.913588524E0,-1.249553323E0
1.354757800E1,-1.103934765E0,-5.488268375E0,-5.942218304E-1
1.355760200E1,-7.411347032E-1,-5.681666851E0,-4.608550370E-1
1.356762500E1,-7.670427859E-2,-5.493464947E0,-6.174252629E-1
1.357764800E1,6.942824125E-1,-4.807905674E0,-8.335193992E-1
1.358767100E1,1.463984370E0,-3.553036690E0,-8.268332481E-1
1.359769500E1,2.236603022E0,-1.926320434E0,-4.232369363E-1
1.360771800E1,2.943595409E0,-2.274417728E-1,2.497499883E-1
1.361774100E1,3.560047865E0,1.261849999E0,9.462338090E-1
1.362776500E1,4.157968521E0,2.328345060E0,1.529114246E0
1.363778800E1,4.693019867E0,2.937328577E0,1.860484600E0
1.364781100E1,4.916617870E0,3.167697906E0,1.943186164E0
1.365783400E1,4.909539223E0,3.198630810E0,1.891653776E0
1.366785800E1,4.976988792E0,3.057894230E0,1.789199591E0
1.367788100E1,5.144075394E0,2.937937975E0,1.670518517E0
1.368790400E1,5.430577278E0,2.941820860E0,1.622957945E0
1.369792800E1,5.677526474E0,3.132027149E0,1.590230823E0
1.370795100E1,5.672708988E0,3.357692480E0,1.500319839E0
1.371797400E1,5.504750252E0,3.409432411E0,1.349064708E0
1.372799800E1,5.207907677E0,3.353676081E0,1.147953153E0
1.373802100E1,4.859521866E0,3.273194313E0,1.035615921E0
1.374804400E1,4.532705784E0,3.260953665E0,1.101707578E0
1.375806700E1,4.207331181E0,3.257537127E0,1.257557034E0
1.376809100E1,3.854089022E0,3.146594286E0,1.379801512E0
1.377811400E1,3.447310448E0,2.842691422E0,1.317833662E0
1.378813700E1,3.036752939E0,2.304274082E0,1.081948161E0
1.379816100E1,2.722256660E0,1.652516246E0,8.153595328E-1
1.380818400E1,2.536984205E0,1.001158237E0,5.725210309E-1
1.381820700E1,2.491279840E0,6.328144073E-1,3.646666706E-1
1.382823100E1,2.400211811E0,5.493370891E-1,1.975693107E-1
1.383825400E1,2.276398182E0,6.248400211E-1,9.561814368E-2
1.384827375E1,2.123348475E0,7.386712432E-1,2.370773442E-2
1.385829675E1,1.899281263E0,6.790987253E-1,-9.519802034E-2
1.386832075E1,1.765913963E0,4.080525935E-1,-2.638642788E-1
1.387834375E1,1.644024968E0,1.740448177E-1,-4.121402204E-1
1.388836675E1,1.625203371E0,9.914927185E-2,-4.841251969E-1
1.389839075E1,1.526722312E0,2.319685072E-1,-5.527907610E-1
1.390841375E1,1.374798298E0,4.605561495E-1,-6.631516218E-1
1.391843675E1,1.348273635E0,6.323783398E-1,-7.696241736E-1
1.392846075E1,1.033108234E0,6.563723683E-1,-8.420647979E-1
1.393848375E1,8.392987251E-1,4.540485442E-1,-7.994015813E-1
1.394850675E1,8.126463890E-1,-3.122440539E-2,-6.283459663E-1
1.395852975E1,9.444525838E-1,-6.152811050E-1,-3.897504210E-1
1.396855375E1,1.109567523E0,-1.088923454E0,-2.317730486E-1
1.397857675E1,9.574487805E-1,-1.396788359E0,-2.542764843E-1
1.398859975E1,4.569773972E-1,-1.522325754E0,-3.896241784E-1
1.399862375E1,-1.659444273E-1,-1.539719462E0,-3.940607011E-1
1.400864675E1,-3.726275563E-1,-1.535032034E0,-1.643803567E-1
1.401866975E1,-1.196352020E-1,-1.647492647E0,1.165821254E-1
1.402869275E1,3.514004946E-1,-1.829504728E0,2.456271797E-1
1.403871675E1,6.755291820E-1,-1.242605448E0,1.896921843E-1
1.404873975E1,7.834697962E-1,1.137620769E-2,1.270828694E-1
1.405876275E1,8.111584783E-1,1.102525592E0,7.689037174E-2
1.406878675E1,7.390651107E-1,1.631126523E0,2.259523608E-4
1.407880975E1,8.073238730E-1,1.748187184E0,-4.990892485E-2
1.408883275E1,6.808873415E-1,1.655853987E0,-7.331704348E-2
1.409885675E1,6.301647425E-1,1.425047636E0,-1.247992739E-1
1.410887975E1,2.322767675E-1,9.801763296E-1,-2.172274739E-1
1.411890275E1,-1.632576287E-1,2.102392316E-1,-3.067628741E-1
1.412892575E1,-7.181346416E-2,-8.696022630E-1,-3.465315700E-1
1.413894975E1,2.880592644E-1,-1.573993802E0,-3.584805131E-1
1.414897275E1,5.193657279E-1,-1.498745322E0,-3.484382629E-1
1.415899575E1,4.412541389E-1,-1.189737201E0,-4.129239917E-1
1.416901975E1,3.499988019E-1,-1.320662498E0,-6.054691672E-1
1.417904275E1,4.122924507E-1,-1.705457449E0,-6.448449492E-1
1.418906575E1,5.094352961E-1,-1.498939157E0,-3.172122240E-1
1.419908975E1,6.055355668E-1,-8.886255026E-1,5.522035062E-2
1.420911275E1,7.764575481E-1,-3.485692143E-1,1.059711501E-1
1.421913575E1,7.491232753E-1,3.336660862E-1,-3.865272179E-2
1.422915875E1,7.186255455E-1,1.084202409E0,-1.881961375E-1
1.423918275E1,7.589517236E-1,1.478036880E0,-3.658669293E-1
1.424920575E1,5.672531128E-1,1.338116050E0,-5.740635991E-1
1.425922875E1,3.148197234E-1,6.716325879E-1,-6.293036342E-1
1.426925275E1,4.965465516E-2,-1.820426583E-1,-4.903310835E-1
1.427927575E1,-2.329660207E-1,-8.415888548E-1,-3.209014237E-1
1.428929875E1,-3.510916233E-1,-1.301481247E0,-2.620695233E-1
1.429932175E1,-3.564837873E-1,-1.442404985E0,-3.384739757E-1
1.430934575E1,-2.374617904E-1,-1.262696385E0,-4.409034252E-1
1.431936875E1,-1.796875335E-2,-7.656876445E-1,-5.140376687E-1
1.432939175E1,1.850730479E-1,-1.772472709E-1,-5.497088432E-1
1.433941575E1,2.683313489E-1,2.784951329E-1,-5.855653286E-1
1.434943875E1,1.847709566E-1,5.255898237E-1,-5.990843177E-1
1.435946175E1,8.792907000E-3,4.854282737E-1,-5.896505713E-1
1.436948575E1,-8.210077882E-2,1.145040020E-1,-6.211669445E-1
1.437950875E1,-2.131823003E-1,-2.675453126E-1,-6.781625152E-1
1.438953175E1,-2.940747440E-1,-6.070368290E-1,-6.974475384E-1
1.439955475E1,-3.568038046E-1,-8.907185197E-1,-6.606795192E-1
1.440957875E1,-4.455291331E-1,-9.045943618E-1,-5.774144530E-1
1.441960175E1,-4.641205072E-1,-6.650286317E-1,-4.965507686E-1
1.442962475E1,-3.210397363E-1,-3.095386922E-1,-5.072068572E-1
1.443964875E1,-1.526929438E-1,-6.788450480E-2,-6.390004158E-1
1.444967175E1,-6.150071695E-2,6.996071339E-2,-7.696199417E-1
1.445969475E1,1.144630089E-2,7.492075861E-2,-8.028123379E-1
1.446971775E1,5.729528144E-2,-3.216042370E-2,-7.133594155E-1
1.447974175E1,7.752585411E-2,-1.808339506E-1,-5.987958908E-1
1.448976475E1,-2.683490328E-2,-3.722987473E-1,-5.206843019E-1
1.449978775E1,-2.626088858E-1,-4.621137381E-1,-4.036633074E-1
1.450981175E1,-3.901529908E-1,-4.633691609E-1,-2.488516271E-1
1.451983475E1,-3.918117583E-1,-3.542510867E-1,-1.445305943E-1
1.452985775E1,-3.785406947E-1,-7.500401139E-2,-1.446554959E-1
1.453988175E1,-3.180307448E-1,1.700932980E-1,-2.412522733E-1
1.454990475E1,-3.278319836E-1,3.079302609E-1,-3.301869631E-1
1.455992775E1,-4.286179245E-1,3.400694728E-1,-3.131541014E-1
1.456995075E1,-5.198352337E-1,3.009300828E-1,-1.951435804E-1
1.457997475E1,-5.335608125E-1,3.241969645E-1,-9.635291249E-2
1.458999775E1,-4.506659210E-1,3.306439221E-1,-1.083858684E-1
1.460002075E1,-3.752833307E-1,2.759213150E-1,-1.664262414E-1
1.461004475E1,-3.010735512E-1,2.361243665E-1,-1.968637854E-1
1.462006775E1,-3.045924306E-1,1.599481702E-1,-2.034370601E-1
1.463009075E1,-3.197650015E-1,-7.599483430E-2,-2.353995144E-1
1.464011475E1,-4.412128925E-1,-3.072826564E-1,-2.815575302E-1
1.465013775E1,-5.395365357E-1,-3.620401621E-1,-3.136454225E-1
1.466016075E1,-5.392276049E-1,-5.445815325E-1,-3.172337115E-1
1.467018375E1,-5.306474566E-1,-6.332504153E-1,-2.601893544E-1
1.468020775E1,-4.081664085E-1,-5.343095064E-1,-2.045205235E-1
1.469023075E1,-2.243936360E-1,-3.805558980E-1,-2.055208087E-1
1.470025375E1,-1.254426390E-1,-5.183476955E-2,-2.024743259E-1
1.471027775E1,-2.429107670E-3,3.604944646E-1,-1.802515686E-1
1.472030075E1,1.209270805E-1,4.839024246E-1,-2.502808273E-1
1.473032375E1,3.368378803E-2,2.776760459E-1,-3.257843852E-1
1.474034775E1,-9.746357054E-2,-9.950832278E-2,-3.046131134E-1
1.475037075E1,-1.630297899E-1,-4.944998622E-1,-1.826983988E-1
1.476039375E1,-2.123024613E-1,-5.701851249E-1,-4.973404109E-2
1.477041675E1,-2.012924254E-1,-4.187660515E-1,-7.554365788E-3
1.478044075E1,-2.424527556E-1,-3.594058156E-1,-8.392001688E-2
1.479046375E1,-3.778843582E-1,-3.816376030E-1,-6.456735730E-2
1.480048675E1,-3.216825724E-1,-3.323419094E-1,1.028093249E-1
1.481051075E1,-1.545692235E-1,-1.362733394E-1,2.178482860E-1
1.482053375E1,-9.094157070E-2,2.969602644E-1,1.640274078E-1
1.483055675E1,7.135678828E-2,6.150436997E-1,-1.627204753E-2
1.484057975E1,1.975720376E-1,5.164105296E-1,-1.947011203E-1
1.485060375E1,6.373541057E-2,2.699829042E-1,-2.067910731E-1
1.486062675E1,-8.373513073E-2,-4.341059923E-2,-5.881972145E-3
1.487064975E1,-1.290964931E-1,-2.887260616E-1,2.446346581E-1
1.488067375E1,-2.238931209E-1,-4.822106361E-1,3.515598774E-1
1.489069675E1,-3.265486658E-1,-5.598590970E-1,3.224182427E-1
1.490071975E1,-2.419335842E-1,-5.660519600E-1,2.154806405E-1
1.491074375E1,-2.500527501E-1,-4.487064183E-1,7.300393283E-2
1.492076675E1,-1.419623196E-1,-2.279098481E-1,-3.113044612E-2
1.493078975E1,6.362625957E-2,3.217179701E-2,-1.125651151E-1
1.494081275E1,1.241165474E-1,3.353394568E-1,-1.955443621E-1
1.495083675E1,1.294758916E-1,4.578890502E-1,-2.347551435E-1
1.496085975E1,8.318826556E-2,3.619148135E-1,-1.903719008E-1
1.497088275E1,-4.449725524E-2,2.180684358E-1,-7.054164261E-2
1.498090675E1,-2.362844497E-1,1.026121248E-2,7.217973471E-2
1.499092975E1,-5.141850710E-1,-1.668374091E-1,2.300588489E-1
1.500095275E1,-7.578089237E-1,-2.201014906E-1,4.576598704E-1
1.501097575E1,-8.761262298E-1,-2.656228840E-1,7.025215626E-1
1.502099975E1,-9.022521377E-1,-2.384199500E-1,8.565928340E-1
1.503102275E1,-9.149492979E-1,-1.605081111E-1,8.793095946E-1
1.504104575E1,-9.452871680E-1,-5.927046016E-2,7.894377112E-1
1.505106975E1,-9.312337041E-1,1.195328459E-1,7.035648823E-1
1.506109275E1,-8.373525739E-1,4.544125795E-1,6.877366900E-1
1.507111575E1,-5.810097456E-1,7.235138416E-1,6.974612474E-1
1.508113975E1,-2.471543401E-1,8.208900690E-1,6.971400976E-1
1.509116275E1,7.198955864E-2,6.837862730E-1,6.734800339E-1
1.510118575E1,2.040858716E-1,5.620546937E-1,6.084679961E-1
1.511120875E1,1.928840727E-1,3.563968241E-1,5.209839344E-1
1.512123275E1,1.912153512E-1,-8.629519492E-2,4.454731345E-1
1.513125575E1,2.471601069E-1,-3.933613896E-1,3.662347496E-1
1.514127875E1,4.217410386E-1,-3.872151077E-1,2.207425237E-1
1.515130275E1,7.668856978E-1,-1.527224332E-1,-5.352098867E-2
1.516132575E1,7.200224400E-1,2.952405810E-1,-4.439586401E-1
1.517134875E1,5.688638091E-1,3.014369607E-1,-8.433715105E-1
1.518137175E1,5.208856463E-1,2.965779230E-2,-1.054694772E0
1.519139575E1,5.066915154E-1,-1.516981423E-1,-9.641846418E-1
1.520141875E1,6.544113755E-1,-3.546766043E-1,-6.610683203E-1
1.521144175E1,5.575705767E-1,-5.046535730E-1,-4.324231446E-1
1.522146575E1,2.662380934E-1,-5.557456613E-1,-3.431623876E-1
1.523148875E1,-1.464056671E-1,-7.027207613E-1,-3.500839472E-1
1.524151175E1,-8.054104447E-2,-1.069600940E0,-2.704783082E-1
1.525153575E1,4.427919388E-1,-1.061304450E0,-1.627947390E-1
1.526155875E1,5.808159709E-1,-3.259373605E-1,-1.001107395E-1
1.527158175E1,5.409122109E-1,-1.383411139E-1,-1.792657375E-1
1.528160475E1,4.985385835E-1,-4.168118536E-1,-1.533817798E-1
1.529162875E1,3.852756619E-1,-2.302638143E-1,2.051649094E-1
1.530165175E1,3.179987073E-1,3.258644044E-1,6.334813237E-1
1.531167475E1,1.527767181E-1,1.008657932E0,8.493379951E-1
1.532169875E1,2.226650342E-2,1.612411022E0,7.681365609E-1
1.533172175E1,-2.103969082E-2,1.657284260E0,4.225472510E-1
1.534174475E1,-2.074262127E-2,1.340063930E0,3.109216876E-2
1.535176875E1,1.144373044E-1,9.168181419E-1,-3.076251745E-1
1.536179175E1,1.080539227E-1,5.221933722E-1,-5.285187364E-1
1.537181475E1,3.371417522E-2,3.689721227E-1,-4.877925813E-1
1.538183775E1,-2.304193750E-2,2.516488135E-1,-2.142203301E-1
1.539186175E1,-2.788214982E-1,1.382265706E-2,8.749663830E-2
1.540188475E1,-5.447841883E-1,-3.130647838E-1,3.334547281E-1
1.541190775E1,-5.841369629E-1,-5.552324653E-1,4.686319828E-1
1.542193175E1,-4.557838440E-1,-2.535643578E-1,4.351345897E-1
1.543195475E1,-1.357171834E-1,4.429031312E-1,1.477539539E-1
1.544197775E1,1.228887290E-1,1.003075480E0,-3.997865617E-1
1.545200175E1,9.601476789E-2,1.351483464E0,-9.039658308E-1
1.546202475E1,1.650321484E-1,1.267652154E0,-1.080318928E0
1.547204775E1,3.774316981E-2,8.794751167E-1,-9.334026575E-1
1.548207075E1,-1.058234647E-1,4.757798612E-1,-6.079012156E-1
1.549209475E1,-3.330241144E-1,2.931581996E-2,-3.262322843E-1
1.550211775E1,-8.162428141E-1,-2.880529761E-1,-1.510037631E-1
1.551214075E1,-9.911589622E-1,-6.302127242E-1,3.513868153E-2
1.552216475E1,-6.877407432E-1,-6.019544005E-1,1.690891981E-1
1.553218775E1,-4.086433053E-1,-1.370445192E-1,1.416493207E-1
1.554221075E1,-3.487918079E-1,5.253401995E-1,8.463626727E-4
1.555223375E1,-5.670029521E-1,1.049911499E0,6.182130054E-2
1.556225775E1,-6.703568697E-1,1.116637707E0,3.216954470E-1
1.557228075E1,-8.543861508E-1,8.256772161E-1,5.609951019E-1
1.558230375E1,-1.027001500E0,5.650959015E-1,6.912721992E-1
1.559232775E1,-6.556101441E-1,4.602043331E-1,6.902934909E-1
1.560235075E1,-1.628172100E-1,9.203793406E-1,3.684052825E-1
1.561237375E1,1.665004939E-1,1.493235350E0,-2.162328660E-1
1.562239775E1,2.106567025E-1,1.604112148E0,-7.434567213E-1
1.563242075E1,4.727842659E-2,1.042453885E0,-9.640074372E-1
1.564244375E1,-1.328077018E-1,3.898176551E-2,-8.137578368E-1
1.565246675E1,-2.571815848E-1,-6.692158580E-1,-4.319590926E-1
1.566249075E1,-1.138729230E-1,-1.069430113E0,-1.274036467E-1
1.567251375E1,-2.275025547E-1,-1.234238267E0,-3.471978009E-2
1.568253675E1,-2.292321026E-1,-1.299496889E0,-5.459905788E-2
1.569256075E1,1.375368536E-1,-8.028342128E-1,-2.752099931E-1
1.570258375E1,4.598835707E-1,1.245136485E-1,-6.243915558E-1
1.571260675E1,5.586479306E-1,3.211145997E-1,-8.179474473E-1
1.572262975E1,2.848004997E-1,-3.799222410E-1,-7.177374959E-1
1.573265375E1,-7.064707577E-2,-1.046692848E0,-3.865020573E-1
1.574267675E1,-4.633165896E-1,-1.198112249E0,4.895173013E-2
1.575269975E1,-9.085060954E-1,-8.073999882E-1,4.371111989E-1
1.576272375E1,-1.071230888E0,-2.389677465E-1,6.620770097E-1
1.577274675E1,-9.970481992E-1,4.350588918E-1,6.796908975E-1
1.578276975E1,-6.679407954E-1,1.107746363E0,5.436993241E-1
1.579279375E1,-2.164228559E-1,1.679561734E0,2.526166141E-1
1.580281675E1,-7.336078584E-2,1.782011628E0,-1.871225983E-1
1.581283975E1,-1.836055368E-1,1.045583963E0,-5.213128328E-1
1.582286275E1,-5.210218430E-1,-7.499583066E-2,-4.236870706E-1
1.583288675E1,-6.601414084E-1,-8.806777000E-1,3.830984607E-2
1.584290946E1,-6.460087895E-1,-7.957668304E-1,3.860245049E-1
1.585293246E1,-4.492086470E-1,-1.425288171E-1,3.462414145E-1
1.586295646E1,-2.332659513E-1,5.870002508E-1,4.497046769E-2
1.587297946E1,-2.003213167E-1,9.797163606E-1,-1.677093059E-1
1.588300246E1,-3.520096242E-1,7.179189920E-1,-1.140414327E-1
1.589302646E1,-5.961849689E-1,8.996320516E-2,1.604172885E-1
1.590304946E1,-6.084872484E-1,-5.196720362E-1,3.569139838E-1
1.591307246E1,-5.229395628E-1,-5.679413080E-1,3.275015056E-1
1.592309546E1,-2.377177924E-1,-3.198017478E-1,1.964104772E-1
1.593311946E1,2.584940195E-2,-2.148565650E-2,8.260907978E-2
1.594314246E1,4.677538201E-2,6.174586713E-2,6.473662704E-2
1.595316546E1,-6.022563949E-2,-1.525499225E-1,1.820376962E-1
1.596318946E1,-4.089738429E-1,-5.935734510E-1,3.702335060E-1
1.597321246E1,-7.176491618E-1,-1.066128731E0,5.794929862E-1
1.598323546E1,-7.860588431E-1,-1.052897334E0,6.097738743E-1
1.599325846E1,-7.983219028E-1,-4.472759068E-1,5.402222276E-1
1.600328246E1,-4.644041657E-1,1.658355594E-1,4.582084715E-1
1.601330546E1,-2.032357007E-1,6.519855261E-1,3.834343851E-1
1.602332846E1,-1.151317134E-1,9.688326716E-1,3.682395518E-1
1.603335246E1,-2.301477790E-1,8.264326453E-1,3.568817079E-1
1.604337546E1,-5.762156844E-1,2.334326506E-1,4.024544656E-1
1.605339846E1,-8.781997561E-1,-5.187521577E-1,4.932003319E-1
1.606342246E1,-1.193470240E0,-9.241389036E-1,5.993341208E-1
1.607344546E1,-1.065963149E0,-8.315753937E-1,6.427508593E-1
1.608346846E1,-8.081573248E-1,-3.229415715E-1,4.562300146E-1
1.609349146E1,-4.192788303E-1,4.638701975E-1,2.415835112E-1
1.610351546E1,-7.625518739E-2,1.038896799E0,6.540667266E-2
1.611353846E1,-6.190527976E-2,1.155113459E0,9.337548167E-3
1.612356146E1,-2.686212957E-1,7.968243361E-1,1.380366385E-1
1.613358546E1,-5.562568307E-1,-7.370707393E-2,2.881054878E-1
1.614360846E1,-7.021812797E-1,-6.995237470E-1,3.990596533E-1
1.615363146E1,-5.696719289E-1,-8.593754768E-1,3.837643266E-1
1.616365546E1,-4.780116975E-1,-3.352907598E-1,3.256048858E-1
1.617367846E1,-3.934771121E-1,5.533658862E-1,3.206197321E-1
1.618370146E1,-3.871397078E-1,9.026182890E-1,3.072678745E-1
1.619372446E1,-5.339227915E-1,7.109231949E-1,3.530947566E-1
1.620374846E1,-6.285241246E-1,2.985687852E-1,4.618733227E-1
1.621377146E1,-8.550521135E-1,3.477655351E-2,5.095305443E-1
1.622379446E1,-8.164722323E-1,1.616971493E-1,5.590088964E-1
1.623381846E1,-4.678122401E-1,4.888568819E-1,4.259687662E-1
1.624384146E1,-3.179640770E-1,7.944017053E-1,1.848914921E-1
1.625386446E1,-2.345682532E-1,9.214155674E-1,1.003806069E-1
1.626388746E1,-3.251244724E-1,5.549889207E-1,1.489391327E-1
1.627391146E1,-5.558149815E-1,-8.558472246E-2,2.956207097E-1
1.628393446E1,-6.984022260E-1,-6.385211349E-1,4.487245381E-1
1.629395746E1,-8.376953602E-1,-6.850889325E-1,5.210745931E-1
1.630398146E1,-7.230077386E-1,-4.700821638E-1,4.836463034E-1
1.631400446E1,-5.720688105E-1,-1.088997349E-1,3.778527677E-1
1.632402746E1,-5.367349386E-1,3.333183825E-1,3.258088529E-1
1.633405146E1,-6.752949357E-1,4.529332221E-1,3.205499053E-1
1.634407446E1,-1.147462964E0,2.026163638E-1,4.047997296E-1
1.635409746E1,-1.797701240E0,-1.699209809E-1,6.893957853E-1
1.636412046E1,-2.164605379E0,-5.058723092E-1,1.044571519E0
1.637414446E1,-2.317633390E0,-4.139251113E-1,1.113513827E0
1.638416746E1,-2.438417435E0,-4.631928355E-2,9.853999019E-1
1.639419046E1,-2.516252279E0,5.072621703E-1,9.406952858E-1
1.640421446E1,-2.725672245E0,7.800783515E-1,1.016790628E0
1.641423746E1,-3.075582266E0,7.152676582E-1,1.219047904E0
1.642426046E1,-3.502100468E0,5.186171532E-1,1.519015312E0
1.643428446E1,-3.715463638E0,3.275414407E-1,1.831285238E0
1.644430746E1,-3.649717331E0,2.022267878E-1,2.065985203E0
1.645433046E1,-3.191665649E0,1.682078242E-1,2.199021339E0
1.646435346E1,-2.702339411E0,2.307379618E-2,2.229556561E0
1.647437746E1,-2.241673708E0,-1.451005638E-1,2.248375177E0
1.648440046E1,-1.825694799E0,-1.507266313E-1,2.314565659E0
1.649442346E1,-1.437109828E0,-1.464927346E-1,2.398674011E0
1.650444746E1,-8.719613552E-1,-3.119700849E-1,2.464010477E0
1.651447046E1,-9.288340807E-2,-4.317952991E-1,2.448785782E0
1.652449346E1,2.705574930E-1,-4.088457227E-1,2.277257681E0
1.653451746E1,5.899869204E-1,-5.616738796E-1,2.002127171E0
1.654454046E1,4.973644912E-1,-8.991171718E-1,1.733773947E0
1.655456346E1,1.079168469E-1,-1.034109831E0,1.670770645E0
1.656458646E1,8.153601736E-2,-1.260299683E0,1.813415647E0
1.657461046E1,-2.601733990E-2,-1.159816742E0,1.970958233E0
1.658463346E1,-7.162210345E-1,-2.564668655E-1,1.671544075E0
1.659465646E1,2.183194757E-1,2.419440269E0,2.804757059E-1
1.660468046E1,3.400745690E-1,4.707046509E0,-9.671733379E-1
1.661470346E1,-2.115307748E-1,3.645337820E0,-1.517033577E0
1.662472646E1,2.783853412E-1,1.116557121E0,-1.661669016E0
1.663475046E1,6.771561503E-1,4.728028774E-1,-1.339737415E0
1.664477346E1,9.600443244E-1,1.049111366E0,-9.544221759E-1
1.665479646E1,1.107969046E0,1.322318912E0,-8.562061191E-1
1.666481946E1,1.114805460E0,5.667040348E-1,-9.446757436E-1
1.667484346E1,1.030938864E0,-1.301834136E-1,-8.434522152E-1
1.668486646E1,6.261978745E-1,-2.512559593E-1,-5.351301432E-1
1.669488946E1,6.173079461E-2,-3.850297332E-1,-1.603522599E-1
1.670491346E1,-3.662190139E-1,-8.578774333E-1,2.044702023E-1
1.671493646E1,-4.689685702E-1,-1.356522322E0,4.343289733E-1
1.672495946E1,-3.663741052E-1,-1.413521290E0,4.860523641E-1
1.673498246E1,1.247948967E-4,-1.055446267E0,3.276842833E-1
1.674500646E1,5.790151954E-1,-2.512296140E-1,6.229466945E-2
1.675502946E1,1.103849173E0,6.027588248E-1,-2.479830384E-1
1.676505246E1,1.521418691E0,1.226042747E0,-4.881539643E-1
1.677507646E1,1.655418277E0,1.646832824E0,-6.644190550E-1
1.678509946E1,1.540624142E0,1.716476440E0,-7.530510426E-1
1.679512246E1,1.202981949E0,1.337194920E0,-6.674274802E-1
1.680514646E1,6.043411493E-1,4.831548631E-1,-3.988210559E-1
1.681516946E1,3.667084035E-3,-4.586206377E-1,-3.839309514E-2
1.682519246E1,-5.334634185E-1,-1.215505600E0,2.134751529E-1
1.683521546E1,-8.861055970E-1,-1.606639266E0,3.257425725E-1
1.684524008E1,-8.106726408E-1,-1.658114672E0,3.604209423E-1
1.685526308E1,-3.813599050E-1,-1.416056514E0,2.541213930E-1
1.686528608E1,1.231255606E-1,-8.073186278E-1,-2.042387985E-2
1.687531008E1,6.067662835E-1,8.091003448E-2,-3.975200355E-1
1.688533308E1,1.019557357E0,8.219582438E-1,-7.339302301E-1
1.689535608E1,1.200816274E0,1.238362074E0,-9.385867119E-1
1.690538008E1,1.105955482E0,1.302578688E0,-9.472131133E-1
1.691540308E1,7.747823596E-1,1.106984615E0,-7.688774467E-1
1.692542608E1,3.185913861E-1,5.747299790E-1,-4.740256369E-1
1.693544908E1,-4.422302917E-2,-1.819659770E-1,-2.059060335E-1
1.694547308E1,-2.991146147E-1,-9.305283427E-1,-1.374082863E-1
1.695549608E1,-3.301968873E-1,-1.365107179E0,-2.349383086E-1
1.696551908E1,-2.156554461E-1,-1.419893265E0,-3.834893107E-1
1.697554308E1,-7.941158861E-2,-1.183758259E0,-5.237652063E-1
1.698556608E1,9.892936051E-2,-9.059287310E-1,-6.318931580E-1
1.699558908E1,2.743318081E-1,-7.615560889E-1,-7.332069874E-1
1.700561308E1,3.224244118E-1,-5.598489642E-1,-7.860257030E-1
1.701563608E1,2.112627625E-1,-3.820033073E-1,-7.516453862E-1
1.702565908E1,1.116847396E-1,-2.504279017E-1,-6.230777502E-1
1.703568208E1,5.772590265E-2,-1.768700778E-1,-4.792057872E-1
1.704570608E1,9.068097919E-2,3.472937644E-2,-3.635784388E-1
1.705572908E1,2.484599650E-1,1.509896666E-1,-3.517079353E-1
1.706575208E1,3.710561991E-1,7.858224958E-2,-4.674026072E-1
1.707577608E1,4.542469680E-1,-6.949589401E-2,-5.955179930E-1
1.708579908E1,4.800142050E-1,-2.314861417E-1,-6.157887578E-1
1.709582208E1,3.682996631E-1,-2.712282538E-1,-4.710180163E-1
1.710584508E1,3.155457675E-1,-4.537400901E-1,-2.748014629E-1
1.711586908E1,2.963510454E-1,-8.848622441E-1,-2.254656255E-1
1.712589208E1,3.349877298E-1,-1.164705157E0,-2.750951946E-1
1.713591508E1,5.017929673E-1,-1.281684518E0,-3.417144418E-1
1.714593908E1,6.229207516E-1,-1.316890478E0,-5.063576102E-1
1.715596208E1,6.871103644E-1,-1.167211294E0,-6.484942436E-1
1.716598508E1,6.864598989E-1,-8.352421522E-1,-5.505676866E-1
1.717600908E1,6.757665277E-1,-6.544127464E-1,-2.247972935E-1
1.718603208E1,6.244987845E-1,-6.092414260E-1,5.201825500E-2
1.719605508E1,5.900782347E-1,-8.599394560E-1,9.503389895E-2
1.720607808E1,4.942809641E-1,-1.235481977E0,-3.234956786E-2
1.721610208E1,2.975529730E-1,-1.321140170E0,-6.561644375E-2
1.722612508E1,3.110772669E-1,-8.281714320E-1,1.055603381E-2
1.723614808E1,2.742340267E-1,-8.636281639E-2,4.981502146E-2
1.724617208E1,1.095719412E-1,2.836791277E-1,9.060809761E-2
1.725619508E1,1.510232389E-1,2.619471848E-1,1.826189905E-1
1.726621808E1,8.652323484E-2,1.751235276E-1,1.966058016E-1
1.727624208E1,-7.919009775E-2,-4.262346029E-2,1.904592216E-1
1.728626508E1,-6.931502372E-2,-5.000008941E-1,1.610589623E-1
1.729628808E1,-1.095671058E-1,-7.992461324E-1,5.635560490E-3
1.730631108E1,-2.827613950E-1,-7.425816655E-1,-1.049782708E-1
1.731633508E1,-3.021545112E-1,-4.321923554E-1,-2.824327536E-2
1.732635808E1,-4.178906381E-1,-1.223902032E-1,1.034233868E-1
1.733638108E1,-4.009244442E-1,-6.100833416E-2,2.844831645E-1
1.734640508E1,-1.472083628E-1,1.758263409E-1,4.183448851E-1
1.735642808E1,-9.823949635E-2,5.912206173E-1,3.410048187E-1
1.736645108E1,-5.748242512E-2,5.638831854E-1,1.976817846E-1
1.737647508E1,-1.216771230E-1,7.258019410E-3,3.145366535E-2
1.738649808E1,-2.959880531E-1,-6.284695268E-1,-1.036910713E-1
1.739652108E1,-4.039100111E-1,-1.011339664E0,-1.433319598E-1
1.740654408E1,-5.622876287E-1,-1.139108658E0,-1.703061312E-1
1.741656808E1,-4.716198146E-1,-8.413163424E-1,-5.425968021E-2
1.742659108E1,-8.088801056E-2,-4.768536240E-2,7.000854611E-2
1.743661408E1,1.342866272E-1,4.872289002E-1,-6.726622581E-2
1.744663808E1,3.733524382E-1,6.813631058E-1,-2.364066392E-1
1.745666108E1,3.916534185E-1,4.267097712E-1,-3.640151918E-1
1.746668408E1,2.098589540E-1,-8.495745063E-2,-3.699729145E-1
1.747670808E1,-6.661257893E-2,-6.955574155E-1,-1.692552567E-1
1.748673108E1,-7.847669721E-2,-1.256194472E0,3.837676719E-2
1.749675408E1,-3.947284445E-2,-1.029376507E0,6.491462886E-2
1.750677708E1,-1.137795299E-2,-5.155864954E-1,5.085177720E-2
1.751680108E1,6.068665162E-2,-2.324629277E-1,1.002904326E-1
1.752682408E1,2.314753272E-2,-8.960696310E-2,2.537865043E-1
1.753684708E1,9.465926141E-2,-1.449463516E-2,3.923683465E-1
1.754687108E1,2.217331231E-1,1.570948064E-1,3.377735317E-1
1.755689408E1,3.041430414E-1,1.769254953E-1,1.539112926E-1
1.756691708E1,4.472668469E-1,1.495705843E-1,3.212415799E-2
1.757694008E1,3.680220842E-1,5.198412016E-2,-6.098327227E-3
1.758696408E1,1.194397509E-1,-1.685338765E-1,7.410768420E-2
1.759698708E1,-1.385286748E-1,-5.045973659E-1,2.442008555E-1
1.760701008E1,-1.978568286E-1,-7.828357816E-1,3.937052786E-1
1.761703408E1,-1.818008870E-1,-5.271608829E-1,4.468324184E-1
1.762705708E1,5.534930900E-2,1.034301668E-1,4.245496094E-1
1.763708008E1,3.011697233E-1,7.620943189E-1,3.973169327E-1
1.764710408E1,3.079452217E-1,1.068049908E0,3.544977307E-1
1.765712708E1,3.125879169E-1,1.021411538E0,3.650004566E-1
1.766715008E1,2.103038430E-1,7.454133630E-1,3.794416487E-1
1.767717308E1,-1.033081487E-1,4.624095857E-1,4.295588732E-1
1.768719708E1,-3.533989787E-1,3.227408528E-1,6.420191526E-1
1.769722008E1,-4.243597090E-1,1.386338770E-1,8.944162130E-1
1.770724308E1,-3.523578048E-1,2.153184265E-1,1.012800097E0
1.771726708E1,-1.958741844E-1,5.082901120E-1,9.490793943E-1
1.772729008E1,2.760704141E-3,7.717574835E-1,7.361395955E-1
1.773731308E1,1.667712033E-1,9.972907901E-1,4.809938371E-1
1.774733708E1,2.351796776E-1,1.221420527E0,3.319889605E-1
1.775736008E1,1.660069972E-1,1.359954953E0,3.465306163E-1
1.776738308E1,2.049040515E-3,1.306735396E0,4.998407364E-1
1.777740608E1,-1.890394241E-1,9.838448763E-1,7.238876820E-1
1.778743008E1,-3.615750670E-1,5.320148468E-1,8.953024149E-1
1.779745308E1,-4.283847213E-1,7.951313257E-2,9.436531663E-1
1.780747608E1,-4.519305825E-1,-1.863527447E-1,9.034719467E-1
1.781750008E1,-2.789087296E-1,2.038765140E-2,8.469588757E-1
1.782752308E1,7.943472266E-2,6.276087165E-1,7.806016803E-1
1.783754608E1,4.109610021E-1,1.156882167E0,6.319520473E-1
1.784756971E1,5.469232798E-1,1.382505298E0,4.324273467E-1
1.785759271E1,5.289099813E-1,1.245103240E0,3.074609041E-1
1.786761571E1,4.066269398E-1,9.173667431E-1,2.954367697E-1
1.787763871E1,3.625215292E-1,4.774367809E-1,2.745317519E-1
1.788766271E1,3.737358153E-1,-2.984512150E-1,1.453459412E-1
1.789768571E1,3.488320708E-1,-9.215171933E-1,-7.209289819E-2
1.790770871E1,4.062373042E-1,-1.329245090E0,-2.415288687E-1
1.791773271E1,4.368759096E-1,-1.625494838E0,-2.972334325E-1
1.792775571E1,3.842762709E-1,-1.776384830E0,-2.339684069E-1
1.793777871E1,2.776981592E-1,-1.726879001E0,-4.915887117E-2
1.794780271E1,1.993909031E-1,-1.496920943E0,1.758692265E-1
1.795782571E1,1.754520237E-1,-1.207058668E0,3.077231348E-1
1.796784871E1,1.988104135E-1,-8.861606121E-1,2.805700004E-1
1.797787171E1,2.358480543E-1,-5.829948783E-1,1.096571088E-1
1.798789571E1,1.802120805E-1,-2.767616212E-1,-1.721311919E-2
1.799791871E1,5.961801857E-2,4.057797790E-2,5.704832822E-2
1.800794171E1,-8.656245470E-2,3.549270928E-1,2.618918419E-1
1.801796571E1,-4.338597059E-1,5.280110240E-1,4.577130079E-1
1.802798871E1,-6.666620374E-1,6.045284271E-1,5.567325354E-1
1.803801171E1,-8.624379635E-1,5.324904323E-1,5.518600345E-1
1.804803571E1,-9.554008245E-1,3.701414168E-1,4.834754765E-1
1.805805871E1,-9.805863500E-1,2.160261720E-1,3.817589581E-1
1.806808171E1,-9.257705212E-1,3.321250081E-1,3.306662738E-1
1.807810471E1,-6.245720387E-1,6.623910666E-1,3.229306042E-1
1.808812871E1,-2.838212550E-1,8.103892207E-1,2.331831753E-1
1.809815171E1,-2.561207302E-2,8.414160609E-1,6.535123102E-3
1.810817471E1,7.569161803E-2,9.051093459E-1,-2.522110641E-1
1.811819871E1,1.535632415E-3,7.901406884E-1,-4.522219300E-1
1.812822171E1,-7.394266129E-2,2.916715145E-1,-5.472995639E-1
1.813824471E1,-5.896025524E-2,-4.246008098E-1,-5.449290872E-1
1.814826771E1,-6.300125271E-2,-1.002396584E0,-4.832518697E-1
1.815829171E1,3.899967670E-2,-1.294150114E0,-4.067839980E-1
1.816831471E1,-1.209607907E-2,-1.527176380E0,-4.127275646E-1
1.817833771E1,-1.775726676E-1,-1.547835588E0,-4.311353266E-1
1.818836171E1,-2.706507444E-1,-1.420620441E0,-3.892349899E-1
1.819838471E1,-3.846809268E-1,-1.397590399E0,-3.412070274E-1
1.820840771E1,-4.657093883E-1,-1.243004084E0,-2.638937831E-1
1.821843171E1,-5.836184621E-1,-1.001961112E0,-1.497544497E-1
1.822845471E1,-6.604303718E-1,-6.777651906E-1,2.691963129E-2
1.823847771E1,-6.425895691E-1,-9.947867692E-2,2.378510386E-1
1.824850171E1,-5.208775401E-1,6.133795977E-1,4.136583209E-1
1.825852471E1,-2.300952673E-1,1.365205765E0,5.198401213E-1
1.826854771E1,7.527906448E-2,2.043456554E0,5.250844359E-1
1.827857071E1,4.610770941E-1,2.498871326E0,3.913639784E-1
1.828859471E1,7.633680105E-1,2.416504145E0,9.962519258E-2
1.829861771E1,8.298999071E-1,1.912064314E0,-2.343226969E-1
1.830864071E1,8.760714531E-1,1.184457064E0,-3.991667032E-1
1.831866471E1,7.657324076E-1,7.791126519E-2,-3.766723275E-1
1.832868771E1,4.800898433E-1,-1.152723670E0,-2.327795476E-1
1.833871071E1,1.772916019E-1,-2.156161547E0,2.685415372E-2
1.834873371E1,-1.180768982E-1,-2.672225714E0,2.688471973E-1
1.835875771E1,-1.728450656E-1,-2.726928949E0,4.212596416E-1
1.836878071E1,-3.343577310E-2,-2.652917862E0,4.468466938E-1
1.837880371E1,1.228358522E-1,-2.442325115E0,4.259003997E-1
1.838882771E1,3.473120630E-1,-1.855946302E0,4.051675797E-1
1.839885071E1,4.697277248E-1,-8.393686414E-1,3.855555058E-1
1.840887371E1,6.071732044E-1,5.361820459E-1,3.218863904E-1
1.841889771E1,6.633334160E-1,1.697469831E0,1.864763796E-1
1.842892071E1,5.862029195E-1,2.436252117E0,4.482562840E-2
1.843894371E1,4.757086635E-1,2.778011322E0,3.332503140E-2
1.844896671E1,3.469074965E-1,2.791754723E0,1.323631406E-1
1.845899071E1,1.574696600E-1,2.517604828E0,2.867394090E-1
1.846901371E1,-3.648313507E-2,2.047479391E0,4.802990854E-1
1.847903671E1,-1.984509975E-1,1.418017507E0,6.616708040E-1
1.848906071E1,-3.177165389E-1,7.784550786E-1,7.743268013E-1
1.849908371E1,-2.768966556E-1,1.938989162E-1,7.410277128E-1
1.850910671E1,-2.222763896E-1,-3.252878487E-1,5.496319532E-1
1.851913071E1,-2.576501071E-1,-7.141389251E-1,3.079604805E-1
1.852915371E1,-2.432883829E-1,-9.523575306E-1,1.050312445E-1
1.853917671E1,-1.720765233E-1,-1.172841430E0,-3.003975376E-2
1.854919971E1,-1.085138693E-1,-1.374557257E0,-1.040142924E-1
1.855922371E1,-5.715613812E-2,-1.435758829E0,-1.214574650E-1
1.856924671E1,-7.719227672E-2,-1.393107057E0,-9.944308549E-2
1.857926971E1,-9.534944594E-2,-1.300235868E0,-6.449627876E-2
1.858929371E1,-7.478688657E-2,-1.165027022E0,-3.020229749E-2
1.859931671E1,-4.909431189E-2,-9.220083952E-1,1.904240577E-3
1.860933971E1,3.080894239E-4,-5.101924539E-1,3.435872868E-2
1.861936371E1,3.251183033E-2,2.137925290E-2,6.972470880E-2
1.862938671E1,3.953387029E-3,5.123707056E-1,7.249480486E-2
1.863940971E1,1.088239998E-2,8.444141746E-1,7.726195268E-3
1.864943271E1,4.428185523E-2,1.045343757E0,-9.028510749E-2
1.865945671E1,1.711892039E-1,1.196728230E0,-1.511244923E-1
1.866947971E1,-3.955558687E-2,1.209597826E0,-1.105558127E-1
1.867950271E1,-7.548569441E-1,1.261168599E0,1.178776249E-1
1.868952671E1,-1.299185157E0,1.339581728E0,5.794196129E-1
1.869954971E1,-1.575471044E0,1.345405579E0,1.041751266E0
1.870957271E1,-1.709132195E0,1.321673036E0,1.178983450E0
1.871959671E1,-1.651234865E0,1.297735453E0,8.400245905E-1
1.872961971E1,-1.537864089E0,1.356798887E0,1.823307723E-1
1.873964271E1,-1.590303659E0,1.653456688E0,-4.215124846E-1
1.874966571E1,-1.780473471E0,1.946713686E0,-7.334990501E-1
1.875968971E1,-1.850029945E0,1.788316846E0,-8.041671515E-1
1.876971271E1,-1.774731278E0,1.222671509E0,-7.779396176E-1
1.877973571E1,-1.677796960E0,6.171405911E-1,-8.142630458E-1
1.878975971E1,-1.605558634E0,1.863135695E-1,-9.516735077E-1
1.879978271E1,-1.500789881E0,4.441102967E-2,-1.203848839E0
1.880980571E1,-1.368421555E0,1.369192153E-1,-1.564980626E0
1.881982871E1,-1.348187208E0,2.547643781E-1,-1.937118769E0
1.882985271E1,-1.380997539E0,2.326935828E-1,-2.209033966E0
1.883987571E1,-1.364638805E0,1.814407855E-1,-2.253551960E0
1.884989825E1,-1.423769116E0,1.579796672E-1,-2.032788754E0
1.885992225E1,-1.393629551E0,2.060851306E-1,-1.612605214E0
1.886994525E1,-1.356407642E0,3.663184047E-1,-1.154487371E0
1.887996825E1,-1.205790162E0,5.690292120E-1,-7.513543367E-1
1.888999225E1,-1.108425140E0,7.660429478E-1,-5.212522745E-1
1.890001525E1,-1.055019975E0,9.817219377E-1,-4.479080141E-1
1.891003825E1,-9.426870942E-1,1.072733998E0,-4.040672183E-1
1.892006125E1,-8.667492270E-1,9.917144775E-1,-4.570124745E-1
1.893008525E1,-8.141029477E-1,8.557787538E-1,-6.840237975E-1
1.894010825E1,-6.126596332E-1,8.161578178E-1,-9.762101173E-1
1.895013125E1,-4.512332976E-1,7.310841084E-1,-1.178981781E0
1.896015525E1,-4.149541259E-1,5.795595646E-1,-1.203848600E0
1.897017825E1,-5.718635917E-1,4.023629725E-1,-9.697232842E-1
1.898020125E1,-6.140467525E-1,2.664909065E-1,-5.320429206E-1
1.899022525E1,-6.727556586E-1,1.098988950E-1,-2.052881718E-1
1.900024825E1,-6.598630548E-1,-5.413844250E-3,-1.739915013E-1
1.901027125E1,-4.609258175E-1,1.540817618E-1,-3.131840527E-1
1.902029425E1,-2.590638101E-1,6.103329062E-1,-4.524160028E-1
1.903031825E1,-1.205316111E-1,1.066335201E0,-4.961479306E-1
1.904034125E1,-2.970715798E-2,1.293712974E0,-4.065836966E-1
1.905036425E1,-1.312308013E-3,1.266322255E0,-2.372390032E-1
1.906038825E1,2.807594091E-2,9.716913104E-1,-1.007389426E-1
1.907041125E1,-1.196419075E-2,5.832878351E-1,-1.600982547E-1
1.908043425E1,2.973904833E-2,2.657319903E-1,-3.819371760E-1
1.909045825E1,9.434697032E-2,1.494312286E-1,-6.645216346E-1
1.910048125E1,1.417557597E-1,2.216878533E-1,-8.707352281E-1
1.911050425E1,1.814012825E-1,2.264958918E-1,-8.602579832E-1
1.912052725E1,7.274270803E-2,4.691574350E-2,-6.105823517E-1
1.913055125E1,-1.116648167E-1,-2.343661636E-1,-2.320321500E-1
1.914057425E1,-1.879063249E-1,-5.101684332E-1,9.384076297E-2
1.915059725E1,-1.480305940E-1,-6.418556571E-1,2.640286982E-1
1.916062125E1,-1.260586549E-3,-3.942711949E-1,3.018045723E-1
1.917064425E1,1.982087791E-1,1.259945780E-1,2.642760575E-1
1.918066725E1,2.626394331E-1,6.179938912E-1,1.764276922E-1
1.919069125E1,2.347782850E-1,9.136205912E-1,1.023525149E-1
1.920071425E1,2.419413775E-1,9.817882180E-1,3.414123505E-2
1.921073725E1,2.127853334E-1,8.751986027E-1,-5.555255339E-2
1.922076025E1,2.122186124E-1,5.857593417E-1,-1.112959832E-1
1.923078425E1,2.081914991E-1,1.320793480E-1,-1.271326244E-1
1.924080725E1,2.641069591E-1,-2.508613765E-1,-9.101136774E-2
1.925083025E1,3.742511272E-1,-4.306972027E-1,1.438919269E-2
1.926085425E1,4.331575930E-1,-4.548408985E-1,1.224496216E-1
1.927087725E1,4.652612209E-1,-4.259510636E-1,1.908569038E-1
1.928090025E1,3.704044819E-1,-3.498280644E-1,3.015812933E-1
1.929092425E1,1.770029664E-1,-1.324230880E-1,4.882495403E-1
1.930094725E1,6.511291862E-2,2.159950733E-1,6.969372034E-1
1.931097025E1,-9.799102694E-2,5.815874338E-1,8.240194321E-1
1.932099325E1,-2.765027285E-1,8.694676757E-1,7.813534141E-1
1.933101725E1,-3.191135228E-1,1.078857780E0,6.137500405E-1
1.934104025E1,-3.190706670E-1,1.190707088E0,3.690755963E-1
1.935106325E1,-3.145978451E-1,1.146824837E0,7.790851593E-2
1.936108725E1,-3.594556153E-1,9.897644520E-1,-1.644937396E-1
1.937111025E1,-3.347758353E-1,8.731119037E-1,-2.703883350E-1
1.938113325E1,-1.566630900E-1,7.335209846E-1,-1.418082565E-1
1.939115725E1,-4.663444310E-2,5.918747783E-1,8.721017092E-2
1.940118025E1,1.982096815E-3,3.737948835E-1,2.522787452E-1
1.941120325E1,-5.813032761E-2,8.814332634E-2,3.151869178E-1
1.942122625E1,-1.983542889E-1,-2.173801064E-1,2.819277644E-1
1.943125025E1,-3.160577118E-1,-4.844474792E-1,2.131719738E-1
1.944127325E1,-3.034207523E-1,-7.203521132E-1,1.495399922E-1
1.945129625E1,-5.366474390E-2,-6.281290054E-1,1.203750670E-1
1.946132025E1,9.583818913E-2,-2.308389246E-1,7.136411220E-2
1.947134325E1,1.550684124E-1,1.448284537E-1,-2.371074865E-3
1.948136625E1,2.617181540E-1,2.914953828E-1,-8.580977470E-2
1.949139025E1,2.479882240E-1,1.876399815E-1,-1.172554418E-1
1.950141325E1,5.551091395E-3,-2.610528469E-1,-1.235950962E-1
1.951143625E1,-2.325865626E-1,-9.936531782E-1,-1.735395789E-1
1.952145925E1,-2.718572915E-1,-1.461891770E0,-2.683725953E-1
1.953148325E1,-1.746489555E-1,-1.376269460E0,-3.775590062E-1
1.954150625E1,-3.810283169E-2,-9.374042749E-1,-5.013632774E-1
1.955152925E1,2.642192692E-2,-5.194684267E-1,-5.945915580E-1
1.956155325E1,-3.438416868E-2,-3.202744126E-1,-6.097971201E-1
1.957157625E1,-1.354188621E-1,-2.432434112E-1,-5.524093509E-1
1.958159925E1,-2.058024853E-1,-2.257730812E-1,-4.502904415E-1
1.959162325E1,-1.866264194E-1,-2.776739001E-1,-2.687264383E-1
1.960164625E1,-1.815799922E-1,-3.295935392E-1,-7.930511236E-2
1.961166925E1,-1.875675321E-1,-1.829803437E-1,-2.269370854E-2
1.962169225E1,-1.823615879E-1,1.165429801E-1,-1.988359839E-1
1.963171625E1,-1.214230210E-1,5.180694461E-1,-4.294238687E-1
1.964173925E1,-9.606252611E-2,8.393654227E-1,-5.124253035E-1
1.965176225E1,-1.161211580E-1,9.422783256E-1,-4.344406128E-1
1.966178625E1,-8.704902232E-2,8.573560119E-1,-2.679608166E-1
1.967180925E1,-8.187549561E-2,5.639918447E-1,-9.437194467E-2
1.968183225E1,-1.192686781E-1,1.788126975E-1,4.865445197E-2
1.969185625E1,-1.455109119E-1,-7.986500859E-2,1.776030362E-1
1.970187925E1,-3.396819830E-1,-1.735707372E-1,2.384405583E-1
1.971190225E1,-5.541006923E-1,-1.353538632E-1,1.842848808E-1
1.972192525E1,-4.457193613E-1,-4.880486056E-2,7.225980610E-2
1.973194925E1,-2.562569380E-1,-9.828714654E-3,-1.240684465E-1
1.974197225E1,-9.884519875E-2,2.204396427E-1,-3.701969981E-1
1.975199525E1,7.891805843E-3,6.230312586E-1,-5.220777988E-1
1.976201925E1,1.579047553E-2,8.836753368E-1,-5.152571797E-1
1.977204225E1,8.912613615E-3,8.568488359E-1,-3.519186080E-1
1.978206525E1,2.036287449E-2,5.595111847E-1,-1.137569323E-1
1.979208925E1,9.234525263E-2,1.098573357E-1,5.588933825E-2
1.980211225E1,6.727451831E-2,-3.355861902E-1,4.806976765E-2
1.981213525E1,-2.630355954E-2,-6.005153656E-1,-8.966015279E-2
1.982215825E1,-6.672208756E-2,-7.062276602E-1,-2.857902348E-1
1.983218225E1,-1.620005816E-1,-7.149739861E-1,-4.996855855E-1
1.984220525E1,-2.380500734E-1,-5.873273611E-1,-6.331107616E-1
1.985222908E1,-4.248303175E-1,-4.252475202E-1,-6.531828046E-1
1.986225308E1,-4.757384956E-1,-2.743674815E-1,-5.436669588E-1
1.987227608E1,-4.244520366E-1,-2.205185890E-1,-3.626963496E-1
1.988229908E1,-4.459895492E-1,-1.820710748E-1,-1.774860024E-1
1.989232308E1,-3.861158788E-1,-9.736374766E-2,3.279960901E-2
1.990234608E1,-3.725912869E-1,-6.901333481E-2,1.876879930E-1
1.991236908E1,-4.464798272E-1,2.001045644E-2,3.088888824E-1
1.992239208E1,-3.303255439E-1,1.208638400E-1,4.103049934E-1
1.993241608E1,-2.861038148E-1,1.134758517E-1,4.156108201E-1
1.994243908E1,-3.825089037E-1,5.961634591E-2,3.192243576E-1
1.995246208E1,-3.522095680E-1,7.920052856E-3,2.155884504E-1
1.996248608E1,-2.878244519E-1,2.525137179E-2,1.384084523E-1
1.997250908E1,-2.649660408E-1,4.177290201E-2,8.093445003E-2
1.998253208E1,-1.813475788E-1,-2.670788765E-2,3.319116309E-2
1.999255608E1,-1.879716218E-1,-2.824108303E-1,-1.104735024E-2
2.000257908E1,-2.067264020E-1,-4.698326588E-1,-3.565309197E-2
2.001260208E1,-1.098217964E-1,-5.360378027E-1,-4.816126823E-2
2.002262508E1,-1.970735006E-2,-4.552438259E-1,-1.178609878E-1
2.003264908E1,4.867776856E-2,-4.408775270E-1,-1.835009605E-1
2.004267208E1,-3.512454033E-1,-4.597729146E-1,-2.681665719E-1
2.005269508E1,-8.150273561E-1,-1.082543358E-1,-1.375906318E-1
2.006271908E1,-7.152312398E-1,3.455403149E-1,1.875112951E-1
2.007274208E1,-4.422425926E-1,5.287769437E-1,4.371674955E-1
2.008276508E1,-2.971120477E-1,5.875893831E-1,4.402072132E-1
2.009278908E1,-1.448484063E-1,5.964569449E-1,2.210408896E-1
2.010281208E1,-5.731109902E-2,5.841755271E-1,-6.147016957E-2
2.011283508E1,-5.475063622E-2,7.182342410E-1,-2.024572790E-1
2.012285808E1,-4.425804690E-2,9.118670821E-1,-8.728301525E-2
2.013288208E1,-2.212789804E-1,7.625975609E-1,8.603020012E-2
2.014290508E1,-3.958001733E-1,5.477236509E-1,1.982142627E-1
2.015292808E1,-4.752306938E-1,4.506655633E-1,2.400320470E-1
2.016295208E1,-4.114131033E-1,4.175704718E-1,2.489128858E-1
2.017297508E1,-2.523131073E-1,4.837258160E-1,2.389211655E-1
2.018299808E1,-1.608870775E-1,6.039174795E-1,1.743988991E-1
2.019302208E1,-7.696620375E-2,7.022198439E-1,8.302073181E-2
2.020304508E1,4.009916633E-2,6.936284900E-1,2.019010670E-2
2.021306808E1,8.066739887E-2,4.731110036E-1,-1.723749563E-2
2.022309108E1,1.583265215E-1,3.080976196E-2,-5.379238166E-3
2.023311508E1,1.717756689E-1,-4.780488014E-1,-1.550668944E-2
2.024313808E1,6.748895347E-2,-8.442568779E-1,-6.877070665E-2
2.025316108E1,8.184579015E-2,-1.120309234E0,-1.020921767E-1
2.026318508E1,1.094467938E-1,-1.317266226E0,-1.050970256E-1
2.027320808E1,8.841645718E-2,-1.196218610E0,-6.427925080E-2
2.028323108E1,1.085579470E-1,-9.793768525E-1,-4.026180133E-2
2.029325508E1,6.778732687E-2,-8.527268767E-1,-1.168700308E-1
2.030327808E1,9.175817668E-2,-6.204566360E-1,-1.987851411E-1
2.031330108E1,9.076519310E-2,-4.082421958E-1,-2.000377178E-1
2.032332408E1,-6.595704705E-2,-2.630402744E-1,-8.850292116E-2
2.033334808E1,-1.039603874E-1,-3.040581569E-2,1.157339737E-1
2.034337108E1,-1.121397540E-1,9.599579871E-2,2.715163827E-1
2.035339408E1,-1.387255937E-1,1.730725467E-1,3.075346351E-1
2.036341808E1,-1.268454939E-1,3.666912615E-1,3.271179199E-1
2.037344108E1,-1.229076087E-1,5.755556822E-1,3.825511336E-1
2.038346408E1,-1.761111766E-1,6.873480082E-1,4.317804575E-1
2.039348708E1,-3.158828914E-1,7.043995857E-1,4.422188401E-1
2.040351108E1,-5.235695243E-1,5.130474567E-1,4.143102467E-1
2.041353408E1,-5.655501485E-1,2.512049079E-1,3.480663896E-1
2.042355708E1,-6.325334907E-1,2.145726085E-1,2.056061625E-1
2.043358108E1,-4.645256698E-1,4.016259909E-1,1.039555967E-1
2.044360408E1,-9.821587801E-2,5.835649371E-1,5.734841526E-2
2.045362708E1,2.444676012E-1,8.275396228E-1,-7.524009794E-2
2.046365108E1,4.462348223E-1,9.580880404E-1,-3.177294433E-1
2.047367408E1,5.493882298E-1,8.170722127E-1,-5.233157277E-1
2.048369708E1,6.243215799E-1,4.696785510E-1,-5.341532230E-1
2.049372008E1,5.709949136E-1,6.824703515E-2,-3.831489980E-1
2.050374408E1,5.234801769E-1,-3.676179051E-1,-2.023856193E-1
2.051376708E1,3.548681736E-1,-7.749002576E-1,-1.409295052E-1
2.052379008E1,1.689108163E-1,-1.010094643E0,-2.046240568E-1
2.053381408E1,4.910304397E-2,-9.837945700E-1,-2.822892368E-1
2.054383708E1,-4.259145632E-2,-7.204909921E-1,-2.929895520E-1
2.055386008E1,-1.124947369E-1,-3.396781087E-1,-2.370174974E-1
2.056388408E1,-1.466034502E-1,4.980386794E-2,-9.717090428E-2
2.057390708E1,-8.889201283E-2,4.053649306E-1,7.415638864E-2
2.058393008E1,-2.624327876E-2,7.631829381E-1,2.303678244E-1
2.059395308E1,5.977839977E-2,1.151499748E0,3.363044560E-1
2.060397708E1,1.516819596E-1,1.395336390E0,3.862174153E-1
2.061400008E1,-7.485874929E-3,1.341670394E0,3.873719573E-1
2.062402308E1,-2.228959203E-1,1.096111774E0,3.518083692E-1
2.063404708E1,-2.489050180E-1,7.811809778E-1,2.441170961E-1
2.064407008E1,-1.913525164E-1,5.205962062E-1,1.223645732E-1
2.065409308E1,-9.846131504E-2,4.328131974E-1,3.984889016E-2
2.066411708E1,5.278332159E-2,4.551712275E-1,1.706927642E-2
2.067414008E1,1.600033045E-1,4.551464617E-1,4.369461909E-2
2.068416308E1,1.163796633E-1,3.049271107E-1,7.724725455E-2
2.069418608E1,-7.293973118E-3,1.279991120E-1,1.499758214E-1
2.070421008E1,-1.002324298E-1,-4.260324687E-2,2.349498272E-1
2.071423308E1,-9.546764195E-2,-5.922314152E-2,2.696614265E-1
2.072425608E1,-7.205285877E-2,5.317743495E-2,1.827180088E-1
2.073428008E1,-7.748938352E-2,2.897185981E-1,-2.876289655E-4
2.074430308E1,-5.345249549E-2,4.979032576E-1,-1.133524030E-1
2.075432608E1,4.604565725E-2,5.445489883E-1,-2.067540586E-2
2.076435008E1,1.255785674E-1,4.661031365E-1,1.736365408E-1
2.077437308E1,1.383664310E-1,4.483233094E-1,3.512084782E-1
2.078439608E1,1.369341910E-1,4.241484702E-1,5.210025907E-1
2.079441908E1,1.446554512E-1,2.677381337E-1,6.489011049E-1
2.080444308E1,1.098188907E-1,3.377039731E-2,6.614568830E-1
2.081446608E1,9.935901314E-2,-1.502574235E-1,5.566020012E-1
2.082448908E1,2.110814489E-2,-2.190242261E-1,3.953108788E-1
2.083451308E1,7.916444540E-2,-5.910716951E-2,2.876420319E-1
2.084453608E1,1.904315799E-1,2.215215564E-1,2.309840620E-1
2.085455937E1,1.963640451E-1,3.949113786E-1,1.618794948E-1
2.086458237E1,-9.509228170E-3,4.506289661E-1,1.128046289E-1
2.087460637E1,-9.712277353E-2,5.150107145E-1,2.812368572E-1
2.088462938E1,-1.747408807E-1,4.448454976E-1,5.421094894E-1
2.089465238E1,-2.076904029E-1,3.326033056E-1,6.960322857E-1
2.090467637E1,-1.074548736E-1,3.080801070E-1,7.127974033E-1
2.091469937E1,-4.788352177E-2,2.863306403E-1,5.886431336E-1
2.092472237E1,-2.174299583E-2,2.533455491E-1,3.716727495E-1
2.093474638E1,9.557391703E-2,2.304985672E-1,1.874500662E-1
2.094476938E1,1.318501681E-1,1.223284155E-1,8.547096699E-2
2.095479237E1,1.530756988E-2,-1.264719963E-1,4.592869058E-2
2.096481537E1,-1.093597934E-1,-4.327099621E-1,7.013788819E-2
2.097483937E1,-1.650430709E-1,-6.378267407E-1,9.834117442E-2
2.098486238E1,-1.197056770E-1,-6.331787705E-1,1.320005953E-1
2.099488538E1,-1.647207141E-1,-5.522513390E-1,1.767878085E-1
2.100490937E1,-1.757563204E-1,-5.801903009E-1,2.364503443E-1
2.101493237E1,-1.021612138E-1,-6.126949787E-1,2.979260981E-1
2.102495537E1,-7.301397622E-2,-5.971088409E-1,2.688086927E-1
2.103497938E1,-6.427171081E-2,-5.005371571E-1,1.124065816E-1
2.104500238E1,-4.193684831E-2,-4.252956510E-1,-1.117913574E-1
2.105502537E1,-7.296924293E-2,-5.684383512E-1,-3.251681626E-1
2.106504837E1,-1.082159132E-1,-9.067730308E-1,-3.955832124E-1
2.107507237E1,-4.489012808E-2,-1.194553971E0,-2.690971196E-1
2.108509538E1,9.619269520E-2,-1.363371968E0,-6.366727501E-2
2.109511838E1,1.514021158E-1,-1.363338232E0,6.588312984E-2
2.110514237E1,2.011387795E-1,-1.207859159E0,1.138868779E-1
2.111516537E1,2.806335688E-1,-1.021118760E0,1.323457360E-1
2.112518837E1,2.596483827E-1,-8.275663853E-1,1.020096615E-1
2.113521237E1,1.629934460E-1,-5.711821914E-1,2.247502841E-2
2.114523538E1,1.244713590E-1,-3.177627325E-1,-2.931679599E-2
2.115525837E1,1.382070035E-1,-1.550905108E-1,-2.736819535E-2
2.116528137E1,2.299571633E-1,-7.696134597E-2,2.253811061E-2
2.117530537E1,3.486223221E-1,-3.413252905E-2,8.741071075E-2
2.118532838E1,5.654907227E-1,8.212111145E-2,1.367186010E-1
2.119535138E1,7.122178674E-1,2.325510979E-1,1.758241951E-1
2.120537537E1,6.326239705E-1,2.396153957E-1,1.933877468E-1
2.121539837E1,6.099687219E-1,4.984006286E-2,2.427307218E-1
2.122542137E1,5.244349241E-1,-2.967202961E-1,2.461976111E-1
2.123544438E1,3.754763305E-1,-5.690972805E-1,1.803579628E-1
2.124546838E1,3.418930769E-1,-6.830019951E-1,1.207620054E-1
2.125549137E1,3.769519627E-1,-6.197839379E-1,4.881624877E-2
2.126551437E1,3.897961080E-1,-4.106861353E-1,-9.965308011E-3
2.127553837E1,4.309520721E-1,-1.936960220E-1,-7.885646075E-3
2.128556137E1,5.442714095E-1,-4.358081892E-2,7.991851121E-2
2.129558438E1,5.449602604E-1,-1.051964313E-1,2.022240013E-1
2.130560837E1,2.589037716E-1,-3.616846800E-1,1.974159330E-1
2.131563137E1,1.282204408E-2,-6.225575209E-1,7.737115026E-2
2.132565437E1,-7.047764212E-2,-6.471204162E-1,-5.225987174E-3
2.133567737E1,2.995825559E-2,-3.706751764E-1,-7.498139050E-3
2.134570138E1,1.441548616E-1,-1.375033706E-2,-3.712793812E-2
2.135572437E1,4.505433515E-2,3.109987378E-1,-1.376690418E-1
2.136574737E1,-1.630472094E-1,6.020385623E-1,-2.392851561E-1
2.137577137E1,-2.023522258E-1,6.771408319E-1,-2.398342341E-1
2.138579437E1,-2.007351518E-1,4.475707412E-1,-1.935447752E-1
2.139581738E1,-2.336791903E-1,1.714603156E-1,-1.469670385E-1
2.140584138E1,-3.349198103E-1,2.478352934E-2,-1.397557259E-1
2.141586437E1,-4.894571304E-1,3.346274048E-2,-1.870585382E-1
2.142588737E1,-5.745658875E-1,1.126763374E-1,-2.411635816E-1
2.143591037E1,-6.376107335E-1,1.808282733E-1,-2.987594604E-1
2.144593438E1,-7.215783596E-1,1.900569350E-1,-3.494639397E-1
2.145595738E1,-8.063978553E-1,1.729517430E-1,-3.697646260E-1
2.146598037E1,-8.007836342E-1,1.855745912E-1,-3.424791992E-1
2.147600437E1,-8.292630315E-1,1.581351459E-1,-3.511829376E-1
2.148602737E1,-7.936602831E-1,8.714193106E-2,-3.981216848E-1
2.149605038E1,-7.574881315E-1,-1.622462459E-2,-4.628733397E-1
2.150607337E1,-7.441046238E-1,-1.075601280E-1,-5.081571937E-1
2.151609737E1,-7.622733116E-1,-1.522513032E-1,-5.293279886E-1
2.152612037E1,-7.903856039E-1,-1.156368330E-1,-5.053406358E-1
2.153614337E1,-9.203424454E-1,-8.265859634E-2,-4.464637935E-1
2.154616738E1,-9.370868206E-1,-6.837393343E-2,-3.996630013E-1
2.155619038E1,-8.900285959E-1,-7.686287910E-2,-3.810206056E-1
2.156621337E1,-8.519453406E-1,-1.110368222E-1,-3.581911922E-1
2.157623737E1,-8.111261725E-1,-1.178293824E-1,-3.253968060E-1
2.158626037E1,-7.705600858E-1,-9.036873281E-2,-2.497339994E-1
2.159628338E1,-7.699511051E-1,-3.349957615E-2,-1.583237648E-1
2.160630638E1,-8.002682924E-1,6.505629513E-3,-9.629341215E-2
2.161633037E1,-8.057289124E-1,1.415370870E-2,-5.496220291E-2
2.162635337E1,-7.873653769E-1,-1.029464230E-2,4.306742549E-2
2.163637637E1,-7.657540441E-1,4.356813803E-2,1.803475916E-1
2.164640038E1,-7.353692651E-1,1.882627457E-1,2.549163699E-1
2.165642338E1,-6.677699089E-1,3.576699197E-1,1.891729534E-1
2.166644637E1,-5.532292128E-1,4.559341669E-1,3.982634097E-2
2.167647037E1,-4.971427619E-1,4.254197776E-1,-1.355228573E-1
2.168649337E1,-4.262968302E-1,2.473627180E-1,-2.772589326E-1
2.169651638E1,-3.722199202E-1,1.644673944E-2,-3.067776263E-1
2.170653938E1,-3.035532534E-1,-1.190983057E-1,-1.760449260E-1
2.171656337E1,-2.023769915E-1,-1.766011715E-1,3.344263881E-2
2.172658637E1,-2.048470676E-1,-2.752755582E-1,1.626807898E-1
2.173660937E1,-1.607364714E-1,-4.162112772E-1,1.928112209E-1
2.174663338E1,-1.800115779E-2,-5.250967741E-1,1.587762833E-1
2.175665638E1,-5.890447274E-2,-5.686445236E-1,3.092014417E-2
2.176667937E1,-1.199441254E-1,-4.696425796E-1,-8.516304940E-2
2.177670237E1,-4.684733972E-2,-1.825515330E-1,-4.818983749E-2
2.178672637E1,-1.581778377E-2,9.615546465E-2,6.454070657E-2
2.179674938E1,7.129726000E-3,3.162817359E-1,1.445524842E-1
2.180677238E1,-7.172248326E-3,4.205372930E-1,1.649962366E-1
2.181679637E1,-9.947248548E-2,3.982340395E-1,1.533401608E-1
2.182681937E1,-1.832653880E-1,3.184020519E-1,1.536932886E-1
2.183684237E1,-1.929844022E-1,2.466471940E-1,1.843617260E-1
2.184686638E1,-9.726213664E-2,2.197529972E-1,2.139465213E-1
2.185688883E1,-1.058918238E-2,2.529230416E-1,1.845780909E-1
2.186691183E1,5.873849243E-2,3.374427259E-1,1.234670728E-1
2.187693483E1,1.882641912E-1,3.709386587E-1,9.117598832E-2
2.188695883E1,2.660537958E-1,2.403023243E-1,7.521247119E-2
2.189698183E1,2.882405221E-1,-1.649209671E-2,2.046128921E-2
2.190700483E1,3.596891463E-1,-2.267587781E-1,-4.525833577E-2
2.191702883E1,3.793514669E-1,-2.789332867E-1,-7.792971283E-2
2.192705183E1,4.269397557E-1,-2.608632147E-1,1.157859899E-2
2.193707483E1,3.746503890E-1,-3.288454711E-1,2.053183764E-1
2.194709883E1,3.255752623E-1,-6.290697455E-1,3.653269708E-1
2.195712183E1,3.572046459E-1,-9.566940069E-1,3.533153534E-1
2.196714483E1,3.173032999E-1,-1.013019800E0,1.965731531E-1
2.197716783E1,3.687056303E-1,-5.848687291E-1,1.187110022E-1
2.198719183E1,3.411272764E-1,1.009673849E-1,1.973868906E-1
2.199721483E1,2.192199677E-1,5.427172780E-1,3.007568419E-1
2.200723783E1,2.203827053E-1,5.926454067E-1,3.051726520E-1
2.201726183E1,2.642100751E-1,3.685111701E-1,1.886173338E-1
2.202728483E1,3.183809221E-1,1.380358785E-1,7.835633308E-2
2.203730783E1,2.562800646E-1,4.364616796E-2,5.701367185E-2
2.204733083E1,2.066003978E-1,6.376075745E-2,1.383878887E-1
2.205735483E1,2.411049008E-1,7.744958997E-2,1.924447864E-1
2.206737783E1,2.677349150E-1,2.706711553E-2,1.202416942E-1
2.207740083E1,1.674418598E-1,2.057752386E-2,-2.798106149E-2
2.208742483E1,1.126201600E-1,7.322704885E-3,-1.450179368E-1
2.209744783E1,1.680000722E-1,1.466057450E-2,-2.202549726E-1
2.210747083E1,1.490668654E-1,5.691615492E-2,-2.230374366E-1
2.211749383E1,9.047884494E-2,7.663242519E-2,-1.075581610E-1
2.212751783E1,6.037713587E-2,1.356784403E-1,8.438730985E-2
2.213754083E1,3.460994456E-3,1.827563941E-1,1.995488703E-1
2.214756383E1,-7.854013145E-2,2.193508893E-1,1.653174013E-1
2.215758783E1,-1.078427061E-1,3.217331171E-1,5.697351322E-2
2.216761083E1,-3.631952032E-2,4.586539567E-1,-1.302687824E-2
2.217763383E1,-2.161962911E-2,5.830457807E-1,5.898467265E-3
2.218765783E1,-6.156171858E-2,5.516399145E-1,2.723464929E-2
2.219768083E1,-7.715922594E-2,3.827318251E-1,2.342986409E-3
2.220770383E1,-8.229646832E-2,2.383219302E-1,-3.360329568E-2
2.221772683E1,-1.199925691E-1,2.613362372E-1,-4.504454136E-2
2.222775083E1,-1.743146777E-1,3.592441678E-1,-3.234472126E-2
2.223777383E1,-1.846221536E-1,3.520772159E-1,-7.476301491E-2
2.224779683E1,-1.543241739E-1,2.291542292E-1,-1.267263442E-1
2.225782083E1,-1.489729732E-1,7.993070781E-2,-1.259501278E-1
2.226784383E1,-1.825775355E-1,4.657788202E-3,-5.760915577E-2
2.227786683E1,-1.822846383E-1,-6.251072139E-2,1.482337713E-2
2.228789083E1,-2.030756772E-1,-7.901193202E-2,2.970246039E-2
2.229791383E1,-1.976478398E-1,5.845424719E-3,3.788160859E-3
2.230793683E1,-2.318710536E-1,4.360318929E-2,-3.155757859E-2
2.231795983E1,-2.789394855E-1,-2.389150113E-2,-4.730518535E-2
2.232798383E1,-2.514980137E-1,-6.421495229E-2,-1.470410079E-2
2.233800683E1,-2.354197651E-1,-5.029925704E-2,4.510091152E-3
2.234802983E1,-2.353718281E-1,-8.694275469E-2,-2.278917469E-2
2.235805383E1,-2.296720147E-1,-2.002419233E-1,-4.709561542E-2
2.236807683E1,-2.682564259E-1,-1.823851615E-1,-1.982138306E-2
2.237809983E1,-2.864891291E-1,7.856402546E-3,5.973707139E-2
2.238812283E1,-2.778892517E-1,1.752834767E-1,8.397024125E-2
2.239814683E1,-2.639971375E-1,1.609199941E-1,2.716554888E-2
2.240816983E1,-2.488895804E-1,-6.058347877E-3,-2.428246289E-2
2.241819283E1,-2.861416936E-1,-1.489090919E-1,-9.637847543E-3
2.242821683E1,-3.331531584E-1,-1.376942545E-1,5.089713633E-2
2.243823983E1,-3.069305420E-1,2.420728654E-2,1.350865662E-1
2.244826283E1,-2.919643819E-1,1.008448079E-1,1.271303743E-1
2.245828683E1,-3.292915225E-1,4.038820043E-3,4.698657431E-3
2.246830983E1,-3.736683130E-1,-2.164836973E-1,-7.700072974E-2
2.247833283E1,-3.589502573E-1,-3.799673617E-1,-2.051796019E-2
2.248835583E1,-3.426170945E-1,-3.447502553E-1,8.997712284E-2
2.249837983E1,-3.724586368E-1,-1.726402193E-1,1.767839938E-1
2.250840283E1,-3.647612929E-1,6.793004274E-2,1.999452412E-1
2.251842583E1,-3.435813785E-1,2.562398314E-1,1.389517188E-1
2.252844983E1,-3.453713059E-1,2.904017866E-1,2.378331684E-2
2.253847283E1,-3.233349323E-1,2.288876921E-1,-5.362400040E-2
2.254849583E1,-2.655643225E-1,1.159752607E-1,-5.930851772E-2
2.255851883E1,-2.630714178E-1,-2.526027150E-2,-3.258859366E-2
2.256854283E1,-2.972096801E-1,-1.435914338E-1,2.077875473E-2
2.257856583E1,-3.134231269E-1,-2.458588034E-1,1.033611372E-1
2.258858883E1,-3.299091756E-1,-2.763855457E-1,1.384815723E-1
2.259861283E1,-3.365187347E-1,-2.231973112E-1,1.208899096E-1
2.260863583E1,-3.014409244E-1,-1.373220980E-1,9.751641005E-2
2.261865883E1,-2.694275975E-1,-3.583621606E-2,8.521633595E-2
2.262868283E1,-2.687002718E-1,6.849125028E-2,5.979087204E-2
2.263870583E1,-2.204663903E-1,1.462604553E-1,3.658486158E-2
2.264872883E1,-1.306049526E-1,2.019892335E-1,1.931240037E-2
2.265875183E1,-8.454770595E-2,2.141913772E-1,1.481039822E-2
2.266877583E1,-8.209653199E-2,1.617771685E-1,2.774617076E-2
2.267879883E1,-9.813467413E-2,1.109872311E-1,6.956486404E-2
2.268882183E1,-9.979036450E-2,5.300542340E-2,1.316519380E-1
2.269884583E1,-8.915140480E-2,1.263387594E-2,1.662695408E-1
2.270886883E1,-6.069286540E-2,7.715018466E-3,1.713511199E-1
2.271889183E1,-1.493638754E-2,1.069896482E-2,1.623776108E-1
2.272891483E1,3.653851897E-2,-5.171344616E-3,1.584939212E-1
2.273893883E1,7.424439490E-2,-6.625428051E-2,1.584991068E-1
2.274896183E1,1.305002123E-1,-1.410416961E-1,1.747534424E-1
2.275898483E1,1.469336897E-1,-1.872342825E-1,2.104145885E-1
2.276900883E1,1.127275079E-1,-2.697310448E-1,2.002282590E-1
2.277903183E1,1.484132260E-1,-3.408968449E-1,1.938696653E-1
2.278905483E1,2.177480906E-1,-3.671705425E-1,2.584324181E-1
2.279907883E1,2.473824769E-1,-3.611815572E-1,3.614334166E-1
2.280910183E1,1.230378971E-1,-3.692149818E-1,4.828602672E-1
2.281912483E1,3.125596419E-2,-3.516775072E-1,6.180269122E-1
2.282914783E1,3.347304836E-2,-2.779614627E-1,7.511023879E-1
2.283917183E1,6.048908830E-2,-2.066377401E-1,8.463177085E-1
2.284919483E1,1.093072295E-1,-1.142638698E-1,9.203221798E-1
2.285921796E1,1.560904384E-1,3.038486280E-2,9.865151644E-1
2.286924196E1,1.977505237E-1,1.820819825E-1,1.047309995E0
2.287926496E1,1.983714402E-1,2.306638807E-1,1.081585288E0
2.288928796E1,2.363869995E-1,1.910565495E-1,1.079469919E0
2.289931096E1,2.771747708E-1,5.862670392E-2,1.062905908E0
2.290933496E1,3.044383526E-1,-1.434070915E-1,1.096163988E0
2.291935796E1,2.150139660E-1,-4.005793929E-1,1.174596310E0
2.292938096E1,8.118986338E-2,-7.299264073E-1,1.291776896E0
2.293940496E1,3.227270767E-2,-9.622803926E-1,1.436092615E0
2.294942796E1,5.630560592E-2,-1.028509498E0,1.555372834E0
2.295945096E1,1.330215335E-1,-9.028929472E-1,1.602403879E0
2.296947496E1,1.902792305E-1,-5.510758162E-1,1.557025433E0
2.297949796E1,2.282741219E-1,-5.564943328E-2,1.489219308E0
2.298952096E1,2.540399432E-1,2.978005111E-1,1.443495035E0
2.299954396E1,3.019154370E-1,4.592590034E-1,1.444499969E0
2.300956796E1,2.835313678E-1,3.233544528E-1,1.482588768E0
2.301959096E1,2.697797418E-1,1.523393579E-2,1.481291413E0
2.302961396E1,3.793688118E-1,-1.489518136E-1,1.411540627E0
2.303963796E1,5.868692398E-1,5.927474704E-3,1.250935674E0
2.304966096E1,8.742879629E-1,3.590040505E-1,8.467613459E-1
2.305968396E1,6.589962840E-1,7.287478447E-1,1.328876764E-1
2.306970696E1,3.791691661E-1,1.061383843E0,-5.804203153E-1
2.307973096E1,2.097078711E-1,1.382012606E0,-1.065159559E0
2.308975396E1,9.999974817E-2,1.733409286E0,-1.291763902E0
2.309977696E1,2.957536280E-2,2.028175116E0,-1.375504613E0
2.310980096E1,8.803237230E-3,2.208440542E0,-1.370477080E0
2.311982396E1,2.455389202E-1,2.149674177E0,-1.233526111E0
2.312984696E1,6.592020988E-1,1.701528311E0,-1.051096082E0
2.313987096E1,7.014622092E-1,7.262147665E-1,-1.038985968E0
2.314989396E1,3.293280303E-1,-6.680102348E-1,-1.065480709E0
2.315991696E1,1.658935547E-1,-2.163276434E0,-8.438335061E-1
2.316993996E1,1.750183553E-1,-3.293260574E0,-3.463011980E-1
2.317996396E1,-2.813395113E-2,-3.688862324E0,1.561014056E-1
2.318998696E1,-4.694154859E-1,-3.187423706E0,4.670712650E-1
2.320000996E1,-3.836688697E-1,-1.327813148E0,3.996049762E-1
2.321003396E1,2.339107394E-1,1.292447805E0,3.223080635E-1
2.322005696E1,5.146338344E-1,3.482678413E0,4.091174603E-1
2.323007996E1,3.540041745E-1,4.597648621E0,4.087765813E-1
2.324010296E1,1.393656731E-1,4.655619144E0,2.486425638E-1
2.325012696E1,3.642198816E-2,3.858665228E0,3.572363406E-2
2.326014996E1,-3.116501030E-3,2.607923746E0,-1.520254612E-1
2.327017296E1,-1.010020524E-1,1.192802429E0,-2.203579098E-1
2.328019696E1,-1.564990580E-1,-1.666825563E-1,-9.025086462E-2
2.329021996E1,-2.061369121E-1,-1.196099758E0,1.604703069E-1
2.330024296E1,-2.233049870E-1,-1.832465529E0,3.868507147E-1
2.331026696E1,-1.970802993E-1,-2.213771820E0,4.644118249E-1
2.332028996E1,-1.521571875E-1,-2.343594074E0,4.087699652E-1
2.333031296E1,-2.456647530E-2,-2.321322918E0,3.317606747E-1
2.334033596E1,9.140806645E-2,-2.444869995E0,3.444233835E-1
2.335035996E1,1.181805581E-1,-2.773353577E0,4.969644547E-1
2.336038296E1,1.711516231E-1,-3.055976152E0,7.863429189E-1
2.337040596E1,1.997875273E-1,-3.041078329E0,1.085716367E0
2.338042996E1,2.048207372E-1,-2.766531944E0,1.230829358E0
2.339045296E1,2.454174310E-1,-2.361782789E0,1.221451759E0
2.340047596E1,4.095051289E-1,-1.840583563E0,1.096592307E0
2.341049896E1,7.196006775E-1,-1.189942241E0,8.618903756E-1
2.342052296E1,1.123578072E0,-5.677645206E-1,5.056385994E-1
2.343054596E1,1.321332335E0,2.938705496E-2,6.038548052E-2
2.344056896E1,1.318638086E0,6.347764730E-1,-3.416588306E-1
2.345059296E1,1.114594936E0,1.438861012E0,-5.440971851E-1
2.346061596E1,6.453853250E-1,2.356609106E0,-5.340070128E-1
2.347063896E1,-4.339312613E-1,2.606035233E0,-4.634430707E-1
2.348066296E1,-9.991360903E-1,1.948574185E0,-3.938355744E-1
2.349068596E1,-7.406978011E-1,1.140388131E0,-3.134035766E-1
2.350070896E1,7.631338388E-2,1.352256894E0,-2.495711297E-1
2.351073196E1,3.378717601E-1,2.187982321E0,-5.242961645E-1
2.352075596E1,1.105238199E-1,2.907053947E0,-9.714679718E-1
2.353077896E1,-2.253862917E-1,2.813968182E0,-1.329236865E0
2.354080196E1,-2.782835960E-1,1.449498892E0,-1.545409560E0
2.355082596E1,-2.535758615E-1,-4.997104034E-2,-1.201588750E0
2.356084896E1,-1.463698894E-1,-8.073984385E-1,-3.036636114E-1
2.357087196E1,5.261723883E-3,-4.494189918E-1,4.332120121E-1
2.358089496E1,6.376604736E-2,5.454221368E-1,7.093437314E-1
2.359091896E1,3.448752314E-2,1.327300429E0,5.271278620E-1
2.360094196E1,1.491690613E-2,1.566765547E0,2.973216474E-1
2.361096496E1,3.134301677E-2,1.566567659E0,2.534268796E-1
2.362098896E1,6.169470027E-2,1.582977772E0,2.406658828E-1
2.363101196E1,9.621619433E-2,1.402187109E0,3.768748417E-2
2.364103496E1,9.323288500E-2,8.414406180E-1,-2.744311094E-1
2.365105896E1,6.652297825E-2,-7.820376195E-3,-4.722754955E-1
2.366108196E1,8.262640238E-2,-7.082820535E-1,-4.560891688E-1
2.367110496E1,6.445938349E-2,-1.092660785E0,-2.823754251E-1
2.368112796E1,3.504009172E-2,-1.220000982E0,-5.378934741E-2
2.369115196E1,-8.147058077E-3,-9.627720714E-1,7.868427038E-2
2.370117496E1,-1.112165861E-3,-3.508240283E-1,2.428677678E-2
2.371119796E1,4.978750274E-2,3.300442696E-1,-1.339254975E-1
2.372122196E1,7.765230536E-2,8.429656029E-1,-2.804436088E-1
2.373124496E1,1.191496849E-1,1.022879481E0,-2.844162285E-1
2.374126796E1,1.120029911E-1,9.423720241E-1,-1.305352449E-1
2.375129096E1,1.475995928E-1,8.252214789E-1,7.529115677E-2
2.376131496E1,1.437124461E-1,6.761382222E-1,2.150469273E-1
2.377133796E1,1.013458222E-1,4.192265272E-1,1.255175769E-1
2.378136096E1,1.023373380E-1,1.550679803E-1,-5.282898992E-2
2.379138496E1,9.819958359E-2,-1.882534325E-1,-1.450649053E-1
2.380140796E1,1.439818442E-1,-5.964252353E-1,-1.184610352E-1
2.381143096E1,1.782929450E-1,-9.112939835E-1,-5.548126996E-2
2.382145396E1,1.543150842E-1,-9.143373370E-1,-3.896478936E-2
2.383147796E1,1.415862441E-1,-6.371949315E-1,-5.418182537E-2
2.384150096E1,1.526000798E-1,-2.160035223E-1,-7.987549156E-2
2.385152358E1,1.138939708E-1,2.005553395E-1,-1.629812866E-1
2.386154758E1,1.007714942E-1,5.219264030E-1,-2.179685682E-1
2.387157058E1,1.157957166E-1,6.697288752E-1,-1.649026871E-1
2.388159358E1,1.383256018E-1,7.233659029E-1,-1.105476618E-1
2.389161758E1,1.809830517E-1,8.477144837E-1,-9.462116659E-2
2.390164058E1,2.644870877E-1,1.013275504E0,-7.620995492E-2
2.391166358E1,2.855044901E-1,1.026941419E0,-4.157527164E-2
2.392168658E1,2.304842621E-1,9.051965475E-1,-3.656730801E-2
2.393171058E1,1.598447114E-1,7.366104722E-1,-1.067369711E-3
2.394173358E1,1.153790280E-1,5.594531894E-1,7.672815025E-2
2.395175658E1,9.961736947E-2,4.385510385E-1,1.598017365E-1
2.396178058E1,1.625173241E-1,3.241394758E-1,2.119011283E-1
2.397180358E1,2.772055268E-1,1.520497501E-1,2.129362971E-1
2.398182658E1,2.721819580E-1,-1.570225358E-1,8.637191355E-2
2.399184958E1,1.473819911E-1,-4.182855487E-1,-6.376006454E-2
2.400187358E1,5.950518698E-2,-3.896487355E-1,-1.273358613E-1
2.401189658E1,3.514072299E-2,-1.158209294E-1,-1.045109779E-1
2.402191958E1,2.629537322E-2,2.479009032E-1,-8.583323099E-3
2.403194358E1,-5.681975745E-4,4.776006639E-1,8.780207485E-2
2.404196658E1,-2.116177697E-3,5.617741346E-1,1.411526799E-1
2.405198958E1,-1.409534365E-2,5.566965342E-1,1.368077248E-1
2.406201358E1,-5.441305041E-2,4.796983600E-1,1.028437912E-1
2.407203658E1,-7.137233019E-2,3.448513150E-1,8.017390221E-2
2.408205958E1,9.676106274E-4,1.861321330E-1,9.473142028E-2
2.409208258E1,4.543814063E-2,4.692577198E-2,9.498841316E-2
2.410210658E1,8.120656013E-2,-9.483256936E-2,1.052603424E-1
2.411212958E1,6.953978539E-2,-2.017238736E-1,1.373011023E-1
2.412215258E1,2.916943841E-2,-1.896267086E-1,1.674554348E-1
2.413217658E1,4.284556955E-2,-5.355488509E-2,2.153904587E-1
2.414219958E1,5.538884923E-2,2.916486748E-2,2.567786276E-1
2.415222258E1,1.823029667E-2,2.537971735E-2,2.436537594E-1
2.416224558E1,4.467172176E-2,8.110464364E-2,2.242301404E-1
2.417226958E1,6.217427924E-2,1.600396633E-1,1.985583305E-1
2.418229258E1,8.543328196E-2,2.129357904E-1,1.483710706E-1
2.419231558E1,5.976040661E-2,2.530392706E-1,1.023572385E-1
2.420233958E1,2.817433141E-2,3.621821702E-1,1.377183348E-1
2.421236258E1,2.012386173E-2,4.583979249E-1,2.449385375E-1
2.422238558E1,-2.688001841E-4,4.740246832E-1,3.045641780E-1
2.423240858E1,-1.991360635E-2,3.748461902E-1,2.550954521E-1
2.424243258E1,-7.147308439E-3,1.636644453E-1,1.683788151E-1
2.425245558E1,1.040478796E-2,-1.171568260E-1,1.078824475E-1
2.426247858E1,5.388723686E-3,-4.540147185E-1,9.935500473E-2
2.427250258E1,-2.594123594E-2,-7.056951523E-1,6.870254874E-2
2.428252558E1,-2.609817311E-2,-6.733089685E-1,1.164354384E-2
2.429254858E1,-7.012102753E-2,-3.742924631E-1,-4.412944242E-2
2.430257158E1,-1.093571633E-1,2.140632719E-1,-6.442996860E-2
2.431259558E1,-9.989255667E-2,8.515976667E-1,2.163435798E-3
2.432261858E1,-8.483694494E-2,1.091512442E0,7.772757858E-2
2.433264158E1,-1.159192324E-1,9.163922071E-1,5.676663667E-2
2.434266558E1,-1.412704140E-1,5.594930053E-1,-4.186924919E-2
2.435268858E1,-6.767741591E-2,1.908409297E-1,-7.577581704E-2
2.436271158E1,2.528189123E-2,-1.984643042E-1,-2.565068938E-2
2.437273558E1,4.196446761E-2,-6.017420292E-1,-4.197062925E-3
2.438275858E1,-3.620173037E-2,-9.167277217E-1,-8.995184302E-2
2.439278158E1,-3.393804282E-2,-9.205229878E-1,-1.276446283E-1
2.440280458E1,4.052836448E-4,-7.605258822E-1,-6.347760558E-3
2.441282858E1,-1.038424671E-2,-6.103632450E-1,1.749994010E-1
2.442285158E1,-2.380781434E-2,-4.246629179E-1,2.513451278E-1
2.443287458E1,-2.084299922E-6,-1.619322449E-1,1.991138905E-1
2.444289858E1,3.208196908E-2,3.419756889E-2,1.085714400E-1
2.445292158E1,6.801379845E-3,1.076917648E-1,1.921865717E-2
2.446294458E1,-4.164930061E-2,1.597212255E-1,-3.570110351E-2
2.447296758E1,-8.288115263E-2,2.052482218E-1,-3.966868296E-2
2.448299158E1,-7.407191396E-2,1.642841399E-1,-3.712044656E-2
2.449301458E1,4.291863181E-3,1.143663749E-1,-1.100392779E-3
2.450303758E1,5.463957042E-2,1.374427509E-2,3.389897943E-2
2.451306158E1,6.240614876E-2,2.704436705E-2,5.960567668E-2
2.452308458E1,7.433027774E-2,2.148677558E-1,1.196731031E-1
2.453310758E1,1.255159676E-1,3.847039342E-1,2.180380225E-1
2.454313058E1,1.312394589E-1,3.370477855E-1,2.708643973E-1
2.455315458E1,7.595516741E-2,1.802190244E-1,1.890105605E-1
2.456317758E1,4.181770608E-2,7.899697125E-2,7.612121105E-2
2.457320058E1,3.531373292E-2,2.187829837E-2,2.574618533E-2
2.458322458E1,1.153574139E-1,-8.108614385E-2,6.531184912E-2
2.459324758E1,1.804093868E-1,-2.420092523E-1,8.427888155E-2
2.460327058E1,1.638457626E-1,-3.499645293E-1,1.536248624E-2
2.461329358E1,9.687418491E-2,-3.278230131E-1,-9.321805090E-2
2.462331758E1,2.281765686E-3,-2.552770972E-1,-1.383948922E-1
2.463334058E1,-5.924444273E-2,-1.759013087E-1,-5.746675283E-2
2.464336358E1,-3.233434260E-2,-1.062350348E-1,8.432749659E-2
2.465338758E1,1.065242067E-1,-6.932920963E-2,1.754677892E-1
2.466341058E1,1.550225765E-1,-1.885970235E-1,1.710232198E-1
2.467343358E1,8.920707554E-2,-4.031037390E-1,6.596205384E-2
2.468345758E1,5.744981393E-2,-5.571014881E-1,-7.822711766E-2
2.469348058E1,5.307983235E-2,-7.083793879E-1,-1.629220396E-1
2.470350358E1,-2.130031586E-2,-8.915411234E-1,-1.604448408E-1
2.471352658E1,-4.584800452E-2,-8.424047232E-1,-8.859463036E-2
2.472355058E1,7.658261061E-2,-4.645727575E-1,5.699605867E-2
2.473357358E1,1.873408109E-1,-9.003137797E-2,1.493342519E-1
2.474359658E1,1.701173186E-1,3.937122971E-2,1.078561842E-1
2.475362058E1,1.081317142E-1,-3.218524531E-2,1.161700021E-2
2.476364358E1,6.314994395E-2,-1.557721198E-1,-7.744079083E-2
2.477366658E1,3.597265482E-2,-2.159670144E-1,-1.525640339E-1
2.478368958E1,8.567818440E-4,-2.761864662E-1,-2.383165210E-1
2.479371358E1,-3.241408989E-2,-2.665255666E-1,-3.038907349E-1
2.480373658E1,-7.212603837E-2,-7.353699207E-2,-3.041675091E-1
2.481375958E1,2.570917457E-2,2.482841909E-1,-2.097147703E-1
2.482378358E1,1.512954533E-1,4.562222958E-1,-5.352946371E-2
2.483380658E1,2.263318896E-1,5.537872314E-1,7.145322114E-2
2.484382958E1,1.878107786E-1,5.462082028E-1,1.214581579E-1
2.485385283E1,1.051156446E-1,3.299241066E-1,9.302225709E-2
2.486387683E1,5.935560912E-2,-1.924755611E-2,1.755565032E-2
2.487389983E1,4.762411863E-2,-4.395391047E-1,-3.059803322E-2
2.488392283E1,-9.559160098E-4,-7.221087813E-1,-3.754081577E-2
2.489394683E1,-1.060823351E-1,-5.931012630E-1,-3.893977404E-2
2.490396983E1,-7.421297580E-2,-2.675021626E-2,-5.971159786E-2
2.491399283E1,2.149145305E-2,6.737170815E-1,-1.378993392E-1
2.492401583E1,1.036112756E-1,1.276804805E0,-2.898443937E-1
2.493403983E1,1.451725662E-1,1.605195999E0,-4.518791139E-1
2.494406283E1,1.020970866E-1,1.500325084E0,-4.350559711E-1
2.495408583E1,-4.299133085E-3,9.578251839E-1,-2.231352180E-1
2.496410983E1,-2.124911174E-2,8.947708458E-2,2.123643644E-2
2.497413283E1,1.853794307E-1,-6.700335145E-1,1.657454073E-1
2.498415583E1,1.180891395E-1,-1.220617890E0,1.624056846E-1
2.499417883E1,-1.654777117E-2,-1.329853535E0,3.227989376E-2
2.500420283E1,-1.828942448E-2,-9.823812246E-1,-8.897065371E-2
2.501422583E1,-5.283541605E-2,-7.104061842E-1,-1.549715102E-1
2.502424883E1,-3.652502224E-2,-4.664690495E-1,-1.562703699E-1
2.503427283E1,-5.873499066E-2,-1.467943639E-1,-9.005673230E-2
2.504429583E1,-9.652584791E-2,1.686778367E-1,-5.165290460E-2
2.505431883E1,-7.217843086E-2,3.517581820E-1,-7.342557609E-2
2.506434183E1,-6.973384321E-2,3.579460084E-1,-1.501027644E-1
2.507436583E1,-5.127947032E-2,4.870406091E-1,-2.235189229E-1
2.508438883E1,-1.078421250E-1,5.719421506E-1,-2.633288205E-1
2.509441183E1,-2.512248605E-2,6.004697084E-1,-2.696402371E-1
2.510443583E1,2.664804459E-1,6.850690246E-1,-1.854749918E-1
2.511445883E1,3.311734200E-1,6.635296941E-1,-7.671283185E-2
2.512448183E1,2.123385519E-1,7.628501654E-1,-1.699287817E-2
2.513450483E1,9.379965812E-2,6.412184834E-1,4.417087883E-2
2.514452883E1,-3.511968628E-2,7.869337499E-2,4.376034066E-2
2.515455183E1,6.941213273E-3,-1.878885180E-1,-7.479027659E-2
2.516457483E1,1.337148398E-1,1.363046169E-1,-2.557913363E-1
2.517459883E1,1.738753021E-1,6.752330661E-1,-2.988868654E-1
2.518462183E1,1.173887253E-1,9.206017256E-1,-1.592770070E-1
2.519464483E1,9.664563090E-2,8.251950741E-1,2.562465705E-2
2.520466783E1,1.535434574E-1,7.690820098E-1,1.414940208E-1
2.521469183E1,2.625801861E-1,7.197123170E-1,2.108459324E-1
2.522471483E1,2.762656510E-1,5.091016293E-1,2.142130435E-1
2.523473783E1,2.119409889E-1,2.612423003E-1,1.663166136E-1
2.524476183E1,1.439882070E-1,-1.723914742E-1,1.009829789E-1
2.525478483E1,1.176048070E-1,-8.046413660E-1,-7.723532617E-3
2.526480783E1,1.101476401E-1,-1.117804408E0,-3.949889913E-2
2.527483083E1,1.086898297E-1,-1.059730291E0,2.402068861E-2
2.528485483E1,2.561899126E-1,-9.055270553E-1,2.034101933E-1
2.529487783E1,2.091624886E-1,-8.639833331E-1,3.400889337E-1
2.530490083E1,1.748159379E-1,-6.893318295E-1,3.041550517E-1
2.531492483E1,1.317374408E-1,-6.128546000E-1,2.246935219E-1
2.532494783E1,9.856820107E-2,-6.260672808E-1,1.794146150E-1
2.533497083E1,1.511334032E-1,-5.717476010E-1,1.544914246E-1
2.534499483E1,3.609940410E-2,-5.112429857E-1,1.335838288E-1
2.535501783E1,-7.275251299E-2,-4.119342864E-1,9.680902958E-2
2.536504083E1,-1.219308376E-1,-2.153672427E-1,1.170445681E-1
2.537506383E1,-1.561908126E-1,1.019007340E-1,1.586583257E-1
2.538508783E1,1.014309376E-2,5.071803927E-1,1.937228143E-1
2.539511083E1,1.854033321E-1,7.335176468E-1,2.588182092E-1
2.540513383E1,2.364611924E-1,8.404356241E-1,2.575365305E-1
2.541515783E1,1.607954651E-1,6.973114610E-1,1.998031884E-1
2.542518083E1,5.423797294E-3,2.062032223E-1,1.104978025E-1
2.543520383E1,9.633456357E-3,-9.690578282E-2,2.922851220E-2
2.544522683E1,-6.442332268E-2,-2.755264640E-1,-3.652090207E-2
2.545525083E1,-6.224352494E-2,-4.414933324E-1,-6.747429073E-2
2.546527383E1,3.330209479E-2,-3.771477938E-1,5.351240933E-2
2.547529683E1,8.817865700E-2,1.253760457E-1,1.744002253E-1
2.548532083E1,3.894259408E-2,5.035254955E-1,1.403186917E-1
2.549534383E1,-1.834386587E-2,4.539110363E-1,-2.877445705E-2
2.550536683E1,-8.406847715E-2,2.115537077E-1,-1.763389707E-1
2.551538983E1,-1.592625678E-1,-7.608446479E-2,-1.732869893E-1
2.552541383E1,-3.420074657E-2,-3.079186380E-1,-7.150697708E-2
2.553543683E1,-7.066661119E-2,-5.122009516E-1,4.814992100E-2
2.554545983E1,-1.248017028E-1,-4.752978384E-1,1.039223075E-1
2.555548383E1,-9.714850783E-2,-2.082301676E-1,9.919226170E-2
2.556550683E1,-7.787970454E-2,-1.994144917E-2,-1.454756781E-2
2.557552983E1,-1.891439036E-2,4.445384257E-3,-1.513911635E-1
2.558555283E1,-1.025802568E-1,-1.599379629E-1,-2.053353637E-1
2.559557683E1,-1.710450649E-1,-3.800689876E-1,-2.175811082E-1
2.560559983E1,-1.913997233E-1,-4.821225107E-1,-1.768758595E-1
2.561562283E1,-1.951819509E-1,-4.408626854E-1,-1.587956697E-1
2.562564683E1,-1.516086608E-1,-3.355203569E-1,-1.227608919E-1
2.563566983E1,-2.095166892E-1,-2.704883516E-1,-5.353149027E-2
2.564569283E1,-1.388384253E-1,-1.797501743E-1,6.154692546E-2
2.565571583E1,1.745423973E-1,-4.326796532E-2,2.748733163E-1
2.566573983E1,2.301667184E-1,1.231189594E-1,3.467456102E-1
2.567576283E1,1.621762067E-1,2.194782495E-1,2.315849066E-1
2.568578583E1,-4.039113596E-2,-9.505234659E-2,1.310647279E-1
2.569580983E1,-1.380327344E-1,-5.097211599E-1,2.735378593E-2
2.570583283E1,-9.186155349E-2,-4.678979516E-1,-8.692497760E-2
2.571585583E1,-1.778694093E-1,3.249642998E-2,-1.057122424E-1
2.572587883E1,4.660129547E-2,7.298038602E-1,5.280942470E-2
2.573590283E1,3.648929894E-1,1.331901908E0,3.426090181E-1
2.574592583E1,4.088340104E-1,1.868680239E0,4.614802301E-1
2.575594883E1,2.138461620E-1,1.809167147E0,4.485319257E-1
2.576597283E1,3.285369277E-2,8.088633418E-1,4.173154235E-1
2.577599583E1,1.027097404E-1,-1.094848737E-1,3.721476793E-1
2.578601883E1,1.555781364E-1,-5.866099000E-1,2.731947303E-1
2.579604183E1,9.463141859E-2,-9.624559879E-1,1.608154476E-1
2.580606583E1,7.534174621E-2,-1.202306628E0,7.825875282E-2
2.581608883E1,2.502291650E-2,-1.022071600E0,5.885042623E-2
2.582611183E1,-2.834011614E-2,-3.261217773E-1,7.085981965E-2
2.583613583E1,2.014193311E-2,5.412899852E-1,1.707219779E-1
2.584615883E1,1.024435535E-1,1.124214530E0,2.561170459E-1
2.585618221E1,1.001273990E-1,1.319013357E0,2.143445611E-1
2.586620521E1,-3.551296145E-2,9.651555419E-1,1.550045609E-1
2.587622921E1,-1.212667450E-1,2.115616649E-1,1.336726248E-1
2.588625221E1,-6.137435138E-2,-5.580667853E-1,1.335131675E-1
2.589627521E1,-5.341309682E-2,-1.221875668E0,1.403063536E-1
2.590629921E1,-1.088016629E-1,-1.679165602E0,1.580554247E-1
2.591632221E1,2.415345237E-2,-1.849607825E0,2.218905985E-1
2.592634521E1,3.224977851E-2,-1.825502515E0,2.550413013E-1
2.593636821E1,1.684152894E-2,-1.376754761E0,2.480704337E-1
2.594639221E1,4.035819694E-2,-7.069208026E-1,2.032014728E-1
2.595641521E1,4.871307872E-3,-2.177247554E-1,1.423368007E-1
2.596643821E1,-8.033270389E-2,-2.597214282E-1,1.067164019E-1
2.597646221E1,-1.343916804E-1,-5.370752215E-1,8.053832501E-2
2.598648521E1,-8.681935072E-2,-6.792427897E-1,1.481003314E-2
2.599650821E1,-1.268892735E-1,-6.173245907E-1,-8.197643608E-2
2.600653121E1,-1.518365890E-1,-4.659508467E-1,-1.120398715E-1
2.601655521E1,-1.420907527E-1,-2.110833973E-1,-8.558562398E-2
2.602657821E1,-1.296561807E-1,8.757654577E-3,-2.957859077E-2
2.603660121E1,-9.774781764E-3,9.746594727E-2,5.378900468E-2
2.604662421E1,1.187996790E-1,1.513955593E-1,1.001522765E-1
2.605664821E1,1.813275069E-1,2.688244581E-1,6.000938267E-2
2.606667121E1,1.350974143E-1,4.274081886E-1,-3.888010979E-2
2.607669421E1,3.745900095E-2,4.599741101E-1,-1.052127928E-1
2.608671821E1,7.268496603E-2,4.738405347E-1,-1.122561470E-1
2.609674121E1,1.280038804E-1,5.988724828E-1,-1.372579187E-1
2.610676421E1,7.982521504E-2,6.915850639E-1,-2.086589038E-1
2.611678721E1,1.068049949E-2,6.105844975E-1,-1.598138660E-1
2.612681121E1,-4.343742505E-3,4.355719090E-1,1.140241511E-2
2.613683421E1,3.935207427E-2,2.832388282E-1,1.578533649E-1
2.614685721E1,1.721488535E-1,2.077007592E-1,2.237917483E-1
2.615688121E1,2.360197157E-1,1.355189681E-1,2.080551237E-1
2.616690421E1,2.283949405E-1,-2.152787987E-3,1.434553266E-1
2.617692721E1,1.826349199E-1,-3.425340950E-1,9.778291732E-2
2.618695021E1,2.448831052E-1,-8.219246268E-1,1.095990986E-1
2.619697421E1,2.022107393E-1,-1.285869718E0,9.627503157E-2
2.620699721E1,9.334410727E-2,-1.564816117E0,6.086459383E-2
2.621702021E1,1.142528504E-1,-1.543557882E0,6.096525863E-2
2.622704421E1,1.172168702E-1,-1.368100643E0,9.232042730E-2
2.623706721E1,1.288796514E-1,-1.098767757E0,1.326683760E-1
2.624709021E1,1.558044553E-1,-7.513182759E-1,1.747300774E-1
2.625711321E1,1.621337235E-1,-3.212668002E-1,1.556850076E-1
2.626713721E1,1.779921651E-1,8.738489449E-2,7.358857244E-2
2.627716021E1,1.887001991E-1,2.475324869E-1,1.151002385E-2
2.628718321E1,2.200611681E-1,1.535201073E-1,1.295457594E-3
2.629720721E1,2.510070801E-1,-9.327502549E-2,-1.080860943E-2
2.630723021E1,1.224362627E-1,-3.318229914E-1,-1.223036498E-1
2.631725321E1,7.901160978E-3,-3.350398242E-1,-2.493880987E-1
2.632727621E1,-9.123167023E-3,-1.304018795E-1,-2.369345278E-1
2.633730021E1,-3.084018081E-2,1.028489396E-1,-8.065331727E-2
2.634732321E1,-6.117760018E-2,2.414802611E-1,7.195520401E-2
2.635734621E1,-9.676142782E-2,2.314894050E-1,1.026832908E-1
2.636737021E1,-1.898396909E-1,7.924205810E-2,-1.131673576E-3
2.637739321E1,-2.673546970E-1,-1.900048703E-1,-1.986245066E-1
2.638741621E1,-2.716153562E-1,-4.036396742E-1,-3.927484751E-1
2.639743921E1,-2.086299956E-1,-4.388772845E-1,-4.580878019E-1
2.640746321E1,-1.798985004E-1,-4.094562531E-1,-3.621369004E-1
2.641748621E1,-1.520996243E-1,-3.995463550E-1,-1.713903695E-1
2.642750921E1,-1.399168670E-1,-3.930590749E-1,6.008605938E-3
2.643753321E1,-9.810124338E-2,-2.825621367E-1,6.275417656E-2
2.644755621E1,-4.862476885E-2,-7.895947434E-3,-3.641315177E-2
2.645757921E1,-6.523624063E-2,3.372755647E-1,-2.092919797E-1
2.646760221E1,-1.443425417E-1,5.195373893E-1,-3.470398486E-1
2.647762621E1,-2.135136276E-1,4.533801973E-1,-4.184418619E-1
2.648764921E1,-2.403989732E-1,1.657725871E-1,-4.574166536E-1
2.649767221E1,-2.609844208E-1,-3.864647448E-1,-4.910515547E-1
2.650769621E1,-2.962391973E-1,-1.155412316E0,-4.973469675E-1
2.651771921E1,-3.870689869E-1,-1.855511308E0,-4.347067475E-1
2.652774221E1,-3.720483482E-1,-2.189813614E0,-3.210012019E-1
2.653776521E1,-3.607142270E-1,-2.200893641E0,-2.018899918E-1
2.654778921E1,-3.364568651E-1,-2.020097494E0,-9.193132818E-2
2.655781221E1,-2.541047335E-1,-1.661568999E0,-3.641027957E-2
2.656783521E1,-1.552202255E-1,-1.230632186E0,-5.999716371E-2
2.657785821E1,-6.985978782E-2,-8.822813630E-1,-1.224248558E-1
2.658788221E1,-8.107329160E-2,-7.254001498E-1,-1.816061586E-1
2.659790521E1,-1.923689246E-1,-8.666592240E-1,-2.447537035E-1
2.660792821E1,-3.395760655E-1,-1.315550089E0,-3.687705696E-1
2.661795221E1,-4.086355567E-1,-2.062562704E0,-5.571721792E-1
2.662797521E1,-4.070709646E-1,-2.952359676E0,-8.195547462E-1
2.663799821E1,-3.263013065E-1,-3.525809050E0,-1.125571251E0
2.664802121E1,-3.005271554E-1,-3.776288033E0,-1.412615895E0
2.665804521E1,-4.429085553E-1,-4.071957588E0,-1.624202490E0
2.666806821E1,-7.390924096E-1,-4.527579308E0,-1.682199121E0
2.667809121E1,-1.074977517E0,-4.968062878E0,-1.599336743E0
2.668811521E1,-1.429505467E0,-5.331289291E0,-1.492175937E0
2.669813821E1,-1.703846931E0,-5.500601768E0,-1.267491937E0
2.670816121E1,-1.895065427E0,-5.238392353E0,-1.153483510E0
2.671818421E1,-1.959561825E0,-4.554515362E0,-1.397861838E0
2.672820821E1,-1.919874787E0,-3.619731903E0,-1.932915092E0
2.673823121E1,-1.717683792E0,-2.705448866E0,-2.440411568E0
2.674825421E1,-1.316363573E0,-2.087571383E0,-2.641235352E0
2.675827821E1,-8.623362184E-1,-1.757714748E0,-2.484379292E0
2.676830121E1,-5.271276236E-1,-1.534303546E0,-2.091296196E0
2.677832421E1,-2.279302478E-1,-1.315566659E0,-1.529066801E0
2.678834721E1,1.785890907E-1,-9.712151885E-1,-9.678235650E-1
2.679837121E1,6.733686924E-1,-3.823742867E-1,-6.555780768E-1
2.680839421E1,1.251638412E0,4.659548998E-1,-7.108036280E-1
2.681841721E1,1.872005224E0,1.192484140E0,-1.050396085E0
2.682844021E1,2.363063812E0,1.576740861E0,-1.539229512E0
2.683846421E1,2.727201223E0,1.924274325E0,-1.826036215E0
2.684848721E1,2.980673075E0,2.429079294E0,-1.958603501E0
2.685850946E1,3.381872177E0,3.261753559E0,-2.245415926E0
2.686853346E1,4.055614471E0,4.595147133E0,-2.666043758E0
2.687855646E1,4.944309235E0,6.064427376E0,-2.993063450E0
2.688857946E1,5.650224686E0,7.801107883E0,-3.096787214E0
2.689860246E1,6.150779247E0,8.997097969E0,-2.948957920E0
2.690862646E1,6.353855610E0,9.397371292E0,-2.602838039E0
2.691864946E1,6.169935703E0,9.302791595E0,-2.100318670E0
2.692867246E1,5.541933537E0,8.902065277E0,-1.389930487E0
2.693869646E1,4.705719948E0,7.918577194E0,-5.161203742E-1
2.694871946E1,4.021558285E0,6.633335590E0,2.322349101E-1
2.695874246E1,3.530600548E0,5.458465099E0,9.226325154E-1
2.696876546E1,3.093280315E0,4.544956207E0,1.536703944E0
2.697878946E1,2.643814087E0,3.816235781E0,1.943045855E0
2.698881246E1,2.164187431E0,3.141893864E0,2.293814182E0
2.699883546E1,1.847067595E0,2.458548784E0,2.699280977E0
2.700885946E1,1.763188362E0,2.124569416E0,2.951622248E0
2.701888246E1,1.783002734E0,2.029584408E0,2.994980335E0
2.702890546E1,1.749315739E0,1.947007656E0,2.877202272E0
2.703892846E1,1.658828974E0,1.873708129E0,2.750718117E0
2.704895246E1,1.543673277E0,1.876764536E0,2.736799240E0
2.705897546E1,1.403197289E0,2.007372618E0,2.700925827E0
2.706899846E1,1.317203641E0,2.212367296E0,2.530268431E0
2.707902146E1,1.314651847E0,2.356392384E0,2.269377232E0
2.708904546E1,1.332294583E0,2.383868217E0,2.032593966E0
2.709906846E1,1.360410333E0,2.317004204E0,1.842889309E0
2.710909146E1,1.335041642E0,2.187059641E0,1.657118559E0
2.711911546E1,1.294861436E0,2.035635471E0,1.463292122E0
2.712913846E1,1.260566473E0,1.929199219E0,1.240621328E0
2.713916146E1,1.288106441E0,1.792509556E0,1.034556627E0
2.714918446E1,1.205181599E0,1.520814061E0,1.009554982E0
2.715920846E1,9.262822270E-1,1.166073561E0,1.128206730E0
2.716923146E1,6.608055830E-1,9.084667563E-1,1.177048683E0
2.717925446E1,5.688634515E-1,7.143582106E-1,1.156079531E0
2.718927846E1,6.116060615E-1,6.136913896E-1,1.042558312E0
2.719930146E1,7.289307714E-1,7.372008562E-1,7.508154511E-1
2.720932446E1,8.236219287E-1,1.121320963E0,3.114570379E-1
2.721934746E1,8.686871529E-1,1.477199435E0,4.048838094E-2
2.722937146E1,8.548186421E-1,1.577825546E0,-3.918056190E-2
2.723939446E1,8.265031576E-1,1.517321348E0,-7.157365978E-2
2.724941746E1,6.826320887E-1,1.304733634E0,-1.425682604E-1
2.725944146E1,3.883136809E-1,9.938351512E-1,-1.825489700E-1
2.726946446E1,5.567029119E-2,6.452699900E-1,-9.142871201E-2
2.727948746E1,-3.178076744E-1,1.542949583E-3,1.163383350E-1
2.728951046E1,-6.535983086E-1,-7.825978994E-1,2.866215408E-1
2.729953446E1,-9.256964326E-1,-1.176594496E0,3.675744534E-1
2.730955746E1,-8.521272540E-1,-1.336495876E0,3.279725611E-1
2.731958046E1,-4.545668364E-1,-1.397431612E0,1.227704063E-1
2.732960446E1,-6.486710906E-2,-1.007101059E0,-1.999495029E-1
2.733962746E1,1.047642678E-1,-8.570023626E-2,-6.987345219E-1
2.734965046E1,2.669951916E-1,1.263636589E0,-1.042498112E0
2.735967346E1,4.807791114E-1,2.141476154E0,-9.786858559E-1
2.736969746E1,5.369850993E-1,2.355744123E0,-7.203401923E-1
2.737972046E1,5.064173341E-1,2.176739454E0,-6.247942448E-1
2.738974346E1,4.686562419E-1,1.882947803E0,-6.636002660E-1
2.739976646E1,4.932460189E-1,1.638060808E0,-7.164639831E-1
2.740979046E1,2.977088392E-1,1.293879628E0,-7.432819009E-1
2.741981346E1,2.711952031E-1,6.652420759E-1,-5.586281419E-1
2.742983646E1,7.160271704E-2,-2.547463179E-1,-1.968631148E-1
2.743986046E1,-5.021879077E-2,-9.668130279E-1,5.376829579E-2
2.744988346E1,-7.976254821E-2,-1.222443104E0,5.012528971E-2
2.745990646E1,-3.428720683E-2,-1.198962808E0,-2.158656418E-1
2.746992946E1,2.469927631E-2,-1.094039559E0,-5.405990481E-1
2.747995346E1,5.080198497E-2,-1.163598657E0,-6.898354292E-1
2.748997646E1,7.250759751E-2,-1.270593047E0,-6.839787960E-1
2.749999946E1,8.918911219E-2,-1.033471584E0,-6.701378226E-1
2.751002346E1,1.556568295E-1,-5.456870198E-1,-8.413854241E-1
2.752004646E1,2.295622081E-1,1.707833447E-2,-1.174737215E0
2.753006946E1,2.654199004E-1,3.294383287E-1,-1.614403725E0
2.754009246E1,3.537340462E-1,3.605802655E-1,-2.041834593E0
2.755011646E1,5.216840506E-1,3.033688664E-1,-2.362786770E0
2.756013946E1,6.987677813E-1,1.889328659E-1,-2.592119455E0
2.757016246E1,6.756421924E-1,-2.427436560E-1,-2.633287430E0
2.758018546E1,5.508699417E-1,-8.832051158E-1,-2.410447359E0
2.759020946E1,4.934010506E-1,-1.419542789E0,-2.082616091E0
2.760023246E1,5.181186199E-1,-1.800899982E0,-1.897420049E0
2.761025546E1,5.350183249E-1,-2.050976038E0,-2.086930752E0
2.762027946E1,3.948748410E-1,-2.107589006E0,-2.355050564E0
2.763030246E1,2.215558589E-1,-2.261881828E0,-2.442880154E0
2.764032546E1,3.083677962E-2,-2.746693373E0,-2.416474581E0
2.765034846E1,-6.197811663E-2,-3.359049797E0,-2.365832806E0
2.766037246E1,6.352148950E-2,-3.938771009E0,-2.394959688E0
2.767039546E1,1.643139720E-1,-4.597888470E0,-2.389961481E0
2.768041846E1,2.183590978E-1,-5.258296967E0,-2.149152040E0
2.769044246E1,4.491707683E-1,-5.354058266E0,-1.674224973E0
2.770046546E1,6.171028018E-1,-4.576570034E0,-1.303456783E0
2.771048846E1,7.100247145E-1,-3.125866890E0,-1.413346291E0
2.772051146E1,8.069450855E-1,-1.648766160E0,-1.963131070E0
2.773053546E1,7.914482951E-1,-8.101868629E-1,-2.593883991E0
2.774055846E1,6.299376488E-1,-7.425004840E-1,-3.031384468E0
2.775058146E1,5.837499499E-1,-1.189574718E0,-3.104162693E0
2.776060446E1,6.683417559E-1,-1.726881027E0,-2.673827410E0
2.777062846E1,6.021276712E-1,-2.228526592E0,-1.922903776E0
2.778065146E1,5.661787391E-1,-2.546288013E0,-1.203700066E0
2.779067446E1,4.231497049E-1,-2.462032557E0,-7.098574042E-1
2.780069846E1,3.497292697E-1,-2.262478352E0,-3.268708885E-1
2.781072146E1,4.385518730E-1,-2.281905174E0,-8.773354441E-2
2.782074446E1,4.058871567E-1,-2.159232140E0,-4.941198975E-2
2.783076746E1,3.291954100E-1,-1.778128982E0,-4.360135645E-2
2.784079146E1,2.410293370E-1,-1.294239879E0,-1.909361407E-2
2.785081446E1,1.652298272E-1,-7.585582733E-1,4.750688374E-2
2.786083821E1,7.326420397E-2,-2.441793680E-1,2.095069587E-1
2.787086221E1,-1.769317873E-2,1.871398538E-1,4.095399976E-1
2.788088521E1,-1.183281764E-1,6.165758967E-1,5.364654064E-1
2.789090821E1,-2.947230041E-1,9.906459451E-1,5.704898834E-1
2.790093121E1,-4.672327340E-1,8.410002589E-1,4.894323051E-1
2.791095521E1,-5.372179151E-1,4.802266657E-1,3.209132552E-1
2.792097821E1,-5.788285136E-1,2.953457534E-1,2.222998440E-1
2.793100121E1,-6.096300483E-1,1.724049598E-1,2.206330001E-1
2.794102421E1,-5.979670286E-1,6.212665141E-2,2.190220654E-1
2.795104821E1,-5.951583982E-1,7.481208537E-3,1.722030193E-1
2.796107121E1,-4.766432643E-1,-1.154579222E-4,8.970148116E-2
2.797109421E1,-3.752983809E-1,2.989246696E-2,-5.389278010E-2
2.798111821E1,-2.571922541E-1,1.283556521E-1,-1.376952529E-1
2.799114121E1,-8.135719597E-2,1.600164026E-1,-1.527186632E-1
2.800116421E1,-3.301256895E-2,2.898887545E-2,-1.986587346E-1
2.801118721E1,-8.877101541E-2,-1.988504380E-1,-2.237792760E-1
2.802121121E1,-1.059990004E-1,-5.051198602E-1,-1.527461112E-1
2.803123421E1,-1.381874382E-1,-8.252500296E-1,-4.151897505E-2
2.804125721E1,-2.260879874E-1,-1.033724189E0,1.204225607E-2
2.805128121E1,-3.254742324E-1,-9.640290141E-1,-3.027446009E-2
2.806130421E1,-4.314440787E-1,-7.777025700E-1,-1.545660496E-1
2.807132721E1,-4.215156734E-1,-6.475041509E-1,-2.763251960E-1
2.808135021E1,-4.089077413E-1,-5.452060103E-1,-3.335189819E-1
2.809137421E1,-3.776864707E-1,-3.671817482E-1,-2.752062380E-1
2.810139721E1,-3.126832545E-1,-3.021044731E-1,-1.558159292E-1
2.811142021E1,-1.879062355E-1,-3.097908199E-1,-7.513551414E-2
2.812144321E1,-2.650029212E-2,-2.156997323E-1,-1.044398770E-1
2.813146721E1,-2.016593330E-2,-3.417785466E-2,-2.074620873E-1
2.814149021E1,-8.523814380E-2,7.334088534E-2,-2.735268772E-1
2.815151321E1,-6.380648911E-2,-7.898865640E-2,-2.460004538E-1
2.816153721E1,-1.280456781E-1,-3.037011325E-1,-1.747353375E-1
2.817156021E1,-1.521674842E-1,-2.279003114E-1,-1.017139256E-1
2.818158321E1,-1.937287897E-1,-1.403110623E-1,-6.670853496E-2
2.819160621E1,-2.782674730E-1,-1.872776896E-1,-2.104486525E-2
2.820163021E1,-3.166558743E-1,-2.802726328E-1,1.976297703E-3
2.821165321E1,-2.604255974E-1,-4.081588089E-1,-7.502417266E-2
2.822167621E1,-2.422335744E-1,-4.972839057E-1,-1.809769720E-1
2.823169921E1,-2.272259593E-1,-5.057173371E-1,-2.173938751E-1
2.824172321E1,-1.628243327E-1,-6.514729261E-1,-1.871826947E-1
2.825174621E1,-1.736313552E-1,-6.500263810E-1,-1.532006711E-1
2.826176921E1,-2.200971246E-1,-4.062121212E-1,-1.395354569E-1
2.827179321E1,-1.507514119E-1,-1.186160073E-1,-1.663856804E-1
2.828181621E1,-1.107842997E-1,8.190941066E-3,-2.064577341E-1
2.829183921E1,-1.919901520E-1,2.450942807E-2,-1.807785332E-1
2.830186221E1,-2.056439072E-1,-1.371415257E-1,-1.053460985E-1
2.831188621E1,-2.434813976E-1,-3.118933439E-1,-7.659086585E-2
2.832190921E1,-2.232075483E-1,-4.806746542E-1,-5.232441425E-2
2.833193221E1,-1.815361828E-1,-7.321963906E-1,-1.643806696E-2
2.834195621E1,-1.716438681E-1,-7.542383075E-1,2.089013159E-2
2.835197921E1,-1.177166477E-1,-4.914819300E-1,-4.028745368E-2
2.836200221E1,2.692841925E-2,-2.777435184E-1,-2.084024251E-1
2.837202521E1,5.577924475E-2,-3.607066870E-1,-4.155012965E-1
2.838204921E1,-6.945390254E-3,-5.438318253E-1,-4.883155823E-1
2.839207221E1,-1.339510269E-2,-7.492132187E-1,-4.366275072E-1
2.840209521E1,-7.051005214E-2,-7.704694867E-1,-4.436500072E-1
2.841211821E1,-1.212882474E-1,-6.244580746E-1,-4.670999050E-1
2.842214221E1,-1.005648598E-1,-6.323010921E-1,-4.260925651E-1
2.843216521E1,-1.349100918E-1,-6.559053063E-1,-2.582911849E-1
2.844218821E1,-4.367794842E-3,-7.592130899E-1,-1.021633595E-1
2.845221221E1,4.641643539E-2,-6.554217935E-1,-1.115404591E-1
2.846223521E1,1.264553517E-1,-4.478350580E-1,-2.035097927E-1
2.847225821E1,4.601624981E-2,-4.073407948E-1,-2.681584954E-1
2.848228121E1,-5.028019100E-2,-5.288302302E-1,-2.237822413E-1
2.849230521E1,-2.549096346E-1,-6.294163465E-1,-1.848842800E-1
2.850232821E1,-2.908862829E-1,-6.381831765E-1,-1.580143124E-1
2.851235121E1,-2.750290334E-1,-5.609017015E-1,-1.372675896E-1
2.852237421E1,-2.815761268E-1,-3.591885269E-1,-9.280639142E-2
2.853239821E1,-2.584486306E-1,-8.069581538E-2,-1.974569634E-2
2.854242121E1,-2.324287444E-1,6.535060704E-2,7.062947750E-2
2.855244421E1,-3.036273420E-1,7.843323797E-2,1.331339628E-1
2.856246821E1,-2.884031236E-1,1.095575988E-1,1.550573707E-1
2.857249121E1,-2.804746032E-1,8.506043255E-2,1.370676756E-1
2.858251421E1,-2.938721776E-1,-4.236144200E-2,1.401364356E-1
2.859253721E1,-3.032522202E-1,-1.864571422E-1,1.755172610E-1
2.860256121E1,-2.843291461E-1,-3.496958613E-1,1.986580044E-1
2.861258421E1,-2.423349321E-1,-4.417856932E-1,1.556422412E-1
2.862260721E1,-1.440666914E-1,-3.637369573E-1,1.042208597E-1
2.863263121E1,-6.208919734E-2,-3.278976083E-1,5.022837222E-2
2.864265421E1,-8.725313842E-2,-3.292526305E-1,1.409859769E-2
2.865267721E1,-8.215128630E-2,-3.330717087E-1,2.896422148E-2
2.866270021E1,-1.307875365E-1,-3.693085313E-1,1.673392206E-2
2.867272421E1,-1.619319916E-1,-4.600409269E-1,5.115025863E-2
2.868274721E1,-1.577391028E-1,-5.406718850E-1,1.637274027E-1
2.869277021E1,-1.262749732E-1,-4.529511631E-1,2.807433605E-1
2.870279321E1,-1.067111194E-1,-3.514605165E-1,3.483088315E-1
2.871281721E1,-1.472115517E-1,-2.575210035E-1,3.219533265E-1
2.872284021E1,-2.175120860E-1,-7.169416547E-2,2.482471466E-1
2.873286321E1,-2.665998340E-1,-3.444015607E-2,2.525755763E-1
2.874288721E1,-3.645192087E-1,-6.823220849E-2,2.843401730E-1
2.875291021E1,-4.110467434E-1,-1.687521487E-2,2.932539582E-1
2.876293321E1,-4.138204455E-1,5.490278825E-3,2.995906770E-1
2.877295621E1,-4.382890463E-1,2.071331069E-2,2.887898386E-1
2.878298021E1,-4.667579830E-1,3.203893453E-2,2.570817173E-1
2.879300321E1,-5.126444101E-1,-4.599511623E-2,2.776944637E-1
2.880302621E1,-4.946167171E-1,-1.520499140E-1,4.129135311E-1
2.881304921E1,-4.471409023E-1,-1.583502144E-1,4.402861297E-1
2.882307321E1,-3.930020332E-1,2.996537276E-2,3.122147024E-1
2.883309621E1,-3.501510620E-1,2.387191355E-1,1.846658289E-1
2.884311921E1,-3.284497559E-1,2.926343083E-1,7.248708606E-2
2.885314321E1,-3.399766088E-1,2.113324851E-1,-6.111850590E-2
2.886316533E1,-3.656127155E-1,6.018611044E-2,-1.706772149E-1
2.887318833E1,-4.160397053E-1,-1.021545827E-1,-1.856078655E-1
2.888321133E1,-4.525846541E-1,-4.226604402E-1,-3.891588748E-2
2.889323533E1,-5.423288345E-1,-7.061986327E-1,9.728816152E-2
2.890325833E1,-5.800138712E-1,-7.319106460E-1,7.095083594E-2
2.891328133E1,-5.856676102E-1,-5.693603754E-1,-7.727814466E-2
2.892330433E1,-6.075885892E-1,-5.217531919E-1,-2.515071929E-1
2.893332833E1,-6.484614015E-1,-6.167896390E-1,-2.887658477E-1
2.894335133E1,-6.329753399E-1,-7.692015171E-1,-1.253582984E-1
2.895337433E1,-5.902216434E-1,-7.629441023E-1,2.870446816E-2
2.896339833E1,-5.220503211E-1,-4.700427353E-1,3.293809295E-2
2.897342133E1,-4.535764754E-1,-5.974024534E-2,-8.615098149E-2
2.898344433E1,-3.783022463E-1,1.917455196E-1,-2.146876603E-1
2.899346733E1,-3.820306063E-1,1.255109608E-1,-3.201947808E-1
2.900349133E1,-4.274550676E-1,-2.013611645E-1,-3.530414104E-1
2.901351433E1,-4.344802499E-1,-6.352660060E-1,-3.362376988E-1
2.902353733E1,-4.128564596E-1,-9.227561355E-1,-3.688438535E-1
2.903356033E1,-3.468329608E-1,-9.631764889E-1,-4.484527111E-1
2.904358433E1,-2.749800682E-1,-8.742743134E-1,-5.491172671E-1
2.905360733E1,-2.390303910E-1,-8.301089406E-1,-6.701029539E-1
2.906363033E1,-2.167178988E-1,-8.836392760E-1,-7.945282459E-1
2.907365433E1,-2.500267029E-1,-9.877932072E-1,-8.894697428E-1
2.908367733E1,-1.891700029E-1,-1.110226750E0,-8.994832039E-1
2.909370033E1,-4.518693313E-2,-1.176940799E0,-8.481884599E-1
2.910372333E1,1.747238487E-1,-1.187881589E0,-7.632666230E-1
2.911374733E1,2.111655623E-1,-1.185224771E0,-6.947739720E-1
2.912377033E1,2.806583643E-1,-1.204190850E0,-6.485239267E-1
2.913379333E1,2.804939747E-1,-1.286875606E0,-5.908253789E-1
2.914381633E1,1.453707963E-1,-1.399655104E0,-5.310807824E-1
2.915384033E1,5.654123425E-2,-1.471641660E0,-4.358555079E-1
2.916386333E1,4.264246300E-2,-1.482055664E0,-4.079005718E-1
2.917388633E1,-5.491832271E-2,-1.310441852E0,-4.608053565E-1
2.918390933E1,-1.546571702E-1,-1.036186576E0,-4.010954201E-1
2.919393333E1,-2.108950913E-1,-7.200986147E-1,-2.367198616E-1
2.920395633E1,-2.482429892E-1,-3.243598044E-1,-7.499939948E-2
2.921397933E1,-3.070063591E-1,-3.372583538E-2,4.834435508E-2
2.922400333E1,-3.892325461E-1,1.328170747E-1,1.039061472E-1
2.923402633E1,-4.442913234E-1,1.603724957E-1,1.508543342E-1
2.924404933E1,-5.198382735E-1,6.909079105E-2,2.235288173E-1
2.925407233E1,-5.400822759E-1,4.979709536E-2,2.389137000E-1
2.926409633E1,-5.080748200E-1,1.818416864E-1,2.446397692E-1
2.927411933E1,-3.410486579E-1,3.867493570E-1,2.670260072E-1
2.928414233E1,-1.925739944E-1,5.565317869E-1,2.086670846E-1
2.929416633E1,-1.855328083E-1,5.488774776E-1,1.363540590E-1
2.930418933E1,-3.668676913E-1,2.133109272E-1,1.577277929E-1
2.931421233E1,-5.810127258E-1,-4.541500211E-1,2.550264299E-1
2.932423533E1,-6.304178238E-1,-1.116063833E0,3.890119195E-1
2.933425933E1,-6.135061383E-1,-1.477722883E0,4.741806090E-1
2.934428233E1,-5.410838723E-1,-1.577430844E0,5.094067454E-1
2.935430533E1,-4.711245596E-1,-1.317341924E0,4.917462766E-1
2.936432833E1,-4.339777231E-1,-6.982243657E-1,4.040121734E-1
2.937435233E1,-3.814518154E-1,-9.948906489E-3,3.264192343E-1
2.938437533E1,-3.593268096E-1,4.802921712E-1,3.186401427E-1
2.939439833E1,-4.195420146E-1,6.859394312E-1,3.582837880E-1
2.940442133E1,-5.138783455E-1,6.019670367E-1,4.364925623E-1
2.941444533E1,-6.455569267E-1,2.669818997E-1,5.345896482E-1
2.942446833E1,-7.482404113E-1,-5.906170979E-2,6.678526402E-1
2.943449133E1,-8.307212591E-1,-1.919733137E-1,8.269478083E-1
2.944451533E1,-8.388769031E-1,-1.155842543E-1,9.300600886E-1
2.945453833E1,-8.519595861E-1,5.341101438E-2,9.098427892E-1
2.946456133E1,-8.186335564E-1,9.298852086E-2,8.038324714E-1
2.947458433E1,-7.098011971E-1,1.115255430E-1,6.875048280E-1
2.948460833E1,-6.598078012E-1,3.214702606E-1,5.479717255E-1
2.949463133E1,-6.138474941E-1,5.072637796E-1,4.028328955E-1
2.950465433E1,-6.409353018E-1,4.728916585E-1,3.428052366E-1
2.951467733E1,-6.719245911E-1,3.789777756E-1,3.755300343E-1
2.952470133E1,-6.364464760E-1,2.196275592E-1,4.049387872E-1
2.953472433E1,-5.916257501E-1,2.816092223E-2,4.269772470E-1
2.954474733E1,-5.561332703E-1,-1.604566574E-1,4.588187933E-1
2.955477133E1,-5.261067152E-1,-2.655176520E-1,4.642277658E-1
2.956479433E1,-5.839899778E-1,-3.465480506E-1,4.670102298E-1
2.957481733E1,-6.641505361E-1,-4.281290174E-1,4.921304882E-1
2.958484033E1,-6.545221806E-1,-5.168862939E-1,4.779403806E-1
2.959486433E1,-5.954681039E-1,-5.468736887E-1,3.801275194E-1
2.960488733E1,-5.802965760E-1,-4.665961564E-1,2.245829254E-1
2.961491033E1,-5.497421026E-1,-4.425844550E-1,1.087647229E-1
2.962493333E1,-5.060031414E-1,-4.887703359E-1,9.148027003E-2
2.963495733E1,-4.812098444E-1,-5.271057487E-1,1.538610458E-1
2.964498033E1,-4.216839075E-1,-5.333860517E-1,1.992005557E-1
2.965500333E1,-3.957164884E-1,-4.656514525E-1,1.903122514E-1
2.966502633E1,-3.801111877E-1,-4.010263681E-1,1.735050529E-1
2.967505033E1,-2.962084115E-1,-3.533398509E-1,1.220681965E-1
2.968507333E1,-3.377135098E-1,-1.319509894E-1,1.052442044E-1
2.969509633E1,-4.400468767E-1,1.035157517E-1,1.387552172E-1
2.970512033E1,-3.413967490E-1,2.456883490E-1,1.057679802E-1
2.971514333E1,-2.380351126E-1,4.604140222E-1,2.191533893E-2
2.972516633E1,-1.949462295E-1,5.819665790E-1,-2.529131994E-2
2.973518933E1,-2.575730979E-1,5.076974630E-1,3.654127009E-3
2.974521333E1,-3.175935447E-1,3.552653193E-1,1.350688785E-1
2.975523633E1,-3.511040509E-1,2.515521944E-1,2.702126503E-1
2.976525933E1,-3.709994555E-1,2.593464553E-1,2.278641164E-1
2.977528233E1,-4.083798528E-1,2.991226912E-1,4.650650546E-2
2.978530633E1,-4.270411730E-1,3.019557595E-1,-6.991331279E-2
2.979532933E1,-3.683957160E-1,1.790908575E-1,-7.076573372E-2
2.980535233E1,-2.290887088E-1,2.319482118E-1,-9.291737527E-2
2.981537633E1,-1.076596156E-1,2.847152054E-1,-1.469246298E-1
2.982539933E1,-1.313942224E-1,2.020064890E-1,-9.243077785E-2
2.983542233E1,-1.169151589E-1,1.361608505E-1,2.907766029E-2
2.984544533E1,2.879916877E-2,9.607068449E-2,2.914770320E-2
2.985546933E1,6.328273565E-2,1.098858193E-1,-1.082189754E-1
2.986549275E1,5.948187411E-2,8.022139966E-2,-3.017048240E-1
2.987551575E1,-1.362779550E-2,-1.138193011E-1,-4.322501719E-1
2.988553875E1,-2.066694200E-1,-3.395613730E-1,-4.328608513E-1
2.989556275E1,-3.090349734E-1,-5.795699954E-1,-2.988038659E-1
2.990558575E1,-2.918637097E-1,-7.578929067E-1,-1.487062722E-1
2.991560875E1,-2.018107921E-1,-7.168285847E-1,-8.675852418E-2
2.992563175E1,-9.384278208E-2,-4.074869752E-1,-8.513346314E-2
2.993565575E1,4.297448322E-2,-2.622744143E-1,-1.325434297E-1
2.994567875E1,-3.748627380E-2,-2.626533806E-1,-1.553057432E-1
2.995570175E1,-1.152068675E-1,-2.664186358E-1,-1.137393713E-1
2.996572575E1,-1.651430130E-1,-2.998706102E-1,-8.002295345E-2
2.997574875E1,-1.989785433E-1,-3.071368337E-1,-8.356349915E-2
2.998577175E1,-2.243816257E-1,-2.247609794E-1,-3.944290802E-2
2.999579475E1,-7.743069530E-2,-1.617985815E-1,7.485345751E-2
3.000581875E1,-8.260814101E-2,-5.303375050E-2,1.348464936E-1
3.001584175E1,-2.167631239E-1,1.462462395E-1,1.656099260E-1
3.002586475E1,-2.001583129E-1,2.106340080E-1,1.406569034E-1
3.003588775E1,-2.184667736E-1,2.969700396E-1,6.123314146E-3
3.004591175E1,-2.164930999E-1,4.682072997E-1,-5.490435287E-2
3.005593475E1,-1.705397516E-1,4.344796836E-1,6.813897192E-2
3.006595775E1,-1.604682058E-1,3.789354563E-1,1.090264842E-1
3.007598175E1,-2.578851879E-1,4.269448519E-1,1.277007461E-1
3.008600475E1,-2.712406814E-1,2.366348356E-1,1.575015187E-1
3.009602775E1,-3.313577175E-1,-2.539575659E-2,1.687585413E-1
3.010605075E1,-3.180578947E-1,-2.063855082E-1,3.014622629E-1
3.011607475E1,-1.560670733E-1,-1.699170023E-1,4.251383543E-1
3.012609775E1,-4.150879383E-2,2.428013235E-1,2.390428185E-1
3.013612075E1,-2.877581120E-2,4.559454322E-1,4.781281576E-2
3.014614375E1,-1.409873068E-1,2.340095788E-1,7.827991247E-2
3.015616775E1,-2.547220886E-1,-2.314759791E-1,2.257014066E-1
3.016619075E1,-3.789004982E-1,-5.304328799E-1,3.875651360E-1
3.017621375E1,-2.953498065E-1,-6.450372934E-1,4.465039670E-1
3.018623675E1,-1.179774329E-1,-5.461770296E-1,2.932603657E-1
3.019626075E1,-3.458695486E-2,-2.910899520E-1,8.592642099E-2
3.020628375E1,9.600747377E-3,-2.676030062E-2,2.252830192E-3
3.021630675E1,-3.984570503E-3,2.775966749E-2,2.932762727E-4
3.022633075E1,-1.528872252E-1,3.237545863E-2,5.027361959E-2
3.023635375E1,-2.466538697E-1,-7.122710347E-2,1.140821502E-1
3.024637675E1,-2.781260312E-1,-1.204540431E-1,7.746128738E-2
3.025639975E1,-2.630872428E-1,2.505373955E-2,1.844358630E-4
3.026642375E1,-1.825838536E-1,1.129548252E-1,5.023215711E-2
3.027644675E1,-3.727973625E-2,1.084146351E-1,8.996504545E-2
3.028646975E1,5.669336393E-2,3.624874055E-1,5.760684237E-2
3.029649275E1,1.302665025E-1,7.106220126E-1,5.965317041E-2
3.030651675E1,1.897692531E-1,8.046329618E-1,3.519869596E-2
3.031653975E1,1.367750764E-1,6.528325081E-1,-6.052023172E-2
3.032656275E1,-4.613774270E-2,3.504212797E-1,-5.259546638E-2
3.033658575E1,-1.168354079E-1,-1.111172587E-1,6.951734424E-2
3.034660975E1,-6.922847778E-2,-3.935854435E-1,5.142489076E-2
3.035663275E1,1.561534591E-4,-2.889592946E-1,-9.824702144E-2
3.036665575E1,7.246869802E-2,-8.000394702E-2,-1.955229789E-1
3.037667975E1,1.509944499E-1,1.457911916E-3,-2.441032082E-1
3.038670275E1,1.549042314E-1,-1.714852825E-2,-3.032411039E-1
3.039672575E1,1.004772484E-1,-6.511528790E-2,-2.581541538E-1
3.040674875E1,1.321789771E-1,-1.640189588E-1,-1.376383752E-1
3.041677275E1,1.541640162E-1,-1.847718954E-1,-1.338998079E-1
3.042679575E1,1.470858604E-1,-1.873977780E-1,-1.766579300E-1
3.043681875E1,1.150665283E-1,-2.780449986E-1,-8.127030730E-2
3.044684175E1,9.220036119E-2,-3.586423695E-1,7.607351243E-2
3.045686575E1,6.872364134E-2,-3.558365107E-1,1.751019657E-1
3.046688875E1,8.396251500E-2,-3.485612869E-1,2.128256410E-1
3.047691175E1,6.625669450E-2,-3.931507468E-1,2.306947559E-1
3.048693475E1,3.501488641E-2,-4.510912597E-1,2.635544240E-1
3.049695875E1,-4.884133488E-2,-5.337929130E-1,2.647427917E-1
3.050698175E1,-1.793516874E-1,-6.572354436E-1,2.471155971E-1
3.051700475E1,-3.589531779E-1,-8.650140166E-1,2.429930866E-1
3.052702875E1,-5.254758596E-1,-1.012770653E0,2.737888098E-1
3.053705175E1,-5.767488480E-1,-1.078729272E0,3.894516528E-1
3.054707475E1,-5.652618408E-1,-1.057295918E0,5.006763935E-1
3.055709775E1,-5.260853767E-1,-8.665558696E-1,5.278502703E-1
3.056712175E1,-4.054529667E-1,-6.265677810E-1,4.762057066E-1
3.057714475E1,-2.940464318E-1,-4.426473975E-1,3.254675269E-1
3.058716775E1,-2.182512581E-1,-4.007159173E-1,1.606191993E-1
3.059719075E1,-1.788554490E-1,-5.015326738E-1,7.053361088E-2
3.060721475E1,-1.742385924E-1,-6.805961728E-1,5.262785405E-2
3.061723775E1,-2.238664478E-1,-8.999856710E-1,1.699128300E-1
3.062726075E1,-2.451365888E-1,-1.043701530E0,3.276057541E-1
3.063728375E1,-2.023829818E-1,-1.081226110E0,4.789643288E-1
3.064730775E1,-1.136573702E-1,-1.106648922E0,6.116608381E-1
3.065733075E1,6.077986211E-2,-9.427604079E-1,5.975758433E-1
3.066735375E1,3.134219646E-1,-5.203588605E-1,4.271284640E-1
3.067737675E1,5.659478307E-1,-7.145438343E-2,1.707722396E-1
3.068740075E1,7.766965628E-1,2.660109997E-1,-3.832877055E-2
3.069742375E1,9.001986980E-1,4.676681459E-1,-1.273989379E-1
3.070744675E1,8.733450174E-1,5.825446844E-1,-1.471319050E-1
3.071747075E1,7.810449600E-1,4.908818305E-1,-2.333672643E-1
3.072749375E1,6.799023747E-1,7.669689506E-2,-4.217638075E-1
3.073751675E1,6.466436386E-1,-3.036115766E-1,-7.265430093E-1
3.074753975E1,5.249376893E-1,-4.704186916E-1,-1.082279801E0
3.075756375E1,1.350935996E-1,-5.971661806E-1,-1.235178351E0
3.076758675E1,-2.263418287E-1,-8.942852020E-1,-1.095785618E0
3.077760975E1,-2.924636006E-1,-1.311396837E0,-8.823602200E-1
3.078763275E1,-2.394419014E-1,-1.561861992E0,-8.538193703E-1
3.079765675E1,-3.027898073E-1,-1.487327337E0,-8.263710737E-1
3.080767975E1,-3.930515349E-1,-1.123354197E0,-6.478958726E-1
3.081770275E1,-3.660291433E-1,-6.933706999E-1,-3.412850499E-1
3.082772575E1,-3.047932386E-1,-5.131436586E-1,-8.961899579E-2
3.083774975E1,-3.358610868E-1,-5.417926908E-1,1.083866656E-1
3.084777275E1,-4.317063987E-1,-4.776733518E-1,2.468686402E-1
3.085779575E1,-4.032074213E-1,-4.060445726E-1,3.120187521E-1
3.086781846E1,-2.714166641E-1,-3.902837336E-1,3.800542653E-1
3.087784246E1,-5.141698197E-2,-3.012944460E-1,4.169681072E-1
3.088786546E1,1.879791021E-1,-1.904464513E-2,5.072591305E-1
3.089788846E1,2.923393548E-1,5.858062506E-1,6.377279162E-1
3.090791246E1,2.646358311E-1,1.071289420E0,7.056230903E-1
3.091793546E1,2.248200178E-1,1.086758733E0,6.497709751E-1
3.092795846E1,2.090618163E-1,8.320035934E-1,4.194829166E-1
3.093798146E1,1.593226343E-1,4.919929802E-1,1.645446569E-1
3.094800546E1,1.298539639E-1,2.237897664E-1,1.147022694E-1
3.095802846E1,1.552677900E-1,7.069548965E-2,2.372932732E-1
3.096805146E1,5.474305153E-2,1.994814277E-1,2.083364576E-1
3.097807446E1,-8.378786594E-2,5.005993247E-1,-2.394029871E-2
3.098809846E1,-1.869483292E-1,7.894290090E-1,-1.841933429E-1
3.099812146E1,-1.880801767E-1,9.359635115E-1,-1.680378467E-1
3.100814446E1,-1.474877447E-1,8.133774400E-1,-7.804563642E-2
3.101816746E1,-1.515669525E-1,5.884404182E-1,-2.627413254E-3
3.102819146E1,-1.397286654E-1,4.982551336E-1,9.208577871E-2
3.103821446E1,-8.069396764E-2,4.998781979E-1,1.512010843E-1
3.104823746E1,-8.166682720E-2,5.058663487E-1,1.135463715E-1
3.105826046E1,-1.900837421E-1,4.855299890E-1,-3.773868084E-2
3.106828446E1,-2.807707787E-1,3.561658859E-1,-2.082909793E-1
3.107830746E1,-3.277282119E-1,2.102077007E-1,-3.053017259E-1
3.108833046E1,-3.054934740E-1,1.072919741E-1,-3.065137267E-1
3.109835446E1,-2.493523955E-1,6.186790764E-2,-2.422514856E-1
3.110837746E1,-1.239412054E-1,5.648486316E-2,-1.526089609E-1
3.111840046E1,-8.104061708E-4,8.846271038E-2,-1.066341847E-1
3.112842346E1,2.408136055E-2,6.329610944E-2,-1.771917045E-1
3.113844746E1,-4.330415279E-2,-1.471420377E-1,-2.749055624E-1
3.114847046E1,-1.036207527E-1,-3.390302360E-1,-3.312085271E-1
3.115849346E1,-7.772151381E-2,-2.985715568E-1,-3.540876508E-1
3.116851646E1,-2.807853743E-4,-6.430339068E-2,-3.316451907E-1
3.117854046E1,1.118536368E-1,2.360121608E-1,-3.078817129E-1
3.118856346E1,1.037363261E-1,5.060745478E-1,-2.270220220E-1
3.119858646E1,3.498704359E-2,5.826537609E-1,-1.314279288E-1
3.120860946E1,-7.227656245E-2,4.361494780E-1,-9.132072330E-2
3.121863346E1,-2.579841316E-1,1.748073548E-1,-1.122233868E-1
3.122865646E1,-3.185423017E-1,-1.166873500E-1,-1.180551797E-1
3.123867946E1,-3.139806986E-1,-2.740574777E-1,-7.089611888E-2
3.124870246E1,-2.522243857E-1,-1.459751725E-1,-1.126225293E-1
3.125872646E1,-1.157596260E-1,-3.094517253E-2,-2.373192310E-1
3.126874946E1,-1.238716766E-2,-1.082082745E-3,-3.597434163E-1
3.127877246E1,1.734690182E-2,7.572340965E-2,-4.656431675E-1
3.128879546E1,4.427535459E-4,1.330127865E-1,-5.414503217E-1
3.129881946E1,-4.209786654E-2,8.985899389E-2,-5.854812860E-1
3.130884246E1,-3.376037814E-3,5.757641792E-2,-5.365899205E-1
3.131886546E1,6.507548690E-2,2.574722469E-1,-5.551182628E-1
3.132888946E1,1.932619512E-1,4.439361095E-1,-6.820806861E-1
3.133891246E1,1.284088343E-1,3.131286502E-1,-6.721967459E-1
3.134893546E1,-1.050838232E-1,1.121964306E-2,-4.606248736E-1
3.135895846E1,-3.363851905E-1,-2.443920225E-1,-2.311707586E-1
3.136898246E1,-4.197056293E-1,-3.573691845E-1,-1.757594347E-1
3.137900546E1,-2.989665568E-1,-2.887385488E-1,-2.446116954E-1
3.138902846E1,-1.466862112E-1,-2.371339202E-1,-2.834741473E-1
3.139905146E1,-5.698862672E-2,-4.089915752E-2,-3.176605999E-1
3.140907546E1,-6.960188597E-2,-5.179681256E-2,-2.152277082E-1
3.141909846E1,-1.282655001E-1,-2.173254937E-1,-2.857661061E-2
3.142912146E1,-1.506379247E-1,-1.441966891E-1,-6.625927240E-2
3.143914446E1,-6.974901259E-2,4.516417533E-2,-3.286083043E-1
3.144916846E1,-9.294914454E-2,1.204738393E-1,-5.403227210E-1
3.145919146E1,-1.619399488E-1,2.084785327E-2,-5.384424329E-1
3.146921446E1,-1.512241960E-1,-2.253611237E-1,-3.992100060E-1
3.147923746E1,-3.028378487E-1,-3.492606282E-1,-3.183085620E-1
3.148926146E1,-3.528347015E-1,-3.718090951E-1,-1.289570034E-1
3.149928446E1,-3.295516670E-1,-2.943371832E-1,1.062544286E-1
3.150930746E1,-2.204989344E-1,-2.275762334E-2,2.108055949E-1
3.151933146E1,-5.857899413E-2,2.404018492E-1,1.130987927E-1
3.152935446E1,-2.582478151E-2,3.772731423E-1,-1.659128666E-1
3.153937746E1,-1.776162684E-1,2.741293013E-1,-3.042504489E-1
3.154940046E1,-2.717009187E-1,2.035038620E-1,-2.234275043E-1
3.155942446E1,-2.135537118E-1,1.482025720E-2,-1.159198731E-1
3.156944746E1,-1.701654941E-1,-1.420220882E-1,-1.314751208E-1
3.157947046E1,-1.604332924E-1,-1.416363269E-1,-1.115665659E-1
3.158949346E1,-1.815361828E-1,-2.033388466E-1,3.703299910E-3
3.159951746E1,-1.192036718E-1,-2.041417956E-1,-5.755821988E-2
3.160954046E1,-2.181293629E-2,-1.598015055E-2,-2.880313694E-1
3.161956346E1,8.575392514E-2,-1.679557841E-3,-4.227043688E-1
3.162958646E1,1.293946058E-1,7.880125195E-3,-5.262541771E-1
3.163961046E1,6.536299735E-2,9.558767080E-2,-6.721723676E-1
3.164963346E1,-7.206117362E-2,5.584276747E-3,-5.444325209E-1
3.165965646E1,-1.103931740E-1,-4.691993818E-3,-2.898516655E-1
3.166967946E1,2.074833401E-2,7.827985287E-2,-3.338779807E-1
3.167970346E1,-5.254095420E-3,1.927844584E-1,-3.520767987E-1
3.168972646E1,-2.843131870E-2,-4.011323303E-2,-8.480994403E-2
3.169974946E1,-5.538316444E-3,-1.809751391E-1,8.183506131E-2
3.170977246E1,1.144045964E-1,5.161468312E-2,-3.374452889E-2
3.171979646E1,2.485957146E-1,3.768863082E-1,-3.080461919E-1
3.172981946E1,2.396413684E-1,3.659489751E-1,-4.422668517E-1
3.173984246E1,1.029312909E-1,2.500655353E-1,-3.925299048E-1
3.174986546E1,1.035795063E-1,2.046466619E-1,-3.995566666E-1
3.175988946E1,-1.127077267E-2,6.801182032E-2,-4.276016653E-1
3.176991246E1,-9.209851176E-2,-1.191194579E-1,-3.823231459E-1
3.177993546E1,-1.267761141E-1,-1.645894051E-1,-3.465982378E-1
3.178995846E1,-1.305767149E-1,-1.282436401E-1,-2.990192473E-1
3.179998246E1,-3.522786871E-2,6.570594013E-2,-3.887038529E-1
3.181000546E1,8.251164109E-3,-2.728605084E-2,-4.495355189E-1
3.182002846E1,-4.408412799E-2,-1.845092326E-1,-3.843035400E-1
3.183005246E1,-1.999157853E-2,-1.873217970E-1,-3.366183043E-1
3.184007546E1,1.558229327E-2,3.284060210E-2,-3.967121840E-1
3.185009846E1,1.190216020E-1,3.079171777E-1,-4.596869051E-1
3.186012175E1,8.444590122E-2,4.710033536E-1,-5.218685269E-1
3.187014575E1,5.433108658E-3,2.072146088E-1,-4.458504915E-1
3.188016875E1,-1.241517216E-1,-1.139165014E-1,-2.534503043E-1
3.189019175E1,-1.947057843E-1,-2.051617354E-1,-1.005119011E-1
3.190021475E1,-1.568618119E-1,1.391544379E-2,-1.402810216E-1
3.191023875E1,-2.160465531E-2,3.170619905E-1,-3.150805235E-1
3.192026175E1,6.171705201E-2,4.740090668E-1,-3.960782886E-1
3.193028475E1,6.849772483E-2,3.761333823E-1,-4.079184234E-1
3.194030775E1,1.488589682E-2,3.711808920E-1,-4.385007024E-1
3.195033175E1,6.431150436E-2,3.242908716E-1,-4.073070884E-1
3.196035475E1,1.132775471E-1,2.960100472E-1,-3.382871151E-1
3.197037775E1,1.074851751E-1,2.853310406E-1,-2.672547698E-1
3.198040075E1,5.842655152E-2,2.948243916E-1,-1.867551208E-1
3.199042475E1,3.744510189E-2,3.512610495E-1,-2.077354938E-1
3.200044775E1,3.966462612E-2,4.431175590E-1,-2.774405777E-1
3.201047075E1,3.199152276E-2,4.499389827E-1,-2.733747363E-1
3.202049375E1,-1.646207087E-2,3.941986561E-1,-1.476013213E-1
3.203051775E1,-8.298730105E-2,2.717145383E-1,-2.082474064E-3
3.204054075E1,-5.280477554E-2,2.305225134E-1,-1.234964654E-2
3.205056375E1,2.272460423E-2,3.658196032E-1,-3.555936366E-2
3.206058775E1,1.446215510E-1,6.147999167E-1,-1.561227888E-1
3.207061075E1,1.436383128E-1,5.317327380E-1,-2.811425030E-1
3.208063375E1,-1.234082878E-2,1.981233656E-1,-1.330536902E-1
3.209065675E1,-1.083664298E-1,-9.904146194E-2,4.548116028E-2
3.210068075E1,-7.632704079E-2,-1.546067894E-1,4.925142974E-2
3.211070375E1,3.050992452E-2,-7.023758441E-2,2.458549477E-2
3.212072675E1,3.578284010E-2,-1.203848980E-3,7.288108021E-2
3.213074975E1,-3.649668023E-2,1.810699888E-2,6.484978646E-2
3.214077375E1,-1.580370367E-1,6.612338871E-2,9.090065956E-2
3.215079675E1,-2.622089684E-1,1.445135325E-1,1.008092165E-1
3.216081975E1,-2.795014679E-1,1.441323012E-1,8.417898417E-2
3.217084275E1,-2.760108411E-1,2.338677794E-1,1.769251674E-1
3.218086675E1,-1.998615712E-1,3.739041686E-1,1.814134717E-1
3.219088975E1,-2.004242986E-1,4.627485573E-1,1.413310319E-1
3.220091275E1,-2.321397215E-1,4.271028936E-1,1.914877594E-1
3.221093575E1,-2.660100758E-1,4.036849141E-1,2.349380255E-1
3.222095975E1,-2.867121994E-1,3.855795264E-1,1.630613208E-1
3.223098275E1,-3.580569625E-1,3.205100298E-1,8.410204947E-2
3.224100575E1,-4.919789732E-1,1.091724634E-1,2.643511593E-1
3.225102875E1,-5.478313565E-1,-8.905620873E-2,4.024118483E-1
3.226105275E1,-5.420334935E-1,-9.292719513E-2,5.197725892E-1
3.227107575E1,-4.326635897E-1,2.282390557E-2,5.972806811E-1
3.228109875E1,-3.255822062E-1,2.365518510E-1,4.915868938E-1
3.229112175E1,-3.250440061E-1,2.428001612E-1,3.724687397E-1
3.230114575E1,-4.262183309E-1,2.129432559E-2,3.390689790E-1
3.231116875E1,-5.841192603E-1,-1.947357059E-1,3.706463575E-1
3.232119175E1,-6.786960959E-1,-3.104672134E-1,4.790366292E-1
3.233121475E1,-5.746256113E-1,-2.488241047E-1,5.459831953E-1
3.234123875E1,-4.772396982E-1,-9.952690452E-2,5.565605760E-1
3.235126175E1,-3.861428201E-1,-8.577433974E-2,6.354324818E-1
3.236128475E1,-3.490357697E-1,1.251143217E-2,6.041479111E-1
3.237130875E1,-3.171359003E-1,1.849555597E-2,4.365463853E-1
3.238133175E1,-2.984001040E-1,-1.467223167E-1,3.897033036E-1
3.239135475E1,-3.368060887E-1,-2.789639831E-1,4.198582768E-1
3.240137775E1,-3.075743616E-1,-3.294906616E-1,4.732201993E-1
3.241140175E1,-2.360895127E-1,-2.396917939E-1,5.192753077E-1
3.242142475E1,-1.298513860E-1,7.750214636E-2,4.481452405E-1
3.243144775E1,-7.322886586E-2,2.530710399E-1,3.985452056E-1
3.244147075E1,-1.513144225E-1,2.295079827E-1,4.476513863E-1
3.245149475E1,-3.420593441E-1,1.774647534E-1,5.276245475E-1
3.246151775E1,-4.612678885E-1,1.582625508E-2,5.875880718E-1
3.247154075E1,-5.490323305E-1,1.623211987E-2,6.536498666E-1
3.248156375E1,-4.364850521E-1,9.776706994E-2,7.917661071E-1
3.249158775E1,-2.393182069E-1,3.358371556E-1,8.197871447E-1
3.250161075E1,-1.020564139E-1,6.213564873E-1,7.332405448E-1
3.251163375E1,-8.399165235E-3,6.197457910E-1,7.203450203E-1
3.252165675E1,3.975640237E-2,6.137225628E-1,6.687746644E-1
3.253168075E1,6.227742136E-2,5.555887222E-1,5.390736461E-1
3.254170375E1,2.419392811E-3,3.692081571E-1,5.204503536E-1
3.255172675E1,-7.363382727E-2,1.699954420E-1,5.500242710E-1
3.256174975E1,-1.253038645E-1,8.050151169E-2,5.593562722E-1
3.257177375E1,-1.007758901E-1,-9.765570611E-2,5.730318427E-1
3.258179675E1,-1.021951064E-1,-2.546526194E-1,5.904674530E-1
3.259181975E1,-1.736024320E-1,-4.544480443E-1,6.170998812E-1
3.260184275E1,-2.050407529E-1,-6.179409623E-1,6.494590044E-1
3.261186675E1,-2.024122179E-1,-5.299528241E-1,5.467784405E-1
3.262188975E1,-1.447900683E-1,-3.412494361E-1,4.194154739E-1
3.263191275E1,4.036966339E-2,-2.087672949E-1,3.387502134E-1
3.264193575E1,9.131088853E-2,6.115027890E-2,2.066725343E-1
3.265195975E1,3.708174452E-2,1.882416457E-1,1.061903909E-1
3.266198275E1,-1.624758355E-2,1.058031470E-1,1.789418161E-1
3.267200575E1,-1.030340791E-2,4.989194870E-2,2.268672734E-1
3.268202875E1,3.174594045E-2,3.003156930E-2,2.112115473E-1
3.269205275E1,9.303432703E-2,9.339429438E-2,2.299615294E-1
3.270207575E1,1.457891315E-1,2.192501724E-1,3.004392087E-1
3.271209875E1,2.192103565E-1,1.677100062E-1,3.465811312E-1
3.272212175E1,1.505256891E-1,1.987662613E-1,3.342168331E-1
3.273214575E1,-1.012671366E-1,2.826563716E-1,3.308143914E-1
3.274216875E1,-3.187675774E-1,1.777101159E-1,3.618195355E-1
3.275219175E1,-5.048276782E-1,-9.016897529E-3,3.209056556E-1
3.276221475E1,-6.055915356E-1,-1.789761186E-1,2.490402311E-1
3.277223875E1,-5.579180717E-1,-3.458247781E-1,2.326942682E-1
3.278226175E1,-4.052433074E-1,-3.220735490E-1,2.098182291E-1
3.279228475E1,-3.476114571E-1,-1.409604847E-1,2.001893073E-1
3.280230775E1,-3.211260438E-1,-1.846673526E-2,2.683905959E-1
3.281233175E1,-3.310617507E-1,3.195942193E-2,2.884314358E-1
3.282235475E1,-4.051633477E-1,-3.930423409E-2,2.071532607E-1
3.283237775E1,-5.507436991E-1,-1.212875172E-1,1.424541622E-1
3.284240175E1,-6.158654690E-1,-1.905324310E-1,1.377937347E-1
3.285242475E1,-6.144121885E-1,-1.707680374E-1,8.370760083E-2
3.286244733E1,-6.096641421E-1,-1.125819683E-1,-4.048335552E-2
3.287247033E1,-6.051998734E-1,6.867727265E-3,-1.408738643E-1
3.288249433E1,-5.407550931E-1,3.743705340E-3,-1.989610195E-1
3.289251733E1,-5.594805479E-1,-2.168975025E-2,-1.982169300E-1
3.290254033E1,-6.517509222E-1,-4.148371145E-2,-1.863150597E-1
3.291256333E1,-7.053872943E-1,-1.108209714E-1,-1.858039945E-1
3.292258733E1,-7.693771124E-1,-1.072584465E-1,-2.448025346E-1
3.293261033E1,-8.103892803E-1,-5.364981294E-2,-3.367295265E-1
3.294263333E1,-7.999925613E-1,-7.270512730E-2,-3.880655766E-1
3.295265633E1,-7.703169584E-1,-2.307626754E-1,-3.812001944E-1
3.296268033E1,-8.253301382E-1,-4.779594541E-1,-3.135475814E-1
3.297270333E1,-9.090287685E-1,-7.944239378E-1,-1.690231413E-1
3.298272633E1,-1.023063302E0,-1.107598066E0,2.214245126E-2
3.299274933E1,-1.080702901E0,-1.323623300E0,2.206430286E-1
3.300277333E1,-9.405250549E-1,-1.408875465E0,3.777760565E-1
3.301279633E1,-7.279027700E-1,-1.356296420E0,2.920995057E-1
3.302281933E1,-4.887332916E-1,-1.380210996E0,-1.439518631E-1
3.303284233E1,-3.290842474E-1,-1.365299940E0,-7.194636464E-1
3.304286633E1,1.145363506E-2,-1.269522071E0,-1.269283295E0
3.305288933E1,4.502946436E-1,-1.295918465E0,-1.714651942E0
3.306291233E1,7.336900830E-1,-1.867199659E0,-1.712112427E0
3.307293533E1,7.310359478E-1,-2.839062452E0,-1.148267388E0
3.308295933E1,5.268093348E-1,-3.428956509E0,-5.339012146E-1
3.309298233E1,7.537540793E-1,-3.574458122E0,-2.013746053E-1
3.310300533E1,1.606566668E0,-2.982148170E0,2.824782729E-1
3.311302833E1,2.308778524E0,-2.053745985E0,7.920054793E-1
3.312305233E1,2.589786053E0,-1.078020215E0,1.077130675E0
3.313307533E1,2.698768616E0,2.415100038E-1,9.175769091E-1
3.314309833E1,2.537195683E0,1.833786368E0,5.315340757E-1
3.315312133E1,2.181328773E0,3.175522327E0,4.002413154E-1
3.316314533E1,1.747352362E0,4.009747505E0,6.478430629E-1
3.317316833E1,1.390228629E0,4.279350758E0,1.025352716E0
3.318319133E1,1.235156059E0,4.346271992E0,1.289988518E0
3.319321433E1,1.146206737E0,4.026333332E0,1.324221373E0
3.320323833E1,8.299185038E-1,3.455594778E0,1.252588987E0
3.321326133E1,8.934977651E-1,2.669178009E0,8.587346673E-1
3.322328433E1,8.304188848E-1,1.170698881E0,6.794922948E-1
3.323330733E1,1.181050390E-1,-6.048120260E-1,1.049469233E0
3.324333133E1,-1.992697567E-1,-2.255500078E0,1.729582191E0
3.325335433E1,-3.930637240E-1,-2.628077030E0,2.270069599E0
3.326337733E1,-1.604881883E-1,-1.760705233E0,2.144304276E0
3.327340033E1,8.094155788E-1,7.288749330E-4,1.263447404E0
3.328342433E1,1.738570809E0,2.065951824E0,-1.270859838E-1
3.329344733E1,2.102947712E0,2.777477503E0,-1.187146544E0
3.330347033E1,1.802969813E0,1.554793000E0,-1.501828909E0
3.331349333E1,8.390762806E-1,-6.848266721E-1,-8.356700540E-1
3.332351733E1,-2.247393429E-1,-2.331646919E0,3.158282936E-1
3.333354033E1,-6.305214167E-1,-2.550314188E0,6.348537207E-1
3.334356333E1,-6.837377548E-1,-1.856459737E0,4.193941951E-1
3.335358633E1,-4.039639235E-1,-1.153069854E0,1.601440012E-1
3.336361033E1,-2.055414468E-1,-3.608488739E-1,-3.315708414E-2
3.337363333E1,1.197109446E-1,2.142551392E-1,-2.630158365E-1
3.338365633E1,2.970423698E-1,4.112224579E-1,-2.982193232E-1
3.339367933E1,1.703129262E-1,1.452765465E-1,-2.292223275E-2
3.340370333E1,-7.895402610E-2,8.669145405E-2,4.231553674E-1
3.341372633E1,-3.945388794E-1,2.911092937E-1,7.319143414E-1
3.342374933E1,-4.717551172E-1,6.235336065E-1,8.480926156E-1
3.343377233E1,-3.728205264E-1,9.712857008E-1,6.783062220E-1
3.344379633E1,-2.269410640E-1,9.919047952E-1,3.867267966E-1
3.345381933E1,-2.563939989E-1,6.853832006E-1,3.719350696E-1
3.346384233E1,-3.755088449E-1,3.149798810E-1,5.581197739E-1
3.347386533E1,-6.272081733E-1,4.438513890E-2,6.320145130E-1
3.348388933E1,-9.328302145E-1,-2.914169133E-1,6.706540585E-1
3.349391233E1,-1.028526902E0,-4.137519002E-1,5.791768432E-1
3.350393533E1,-7.183589339E-1,-5.169797540E-1,3.494154513E-1
3.351395833E1,-7.249047160E-1,-7.078136206E-1,2.096309215E-1
3.352398233E1,-6.524979472E-1,-6.865931153E-1,1.325438470E-1
3.353400533E1,-3.352976143E-1,-2.704909742E-1,1.489017904E-1
3.354402833E1,-1.048882753E-1,5.260023475E-1,8.671600372E-2
3.355405133E1,6.657056510E-2,9.155418873E-1,5.276895687E-2
3.356407533E1,-2.163040452E-2,1.020808697E0,2.005988955E-1
3.357409833E1,-3.010607064E-1,9.691355824E-1,4.699403644E-1
3.358412133E1,-5.169492960E-1,8.787031770E-1,6.943801641E-1
3.359414433E1,-5.626944304E-1,7.667838335E-1,6.076902747E-1
3.360416833E1,-5.611500144E-1,4.955476820E-1,3.172444701E-1
3.361419133E1,-4.805875421E-1,4.624158144E-1,1.801686138E-1
3.362421433E1,-3.600708246E-1,7.174661756E-1,1.773163080E-1
3.363423733E1,-3.116875887E-1,1.020771861E0,1.726360768E-1
3.364426133E1,-1.737354249E-1,1.236061692E0,1.539594084E-1
3.365428433E1,5.257655308E-2,1.252628922E0,1.115624160E-1
3.366430733E1,8.817320317E-2,1.083604813E0,1.540043112E-2
3.367433033E1,2.974237874E-2,9.118833542E-1,-4.827681556E-2
3.368435433E1,1.390623860E-2,8.547850847E-1,-6.317151338E-2
3.369437733E1,-2.323047817E-2,7.524864078E-1,-5.746675655E-2
3.370440033E1,-2.119203098E-2,5.168368816E-1,-7.678739727E-2
3.371442333E1,5.769106373E-2,3.067331314E-1,-1.193580255E-1
3.372444733E1,1.658052653E-1,3.174825907E-1,-1.845456511E-1
3.373447033E1,3.054582179E-1,4.418101311E-1,-2.229188681E-1
3.374449333E1,4.237847924E-1,5.421765447E-1,-2.299359739E-1
3.375451633E1,4.211235046E-1,5.185871124E-1,-2.908504605E-1
3.376454033E1,3.762948215E-1,3.584125042E-1,-4.041974545E-1
3.377456333E1,3.231703639E-1,3.342626989E-1,-4.947952628E-1
3.378458633E1,2.451363951E-1,4.001136720E-1,-5.276063085E-1
3.379460933E1,2.036672533E-1,3.440392315E-1,-4.861163795E-1
3.380463333E1,1.655518711E-1,2.838183641E-1,-4.355846345E-1
3.381465633E1,1.285672188E-1,2.587068677E-1,-3.709185421E-1
3.382467933E1,1.270733774E-1,3.676845729E-1,-2.079699039E-1
3.383470233E1,1.161373779E-1,5.630492568E-1,-8.901448548E-2
3.384472633E1,6.029363349E-2,6.764993072E-1,-1.025682837E-1
3.385474933E1,4.803963006E-2,7.960581779E-1,-2.070693970E-1
3.386477287E1,1.440836042E-1,8.240286708E-1,-2.935630977E-1
3.387479588E1,1.553730071E-1,8.514741659E-1,-3.277799189E-1
3.388481988E1,2.082129717E-1,8.969100714E-1,-2.530497611E-1
3.389484287E1,2.072694153E-1,7.609849572E-1,-1.913552284E-1
3.390486587E1,4.012246430E-2,5.128567815E-1,-5.500285327E-2
3.391488887E1,4.518113658E-2,3.486846387E-1,1.292764395E-1
3.392491288E1,2.019184679E-1,2.090966552E-1,2.193341851E-1
3.393493588E1,3.326897919E-1,1.103445217E-1,1.730881184E-1
3.394495887E1,4.795119762E-1,2.640910745E-1,2.128541470E-2
3.395498187E1,6.484066844E-1,4.943812788E-1,-1.898481399E-1
3.396500587E1,5.857291222E-1,3.265821934E-1,-2.976406813E-1
3.397502888E1,2.894295752E-1,-1.456793249E-1,-2.131106257E-1
3.398505188E1,-6.634095311E-2,-4.634847045E-1,-2.932506241E-2
3.399507487E1,-1.574692577E-1,-3.454198539E-1,3.215055168E-2
3.400509887E1,-4.842452705E-2,-5.385542754E-3,-1.060931906E-1
3.401512187E1,1.065330952E-1,4.696416855E-1,-2.738837898E-1
3.402514488E1,2.305707335E-1,8.039116859E-1,-1.928410083E-1
3.403516788E1,2.625150979E-1,9.956318140E-1,-2.307248674E-2
3.404519187E1,1.505986601E-1,8.553678393E-1,1.036650166E-1
3.405521487E1,-1.455768049E-1,6.257293224E-1,2.099629641E-1
3.406523787E1,-3.314455450E-1,5.374270082E-1,3.252146542E-1
3.407526188E1,-3.711088002E-1,3.783268332E-1,3.898013830E-1
3.408528488E1,-3.530214727E-1,3.127081990E-1,4.071573913E-1
3.409530787E1,-2.004897147E-1,3.512971401E-1,4.139623046E-1
3.410533087E1,4.127386957E-2,4.447092712E-1,2.713935971E-1
3.411535487E1,1.781941652E-1,5.187874436E-1,3.657229617E-2
3.412537788E1,2.437267900E-1,3.897097707E-1,-6.895749271E-2
3.413540088E1,2.128495574E-1,1.875015497E-1,2.099583298E-2
3.414542387E1,2.473107725E-1,-1.323986799E-2,1.433975101E-1
3.415544687E1,2.460481673E-1,-1.482892931E-1,9.370903671E-2
3.416547087E1,2.717183530E-1,-1.226033866E-1,-5.181131884E-3
3.417549388E1,3.746162355E-1,9.008198231E-2,-1.652380079E-2
3.418551688E1,4.356895387E-1,3.741610646E-1,-2.642640099E-2
3.419553987E1,4.128843546E-1,3.733858168E-1,-7.949761301E-2
3.420556387E1,2.707561553E-1,6.922192127E-2,-6.381899863E-2
3.421558687E1,8.800206333E-2,-1.548314244E-1,2.628106996E-2
3.422560988E1,-8.273791522E-3,-1.638261825E-1,1.183778495E-1
3.423563388E1,6.680204719E-2,1.387600452E-1,1.707710177E-1
3.424565687E1,2.532358766E-1,5.744386315E-1,1.694596559E-1
3.425567987E1,3.527536988E-1,8.590900302E-1,1.968385428E-1
3.426570287E1,2.918716371E-1,9.498481154E-1,2.989167273E-1
3.427572688E1,1.720253974E-1,8.483275771E-1,4.111455381E-1
3.428574988E1,6.986863166E-2,5.134754181E-1,4.348889291E-1
3.429577287E1,9.716084227E-3,1.672271788E-1,3.735880256E-1
3.430579587E1,2.620035410E-2,-7.452519983E-2,2.380048186E-1
3.431581887E1,9.670274705E-2,-2.306926996E-1,1.314291060E-1
3.432584288E1,1.145685315E-1,-3.213185966E-1,1.245332584E-1
3.433586588E1,8.509293199E-2,-2.786712646E-1,1.831025481E-1
3.434588887E1,7.228872180E-2,-9.050263464E-2,2.406126112E-1
3.435591287E1,9.885055572E-2,5.419941992E-2,2.703737020E-1
3.436593587E1,2.301527262E-1,1.743388772E-1,1.656837761E-1
3.437595888E1,2.576410770E-1,1.715915650E-1,-6.602536142E-2
3.438598188E1,1.086746231E-1,1.203888953E-1,-1.059563085E-1
3.439600487E1,-1.791740581E-2,1.363332421E-1,8.029399067E-2
3.440602887E1,-9.496450424E-2,1.993556172E-1,2.135950923E-1
3.441605187E1,-9.975446016E-2,3.909487724E-1,2.374250591E-1
3.442607488E1,3.676327318E-2,6.669292450E-1,2.157231420E-1
3.443609888E1,1.580468267E-1,7.267185450E-1,1.454098225E-1
3.444612187E1,7.383709401E-2,4.557004273E-1,1.243948042E-1
3.445614487E1,-8.036978543E-2,9.658116847E-2,2.452943325E-1
3.446616787E1,-1.888523996E-1,-4.169827700E-2,3.050692976E-1
3.447619088E1,-1.537644416E-1,8.761097491E-2,1.922295690E-1
3.448621488E1,6.779477932E-3,1.744546592E-1,-7.053578738E-4
3.449623787E1,1.676772833E-1,2.031675279E-1,-1.420291960E-1
3.450626087E1,3.237441480E-1,2.158590257E-1,-1.982455850E-1
3.451628387E1,3.015368581E-1,1.110572442E-1,-1.010415256E-1
3.452630788E1,1.513460428E-1,-1.128757186E-2,1.213068962E-1
3.453633088E1,1.637624204E-2,-1.127279103E-1,3.037161231E-1
3.454635387E1,-4.818041995E-2,-1.681084782E-1,3.697751760E-1
3.455637687E1,3.114902042E-2,-9.560924023E-2,2.854504287E-1
3.456640087E1,2.207003683E-1,-7.598229218E-3,7.053259015E-2
3.457642388E1,3.265045881E-1,8.242913336E-2,-1.607722789E-1
3.458644688E1,4.168167114E-1,1.901803613E-1,-2.973628342E-1
3.459647087E1,4.780092239E-1,3.426892161E-1,-3.488523960E-1
3.460649387E1,3.982691467E-1,4.440194070E-1,-3.149779737E-1
3.461651687E1,2.787952423E-1,4.278809130E-1,-1.434967667E-1
3.462653988E1,1.159863174E-1,2.061639130E-1,6.958442181E-2
3.463656288E1,-1.057732403E-1,-1.583932787E-1,2.940433621E-1
3.464658687E1,-2.437056005E-1,-3.378280997E-1,4.659190178E-1
3.465660987E1,-2.068583667E-1,-1.309625208E-1,4.359989166E-1
3.466663287E1,-6.814845651E-2,2.635552287E-1,2.219527811E-1
3.467665588E1,8.279524744E-2,4.987624288E-1,2.363409661E-2
3.468667988E1,2.164116353E-1,5.543527007E-1,-6.950011104E-2
3.469670287E1,2.765665650E-1,4.509482980E-1,-6.083178520E-2
3.470672587E1,2.298973650E-1,2.148381025E-1,3.472396359E-2
3.471674887E1,1.043410450E-1,-9.499192238E-2,1.156683415E-1
3.472677288E1,-3.152364492E-2,-3.552737534E-1,1.226178035E-1
3.473679588E1,-9.180748463E-2,-4.786183238E-1,9.803469479E-2
3.474681887E1,-1.578731276E-2,-3.699350655E-1,1.636467315E-2
3.475684287E1,1.180658266E-1,-9.171889722E-2,-1.192733124E-1
3.476686587E1,1.632697135E-1,9.665960073E-2,-2.781184614E-1
3.477688888E1,1.636508107E-1,2.418077290E-1,-2.928614318E-1
3.478691188E1,1.357276738E-1,2.865140140E-1,-1.366998851E-1
3.479693487E1,2.479795739E-2,2.347421795E-1,6.029014289E-2
3.480695887E1,-4.213656113E-2,2.483398765E-1,1.690023541E-1
3.481698187E1,-1.439441182E-2,3.542790711E-1,1.359304339E-1
3.482700488E1,7.623210549E-3,4.025087953E-1,1.056107134E-1
3.483702788E1,4.506405815E-2,4.197202623E-1,1.507347822E-1
3.484705187E1,6.068722345E-3,3.252171576E-1,1.966302097E-1
3.485707487E1,-6.588829309E-2,1.069130301E-1,2.413841039E-1
3.486709783E1,-9.337133914E-2,-1.382555068E-1,2.403151840E-1
3.487712083E1,-9.721773863E-2,-3.085870445E-1,1.870759279E-1
3.488714483E1,-5.072833225E-2,-3.358324170E-1,1.265089214E-1
3.489716783E1,3.659352660E-2,-2.208387405E-1,3.937961906E-2
3.490719083E1,1.460444927E-1,-8.817223832E-3,-1.383451819E-1
3.491721483E1,2.546713650E-1,1.272926778E-1,-3.709105253E-1
3.492723783E1,2.875228524E-1,3.113758191E-2,-4.843669832E-1
3.493726083E1,1.790554971E-1,-1.363286525E-1,-4.244399965E-1
3.494728383E1,4.587048665E-2,-2.719111741E-1,-2.878395915E-1
3.495730683E1,-1.328654438E-1,-3.699344099E-1,-1.458150893E-1
3.496733083E1,-2.773237228E-1,-2.956475914E-1,-6.941441447E-3
3.497735383E1,-2.761713862E-1,-1.638650596E-1,2.684341930E-2
3.498737683E1,-2.366383970E-1,-5.891041830E-2,-7.402801514E-2
3.499739983E1,-1.242785677E-1,-8.083036542E-2,-2.823229134E-1
3.500742383E1,-6.696246564E-2,-1.157958992E-2,-5.037430525E-1
3.501744683E1,-1.632250845E-1,1.395199150E-1,-5.405231118E-1
3.502746983E1,-2.634944022E-1,1.019752026E-1,-5.042441487E-1
3.503749283E1,-3.551388383E-1,-1.416859329E-1,-5.827304125E-1
3.504751683E1,-3.724676371E-1,-4.037381709E-1,-6.318023205E-1
3.505753983E1,-2.852419317E-1,-7.145975232E-1,-6.693161130E-1
3.506756283E1,-2.867706120E-1,-8.034137487E-1,-7.781387568E-1
3.507758583E1,-1.732400656E-1,-7.188796401E-1,-8.179617524E-1
3.508760983E1,1.726110652E-2,-4.289506376E-1,-9.283283949E-1
3.509763283E1,6.892856210E-2,-3.876388967E-1,-1.076900363E0
3.510765583E1,1.827306673E-2,-2.666750848E-1,-1.100993752E0
3.511767883E1,-2.000002004E-2,-3.287988156E-2,-1.032721758E0
3.512770283E1,-1.030249894E-1,1.562835276E-1,-8.974567652E-1
3.513772583E1,-1.632273495E-1,2.532689273E-1,-7.099585533E-1
3.514774883E1,-2.891490459E-1,2.583343089E-1,-5.143172145E-1
3.515777183E1,-4.220013618E-1,4.892695248E-1,-3.528926373E-1
3.516779583E1,-5.018715858E-1,3.809629381E-1,-2.951318324E-1
3.517781883E1,-5.819059610E-1,7.883691788E-2,-2.488242537E-1
3.518784183E1,-5.009151101E-1,-1.921701431E-1,-2.024073601E-1
3.519786483E1,-3.264373243E-1,-2.710798681E-1,-1.920833439E-1
3.520788883E1,-1.308830678E-1,-2.070147246E-1,-2.232672572E-1
3.521791183E1,8.104357123E-2,-3.192770779E-1,-3.388926387E-1
3.522793483E1,1.592345685E-1,-5.214406848E-1,-4.694984257E-1
3.523795783E1,2.325183600E-1,-4.369859993E-1,-5.378801227E-1
3.524798183E1,2.281273603E-1,-4.543609023E-1,-6.755998731E-1
3.525800483E1,1.614785492E-1,-3.914122880E-1,-8.077666759E-1
3.526802783E1,1.520681381E-1,-1.947721839E-1,-7.499305010E-1
3.527805083E1,1.059871987E-1,-2.473336607E-1,-5.156271458E-1
3.528807483E1,7.588742673E-2,-5.453970283E-2,-2.790474296E-1
3.529809783E1,8.389235288E-2,2.230301201E-1,-1.665986627E-1
3.530812083E1,-2.485983633E-2,4.779052734E-2,-1.414604336E-1
3.531814383E1,-1.219072863E-1,-9.131409973E-2,-2.560445368E-1
3.532816783E1,-1.496050954E-1,-2.281658202E-1,-3.204675615E-1
3.533819083E1,-5.519575998E-2,-5.031129718E-1,-3.092684448E-1
3.534821383E1,1.316191256E-1,-5.203607678E-1,-2.606131732E-1
3.535823683E1,3.645157516E-1,-2.496373504E-1,-2.163160294E-1
3.536826083E1,4.631751776E-1,-1.863093227E-1,-2.598155141E-1
3.537828383E1,5.505995750E-1,4.492322914E-3,-3.696773052E-1
3.538830683E1,6.175026894E-1,1.140440479E-1,-3.845275640E-1
3.539832983E1,5.156093836E-1,-2.269074023E-1,-2.229178995E-1
3.540835383E1,3.158749044E-1,-4.911307991E-1,-5.826215446E-2
3.541837683E1,7.127395272E-2,-4.686694443E-1,8.614748716E-2
3.542839983E1,-8.075399697E-2,-2.761220932E-1,1.683294922E-1
3.543842283E1,-2.574584782E-1,-6.682639569E-2,2.097738683E-1
3.544844683E1,-3.365080357E-1,9.868546575E-2,2.069105953E-1
3.545846983E1,-3.248537779E-1,2.442256212E-1,1.952568591E-1
3.546849283E1,-2.594054043E-1,2.036347240E-1,9.829999506E-2
3.547851583E1,-2.617865205E-1,-8.791030943E-2,-1.437701844E-2
3.548853983E1,-1.574823856E-1,-1.547673047E-1,5.671707913E-3
3.549856283E1,-5.145822093E-2,-2.369298190E-1,-6.249962002E-2
3.550858583E1,1.555079781E-2,-1.527261287E-1,-1.468260437E-1
3.551860883E1,8.394157887E-2,-1.055077463E-1,-2.558198869E-1
3.552863283E1,1.408349127E-1,-8.029353619E-2,-4.089130163E-1
3.553865583E1,2.065095305E-1,3.302878737E-1,-5.527231693E-1
3.554867883E1,2.789799273E-1,2.741394937E-1,-7.295873165E-1
3.555870183E1,1.651138365E-1,-3.777550906E-2,-6.755169034E-1
3.556872583E1,1.302465796E-1,-1.622250229E-1,-4.742958546E-1
3.557874883E1,1.099628955E-1,-2.154395133E-1,-4.038637578E-1
3.558877183E1,6.995459646E-2,-2.008119132E-3,-3.737709224E-1
3.559879483E1,4.558001459E-2,1.825303137E-1,-2.841257155E-1
3.560881883E1,-3.762746602E-2,6.458495557E-2,-1.080419868E-1
3.561884183E1,-9.875340015E-2,5.261537805E-2,-4.753470421E-2
3.562886483E1,-1.176034659E-1,6.593032181E-2,-2.988800965E-2
3.563888783E1,-1.260842979E-1,-4.518821463E-2,-7.685502991E-3
3.564891183E1,-8.340728283E-2,-2.513694018E-2,-2.306264080E-2
3.565893483E1,6.129850075E-2,1.223145574E-1,-9.498095140E-3
3.566895783E1,3.264581561E-1,2.582227886E-1,-5.081482604E-2
3.567898083E1,3.154041469E-1,3.115848005E-1,1.260569133E-2
3.568900483E1,3.079000115E-1,2.307666689E-1,1.074494049E-1
3.569902783E1,2.504244745E-1,-1.738689542E-1,1.818849891E-2
3.570905083E1,1.883480996E-1,-3.666057289E-1,-7.091312855E-2
3.571907383E1,3.397881985E-1,-2.447221577E-1,-7.510893792E-2
3.572909683E1,3.885344565E-1,-2.535130680E-1,7.414723188E-2
3.573912083E1,2.919876575E-1,-1.261756122E-1,1.831040829E-1
3.574914383E1,1.904462576E-1,-2.100777626E-2,1.759179235E-1
3.575916683E1,1.457805187E-1,1.075015217E-2,1.883836389E-1
3.576918983E1,1.082095504E-1,2.697090805E-1,2.057367116E-1
3.577921383E1,8.209592104E-2,5.819601417E-1,3.181641996E-1
3.578923683E1,7.879908383E-2,5.568635464E-1,4.521361589E-1
3.579925983E1,8.508066833E-2,4.020819664E-1,3.225219548E-1
3.580928283E1,8.507964015E-2,4.221675098E-1,1.477339864E-1
3.581930683E1,1.080677807E-1,4.156174660E-1,8.463597298E-2
3.582932983E1,1.375216991E-1,-7.760021836E-2,1.016471237E-1
3.583935283E1,2.927656174E-1,-3.960053623E-1,2.162016779E-1
3.584937583E1,4.248400033E-1,-2.837449908E-1,2.476630956E-1
3.585939983E1,4.993214011E-1,2.309399098E-1,1.420463920E-1
3.586942233E1,5.410935879E-1,2.291557938E-1,-8.146896213E-2
3.587944533E1,4.453119338E-1,-4.215319455E-1,-4.524369240E-1
3.588946833E1,3.038644493E-1,-7.066430449E-1,-3.944518864E-1
3.589949233E1,3.862085938E-1,-7.619353533E-1,-1.413788944E-1
3.590951533E1,4.102773666E-1,-6.956433654E-1,-6.223565340E-2
3.591953833E1,3.360944986E-1,-3.600762486E-1,5.329813436E-2
3.592956133E1,2.954182327E-1,6.828568131E-2,2.003611326E-1
3.593958533E1,1.168045551E-1,2.336203158E-1,2.582654655E-1
3.594960833E1,-4.869395494E-2,4.676806629E-1,2.772384584E-1
3.595963133E1,-8.577421308E-2,7.669901848E-1,2.103563696E-1
3.596965433E1,-2.563847303E-1,7.177731991E-1,1.570556760E-1
3.597967833E1,-3.733014762E-1,6.153451204E-1,1.565853655E-1
3.598970133E1,-3.105929196E-1,6.053832769E-1,1.274250895E-1
3.599972433E1,-2.047740817E-1,1.833825111E-1,-4.012342542E-2
3.600974733E1,-2.647747397E-1,-1.524170488E-2,-9.035774320E-2
3.601977133E1,-1.399819553E-1,1.387212276E-1,1.102621779E-1
3.602979433E1,8.993773907E-2,2.212338150E-2,1.581754833E-1
3.603981733E1,2.093405724E-1,8.161226287E-3,7.294313610E-2
3.604984033E1,2.738067508E-1,1.844981760E-1,9.138950706E-2
3.605986433E1,2.899572253E-1,3.482511640E-1,-5.628116429E-3
3.606988733E1,1.471390724E-1,1.764572859E-1,-1.011910886E-1
3.607991033E1,-3.880795557E-3,-1.012669951E-1,7.664415985E-2
3.608993333E1,5.217172205E-2,-2.557431161E-1,3.524003327E-1
3.609995733E1,2.832711115E-2,-1.847666800E-1,5.100498796E-1
3.610998033E1,2.118621394E-2,1.008297130E-1,6.214461327E-1
3.612000333E1,8.699878305E-2,3.535527587E-1,5.970084071E-1
3.613002633E1,4.219354317E-2,5.039950609E-1,3.863649070E-1
3.614004933E1,-9.197624773E-2,4.511411786E-1,2.568798661E-1
3.615007333E1,-9.130626917E-2,2.661618888E-1,1.784493178E-1
3.616009633E1,1.975341141E-2,2.323261499E-1,2.281071618E-2
3.617011933E1,1.176987514E-1,2.851093411E-1,-3.648707643E-2
3.618014233E1,1.677366346E-1,2.275853157E-1,5.239725485E-2
3.619016633E1,2.207597196E-1,1.898842752E-1,1.768758297E-1
3.620018933E1,2.666734457E-1,2.076539546E-1,2.561405301E-1
3.621021233E1,2.243080884E-1,1.645136178E-1,2.292261422E-1
3.622023533E1,2.145832926E-1,1.405579597E-1,9.506328404E-2
3.623025933E1,1.700047851E-1,5.841740593E-2,2.384038828E-2
3.624028233E1,1.173892394E-1,-3.639889657E-1,-3.604744747E-2
3.625030533E1,6.516575813E-2,-5.732533932E-1,-1.038583219E-1
3.626032833E1,3.117476590E-2,-5.826916099E-1,-1.200828329E-1
3.627035233E1,1.169377342E-1,-5.268473625E-1,-2.021491975E-1
3.628037533E1,5.465172604E-2,-1.530241966E-1,-2.735291123E-1
3.629039833E1,3.462100029E-2,1.274563223E-1,-1.986245960E-1
3.630042133E1,1.319054328E-2,1.981770992E-1,-7.465337962E-2
3.631044533E1,-1.463337839E-1,2.739589512E-1,-4.125761986E-2
3.632046833E1,-2.732999921E-1,1.897993237E-1,-6.784608960E-2
3.633049133E1,-3.847851455E-1,2.096230909E-2,-7.983980328E-2
3.634051433E1,-5.564336181E-1,-2.311993018E-2,-1.172094047E-2
3.635053833E1,-5.612729192E-1,-9.072814882E-2,3.337693587E-2
3.636056133E1,-4.858255088E-1,-1.704701036E-1,-1.837813854E-2
3.637058433E1,-3.940681219E-1,-1.652122475E-3,-1.309760213E-1
3.638060733E1,-2.116120160E-1,2.272974402E-1,-2.466371059E-1
3.639063133E1,-1.364051700E-1,3.169463575E-1,-3.287392259E-1
3.640065433E1,-3.438533098E-2,3.914165795E-1,-4.694191217E-1
3.641067733E1,-3.228053451E-2,3.739012778E-1,-5.869539380E-1
3.642070033E1,-6.624755263E-2,2.647265792E-1,-6.001664400E-1
3.643072433E1,-7.272792608E-2,2.268704027E-2,-6.625358462E-1
3.644074733E1,-1.801260114E-1,-3.638827801E-1,-6.651403904E-1
3.645077033E1,-2.862068713E-1,-5.676396489E-1,-5.255033374E-1
3.646079333E1,-2.758066952E-1,-5.824968815E-1,-4.306982756E-1
3.647081633E1,-2.475477755E-1,-3.796600103E-1,-4.030185640E-1
3.648084033E1,-2.325973362E-1,5.195770785E-2,-4.119180441E-1
3.649086333E1,-1.656141579E-1,5.437608957E-1,-5.531986952E-1
3.650088633E1,-1.813036352E-1,8.331754208E-1,-7.083366513E-1
3.651090933E1,-2.566865683E-1,5.877083540E-1,-7.024219036E-1
3.652093333E1,-2.692902386E-1,1.191025227E-1,-6.342617869E-1
3.653095633E1,-2.572766244E-1,-9.057293832E-2,-6.231135726E-1
3.654097933E1,-3.054806590E-1,-3.066578209E-1,-6.111796498E-1
3.655100233E1,-2.911250293E-1,-3.859182298E-1,-5.937628746E-1
3.656102633E1,-2.200306058E-1,-1.550107151E-1,-6.249375939E-1
3.657104933E1,-1.567381620E-1,1.069362555E-2,-6.808619499E-1
3.658107233E1,-1.290245205E-1,1.383330673E-1,-5.731109381E-1
3.659109533E1,-1.022788510E-1,1.549868882E-1,-4.465679824E-1
3.660111933E1,-1.310351342E-1,-3.376039118E-2,-4.454867244E-1
3.661114233E1,-1.514208168E-1,-9.340721369E-2,-4.486465454E-1
3.662116533E1,-1.072067544E-1,2.675834671E-2,-3.870564401E-1
3.663118833E1,-1.011024415E-1,-5.074637011E-2,-2.794584930E-1
3.664121233E1,-1.247201562E-1,-1.493629515E-1,-1.042097136E-1
3.665123533E1,-1.160783917E-1,-1.469879448E-1,-5.359798297E-2
3.666125833E1,-7.153968513E-2,-1.816764846E-2,-1.007633582E-1
3.667128133E1,-1.883091964E-2,5.584026501E-2,-8.189775795E-2
3.668130533E1,1.723041199E-2,2.263783664E-2,-2.987450548E-2
3.669132833E1,1.141644046E-1,5.237568170E-2,-6.991848350E-2
3.670135133E1,1.037714183E-1,2.987556458E-1,-6.085069478E-2
3.671137433E1,1.059880257E-1,1.497456580E-1,-3.332434595E-2
3.672139733E1,1.394280195E-1,-9.370987862E-2,-3.683944792E-2
3.673142133E1,5.516677722E-2,-8.011517674E-2,-3.845390305E-2
3.674144433E1,2.321763150E-2,-4.750609398E-2,1.290329266E-2
3.675146733E1,-2.083508670E-2,-1.024283003E-2,4.365056753E-2
3.676149033E1,-7.728131860E-2,2.406439930E-1,1.103771329E-1
3.677151433E1,-1.208625212E-1,3.836494088E-1,1.624676585E-1
3.678153733E1,-2.522099018E-1,1.424852759E-1,1.230067834E-1
3.679156033E1,-3.650960326E-1,-6.308645755E-2,1.837031096E-1
3.680158333E1,-3.594098985E-1,-8.782961965E-2,2.859213352E-1
3.681160733E1,-3.201530874E-1,5.136760697E-2,3.507614434E-1
3.682163033E1,-2.427131385E-1,3.374219835E-1,3.810423911E-1
3.683165333E1,-1.172562614E-1,4.826709926E-1,2.930822074E-1
3.684167633E1,-3.567458317E-2,4.128980637E-1,1.584261358E-1
3.685170033E1,6.904900074E-3,-1.448743232E-2,1.223241165E-1
3.686172333E1,9.626247734E-2,-4.408374131E-1,6.927847117E-2
3.687174625E1,1.919431537E-1,-5.077811480E-1,4.211356491E-2
3.688176925E1,3.450701237E-1,-4.651591480E-1,9.526280314E-2
3.689179325E1,4.826313853E-1,-3.868452907E-1,1.223720163E-1
3.690181625E1,5.010325313E-1,-1.556962132E-1,1.694809496E-1
3.691183925E1,4.948236048E-1,-2.359490655E-2,1.986284405E-1
3.692186225E1,4.926496744E-1,-3.159850463E-2,4.935719818E-2
3.693188525E1,5.204942822E-1,2.866156697E-1,-1.520072818E-1
3.694190925E1,5.058689713E-1,3.354516625E-1,-1.315033436E-1
3.695193225E1,4.342036843E-1,-2.973992229E-1,2.324403636E-2
3.696195525E1,3.171247542E-1,-7.057387829E-1,1.459955126E-1
3.697197825E1,1.837286949E-1,-7.210152745E-1,2.993332148E-1
3.698200225E1,1.163786948E-1,-7.479991913E-1,3.871509433E-1
3.699202525E1,1.969881952E-1,-3.909369707E-1,4.185003340E-1
3.700204825E1,3.104124665E-1,2.835804820E-1,4.129902720E-1
3.701207125E1,3.269321918E-1,5.747863054E-1,3.465709388E-1
3.702209525E1,2.420295477E-1,5.274260044E-1,2.974915504E-1
3.703211825E1,1.436212808E-1,1.295538992E-1,3.216523230E-1
3.704214125E1,1.020794287E-1,-3.108618259E-1,4.066412747E-1
3.705216425E1,1.611244678E-1,-5.441883206E-1,4.369640648E-1
3.706218825E1,1.995349824E-1,-4.259766936E-1,3.984534442E-1
3.707221125E1,2.164641917E-1,-2.420816422E-1,3.270798624E-1
3.708223425E1,2.385071665E-1,-2.167946696E-1,2.349861562E-1
3.709225725E1,2.766939402E-1,-2.062121183E-1,1.954824030E-1
3.710228125E1,2.666511536E-1,-1.173384413E-1,2.412983626E-1
3.711230425E1,3.231568336E-1,-2.060610615E-2,1.791725159E-1
3.712232725E1,2.732965946E-1,7.768557966E-2,8.237965405E-2
3.713235025E1,2.059654891E-1,-2.638843656E-2,1.032823771E-1
3.714237325E1,1.487261653E-1,-2.193195373E-1,1.688022614E-1
3.715239725E1,1.550530791E-1,-9.425204247E-2,1.736876965E-1
3.716242025E1,2.259677351E-1,2.591182888E-1,6.746592373E-2
3.717244325E1,1.576649398E-1,3.412342072E-1,3.505203873E-2
3.718246625E1,6.180099025E-2,1.867052354E-2,1.257728934E-1
3.719249025E1,7.655372471E-2,-2.743036151E-1,1.081020981E-1
3.720251325E1,4.880732298E-2,-2.179237157E-1,1.561852098E-1
3.721253625E1,9.432834387E-2,-2.904350162E-1,1.810216308E-1
3.722255925E1,2.044284940E-1,-2.301034778E-1,7.015236467E-2
3.723258325E1,1.645797193E-1,1.247585416E-1,4.185619578E-2
3.724260625E1,1.332692057E-1,3.771685436E-2,8.551552892E-2
3.725262925E1,1.112308875E-1,-2.047965974E-1,1.075222120E-1
3.726265225E1,1.046784446E-1,-1.338318735E-1,1.221277863E-1
3.727267625E1,1.266967058E-1,-5.618753657E-2,1.632966250E-1
3.728269925E1,9.529722482E-2,1.764497012E-1,2.263051569E-1
3.729272225E1,7.345363498E-2,4.977651536E-1,2.786405087E-1
3.730274525E1,3.489292413E-2,3.990068734E-1,2.775613964E-1
3.731276825E1,-1.239658073E-1,-1.085290313E-1,3.701152802E-1
3.732279225E1,-1.569522470E-1,-4.592939615E-1,5.099011660E-1
3.733281525E1,-6.185994670E-2,-4.891540110E-1,5.593921542E-1
3.734283825E1,1.001116559E-1,-3.549030125E-1,5.021539330E-1
3.735286125E1,2.338159233E-1,8.157870919E-2,3.971012831E-1
3.736288525E1,3.147922754E-1,2.867736816E-1,3.429754674E-1
3.737290825E1,3.686231673E-1,1.334208697E-1,2.207129300E-1
3.738293125E1,4.076296985E-1,-2.355622686E-2,2.790965140E-2
3.739295425E1,3.655550182E-1,-2.773880363E-1,1.055658609E-2
3.740297825E1,3.355529308E-1,-3.391768336E-1,2.058125846E-2
3.741300125E1,3.442929685E-1,-2.964311838E-1,-4.690092802E-2
3.742302425E1,2.760153711E-1,-2.044264078E-1,6.217150483E-3
3.743304725E1,2.437903881E-1,-4.755356908E-2,1.550581306E-1
3.744307125E1,2.420343012E-1,4.461870342E-2,2.258918136E-1
3.745309425E1,1.149491370E-1,1.727004051E-1,2.555401325E-1
3.746311725E1,6.474162638E-2,2.374317348E-1,2.415929139E-1
3.747314025E1,7.982790470E-2,2.631704807E-1,1.340929419E-1
3.748316325E1,5.881796405E-2,3.161104023E-1,9.139208496E-2
3.749318725E1,1.274226606E-1,3.677050769E-1,1.429006159E-1
3.750321025E1,1.708231270E-1,1.315383613E-1,2.274415940E-1
3.751323325E1,2.638590634E-1,9.071262181E-2,2.768418789E-1
3.752325625E1,3.803507984E-1,1.067041159E-1,2.863224745E-1
3.753328025E1,4.469321966E-1,6.794951856E-2,2.003212869E-1
3.754330325E1,4.790512621E-1,9.132994711E-2,3.714219201E-3
3.755332625E1,4.919624627E-1,1.341182292E-1,-2.352292240E-1
3.756334925E1,4.314996302E-1,1.229193658E-1,-3.447916508E-1
3.757337325E1,3.947587609E-1,-8.982786536E-2,-2.313629687E-1
3.758339625E1,4.461692274E-1,-9.474486113E-2,-1.784757972E-1
3.759341925E1,5.473861098E-1,1.458959132E-1,-2.447556704E-1
3.760344225E1,6.164296269E-1,3.189414442E-1,-2.351592332E-1
3.761346625E1,5.581189990E-1,4.870623946E-1,-1.271758825E-1
3.762348925E1,5.127946138E-1,5.110708475E-1,-6.330849230E-2
3.763351225E1,5.439166427E-1,4.910166264E-1,-2.064163536E-1
3.764353525E1,6.314123869E-1,6.026571393E-1,-4.325781465E-1
3.765355825E1,6.934311390E-1,5.339280367E-1,-4.275971055E-1
3.766358225E1,7.236865163E-1,1.819138229E-1,-2.241132408E-1
3.767360525E1,7.780376673E-1,3.873210400E-2,-1.107618511E-1
3.768362825E1,8.331565857E-1,9.245871753E-2,-7.984282076E-2
3.769365125E1,9.023925662E-1,3.006205559E-1,-1.317359805E-1
3.770367525E1,9.576632977E-1,5.584830046E-1,-2.375063449E-1
3.771369825E1,8.871491551E-1,6.482539177E-1,-3.476826251E-1
3.772372125E1,7.526305318E-1,3.788522482E-1,-3.769161403E-1
3.773374425E1,6.221030951E-1,1.763349921E-1,-2.908328772E-1
3.774376825E1,5.828832388E-1,2.530657351E-1,-1.746953428E-1
3.775379125E1,6.482305527E-1,4.824002683E-1,-1.383614540E-1
3.776381425E1,8.000525832E-1,7.272638083E-1,-1.928430498E-1
3.777383725E1,8.709083796E-1,9.712536335E-1,-3.274909556E-1
3.778386125E1,8.266431689E-1,9.608361721E-1,-4.101650715E-1
3.779388425E1,7.149069309E-1,8.507575989E-1,-4.721021950E-1
3.780390725E1,6.122327447E-1,7.123951912E-1,-5.055232644E-1
3.781393025E1,5.030869246E-1,6.382114291E-1,-4.976205230E-1
3.782395325E1,3.790784180E-1,6.256921887E-1,-5.033862591E-1
3.783397725E1,2.611556947E-1,7.079007030E-1,-4.418807924E-1
3.784400025E1,1.659735292E-1,8.331763744E-1,-3.078721166E-1
3.785402325E1,8.868937194E-2,9.883010983E-1,-2.147311717E-1
3.786404625E1,6.842964143E-2,1.179560900E0,-1.823585778E-1
3.787407025E1,1.443590671E-1,1.528598666E0,-2.681364715E-1
3.788409325E1,3.114582896E-1,1.824389815E0,-4.046826065E-1
3.789411625E1,4.266993999E-1,1.850639582E0,-4.100406468E-1
3.790413925E1,3.692443669E-1,1.673641324E0,-4.322516620E-1
3.791416325E1,1.980927736E-1,1.287531972E0,-3.859578073E-1
3.792418625E1,9.168658406E-3,9.718102813E-1,-2.264994383E-1
3.793420925E1,5.600461736E-2,8.204454780E-1,-4.335967451E-2
3.794423225E1,1.109315231E-1,9.422920346E-1,-1.586573571E-2
3.795425525E1,2.753645480E-1,1.208382607E0,-1.559791863E-1
3.796427925E1,5.384731293E-1,1.290923119E0,-3.362765014E-1
3.797430225E1,6.939840317E-1,1.106038809E0,-3.995999396E-1
3.798432525E1,6.443186998E-1,7.760925889E-1,-2.703780234E-1
3.799434825E1,5.119759440E-1,6.598697901E-1,-1.218026206E-1
3.800437225E1,4.826734066E-1,5.476806760E-1,-5.642441660E-2
3.801439525E1,5.642069578E-1,4.602654576E-1,-3.938108683E-2
3.802441825E1,7.820311189E-1,4.725735188E-1,-1.522120386E-1
3.803444125E1,9.404547811E-1,4.419996738E-1,-4.013265669E-1
3.804446525E1,9.702377319E-1,3.981898725E-1,-5.351096392E-1
3.805448825E1,1.009656072E0,2.945841253E-1,-5.238245726E-1
3.806451125E1,9.343594313E-1,1.749868989E-1,-4.373021722E-1
3.807453425E1,8.231971264E-1,5.494948849E-2,-3.072083890E-1
3.808455725E1,7.257727981E-1,1.295197010E-2,-1.975508630E-1
3.809458125E1,5.265650153E-1,7.099297643E-2,-1.506111324E-1
3.810460425E1,3.885557055E-1,1.807242781E-1,-7.233044505E-2
3.811462725E1,4.025765657E-1,3.020403087E-1,-6.740067899E-2
3.812465025E1,3.702622950E-1,3.678805530E-1,-6.852000207E-2
3.813467425E1,3.335770369E-1,4.170397520E-1,-1.223157253E-2
3.814469725E1,2.755512893E-1,5.332092047E-1,-3.608763963E-2
3.815472025E1,2.974106967E-1,6.549678445E-1,-1.007925868E-1
3.816474325E1,3.612663746E-1,5.225136876E-1,-1.370054632E-1
3.817476725E1,2.899135351E-1,2.125366479E-1,-8.887915313E-2
3.818479025E1,1.439379454E-1,-1.032626443E-2,2.220129222E-2
3.819481325E1,6.584507972E-2,-6.699280441E-2,-4.957833327E-3
3.820483625E1,3.007723391E-2,-1.326469034E-1,-9.237743169E-2
3.821486025E1,1.213493384E-2,-6.738707423E-2,-9.663411230E-2
3.822488325E1,7.818398625E-2,-4.822696000E-2,-7.937363535E-2
3.823490625E1,9.409434348E-2,-1.410019100E-1,5.466248095E-2
3.824492925E1,-6.833797693E-2,-2.588204145E-1,2.054179013E-1
3.825495225E1,-2.645343542E-1,-2.873909175E-1,2.894873321E-1
3.826497625E1,-3.255444467E-1,-1.351204365E-1,3.573191166E-1
3.827499925E1,-2.714448273E-1,3.847863898E-2,1.855767965E-1
3.828502225E1,-1.563198566E-1,1.983572543E-1,-5.512422696E-2
3.829504525E1,7.887981087E-2,3.999697864E-1,-1.196071357E-1
3.830506925E1,1.777137220E-1,3.842989504E-1,-1.241659373E-1
3.831509225E1,8.566407859E-2,2.272964120E-1,-2.172889188E-2
3.832511525E1,-3.914469108E-2,1.747298837E-1,6.462384015E-2
3.833513825E1,-2.508174181E-1,1.422823519E-1,5.540086329E-2
3.834516225E1,-3.830020726E-1,1.120296270E-1,1.329228282E-1
3.835518525E1,-3.395112455E-1,1.635229141E-1,1.631356031E-1
3.836520825E1,-1.994846165E-1,2.290060520E-1,1.614008248E-1
3.837523125E1,3.676959127E-2,2.803841531E-1,2.112617046E-1
3.838525425E1,1.934060603E-1,9.690646827E-2,2.543378174E-1
3.839527825E1,1.046833992E-1,-1.118283793E-1,2.570675611E-1
3.840530125E1,6.328909099E-2,-2.002170980E-1,2.342378944E-1
3.841532425E1,1.015206613E-2,-1.709999740E-1,1.159747988E-1
3.842534725E1,-1.063816622E-2,-1.413280964E-1,4.123478383E-2
3.843537125E1,2.676362172E-2,-1.077822894E-1,-3.471738100E-2
3.844539425E1,7.589495182E-2,-3.143716753E-1,1.291991025E-2
3.845541725E1,-7.168506086E-2,-5.610029101E-1,1.466413289E-1
3.846544025E1,-2.497242987E-1,-6.870529652E-1,2.119295299E-1
3.847546425E1,-3.225255311E-1,-5.588969588E-1,2.035491914E-1
3.848548725E1,-1.563259214E-1,-2.868156135E-1,1.374977380E-1
3.849551025E1,3.270859644E-2,2.105212025E-2,-7.367784157E-3
3.850553325E1,2.909811735E-1,1.747825593E-1,-7.766724378E-2
3.851555625E1,4.285289347E-1,1.837178022E-1,-1.014336571E-2
3.852558025E1,3.143245876E-1,2.483573183E-2,6.950112432E-2
3.853560325E1,1.106912047E-1,-1.179017797E-1,1.860086620E-1
3.854562625E1,-1.299442947E-1,-2.344973683E-1,3.591181338E-1
3.855564925E1,-4.769714177E-1,-2.964436412E-1,4.788129032E-1
3.856567325E1,-6.196146011E-1,-2.070565075E-1,5.227398872E-1
3.857569625E1,-5.125480890E-1,-2.182399854E-2,4.865754247E-1
3.858571925E1,-2.923994362E-1,1.233076230E-1,3.569532633E-1
3.859574225E1,-8.065580577E-2,1.750236750E-1,2.232760191E-1
3.860576625E1,5.011339486E-2,1.355132908E-1,2.072477788E-1
3.861578925E1,3.872375935E-3,8.707245439E-2,2.507345974E-1
3.862581225E1,-1.264211684E-1,9.792270511E-2,2.535511553E-1
3.863583525E1,-1.713025421E-1,7.584971189E-2,2.677273154E-1
3.864585825E1,-2.940641344E-1,9.723649174E-2,1.999621391E-1
3.865588225E1,-3.422017992E-1,1.453543734E-2,1.135907471E-1
3.866590525E1,-3.443589509E-1,-1.781455874E-1,9.818409383E-2
3.867592825E1,-3.536817431E-1,-2.878962159E-1,1.504315287E-1
3.868595125E1,-2.197774500E-1,-2.470867336E-1,1.442868263E-1
3.869597525E1,-1.251105964E-1,-1.993279308E-1,3.145151958E-2
3.870599825E1,-1.284017414E-1,-1.754327118E-1,-1.570267975E-2
3.871602125E1,-8.961243182E-2,-1.615811884E-1,-1.016475260E-1
3.872604425E1,-1.109121218E-1,-1.558117121E-1,-2.424736172E-1
3.873606825E1,-1.127260774E-1,-9.463801235E-2,-2.309486121E-1
3.874609125E1,-1.086615622E-1,-3.507482260E-2,-2.206067592E-1
3.875611425E1,-1.951931119E-1,-3.547834232E-3,-2.650479972E-1
3.876613725E1,-1.509622782E-1,8.510106802E-2,-2.340996414E-1
3.877616025E1,-5.764619634E-2,2.037517577E-1,-2.085678428E-1
3.878618425E1,-9.087551385E-2,2.607929409E-1,-1.123893932E-1
3.879620725E1,-7.375399023E-2,3.358073533E-1,5.708801374E-2
3.880623025E1,-1.360415965E-1,4.305048287E-1,1.716497391E-1
3.881625325E1,-1.974666566E-1,4.749646187E-1,2.059990019E-1
3.882627725E1,-1.227748618E-1,5.625285506E-1,2.144540101E-1
3.883630025E1,-8.226609230E-2,4.840857983E-1,3.016473651E-1
3.884632325E1,-2.134113163E-1,3.478999734E-1,3.812641501E-1
3.885634625E1,-3.740401268E-1,2.967428565E-1,4.292100966E-1
3.886637046E1,-4.256790876E-1,3.876096308E-1,3.194220960E-1
3.887639346E1,-3.403770924E-1,3.072796166E-1,1.138132364E-1
3.888641646E1,-1.262293905E-1,8.943038434E-2,3.564865887E-2
3.889643946E1,8.554352820E-2,-5.497708172E-2,4.657798260E-2
3.890646246E1,2.392284274E-1,-9.030763805E-2,-9.042403661E-3
3.891648646E1,3.668824434E-1,-1.297655702E-1,-1.164551303E-1
3.892650946E1,4.502193928E-1,-1.684802175E-1,-2.400268763E-1
3.893653246E1,4.946600199E-1,-1.273240000E-1,-3.321400285E-1
3.894655546E1,5.817688704E-1,-2.003678381E-1,-3.804806471E-1
3.895657946E1,5.483998060E-1,-3.151177168E-1,-3.871160746E-1
3.896660246E1,4.696450830E-1,-3.661262989E-1,-2.789147496E-1
3.897662546E1,4.235708416E-1,-3.910988867E-1,-1.467888206E-1
3.898664846E1,3.160385191E-1,-4.321267605E-1,-7.130151987E-2
3.899667146E1,2.203006297E-1,-4.274840653E-1,5.959970411E-3
3.900669546E1,1.440372914E-1,-3.564428985E-1,1.169002801E-2
3.901671846E1,6.204422563E-2,-3.140833080E-1,-6.013744976E-3
3.902674146E1,4.928448796E-2,-1.485196352E-1,1.819039322E-2
3.903676446E1,7.668250799E-2,-3.608615324E-2,-1.157058962E-2
3.904678846E1,1.087749302E-1,2.828564495E-2,4.253445938E-2
3.905681146E1,1.319766790E-1,5.369333178E-2,8.656016737E-2
3.906683446E1,3.956395201E-3,-8.805341274E-2,5.903507024E-2
3.907685746E1,-2.831406891E-1,-3.394347727E-1,5.660387874E-2
3.908688146E1,-4.983171821E-1,-4.748011231E-1,1.362403929E-1
3.909690446E1,-4.790059328E-1,-5.140112042E-1,3.492103517E-2
3.910692746E1,-2.724367678E-1,-5.385581255E-1,-1.843977422E-1
3.911695046E1,9.382371604E-2,-4.221764803E-1,-1.807594746E-1
3.912697346E1,4.190737009E-1,-3.467269838E-1,-9.677989781E-2
3.913699746E1,4.251499474E-1,-3.473977149E-1,-8.255898207E-2
3.914702046E1,3.264428079E-1,-4.058224261E-1,-1.682094485E-1
3.915704346E1,1.527622342E-1,-4.827823043E-1,-2.328639477E-1
3.916706646E1,-4.112415016E-2,-6.475893259E-1,-1.972534806E-1
3.917709046E1,-1.543219686E-1,-8.111441135E-1,-1.622159481E-1
3.918711346E1,-9.029291570E-2,-6.036114693E-1,-7.462165505E-2
3.919713646E1,1.677293330E-1,-3.673282862E-1,8.665736765E-3
3.920715946E1,2.168087214E-1,-1.473778039E-1,-2.854155377E-2
3.921718246E1,1.078407019E-1,1.298319697E-1,-5.214514956E-2
3.922720646E1,-8.189460635E-2,2.336550355E-1,1.297366712E-2
3.923722946E1,-4.252404571E-1,1.751865894E-1,2.232987285E-1
3.924725246E1,-7.533530593E-1,2.077903301E-1,4.795430601E-1
3.925727546E1,-9.611227512E-1,2.359358370E-1,6.208502054E-1
3.926729946E1,-9.674509168E-1,4.227280915E-1,7.434583902E-1
3.927732246E1,-7.252521515E-1,6.362378597E-1,7.809808850E-1
3.928734546E1,-5.343834162E-1,6.694892645E-1,6.629146934E-1
3.929736846E1,-4.569596946E-1,6.020146012E-1,5.666219592E-1
3.930739146E1,-4.288433790E-1,4.934998751E-1,4.669970870E-1
3.931741546E1,-4.723033905E-1,2.662638128E-1,2.964557111E-1
3.932743846E1,-4.988023639E-1,-1.225079149E-1,9.547733516E-2
3.933746146E1,-3.804602027E-1,-2.948187292E-1,1.990540139E-2
3.934748446E1,-8.649489284E-2,-3.598366082E-1,-5.405084789E-2
3.935750846E1,1.535541117E-1,-3.456411660E-1,-1.475520283E-1
3.936753146E1,3.304527104E-1,-3.400493264E-1,-1.646721661E-1
3.937755446E1,3.263424635E-1,-3.677480221E-1,-1.398728341E-1
3.938757746E1,1.555981636E-1,-3.142957091E-1,-1.212131381E-1
3.939760146E1,2.741693705E-2,-3.082067072E-1,-8.446390182E-2
3.940762446E1,-9.132728726E-2,-3.639498651E-1,1.659933291E-2
3.941764746E1,-1.984933466E-1,-2.600724399E-1,1.395252496E-1
3.942767046E1,-2.072378248E-1,-7.096058130E-2,1.958284676E-1
3.943769346E1,-2.362788618E-1,2.261415683E-2,2.924660444E-1
3.944771746E1,-2.617221773E-1,1.819156706E-1,4.729897380E-1
3.945774046E1,-1.615804881E-1,2.656664252E-1,4.654911160E-1
3.946776346E1,-1.256182343E-1,3.975749314E-1,4.038328230E-1
3.947778646E1,-7.614731789E-2,3.902958632E-1,4.224271178E-1
3.948781046E1,-1.296451688E-1,3.273376524E-1,4.370982051E-1
3.949783346E1,-2.076378018E-1,1.445805430E-1,3.935151398E-1
3.950785646E1,-2.793181241E-1,-3.436575830E-1,3.301822245E-1
3.951787946E1,-4.382757545E-1,-7.847983241E-1,3.383188844E-1
3.952790346E1,-5.160981417E-1,-9.383660555E-1,4.132919312E-1
3.953792646E1,-5.137966871E-1,-8.410781026E-1,3.932225406E-1
3.954794946E1,-4.205647409E-1,-5.333495736E-1,2.550191283E-1
3.955797246E1,-2.070908844E-1,-2.711953819E-1,5.175142363E-2
3.956799546E1,-4.556376860E-2,-2.008297294E-2,-1.005683392E-1
3.957801946E1,8.429775387E-2,2.548379004E-1,-2.002265751E-1
3.958804246E1,2.182203978E-1,4.656401277E-1,-2.283724546E-1
3.959806546E1,2.765207589E-1,6.327501535E-1,-2.065565139E-1
3.960808846E1,3.229186237E-1,7.135888338E-1,-2.407557666E-1
3.961811146E1,3.336132467E-1,7.454711199E-1,-3.022029102E-1
3.962813546E1,2.419254184E-1,6.654601693E-1,-2.842004895E-1
3.963815846E1,5.456687883E-2,5.056033731E-1,-2.237691134E-1
3.964818146E1,-1.247834340E-1,2.203333378E-1,-8.541043103E-2
3.965820446E1,-2.689076364E-1,-1.421944797E-1,4.273312911E-2
3.966822846E1,-3.842139840E-1,-3.009681404E-1,2.020784467E-2
3.967825146E1,-3.030759990E-1,-1.990335286E-1,-5.094755441E-2
3.968827446E1,-1.317881346E-1,1.273035705E-1,2.357359044E-4
3.969829746E1,1.104996204E-1,4.581156373E-1,2.490932122E-2
3.970832146E1,2.837046981E-1,5.314532518E-1,3.100769408E-2
3.971834446E1,2.461837232E-1,6.350883842E-1,3.746551648E-2
3.972836746E1,1.950052232E-1,7.799283862E-1,3.934996948E-2
3.973839046E1,7.231665403E-2,8.177806735E-1,8.029796928E-2
3.974841346E1,-1.157712266E-1,6.609181166E-1,1.313507706E-1
3.975843746E1,-3.109086454E-1,4.450566769E-1,2.231493145E-1
3.976846046E1,-3.912413120E-1,2.351149172E-1,3.039298952E-1
3.977848346E1,-3.109296858E-1,1.690616161E-1,2.570475936E-1
3.978850646E1,-1.146083921E-1,2.627851963E-1,1.482659876E-1
3.979853046E1,1.093988195E-1,4.275400937E-1,1.122770309E-1
3.980855346E1,2.276969552E-1,4.697203040E-1,5.947746336E-2
3.981857646E1,1.847838610E-1,2.483718991E-1,-1.411298811E-1
3.982859946E1,-6.461291760E-2,-2.098976523E-1,-2.973322570E-1
3.983862246E1,-3.600665331E-1,-8.358288407E-1,-2.209206969E-1
3.984864646E1,-5.763138533E-1,-1.441161633E0,-1.117505282E-1
3.985866946E1,-6.904862523E-1,-1.648986578E0,-3.357136995E-2
3.986869233E1,-5.365283489E-1,-1.576251984E0,2.688478492E-2
3.987871533E1,-1.759118289E-1,-1.254049540E0,-1.909451559E-3
3.988873933E1,1.388903111E-1,-7.964817286E-1,-1.239802316E-1
3.989876233E1,3.985535502E-1,-4.471856356E-1,-2.643361688E-1
3.990878533E1,5.039840937E-1,-3.304233253E-1,-3.456595242E-1
3.991880833E1,3.298570514E-1,-3.149322569E-1,-2.787968516E-1
3.992883133E1,9.824033082E-2,-3.216511309E-1,-9.879142046E-2
3.993885533E1,-6.286874413E-2,-3.098674417E-1,-7.581046224E-2
3.994887833E1,-1.424953938E-1,-1.529334933E-1,-1.623320431E-1
3.995890133E1,-5.922412500E-2,-2.618556144E-3,-1.597652882E-1
3.996892433E1,8.453703672E-2,7.949762046E-2,-9.453702718E-2
3.997894833E1,1.221218109E-1,2.652926371E-2,-7.603316009E-2
3.998897133E1,1.187173929E-2,-1.339110136E-1,-1.003251821E-1
3.999899433E1,-1.732125878E-1,-3.212357461E-1,-1.308233142E-1
4.000901733E1,-3.577235639E-1,-5.765767097E-1,-2.006172985E-1
4.001904033E1,-5.573863983E-1,-1.002773523E0,-2.972139120E-1
4.002906433E1,-7.417492867E-1,-1.481912613E0,-3.214129806E-1
4.003908733E1,-8.994402289E-1,-1.819929957E0,-2.027323842E-1
4.004911033E1,-9.065609574E-1,-2.128647804E0,-1.740006916E-2
4.005913333E1,-8.782511353E-1,-2.264995098E0,1.140101328E-1
4.006915733E1,-8.567255735E-1,-2.224783421E0,1.388915181E-1
4.007918033E1,-7.869821787E-1,-2.146859884E0,7.130055130E-2
4.008920333E1,-6.924511790E-1,-2.025487661E0,-3.895511106E-2
4.009922633E1,-5.420925021E-1,-1.888190031E0,-1.273522973E-1
4.010924933E1,-3.606031239E-1,-1.846392035E0,-1.704228073E-1
4.011927333E1,-2.167137861E-1,-1.872908354E0,-1.270848513E-1
4.012929633E1,-1.006902531E-1,-1.878882051E0,-2.937187627E-2
4.013931933E1,-6.086798385E-5,-1.855726838E0,-9.799173102E-3
4.014934233E1,2.117323428E-1,-1.758882284E0,-1.625772566E-1
4.015936633E1,4.197506309E-1,-1.382495999E0,-4.859743416E-1
4.016938933E1,5.452513099E-1,-8.433750272E-1,-7.319489717E-1
4.017941233E1,5.018156767E-1,-3.895269334E-1,-6.599630713E-1
4.018943533E1,4.217509031E-1,-5.125878453E-1,-3.999000788E-1
4.019945833E1,3.648847938E-1,-1.047428966E0,-2.319712192E-1
4.020948233E1,3.636554778E-1,-1.417285323E0,-2.424542159E-1
4.021950533E1,3.845322430E-1,-1.533248186E0,-2.587681711E-1
4.022952833E1,3.215503395E-1,-1.393395185E0,-2.218769938E-1
4.023955133E1,4.119538367E-1,-8.834408522E-1,-1.673431545E-1
4.024957433E1,4.278393090E-1,-4.341783822E-1,4.205159377E-3
4.025959833E1,4.166412055E-1,1.270108074E-1,1.143179238E-1
4.026962133E1,2.919868827E-1,6.844903231E-1,1.493014693E-1
4.027964433E1,8.316320926E-2,7.278300524E-1,1.430206895E-1
4.028966733E1,-8.998753875E-2,4.389410019E-1,1.325001419E-1
4.029969133E1,-2.341546118E-1,1.198031008E-1,1.958283633E-1
4.030971433E1,-3.491658866E-1,-2.093332410E-1,2.256741375E-1
4.031973733E1,-4.316412210E-1,-8.925597072E-1,1.783824414E-1
4.032976033E1,-4.661776423E-1,-1.194806099E0,1.305587292E-1
4.033978433E1,-3.631685972E-1,-8.620050550E-1,2.389889210E-1
4.034980733E1,-2.942646444E-1,-2.400123626E-1,3.777694404E-1
4.035983033E1,-2.930493951E-1,3.971139193E-1,3.246274889E-1
4.036985333E1,-6.953668594E-2,6.765990853E-1,2.290277183E-1
4.037987633E1,-1.470145956E-2,8.667680621E-1,2.911789417E-1
4.038990033E1,-4.335840791E-2,8.134020567E-1,4.460042119E-1
4.039992333E1,-1.113246083E-1,2.614679337E-1,6.266734004E-1
4.040994633E1,-3.266179860E-1,-3.083782196E-1,8.472678065E-1
4.041996933E1,-4.433764815E-1,-6.450503469E-1,1.022329092E0
4.042999233E1,-4.957739115E-1,-6.432577372E-1,1.111686707E0
4.044001633E1,-5.613999367E-1,-3.600848913E-1,1.094822288E0
4.045003933E1,-5.528283119E-1,-1.833953150E-2,9.481433034E-1
4.046006233E1,-4.674270153E-1,3.243490458E-1,7.399067879E-1
4.047008533E1,-2.909331918E-1,4.859427512E-1,5.356125236E-1
4.048010933E1,-1.808869094E-1,4.387766719E-1,4.286340773E-1
4.049013233E1,-2.877430320E-1,4.447437525E-1,4.139715135E-1
4.050015533E1,-4.447953403E-1,5.019806027E-1,4.211701155E-1
4.051017833E1,-5.172658563E-1,2.461003363E-1,4.157966375E-1
4.052020133E1,-5.527756810E-1,-5.453975499E-2,3.859275281E-1
4.053022533E1,-4.926060736E-1,-1.958329678E-1,3.662576973E-1
4.054024833E1,-4.128052592E-1,-2.035547644E-1,3.795531988E-1
4.055027133E1,-3.909835815E-1,-1.646646261E-1,3.970262110E-1
4.056029433E1,-3.857567906E-1,-1.778353900E-1,4.229444861E-1
4.057031833E1,-4.691305161E-1,-2.142115086E-1,4.604689479E-1
4.058034133E1,-5.576651096E-1,-2.173754871E-1,4.771788418E-1
4.059036433E1,-6.022874117E-1,-2.396664172E-1,4.173743725E-1
4.060038733E1,-6.261591911E-1,-3.835344911E-1,2.684175074E-1
4.061041033E1,-6.163830161E-1,-5.029389262E-1,4.271780327E-2
4.062043433E1,-6.132746935E-1,-4.441630542E-1,-1.924829185E-1
4.063045733E1,-6.894501448E-1,-3.948338330E-1,-4.063166380E-1
4.064048033E1,-9.153474569E-1,-5.453368425E-1,-5.641874671E-1
4.065050333E1,-9.835350513E-1,-8.831420541E-1,-6.563349366E-1
4.066052733E1,-9.593474269E-1,-1.131490588E0,-8.678218722E-1
4.067055033E1,-1.040046573E0,-9.086412787E-1,-1.177171946E0
4.068057333E1,-1.179156661E0,-3.910587132E-1,-1.488143682E0
4.069059633E1,-1.074611425E0,3.227488697E-1,-1.530618191E0
4.070061933E1,-1.052535057E0,1.196238756E0,-1.237885237E0
4.071064333E1,-1.120714426E0,1.833329201E0,-9.574069977E-1
4.072066633E1,-1.091324568E0,2.236717701E0,-8.659188151E-1
4.073068933E1,-1.065904498E0,2.089154720E0,-9.789886475E-1
4.074071233E1,-1.022022486E0,1.645114541E0,-1.195647717E0
4.075073533E1,-1.027969599E0,1.267535567E0,-1.345166922E0
4.076075933E1,-9.055923820E-1,1.208565354E0,-1.313241363E0
4.077078233E1,-8.413519263E-1,1.381984234E0,-1.189875484E0
4.078080533E1,-8.351125121E-1,1.473659992E0,-1.084689140E0
4.079082833E1,-7.607453465E-1,1.570851564E0,-1.037636042E0
4.080085233E1,-7.158764601E-1,1.715377212E0,-1.026769757E0
4.081087533E1,-6.080714464E-1,1.845784664E0,-9.987764359E-1
4.082089833E1,-4.657641053E-1,1.866020799E0,-9.486281276E-1
4.083092133E1,-3.204590976E-1,1.752699614E0,-9.012143016E-1
4.084094433E1,-1.484374255E-1,1.563545585E0,-8.520471454E-1
4.085096833E1,-5.297934264E-2,1.505755186E0,-7.962344885E-1
4.086099133E1,2.123248391E-2,1.422616124E0,-8.295396566E-1
4.087101512E1,4.484833032E-2,1.137702346E0,-9.460257888E-1
4.088103812E1,3.336566687E-2,7.100327611E-1,-1.004650831E0
4.089106212E1,6.798729300E-2,3.454228342E-1,-9.873461127E-1
4.090108513E1,1.743479371E-1,8.827095479E-2,-9.412382841E-1
4.091110813E1,2.659731805E-1,-1.544478536E-2,-9.066520929E-1
4.092113112E1,2.910621464E-1,6.644199789E-2,-9.068365097E-1
4.093115412E1,2.898709178E-1,-6.394983083E-2,-8.855746388E-1
4.094117812E1,3.207501769E-1,-2.524191439E-1,-8.736039400E-1
4.095120113E1,3.715044260E-1,-3.598776758E-1,-8.313089609E-1
4.096122412E1,4.020273983E-1,-2.812001407E-1,-7.091469169E-1
4.097124712E1,4.583964050E-1,-5.876653641E-2,-5.844976306E-1
4.098127012E1,4.722708762E-1,1.373794377E-1,-5.215755701E-1
4.099129412E1,4.268538654E-1,2.082384378E-1,-5.323515534E-1
4.100131713E1,3.552980423E-1,3.988663666E-3,-5.655435920E-1
4.101134012E1,1.718235463E-1,-3.496253192E-1,-5.946186781E-1
4.102136312E1,4.830043390E-2,-6.985592246E-1,-6.165917516E-1
4.103138712E1,6.632124633E-2,-8.266082406E-1,-6.061377525E-1
4.104141012E1,2.284970284E-1,-7.415965199E-1,-5.608002543E-1
4.105143313E1,3.658484817E-1,-5.676617622E-1,-4.358881712E-1
4.106145612E1,3.741989732E-1,-4.863897264E-1,-2.236252427E-1
4.107147912E1,2.922883928E-1,-3.368641734E-1,8.621703088E-2
4.108150312E1,2.105467319E-1,3.321878985E-2,2.709166110E-1
4.109152612E1,2.436117381E-1,3.163668811E-1,1.528730541E-1
4.110154913E1,2.280389965E-1,3.834018111E-1,-1.524961591E-1
4.111157212E1,1.750452816E-1,1.222202927E-1,-3.358238935E-1
4.112159512E1,1.867381036E-1,-3.371163607E-1,-2.532851398E-1
4.113161912E1,2.375187129E-1,-6.736972928E-1,-6.990386546E-2
4.114164212E1,2.913919091E-1,-7.381853461E-1,3.978950158E-2
4.115166513E1,3.445139825E-1,-7.024478912E-1,2.499217540E-2
4.116168812E1,3.270485699E-1,-5.040335655E-1,-3.535906971E-2
4.117171212E1,2.683740556E-1,-1.849296093E-1,-7.979417592E-2
4.118173512E1,2.219977379E-1,-2.156046778E-2,-1.308125556E-1
4.119175812E1,1.648564190E-1,1.251906306E-1,-2.036966085E-1
4.120178113E1,7.732682675E-2,2.816422582E-1,-2.226609290E-1
4.121180412E1,-1.569819078E-2,3.158803880E-1,-1.788727045E-1
4.122182812E1,-3.633200750E-2,2.273702174E-1,-8.796332031E-2
4.123185112E1,7.438864559E-2,1.478048265E-1,-1.886654459E-2
4.124187412E1,2.402246296E-1,2.792747915E-1,-3.521657735E-2
4.125189713E1,3.469817042E-1,4.527576566E-1,-1.913870126E-1
4.126192112E1,3.689686656E-1,4.758211970E-1,-3.853048682E-1
4.127194412E1,2.364675999E-1,3.619912863E-1,-4.753274322E-1
4.128196712E1,6.477957964E-2,2.234485000E-2,-4.365252256E-1
4.129199012E1,-1.093099266E-1,-3.035326004E-1,-3.454512656E-1
4.130201313E1,-2.036696374E-1,-3.557676375E-1,-2.411934882E-1
4.131203712E1,-1.791965216E-1,-1.327598691E-1,-8.895148337E-2
4.132206012E1,-1.418362930E-2,1.679594219E-1,7.943919301E-2
4.133208312E1,1.689595580E-1,3.405253291E-1,1.628011912E-1
4.134210612E1,2.434978932E-1,3.458279371E-1,1.480217278E-1
4.135212913E1,2.757572830E-1,2.021030039E-1,8.773761243E-2
4.136215312E1,2.206651568E-1,2.555960603E-2,5.093570426E-2
4.137217612E1,2.220518589E-1,-1.087217629E-1,6.233749539E-2
4.138219912E1,2.598357499E-1,-5.591545627E-2,1.024206355E-1
4.139222213E1,2.663828731E-1,-7.327979803E-2,8.663554490E-2
4.140224613E1,1.946144104E-1,-2.787112892E-1,4.527990893E-2
4.141226912E1,1.774077266E-1,-5.255842209E-1,4.789965972E-2
4.142229212E1,1.668041497E-1,-6.306922436E-1,1.500782520E-1
4.143231512E1,1.153795794E-1,-5.757877231E-1,3.006232977E-1
4.144233813E1,1.091492921E-1,-3.889390826E-1,4.111911356E-1
4.145236213E1,-5.465455353E-2,-1.460262835E-1,4.380935729E-1
4.146238512E1,-1.323744655E-1,1.834800467E-3,3.417606354E-1
4.147240812E1,-2.103036195E-1,5.132299289E-2,2.170730531E-1
4.148243112E1,-2.286704034E-1,1.236850321E-1,1.346405298E-1
4.149245413E1,-1.518837512E-1,3.518497646E-1,7.552528381E-2
4.150247813E1,-1.319925673E-2,4.267615974E-1,-1.618897356E-2
4.151250112E1,4.913975298E-2,3.636755645E-1,-8.352860063E-2
4.152252412E1,8.246883005E-2,2.904985249E-1,-3.633626923E-2
4.153254712E1,4.465886950E-2,2.642264366E-1,2.976764739E-2
4.154257112E1,-2.139861882E-2,2.639888525E-1,-6.873433013E-3
4.155259413E1,-7.099066675E-2,4.992237315E-2,-1.938949972E-1
4.156261712E1,-9.511043876E-2,-4.174534678E-1,-4.610280395E-1
4.157264012E1,-9.570112824E-2,-9.459971786E-1,-6.151941419E-1
4.158266312E1,-2.001899295E-2,-1.257754087E0,-6.289645433E-1
4.159268712E1,1.360691339E-1,-1.181196928E0,-5.943322182E-1
4.160271013E1,2.606495023E-1,-7.358677387E-1,-4.978245795E-1
4.161273312E1,3.331034482E-1,-9.257479012E-2,-3.362050653E-1
4.162275612E1,3.195746243E-1,4.351176023E-1,-1.794392318E-1
4.163277912E1,2.144383639E-1,5.646108985E-1,-5.985158682E-2
4.164280312E1,6.815385073E-2,3.811616898E-1,6.141891703E-2
4.165282613E1,-6.394415628E-3,2.469680086E-2,1.984870285E-1
4.166284912E1,-4.354839772E-2,-3.276291490E-1,2.943945229E-1
4.167287212E1,-2.330411226E-2,-5.304802656E-1,2.664963007E-1
4.168289612E1,-8.369648457E-2,-6.984097362E-1,1.644094586E-1
4.169291913E1,-1.322898567E-1,-8.883996606E-1,8.306293190E-2
4.170294213E1,-9.198498726E-2,-9.400531650E-1,7.435059547E-2
4.171296512E1,-3.024228383E-3,-6.768793464E-1,1.470175982E-1
4.172298812E1,1.227765679E-1,-1.033346727E-2,2.284141332E-1
4.173301212E1,2.549729347E-1,5.311611891E-1,2.623936832E-1
4.174303513E1,3.294765651E-1,7.324380875E-1,2.193616033E-1
4.175305813E1,3.724860847E-1,7.312515974E-1,2.091252208E-1
4.176308112E1,2.515128553E-1,6.251915097E-1,1.913646162E-1
4.177310412E1,9.208433330E-2,4.637985826E-1,1.120972186E-1
4.178312812E1,3.249399364E-2,2.219408378E-2,4.174788669E-2
4.179315113E1,4.022781551E-2,-5.148914456E-1,7.159020752E-2
4.180317413E1,1.300104707E-1,-6.108953953E-1,2.003454119E-1
4.181319712E1,2.984852493E-1,-2.838693261E-1,2.485992163E-1
4.182322012E1,4.208421707E-1,2.305666506E-1,1.312019527E-1
4.183324412E1,5.414202213E-1,4.159801900E-1,-3.491804749E-2
4.184326713E1,5.815940499E-1,1.046579182E-1,-1.283951998E-1
4.185329013E1,5.362659693E-1,-3.255368471E-1,-9.689321741E-3
4.186331312E1,4.776012003E-1,-5.260145664E-1,1.975203305E-1
4.187333671E1,4.528439045E-1,-6.024435759E-1,3.043277264E-1
4.188335971E1,5.144180655E-1,-6.322163939E-1,3.121603429E-1
4.189338271E1,6.103930473E-1,-4.555710554E-1,2.583261430E-1
4.190340571E1,6.520873308E-1,-2.635489106E-1,2.107416391E-1
4.191342871E1,7.386108041E-1,-3.301473856E-1,1.621304154E-1
4.192345271E1,7.645444274E-1,-6.210331321E-1,8.617801219E-2
4.193347571E1,7.775728703E-1,-8.254086375E-1,9.235814959E-2
4.194349871E1,9.434924126E-1,-8.570641875E-1,1.301815510E-1
4.195352171E1,1.060315132E0,-6.537107825E-1,5.047872663E-2
4.196354471E1,1.083827257E0,-4.584909976E-1,-6.270026416E-2
4.197356871E1,1.071241140E0,-3.766970634E-1,-9.535301477E-2
4.198359171E1,9.890311956E-1,-4.608433247E-1,-3.495046124E-2
4.199361471E1,8.718914986E-1,-7.174071670E-1,6.961243600E-2
4.200363771E1,7.293477654E-1,-8.994524479E-1,1.557679176E-1
4.201366071E1,5.835381150E-1,-8.829645514E-1,2.068561316E-1
4.202368471E1,6.543980241E-1,-6.925029159E-1,1.978551447E-1
4.203370771E1,6.266753078E-1,-3.719531298E-1,1.036085263E-1
4.204373071E1,5.076773763E-1,-1.750683486E-1,5.143801868E-2
4.205375371E1,5.499497652E-1,-1.728525907E-1,6.972461194E-2
4.206377771E1,6.138067245E-1,-8.740304410E-2,5.662889406E-2
4.207380071E1,5.395820141E-1,6.584083289E-2,-2.758878097E-2
4.208382371E1,5.032079220E-1,7.451844215E-2,-1.359082907E-1
4.209384671E1,4.383251071E-1,-1.436261386E-1,-2.063787282E-1
4.210386971E1,4.243981242E-1,-2.624208033E-1,-2.020691037E-1
4.211389371E1,3.847077191E-1,-1.921615601E-1,-2.203820646E-1
4.212391671E1,2.385543287E-1,-2.205775082E-1,-2.829439640E-1
4.213393971E1,1.515387446E-1,-2.850166857E-1,-3.021759987E-1
4.214396271E1,8.869887888E-2,-2.942442596E-1,-2.418529540E-1
4.215398571E1,-5.088458583E-2,-3.120951653E-1,-1.069452167E-1
4.216400971E1,-1.934329718E-1,-1.630668789E-1,9.008882940E-2
4.217403271E1,-1.777338982E-1,1.808774322E-1,2.339618355E-1
4.218405571E1,-1.657390743E-1,2.713970840E-1,2.170993835E-1
4.219407871E1,-2.251017243E-1,1.881349385E-1,1.557563990E-1
4.220410271E1,-2.171368003E-1,2.919282913E-1,1.546657383E-1
4.221412571E1,-1.558438838E-1,5.298625231E-1,1.423603296E-1
4.222414871E1,-4.399199411E-2,7.474710345E-1,6.012428924E-2
4.223417171E1,6.716990843E-3,7.779344320E-1,-8.764945716E-2
4.224419471E1,3.305955976E-2,3.688545525E-1,-1.981749535E-1
4.225421871E1,5.680910125E-2,-2.806321084E-1,-1.929911077E-1
4.226424171E1,-9.348805249E-2,-9.446179867E-1,-1.003975868E-1
4.227426471E1,-2.208838314E-1,-1.369074225E0,1.132616997E-1
4.228428771E1,-2.595418692E-1,-1.545267463E0,3.216512799E-1
4.229431071E1,-2.942806780E-1,-1.175553918E0,3.865306973E-1
4.230433471E1,-3.128080070E-1,-2.804667354E-1,3.887114525E-1
4.231435771E1,-3.760551512E-1,4.669398367E-1,3.747415841E-1
4.232438071E1,-3.556609154E-1,8.355368972E-1,3.577720821E-1
4.233440371E1,-3.609440923E-1,9.524900913E-1,2.957137823E-1
4.234442671E1,-4.860782623E-1,8.369145989E-1,2.321954221E-1
4.235445071E1,-4.757848680E-1,6.194994450E-1,2.348308861E-1
4.236447371E1,-4.488773942E-1,3.630942702E-1,2.277943194E-1
4.237449671E1,-4.597590566E-1,2.212418057E-2,1.612102389E-1
4.238451971E1,-4.261801839E-1,-2.492639869E-1,6.540841609E-2
4.239454271E1,-4.068040848E-1,-2.870289683E-1,-3.602579609E-2
4.240456671E1,-3.897460103E-1,-1.919294596E-1,-1.256732643E-1
4.241458971E1,-3.427590728E-1,-4.559995234E-2,-1.970462501E-1
4.242461271E1,-3.707561493E-1,6.605076790E-2,-2.643047273E-1
4.243463571E1,-3.736827075E-1,5.845489725E-2,-2.844984233E-1
4.244465971E1,-4.100046754E-1,-4.718279839E-2,-2.764322758E-1
4.245468271E1,-5.377019048E-1,-1.439903080E-1,-2.715807855E-1
4.246470571E1,-5.560526252E-1,-1.798685640E-1,-2.485477626E-1
4.247472871E1,-5.603565574E-1,-2.701353431E-1,-2.312755585E-1
4.248475171E1,-5.956087708E-1,-3.356399238E-1,-2.151164114E-1
4.249477571E1,-5.951514840E-1,-2.948608100E-1,-1.713204533E-1
4.250479871E1,-6.440264583E-1,-2.042713165E-1,-1.021317542E-1
4.251482171E1,-7.108646035E-1,-1.127395332E-1,-1.401148550E-2
4.252484471E1,-7.248654962E-1,-3.800980747E-3,3.403718770E-2
4.253486771E1,-7.836574316E-1,1.023456976E-1,-8.239693940E-3
4.254489171E1,-8.393811584E-1,1.206378192E-1,-8.005814999E-2
4.255491471E1,-8.490247130E-1,-7.068482228E-3,-1.164715514E-1
4.256493771E1,-8.188849092E-1,-1.386223435E-1,-1.155055463E-1
4.257496071E1,-7.686970830E-1,-1.852124780E-1,-9.596113861E-2
4.258498371E1,-7.189803720E-1,-1.720442474E-1,-6.665060669E-2
4.259500771E1,-6.733726859E-1,-9.181465954E-2,7.161563262E-3
4.260503071E1,-5.606474876E-1,-9.300465882E-2,8.959767967E-2
4.261505371E1,-4.384723604E-1,-9.369788319E-2,1.198485270E-1
4.262507671E1,-3.350805044E-1,-1.971331052E-2,8.938001841E-2
4.263510071E1,-2.490454912E-1,5.588104948E-2,-2.747736499E-2
4.264512371E1,-1.467778087E-1,1.127717569E-1,-2.026840597E-1
4.265514671E1,2.673779428E-2,7.695889473E-2,-3.617424071E-1
4.266516971E1,1.768727750E-1,-2.059807032E-1,-4.623763263E-1
4.267519271E1,2.416674793E-1,-7.754870057E-1,-5.041171312E-1
4.268521671E1,2.795457244E-1,-1.335956931E0,-4.507122934E-1
4.269523971E1,3.599633276E-1,-1.672068119E0,-2.834196985E-1
4.270526271E1,5.603092313E-1,-1.672601819E0,-4.988095164E-2
4.271528571E1,7.770817876E-1,-1.441852212E0,1.813868880E-1
4.272530871E1,8.128838539E-1,-1.062880635E0,3.109900951E-1
4.273533271E1,8.035920858E-1,-5.373960733E-1,2.702008486E-1
4.274535571E1,7.497128844E-1,-1.461377293E-1,1.167252511E-1
4.275537871E1,6.828063130E-1,-3.303780407E-2,-1.540348865E-2
4.276540171E1,6.647915244E-1,2.837438136E-2,-3.368338943E-2
4.277542471E1,6.082600951E-1,5.806569755E-2,5.064534396E-2
4.278544871E1,6.028363109E-1,-4.007950798E-2,2.503717840E-1
4.279547171E1,6.102414727E-1,-2.341360599E-1,5.467485785E-1
4.280549471E1,5.890461206E-1,-4.210146368E-1,8.183217645E-1
4.281551771E1,5.407654047E-1,-4.235720932E-1,9.540713429E-1
4.282554071E1,5.156081915E-1,-1.803684086E-1,9.229761958E-1
4.283556471E1,5.489307642E-1,7.566976547E-2,7.652566433E-1
4.284558771E1,6.148823500E-1,1.553218216E-1,5.810938478E-1
4.285561071E1,6.258891821E-1,1.851295233E-1,4.897964597E-1
4.286563371E1,5.815305114E-1,2.845529318E-1,5.545020700E-1
4.287565708E1,5.767999291E-1,3.161505461E-1,7.422770262E-1
4.288568108E1,5.738803744E-1,1.364461780E-1,9.096709490E-1
4.289570408E1,4.860625863E-1,-1.116270199E-1,9.527862072E-1
4.290572708E1,3.881528676E-1,-1.769582182E-1,8.568155766E-1
4.291575008E1,2.797150612E-1,-2.543287352E-2,6.722582579E-1
4.292577408E1,1.476852447E-1,1.117999703E-1,4.545494616E-1
4.293579708E1,6.087552384E-2,2.171907388E-2,3.051205575E-1
4.294582008E1,5.352597684E-2,-1.158361882E-1,2.642477751E-1
4.295584308E1,4.943163320E-2,-1.998243034E-1,3.042612374E-1
4.296586608E1,9.762024879E-2,-1.816736460E-1,3.846267760E-1
4.297589008E1,1.477987319E-1,-1.343681812E-1,4.077438414E-1
4.298591308E1,9.288930893E-2,-6.862731278E-2,3.327723742E-1
4.299593608E1,6.178359315E-2,2.030975185E-2,1.875124127E-1
4.300595908E1,-2.941714600E-3,-1.619713753E-2,3.853334486E-2
4.301598208E1,-9.916198999E-2,-1.072239801E-1,-3.153682128E-2
4.302600608E1,-1.294915825E-1,-1.016625687E-1,-6.894813851E-3
4.303602908E1,-1.319920272E-1,-7.631167024E-2,6.882817298E-2
4.304605208E1,-1.815252304E-1,-1.843867004E-1,1.578259319E-1
4.305607508E1,-2.150919735E-1,-3.321875930E-1,2.639595568E-1
4.306609808E1,-2.497586459E-1,-2.729249299E-1,3.418864310E-1
4.307612208E1,-3.571157157E-1,-2.469781041E-2,3.458596170E-1
4.308614508E1,-3.579269350E-1,1.708601713E-1,2.689038813E-1
4.309616808E1,-3.350253701E-1,3.241983354E-1,1.305923611E-1
4.310619108E1,-3.136776090E-1,4.564307034E-1,3.321595490E-2
4.311621408E1,-2.355122417E-1,5.195524096E-1,-2.415092848E-2
4.312623808E1,-1.782680154E-1,4.385585785E-1,-8.195172250E-2
4.313626108E1,-1.910924613E-1,2.760533094E-1,-1.003384516E-1
4.314628408E1,-1.954018027E-1,8.709777892E-2,-7.356678694E-2
4.315630708E1,-2.134473771E-1,-1.206761897E-1,-3.376025707E-2
4.316633008E1,-2.990868688E-1,-3.109236956E-1,-2.550413087E-2
4.317635408E1,-3.571054339E-1,-3.963885307E-1,-3.426140547E-2
4.318637708E1,-3.859516978E-1,-3.757260144E-1,-1.602843404E-2
4.319640008E1,-3.884313405E-1,-2.554374337E-1,8.816993795E-3
4.320642308E1,-3.464090824E-1,-1.294462010E-2,8.788498119E-3
4.321644608E1,-2.605138719E-1,2.314826995E-1,-2.433263930E-3
4.322647008E1,-2.083718032E-1,4.035424292E-1,1.347824000E-2
4.323649308E1,-1.458024234E-1,5.360932350E-1,4.312321916E-2
4.324651608E1,-1.098470315E-1,5.577553511E-1,3.644171357E-2
4.325653908E1,-1.867988110E-1,4.092766643E-1,6.904862821E-3
4.326656208E1,-2.816006541E-1,2.046743035E-1,-6.248026155E-3
4.327658608E1,-3.333000839E-1,1.151256729E-2,1.096984278E-2
4.328660908E1,-4.349677563E-1,-1.148826405E-1,3.243384510E-2
4.329663208E1,-5.141195655E-1,-1.559475213E-1,3.498728573E-2
4.330665508E1,-5.223319530E-1,-1.484101415E-1,2.969413996E-2
4.331667908E1,-5.439453721E-1,-1.024117544E-1,3.201375529E-2
4.332670208E1,-5.647550225E-1,3.761484474E-2,3.197938204E-2
4.333672508E1,-5.492146611E-1,1.991214454E-1,4.058219120E-2
4.334674808E1,-5.273847580E-1,3.335197568E-1,5.697742850E-2
4.335677108E1,-5.428614616E-1,3.660350740E-1,6.185606867E-2
4.336679508E1,-5.401170254E-1,2.000600547E-1,3.952590376E-2
4.337681808E1,-4.279031157E-1,4.284114763E-2,-7.813441753E-2
4.338684108E1,-3.564019799E-1,2.438537478E-1,-2.973082066E-1
4.339686408E1,-2.182880491E-1,3.800653815E-1,-4.624010324E-1
4.340688708E1,1.333508268E-2,2.967946231E-1,-5.015791655E-1
4.341691108E1,9.468320757E-2,6.014291942E-2,-3.967398405E-1
4.342693408E1,8.078473061E-2,-3.143017292E-1,-1.999749243E-1
4.343695708E1,2.397110015E-1,-6.148117781E-1,-6.021809205E-2
4.344698008E1,6.244759560E-1,-8.371332288E-1,-8.330877125E-2
4.345700308E1,7.480841875E-1,-9.395403266E-1,-1.989354938E-1
4.346702708E1,8.806691170E-1,-8.838022947E-1,-2.915478945E-1
4.347705008E1,1.166449189E0,-6.467543244E-1,-3.757901192E-1
4.348707308E1,1.306302905E0,-2.417760193E-1,-4.894635379E-1
4.349709608E1,1.283437014E0,1.650050581E-1,-5.121504664E-1
4.350711908E1,1.147214055E0,3.348807693E-1,-4.446893334E-1
4.351714308E1,9.159235954E-1,1.843599826E-1,-3.112726808E-1
4.352716608E1,7.661911249E-1,-1.823183745E-1,-1.325812489E-1
4.353718908E1,6.757576466E-1,-5.042167902E-1,1.828176528E-2
4.354721208E1,5.949824452E-1,-4.295966327E-1,1.043224037E-1
4.355723508E1,7.565220594E-1,-1.184816286E-1,2.118406147E-1
4.356725908E1,8.204179406E-1,-9.874580801E-2,2.865354121E-1
4.357728208E1,8.442220688E-1,-1.202329919E-1,4.170625210E-1
4.358730508E1,7.750925422E-1,7.784625050E-3,5.337100029E-1
4.359732808E1,6.155265570E-1,1.681178361E-1,6.052475572E-1
4.360735108E1,5.323784351E-1,2.923923731E-1,6.189945936E-1
4.361737508E1,4.925636351E-1,2.817280293E-1,5.460125804E-1
4.362739808E1,4.267643988E-1,2.969038188E-1,4.525518119E-1
4.363742108E1,4.001357257E-1,3.989090323E-1,3.793880939E-1
4.364744408E1,3.903084993E-1,4.118967652E-1,3.811545372E-1
4.365746708E1,3.432389796E-1,3.532022834E-1,4.589720964E-1
4.366749108E1,3.113842309E-1,2.464928776E-1,5.705655217E-1
4.367751408E1,2.670260668E-1,1.862074137E-1,6.773713231E-1
4.368753708E1,2.351658344E-1,2.423875332E-1,7.001128793E-1
4.369756008E1,1.439970434E-1,2.593305707E-1,6.770978570E-1
4.370758308E1,-4.362931475E-2,3.285476863E-1,6.974393725E-1
4.371760708E1,-1.698788702E-1,4.674776196E-1,7.279874682E-1
4.372763008E1,-2.424082756E-1,3.869449794E-1,6.979765296E-1
4.373765308E1,-3.223401308E-1,1.511670649E-1,6.423414946E-1
4.374767608E1,-3.888640106E-1,-2.369815111E-2,6.181902885E-1
4.375769908E1,-4.143645763E-1,-9.846986085E-2,6.405494213E-1
4.376772308E1,-3.365332186E-1,-3.637866676E-2,6.120513082E-1
4.377774608E1,-3.101758957E-1,7.441176474E-2,5.311915874E-1
4.378776908E1,-3.792856932E-1,2.541819215E-1,4.366553724E-1
4.379779208E1,-4.554286599E-1,3.418076336E-1,3.747331500E-1
4.380781508E1,-6.694683433E-1,3.088987768E-1,3.582590222E-1
4.381783908E1,-9.030587077E-1,2.114382535E-1,3.462540209E-1
4.382786208E1,-1.060403466E0,-4.071740434E-2,3.098934889E-1
4.383788508E1,-1.137443662E0,-8.155005425E-2,2.541458011E-1
4.384790808E1,-1.157588363E0,1.346347779E-1,1.527788937E-1
4.385793108E1,-1.230134487E0,1.607782394E-1,7.186700404E-2
4.386795508E1,-1.239125848E0,1.799043119E-1,3.471425176E-2
4.387797750E1,-1.235082030E0,2.953462005E-1,3.601014614E-2
4.388800050E1,-1.340078712E0,3.946098685E-1,2.429174632E-2
4.389802350E1,-1.417390585E0,3.937771320E-1,5.176375620E-3
4.390804650E1,-1.559831619E0,2.859484553E-1,-2.944820374E-2
4.391807050E1,-1.710457921E0,7.048112899E-2,-5.503772199E-2
4.392809350E1,-1.733059406E0,-6.782311946E-2,-8.051869273E-2
4.393811650E1,-1.744259953E0,-3.234501928E-2,-1.330876201E-1
4.394813950E1,-1.744243026E0,1.932157129E-1,-2.072529644E-1
4.395816250E1,-1.683183908E0,4.490703940E-1,-2.633801699E-1
4.396818650E1,-1.758832455E0,5.806846023E-1,-2.713805437E-1
4.397820950E1,-1.838369966E0,5.799626112E-1,-2.368990034E-1
4.398823250E1,-1.785619020E0,5.283237100E-1,-2.250754535E-1
4.399825550E1,-1.718877316E0,5.634388328E-1,-2.883886397E-1
4.400827950E1,-1.650618434E0,6.410539746E-1,-4.106109440E-1
4.401830250E1,-1.578998804E0,5.770760775E-1,-5.117748380E-1
4.402832550E1,-1.482968450E0,4.777823985E-1,-5.538989902E-1
4.403834850E1,-1.286262870E0,3.673474789E-1,-5.979679227E-1
4.404837150E1,-1.113275766E0,2.606082857E-1,-6.788356304E-1
4.405839450E1,-9.939917922E-1,1.971486360E-1,-7.055013180E-1
4.406841850E1,-8.314459324E-1,1.836354882E-1,-6.952633858E-1
4.407844150E1,-6.787562966E-1,8.510571718E-2,-7.282176018E-1
4.408846450E1,-5.585061908E-1,-3.975369781E-2,-8.026131988E-1
4.409848750E1,-4.428024888E-1,-9.526276588E-2,-8.976917863E-1
4.410851050E1,-3.155257702E-1,-1.802129149E-1,-9.312384129E-1
4.411853450E1,-1.862716526E-1,-2.746552825E-1,-8.523311019E-1
4.412855750E1,-1.014124155E-1,-3.627206683E-1,-7.687895894E-1
4.413858050E1,-7.584153861E-2,-4.223302007E-1,-7.787601948E-1
4.414860350E1,-6.152970716E-2,-4.806424677E-1,-7.939615846E-1
4.415862650E1,-2.623989433E-2,-5.208380818E-1,-7.062799335E-1
4.416865050E1,5.267951265E-2,-5.449032187E-1,-5.201369524E-1
4.417867350E1,1.223755032E-1,-4.877794683E-1,-3.122865856E-1
4.418869650E1,2.045958489E-1,-3.654890954E-1,-1.742747724E-1
4.419871950E1,2.606681585E-1,-2.331997901E-1,-1.233159900E-1
4.420874250E1,2.854381502E-1,-1.335565448E-1,-9.654002637E-2
4.421876650E1,3.136895001E-1,-9.492101520E-2,-3.530490026E-2
4.422878950E1,3.721732497E-1,-1.256274581E-1,1.589963585E-2
4.423881250E1,3.843124509E-1,-1.933958530E-1,9.074222296E-3
4.424883550E1,4.499294162E-1,-4.278596491E-2,-1.502859686E-2
4.425885850E1,5.448372960E-1,2.309023142E-1,-5.664901435E-2
4.426888250E1,6.108469963E-1,3.456306756E-1,-1.422560215E-1
4.427890550E1,6.432052255E-1,3.169289827E-1,-2.398654073E-1
4.428892850E1,6.917918921E-1,2.437916100E-1,-3.005004227E-1
4.429895150E1,7.721506357E-1,1.133278832E-1,-2.837890983E-1
4.430897450E1,8.222196698E-1,-6.120990962E-2,-2.119350731E-1
4.431899850E1,9.036705494E-1,-2.692938447E-1,-1.255788803E-1
4.432902150E1,8.878545761E-1,-3.166900873E-1,-4.723647237E-2
4.433904450E1,7.955344915E-1,-6.518141180E-2,3.899801522E-2
4.434906750E1,8.568629026E-1,-1.546172239E-2,1.010272279E-1
4.435909050E1,9.951890707E-1,-1.037894562E-1,2.890669741E-2
4.436911450E1,1.140787005E0,-1.531651914E-1,-7.614312321E-2
4.437913750E1,1.182484269E0,-1.445312202E-1,-8.734464645E-2
4.438916050E1,1.125009418E0,-1.980434954E-1,7.670721412E-2
4.439918350E1,9.917421341E-1,-4.542640746E-1,3.614252210E-1
4.440920650E1,8.138803244E-1,-9.166337848E-1,5.968403220E-1
4.441923050E1,7.007769346E-1,-1.332617164E0,6.195022464E-1
4.442925350E1,6.831327677E-1,-1.435144305E0,3.964821398E-1
4.443927650E1,7.334545255E-1,-1.098599792E0,1.246058941E-1
4.444929950E1,8.201082349E-1,-4.107964635E-1,3.297644481E-2
4.445932250E1,9.145875573E-1,2.027276754E-1,1.389047503E-1
4.446934650E1,9.758927226E-1,3.913008571E-1,2.870334089E-1
4.447936950E1,9.139231443E-1,3.029084206E-1,3.526225388E-1
4.448939250E1,7.943327427E-1,1.609763876E-2,3.663200140E-1
4.449941550E1,7.465092540E-1,-4.352514446E-1,4.046980441E-1
4.450943850E1,6.459386945E-1,-8.494648933E-1,4.405066371E-1
4.451946250E1,5.455498099E-1,-1.358320713E0,3.915047348E-1
4.452948550E1,4.030474424E-1,-1.868582845E0,2.707596123E-1
4.453950850E1,2.247344404E-1,-1.871070504E0,2.337991893E-1
4.454953150E1,6.734231859E-2,-1.201565385E0,3.612799644E-1
4.455955450E1,4.663650319E-2,-1.143364906E-1,4.789069891E-1
4.456957850E1,-1.110394076E-1,8.199656606E-1,3.042832613E-1
4.457960150E1,-2.863731384E-1,1.132336378E0,-2.873066440E-2
4.458962450E1,-2.796120346E-1,8.707211018E-1,-2.242231071E-1
4.459964750E1,-2.264393568E-1,2.756372392E-1,-2.180405706E-1
4.460967050E1,-2.691996992E-1,-2.007477432E-1,-1.226795986E-1
4.461969450E1,-2.692367435E-1,-6.119509935E-1,-5.735678598E-2
4.462971750E1,-2.769615948E-1,-8.425199986E-1,-6.689973176E-2
4.463974050E1,-3.768996298E-1,-9.192429781E-1,-9.699824452E-2
4.464976350E1,-4.966148436E-1,-9.501549006E-1,-8.973655850E-2
4.465978650E1,-5.065042377E-1,-8.004796505E-1,-1.011123508E-2
4.466981050E1,-4.864519536E-1,-3.722176552E-1,8.745490760E-2
4.467983350E1,-4.259499907E-1,3.316645920E-1,1.813177615E-1
4.468985650E1,-3.438701332E-1,9.521890879E-1,1.809348017E-1
4.469987950E1,-3.092948496E-1,1.409995079E0,1.341100484E-1
4.470990250E1,-2.544544339E-1,1.593430281E0,1.231235564E-1
4.471992650E1,-2.617999613E-1,1.595928073E0,1.326963007E-1
4.472994950E1,-2.316707820E-1,1.387687564E0,1.442260593E-1
4.473997250E1,-1.857022345E-1,1.085435271E0,1.475765854E-1
4.474999550E1,-2.104834765E-1,7.396373749E-1,2.058052719E-1
4.476001850E1,-1.670830101E-1,3.771252632E-1,3.505291939E-1
4.477004250E1,-8.256772906E-2,1.031135172E-1,5.406712890E-1
4.478006550E1,1.275748461E-1,2.959444821E-1,6.731140018E-1
4.479008850E1,3.737542331E-1,6.939834356E-1,6.145463586E-1
4.480011150E1,4.642995894E-1,7.737160921E-1,3.629088104E-1
4.481013450E1,5.627922416E-1,6.202880144E-1,1.312536448E-1
4.482015850E1,6.957915425E-1,2.991405725E-1,5.876585469E-2
4.483018150E1,8.162783384E-1,-2.501607127E-2,1.084001660E-1
4.484020450E1,9.870215654E-1,-1.153819263E-1,2.234668285E-1
4.485022750E1,1.029538989E0,4.061411321E-2,3.346476257E-1
4.486025050E1,9.504442215E-1,2.321619689E-1,5.139883757E-1
4.487027450E1,8.363834023E-1,1.516217589E-1,8.281171322E-1
4.488029821E1,7.211353183E-1,-2.320582569E-1,1.136738896E0
4.489032121E1,7.434996963E-1,-5.355632305E-1,1.253476858E0
4.490034421E1,6.916274428E-1,-6.255919337E-1,1.084694505E0
4.491036721E1,6.515055895E-1,-4.312820733E-1,7.494494319E-1
4.492039121E1,6.572508216E-1,-3.172079921E-1,4.499423206E-1
4.493041421E1,6.535357237E-1,-4.199500084E-1,2.923765779E-1
4.494043721E1,6.649755836E-1,-4.328197241E-1,3.333032429E-1
4.495046021E1,6.829380393E-1,-1.313154846E-1,5.476540923E-1
4.496048321E1,7.772735953E-1,4.290088117E-1,7.288742065E-1
4.497050621E1,7.203831673E-1,8.400613666E-1,6.804856062E-1
4.498053021E1,5.308877826E-1,6.607592702E-1,4.551750124E-1
4.499055321E1,4.843776822E-1,1.486268640E-1,2.745097280E-1
4.500057621E1,4.078102112E-1,-3.807057142E-1,2.332467139E-1
4.501059921E1,3.206774890E-1,-6.256686449E-1,3.246728480E-1
4.502062221E1,3.194417953E-1,-6.449483633E-1,4.765329659E-1
4.503064621E1,2.961341441E-1,-6.128088832E-1,5.630338192E-1
4.504066921E1,2.673706710E-1,-5.855647326E-1,5.533490181E-1
4.505069221E1,2.486583441E-1,-5.239952207E-1,4.855959415E-1
4.506071521E1,1.792086959E-1,-4.296512008E-1,4.077022076E-1
4.507073821E1,1.342397928E-1,-3.517646790E-1,3.463547230E-1
4.508076221E1,1.085059270E-1,-3.442806602E-1,2.909370065E-1
4.509078521E1,5.821672827E-2,-3.366928399E-1,2.339220047E-1
4.510080821E1,1.121939346E-2,-2.490724623E-1,1.884850115E-1
4.511083121E1,-9.878011048E-2,-1.933595091E-1,1.547700018E-1
4.512085421E1,-2.387388051E-1,-2.095834911E-1,1.416981518E-1
4.513087821E1,-3.470061719E-1,-2.590256333E-1,1.678256691E-1
4.514090121E1,-4.407965839E-1,-3.106917441E-1,2.135172486E-1
4.515092421E1,-5.286173224E-1,-3.382897377E-1,2.441823930E-1
4.516094721E1,-5.964637399E-1,-3.200463057E-1,2.506344318E-1
4.517097021E1,-6.398754716E-1,-2.703444660E-1,2.426041365E-1
4.518099421E1,-6.786236763E-1,-2.086089402E-1,2.284798026E-1
4.519101721E1,-7.406145930E-1,-1.368564367E-1,2.288633138E-1
4.520104021E1,-8.120493293E-1,-6.736603379E-2,2.402488589E-1
4.521106321E1,-8.919267058E-1,2.317043953E-2,2.412055731E-1
4.522108621E1,-9.283683300E-1,1.474758834E-1,2.130080163E-1
4.523111021E1,-9.114700556E-1,2.624542415E-1,1.526808888E-1
4.524113321E1,-9.015555978E-1,3.357425630E-1,7.344599068E-2
4.525115621E1,-9.239885807E-1,3.595904112E-1,8.835026063E-3
4.526117921E1,-9.523219466E-1,3.381785750E-1,-2.100382932E-2
4.527120221E1,-9.872578382E-1,3.201146126E-1,-3.753140569E-2
4.528122521E1,-1.046780586E0,3.476399779E-1,-6.651006639E-2
4.529124921E1,-1.070882797E0,3.947730958E-1,-1.016299054E-1
4.530127221E1,-1.073331118E0,4.453238845E-1,-1.530891061E-1
4.531129521E1,-1.054321289E0,4.764178395E-1,-2.167996019E-1
4.532131821E1,-9.818896055E-1,4.582457542E-1,-2.451905012E-1
4.533134121E1,-8.786737919E-1,3.913281858E-1,-2.372662127E-1
4.534136521E1,-8.120359182E-1,3.060747981E-1,-2.018975616E-1
4.535138821E1,-8.040513992E-1,2.377801090E-1,-1.318110973E-1
4.536141121E1,-8.036391139E-1,1.787466109E-1,-3.847714886E-2
4.537143421E1,-8.696249127E-1,9.337335080E-2,2.972645871E-2
4.538145721E1,-1.005532384E0,-2.126428112E-2,4.098896682E-2
4.539148121E1,-1.132243514E0,-1.161037087E-1,-3.998018056E-2
4.540150421E1,-1.173087597E0,-8.473246545E-2,-1.694835871E-1
4.541152721E1,-1.117511272E0,9.047427773E-2,-2.420465201E-1
4.542155021E1,-1.000103474E0,2.992181778E-1,-2.483004183E-1
4.543157321E1,-8.670363426E-1,4.469897747E-1,-2.116166949E-1
4.544159721E1,-8.155100346E-1,5.788649917E-1,-1.500486732E-1
4.545162021E1,-8.455148339E-1,7.761709094E-1,-8.047043532E-2
4.546164321E1,-8.455137610E-1,9.231558442E-1,-9.864976630E-3
4.547166621E1,-8.320750594E-1,9.257469773E-1,1.999020204E-2
4.548168921E1,-8.610920310E-1,8.344490528E-1,-1.305696554E-2
4.549171321E1,-9.104911685E-1,6.879059672E-1,-9.174671024E-2
4.550173621E1,-9.539371729E-1,4.322688580E-1,-1.615886390E-1
4.551175921E1,-1.019241691E0,2.065771967E-1,-1.903375685E-1
4.552178221E1,-1.084150910E0,1.469365060E-1,-1.857369542E-1
4.553180521E1,-1.127324820E0,1.630882919E-1,-1.856700629E-1
4.554182821E1,-1.153492451E0,1.689954549E-1,-1.768864244E-1
4.555185221E1,-1.148531199E0,1.384769082E-1,-1.352965832E-1
4.556187521E1,-1.095458627E0,1.037221327E-1,-8.907183260E-2
4.557189821E1,-1.014984846E0,8.715746552E-2,-6.871322542E-2
4.558192121E1,-9.592365623E-1,1.333878040E-1,-7.231727988E-2
4.559194421E1,-9.142922163E-1,2.357368320E-1,-7.188399136E-2
4.560196821E1,-8.497768641E-1,3.350786269E-1,-4.471948370E-2
4.561199121E1,-7.930356860E-1,3.792879581E-1,1.742677763E-3
4.562201421E1,-7.597547174E-1,3.536156118E-1,4.855678976E-2
4.563203721E1,-6.606881618E-1,3.052258193E-1,8.520101011E-2
4.564206021E1,-4.957866073E-1,3.178992569E-1,7.401147485E-2
4.565208421E1,-3.058883548E-1,3.946212828E-1,-1.788577624E-2
4.566210721E1,-1.410977840E-1,4.767499864E-1,-1.352198571E-1
4.567213021E1,1.596753486E-2,5.490214825E-1,-1.893629283E-1
4.568215321E1,1.705730855E-1,5.478621721E-1,-1.851809621E-1
4.569217621E1,2.530709803E-1,4.078294635E-1,-1.726606041E-1
4.570220021E1,2.828757465E-1,1.775951684E-1,-1.892414540E-1
4.571222321E1,2.967403829E-1,-7.584603131E-2,-2.406794876E-1
4.572224621E1,3.350646198E-1,-3.255437315E-1,-3.092670739E-1
4.573226921E1,3.549278677E-1,-5.566366315E-1,-3.893277645E-1
4.574229221E1,3.474307954E-1,-7.922760844E-1,-4.094335735E-1
4.575231621E1,3.543935716E-1,-1.000999689E0,-3.721567988E-1
4.576233921E1,3.761465251E-1,-1.118634343E0,-3.345343173E-1
4.577236221E1,5.025537610E-1,-1.164136410E0,-2.957832515E-1
4.578238521E1,7.439805269E-1,-1.182484269E0,-2.754034102E-1
4.579240821E1,1.127332091E0,-1.172173023E0,-3.093693554E-1
4.580243121E1,1.351018429E0,-1.095201850E0,-3.951196671E-1
4.581245521E1,1.412523270E0,-8.470082283E-1,-4.544932544E-1
4.582247821E1,1.334891558E0,-6.947609186E-1,-3.944754601E-1
4.583250121E1,1.049993515E0,-6.845164299E-1,-2.113597840E-1
4.584252421E1,6.841149330E-1,-7.635849118E-1,-4.449941218E-2
4.585254721E1,4.147122204E-1,-9.263256788E-1,1.743432879E-2
4.586257121E1,2.287527323E-1,-1.167556643E0,6.459441036E-3
4.587259421E1,2.312473953E-1,-1.354177713E0,8.301518857E-2
4.588261700E1,3.765039146E-1,-1.237089396E0,2.523168921E-1
4.589264000E1,5.700887442E-1,-8.182682395E-1,4.666752517E-1
4.590266300E1,1.000108838E0,-8.404007554E-2,6.105450988E-1
4.591268700E1,1.361562848E0,7.124742270E-1,6.192080379E-1
4.592271000E1,1.439677954E0,1.350760102E0,5.429649353E-1
4.593273300E1,1.314441562E0,1.654168844E0,4.901005328E-1
4.594275600E1,1.119160533E0,1.648485661E0,5.457177162E-1
4.595277900E1,9.919170141E-1,1.511439323E0,5.962843299E-1
4.596280300E1,7.960000038E-1,1.275649905E0,4.908814728E-1
4.597282600E1,5.347580910E-1,9.499142170E-1,2.771984339E-1
4.598284900E1,4.003124535E-1,5.380390882E-1,7.378885895E-2
4.599287200E1,3.302323222E-1,1.592824608E-1,7.185830269E-3
4.600289500E1,2.493835688E-1,-1.292566508E-1,8.838135004E-2
4.601291800E1,1.437032521E-1,-4.031221271E-1,2.255704701E-1
4.602294200E1,1.520574279E-2,-6.255837083E-1,3.544051349E-1
4.603296500E1,-6.913756579E-2,-7.340723872E-1,4.118722379E-1
4.604298800E1,-1.468118578E-1,-7.803400159E-1,4.059096873E-1
4.605301100E1,-2.422018349E-1,-7.251127362E-1,3.639283776E-1
4.606303400E1,-3.276655972E-1,-5.559545755E-1,2.844873667E-1
4.607305800E1,-3.922622800E-1,-2.787377238E-1,1.904589683E-1
4.608308100E1,-4.729717672E-1,5.877292901E-2,1.349424571E-1
4.609310400E1,-5.646825433E-1,2.976501286E-1,1.240046844E-1
4.610312700E1,-7.125295401E-1,3.737244010E-1,1.886177659E-1
4.611315000E1,-8.631215692E-1,4.029823244E-1,2.876805365E-1
4.612317400E1,-9.991121888E-1,4.135398865E-1,4.030654430E-1
4.613319700E1,-1.116912365E0,4.360366464E-1,5.046993494E-1
4.614322000E1,-1.281122565E0,5.189312696E-1,5.530368090E-1
4.615324300E1,-1.513391376E0,5.881758332E-1,5.741924644E-1
4.616326600E1,-1.751584530E0,6.104723811E-1,6.637436748E-1
4.617328900E1,-1.974971652E0,6.280248761E-1,9.156463146E-1
4.618331300E1,-2.228358030E0,6.261119843E-1,1.268893003E0
4.619333600E1,-2.336325645E0,5.851812959E-1,1.628845453E0
4.620335900E1,-2.274599552E0,5.087491274E-1,2.054706573E0
4.621338200E1,-2.060553312E0,4.130303860E-1,2.574850321E0
4.622340500E1,-1.698625565E0,2.192180306E-1,3.155705214E0
4.623342900E1,-1.150634646E0,-3.642677888E-2,3.747539759E0
4.624345200E1,-4.429824650E-1,-5.451339483E-1,4.311151028E0
4.625347500E1,1.576944292E-1,-1.394855499E0,4.939783096E0
4.626349800E1,5.976986885E-1,-2.417330503E0,5.699497700E0
4.627352100E1,9.177659750E-1,-3.738816738E0,6.516256809E0
4.628354500E1,1.261576653E0,-5.333868504E0,7.280916214E0
4.629356800E1,1.705968261E0,-6.799754620E0,8.001573563E0
4.630359100E1,2.427484751E0,-7.900592804E0,8.246468544E0
4.631361400E1,3.169170618E0,-8.549271584E0,7.827327251E0
4.632363700E1,3.680964708E0,-8.435735703E0,7.163288593E0
4.633366100E1,4.084881783E0,-7.770255566E0,6.511179447E0
4.634368400E1,4.666475296E0,-6.717415333E0,5.932126522E0
4.635370700E1,5.434491634E0,-5.124860287E0,5.351134777E0
4.636373000E1,6.230858803E0,-3.256272316E0,4.821458817E0
4.637375300E1,6.904194355E0,-1.583002210E0,4.391831398E0
4.638377600E1,7.433905602E0,-3.022856116E-1,4.033227444E0
4.639380000E1,7.735029221E0,7.466754317E-1,3.761133671E0
4.640382300E1,7.779911995E0,1.487026215E0,3.666941166E0
4.641384600E1,7.597265244E0,1.865527987E0,3.763644218E0
4.642386900E1,7.033217430E0,2.040939093E0,3.900364399E0
4.643389200E1,6.198501110E0,2.093617916E0,4.002417088E0
4.644391600E1,5.560527802E0,2.130006790E0,4.160797119E0
4.645393900E1,5.162048340E0,1.929337740E0,4.430715561E0
4.646396200E1,4.834994793E0,1.388103008E0,4.792485714E0
4.647398500E1,4.370940685E0,4.195275903E-1,5.163021088E0
4.648400800E1,4.081796646E0,-8.268336654E-1,5.475213051E0
4.649403200E1,3.880628109E0,-2.236653328E0,5.582115650E0
4.650405500E1,3.807700157E0,-3.341635942E0,5.407405853E0
4.651407800E1,3.779042482E0,-3.635102272E0,4.880128384E0
4.652410100E1,3.917128563E0,-3.410480261E0,4.175477505E0
4.653412400E1,3.956877470E0,-2.831769466E0,3.428486347E0
4.654414700E1,3.749515295E0,-1.991960883E0,2.832289219E0
4.655417100E1,3.241832018E0,-1.164867520E0,2.608316898E0
4.656419400E1,2.685111523E0,-9.285944700E-1,2.732880592E0
4.657421700E1,2.147255182E0,-1.673615456E0,2.971962690E0
4.658424000E1,1.657612324E0,-3.289751530E0,2.993571281E0
4.659426300E1,1.245874643E0,-5.254026413E0,2.641504765E0
4.660428700E1,9.023615718E-1,-6.948783875E0,2.249969244E0
4.661431000E1,8.735528588E-1,-7.491494656E0,2.427389622E0
4.662433300E1,1.296389341E0,-7.458025455E0,2.576169968E0
4.663435600E1,1.574151993E0,-7.156403542E0,1.778147459E0
4.664437900E1,1.633638263E0,-5.551316261E0,2.233237773E-1
4.665440200E1,1.671906948E0,-2.685202122E0,-9.437130094E-1
4.666442600E1,1.762890697E0,-8.860549927E-1,-8.124899864E-1
4.667444900E1,6.518082023E-1,1.080151439E0,-3.170660734E-1
4.668447200E1,-4.875812531E-1,5.330412090E-2,5.084238648E-1
4.669449500E1,-1.214386821E0,-3.162100792E0,1.362984776E0
4.670451800E1,-1.469581008E0,-3.977688551E0,1.614545584E0
4.671454200E1,-1.544765115E0,-3.445839405E0,1.330574036E0
4.672456500E1,-1.401690245E0,-1.914883137E0,6.855705380E-1
4.673458800E1,-1.024612665E0,9.221915901E-2,-3.623193800E-1
4.674461100E1,-5.520975590E-1,2.952395678E0,-9.552010894E-1
4.675463400E1,-1.536154747E-1,5.469488621E0,-1.011966944E0
4.676465700E1,5.322853923E-1,6.062150955E0,-1.095852852E0
4.677468100E1,9.043508768E-1,4.803023338E0,-1.091011405E0
4.678470400E1,4.623851776E-1,3.401135445E0,-7.935352325E-1
4.679472700E1,-1.570652276E-1,2.682363033E0,-2.273353338E-1
4.680475000E1,-4.730181396E-1,1.462602615E0,6.389741898E-1
4.681477300E1,-6.151579618E-1,-2.625792027E-1,1.193288445E0
4.682479700E1,-7.321634293E-1,-1.417860389E0,1.063725948E0
4.683482000E1,-8.638738990E-1,-1.799201369E0,5.155924559E-1
4.684484300E1,-9.621565342E-1,-2.059933901E0,-1.685659140E-1
4.685486600E1,-7.743761539E-1,-1.916806102E0,-7.652901411E-1
4.686488900E1,-7.498955727E-1,-1.415908933E0,-1.169466972E0
4.687491196E1,-8.895447254E-1,-7.109635472E-1,-1.429090023E0
4.688493596E1,-1.141438723E0,-3.824109212E-2,-1.340227842E0
4.689495896E1,-1.372736812E0,6.910092831E-1,-1.053307056E0
4.690498196E1,-1.482857704E0,1.675280094E0,-1.103568196E0
4.691500496E1,-1.554970384E0,2.500386000E0,-1.359076262E0
4.692502796E1,-1.461198092E0,3.008386612E0,-1.651556611E0
4.693505196E1,-1.350656152E0,3.454494476E0,-1.728813648E0
4.694507496E1,-1.299137235E0,3.460320473E0,-1.615953565E0
4.695509796E1,-1.370590806E0,2.926206112E0,-1.503062844E0
4.696512096E1,-1.398904204E0,2.180583239E0,-1.342554927E0
4.697514396E1,-1.280103683E0,1.166770458E0,-1.224780440E0
4.698516696E1,-1.944145560E0,1.619493365E0,-9.200138450E-1
4.699519096E1,-2.316285372E0,3.344015837E0,-8.316118270E-2
4.700521396E1,-1.657531977E0,1.599889636E0,6.565930843E-1
4.701523696E1,-1.435087562E0,-1.857867599E0,1.563799858E0
4.702525996E1,-6.456032395E-1,-5.242980957E0,2.431024790E0
4.703528296E1,1.126157269E-1,-7.317209244E0,2.425783157E0
4.704530696E1,6.444042325E-1,-7.269373417E0,1.782191873E0
4.705532996E1,1.117507219E0,-7.007908344E0,1.119218707E0
4.706535296E1,1.487503171E0,-6.733887196E0,2.938012779E-1
4.707537596E1,1.490752459E0,-5.384983063E0,-3.760241568E-1
4.708539896E1,1.434770465E0,-2.794098854E0,-5.423364043E-1
4.709542196E1,4.830002785E-1,-2.319335938E-1,-2.053657323E-1
4.710544596E1,-8.922114968E-2,3.009718180E0,1.009936929E0
4.711546896E1,1.973791718E-1,3.507124484E-1,2.059582233E0
4.712549196E1,1.253148168E-1,-1.838606715E0,1.564254284E0
4.713551496E1,-1.685861498E-1,-4.643781781E-1,1.247116685E0
4.714553796E1,-2.490009554E-2,1.561496735E0,7.709093094E-1
4.715556196E1,1.643404216E-1,2.903358936E0,-1.357192397E-1
4.716558496E1,1.416929066E-1,2.695304632E0,-7.094514966E-1
4.717560796E1,1.284739524E-1,1.865942955E0,-1.099880219E0
4.718563096E1,2.865043581E-1,1.706150293E0,-1.494695187E0
4.719565396E1,3.333050311E-1,2.340777397E0,-1.501725674E0
4.720567696E1,1.984681189E-1,2.699202299E0,-1.213936448E0
4.721570096E1,3.611220121E-1,2.542833328E0,-1.045138121E0
4.722572396E1,5.485587716E-1,2.423061371E0,-9.353913069E-1
4.723574696E1,3.129297793E-1,2.245989561E0,-7.510904074E-1
4.724576996E1,6.599563360E-2,2.235091925E0,-5.143708587E-1
4.725579296E1,1.594879478E-1,2.140537262E0,-2.808006704E-1
4.726581696E1,2.349954844E-1,1.933944821E0,-2.034550309E-1
4.727583996E1,9.801167995E-2,1.996436119E0,-3.056889176E-1
4.728586296E1,-8.175728470E-2,2.069780588E0,-5.261847973E-1
4.729588596E1,-2.580405772E-1,1.724108815E0,-7.251927853E-1
4.730590896E1,-3.769690990E-1,8.664763570E-1,-7.218886018E-1
4.731593196E1,-3.892818391E-1,-2.015812993E-1,-6.009809971E-1
4.732595596E1,-4.109234810E-1,-9.435254335E-1,-5.127784610E-1
4.733597896E1,-5.062897205E-1,-1.226021886E0,-4.569956660E-1
4.734600196E1,-6.451051235E-1,-1.493488908E0,-3.874312341E-1
4.735602496E1,-7.847686410E-1,-1.564396262E0,-3.152522743E-1
4.736604796E1,-8.577360511E-1,-1.273735642E0,-2.947517931E-1
4.737607096E1,-8.985437751E-1,-1.037418842E0,-3.967163265E-1
4.738609496E1,-1.006578565E0,-1.146467924E0,-6.160486937E-1
4.739611796E1,-1.121485472E0,-1.351631522E0,-7.548583746E-1
4.740614096E1,-1.202367544E0,-1.546746135E0,-7.823325992E-1
4.741616396E1,-1.225206494E0,-1.503546238E0,-7.594447732E-1
4.742618696E1,-1.000974417E0,-8.794999719E-1,-7.482823730E-1
4.743621096E1,-6.092727780E-1,1.281075925E-1,-8.243093491E-1
4.744623396E1,-2.903331518E-1,1.115019917E0,-1.093386650E0
4.745625696E1,-3.297059610E-2,1.869355202E0,-1.481809497E0
4.746627996E1,1.300398856E-1,2.088060856E0,-1.695639491E0
4.747630296E1,1.905379891E-1,1.969142437E0,-1.653666377E0
4.748632596E1,1.396266073E-1,1.519186497E0,-1.476095319E0
4.749634996E1,-9.292464703E-3,5.328374505E-1,-1.198992372E0
4.750637296E1,-1.577586383E-1,-1.484796107E-1,-9.337007403E-1
4.751639596E1,-3.447127640E-1,-4.518963397E-1,-7.949398160E-1
4.752641896E1,-5.234505534E-1,-6.499050260E-1,-7.178200483E-1
4.753644196E1,-6.877997518E-1,-1.087268353E0,-5.327743888E-1
4.754646596E1,-8.849583268E-1,-1.725686431E0,-2.997387648E-1
4.755648896E1,-1.082834601E0,-2.438005447E0,-8.034734428E-2
4.756651196E1,-1.251732349E0,-2.882953882E0,6.168090925E-2
4.757653496E1,-1.364649177E0,-2.610314369E0,5.334209278E-2
4.758655796E1,-1.343520164E0,-1.836108446E0,-8.609249443E-2
4.759658096E1,-1.034243226E0,-1.239838958E0,-2.398866117E-1
4.760660496E1,-7.707269788E-1,-7.749522328E-1,-3.817542493E-1
4.761662796E1,-5.053797364E-1,-1.437012851E-2,-5.651362538E-1
4.762665096E1,-2.890090942E-1,8.303979039E-1,-8.244213462E-1
4.763667396E1,-1.279623806E-1,1.421524167E0,-1.008164048E0
4.764669696E1,5.517788231E-2,1.788374305E0,-1.060717583E0
4.765671996E1,1.258572340E-1,1.969147921E0,-1.058627605E0
4.766674396E1,-5.421746895E-2,1.821341991E0,-1.049786925E0
4.767676696E1,-3.158943355E-1,1.457396746E0,-9.659530520E-1
4.768678996E1,-4.065842927E-1,9.320243597E-1,-8.027867675E-1
4.769681296E1,-4.373271167E-1,3.686951697E-1,-6.194869876E-1
4.770683596E1,-4.678237736E-1,-7.132669538E-2,-3.981037140E-1
4.771685996E1,-4.087805152E-1,-3.365497887E-1,-2.365891486E-1
4.772688296E1,-2.842676044E-1,-5.275450945E-1,-2.710531056E-1
4.773690596E1,-1.899166256E-1,-6.718535423E-1,-4.519169033E-1
4.774692896E1,-2.461314350E-1,-7.724065185E-1,-6.472605467E-1
4.775695196E1,-3.403309286E-1,-7.952343822E-1,-7.282472253E-1
4.776697496E1,-3.438825011E-1,-6.584136486E-1,-6.900979877E-1
4.777699896E1,-3.148646653E-1,-4.108469188E-1,-6.310552955E-1
4.778702196E1,-2.592477500E-1,-1.860829815E-2,-5.687897801E-1
4.779704496E1,-1.355838329E-1,4.320388436E-1,-5.394160151E-1
4.780706796E1,1.585335582E-1,7.054775953E-1,-5.609516501E-1
4.781709096E1,1.788256019E-1,5.278213024E-1,-6.832975745E-1
4.782711396E1,-5.718186870E-2,1.191012040E-1,-6.060650945E-1
4.783713796E1,-2.891091704E-1,-4.588485658E-1,-3.134708703E-1
4.784716096E1,-3.341663778E-1,-8.474439979E-1,-8.182884753E-2
4.785718396E1,-3.633174896E-1,-9.807537198E-1,-1.168276966E-1
4.786720696E1,-2.793221772E-1,-9.717530608E-1,-3.123609722E-1
4.787723033E1,-1.440517455E-1,-6.630597711E-1,-5.461654067E-1
4.788725433E1,-5.308801308E-2,-2.294776738E-1,-6.333937645E-1
4.789727733E1,2.560618892E-2,1.658459902E-1,-5.243842602E-1
4.790730033E1,-4.501114134E-3,4.164321423E-1,-2.783734202E-1
4.791732333E1,-1.068882048E-1,2.191931009E-1,3.044276498E-2
4.792734633E1,-1.703292280E-1,-1.383602470E-1,2.667634189E-1
4.793736933E1,-2.056974322E-1,-3.915733695E-1,3.295594454E-1
4.794739333E1,-1.208046451E-1,-6.151787639E-1,1.860110611E-1
4.795741633E1,-4.660338629E-3,-7.372465134E-1,-3.903522715E-2
4.796743933E1,5.245701224E-2,-7.560518980E-1,-1.980618984E-1
4.797746233E1,1.221027821E-1,-5.453770757E-1,-2.587871253E-1
4.798748533E1,1.877571642E-1,-2.794940583E-2,-1.854572445E-1
4.799750933E1,1.498862058E-1,4.853834212E-1,-7.334986329E-2
4.800753233E1,2.636267431E-2,7.289787531E-1,7.240733504E-2
4.801755533E1,-5.408524349E-2,8.581686020E-1,2.242504805E-1
4.802757833E1,1.552434862E-1,9.202433825E-1,2.783230245E-1
4.803760133E1,5.220670700E-1,1.086960435E0,1.726930737E-1
4.804762433E1,6.044293642E-1,1.390799165E0,1.348716952E-2
4.805764833E1,3.946259022E-1,1.415715933E0,-2.732720040E-2
4.806767133E1,2.313821167E-1,1.203036904E0,1.012206525E-1
4.807769433E1,1.450184733E-1,1.137205601E0,2.026532441E-1
4.808771733E1,6.050571799E-2,1.344468594E0,1.572327614E-1
4.809774033E1,3.583364189E-2,1.540522456E0,-2.031422965E-2
4.810776333E1,6.510657817E-2,1.488416076E0,-2.463636100E-1
4.811778733E1,1.564542353E-1,1.140668392E0,-3.403378129E-1
4.812781033E1,2.619177997E-1,7.466870546E-1,-2.710777819E-1
4.813783333E1,2.634673715E-1,4.401499331E-1,-1.154374704E-1
4.814785633E1,1.878373474E-1,1.725749820E-1,2.682779729E-2
4.815787933E1,1.108012125E-1,3.411822394E-2,8.499240875E-2
4.816790233E1,6.908012927E-2,-8.448299021E-2,5.169543996E-2
4.817792633E1,4.326099530E-2,-1.550345719E-1,-3.823940083E-2
4.818794933E1,7.056719065E-2,-2.492500246E-1,-1.136782318E-1
4.819797233E1,1.107161120E-1,-3.828064799E-1,-1.264012158E-1
4.820799533E1,1.570993215E-1,-4.511192441E-1,-8.552674949E-2
4.821801833E1,2.091136128E-1,-3.463251293E-1,-8.149914443E-3
4.822804233E1,2.390150577E-1,-7.619004697E-2,8.495739102E-2
4.823806533E1,2.009446621E-1,2.170498520E-1,1.514178216E-1
4.824808833E1,1.540021896E-1,4.009482861E-1,1.832939833E-1
4.825811133E1,1.477694511E-1,5.106472373E-1,1.996496469E-1
4.826813433E1,1.647681445E-1,5.137721896E-1,1.990773380E-1
4.827815733E1,1.341176331E-1,3.990527689E-1,1.953273863E-1
4.828818133E1,1.082833707E-1,2.482376993E-1,1.982012093E-1
4.829820433E1,1.484539360E-1,1.624853909E-1,1.932725906E-1
4.830822733E1,1.509493142E-1,1.188180745E-1,1.781509072E-1
4.831825033E1,9.327553958E-2,1.398661286E-1,1.826167405E-1
4.832827333E1,4.677435756E-2,2.144415677E-1,2.152050436E-1
4.833829633E1,3.482286260E-2,2.537606955E-1,2.452120185E-1
4.834832033E1,4.956266284E-2,2.695417702E-1,2.511796057E-1
4.835834333E1,6.300050020E-2,2.970609367E-1,2.174065858E-1
4.836836633E1,9.520158172E-2,3.335348070E-1,1.877200752E-1
4.837838933E1,1.350638419E-1,3.546362519E-1,1.892639399E-1
4.838841233E1,1.494345218E-1,3.781447709E-1,2.409473658E-1
4.839843533E1,1.112004295E-1,3.874259889E-1,3.275568187E-1
4.840845933E1,5.702267587E-2,4.904721975E-1,3.878512979E-1
4.841848233E1,-6.925306469E-2,6.085402369E-1,4.252918959E-1
4.842850533E1,-4.415714741E-1,6.178309321E-1,4.259842932E-1
4.843852833E1,-7.150690556E-1,6.444278955E-1,3.192930520E-1
4.844855133E1,-5.890336633E-1,7.349242568E-1,8.093269169E-2
4.845857533E1,-5.701228380E-1,8.501642942E-1,-2.027491480E-1
4.846859833E1,-8.468614817E-1,7.491101027E-1,-3.766801953E-1
4.847862133E1,-1.164113522E0,3.178429306E-1,-3.670971394E-1
4.848864433E1,-1.256407499E0,-2.452491820E-1,-2.565192282E-1
4.849866733E1,-1.283220530E0,-5.202941895E-1,-1.855573505E-1
4.850869033E1,-1.419319034E0,-3.808571696E-1,-1.815245301E-1
4.851871433E1,-1.544409871E0,-5.577143282E-2,-2.958005667E-1
4.852873733E1,-1.747529745E0,1.559866220E-1,-5.261543989E-1
4.853876033E1,-1.899450183E0,3.729470670E-1,-7.542127371E-1
4.854878333E1,-1.972163558E0,6.059352756E-1,-9.884439111E-1
4.855880633E1,-2.024007559E0,8.951596022E-1,-1.241129398E0
4.856882933E1,-2.018433094E0,1.179300547E0,-1.490849733E0
4.857885333E1,-1.993616104E0,1.431129098E0,-1.703413010E0
4.858887633E1,-1.916602850E0,1.635511279E0,-1.862271070E0
4.859889933E1,-1.757784486E0,1.815950513E0,-1.964112282E0
4.860892233E1,-1.564094305E0,1.985568404E0,-2.013091326E0
4.861894533E1,-1.414683223E0,2.156805754E0,-2.071737289E0
4.862896933E1,-1.385428190E0,2.340361595E0,-2.164782763E0
4.863899233E1,-1.378959537E0,2.331110716E0,-2.326410055E0
4.864901533E1,-1.348688960E0,2.073342085E0,-2.505127430E0
4.865903833E1,-1.344954848E0,1.666076064E0,-2.620485544E0
4.866906133E1,-1.462596297E0,1.179995894E0,-2.632927895E0
4.867908433E1,-1.555292726E0,6.191902161E-1,-2.497680426E0
4.868910833E1,-1.512502670E0,7.550406456E-2,-2.245345831E0
4.869913133E1,-1.531836390E0,-3.434625268E-1,-1.947652698E0
4.870915433E1,-1.596902370E0,-5.987627506E-1,-1.706907153E0
4.871917733E1,-1.608634114E0,-7.872906327E-1,-1.564558744E0
4.872920033E1,-1.539541602E0,-9.358521104E-1,-1.500271678E0
4.873922333E1,-1.393420935E0,-1.031895757E0,-1.479251385E0
4.874924733E1,-1.129352331E0,-1.008183241E0,-1.477669001E0
4.875927033E1,-8.373491764E-1,-8.439309001E-1,-1.482647181E0
4.876929333E1,-6.837276220E-1,-5.986220241E-1,-1.456764460E0
4.877931633E1,-6.092588305E-1,-3.289402723E-1,-1.388671160E0
4.878933933E1,-5.070392489E-1,-9.764900059E-2,-1.291447401E0
4.879936233E1,-4.263384342E-1,1.083316281E-1,-1.172660828E0
4.880938633E1,-3.136699498E-1,2.929264903E-1,-1.052079797E0
4.881940933E1,-1.960440427E-1,4.367410243E-1,-9.308208227E-1
4.882943233E1,-1.577392668E-1,5.221920013E-1,-7.875457406E-1
4.883945533E1,-1.081135496E-1,5.766619444E-1,-6.271438003E-1
4.884947833E1,3.523988277E-2,5.838285089E-1,-4.992553592E-1
4.885950133E1,1.641370058E-1,5.488112569E-1,-4.541990757E-1
4.886952533E1,3.052171767E-1,5.247506499E-1,-4.886124432E-1
4.887954821E1,4.477176368E-1,5.541502237E-1,-5.888167024E-1
4.888957121E1,3.777193725E-1,5.720996857E-1,-7.255516648E-1
4.889959421E1,3.355816603E-1,5.714905858E-1,-8.630892634E-1
4.890961721E1,3.564115763E-1,5.091773868E-1,-9.607266188E-1
4.891964021E1,5.411099195E-1,4.628647268E-1,-1.001689196E0
4.892966421E1,6.200436354E-1,4.050624073E-1,-9.681205153E-1
4.893968721E1,5.208842158E-1,3.002534509E-1,-8.298455477E-1
4.894971021E1,4.184228480E-1,1.480383575E-1,-5.752418041E-1
4.895973321E1,3.515229523E-1,-2.338031381E-1,-3.113346100E-1
4.896975621E1,3.075866699E-1,-9.217476845E-1,-1.460298300E-1
4.897978021E1,3.714944720E-1,-1.740154028E0,-2.087766528E-1
4.898980321E1,3.515607119E-1,-2.120282173E0,-5.526586175E-1
4.899982621E1,2.231817394E-1,-1.797883630E0,-1.177368879E0
4.900984921E1,-4.007206298E-3,-1.153732300E0,-1.951731682E0
4.901987221E1,-2.917215824E-1,-7.168575525E-1,-2.553744555E0
4.902989521E1,-3.095967174E-1,-6.911996007E-1,-2.716119528E0
4.903991921E1,-2.535217628E-2,-1.068987608E0,-2.555924654E0
4.904994221E1,3.563531041E-1,-1.791794538E0,-2.353137255E0
4.905996521E1,5.002753139E-1,-2.511188030E0,-2.183475971E0
4.906998821E1,3.838059306E-1,-3.116857767E0,-1.932242393E0
4.908001121E1,9.720919281E-2,-3.618475914E0,-1.425376415E0
4.909003421E1,-8.291237801E-2,-3.792430162E0,-6.765022278E-1
4.910005821E1,7.732147351E-4,-3.526997089E0,3.436149657E-2
4.911008121E1,1.525891125E-1,-2.810393572E0,3.683005869E-1
4.912010421E1,3.171482086E-1,-1.831167579E0,2.056192756E-1
4.913012721E1,4.378221631E-1,-9.889789224E-1,-3.449591994E-1
4.914015021E1,4.379394650E-1,-4.256097674E-1,-9.321056008E-1
4.915017321E1,3.211561143E-1,-1.998602599E-1,-1.197556496E0
4.916019721E1,1.409354657E-1,-2.117963731E-1,-9.981662035E-1
4.917022021E1,-8.759199828E-2,-2.010473162E-1,-5.055629015E-1
4.918024321E1,-2.578836381E-1,-5.777852982E-2,-4.419504851E-2
4.919026621E1,-3.024026453E-1,1.623381227E-1,1.756590158E-1
4.920028921E1,-2.677378953E-1,3.761889338E-1,1.570322961E-1
4.921031221E1,-2.033351809E-1,5.062739253E-1,-9.306089021E-3
4.922033621E1,-1.352419108E-1,4.694620371E-1,-2.093754113E-1
4.923035921E1,-9.472351521E-2,3.477635682E-1,-3.273337483E-1
4.924038221E1,-6.614414603E-2,2.179163545E-1,-3.350822926E-1
4.925040521E1,1.004170068E-2,5.335920956E-3,-2.678502798E-1
4.926042821E1,7.743398100E-2,-2.306483239E-1,-1.960016638E-1
4.927045221E1,6.792543083E-2,-3.738878071E-1,-1.437123567E-1
4.928047521E1,6.443664432E-2,-4.042338729E-1,-7.380451262E-2
4.929049821E1,9.222646058E-2,-3.263339996E-1,4.618182033E-2
4.930052121E1,1.237211004E-1,-1.773106754E-1,1.747701466E-1
4.931054421E1,1.615028232E-1,-3.588616475E-2,2.384617776E-1
4.932056721E1,1.849128008E-1,6.557954475E-4,1.741041690E-1
4.933059121E1,1.184131354E-1,-6.790328771E-2,9.428394958E-3
4.934061421E1,1.403113455E-2,-1.776101291E-1,-1.358328611E-1
4.935063721E1,-4.968632385E-2,-3.280997574E-1,-1.834504455E-1
4.936066021E1,-7.629587501E-2,-4.632513523E-1,-1.755575091E-1
4.937068321E1,-6.239178404E-2,-5.044576526E-1,-1.513938457E-1
4.938070621E1,2.777697518E-2,-4.144367278E-1,-1.298949271E-1
4.939073021E1,1.413416117E-1,-2.752410173E-1,-1.307207793E-1
4.940075321E1,2.345544994E-1,-1.249305457E-1,-1.128485426E-1
4.941077621E1,3.069482744E-1,6.996384263E-2,-5.130368844E-2
4.942079921E1,4.037443101E-1,2.261731029E-1,-3.203791566E-4
4.943082221E1,4.926760495E-1,2.596772611E-1,-1.854785159E-2
4.944084521E1,5.006235242E-1,1.953710020E-1,-9.797109663E-2
4.945086921E1,4.026255906E-1,1.194586605E-1,-1.837352663E-1
4.946089221E1,2.700439990E-1,6.089563668E-2,-2.270343602E-1
4.947091521E1,1.880133152E-1,-6.676991284E-2,-2.168195397E-1
4.948093821E1,1.935864389E-1,-3.102301955E-1,-1.862979084E-1
4.949096121E1,2.216774523E-1,-5.395986438E-1,-1.571546793E-1
4.950098421E1,2.641856074E-1,-6.271775365E-1,-1.483538151E-1
4.951100821E1,2.921879292E-1,-5.357866287E-1,-1.796600670E-1
4.952103121E1,2.472640425E-1,-3.004234135E-1,-2.257556021E-1
4.953105421E1,2.269150913E-1,-3.623863682E-2,-2.438129038E-1
4.954107721E1,2.312287837E-1,1.409337670E-1,-2.451356053E-1
4.955110021E1,1.973994523E-1,2.971971333E-1,-2.351072133E-1
4.956112321E1,2.187198550E-1,4.039819539E-1,-2.202149183E-1
4.957114721E1,2.657747269E-1,4.013819098E-1,-2.418477833E-1
4.958117021E1,3.734456301E-1,2.330592722E-1,-3.090837300E-1
4.959119321E1,3.916544616E-1,-5.147073045E-2,-3.913652599E-1
4.960121621E1,2.737120092E-1,-2.676361501E-1,-4.210253060E-1
4.961123921E1,3.058853745E-1,-2.960978746E-1,-3.368563652E-1
4.962126221E1,3.736110628E-1,-1.785328686E-1,-2.384908646E-1
4.963128621E1,3.642042577E-1,-2.942301147E-2,-2.305234820E-1
4.964130921E1,5.315101743E-1,-8.859285712E-2,-2.888419032E-1
4.965133221E1,7.245320678E-1,-4.465584457E-1,-4.207418859E-1
4.966135521E1,7.081877589E-1,-7.038292289E-1,-6.069319844E-1
4.967137821E1,7.434368730E-1,-7.385549545E-1,-7.605300546E-1
4.968140121E1,6.761121154E-1,-8.380476832E-1,-8.173596263E-1
4.969142521E1,5.864022374E-1,-1.162389278E0,-7.155901194E-1
4.970144821E1,5.514575243E-1,-1.484154582E0,-4.713847637E-1
4.971147121E1,5.124778748E-1,-1.602064729E0,-2.286317796E-1
4.972149421E1,5.681930184E-1,-1.342026353E0,-1.365933120E-1
4.973151721E1,5.479295254E-1,-9.754808545E-1,-2.275620997E-1
4.974154021E1,5.601111650E-1,-5.397356153E-1,-3.659936786E-1
4.975156421E1,7.038528919E-1,-1.031598821E-1,-4.056009948E-1
4.976158721E1,6.288526654E-1,1.229432151E-1,-3.929051161E-1
4.977161021E1,4.733522534E-1,1.204802655E-3,-3.639179468E-1
4.978163321E1,4.496648908E-1,-3.518741429E-1,-2.655306458E-1
4.979165621E1,5.226748586E-1,-4.558993280E-1,-1.273951530E-1
4.980167921E1,7.398951650E-1,-2.505771518E-1,-7.635976654E-4
4.981170321E1,9.187166095E-1,-1.054616645E-2,5.158003420E-2
4.982172621E1,9.566324353E-1,-2.696651034E-2,-2.228292823E-2
4.983174921E1,9.057140946E-1,-3.271284699E-1,-1.338627189E-1
4.984177221E1,8.870291114E-1,-5.033577681E-1,-2.202735692E-1
4.985179521E1,8.742374182E-1,-5.915709734E-1,-2.575128376E-1
4.986181921E1,8.600652218E-1,-4.873260856E-1,-2.151408494E-1
4.987184221E1,9.340147972E-1,-3.780352771E-1,-1.423358768E-1
4.988186433E1,1.150518060E0,-5.071978569E-1,-1.203122213E-1
4.989188733E1,1.260314226E0,-5.768302083E-1,-2.205405682E-1
4.990191033E1,1.274253607E0,-6.586486697E-1,-3.955446184E-1
4.991193333E1,1.140193343E0,-1.041109204E0,-5.383086801E-1
4.992195733E1,8.040503263E-1,-1.501708150E0,-5.253096223E-1
4.993198033E1,7.795655131E-1,-1.630188823E0,-2.859386206E-1
4.994200333E1,9.360706806E-1,-7.236779332E-1,5.698978901E-2
4.995202633E1,1.028511167E0,4.796639383E-1,2.406586856E-1
4.996204933E1,1.059405565E0,7.031229734E-1,2.016253620E-1
4.997207233E1,8.616859317E-1,1.961785555E-1,4.408472776E-2
4.998209633E1,5.779977441E-1,-3.042877316E-1,-5.696652085E-2
4.999211933E1,5.354865193E-1,-2.683790028E-1,-7.415323704E-2
5.000214233E1,5.055326819E-1,8.292087168E-2,-6.787817180E-2
5.001216533E1,4.950901866E-1,4.217340946E-1,-3.356227279E-2
5.002218833E1,6.302934885E-1,7.120612860E-1,6.448513269E-2
5.003221133E1,7.200872898E-1,9.675831199E-1,9.205017984E-2
5.004223533E1,6.819932461E-1,8.223492503E-1,-4.381313920E-5
5.005225833E1,7.146441340E-1,3.181290030E-1,-1.168553829E-1
5.006228133E1,6.269308329E-1,-6.363662332E-2,-1.854132712E-1
5.007230433E1,5.190341473E-1,-3.304004073E-1,-1.874553859E-1
5.008232733E1,6.628090739E-1,-5.080942512E-1,-1.760882586E-1
5.009235033E1,6.927472949E-1,-4.229567349E-1,-2.033736706E-1
5.010237433E1,6.648981571E-1,-2.265898436E-1,-2.144691497E-1
5.011239733E1,5.966740847E-1,-9.295482934E-2,-1.284099072E-1
5.012242033E1,4.219512939E-1,-6.688719243E-2,5.216215178E-2
5.013244333E1,3.084212840E-1,2.291006967E-2,2.439968288E-1
5.014246633E1,3.037880659E-1,3.812292516E-1,3.914223611E-1
5.015248933E1,4.300059080E-1,8.074868321E-1,4.204905033E-1
5.016251333E1,5.316700339E-1,1.139001489E0,3.517854512E-1
5.017253633E1,6.297681332E-1,1.141398787E0,2.768595219E-1
5.018255933E1,7.023379207E-1,8.156161904E-1,2.434502989E-1
5.019258233E1,5.887501240E-1,3.881019056E-1,2.522683144E-1
5.020260533E1,5.441755056E-1,-2.103957385E-1,3.321584761E-1
5.021262833E1,5.447006822E-1,-6.525475979E-1,3.832903504E-1
5.022265233E1,5.338108540E-1,-8.059856296E-1,3.602479696E-1
5.023267533E1,6.598976851E-1,-7.407480478E-1,3.495745659E-1
5.024269833E1,7.189741731E-1,-3.318905234E-1,4.056569934E-1
5.025272133E1,6.144325733E-1,9.044715762E-2,5.382041335E-1
5.026274433E1,7.029452920E-1,2.928468585E-1,6.560340524E-1
5.027276733E1,6.793438196E-1,5.447299480E-1,6.759981513E-1
5.028279133E1,5.169577599E-1,7.255246639E-1,6.152206659E-1
5.029281433E1,5.482434630E-1,8.284475803E-1,5.826963186E-1
5.030283733E1,4.942148924E-1,1.091169119E0,6.146978140E-1
5.031286033E1,5.685857534E-1,1.230457783E0,6.805700064E-1
5.032288333E1,7.568489909E-1,1.656385303E0,6.983860731E-1
5.033290633E1,7.428934574E-1,2.144801378E0,6.504627466E-1
5.034293033E1,8.308848143E-1,2.011902332E0,6.465445757E-1
5.035295333E1,9.460580349E-1,1.602740407E0,7.431515455E-1
5.036297633E1,7.439596057E-1,1.254206419E0,8.922626376E-1
5.037299933E1,4.981360137E-1,8.153241277E-1,1.075676084E0
5.038302233E1,4.203520119E-1,4.606179595E-1,1.241371393E0
5.039304533E1,5.807920098E-1,1.981945932E-1,1.379732370E0
5.040306933E1,8.769633174E-1,2.133686543E-1,1.344972372E0
5.041309233E1,9.841393232E-1,9.078227878E-1,1.078074694E0
5.042311533E1,8.515302539E-1,1.423127294E0,7.841827273E-1
5.043313833E1,7.930760384E-1,1.357254744E0,7.334463596E-1
5.044316133E1,7.133948207E-1,1.122798681E0,9.444985986E-1
5.045318433E1,6.965572834E-1,6.312164068E-1,1.275380731E0
5.046320833E1,7.128114104E-1,2.855029702E-1,1.478076100E0
5.047323133E1,7.340253592E-1,4.813909531E-1,1.527071834E0
5.048325433E1,7.843656540E-1,7.014262676E-1,1.501586318E0
5.049327733E1,7.984116673E-1,8.400286436E-1,1.376581192E0
5.050330033E1,6.979061961E-1,9.890506268E-1,1.272701383E0
5.051332333E1,5.701061487E-1,1.028126359E0,1.287863493E0
5.052334733E1,4.879816771E-1,1.261034846E0,1.451013446E0
5.053337033E1,5.511489511E-1,1.688384891E0,1.710842609E0
5.054339333E1,6.885358691E-1,2.301849365E0,1.831564903E0
5.055341633E1,7.816964388E-1,3.042217731E0,1.786446095E0
5.056343933E1,8.116100430E-1,3.419188976E0,1.673406601E0
5.057346233E1,8.681665063E-1,3.454946995E0,1.568857789E0
5.058348633E1,8.250811100E-1,3.476690054E0,1.464619637E0
5.059350933E1,7.500175238E-1,3.475944042E0,1.403434515E0
5.060353233E1,7.947459817E-1,3.530966282E0,1.341984034E0
5.061355533E1,8.281127214E-1,3.557519436E0,1.185645819E0
5.062357833E1,9.795584679E-1,3.437193871E0,1.031346560E0
5.063360133E1,9.379404187E-1,2.928434610E0,7.615611553E-1
5.064362533E1,7.089514732E-1,1.960762978E0,4.472771883E-1
5.065364833E1,4.280591011E-1,1.077459931E0,2.635640800E-1
5.066367133E1,1.999254525E-1,6.598496437E-1,3.462263942E-1
5.067369433E1,1.508340687E-1,5.413700938E-1,6.125528812E-1
5.068371733E1,1.138554290E-1,3.805289268E-1,7.860587835E-1
5.069374033E1,2.980020083E-2,3.056650758E-1,7.842912078E-1
5.070376433E1,-1.824685335E-1,3.284149468E-1,7.431892753E-1
5.071378733E1,-4.007571936E-1,4.322627783E-1,7.963907123E-1
5.072381033E1,-4.961330295E-1,5.850139856E-1,9.594144821E-1
5.073383333E1,-4.667666554E-1,7.999614477E-1,1.135991335E0
5.074385633E1,-3.548541069E-1,1.013295650E0,1.177557468E0
5.075387933E1,-2.271576673E-1,1.081157207E0,1.020642400E0
5.076390333E1,-2.896256745E-2,1.149378300E0,7.889289856E-1
5.077392633E1,1.133708805E-1,1.236932635E0,5.443623662E-1
5.078394933E1,7.848303020E-2,1.221393943E0,2.788851857E-1
5.079397233E1,-1.192703284E-2,1.168327808E0,9.123989940E-2
5.080399533E1,-8.522903919E-2,1.141557455E0,8.465263247E-2
5.081401833E1,-1.370395124E-1,1.223060846E0,2.128505558E-1
5.082404233E1,-8.297532797E-2,1.514829993E0,3.052467704E-1
5.083406533E1,-8.061399683E-3,1.920727968E0,2.713615000E-1
5.084408833E1,1.381914690E-2,2.294436216E0,1.500649452E-1
5.085411133E1,3.247885406E-2,2.466061592E0,6.193240732E-2
5.086413433E1,3.630172834E-2,2.336023569E0,7.447692007E-2
5.087415733E1,-1.105167158E-2,1.857978106E0,1.303686798E-1
5.088418125E1,-1.613668650E-1,1.181934118E0,2.065050006E-1
5.089420525E1,-3.348308206E-1,6.113185287E-1,3.352736235E-1
5.090422825E1,-4.530072212E-1,2.841798961E-1,5.159994960E-1
5.091425125E1,-4.925309420E-1,2.662384510E-1,6.550716162E-1
5.092427425E1,-4.216129184E-1,5.063341856E-1,6.715777516E-1
5.093429725E1,-3.131316900E-1,7.933004498E-1,5.578461289E-1
5.094432025E1,-2.148872763E-1,1.030631900E0,4.247659743E-1
5.095434425E1,-1.684590578E-1,1.109521389E0,3.677213192E-1
5.096436725E1,-1.905336529E-1,9.338292480E-1,3.824629784E-1
5.097439025E1,-2.803308964E-1,5.686368942E-1,4.783221185E-1
5.098441325E1,-3.994834423E-1,2.022204399E-1,6.489123106E-1
5.099443625E1,-4.901291728E-1,-3.248766810E-2,8.050614595E-1
5.100445925E1,-5.037220120E-1,-2.957533672E-2,8.667497039E-1
5.101448325E1,-4.045693874E-1,1.746398509E-1,8.166133165E-1
5.102450625E1,-2.816511691E-1,3.848339319E-1,6.912920475E-1
5.103452925E1,-2.242933214E-1,4.813508689E-1,5.666918159E-1
5.104455225E1,-2.164382935E-1,5.709930062E-1,5.241864920E-1
5.105457525E1,-2.208199799E-1,6.641791463E-1,5.537542105E-1
5.106459825E1,-2.459207028E-1,6.729966998E-1,5.750919580E-1
5.107462225E1,-2.693701088E-1,6.121311784E-1,5.672412515E-1
5.108464525E1,-2.856082022E-1,5.253997445E-1,5.509339571E-1
5.109466825E1,-2.956304848E-1,4.708726108E-1,5.345960259E-1
5.110469125E1,-2.817726135E-1,5.143350959E-1,5.228058100E-1
5.111471425E1,-2.402310371E-1,6.734755039E-1,4.899269938E-1
5.112473725E1,-1.593938470E-1,8.905509114E-1,4.198676944E-1
5.113476125E1,-8.251345903E-2,1.096001267E0,3.179716766E-1
5.114478425E1,-3.873050958E-2,1.228180408E0,2.203384489E-1
5.115480725E1,-2.779636905E-2,1.253449321E0,1.655170172E-1
5.116483025E1,-4.396032915E-2,1.193606257E0,1.437520534E-1
5.117485325E1,-5.930386111E-2,1.073127866E0,1.433158368E-1
5.118487625E1,-6.233900040E-2,9.484944344E-1,1.469985694E-1
5.119489925E1,-6.189079583E-2,8.154975176E-1,1.346875876E-1
5.120492325E1,-5.138815567E-2,6.821182370E-1,1.018896177E-1
5.121494625E1,-4.334168136E-2,5.816693902E-1,7.497011870E-2
5.122496925E1,-3.316595405E-2,5.383228660E-1,5.436207354E-2
5.123499225E1,-3.642193228E-2,5.992655754E-1,3.055181727E-2
5.124501525E1,-3.302645311E-2,6.888530850E-1,6.689495873E-3
5.125503825E1,-2.863436565E-2,7.176885009E-1,-1.061252877E-2
5.126506225E1,-3.850179538E-2,6.930328012E-1,-3.713896498E-2
5.127508525E1,-2.507307008E-2,6.217135787E-1,-4.869868234E-2
5.128510825E1,-2.791366540E-2,4.676324725E-1,-4.512169212E-2
5.129513125E1,-4.035755619E-2,3.240422904E-1,-5.022617429E-2
5.130515425E1,-6.671147048E-2,2.206373662E-1,-6.079706922E-2
5.131517725E1,-9.884011000E-2,1.286475211E-1,-7.805941254E-2
5.132520125E1,-1.285833567E-1,3.976718336E-2,-8.422803879E-2
5.133522425E1,-1.527587324E-1,-3.554514796E-2,-6.334406137E-2
5.134524725E1,-1.629717797E-1,-7.339075953E-2,-3.276166320E-2
5.135527025E1,-1.517915577E-1,-9.760314971E-2,-1.311579067E-2
5.136529325E1,-1.343152821E-1,-1.475721151E-1,-1.527466578E-3
5.137531625E1,-1.356394142E-1,-2.196601480E-1,-8.568864316E-3
5.138534025E1,-1.535940766E-1,-2.444743812E-1,-2.059132978E-2
5.139536325E1,-1.726604402E-1,-1.840352714E-1,-4.032375664E-2
5.140538625E1,-1.597877592E-1,-8.287156373E-2,-7.388226688E-2
5.141540925E1,-1.388670355E-1,-4.814872891E-2,-9.758599848E-2
5.142543225E1,-1.106016263E-1,-8.042771369E-2,-9.800482541E-2
5.143545525E1,-8.525818586E-2,-1.025521979E-1,-9.818672389E-2
5.144547925E1,-5.766938627E-2,-9.666300565E-2,-1.126190051E-1
5.145550225E1,-3.592654318E-2,-1.058450565E-1,-1.494430602E-1
5.146552525E1,-4.362564534E-2,-1.454297155E-1,-2.198186964E-1
5.147554825E1,-6.432186812E-2,-1.497557610E-1,-2.584837973E-1
5.148557125E1,-6.582802534E-2,-1.268908232E-1,-2.388519049E-1
5.149559425E1,-3.548983485E-2,-3.895005211E-2,-2.575427592E-1
5.150561825E1,-4.701792821E-2,7.858834416E-2,-3.360472322E-1
5.151564125E1,-5.478717014E-2,2.567346692E-1,-3.961853981E-1
5.152566425E1,5.541057792E-3,5.014634728E-1,-4.173988104E-1
5.153568725E1,5.205955729E-2,7.277373075E-1,-4.568769932E-1
5.154571025E1,1.792580932E-1,9.240242243E-1,-5.166018605E-1
5.155573325E1,3.486500382E-1,9.740016460E-1,-6.281523705E-1
5.156575625E1,4.498291314E-1,9.189499021E-1,-7.452245951E-1
5.157578025E1,3.938039243E-1,7.387462854E-1,-7.150158286E-1
5.158580325E1,2.880672216E-1,4.415045381E-1,-5.577341318E-1
5.159582625E1,2.294864655E-1,-3.986664116E-3,-3.682750165E-1
5.160584925E1,4.878602549E-2,-5.671626925E-1,-2.130761445E-1
5.161587225E1,-1.890550256E-1,-1.051161766E0,-1.355613768E-1
5.162589525E1,-3.914276361E-1,-1.348245382E0,-1.405003369E-1
5.163591925E1,-5.231094956E-1,-1.496721625E0,-2.079494298E-1
5.164594225E1,-4.873177409E-1,-1.389660358E0,-3.099964261E-1
5.165596525E1,-4.055008888E-1,-1.051205039E0,-4.397554994E-1
5.166598825E1,-4.994112253E-1,-6.740542650E-1,-5.955323577E-1
5.167601125E1,-5.578039885E-1,-2.962696850E-1,-7.462643385E-1
5.168603425E1,-4.750158787E-1,9.869681299E-2,-8.203108907E-1
5.169605825E1,-3.736791313E-1,5.295536518E-1,-8.627749681E-1
5.170608125E1,-2.654006779E-1,9.763531089E-1,-9.219113588E-1
5.171610425E1,-2.011082172E-1,1.347744823E0,-9.983198047E-1
5.172612725E1,-2.150442004E-1,1.687011123E0,-1.081904888E0
5.173615025E1,-3.151854277E-1,1.976743579E0,-1.147339582E0
5.174617325E1,-4.909412265E-1,2.119518280E0,-1.163582683E0
5.175619725E1,-6.893166304E-1,2.048335552E0,-1.139860272E0
5.176622025E1,-8.298646212E-1,1.815638781E0,-1.094161510E0
5.177624325E1,-8.818079829E-1,1.565747380E0,-1.066140294E0
5.178626625E1,-8.667244911E-1,1.351159215E0,-1.098438144E0
5.179628925E1,-7.676556706E-1,1.187288523E0,-1.183946133E0
5.180631225E1,-6.715292335E-1,1.047281146E0,-1.283375978E0
5.181633525E1,-6.440230608E-1,9.564279914E-1,-1.359001756E0
5.182635925E1,-5.686300397E-1,9.564592838E-1,-1.375689983E0
5.183638225E1,-3.713350594E-1,1.043377995E0,-1.363394260E0
5.184640525E1,-1.670431346E-1,1.231817007E0,-1.396116614E0
5.185642825E1,-5.096686631E-2,1.542246699E0,-1.489897490E0
5.186645125E1,-4.280018434E-2,1.902002335E0,-1.617211461E0
5.187647425E1,-1.560678929E-1,2.227377892E0,-1.723429561E0
5.188649746E1,-3.225219548E-1,2.447927475E0,-1.731724143E0
5.189652046E1,-3.583664894E-1,2.572486162E0,-1.615386248E0
5.190654346E1,-3.735093474E-1,2.643159389E0,-1.397875309E0
5.191656646E1,-4.744159877E-1,2.689928770E0,-1.104595780E0
5.192658946E1,-6.072020531E-1,2.655071974E0,-7.943760157E-1
5.193661246E1,-6.966512203E-1,2.477968216E0,-5.299193263E-1
5.194663646E1,-8.664224744E-1,2.240836859E0,-3.975714445E-1
5.195665946E1,-1.098312616E0,2.004274845E0,-4.107628763E-1
5.196668246E1,-1.289853334E0,1.773522973E0,-5.371716619E-1
5.197670546E1,-1.553126216E0,1.533801079E0,-6.853592992E-1
5.198672846E1,-1.833676100E0,1.265394568E0,-7.394886613E-1
5.199675146E1,-1.979000330E0,9.661296010E-1,-6.895735860E-1
5.200677546E1,-2.137815714E0,7.252655625E-1,-6.374874711E-1
5.201679846E1,-2.274570465E0,5.670218468E-1,-6.316048503E-1
5.202682146E1,-2.319086790E0,4.981134236E-1,-6.859444976E-1
5.203684446E1,-2.367404461E0,5.301036239E-1,-8.239375353E-1
5.204686746E1,-2.562593460E0,7.140038013E-1,-9.570316076E-1
5.205689046E1,-2.698084116E0,1.069552064E0,-1.117804527E0
5.206691346E1,-2.703519106E0,1.487003446E0,-1.387030482E0
5.207693746E1,-2.651769638E0,1.861270785E0,-1.668485045E0
5.208696046E1,-2.494582415E0,2.014985561E0,-1.941652894E0
5.209698346E1,-2.284564972E0,1.963171840E0,-2.216131449E0
5.210700646E1,-2.068269253E0,1.910006166E0,-2.421269178E0
5.211702946E1,-1.802960157E0,1.859546661E0,-2.456428528E0
5.212705246E1,-1.517024517E0,1.755562901E0,-2.440577269E0
5.213707646E1,-1.317565680E0,1.593946099E0,-2.563441753E0
5.214709946E1,-1.145588160E0,1.435053468E0,-2.774754286E0
5.215712246E1,-8.633916974E-1,1.194801927E0,-3.002747774E0
5.216714546E1,-5.916660428E-1,8.542725444E-1,-3.289550304E0
5.217716846E1,-3.057557940E-1,4.298184514E-1,-3.612297058E0
5.218719146E1,-5.699769780E-2,-1.817623228E-1,-3.984555006E0
5.219721546E1,1.074157506E-1,-1.159576297E0,-4.389373779E0
5.220723846E1,6.104082465E-1,-2.356531143E0,-5.186783314E0
5.221726146E1,1.449242592E0,-3.185647011E0,-6.741817474E0
5.222728446E1,2.248558044E0,-3.432670116E0,-8.380866051E0
5.223730746E1,2.451603889E0,-2.709347725E0,-9.906991959E0
5.224733046E1,2.445157528E0,-2.100015402E0,-1.102596760E1
5.225735446E1,2.849996805E0,-1.910883546E0,-1.087710094E1
5.226737746E1,3.236341238E0,-1.026365042E0,-1.008866310E1
5.227740046E1,3.842311382E0,-5.677834153E-1,-1.130373669E1
5.228742346E1,4.536846638E0,-1.943896413E-1,-1.262052345E1
5.229744646E1,4.684710503E0,-5.812390447E-1,-1.195269012E1
5.230746946E1,4.258777142E0,-8.123506308E-1,-9.842749596E0
5.231749346E1,4.150582314E0,-1.051110983E0,-7.707468987E0
5.232751646E1,3.987412453E0,-2.263995409E0,-6.522374153E0
5.233753946E1,3.659234762E0,-3.289526701E0,-4.984700203E0
5.234756246E1,3.300792456E0,-2.982887268E0,-3.062321186E0
5.235758546E1,3.113316774E0,-1.605464578E0,-1.693914533E0
5.236760846E1,3.265802622E0,4.316138104E-2,-6.292266846E-1
5.237763246E1,3.639687538E0,1.521189094E0,3.180850446E-1
5.238765546E1,3.965522766E0,2.613777876E0,1.113157392E0
5.239767846E1,4.003297329E0,3.361408949E0,2.043664694E0
5.240770146E1,3.806645393E0,3.750440836E0,3.159767628E0
5.241772446E1,3.617924452E0,4.042863846E0,4.111827850E0
5.242774746E1,3.520345449E0,4.408897877E0,4.704228878E0
5.243777046E1,3.515947819E0,4.912461281E0,4.974743366E0
5.244779446E1,3.558537960E0,5.443075657E0,4.960498810E0
5.245781746E1,3.505334139E0,5.789800644E0,4.654876709E0
5.246784046E1,3.237603903E0,6.009435177E0,4.093328953E0
5.247786346E1,2.626817465E0,5.953279495E0,3.376634121E0
5.248788646E1,1.695720315E0,5.415763378E0,2.705296755E0
5.249790946E1,6.369186044E-1,4.489671707E0,2.243366957E0
5.250793346E1,-1.665794253E-1,3.478170633E0,1.996880054E0
5.251795646E1,-6.194100380E-1,2.521432400E0,1.852910042E0
5.252797946E1,-7.314445972E-1,1.857828736E0,1.698052049E0
5.253800246E1,-5.029677749E-1,1.438633084E0,1.495152473E0
5.254802546E1,-1.746178418E-1,1.080280662E0,1.181139708E0
5.255804846E1,-1.069056392E-1,8.057728410E-1,7.548801303E-1
5.256807246E1,-2.230363935E-1,6.401439905E-1,2.741048634E-1
5.257809546E1,-3.501293659E-1,4.337729812E-1,-2.361360043E-1
5.258811846E1,-3.991211653E-1,2.404948175E-1,-8.377541900E-1
5.259814146E1,-4.485086799E-1,1.129991785E-1,-1.453219175E0
5.260816446E1,-4.851948917E-1,-4.818042368E-2,-1.849354744E0
5.261818746E1,-4.891206622E-1,-2.187388390E-1,-1.882090807E0
5.262821146E1,-4.059367776E-1,-3.460588455E-1,-1.601963997E0
5.263823446E1,-2.805306613E-1,-4.052633047E-1,-1.175699472E0
5.264825746E1,-1.547298431E-1,-3.634088039E-1,-8.090487719E-1
5.265828046E1,-2.128523402E-2,-1.606210768E-1,-6.424942017E-1
5.266830346E1,8.371745050E-2,1.806715727E-1,-7.313714027E-1
5.267832646E1,1.545074731E-1,5.755685568E-1,-1.037951350E0
5.268835046E1,2.124857157E-1,8.984521031E-1,-1.494932652E0
5.269837346E1,2.652581036E-1,1.082171559E0,-2.001054049E0
5.270839646E1,3.231377900E-1,1.119955778E0,-2.443350554E0
5.271841946E1,4.289675355E-1,1.045466065E0,-2.760354996E0
5.272844246E1,5.218394399E-1,8.704228401E-1,-2.951040745E0
5.273846546E1,4.359561801E-1,5.511444211E-1,-3.005884171E0
5.274848846E1,3.134743571E-1,1.142196804E-1,-2.926227093E0
5.275851246E1,2.508005798E-1,-3.876226842E-1,-2.775180101E0
5.276853546E1,2.138336599E-1,-8.847579360E-1,-2.631627560E0
5.277855846E1,1.453936100E-1,-1.397867560E0,-2.557261944E0
5.278858146E1,5.454656109E-2,-1.987114549E0,-2.582957268E0
5.279860446E1,-3.650984541E-2,-2.638128042E0,-2.706594706E0
5.280862746E1,-1.943274438E-1,-3.297908068E0,-2.878119230E0
5.281865146E1,-5.632034540E-1,-3.914766788E0,-2.986400604E0
5.282867446E1,-9.670888782E-1,-4.414120674E0,-2.912923574E0
5.283869746E1,-1.276029944E0,-4.712615967E0,-2.653642416E0
5.284872046E1,-1.578406930E0,-4.697697163E0,-2.279146433E0
5.285874346E1,-1.812631726E0,-4.417013168E0,-1.927742600E0
5.286876646E1,-1.916793466E0,-3.987590313E0,-1.697841048E0
5.287879046E1,-1.859391928E0,-3.501033545E0,-1.629386067E0
5.288881383E1,-1.672877789E0,-2.948879004E0,-1.722220063E0
5.289883683E1,-1.497389078E0,-2.322562695E0,-1.908619523E0
5.290885983E1,-1.426178098E0,-1.755609274E0,-2.080685377E0
5.291888283E1,-1.318230391E0,-1.369515419E0,-2.157025576E0
5.292890583E1,-1.234730840E0,-1.133071899E0,-2.090561152E0
5.293892983E1,-1.168003678E0,-1.074887991E0,-1.891951919E0
5.294895283E1,-1.107900977E0,-1.153122187E0,-1.611477494E0
5.295897583E1,-1.068995357E0,-1.328869224E0,-1.303362012E0
5.296899883E1,-1.054556251E0,-1.494243741E0,-1.021128178E0
5.297902183E1,-1.061779499E0,-1.554074049E0,-8.257778287E-1
5.298904483E1,-1.076532841E0,-1.499145746E0,-7.126404643E-1
5.299906783E1,-1.173101783E0,-1.401931047E0,-6.303522587E-1
5.300909183E1,-1.211880803E0,-1.374523520E0,-5.031692386E-1
5.301911483E1,-1.134762526E0,-1.366250396E0,-3.189080358E-1
5.302913783E1,-1.052698970E0,-1.302784204E0,-1.035920605E-1
5.303916083E1,-9.797499180E-1,-1.175139070E0,1.013296619E-1
5.304918383E1,-9.216850400E-1,-9.491519928E-1,2.450010777E-1
5.305920683E1,-8.368372321E-1,-6.156752110E-1,2.867476940E-1
5.306923083E1,-7.884210348E-1,-2.816125453E-1,1.886368096E-1
5.307925383E1,-7.775691748E-1,-1.811541021E-1,-4.042088240E-2
5.308927683E1,-8.412825465E-1,-3.582716584E-1,-3.113196194E-1
5.309929983E1,-9.707052112E-1,-7.300878167E-1,-5.254430771E-1
5.310932283E1,-1.114173889E0,-1.248745084E0,-6.268143654E-1
5.311934583E1,-1.228102326E0,-1.835652232E0,-5.943461657E-1
5.312936983E1,-1.294452310E0,-2.328496456E0,-4.733797014E-1
5.313939283E1,-1.315737128E0,-2.639942884E0,-3.082413673E-1
5.314941583E1,-1.310386539E0,-2.750915527E0,-1.210310906E-1
5.315943883E1,-1.258777976E0,-2.661453247E0,4.761943966E-2
5.316946183E1,-1.170063257E0,-2.365081072E0,1.516893655E-1
5.317948483E1,-1.074602008E0,-1.952599764E0,1.879847795E-1
5.318950783E1,-9.858806729E-1,-1.540033817E0,1.932559758E-1
5.319953183E1,-9.008768201E-1,-1.212426662E0,1.982576698E-1
5.320955483E1,-8.359227777E-1,-9.935469031E-1,2.088031024E-1
5.321957783E1,-7.845845222E-1,-8.745059967E-1,2.002692670E-1
5.322960083E1,-7.399576306E-1,-8.092537522E-1,1.748998910E-1
5.323962383E1,-7.003399134E-1,-7.417937517E-1,1.450597048E-1
5.324964683E1,-6.613547802E-1,-6.356458664E-1,1.174277961E-1
5.325967083E1,-6.196765900E-1,-4.819020927E-1,9.224493802E-2
5.326969383E1,-5.782964826E-1,-2.834753990E-1,5.437187850E-2
5.327971683E1,-5.344115496E-1,-6.309375912E-2,-4.244562238E-3
5.328973983E1,-4.928427637E-1,1.252734363E-1,-8.854686469E-2
5.329976283E1,-4.534495473E-1,2.294203490E-1,-1.854933798E-1
5.330978583E1,-4.175315797E-1,2.552726865E-1,-2.640233040E-1
5.331980883E1,-3.789317310E-1,2.409896255E-1,-3.115577996E-1
5.332983283E1,-3.336029351E-1,1.983456314E-1,-3.259312510E-1
5.333985583E1,-2.842697203E-1,1.461655051E-1,-3.063336015E-1
5.334987883E1,-2.425823659E-1,9.722967446E-2,-2.626683414E-1
5.335990183E1,-1.724607944E-1,5.224382505E-2,-2.195179462E-1
5.336992483E1,-1.045030355E-1,3.016096912E-2,-2.025103271E-1
5.337994783E1,-4.847571626E-2,4.326851666E-2,-2.372190356E-1
5.338997183E1,-1.450295560E-3,7.357804477E-2,-2.973546982E-1
5.339999483E1,4.637155682E-2,1.028054357E-1,-3.346447945E-1
5.341001783E1,7.045572996E-2,1.197313294E-1,-3.253205121E-1
5.342004083E1,7.492984086E-2,1.263806969E-1,-2.868133187E-1
5.343006383E1,7.051175088E-2,1.200019345E-1,-2.441334575E-1
5.344008683E1,7.753930241E-2,1.223058403E-1,-2.197420895E-1
5.345011083E1,1.090976670E-1,1.610476077E-1,-2.040563524E-1
5.346013383E1,1.623105556E-1,2.147510499E-1,-1.921882331E-1
5.347015683E1,2.343290299E-1,2.484401613E-1,-1.907971203E-1
5.348017983E1,3.175650835E-1,2.681291997E-1,-1.959825605E-1
5.349020283E1,3.998864591E-1,2.786115408E-1,-1.865615100E-1
5.350022583E1,4.831744432E-1,3.118888140E-1,-1.531113982E-1
5.351024883E1,5.598744750E-1,1.348893940E-1,3.539045900E-2
5.352027283E1,3.610274196E-1,-6.214680672E-1,-1.345154792E-1
5.353029583E1,4.232093096E-1,2.936949488E-3,-1.412412524E-1
5.354031883E1,5.875508785E-1,7.158135176E-1,-2.310052216E-1
5.355034183E1,6.849677563E-1,1.137401104E0,-2.276067436E-1
5.356036483E1,7.762172818E-1,1.167979836E0,-6.889140606E-2
5.357038783E1,7.328464985E-1,7.612734437E-1,1.947049052E-1
5.358041183E1,6.976086497E-1,6.297058463E-1,4.636423588E-1
5.359043483E1,6.594482064E-1,7.969194651E-1,6.294230819E-1
5.360045783E1,6.470913887E-1,1.091587663E0,6.320950389E-1
5.361048083E1,6.434814334E-1,1.253965974E0,5.811454058E-1
5.362050383E1,6.274327040E-1,1.322452068E0,5.466422439E-1
5.363052683E1,6.257622242E-1,1.393629789E0,5.347856879E-1
5.364054983E1,6.675517559E-1,1.478314877E0,5.210743546E-1
5.365057383E1,7.285610437E-1,1.600649714E0,4.568328857E-1
5.366059683E1,7.732893229E-1,1.640611887E0,3.328973651E-1
5.367061983E1,8.172851801E-1,1.599926829E0,2.640098929E-1
5.368064283E1,8.577444553E-1,1.552662134E0,3.032723367E-1
5.369066583E1,8.682834506E-1,1.491730332E0,3.707697690E-1
5.370068883E1,8.751397729E-1,1.443159103E0,3.887274563E-1
5.371071283E1,9.000015855E-1,1.456290126E0,3.553621769E-1
5.372073583E1,9.352096319E-1,1.494338393E0,3.103449047E-1
5.373075883E1,9.676895738E-1,1.511925459E0,2.729580104E-1
5.374078183E1,9.980040789E-1,1.492324114E0,2.323586643E-1
5.375080483E1,1.005169153E0,1.436901212E0,1.882337183E-1
5.376082783E1,9.488259554E-1,1.389478326E0,1.974876672E-1
5.377085083E1,8.610097170E-1,1.300689936E0,3.170326352E-1
5.378087483E1,7.699647546E-1,1.164358616E0,4.224360287E-1
5.379089783E1,7.005596161E-1,1.060536742E0,4.726490378E-1
5.380092083E1,6.370242834E-1,9.318658710E-1,5.247007608E-1
5.381094383E1,5.728719831E-1,7.798911333E-1,5.858063698E-1
5.382096683E1,5.253556371E-1,6.191152930E-1,5.856556296E-1
5.383098983E1,4.996213615E-1,4.816999137E-1,5.033060908E-1
5.384101383E1,4.862006307E-1,3.958997726E-1,3.532321453E-1
5.385103683E1,4.592537582E-1,3.553066850E-1,2.017245889E-1
5.386105983E1,4.257589281E-1,3.145579398E-1,8.149484545E-2
5.387108283E1,3.677972853E-1,2.872917354E-1,3.095366526E-3
5.388110596E1,3.088689744E-1,2.477837354E-1,-1.010192838E-2
5.389112896E1,2.775534689E-1,1.975673884E-1,-1.167265140E-2
5.390115296E1,2.704012990E-1,1.304053962E-1,-5.602094159E-2
5.391117596E1,2.696207762E-1,8.514413238E-2,-1.315518469E-1
5.392119896E1,2.604834735E-1,5.838069692E-2,-1.863197535E-1
5.393122196E1,2.498596758E-1,4.786648601E-2,-1.988836825E-1
5.394124496E1,2.216203064E-1,2.793538943E-2,-2.092284709E-1
5.395126796E1,2.027919143E-1,2.200762741E-2,-1.973608285E-1
5.396129096E1,1.811630428E-1,3.799671680E-2,-1.665760130E-1
5.397131496E1,1.610317975E-1,9.248854965E-2,-1.423218697E-1
5.398133796E1,1.534159631E-1,1.517944932E-1,-1.681651920E-1
5.399136096E1,1.567588001E-1,1.769053042E-1,-1.924270988E-1
5.400138396E1,1.554700881E-1,2.003909200E-1,-2.140146792E-1
5.401140696E1,1.546492577E-1,2.350634634E-1,-2.317156047E-1
5.402142996E1,1.600442827E-1,2.976064682E-1,-2.472013533E-1
5.403145396E1,1.562772840E-1,3.850989044E-1,-2.736637890E-1
5.404147696E1,1.590736061E-1,4.828782082E-1,-3.106673360E-1
5.405149996E1,1.752346605E-1,5.648628473E-1,-3.703099191E-1
5.406152296E1,1.965788305E-1,6.159340143E-1,-4.246954024E-1
5.407154596E1,1.947783381E-1,6.520480514E-1,-4.338920116E-1
5.408156896E1,1.855161339E-1,6.814432144E-1,-4.064233899E-1
5.409159196E1,1.736449897E-1,7.032089829E-1,-3.600442111E-1
5.410161596E1,1.574356556E-1,7.220029235E-1,-3.075304031E-1
5.411163896E1,1.343380660E-1,7.299137712E-1,-2.647493184E-1
5.412166196E1,1.275848150E-1,7.256956100E-1,-2.401590198E-1
5.413168496E1,1.258309782E-1,7.078595161E-1,-2.515155673E-1
5.414170796E1,1.415769160E-1,6.820396185E-1,-2.814513743E-1
5.415173096E1,1.431866735E-1,6.392118335E-1,-3.066685498E-1
5.416175496E1,1.318860948E-1,5.899186134E-1,-3.264105618E-1
5.417177796E1,1.005753577E-1,5.527604222E-1,-3.389145136E-1
5.418180096E1,6.029238179E-2,5.073493123E-1,-3.243603408E-1
5.419182396E1,3.963356465E-2,3.908534348E-1,-2.809338272E-1
5.420184696E1,4.416493326E-2,2.071259320E-1,-2.423954904E-1
5.421186996E1,3.051480278E-2,4.138381779E-2,-2.086953074E-1
5.422189296E1,1.799128763E-2,-6.220302731E-2,-1.761522740E-1
5.423191696E1,2.797726914E-2,-1.218370199E-1,-1.803841591E-1
5.424193996E1,5.425361544E-2,-1.565182954E-1,-2.207438350E-1
5.425196296E1,8.063215017E-2,-1.432767510E-1,-2.781989574E-1
5.426198596E1,1.040032506E-1,-9.326151758E-2,-3.484105170E-1
5.427200896E1,1.167120785E-1,-3.204197809E-2,-4.104092717E-1
5.428203196E1,1.214578301E-1,9.306527674E-3,-4.527942538E-1
5.429205596E1,1.179265976E-1,2.460169233E-2,-4.856428206E-1