"Time (s)","X (rad/s)","Y (rad/s)","Z (rad/s)"
1.130674989E-2,3.217153996E-2,-9.626766294E-2,-2.134072632E-1
2.132974984E-2,8.989137411E-2,-2.281563282E-1,-2.165674865E-1
3.135274979E-2,1.154404059E-1,-3.633320034E-1,-2.006649524E-1
4.137574998E-2,8.917163312E-2,-4.642432630E-1,-1.425766945E-1
5.139974994E-2,4.959440231E-2,-5.432837605E-1,-5.105131492E-2
6.142274989E-2,2.333273180E-2,-6.078189611E-1,3.740977496E-2
7.144574984E-2,3.784243017E-2,-6.449927092E-1,1.077036485E-1
8.146874979E-2,7.827910036E-2,-6.538111567E-1,1.385326087E-1
9.149174998E-2,1.178219840E-1,-6.290627122E-1,1.083070487E-1
1.015147499E-1,1.299130023E-1,-5.803455114E-1,3.975689411E-2
1.115377499E-1,1.043448001E-1,-4.713867903E-1,-1.334733702E-2
1.215607498E-1,7.125061750E-2,-3.520472050E-1,-2.467369661E-2
1.315837500E-1,4.454097897E-2,-2.416333556E-1,-1.817984506E-2
1.416067500E-1,3.942085057E-2,-1.645995528E-1,-9.831313044E-3
1.516297499E-1,3.929381818E-2,-9.981922060E-2,2.665943466E-4
1.616527499E-1,5.398982018E-2,-5.660585687E-2,1.115580462E-2
1.716757498E-1,6.758578867E-2,-2.782667428E-2,3.923192155E-3
1.816987500E-1,6.632096320E-2,-1.904299296E-2,-2.686901763E-2
1.917217500E-1,4.562154040E-2,-3.012280725E-2,-7.928775251E-2
2.017447499E-1,2.854584530E-2,-3.966311738E-2,-1.201521680E-1
2.117687499E-1,3.296536207E-2,-5.726421624E-2,-1.223319694E-1
2.217917498E-1,5.340440199E-2,-6.610257924E-2,-1.033458784E-1
2.318147500E-1,6.013048068E-2,-6.329613924E-2,-1.119859740E-1
2.418377500E-1,4.553001374E-2,-5.507399514E-2,-1.427108496E-1
2.518607499E-1,2.331126109E-2,-6.363952160E-2,-1.546524763E-1
2.618837499E-1,-8.635066450E-3,-1.191896498E-1,-1.605130285E-1
2.719067498E-1,-4.430677742E-2,-2.206534147E-1,-1.797548980E-1
2.819297500E-1,-7.556105405E-2,-2.784193754E-1,-1.859370321E-1
2.919527499E-1,-5.097634345E-2,-7.641059905E-2,-1.311917603E-1
3.019757499E-1,-4.911636561E-2,1.640517078E-2,2.067253739E-2
3.119987499E-1,1.460429281E-2,-7.415748388E-2,1.911188364E-1
3.220217498E-1,3.962977976E-2,-1.557971388E-1,2.517890334E-1
3.320447500E-1,-3.296914976E-3,-8.429243565E-1,2.329221517E-1
3.420677499E-1,-3.967738524E-2,-1.516883135E0,1.151899323E-1
3.520907499E-1,-4.396108165E-2,-1.829139590E0,-2.354806755E-3
3.621137498E-1,-3.278250806E-4,-1.749527216E0,-7.652653009E-2
3.721367498E-1,2.772910893E-2,-1.628764510E0,-1.074090749E-1
3.821597500E-1,3.404075652E-2,-1.548979044E0,-1.032665223E-1
3.921837499E-1,3.596782312E-2,-1.510909081E0,-6.988646090E-2
4.022067499E-1,5.493069440E-2,-1.437629700E0,-1.158711873E-2
4.122297498E-1,8.709981292E-2,-1.276111841E0,4.914972931E-2
4.222527498E-1,1.281934083E-1,-1.023083687E0,8.896031231E-2
4.322757500E-1,1.642046720E-1,-7.157274485E-1,8.063926548E-2
4.422987499E-1,1.752757877E-1,-3.701077700E-1,2.298136428E-2
4.523217499E-1,1.618278921E-1,2.277081460E-2,-6.033695862E-2
4.623447498E-1,1.282277107E-1,4.320097566E-1,-1.366507709E-1
4.723677500E-1,8.509328216E-2,7.942289710E-1,-1.850420088E-1
4.823907500E-1,3.326224536E-2,1.040344477E0,-2.014028728E-1
4.924137499E-1,2.300600056E-3,1.152283549E0,-1.713895798E-1
5.024367499E-1,-1.306884177E-2,1.130534172E0,-1.130684093E-1
5.124597498E-1,-5.160238594E-2,9.969010353E-1,-4.838315770E-2
5.224827500E-1,-9.824315459E-2,7.906265855E-1,-3.353563137E-3
5.325057500E-1,-1.075439751E-1,5.580117106E-1,-5.191606469E-4
5.425287499E-1,-9.652975202E-2,2.778745890E-1,-2.627452090E-2
5.525527499E-1,-8.524007350E-2,-1.006846949E-1,-4.774332792E-2
5.625757498E-1,-7.005448639E-2,-5.039356947E-1,-3.613328934E-2
5.725987500E-1,-6.995754689E-2,-8.502984643E-1,7.769452408E-3
5.826217500E-1,-8.280518651E-2,-1.065704346E0,6.649795175E-2
5.926447499E-1,-1.081169248E-1,-1.078323960E0,1.157757565E-1
6.026677499E-1,-1.840849668E-1,-9.313753843E-1,9.482485801E-2
6.126907498E-1,-2.792695463E-1,-7.587721348E-1,-1.307071745E-2
6.227137500E-1,-3.660872281E-1,-6.472634673E-1,-1.631946266E-1
6.327367499E-1,-4.382298589E-1,-5.896875262E-1,-2.709969878E-1
6.427597499E-1,-5.033512115E-1,-5.364600420E-1,-2.889234722E-1
6.527827499E-1,-5.711017847E-1,-4.466521442E-1,-2.305887789E-1
6.628057498E-1,-6.481068134E-1,-2.733276784E-1,-1.225609928E-1
6.728287500E-1,-7.150940895E-1,-3.177921474E-2,-8.623767644E-3
6.828517499E-1,-7.400492430E-1,2.333788425E-1,7.796517760E-2
6.928747499E-1,-7.185623050E-1,4.764586091E-1,1.646033973E-1
7.028977498E-1,-6.754218340E-1,6.654765606E-1,2.676905096E-1
7.129217498E-1,-6.061239839E-1,7.967343926E-1,3.834213912E-1
7.229447500E-1,-5.429234505E-1,8.687141538E-1,5.008893609E-1
7.329677499E-1,-4.616229832E-1,8.266753554E-1,5.981573462E-1
7.429907499E-1,-3.843657970E-1,7.047506571E-1,6.508637071E-1
7.530137498E-1,-3.731376529E-1,5.725529194E-1,6.592078805E-1
7.630367498E-1,-4.050070643E-1,4.500325620E-1,6.243720651E-1
7.730597500E-1,-4.373524785E-1,3.316007257E-1,5.482237339E-1
7.830827499E-1,-3.904283047E-1,2.560845613E-1,4.560777843E-1
7.931057499E-1,-3.409065604E-1,2.598617375E-1,3.837705553E-1
8.031287498E-1,-2.630857825E-1,2.514379919E-1,3.578079343E-1
8.131515000E-1,-1.573678851E-1,2.103738934E-1,3.515553772E-1
8.231744999E-1,3.179488704E-4,1.024218425E-1,3.136247098E-1
8.331974999E-1,1.372281313E-1,-5.347232334E-3,1.833966672E-1
8.432204998E-1,2.402779907E-1,-5.486319587E-2,1.272986829E-2
8.532435000E-1,2.955748141E-1,-5.137498677E-2,-9.131743759E-2
8.632664999E-1,2.718324363E-1,-3.496918082E-2,-7.515612245E-2
8.732894999E-1,2.424945086E-1,-8.996532112E-2,6.087441742E-2
8.833134999E-1,2.198278457E-1,-2.042878121E-1,2.703871131E-1
8.933364998E-1,2.027484626E-1,-3.783831894E-1,4.498652518E-1
9.033595000E-1,2.231976092E-1,-5.734454393E-1,4.629473090E-1
9.133824999E-1,1.887522936E-1,-6.310442686E-1,3.197280765E-1
9.234054999E-1,1.989970207E-1,-4.157393873E-1,1.568553448E-1
9.334284998E-1,2.291570604E-1,3.091930412E-2,5.321790278E-2
9.434514998E-1,2.785032690E-1,4.137016833E-1,4.168228433E-2
9.534745000E-1,2.710080445E-1,4.889157414E-1,6.623876095E-2
9.634974999E-1,2.231263369E-1,2.120588273E-1,7.854089141E-2
9.735204999E-1,2.139046192E-1,-2.095185071E-1,8.197291195E-2
9.835434998E-1,2.728816867E-1,-5.746383071E-1,1.263160855E-1
9.935664998E-1,3.676119149E-1,-8.376976848E-1,2.672878206E-1
1.003589500E0,4.265935421E-1,-9.619206786E-1,4.705469608E-1
1.013612500E0,4.426212311E-1,-9.632205367E-1,6.594676375E-1
1.023635500E0,4.601673186E-1,-7.926412225E-1,7.612962127E-1
1.033658500E0,5.460055470E-1,-4.376713932E-1,7.256998420E-1
1.043681500E0,8.005979657E-1,9.523551166E-2,5.431954265E-1
1.053705500E0,1.096655846E0,6.351208091E-1,2.406283915E-1
1.063728500E0,1.140339971E0,9.652681351E-1,-2.166914642E-1
1.073751500E0,1.088136673E0,1.224744916E0,-6.730379462E-1
1.083774500E0,7.973555326E-1,1.443170905E0,-9.220340252E-1
1.093797500E0,3.376990557E-1,1.840626955E0,-8.272438645E-1
1.103820500E0,-5.246457085E-2,2.246256351E0,-3.796350062E-1
1.113843500E0,-3.030003905E-1,2.401811600E0,1.715349555E-1
1.123866500E0,-3.734312952E-1,2.192288399E0,5.628439784E-1
1.133889500E0,-2.745366693E-1,1.644340754E0,7.027888298E-1
1.143912500E0,-7.467907667E-2,7.673068047E-1,6.526035070E-1
1.153935500E0,9.242415428E-2,-2.367954552E-1,4.927999973E-1
1.163958500E0,1.793501377E-1,-9.704360366E-1,3.133036792E-1
1.173981500E0,2.531948090E-1,-1.275496364E0,2.148551345E-1
1.184004500E0,3.069502115E-1,-1.354791164E0,2.283080816E-1
1.194027500E0,3.849329054E-1,-1.406232357E0,3.190289438E-1
1.204050500E0,3.519493937E-1,-1.533153772E0,3.899471760E-1
1.214074500E0,3.290587068E-1,-1.484017372E0,3.681041896E-1
1.224097500E0,3.607802987E-1,-1.227692485E0,3.249570429E-1
1.234120500E0,3.449030817E-1,-8.421092629E-1,3.020586669E-1
1.244143500E0,2.967823148E-1,-3.425802886E-1,3.058195114E-1
1.254166500E0,2.716444433E-1,1.052086875E-1,3.239031732E-1
1.264189500E0,2.276485115E-1,3.213408887E-1,3.376232088E-1
1.274212500E0,2.831360102E-1,3.869707584E-1,3.820953369E-1
1.284235500E0,3.340067267E-1,3.349429369E-1,4.047867358E-1
1.294258500E0,2.907255590E-1,3.413395882E-1,3.656475842E-1
1.304281500E0,2.492028475E-1,4.524165094E-1,3.148255944E-1
1.314304500E0,2.310685813E-1,5.578393340E-1,3.238473237E-1
1.324327500E0,2.886677980E-1,5.103456378E-1,4.337172210E-1
1.334350500E0,2.032567412E-1,2.877839804E-1,5.494201183E-1
1.344373500E0,1.466926038E-1,1.110878065E-1,6.151269078E-1
1.354396500E0,2.454790771E-1,-1.344825476E-1,6.564754248E-1
1.364419500E0,3.534923494E-1,-2.983405292E-1,6.436684728E-1
1.374442500E0,3.303878307E-1,-3.198948205E-1,6.008168459E-1
1.384466500E0,2.190020382E-1,-3.235943317E-1,5.177766085E-1
1.394489500E0,1.349135190E-1,-2.282369137E-1,4.501696527E-1
1.404512500E0,1.303127557E-1,-9.662399441E-2,4.814636409E-1
1.414535500E0,1.173112020E-1,8.650641143E-2,5.332666636E-1
1.424558500E0,1.597159505E-1,2.973734438E-1,5.219710469E-1
1.434581500E0,1.816516072E-1,3.385794759E-1,4.968763888E-1
1.444604500E0,1.397729516E-1,2.092044204E-1,5.084116459E-1
1.454627500E0,1.653454304E-1,5.935189314E-3,5.901075602E-1
1.464650500E0,1.331009716E-1,-1.186087132E-1,6.782559156E-1
1.474673500E0,1.739868969E-1,-1.030225605E-1,7.280865908E-1
1.484696500E0,2.111882120E-1,-2.286620289E-1,6.721474528E-1
1.494719500E0,1.494750530E-1,2.395850606E-2,6.579842567E-1
1.504742500E0,5.978916585E-2,3.290810287E-1,7.325467467E-1
1.514765500E0,4.821986333E-2,1.075752676E-1,7.050357461E-1
1.524788500E0,5.990331993E-2,-2.486429960E-1,5.957288146E-1
1.534811500E0,9.040903300E-2,-4.576497376E-1,5.241307616E-1
1.544835500E0,2.723661996E-2,-4.100479484E-1,4.734850228E-1
1.554858500E0,1.109120622E-2,-1.371820420E-1,4.119274020E-1
1.564881500E0,-2.340079658E-2,5.602392182E-2,3.888799250E-1
1.574904500E0,-9.193671495E-2,1.875398755E-1,4.553361833E-1
1.584927500E0,-1.123639271E-1,2.117366344E-1,5.596947670E-1
1.594950500E0,-1.669496745E-1,1.991952658E-1,5.997121930E-1
1.604973500E0,-1.726364195E-1,7.636740059E-2,6.127976775E-1
1.614996500E0,-1.342187226E-1,-2.448172867E-1,5.976299047E-1
1.625019500E0,-9.690187126E-2,-5.548007488E-1,4.966610372E-1
1.635042500E0,-3.355086595E-2,-7.583221793E-1,3.684823215E-1
1.645065500E0,1.838400587E-2,-8.898326755E-1,2.821888328E-1
1.655088500E0,-4.489617422E-3,-7.988523841E-1,2.671427727E-1
1.665111500E0,-6.845821440E-2,-4.240276814E-1,3.267776072E-1
1.675134500E0,-9.706882387E-2,1.450921781E-2,3.761680722E-1
1.685157500E0,-1.236848980E-1,3.049143851E-1,3.588064313E-1
1.695180500E0,-1.432828456E-1,4.153098464E-1,3.182339966E-1
1.705203500E0,-9.908790886E-2,3.551083803E-1,2.926216424E-1
1.715226500E0,-1.312181354E-1,1.847142726E-1,2.589728534E-1
1.725250500E0,-1.556347162E-1,6.928336620E-2,2.499766946E-1
1.735273500E0,-1.640740037E-1,-8.194122463E-3,2.694984674E-1
1.745296500E0,-1.928456426E-1,-4.630771279E-2,2.873715162E-1
1.755319500E0,-1.545922756E-1,-5.968210846E-2,3.197062910E-1
1.765342500E0,-9.646826982E-2,3.524777293E-2,2.806131840E-1
1.775365500E0,-8.876107633E-2,2.230704129E-1,1.534645408E-1
1.785388500E0,-9.519319981E-2,3.921964467E-1,3.767016530E-2
1.795411500E0,-5.494457856E-2,3.630183041E-1,1.971539855E-2
1.805434500E0,-6.865087152E-2,-3.797081485E-2,9.470654279E-2
1.815457500E0,-1.032064557E-1,-5.142886043E-1,1.689594686E-1
1.825480500E0,-9.909915924E-2,-8.143464923E-1,2.284735292E-1
1.835503500E0,-9.008409083E-2,-9.399654269E-1,2.957106233E-1
1.845526500E0,-1.120254248E-1,-9.665385485E-1,3.258090019E-1
1.855549500E0,-1.932989806E-1,-9.180613160E-1,2.289386392E-1
1.865572500E0,-2.033239752E-1,-8.039547205E-1,3.405937925E-2
1.875595500E0,-1.939392537E-1,-7.308046222E-1,-1.259089857E-1
1.885618500E0,-1.792320460E-1,-6.711139083E-1,-2.023530155E-1
1.895642500E0,-1.364467740E-1,-6.177574992E-1,-1.984706670E-1
1.905665500E0,-7.471146435E-2,-5.358294845E-1,-1.659203619E-1
1.915688500E0,-9.000889957E-3,-4.590383470E-1,-1.545992643E-1
1.925711500E0,1.240397245E-2,-3.735096455E-1,-1.655021906E-1
1.935734500E0,-6.988633424E-3,-2.567638755E-1,-1.555329114E-1
1.945757500E0,-3.511741757E-2,-2.259181887E-1,-1.251226664E-1
1.955780500E0,-5.231105164E-2,-3.423116505E-1,-9.777680784E-2
1.965803500E0,-7.092488557E-2,-5.774163008E-1,-9.543529898E-2
1.975826500E0,-1.341557950E-1,-8.617425561E-1,-1.630441695E-1
1.985849500E0,-1.975129098E-1,-1.045507908E0,-2.950068712E-1
1.995872500E0,-1.996940374E-1,-1.121511340E0,-4.136040807E-1
2.005895500E0,-1.776719242E-1,-1.166208148E0,-4.562835693E-1
2.015918500E0,-1.831170321E-1,-1.269952059E0,-4.265491068E-1
2.025941500E0,-1.813238859E-1,-1.260020375E0,-3.385745883E-1
2.035964500E0,-1.310218424E-1,-1.065861583E0,-2.312127054E-1
2.045987500E0,-8.118059486E-2,-7.377387285E-1,-1.487152427E-1
2.056010500E0,-8.819136769E-2,-3.447874486E-1,-1.402093619E-1
2.066034500E0,-1.188380420E-1,6.780441105E-2,-2.565344572E-1
2.076057500E0,-1.437828094E-1,5.135744214E-1,-4.356565475E-1
2.086080500E0,-1.785669178E-1,8.533384800E-1,-5.337919593E-1
2.096103500E0,-1.837070733E-1,8.661562800E-1,-4.912663996E-1
2.106126500E0,-1.355004162E-1,5.852838755E-1,-3.357227445E-1
2.116149500E0,-8.965676278E-2,1.480154544E-1,-1.441264153E-1
2.126172500E0,-3.072024137E-2,-2.785929441E-1,4.488700535E-3
2.136195500E0,2.960142307E-2,-6.064952016E-1,1.107980981E-1
2.146218500E0,6.642429531E-2,-8.670281172E-1,1.972809881E-1
2.156241500E0,7.425505668E-2,-1.039694190E0,2.426183820E-1
2.166264500E0,1.026491970E-1,-9.788282514E-1,2.404735982E-1
2.176287500E0,1.167746037E-1,-6.356509328E-1,2.035747021E-1
2.186310500E0,9.780914336E-2,-6.055856869E-2,1.535898298E-1
2.196333500E0,5.427577719E-2,5.826262832E-1,9.342608601E-2
2.206356500E0,-1.614313386E-2,1.145684600E0,4.588503391E-3
2.216379500E0,-6.339772791E-2,1.392465115E0,-6.828596443E-2
2.226402500E0,-5.385814980E-2,1.222466350E0,-9.234502912E-2
2.236425500E0,-2.560973167E-2,8.029039502E-1,-1.017800793E-1
2.246449500E0,-3.274458274E-2,2.887631953E-1,-1.041114777E-1
2.256472500E0,-7.629126310E-2,-1.914705336E-1,-7.681088150E-2
2.266495500E0,-1.216200739E-1,-4.945241511E-1,-2.330152690E-2
2.276518500E0,-1.453096867E-1,-6.218147278E-1,2.121933550E-2
2.286541500E0,-1.391127110E-1,-6.337679625E-1,8.116917312E-2
2.296564500E0,-7.098799199E-2,-5.839932561E-1,1.385933161E-1
2.306587500E0,2.285399660E-2,-5.559826493E-1,1.591203660E-1
2.316610500E0,6.836608797E-2,-4.946505427E-1,1.146980375E-1
2.326633500E0,4.895351455E-2,-3.270703554E-1,2.750069834E-3
2.336656500E0,5.130134523E-4,-4.842036590E-2,-1.140029132E-1
2.346679500E0,-3.262550756E-2,2.740951180E-1,-1.640800536E-1
2.356702500E0,-5.698117986E-2,4.956616163E-1,-1.268530637E-1
2.366725500E0,-7.415698469E-2,5.230466723E-1,-3.761734068E-2
2.376748500E0,-4.700845480E-2,3.818689883E-1,4.808903858E-2
2.386771500E0,-1.784041151E-2,1.295284331E-1,7.115608454E-2
2.396794500E0,-8.713490330E-3,-7.552326471E-2,4.247304052E-2
2.406817500E0,-2.812395617E-2,-1.687403917E-1,7.376512978E-3
2.416840500E0,-6.495095044E-2,-1.846908480E-1,3.499242663E-2
2.426864500E0,-1.130492762E-1,-2.105403543E-1,1.144677326E-1
2.436887500E0,-1.352730840E-1,-3.145969808E-1,1.759228408E-1
2.446910500E0,-1.070212871E-1,-4.249372184E-1,1.829377264E-1
2.456933500E0,-3.105382249E-2,-4.306984246E-1,1.802455336E-1
2.466956500E0,3.791132243E-3,-3.652601838E-1,1.736199409E-1
2.476979500E0,-6.087863352E-3,-2.085693777E-1,1.500192732E-1
2.487002500E0,-1.956969686E-2,1.651509106E-2,1.329329610E-1
2.497025500E0,-1.841015555E-2,2.221087366E-1,1.267653406E-1
2.507048500E0,9.425271302E-3,3.463355005E-1,1.177529469E-1
2.517071500E0,4.771087691E-2,3.733428717E-1,6.508201361E-2
2.527094500E0,1.040961519E-1,3.671928942E-1,-2.997958660E-2
2.537117500E0,1.195715144E-1,2.447687238E-1,-1.089977100E-1
2.547140500E0,1.032131687E-1,2.376324870E-2,-1.665347070E-1
2.557163500E0,5.544375163E-4,-2.396862358E-1,-1.840284765E-1
2.567186500E0,-1.771395355E-1,-4.673160613E-1,-1.237578839E-1
2.577209500E0,-2.756099105E-1,-6.881808043E-1,3.717800602E-2
2.587232500E0,-3.339053392E-1,-1.036246419E0,2.117445618E-1
2.597255500E0,-2.893080413E-1,-1.683522820E0,3.857637644E-1
2.607278500E0,-2.297336608E-1,-2.617911339E0,5.133057833E-1
2.617302500E0,-1.928342432E-1,-3.395046234E0,5.197956562E-1
2.627325500E0,-1.829296350E-2,-3.617433071E0,3.963692784E-1
2.637348500E0,3.684840500E-1,-3.120329380E0,1.409771740E-1
2.647371500E0,8.230147958E-1,-2.111312866E0,-2.889582813E-1
2.657394500E0,1.222512364E0,-1.177508593E0,-9.409741759E-1
2.667417500E0,1.379542112E0,-9.240389466E-1,-1.749151587E0
2.677440500E0,1.385853052E0,-1.635619879E0,-2.375882864E0
2.687463500E0,1.659089565E0,-2.604639530E0,-2.576878548E0
2.697486500E0,2.059439898E0,-2.724477053E0,-2.459183216E0
2.707509500E0,2.305606604E0,-1.760268688E0,-2.510369301E0
2.717532500E0,2.703025103E0,-6.312518716E-1,-2.849646807E0
2.727555500E0,3.491989613E0,-3.971027434E-1,-3.426192284E0
2.737578500E0,4.492949963E0,-9.166052938E-1,-4.000431538E0
2.747601500E0,5.360450268E0,-5.239429474E-1,-4.242534637E0
2.757624500E0,5.682773113E0,5.168305635E-1,-4.181385994E0
2.767647500E0,5.613144875E0,1.383075953E0,-3.966952324E0
2.777670500E0,5.523407459E0,2.777783155E0,-3.528683424E0
2.787694500E0,5.980751514E0,4.465575218E0,-2.813901424E0
2.797717500E0,6.638348579E0,5.720708847E0,-1.983649254E0
2.807740500E0,6.659724236E0,6.165137768E0,-1.324351668E0
2.817763750E0,6.058413029E0,5.872881889E0,-8.780577779E-1
2.827786750E0,5.895919323E0,5.508397579E0,-3.180384040E-1
2.837809750E0,5.823400021E0,5.097908497E0,4.645562470E-1
2.847832750E0,5.298855782E0,4.237978935E0,1.185975075E0
2.857855750E0,4.708019733E0,2.663739443E0,1.665886760E0
2.867878750E0,4.064770222E0,7.218647599E-1,1.964741349E0
2.877901750E0,3.729549408E0,-9.379705787E-1,2.139622211E0
2.887924750E0,3.360148191E0,-2.300347567E0,2.016405344E0
2.897947750E0,2.814883232E0,-3.081271410E0,1.444243550E0
2.907970750E0,2.227111578E0,-2.994815588E0,8.404058218E-1
2.917993750E0,1.848761916E0,-2.731531382E0,5.072939396E-1
2.928016750E0,1.591460347E0,-2.346403837E0,2.977196574E-1
2.938039750E0,1.249735475E0,-1.394320846E0,2.680464685E-1
2.948062750E0,9.757158160E-1,1.879139692E-1,3.238427341E-1
2.958085750E0,4.835697711E-1,1.720519781E0,2.958217561E-1
2.968109750E0,8.619862199E-1,2.622663498E0,4.115892351E-1
2.978132750E0,4.317892492E-1,2.024460316E0,7.993217707E-1
2.988155750E0,-1.078872681E0,-1.050337195E0,7.695097923E-1
2.998178750E0,-2.088868856E0,-6.286531925E0,9.387917519E-1
3.008201750E0,-2.503332376E0,-8.698428154E0,1.813382506E0
3.018224750E0,-2.944582224E0,-6.869908333E0,2.497573137E0
3.028247750E0,-2.593429565E0,-4.305367470E0,2.223323345E0
3.038270750E0,-1.602505445E0,-2.399766922E0,1.196701169E0
3.048293750E0,-6.285825968E-1,5.080027580E-1,2.084111422E-1
3.058316750E0,1.193952113E-1,4.140281677E0,-3.437004983E-1
3.068339750E0,-8.204646409E-2,6.070295811E0,-1.306882352E-1
3.078362750E0,-1.113770723E0,6.926696777E0,6.847913861E-1
3.088385750E0,-2.597724438E0,7.323923588E0,1.355014920E0
3.098408750E0,-3.306382179E0,6.534580708E0,1.483973145E0
3.108431750E0,-2.727637053E0,4.385106087E0,1.423622966E0
3.118454750E0,-1.431739926E0,2.029796124E0,1.383510232E0
3.128477750E0,-1.296011329E0,7.951183915E-1,1.011953592E0
3.138500750E0,-1.588840246E0,-2.530626953E-1,6.947612762E-1
3.148523750E0,-1.904187560E0,-1.423913598E0,2.243339568E-1
3.158547750E0,-1.954208732E0,-1.830065370E0,-5.200894549E-2
3.168570750E0,-1.918824434E0,-1.281962633E0,-2.269917540E-2
3.178593750E0,-2.039701223E0,-2.078592218E-2,1.757910103E-1
3.188616750E0,-2.353630066E0,2.048556805E0,3.549046218E-1
3.198639750E0,-2.525329828E0,3.043570042E0,5.810011625E-1
3.208662750E0,-2.469410181E0,2.571507215E0,7.235254645E-1
3.218685750E0,-2.346814394E0,1.524752259E0,6.607075930E-1
3.228708750E0,-2.222082615E0,6.760857701E-1,4.822435081E-1
3.238731750E0,-2.142085075E0,4.574906230E-1,2.688800991E-1
3.248754750E0,-2.037954807E0,6.027469039E-1,1.747701615E-1
3.258777750E0,-1.986232877E0,5.039508343E-1,1.900577694E-1
3.268800750E0,-2.009442806E0,4.349070489E-1,1.660775542E-1
3.278823750E0,-2.074893951E0,7.627424598E-1,6.245128438E-2
3.288846750E0,-2.109795570E0,7.548657060E-1,1.058482230E-1
3.298869750E0,-1.978003144E0,4.223988056E-1,1.796782464E-1
3.308892750E0,-1.910702109E0,2.430812567E-1,1.709326059E-1
3.318915750E0,-1.824022651E0,3.159264624E-1,1.163569689E-1
3.328938750E0,-1.779227972E0,3.297530413E-1,1.810617447E-1
3.338961750E0,-1.695748806E0,2.113584876E-1,2.552672923E-1
3.348985750E0,-1.656651974E0,-9.428104013E-2,2.008439600E-1
3.359008750E0,-1.686957479E0,-1.753689796E-1,9.354706854E-2
3.369031750E0,-1.645710349E0,-2.045437135E-2,3.512351587E-2
3.379054750E0,-1.594505787E0,2.466404438E-1,3.242733330E-2
3.389077750E0,-1.488736510E0,4.911978841E-1,5.466612428E-2
3.399100750E0,-1.514603853E0,5.832971931E-1,7.964391261E-2
3.409123750E0,-1.562695980E0,4.945942163E-1,1.270812154E-1
3.419146750E0,-1.572374225E0,3.956290185E-1,8.071130514E-2
3.429169750E0,-1.494475961E0,4.110156596E-1,-4.563603178E-2
3.439192750E0,-1.456978917E0,4.005976617E-1,-1.454952508E-1
3.449215750E0,-1.419494629E0,2.261826098E-1,-2.065146118E-1
3.459238750E0,-1.397819400E0,8.278843760E-2,-2.668991387E-1
3.469261750E0,-1.412186146E0,1.306003481E-1,-2.761658430E-1
3.479284750E0,-1.396695018E0,4.232026637E-1,-2.596246898E-1
3.489307750E0,-1.331229568E0,1.051122189E0,-3.244785964E-1
3.499330750E0,-1.359480977E0,1.390263796E0,-3.952968419E-1
3.509353750E0,-1.320539832E0,1.002418160E0,-3.864317238E-1
3.519376750E0,-1.361364722E0,4.280872941E-1,-3.466188014E-1
3.529400750E0,-1.351761103E0,2.136368454E-1,-1.954100430E-1
3.539423750E0,-1.203376174E0,-1.330289692E-1,-5.637439713E-2
3.549446750E0,-1.113582253E0,-5.345606208E-1,-1.547137946E-1
3.559469750E0,-1.090099573E0,-8.247469068E-1,-3.048071563E-1
3.569492750E0,-1.088262558E0,-9.770758152E-1,-3.651468158E-1
3.579515750E0,-1.100446463E0,-7.353465557E-1,-3.460096121E-1
3.589538750E0,-1.185202003E0,-4.429643750E-1,-3.269165158E-1
3.599561750E0,-1.260301828E0,-3.948239982E-1,-3.812412620E-1
3.609584750E0,-1.346606374E0,-5.777145270E-3,-5.373462439E-1
3.619607750E0,-1.295783758E0,8.611419797E-1,-6.210067868E-1
3.629630750E0,-1.193804145E0,1.691224098E0,-6.167011261E-1
3.639653750E0,-1.017021656E0,1.796020031E0,-5.070747733E-1
3.649676750E0,-7.835524678E-1,1.031960487E0,-3.493434787E-1
3.659699750E0,-7.114862800E-1,-2.540860772E-1,-2.637401521E-1
3.669722750E0,-7.305738926E-1,-1.550156355E0,-1.889115870E-1
3.679745750E0,-7.809625268E-1,-2.120050430E0,-1.224731877E-1
3.689768750E0,-7.805535793E-1,-2.086305618E0,-2.253944799E-2
3.699791750E0,-7.700295448E-1,-2.014533758E0,-3.235399723E-2
3.709814750E0,-7.205074430E-1,-1.915811181E0,-1.855482161E-1
3.719838750E0,-7.194813490E-1,-1.384119034E0,-4.334400296E-1
3.729861750E0,-8.426839709E-1,-3.278805017E-1,-6.771988273E-1
3.739884750E0,-1.098467708E0,7.699202895E-1,-8.186976314E-1
3.749907750E0,-1.183236599E0,1.498569012E0,-8.066385984E-1
3.759930750E0,-1.196224570E0,1.767889619E0,-7.202480435E-1
3.769953750E0,-1.211982608E0,1.800068736E0,-5.942241549E-1
3.779976750E0,-1.178939939E0,1.653256416E0,-4.702284932E-1
3.789999750E0,-1.031374812E0,1.365483403E0,-4.293591678E-1
3.800022750E0,-6.465634108E-1,9.912003875E-1,-4.201765656E-1
3.810045750E0,-2.046357393E-1,4.437024593E-1,-4.510034621E-1
3.820068417E0,1.168605387E-1,-2.681159973E-1,-4.780281484E-1
3.830091417E0,1.920598894E-1,-8.127458692E-1,-4.393297434E-1
3.840114417E0,6.845378876E-2,-8.263064623E-1,-2.891620994E-1
3.850137417E0,-1.150868908E-1,-4.898690283E-1,-7.255934179E-2
3.860160416E0,-2.200750858E-1,-1.780964732E-1,5.506493151E-2
3.870183417E0,-1.597406864E-1,7.234090567E-2,3.302181140E-2
3.880206417E0,-1.413236372E-2,2.645841241E-1,-1.075171977E-1
3.890229417E0,1.749295294E-1,3.052390814E-1,-2.446999997E-1
3.900252416E0,2.861468792E-1,2.320117354E-1,-2.425646782E-1
3.910276416E0,2.780436575E-1,1.412485838E-1,-1.565852165E-1
3.920299417E0,2.039662153E-1,1.212833971E-1,-8.007072657E-2
3.930322417E0,1.227474287E-1,3.106649518E-1,-2.111752518E-2
3.940345417E0,1.992278174E-2,5.999721289E-1,-1.171779120E-3
3.950368416E0,-3.320348263E-2,6.984475851E-1,-1.640193723E-2
3.960391417E0,-5.932775885E-2,5.087074637E-1,-2.538904175E-2
3.970414417E0,-7.320740726E-3,3.080316186E-1,3.460865840E-2
3.980437417E0,1.128701121E-1,1.534540355E-1,2.015377283E-1
3.990460417E0,3.103049397E-1,-1.975035667E-2,3.678983450E-1
4.000483416E0,4.391041994E-1,-6.552210450E-2,4.052784741E-1
4.010506417E0,3.829369545E-1,-1.524573267E-1,3.358269334E-1
4.020529417E0,3.032610416E-1,-3.297982812E-1,2.730247974E-1
4.030552417E0,2.652150393E-1,-5.368047953E-1,2.936777771E-1
4.040575417E0,2.265536487E-1,-7.852002382E-1,3.560743034E-1
4.050598416E0,2.706997097E-1,-8.816338181E-1,3.463313282E-1
4.060621417E0,3.274559379E-1,-9.105610847E-1,2.122811079E-1
4.070644417E0,4.216704071E-1,-6.682163477E-1,-5.428770091E-3
4.080667417E0,4.068043828E-1,-1.052618995E-1,-1.875312030E-1
4.090691417E0,2.998869121E-1,3.851222396E-1,-2.568314075E-1
4.100714416E0,2.089987844E-1,6.139753461E-1,-2.423789501E-1
4.110737417E0,9.944398701E-2,4.433471262E-1,-1.577476561E-1
4.120760417E0,2.868752182E-2,9.194673598E-2,-1.031874791E-1
4.130783417E0,4.930716380E-2,-8.515903354E-2,-1.119267717E-1
4.140806417E0,7.447882742E-2,-2.550769746E-1,-1.750958860E-1
4.150829416E0,9.573872387E-2,-4.903389215E-1,-2.862103879E-1
4.160852417E0,1.108351201E-1,-6.389843822E-1,-4.216946959E-1
4.170875417E0,1.149321124E-1,-6.159701943E-1,-4.899297357E-1
4.180898417E0,8.758411556E-2,-3.175174594E-1,-4.189666212E-1
4.190921417E0,4.914208315E-3,2.039885968E-1,-2.411391586E-1
4.200944416E0,-2.687754482E-2,6.817264557E-1,-3.479051217E-2
4.210967417E0,-3.281463310E-2,9.922784567E-1,5.049367249E-2
4.220990417E0,-1.314718835E-2,1.124763250E0,-2.030806057E-2
4.231013417E0,4.507397860E-2,1.005637407E0,-1.140465885E-1
4.241036416E0,1.359492838E-1,6.772470474E-1,-1.267104596E-1
4.251059417E0,1.430965364E-1,3.158106804E-1,-6.326019019E-2
4.261082417E0,1.374578178E-1,2.549870126E-2,2.858478203E-2
4.271105417E0,1.327356994E-1,-1.841880977E-1,1.139345542E-1
4.281129417E0,1.233893335E-1,-2.196480930E-1,1.455622613E-1
4.291152416E0,1.151131094E-1,-4.167039692E-2,1.053920090E-1
4.301175417E0,5.882454291E-2,1.442185193E-1,4.282822460E-2
4.311198417E0,-4.604967684E-2,1.282543689E-1,-1.165384240E-2
4.321221417E0,-9.323955327E-2,1.960875001E-3,-4.121280089E-2
4.331244417E0,-8.223798871E-2,-5.201964453E-2,-4.809134454E-2
4.341267416E0,-1.254874468E-1,9.511547536E-2,-8.714180440E-2
4.351290417E0,-1.518786848E-1,4.616811574E-1,-1.249250025E-1
4.361313417E0,-1.639164388E-1,7.983582616E-1,-1.503371447E-1
4.371336417E0,-1.736708879E-1,9.933038354E-1,-1.994720101E-1
4.381359417E0,-2.078882456E-1,1.100288749E0,-2.490560710E-1
4.391382416E0,-2.571547925E-1,1.090844631E0,-2.314514965E-1
4.401405417E0,-2.440680265E-1,9.761960506E-1,-1.291541606E-1
4.411428417E0,-1.087666303E-1,7.729108334E-1,5.565694347E-2
4.421451417E0,4.793723300E-2,4.263935685E-1,2.642104328E-1
4.431474417E0,2.241862565E-1,6.181704625E-2,4.637152851E-1
4.441497416E0,4.027581215E-1,-2.307548970E-1,6.023424268E-1
4.451520417E0,3.767042160E-1,-5.306420922E-1,6.311969161E-1
4.461543417E0,2.640333176E-1,-7.203757763E-1,5.620983243E-1
4.471567417E0,1.831166148E-1,-6.948379278E-1,4.668402374E-1
4.481590417E0,6.266477704E-2,-4.756334722E-1,3.545488417E-1
4.491613416E0,7.197432220E-2,-2.021228075E-1,2.606112361E-1
4.501636417E0,1.854814291E-1,-1.270813197E-1,2.919582427E-1
4.511659417E0,1.498954445E-1,-2.636256218E-1,4.084432125E-1
4.521682417E0,8.032116294E-2,-3.446453810E-1,4.834093451E-1
4.531705417E0,-3.062745184E-2,-1.702360511E-1,4.449914992E-1
4.541728416E0,-6.036990136E-2,1.663257182E-1,3.104451597E-1
4.551751417E0,-8.336808532E-2,4.604921043E-1,1.774548292E-1
4.561774417E0,-1.398501918E-2,6.266728044E-1,1.993010044E-1
4.571797417E0,-3.451008722E-2,5.528422594E-1,3.853639960E-1
4.581820416E0,-2.944928035E-2,3.481589258E-1,6.221201420E-1
4.591843417E0,-1.899768040E-2,-3.984156996E-2,7.416824698E-1
4.601866417E0,-4.605726153E-2,-3.936606348E-1,6.104972959E-1
4.611889417E0,-6.809785962E-2,-5.501617789E-1,4.164466858E-1
4.621912417E0,-9.794816375E-2,-6.023339033E-1,3.082917333E-1
4.631935416E0,-1.607766896E-1,-5.501821637E-1,2.512449026E-1
4.641958417E0,-1.938677877E-1,-3.727471530E-1,2.265712470E-1
4.651981417E0,-2.751683295E-1,-1.085842922E-1,1.860250235E-1
4.662005417E0,-3.721976876E-1,2.473647445E-1,1.408623457E-1
4.672028417E0,-3.965390921E-1,5.186974406E-1,1.400666982E-1
4.682051416E0,-4.257702231E-1,5.392493010E-1,1.335438192E-1
4.692074417E0,-5.068957210E-1,3.231689632E-1,8.437760919E-2
4.702097417E0,-5.428230762E-1,-1.358537469E-3,9.053696692E-2
4.712120417E0,-5.980669260E-1,-2.714915574E-1,1.339640021E-1
4.722143417E0,-6.609683633E-1,-4.024429023E-1,1.334529370E-1
4.732166416E0,-6.165043116E-1,-4.222645462E-1,9.301145375E-2
4.742189417E0,-5.817759037E-1,-3.483468890E-1,1.126412395E-2
4.752212417E0,-6.499943137E-1,-1.130063310E-1,-1.188770309E-1
4.762235417E0,-7.564592361E-1,2.591698766E-1,-1.830863804E-1
4.772258417E0,-8.017290831E-1,6.463354826E-1,-1.182671636E-1
4.782281416E0,-7.789705396E-1,9.601346850E-1,-9.538288228E-3
4.792304417E0,-8.138061166E-1,1.034113884E0,1.287386753E-2
4.802327417E0,-9.018643498E-1,1.069583178E0,-1.011784077E-1
4.812350417E0,-1.005513549E0,1.420486569E0,-3.009136021E-1
4.822374000E0,-1.048770189E0,1.856135130E0,-5.040749907E-1
4.832397000E0,-9.670813680E-1,2.219015598E0,-6.647298932E-1
4.842420000E0,1.627362251E0,-1.555174923E1,-1.168730497E0
4.852444000E0,1.333897233E0,-2.189720154E1,3.844930232E-1
4.862467000E0,1.410158992E0,-1.007998943E1,1.838618159E0
4.872490000E0,1.898112595E-1,-2.339519501E0,1.704887152E0
4.882513000E0,-6.759427190E-1,4.170166969E0,9.135163426E-1
4.892536000E0,-1.230201364E0,1.138782692E1,-1.238068223E0
4.902559000E0,-1.461566925E0,1.080691242E1,-2.576411486E0
4.912582000E0,-1.275878549E0,8.224426270E0,-1.863218904E0
4.922605000E0,-1.000911951E0,7.915764332E0,-5.824189186E-1
4.932628000E0,-8.233647943E-1,7.586098671E0,3.335931599E-1
4.942651000E0,-5.309718251E-1,5.697243214E0,5.711393952E-1
4.952674000E0,-3.359522223E-1,2.836529016E0,2.992460430E-1
4.962697000E0,-1.455377936E-1,8.233073354E-1,-1.604379267E-1
4.972720000E0,1.830448657E-1,-2.700026631E-1,-4.958242476E-1
4.982743000E0,4.999466538E-1,-6.758530140E-1,-5.052744746E-1
4.992766000E0,6.481884122E-1,-9.183944464E-1,-1.351033449E-1
5.002789000E0,6.145790219E-1,-1.332534432E0,3.096607924E-1
5.012812000E0,6.038176417E-1,-1.837965608E0,5.690275431E-1
5.022835000E0,7.654680014E-1,-2.223050594E0,7.420589924E-1
5.032858000E0,8.304466009E-1,-2.671936512E0,9.042627811E-1
5.042882000E0,8.142338395E-1,-3.512994528E0,9.038752913E-1
5.052905000E0,8.328409195E-1,-4.366749287E0,7.060929537E-1
5.062928000E0,7.644232512E-1,-4.600609779E0,5.313262343E-1
5.072951000E0,6.731508374E-1,-4.189532280E0,5.086647272E-1
5.082974000E0,5.415858626E-1,-3.426904440E0,5.971620679E-1
5.092997000E0,2.654190361E-1,-2.686409473E0,6.804975271E-1
5.103020000E0,4.658493400E-2,-1.900915623E0,6.195337772E-1
5.113043000E0,-1.434784830E-1,-8.688397408E-1,4.839293063E-1
5.123066000E0,-1.730760485E-1,8.931158483E-2,3.959414065E-1
5.133089000E0,-1.392357498E-1,7.673186064E-1,3.241564035E-1
5.143112000E0,-2.544307709E-1,8.831040859E-1,3.517177105E-1
5.153135000E0,-2.700093985E-1,5.094689727E-1,4.460324347E-1
5.163158000E0,-1.412719339E-1,4.575721920E-2,5.257379413E-1
5.173181000E0,-1.342232823E-1,-6.279395819E-1,4.841946065E-1
5.183204000E0,-1.397453398E-1,-1.429141164E0,2.450866699E-1
5.193227000E0,-1.911008358E-1,-1.754556417E0,-4.833522439E-2
5.203250000E0,-2.846776545E-1,-1.566574812E0,-1.189942136E-1
5.213273000E0,-2.700078189E-1,-1.234553456E0,-1.378137991E-2
5.223296000E0,-1.846766770E-1,-9.843491912E-1,9.818723798E-2
5.233320000E0,-1.632182002E-1,-9.300410748E-1,1.176856980E-1
5.243343000E0,-2.700293362E-1,-9.125981927E-1,9.051666409E-2
5.253366000E0,-2.973252833E-1,-7.322663069E-1,2.039303258E-2
5.263389000E0,-7.940785587E-2,-3.101654351E-1,-1.448587775E-1
5.273412000E0,1.238761842E-1,-3.548682332E-1,-2.547648847E-1
5.283435000E0,2.686894871E-2,-7.069464326E-1,-3.433514833E-1
5.293458000E0,-2.631475031E-1,-1.270933509E0,-4.164462984E-1
5.303481000E0,-4.872631729E-1,-1.622029305E0,-4.375414550E-1
5.313504000E0,-4.998678267E-1,-1.288836837E0,-4.237437248E-1
5.323527000E0,-4.883408844E-1,-4.507144392E-1,-4.088212252E-1
5.333550000E0,-4.683623612E-1,6.694045067E-1,-4.658925831E-1
5.343573000E0,-3.351851404E-1,1.647027612E0,-5.670165420E-1
5.353596000E0,-1.163991541E-1,2.109443903E0,-6.517060995E-1
5.363619000E0,4.040138051E-2,2.273693562E0,-7.601417899E-1
5.373642000E0,4.536172748E-2,1.837783813E0,-7.974799871E-1
5.383665000E0,1.126957610E-1,7.774432898E-1,-6.818212867E-1
5.393688000E0,1.770764291E-1,-4.418783784E-1,-5.388880372E-1
5.403711000E0,1.196264550E-1,-9.245043993E-1,-5.803702474E-1
5.413734000E0,2.500604093E-2,-3.902423084E-1,-7.095882893E-1
5.423757000E0,-1.546121985E-1,6.802461743E-1,-7.108439207E-1
5.433781000E0,-2.040272206E-1,1.796122193E0,-5.763076544E-1
5.443804000E0,-1.596762687E-1,2.417907715E0,-3.551155925E-1
5.453827000E0,5.202268809E-2,2.137865543E0,-1.079172045E-1
5.463850000E0,3.767712116E-1,1.173013449E0,5.006683990E-2
5.473873000E0,5.713021755E-1,1.128601432E-1,1.002272144E-1
5.483896000E0,5.438641310E-1,-7.705740333E-1,3.670736402E-2
5.493919000E0,3.650583625E-1,-1.246128440E0,-1.647152901E-1
5.503942000E0,2.586368322E-1,-1.262874126E0,-4.801792502E-1
5.513965000E0,5.041899905E-2,-1.256429553E0,-8.541846871E-1
5.523988000E0,-2.404404804E-2,-1.167512774E0,-1.064230680E0
5.534011000E0,-8.688114583E-2,-4.546026289E-1,-1.083406329E0
5.544034000E0,-3.177423179E-1,9.517924786E-1,-8.509171009E-1
5.554057000E0,-4.872295558E-1,2.184569359E0,-3.667263687E-1
5.564080000E0,-5.890361071E-1,2.599098206E0,4.034361336E-3
5.574103000E0,-6.684933901E-1,2.403956175E0,7.474122941E-2
5.584126000E0,-5.987446904E-1,1.886068702E0,-6.718927622E-2
5.594149000E0,-4.451341927E-1,1.249472618E0,-3.473081887E-1
5.604172000E0,-3.593388498E-1,7.565769553E-1,-6.797199845E-1
5.614195000E0,-3.450217545E-1,4.419589639E-1,-8.670861125E-1
5.624219000E0,-3.278531432E-1,2.518851459E-1,-8.603736162E-1
5.634242000E0,-3.324563503E-1,9.039741755E-2,-7.380428314E-1
5.644265000E0,-4.278358519E-1,1.081218198E-1,-5.652564168E-1
5.654288000E0,-5.258066654E-1,2.307883501E-1,-3.844851255E-1
5.664311000E0,-5.217192769E-1,3.338660002E-1,-3.325412273E-1
5.674334000E0,-4.527725577E-1,4.365588725E-1,-4.187407792E-1
5.684357000E0,-3.480261564E-1,5.146161318E-1,-4.873523414E-1
5.694380000E0,-2.165777981E-1,5.055423379E-1,-4.342710078E-1
5.704403000E0,-9.632169455E-2,2.676815987E-1,-3.191505373E-1
5.714426000E0,-1.328136623E-1,4.582884163E-2,-2.631455958E-1
5.724449000E0,-1.153462529E-1,6.900206953E-2,-1.883437932E-1
5.734472000E0,3.212057427E-2,1.800014079E-1,-5.331999809E-2
5.744495000E0,6.356424838E-2,3.294984996E-1,3.205562383E-2
5.754518000E0,2.509517968E-1,2.195745558E-1,4.802193865E-2
5.764541000E0,3.986541629E-1,8.754088730E-2,4.005642608E-2
5.774564000E0,3.779223263E-1,1.304648072E-2,1.073800623E-1
5.784587000E0,3.305985034E-1,-2.388044000E-1,2.614527047E-1
5.794610000E0,2.327390015E-1,-5.343691707E-1,3.449139297E-1
5.804633000E0,1.423417330E-1,-7.453745604E-1,2.336886078E-1
5.814656000E0,2.560371161E-1,-6.676027775E-1,3.644464165E-2
5.824680250E0,2.866051495E-1,-2.021283060E-1,-5.484878644E-2
5.834703250E0,2.575737238E-1,2.880741656E-1,9.001659602E-2
5.844726250E0,8.206899464E-2,6.199242473E-1,2.607963383E-1
5.854749250E0,-9.147576243E-2,6.152486801E-1,2.395072132E-1
5.864772250E0,-7.536523789E-2,4.914069176E-1,9.343309700E-2
5.874795250E0,-5.772547796E-2,6.320078373E-1,7.021645457E-2
5.884818250E0,-4.919084534E-2,8.546273112E-1,2.001869678E-1
5.894841250E0,2.262293175E-2,9.438335896E-1,3.122184277E-1
5.904864250E0,-2.144997939E-3,9.025093317E-1,3.129771650E-1
5.914887250E0,-2.955054119E-2,5.630286336E-1,1.696412414E-1
5.924910250E0,3.246862441E-2,1.234163493E-1,-8.589971066E-2
5.934933250E0,-2.702963725E-2,-9.211344272E-2,-2.413968742E-1
5.944956250E0,-7.788322866E-2,-1.544660330E-1,-1.059818044E-1
5.954979250E0,-9.037177265E-2,-3.496351838E-1,1.406812221E-1
5.965002250E0,-9.902518243E-2,-6.814139485E-1,2.749711275E-1
5.975025250E0,-5.200230330E-2,-9.015165567E-1,3.310773373E-1
5.985048250E0,-5.159590393E-2,-6.414844394E-1,3.711653650E-1
5.995071250E0,2.513640746E-2,-5.204469431E-3,4.526915848E-1
6.005095250E0,1.180463731E-1,6.113213301E-1,5.011150837E-1
6.015118250E0,5.604057014E-2,1.011315465E0,3.993532658E-1
6.025141250E0,7.690643519E-2,9.873020053E-1,2.464558631E-1
6.035164250E0,5.212719738E-2,6.971736550E-1,1.751722991E-1
6.045187250E0,-6.574804336E-2,3.216623664E-1,2.197088748E-1
6.055210250E0,-1.398553252E-1,-3.302283213E-2,2.922739685E-1
6.065233250E0,3.571616020E-3,-2.467910498E-1,2.465695888E-1
6.075256250E0,1.464516521E-1,-2.137683481E-1,3.167127073E-2
6.085279250E0,6.464068592E-2,1.067569330E-1,-1.619943380E-1
6.095302250E0,9.099118412E-3,4.197481573E-1,-1.544055343E-1
6.105325250E0,-8.987966180E-2,6.262030602E-1,1.406966243E-3
6.115348250E0,-1.816845238E-1,5.443568230E-1,1.239925325E-1
6.125371250E0,-1.146032289E-1,1.542754173E-1,1.596796960E-1
6.135394250E0,1.270418335E-2,-4.840436578E-1,1.534978300E-1
6.145417250E0,1.083300412E-1,-1.217321634E0,1.899213493E-1
6.155440250E0,3.131155372E-1,-1.785370350E0,2.191543430E-1
6.165463250E0,4.632293880E-1,-1.919334531E0,7.136701047E-2
6.175486250E0,3.368009329E-1,-1.233761787E0,-1.324647367E-1
6.185509250E0,1.251105070E-1,-1.741626561E-1,-7.011108100E-2
6.195533250E0,2.007379383E-2,4.978828132E-1,1.391966641E-1
6.205556250E0,-7.909371518E-3,6.112761497E-1,2.974707186E-1
6.215579250E0,1.964742132E-2,3.094289899E-1,3.478470743E-1
6.225602250E0,1.863120347E-1,-1.687279940E-1,3.050018847E-1
6.235625250E0,3.770132661E-1,-7.680875659E-1,2.926960588E-1
6.245648250E0,4.797428250E-1,-1.396091104E0,3.894002438E-1
6.255671250E0,4.495134056E-1,-1.650943756E0,4.782534242E-1
6.265694250E0,2.306835949E-1,-1.428358912E0,4.615719020E-1
6.275717250E0,-5.256486125E-3,-9.801201224E-1,4.107877016E-1
6.285740250E0,-2.214172482E-2,-4.727488458E-1,3.926845789E-1
6.295763250E0,3.149734065E-2,-1.555181444E-1,4.408184886E-1
6.305786250E0,1.867220849E-1,-2.301005125E-1,5.652229786E-1
6.315809250E0,2.031116933E-1,-5.502385497E-1,6.638298631E-1
6.325832250E0,1.556483060E-1,-8.791924715E-1,6.987343431E-1
6.335855250E0,1.866848320E-1,-9.517574310E-1,6.531368494E-1
6.345878250E0,1.176479682E-1,-5.435752273E-1,5.006594062E-1
6.355901250E0,5.967771634E-2,-6.679481268E-2,3.878585398E-1
6.365924250E0,6.256058812E-2,-1.842568442E-2,4.029658437E-1
6.375948250E0,8.912274241E-2,-3.940481544E-1,4.959715605E-1
6.385971250E0,1.396037638E-1,-8.404988647E-1,5.657613277E-1
6.395994250E0,1.262394190E-1,-9.822184443E-1,5.498430133E-1
6.406017250E0,1.312267184E-1,-8.685702085E-1,5.057967305E-1
6.416040250E0,1.056194827E-1,-4.759974480E-1,4.337473214E-1
6.426063250E0,1.687043160E-2,2.004545331E-1,3.646260500E-1
6.436086250E0,-9.932130575E-2,7.028042078E-1,3.445426226E-1
6.446109250E0,-1.801642329E-1,6.741797924E-1,3.446573913E-1
6.456132250E0,-1.362911910E-1,2.382749468E-1,3.773814142E-1
6.466155250E0,-4.918771610E-2,-2.841693163E-1,4.565199018E-1
6.476178250E0,-3.126198798E-2,-7.073804736E-1,5.042457581E-1
6.486201250E0,-2.221789211E-2,-9.139291048E-1,4.119128883E-1
6.496224250E0,-7.447692752E-2,-6.847001314E-1,1.822632253E-1
6.506247250E0,-1.759215295E-1,-1.317973137E-1,-5.384433083E-3
6.516270250E0,-2.649001479E-1,3.079891503E-1,-3.103374504E-2
6.526293250E0,-2.994000614E-1,5.658134818E-1,6.570078433E-2
6.536316250E0,-3.012909889E-1,6.854004860E-1,1.719156504E-1
6.546339250E0,-2.940631807E-1,6.571204066E-1,1.828955859E-1
6.556363250E0,-2.615803182E-1,5.814797878E-1,1.147084907E-1
6.566386250E0,-2.226808369E-1,4.983609319E-1,2.909521572E-3
6.576409250E0,-1.517807394E-1,3.539097011E-1,-1.211789250E-1
6.586432250E0,-1.262239814E-1,1.695225388E-1,-2.062932849E-1
6.596455250E0,-1.045064703E-1,-8.166454732E-3,-2.214815766E-1
6.606478250E0,-1.321857572E-1,-1.807643324E-1,-2.007046640E-1
6.616501250E0,-1.939341277E-1,-3.380731642E-1,-1.854945421E-1
6.626524250E0,-2.080419660E-1,-4.446994662E-1,-1.924837530E-1
6.636547250E0,-2.077233493E-1,-5.435839295E-1,-2.023807168E-1
6.646570250E0,-2.375424951E-1,-6.919571757E-1,-2.018036097E-1
6.656593250E0,-2.971540987E-1,-8.826143146E-1,-2.008330077E-1
6.666616250E0,-3.875724077E-1,-1.073814869E0,-2.395745367E-1
6.676639250E0,-4.459937215E-1,-1.093056321E0,-3.120893538E-1
6.686662250E0,-7.488241792E-1,-8.441585302E-1,-4.037361741E-1
6.696685250E0,-9.916189909E-1,-3.826761842E-1,-4.465600848E-1
6.706708250E0,-5.476735234E-1,2.164911181E-1,-2.421198636E-1
6.716731250E0,-1.433826387E-1,4.572641253E-1,-8.170516044E-2
6.726754250E0,1.248155236E-1,1.331004202E-1,-7.190419734E-2
6.736777250E0,1.207307950E-1,-6.374121904E-1,-9.182710201E-2
6.746801250E0,1.028588563E-1,-9.478427768E-1,-8.256462961E-2
6.756824250E0,4.146703519E-3,-2.920615375E-1,-2.492814511E-1
6.766847250E0,-7.770635188E-2,4.848062694E-1,-5.324108601E-1
6.776870250E0,-2.233619392E-1,8.044754863E-1,-7.232865691E-1
6.786893250E0,-3.648684621E-1,7.720837593E-1,-7.151796818E-1
6.796916250E0,-3.221101463E-1,6.761559844E-1,-5.480984449E-1
6.806939250E0,-1.876279712E-1,7.164253592E-1,-4.375633895E-1
6.816962250E0,-3.420988470E-2,7.535796762E-1,-4.845809042E-1
6.826984292E0,2.104990557E-2,4.270747900E-1,-5.254026055E-1
6.837007292E0,2.799983695E-2,-4.130779505E-1,-3.341580033E-1
6.847030292E0,1.355220377E-1,-1.513262033E0,2.277990058E-2
6.857053292E0,1.586723775E-1,-2.415845394E0,3.068936169E-1
6.867076291E0,8.767302334E-2,-2.755263805E0,3.643129766E-1
6.877099292E0,-4.162977636E-2,-2.488679886E0,2.034953535E-1
6.887122292E0,-1.706671119E-1,-1.834196806E0,-6.441251934E-2
6.897145292E0,-2.223354578E-1,-1.102151036E0,-3.040747046E-1
6.907168292E0,-3.094730377E-1,-5.235525966E-1,-4.444768429E-1
6.917191291E0,-4.494200349E-1,-1.430405080E-1,-4.994256496E-1
6.927215292E0,-7.278420925E-1,-1.229129732E-2,-5.265446305E-1
6.937238292E0,-9.307868481E-1,-5.152806174E-3,-5.297653675E-1
6.947261292E0,-9.473612905E-1,-7.056909800E-2,-4.192745686E-1
6.957284292E0,-9.565815926E-1,-3.936448395E-1,-2.179707289E-1
6.967307291E0,-9.419235587E-1,-9.834729433E-1,-1.274528056E-1
6.977330292E0,-9.417870045E-1,-1.718064666E0,-2.698624432E-1
6.987353292E0,-9.773609638E-1,-2.166376114E0,-4.655624330E-1
6.997376292E0,-1.100977898E0,-2.185795546E0,-5.481448770E-1
7.007399291E0,-1.229967594E0,-1.986815453E0,-4.323066473E-1
7.017422291E0,-1.353851557E0,-1.854074121E0,-1.226165071E-1
7.027445292E0,-1.470096231E0,-1.696501493E0,3.173230588E-1
7.037468292E0,-1.569049716E0,-1.444192648E0,7.511588335E-1
7.047491292E0,-1.561155796E0,-1.131051540E0,1.075383782E0
7.057514291E0,-1.377566695E0,-7.112322450E-1,1.209930539E0
7.067537292E0,-1.215549231E0,1.642986014E-2,1.083211780E0
7.077560292E0,-1.109069943E0,8.868830204E-1,7.678260803E-1
7.087583292E0,-1.042482853E0,1.446917892E0,4.623447657E-1
7.097606292E0,-9.935194850E-1,1.558510065E0,2.823962271E-1
7.107629291E0,-1.009911537E0,1.486116052E0,1.562329382E-1
7.117653292E0,-1.011052251E0,1.260203362E0,4.834684730E-2
7.127676292E0,-8.454588652E-1,8.611138463E-1,6.879564375E-3
7.137699292E0,-5.415578485E-1,5.500466824E-1,3.702327609E-2
7.147722292E0,-2.777605653E-1,4.037235379E-1,6.652045250E-2
7.157745291E0,-1.591644585E-1,3.954497576E-1,-2.631680667E-2
7.167768292E0,-1.340196878E-1,3.345161080E-1,-2.499674708E-1
7.177791292E0,-1.855519861E-1,1.883517951E-1,-4.672652483E-1
7.187814292E0,-2.145119905E-1,9.399893880E-2,-5.278664827E-1
7.197837292E0,-2.541259527E-1,1.893554479E-1,-4.114548266E-1
7.207860291E0,-1.596710682E-1,4.672264755E-1,-2.299300432E-1
7.217883292E0,2.273616940E-1,4.329968393E-1,-9.219847620E-2
7.227906292E0,3.637914360E-1,1.094547138E-1,-1.393638700E-1
7.237929292E0,2.126105875E-1,-2.416111976E-1,-3.045292497E-1
7.247952292E0,2.012822218E-2,-5.432972908E-1,-3.550646007E-1
7.257975291E0,6.288969517E-2,-8.535601497E-1,-1.763216108E-1
7.267998292E0,2.751441896E-1,-1.109754324E0,8.748419583E-2
7.278021292E0,4.177161455E-1,-1.128269315E0,2.376382649E-1
7.288044292E0,4.811779559E-1,-9.147676826E-1,2.575435340E-1
7.298068292E0,8.675597310E-1,-8.147057295E-1,2.931407988E-1
7.308091291E0,9.313530922E-1,-6.470578909E-1,3.240116537E-1
7.318114292E0,7.317502499E-1,-5.408436060E-1,2.874461114E-1
7.328137292E0,5.218631029E-1,-4.046420753E-1,2.306318283E-1
7.338160292E0,6.801039577E-1,-4.623432159E-1,1.730508953E-1
7.348183291E0,8.439829350E-1,-1.412722468E-1,5.035027862E-2
7.358206291E0,8.793633580E-1,3.974768519E-1,-1.454419941E-1
7.368229292E0,9.297729731E-1,7.470149398E-1,-3.203988969E-1
7.378252292E0,8.638848066E-1,8.087756038E-1,-4.133208394E-1
7.388275292E0,7.346421480E-1,5.360977650E-1,-3.635000288E-1
7.398298291E0,8.183894753E-1,-5.980082974E-2,-6.777071953E-2
7.408321292E0,1.024085879E0,-5.352440476E-1,4.399351180E-1
7.418344292E0,1.016491652E0,-6.034315228E-1,8.513815403E-1
7.428367292E0,7.011513710E-1,-6.608495116E-1,9.186847210E-1
7.438390292E0,1.998180449E-1,-7.913137674E-1,8.037338257E-1
7.448413291E0,-3.063269258E-1,-8.366415501E-1,7.878670096E-1
7.458436292E0,-5.915153623E-1,-8.542465568E-1,8.734000325E-1
7.468459292E0,-6.672279835E-1,-8.198470473E-1,9.675233364E-1
7.478482292E0,-6.184073687E-1,-6.571942568E-1,1.011885166E0
7.488506292E0,-5.043002367E-1,-4.052690864E-1,9.424107671E-1
7.498529291E0,-2.818385065E-1,-1.163645834E-2,7.740449905E-1
7.508552292E0,-1.286281496E-1,5.071970820E-1,4.854733944E-1
7.518575292E0,-1.847501099E-1,8.235367537E-1,8.933915198E-2
7.528598292E0,7.929006219E-2,5.631347299E-1,-3.981018960E-1
7.538621292E0,2.645489275E-1,2.306536026E-2,-9.817033410E-1
7.548644291E0,-3.588416576E-1,-3.545740843E-1,-1.565722823E0
7.558667292E0,-1.222633839E0,-9.048347920E-2,-1.716313958E0
7.568690292E0,-1.450028896E0,4.916297197E-1,-1.077070594E0
7.578713292E0,-1.118464470E0,1.441733390E-1,-1.471406370E-1
7.588736292E0,-5.783839226E-1,-7.293807268E-1,5.561317801E-1
7.598759291E0,-1.205832735E-1,-1.264166832E0,9.815243483E-1
7.608782292E0,3.045977093E-2,-1.542112112E0,1.086552501E0
7.618805292E0,-2.592115700E-1,-2.250108480E0,1.198091745E0
7.628828292E0,-6.321014762E-1,-3.615958214E0,1.613631725E0
7.638851292E0,-7.336258888E-1,-4.939772129E0,2.120444298E0
7.648874291E0,-7.419128418E-1,-5.368649006E0,2.428045988E0
7.658897292E0,-8.781166673E-1,-4.494602680E0,2.520323277E0
7.668921292E0,-3.987415731E-1,-2.896691799E0,2.490068674E0
7.678944292E0,5.132836699E-1,-8.117151856E-1,2.429468393E0
7.688967291E0,1.535428047E0,1.438009262E0,2.260024071E0
7.698990291E0,2.672169447E0,3.383064032E0,1.739631653E0
7.709013292E0,3.534245968E0,5.062098026E0,9.679538608E-1
7.719036292E0,3.896719217E0,6.497880459E0,2.904624641E-1
7.729059292E0,3.571887255E0,7.787322521E0,3.478383273E-2
7.739082291E0,3.142298698E0,8.351469994E0,5.230546594E-1
7.749105292E0,3.028828144E0,7.387812614E0,1.569050789E0
7.759128292E0,3.100228548E0,5.120495319E0,2.663412809E0
7.769151292E0,3.211723804E0,3.028327703E0,3.529063940E0
7.779174292E0,3.277783871E0,1.980176806E0,3.978745937E0
7.789197291E0,3.272125483E0,1.731680751E0,3.987277508E0
7.799220292E0,3.218661785E0,1.825890899E0,3.697013855E0
7.809243292E0,3.197736502E0,2.041227579E0,3.220513344E0
7.819266667E0,3.211297512E0,2.422348976E0,2.595799446E0
7.829289667E0,3.139014959E0,2.807403803E0,1.967512965E0
7.839312667E0,3.006878853E0,3.014918089E0,1.499521971E0
7.849336667E0,2.961001158E0,2.809235573E0,1.226296544E0
7.859359666E0,2.870923042E0,2.145488739E0,1.148679137E0
7.869382667E0,2.717177153E0,1.452283144E0,1.279779673E0
7.879405667E0,2.655987263E0,7.959824204E-1,1.544660926E0
7.889428667E0,2.538058758E0,2.292697430E-1,1.755802155E0
7.899451667E0,2.326013565E0,-1.604886204E-1,1.814291954E0
7.909474666E0,2.016369104E0,-3.574738801E-1,1.770843506E0
7.919497667E0,1.667791247E0,-3.458118439E-1,1.646894097E0
7.929520667E0,1.672930598E0,-9.020085633E-2,1.484173059E0
7.939543667E0,1.520438910E0,6.950087845E-2,1.220236659E0
7.949566667E0,1.563953400E0,4.368325472E-1,9.039335847E-1
7.959589666E0,1.145836115E0,9.061637521E-1,5.255693197E-1
7.969612667E0,3.873401284E-1,1.490200400E0,2.036117911E-1
7.979635667E0,8.911419660E-2,1.541512251E0,1.349516511E-1
7.989658667E0,2.168668807E-2,5.836879015E-1,2.912778556E-1
7.999681666E0,-1.050578952E-1,-6.612927914E-1,4.950973094E-1
8.009704667E0,-3.016476631E-1,-1.440951347E0,5.889164805E-1
8.019727667E0,-3.843977451E-1,-1.674181223E0,4.576320946E-1
8.029751667E0,-3.862390518E-1,-1.214126229E0,4.752685875E-2
8.039774667E0,-5.392807126E-1,-6.461042911E-2,-5.537400246E-1
8.049797666E0,-6.120576859E-1,1.319241524E0,-1.031202078E0
8.059820667E0,-4.277513027E-1,2.158363581E0,-1.228567600E0
8.069843667E0,2.581948340E-1,2.055609941E0,-1.273108125E0
8.079866667E0,8.241683841E-1,1.716805458E0,-1.411406994E0
8.089889667E0,6.611781120E-1,1.744060278E0,-1.301663995E0
8.099912666E0,-9.301461279E-2,1.208225608E0,-6.987007260E-1
8.109935667E0,-4.365634620E-1,-4.202761054E-1,9.746485204E-2
8.119958667E0,-3.396166265E-1,-2.176651478E0,6.955955625E-1
8.129981667E0,-2.112799734E-1,-3.141876459E0,1.000016451E0
8.140004667E0,-1.385638416E-1,-3.385939121E0,1.142268181E0
8.150027666E0,-1.174324602E-1,-3.036926270E0,1.180722356E0
8.160050667E0,-1.329406351E-1,-2.517781734E0,1.066991687E0
8.170073667E0,-1.760125905E-2,-2.147331953E0,7.425485849E-1
8.180096667E0,1.152907163E-1,-1.444724321E0,2.834106088E-1
8.190119667E0,1.101239175E-1,7.404031232E-3,-2.616773918E-2
8.200142666E0,1.117992699E-1,1.912510276E0,8.768293262E-2
8.210165667E0,2.383790463E-1,3.509332418E0,3.523670435E-1
8.220189667E0,3.989709914E-1,4.585321426E0,3.028922975E-1
8.230212667E0,3.324097991E-1,4.927118778E0,-9.528713301E-3
8.240235667E0,-1.602445841E-1,4.506390095E0,-2.484269589E-1
8.250258666E0,-5.258142948E-1,3.541268110E0,-2.541383803E-1
8.260281667E0,-4.575673640E-1,2.418246269E0,-1.500424892E-1
8.270304667E0,-2.120073885E-1,1.413834929E0,-9.994016588E-2
8.280327667E0,-1.089146063E-1,7.567887902E-1,-1.026672348E-1
8.290350667E0,-1.276278347E-1,3.280914724E-1,-6.606502086E-2
8.300373666E0,-1.998618692E-1,5.403125286E-2,6.938202679E-2
8.310396667E0,-3.008345664E-1,7.426754385E-2,1.577952504E-1
8.320419667E0,-3.478581607E-1,3.646736145E-1,1.827911288E-1
8.330442667E0,-2.860813737E-1,6.739472747E-1,2.712051570E-1
8.340465666E0,-2.332156152E-1,8.546636105E-1,3.570528328E-1
8.350488667E0,-4.476900995E-1,9.050602317E-1,3.627839386E-1
8.360511667E0,-7.424215674E-1,8.786161542E-1,3.366383016E-1
8.370534667E0,-7.590306401E-1,7.135196328E-1,2.311044186E-1
8.380557667E0,-5.895621181E-1,4.900240898E-1,9.822312742E-2
8.390580666E0,-4.317493141E-1,-3.001325577E-2,2.949812450E-2
8.400603667E0,-2.713077366E-1,-8.874936104E-1,-2.394952998E-2
8.410627667E0,-9.513350576E-2,-1.631067395E0,-1.264234334E-1
8.420650667E0,-2.027868852E-2,-2.016371965E0,-3.046857119E-1
8.430673667E0,-2.126379311E-2,-2.147658587E0,-5.574636459E-1
8.440696666E0,3.021060117E-2,-2.086305380E0,-8.936328292E-1
8.450719667E0,3.332365155E-1,-1.666774035E0,-1.069692016E0
8.460742667E0,5.645065904E-1,-1.508883834E0,-9.450184703E-1
8.470765667E0,4.933349192E-1,-1.134498000E0,-6.880460382E-1
8.480788667E0,4.463554621E-1,-9.548068047E-3,-2.993756831E-1
8.490811666E0,5.770732760E-1,1.351266026E0,1.520711184E-1
8.500834667E0,7.642470002E-1,2.311929464E0,4.784478843E-1
8.510857667E0,8.771395087E-1,2.709184885E0,6.494864821E-1
8.520880667E0,9.560530782E-1,2.713918686E0,7.242875695E-1
8.530903667E0,9.026598930E-1,2.477028370E0,7.825335264E-1
8.540926666E0,6.504728198E-1,2.095849752E0,7.450726628E-1
8.550949667E0,4.315492511E-1,1.871701956E0,4.707809389E-1
8.560972667E0,3.961771727E-1,1.887624025E0,1.526101381E-1
8.570995667E0,5.129946470E-1,1.689927459E0,6.775941700E-2
8.581018667E0,6.826678514E-1,1.115620136E0,1.564998180E-1
8.591041666E0,7.728712559E-1,3.673962951E-1,2.144938707E-1
8.601064667E0,7.701614499E-1,-2.166144997E-1,1.229861230E-1
8.611088667E0,7.135266662E-1,-4.795452058E-1,-1.250991784E-2
8.621111667E0,4.846288860E-1,-5.269729495E-1,-5.403731763E-2
8.631134667E0,2.319843769E-1,-2.537959814E-1,5.662820861E-2
8.641157666E0,1.826193929E-1,1.402096748E-1,2.370109558E-1
8.651180667E0,1.108264327E-1,4.980061352E-1,2.351771146E-1
8.661203667E0,3.021912277E-2,1.007861733E0,4.417859390E-2
8.671226667E0,5.032572150E-2,1.512441278E0,-1.665789038E-1
8.681249666E0,4.734376818E-2,1.789361835E0,-3.173717558E-1
8.691272667E0,5.392310768E-2,1.802206516E0,-3.575836420E-1
8.701295667E0,1.207123399E-1,1.561416149E0,-3.063756824E-1
8.711318667E0,1.810768843E-1,1.170519471E0,-2.037387937E-1
8.721341667E0,2.418284863E-1,7.531192303E-1,-4.843210429E-2
8.731364666E0,2.820768356E-1,2.488715053E-1,5.575608462E-2
8.741387667E0,3.166779578E-1,-2.372076809E-1,3.269890696E-2
8.751410667E0,3.297261000E-1,-4.946195185E-1,-4.982446507E-2
8.761433667E0,2.447608411E-1,-5.823420882E-1,-1.407195926E-1
8.771456667E0,1.744656414E-1,-5.403275490E-1,-2.198016346E-1
8.781479666E0,1.927281320E-1,-4.746286869E-1,-2.996734679E-1
8.791502667E0,2.229728550E-1,-3.710128069E-1,-3.912734091E-1
8.801526667E0,1.844142824E-1,-3.447672725E-2,-5.046692491E-1
8.811549667E0,1.451227963E-1,5.309102535E-1,-5.702176690E-1
8.821572667E0,8.973118663E-2,9.731607437E-1,-6.149322391E-1
8.831595666E0,6.649430096E-2,1.059283137E0,-6.666902304E-1
8.841618667E0,7.327233441E-3,7.504233122E-1,-6.909641027E-1
8.851641667E0,-1.512973011E-1,1.493824720E-1,-6.736751199E-1
8.861664667E0,-1.614228189E-1,-5.472314954E-1,-5.970433950E-1
8.871687667E0,-4.407462105E-2,-1.141516805E0,-4.572700858E-1
8.881710666E0,7.132495940E-2,-1.458036542E0,-3.760510385E-1
8.891733667E0,2.214697152E-1,-1.454516172E0,-3.791429698E-1
8.901756667E0,2.895514369E-1,-1.210560799E0,-4.784509838E-1
8.911779667E0,2.646263838E-1,-8.087247014E-1,-5.897216201E-1
8.921802667E0,2.419064790E-1,-3.373470604E-1,-6.255024076E-1
8.931825666E0,2.375519425E-1,4.399870336E-2,-6.447320580E-1
8.941848667E0,1.836331338E-1,1.509279758E-1,-6.823154092E-1
8.951871667E0,9.315063059E-2,5.924917758E-2,-6.585464478E-1
8.961894667E0,6.490770727E-2,-7.495155931E-2,-5.915783644E-1
8.971917666E0,1.817874610E-1,-1.806668043E-1,-5.748736858E-1
8.981940667E0,1.908371449E-1,-4.478372335E-1,-5.957270861E-1
8.991964667E0,1.618664712E-1,-8.845503926E-1,-6.208878160E-1
9.001987667E0,1.131254733E-1,-1.249202728E0,-6.174914837E-1
9.012010667E0,5.222324282E-2,-1.481812596E0,-5.969073772E-1
9.022033666E0,5.255373567E-2,-1.632259011E0,-5.490608811E-1
9.032056667E0,1.379354745E-1,-1.756281137E0,-4.721743762E-1
9.042079667E0,1.202499270E-1,-1.735315919E0,-4.401915967E-1
9.052102667E0,-5.257164687E-2,-1.474833488E0,-4.898310602E-1
9.062125667E0,-2.546179891E-1,-1.024214864E0,-5.694285631E-1
9.072148666E0,-3.760839701E-1,-4.883234799E-1,-6.276002526E-1
9.082171667E0,-4.440926909E-1,5.077200010E-2,-6.585780978E-1
9.092194667E0,-5.106687546E-1,3.598084152E-1,-6.542429924E-1
9.102217667E0,-5.000696778E-1,4.816330969E-1,-6.089679003E-1
9.112240667E0,-3.857375085E-1,3.568320572E-1,-5.496561527E-1
9.122263666E0,-3.414364457E-1,1.542204022E-1,-5.576258302E-1
9.132286667E0,-2.613557279E-1,9.340712801E-3,-5.726745129E-1
9.142309667E0,-2.318181545E-1,-2.093450874E-1,-5.338625312E-1
9.152332667E0,-1.966793388E-1,-2.029148787E-1,-4.692630768E-1
9.162355667E0,-5.934465677E-2,-7.083940506E-2,-4.325570166E-1
9.172378666E0,-7.045243680E-2,-2.314406913E-3,-4.486592710E-1
9.182402667E0,-1.575181186E-1,2.363695577E-2,-4.863852561E-1
9.192425667E0,-1.347976178E-1,6.269993633E-2,-5.256837010E-1
9.202448667E0,-2.666279674E-1,3.300216794E-1,-5.961213708E-1
9.212471667E0,-3.613454401E-1,7.069801688E-1,-6.792079806E-1
9.222494666E0,-3.725330830E-1,1.062874913E0,-8.037391305E-1
9.232517667E0,-4.612885416E-1,1.322071791E0,-8.011340499E-1
9.242540667E0,-4.921828806E-1,1.184936643E0,-6.448100805E-1
9.252563667E0,-3.496603668E-1,6.249384284E-1,-4.699333310E-1
9.262586667E0,-3.450960517E-1,-2.881560102E-2,-3.999124765E-1
9.272609666E0,-2.159423530E-1,-5.226705670E-1,-4.223067462E-1
9.282632667E0,-9.290540218E-2,-6.066681147E-1,-5.186468959E-1
9.292655667E0,-5.280645564E-2,-3.191356361E-1,-6.508145332E-1
9.302678667E0,-9.294139594E-2,-1.863409132E-1,-7.306092978E-1
9.312701666E0,-2.011339217E-1,-3.199042976E-1,-7.299738526E-1
9.322724667E0,-2.439247668E-1,-6.055916548E-1,-6.627094150E-1
9.332747667E0,-3.186453283E-1,-7.851403356E-1,-5.943176150E-1
9.342770667E0,-4.096133113E-1,-6.370007992E-1,-6.115401983E-1
9.352793667E0,-4.536431134E-1,-2.900724113E-1,-7.166103721E-1
9.362816666E0,-4.833954275E-1,9.423428029E-2,-8.346825838E-1
9.372839667E0,-5.070336461E-1,2.929702699E-1,-9.020006657E-1
9.382863667E0,-4.959831536E-1,1.203361154E-1,-9.144857526E-1
9.392886667E0,-4.450741410E-1,-2.573230565E-1,-8.977536559E-1
9.402909667E0,-4.829770029E-1,-6.861520410E-1,-8.539147973E-1
9.412932666E0,-4.786147177E-1,-1.018176079E0,-7.741318345E-1
9.422955667E0,-4.741852880E-1,-1.098864675E0,-7.347892523E-1
9.432978667E0,-4.881317317E-1,-1.108672261E0,-7.454530597E-1
9.443001667E0,-5.273153782E-1,-1.364524007E0,-7.910103202E-1
9.453024667E0,-6.347342730E-1,-1.691468596E0,-8.442367911E-1
9.463047666E0,-6.851269007E-1,-1.924703717E0,-8.514051437E-1
9.473070667E0,-6.924383640E-1,-1.958013654E0,-8.499670029E-1
9.483093667E0,-7.749087811E-1,-1.717005968E0,-8.481333256E-1
9.493116667E0,-7.636849284E-1,-1.483577967E0,-8.363480568E-1
9.503139667E0,-6.949030161E-1,-1.239265442E0,-9.194867611E-1
9.513162666E0,-7.166759372E-1,-9.528632164E-1,-1.088670969E0
9.523185667E0,-7.188950777E-1,-8.826421499E-1,-1.237757325E0
9.533208667E0,-7.481264472E-1,-9.159719348E-1,-1.305318594E0
9.543231667E0,-7.609276175E-1,-8.690512180E-1,-1.312298894E0
9.553254667E0,-7.612708807E-1,-8.599144220E-1,-1.266313314E0
9.563277666E0,-7.454661131E-1,-9.089569449E-1,-1.170396090E0
9.573300667E0,-6.600923538E-1,-9.870104790E-1,-1.081841111E0
9.583324667E0,-5.883218050E-1,-9.870439172E-1,-1.096185565E0
9.593347667E0,-4.506401122E-1,-9.409493804E-1,-1.243689537E0
9.603370667E0,-3.656244576E-1,-7.359679341E-1,-1.468254328E0
9.613393666E0,-4.081966579E-1,-6.109722257E-1,-1.637090445E0
9.623416667E0,-4.882746041E-1,-6.811853647E-1,-1.667419910E0
9.633439667E0,-5.847106576E-1,-8.818939328E-1,-1.574719310E0
9.643462667E0,-6.969870925E-1,-1.053650498E0,-1.427947402E0
9.653485666E0,-7.261692286E-1,-1.054445505E0,-1.279750705E0
9.663508667E0,-7.211042047E-1,-7.406972051E-1,-1.201751471E0
9.673531667E0,-6.139322519E-1,-3.670935333E-1,-1.185009599E0
9.683554667E0,-5.177943707E-1,-1.380421221E-1,-1.236705422E0
9.693577667E0,-3.946028948E-1,2.535107359E-2,-1.352861047E0
9.703600666E0,-3.140245378E-1,1.283191144E-1,-1.435082912E0
9.713623667E0,-5.248084664E-1,4.762613028E-2,-1.442472935E0
9.723646667E0,-7.359629273E-1,-2.574695051E-1,-1.314917445E0
9.733669667E0,-9.205127954E-1,-5.844037533E-1,-1.108703017E0
9.743692667E0,-1.095765114E0,-8.217800856E-1,-9.935057163E-1
9.753715666E0,-1.017723799E0,-8.468052745E-1,-1.001510859E0
9.763738667E0,-8.865444660E-1,-4.748265743E-1,-1.077069521E0
9.773762667E0,-6.467018127E-1,5.988636613E-2,-1.187264204E0
9.783785667E0,-4.260252118E-1,5.975418091E-1,-1.274249673E0
9.793808667E0,-4.377332628E-1,9.939719439E-1,-1.331547499E0
9.803831666E0,-4.033178091E-1,1.055277467E0,-1.279675961E0
9.813854667E0,-4.960184693E-1,9.256505370E-1,-1.111830473E0
9.823878125E0,-6.454348564E-1,6.641839147E-1,-8.665878177E-1
9.833901125E0,-6.110894084E-1,5.479041934E-1,-5.647960305E-1
9.843924125E0,-5.381106734E-1,4.895521700E-1,-3.497982025E-1
9.853947125E0,-3.220627904E-1,4.217677712E-1,-3.417700827E-1
9.863970125E0,-2.487333566E-1,3.092392087E-1,-4.688040912E-1
9.873993125E0,-2.438097000E-1,-7.982255518E-2,-5.879078507E-1
9.884016125E0,-2.687126994E-1,-5.529053211E-1,-5.586212873E-1
9.894039125E0,-3.721240461E-1,-8.989101052E-1,-4.175531566E-1
9.904062125E0,-2.953017652E-1,-1.044937015E0,-2.621623576E-1
9.914085125E0,-2.772263587E-1,-1.111129403E0,-2.111612409E-1
9.924108125E0,-2.035087496E-1,-1.147773743E0,-2.715175748E-1
9.934131125E0,-2.655805554E-3,-9.620887637E-1,-3.213189542E-1
9.944154125E0,8.689437807E-2,-6.486071944E-1,-4.391751587E-1
9.954177125E0,1.022549570E-1,-2.076332122E-1,-5.247611403E-1
9.964200125E0,-5.329647660E-2,4.495869577E-2,-4.659592211E-1
9.974224125E0,-1.357972026E-1,-2.143863291E-1,-2.899738252E-1
9.984247125E0,-1.431720555E-1,-7.142046690E-1,-6.039162353E-2
9.994270125E0,-1.733294278E-1,-9.258590937E-1,1.630302817E-1
1.000429312E1,-2.588769495E-1,-9.027634859E-1,2.954466939E-1
1.001431612E1,-1.674413085E-1,-7.275554538E-1,2.560833097E-1
1.002433912E1,-1.731426120E-1,-4.549392164E-1,1.006923392E-1
1.003436212E1,-3.461367786E-1,-2.606174052E-1,-9.588037431E-2
1.004438512E1,-5.218586326E-1,-1.752439588E-1,-1.719264090E-1
1.005440812E1,-4.844159186E-1,-1.804839969E-1,-7.915572822E-2
1.006443112E1,-4.721505046E-1,-1.569702327E-1,3.272359446E-2
1.007445412E1,-5.652208328E-1,-1.780704558E-1,4.107819870E-2
1.008447712E1,-6.098333597E-1,-3.732891381E-1,6.357614696E-2
1.009450012E1,-7.046272159E-1,-7.446919680E-1,1.301748753E-1
1.010452312E1,-7.007657886E-1,-1.017765522E0,1.294063330E-1
1.011454612E1,-7.196337581E-1,-7.810283303E-1,8.667644858E-2
1.012456913E1,-7.173318267E-1,-2.913293242E-1,-7.591545582E-2
1.013459212E1,-6.695001125E-1,-3.440033877E-3,-3.252523243E-1
1.014461512E1,-7.736162543E-1,9.584281594E-3,-5.612795949E-1
1.015463812E1,-8.243005276E-1,5.371925235E-2,-5.887761712E-1
1.016466112E1,-8.880618811E-1,3.601755798E-1,-3.816741109E-1
1.017468513E1,-8.209686279E-1,6.505253911E-1,2.018691041E-3
1.018470812E1,-7.494746447E-1,5.125782490E-1,3.966385722E-1
1.019473112E1,-8.155428767E-1,-4.779424891E-2,5.658126473E-1
1.020475412E1,-8.447464705E-1,-8.009005785E-1,4.413748085E-1
1.021477712E1,-8.130849600E-1,-1.490481973E0,8.811821043E-2
1.022480012E1,-7.382985353E-1,-1.680854201E0,-2.692685425E-1
1.023482312E1,-7.606184483E-1,-1.294150710E0,-4.381558299E-1
1.024484612E1,-7.220693231E-1,-9.682375789E-1,-3.945688903E-1
1.025486912E1,-6.242769957E-1,-8.429396152E-1,-2.555279136E-1
1.026489212E1,-5.599841475E-1,-5.048158169E-1,-8.212382346E-2
1.027491512E1,-5.231733918E-1,-1.817445755E-1,5.361270159E-2
1.028493812E1,-4.696491659E-1,-4.418901503E-1,8.558554947E-2
1.029496112E1,-5.419175029E-1,-1.168448925E0,-8.121968061E-2
1.030498412E1,-5.961058140E-1,-1.823465466E0,-3.348333836E-1
1.031500712E1,-5.698292255E-1,-2.053463697E0,-5.156971216E-1
1.032503012E1,-6.236404777E-1,-1.784217119E0,-6.022200584E-1
1.033505312E1,-6.919944882E-1,-1.180449367E0,-5.135652423E-1
1.034507612E1,-6.527308822E-1,-6.123418808E-1,-2.649685144E-1
1.035509912E1,-6.473784447E-1,-3.806141019E-1,-1.101501957E-1
1.036512212E1,-6.880843639E-1,-4.373999536E-1,-1.253234893E-1
1.037514612E1,-6.795957685E-1,-1.036862016E0,-2.846388221E-1
1.038516912E1,-7.532439828E-1,-1.522584677E0,-3.925026059E-1
1.039519212E1,-8.844086528E-1,-1.592333674E0,-4.905250371E-1
1.040521512E1,-8.527968526E-1,-1.561069489E0,-6.166421175E-1
1.041523812E1,-8.480619788E-1,-1.295227051E0,-7.227533460E-1
1.042526112E1,-8.002405167E-1,-9.481642246E-1,-6.686264277E-1
1.043528412E1,-7.301671505E-1,-5.411418676E-1,-4.787073433E-1
1.044530712E1,-6.883124113E-1,-1.958779097E-1,-3.043150604E-1
1.045533012E1,-5.791262984E-1,-8.038781583E-2,-2.109529078E-1
1.046535313E1,-6.090478301E-1,-5.537231565E-1,-3.019094467E-1
1.047537612E1,-6.041135192E-1,-1.196164489E0,-4.767837822E-1
1.048539912E1,-4.296057522E-1,-1.394356728E0,-5.561819077E-1
1.049542212E1,-2.336799055E-1,-1.384071589E0,-4.890543222E-1
1.050544512E1,-2.145178765E-1,-1.043529868E0,-2.173516750E-1
1.051546812E1,-2.964015603E-1,-4.368188679E-1,1.841619313E-1
1.052549112E1,-3.539890051E-1,-2.735213935E-1,4.638817012E-1
1.053551412E1,-4.394074976E-1,-7.193236947E-1,4.668724537E-1
1.054553712E1,-4.492569268E-1,-1.005235195E0,3.440811038E-1
1.055556012E1,-4.067219794E-1,-7.776116133E-1,1.535271257E-1
1.056558312E1,-3.238122761E-1,-6.560158730E-1,-8.322783560E-2
1.057560612E1,-1.778220683E-1,-7.058766484E-1,-1.661701202E-1
1.058563012E1,-2.524145246E-1,-7.467905283E-1,-3.000934049E-2
1.059565312E1,-1.995867342E-1,-6.742406487E-1,1.122617871E-1
1.060567612E1,-1.161480471E-1,-7.579987049E-1,4.822833464E-2
1.061569912E1,-2.232206911E-1,-1.025730729E0,-2.373709381E-1
1.062572212E1,-2.339633256E-1,-9.816069007E-1,-4.665431976E-1
1.063574512E1,-1.717129946E-1,-8.332123756E-1,-5.391622782E-1
1.064576812E1,-1.033943594E-1,-6.533173323E-1,-4.236503243E-1
1.065579112E1,-1.943239868E-1,-6.927731037E-1,-2.558064461E-1
1.066581412E1,-2.498428971E-1,-5.093796253E-1,-1.030583158E-1
1.067583712E1,-3.181692362E-1,-2.059683055E-1,-4.648772255E-2
1.068586012E1,-2.693576217E-1,3.051316142E-1,-9.566000104E-2
1.069588312E1,-3.185017407E-1,2.800584733E-1,-1.641714126E-1
1.070590612E1,-2.909244895E-1,5.058863014E-2,-9.244436771E-2
1.071592912E1,-2.542359829E-1,3.873117268E-2,1.104064807E-1
1.072595212E1,-2.157114148E-1,1.505296119E-2,1.754072756E-1
1.073597512E1,-7.087299228E-2,3.460513949E-1,1.534244716E-1
1.074599812E1,-2.116133273E-1,3.791814744E-1,5.076938123E-2
1.075602113E1,-1.516045779E-1,3.302464187E-1,2.410048433E-2
1.076604412E1,2.918476239E-2,3.103283942E-1,9.956289828E-2
1.077606812E1,5.727525055E-2,3.913367167E-2,1.009133905E-1
1.078609112E1,3.959307075E-2,-1.549918950E-1,8.881983161E-2
1.079611412E1,2.360837609E-1,1.683605909E-1,8.087828010E-2
1.080613713E1,2.214927673E-1,3.411010504E-1,2.082519606E-2
1.081616012E1,1.214354187E-1,1.052200869E-1,-5.901211128E-2
1.082618225E1,1.481158733E-1,-3.340947628E-2,1.314416677E-1
1.083620525E1,1.222200766E-1,2.351737767E-1,3.450990617E-1
1.084622825E1,1.616011262E-1,8.502694368E-1,3.559083939E-1
1.085625125E1,4.723407328E-2,6.495480537E-1,1.616659462E-1
1.086627425E1,6.782043725E-2,3.318753839E-1,2.412865497E-2
1.087629725E1,9.181524813E-2,3.631819189E-1,6.350723561E-3
1.088632025E1,1.195826009E-2,4.158484042E-1,1.072010584E-2
1.089634325E1,1.036391780E-1,9.292464256E-1,1.223377213E-1
1.090636625E1,1.218474805E-1,9.477709532E-1,2.715947628E-1
1.091638925E1,1.767264456E-1,3.870640099E-1,3.746335208E-1
1.092641225E1,2.994912267E-1,-5.482535064E-2,4.317976832E-1
1.093643525E1,4.208839834E-1,8.755753748E-3,3.971273005E-1
1.094645825E1,4.001211226E-1,2.394785434E-1,3.108788431E-1
1.095648125E1,3.136967421E-1,4.288972020E-1,2.120598704E-1
1.096650425E1,4.866580367E-1,1.005210757E0,2.611555159E-1
1.097652725E1,4.365916550E-1,1.376891971E0,3.431979120E-1
1.098655025E1,2.748456895E-1,1.309236646E0,4.198076725E-1
1.099657425E1,2.789890468E-1,1.026120782E0,5.949698687E-1
1.100659725E1,2.000147402E-1,4.590896964E-1,7.167760730E-1
1.101662025E1,2.921012342E-1,3.894717395E-1,6.522002816E-1
1.102664325E1,3.304130733E-1,7.185777426E-1,4.919953942E-1
1.103666625E1,2.687339783E-1,7.051085234E-1,2.591512501E-1
1.104668925E1,4.555713236E-1,5.723752975E-1,1.233971119E-1
1.105671225E1,5.475193858E-1,2.870663106E-1,5.227473006E-2
1.106673525E1,6.552928686E-1,3.502238542E-2,-5.481051281E-2
1.107675825E1,8.368860483E-1,7.642601430E-2,-1.789095551E-1
1.108678125E1,8.827964664E-1,8.729318529E-2,-3.515095115E-1
1.109680425E1,9.164540172E-1,-1.295941323E-1,-5.194279552E-1
1.110682725E1,9.791092277E-1,-4.434058964E-1,-6.175090075E-1
1.111685025E1,9.484953880E-1,-7.904317379E-1,-6.451853514E-1
1.112687325E1,9.193648100E-1,-9.384614825E-1,-6.352674365E-1
1.113689625E1,8.263142109E-1,-1.178451180E0,-6.022098660E-1
1.114691925E1,7.990578413E-1,-1.548870802E0,-5.561913252E-1
1.115694225E1,9.026414752E-1,-1.732397556E0,-4.873752296E-1
1.116696525E1,8.625666499E-1,-1.566994429E0,-4.744645059E-1
1.117698825E1,6.540272832E-1,-1.198824167E0,-5.125583410E-1
1.118701125E1,5.274160504E-1,-7.572469115E-1,-4.857647121E-1
1.119703425E1,4.303792715E-1,-4.041428864E-1,-3.771769702E-1
1.120705825E1,4.017805457E-1,-1.807693392E-1,-2.521794438E-1
1.121708125E1,4.486689568E-1,-1.128246263E-1,-1.352714598E-1
1.122710425E1,4.534111023E-1,-1.801215112E-1,-4.983039573E-2
1.123712725E1,4.144655466E-1,-1.671260893E-1,-1.177675277E-2
1.124715025E1,3.174850345E-1,2.876535431E-2,-1.722311415E-2
1.125717325E1,1.762903631E-1,2.687281370E-1,-5.075391009E-2
1.126719625E1,5.465831980E-2,4.290873706E-1,-8.518920094E-2
1.127721925E1,-4.209272191E-2,5.161322355E-1,-1.155593544E-1
1.128724225E1,-4.282550141E-2,5.644540191E-1,-1.151698530E-1
1.129726525E1,-5.969214719E-3,5.382596850E-1,-8.280019462E-2
1.130728825E1,1.144659966E-1,4.657215476E-1,-3.266180679E-2
1.131731125E1,1.742728651E-1,4.168442786E-1,-6.083990447E-3
1.132733425E1,3.277888149E-2,4.407173693E-1,-4.858056456E-2
1.133735725E1,-1.298555583E-1,5.222916007E-1,-9.427508712E-2
1.134738025E1,-2.425963432E-1,5.990528464E-1,-8.503232151E-2
1.135740325E1,-3.359457254E-1,7.018793821E-1,-5.882548541E-2
1.136742625E1,-3.929843009E-1,8.695201874E-1,-8.288168907E-2
1.137744925E1,-4.440602660E-1,9.770370722E-1,-1.762300134E-1
1.138747225E1,-5.363678932E-1,9.723443389E-1,-3.045640886E-1
1.139749525E1,-6.030670404E-1,9.165593386E-1,-3.896563351E-1
1.140751825E1,-6.208394170E-1,7.986533046E-1,-3.717020452E-1
1.141754125E1,-6.432232857E-1,5.826134086E-1,-2.799012959E-1
1.142756425E1,-8.264282346E-1,3.264653385E-1,-1.749079823E-1
1.143758825E1,-1.046885729E0,1.272856593E-1,-2.702450007E-2
1.144761125E1,-1.277103662E0,-4.316760227E-2,2.098063529E-1
1.145763425E1,-1.159775376E0,-7.739667594E-2,5.364353657E-1
1.146765725E1,-9.809172750E-1,-6.955599785E-2,7.905668020E-1
1.147768025E1,-8.522943258E-1,-4.723391309E-2,8.527995348E-1
1.148770325E1,-7.566758394E-1,-5.377225950E-2,7.578049898E-1
1.149772625E1,-6.866951585E-1,-8.713438176E-3,6.081073880E-1
1.150774925E1,-6.491385698E-1,1.151472852E-1,4.843296707E-1
1.151777225E1,-6.635952592E-1,2.513333559E-1,4.567047060E-1
1.152779525E1,-7.071653605E-1,3.959119320E-1,5.407855511E-1
1.153781825E1,-8.093327284E-1,4.657538533E-1,6.897127032E-1
1.154784125E1,-1.028286338E0,3.934674859E-1,8.555034995E-1
1.155786425E1,-1.259957194E0,2.122143507E-1,1.065916896E0
1.156788725E1,-1.386305451E0,-3.661528230E-2,1.279335022E0
1.157791025E1,-1.337933064E0,-2.043667287E-1,1.428038239E0
1.158793325E1,-1.210749149E0,-2.829450965E-1,1.498647928E0
1.159795625E1,-1.066956520E0,-3.664218783E-1,1.553268313E0
1.160797925E1,-9.041476846E-1,-5.019649267E-1,1.708845019E0
1.161800225E1,-8.085620403E-1,-8.362760544E-1,1.997219324E0
1.162802525E1,-7.598396540E-1,-1.533245444E0,2.252593517E0
1.163804825E1,-7.834432125E-1,-2.319133282E0,2.294153690E0
1.164807125E1,-8.744472265E-1,-2.774261236E0,2.158037663E0
1.165809525E1,-8.851177096E-1,-2.887326717E0,2.042406559E0
1.166811825E1,-7.463116050E-1,-2.977837563E0,2.050366402E0
1.167814125E1,-4.973033965E-1,-3.175929546E0,2.185748100E0
1.168816425E1,-2.025004774E-1,-3.390701532E0,2.423337936E0
1.169818725E1,1.339619607E-1,-3.440330029E0,2.695412397E0
1.170821025E1,4.662071168E-1,-3.165093184E0,2.897694111E0
1.171823325E1,7.022949457E-1,-2.531468868E0,2.958009005E0
1.172825625E1,8.646997809E-1,-1.614885688E0,2.889405251E0
1.173827925E1,9.808503985E-1,-6.076337099E-1,2.737089157E0
1.174830225E1,9.776067138E-1,3.396884799E-1,2.498222589E0
1.175832525E1,8.513084054E-1,1.069429159E0,2.177643299E0
1.176834825E1,6.890424490E-1,1.448502421E0,1.821259022E0
1.177837125E1,5.083405972E-1,1.493799090E0,1.506156445E0
1.178839425E1,3.697587848E-1,1.141076922E0,1.302120805E0
1.179841725E1,2.642922699E-1,4.759747684E-1,1.180301189E0
1.180844025E1,2.555856407E-1,-2.663637996E-1,1.048305035E0
1.181846325E1,3.226054311E-1,-7.169312835E-1,8.486403823E-1
1.182848675E1,3.694133461E-1,-7.284711003E-1,5.825598240E-1
1.183850975E1,4.081607163E-1,-4.768872857E-1,3.331923485E-1
1.184853275E1,4.640520811E-1,-3.140836656E-1,1.717063934E-1
1.185855575E1,5.050684810E-1,-2.167936265E-1,6.147282943E-2
1.186857875E1,5.888451934E-1,-1.626302898E-1,-2.015272155E-2
1.187860175E1,6.468067765E-1,-5.962959677E-2,-1.063190326E-1
1.188862575E1,7.041941881E-1,2.626598477E-1,-2.677557170E-1
1.189864875E1,9.610347152E-1,6.267778873E-1,-4.788186848E-1
1.190867175E1,1.269744158E0,1.093529940E0,-7.536248565E-1
1.191869475E1,1.571274519E0,1.610860586E0,-1.074037433E0
1.192871775E1,1.816560626E0,1.903455973E0,-1.315652490E0
1.193874075E1,1.977427602E0,1.890907645E0,-1.360638142E0
1.194876375E1,2.052478552E0,1.649724245E0,-1.180535555E0
1.195878675E1,2.094648361E0,1.164358616E0,-8.322613835E-1
1.196880975E1,2.188495159E0,4.282903373E-1,-4.081865847E-1
1.197883275E1,2.316788435E0,-3.249445558E-1,1.830589771E-2
1.198885575E1,2.422314644E0,-7.251698971E-1,4.029172361E-1
1.199887875E1,2.535481453E0,-7.355509400E-1,7.000461221E-1
1.200890175E1,2.719776869E0,-4.006914496E-1,8.582989573E-1
1.201892475E1,2.983006477E0,1.535880268E-1,8.492865562E-1
1.202894775E1,3.231769800E0,8.244754672E-1,7.062323689E-1
1.203897075E1,3.464069366E0,1.514196038E0,5.292823315E-1
1.204899375E1,3.703505039E0,2.109013557E0,4.105936587E-1
1.205901675E1,3.954803467E0,2.548278093E0,4.158225060E-1
1.206903975E1,4.206343651E0,2.826122761E0,5.436757207E-1
1.207906275E1,4.299783230E0,2.974317312E0,7.337393761E-1
1.208908575E1,4.278655052E0,3.058754683E0,9.389979243E-1
1.209910875E1,4.213841438E0,3.035455227E0,1.125124574E0
1.210913175E1,4.036748886E0,2.821065903E0,1.272550583E0
1.211915475E1,3.709213495E0,2.388502836E0,1.394111395E0
1.212917875E1,3.430010796E0,1.720957875E0,1.557129741E0
1.213920175E1,3.148401260E0,9.049350619E-1,1.753315210E0
1.214922475E1,2.826800346E0,1.295246631E-1,1.907254815E0
1.215924775E1,2.568663597E0,-6.031242609E-1,1.941824675E0
1.216927075E1,2.554533482E0,-1.174970508E0,1.775107741E0
1.217929375E1,2.654149532E0,-1.245027304E0,1.402059078E0
1.218931675E1,2.703336477E0,-4.524088502E-1,1.047420740E0
1.219933975E1,2.742001772E0,6.627099514E-1,9.228971601E-1
1.220936275E1,2.734938860E0,1.352747798E0,1.006763816E0
1.221938575E1,2.654073000E0,1.621519446E0,1.199603915E0
1.222940875E1,2.546929121E0,1.774160028E0,1.442054272E0
1.223943175E1,2.449719429E0,1.866960168E0,1.645404458E0
1.224945475E1,2.300610304E0,1.860344768E0,1.733487487E0
1.225947775E1,2.135260582E0,1.788670540E0,1.744320512E0
1.226950075E1,1.948920131E0,1.602297425E0,1.718738675E0
1.227952375E1,1.774841785E0,1.182410359E0,1.667925000E0
1.228954675E1,1.559407949E0,6.845762134E-1,1.613550305E0
1.229956975E1,1.403536558E0,3.532531261E-1,1.589825034E0
1.230959275E1,1.323347569E0,2.515753806E-1,1.564880729E0
1.231961575E1,1.338345408E0,2.941979468E-1,1.509869099E0
1.232963875E1,1.435334802E0,4.371909797E-1,1.440995216E0
1.233966175E1,1.511214375E0,5.835231543E-1,1.389670730E0
1.234968475E1,1.620747089E0,5.999612212E-1,1.317065239E0
1.235970875E1,1.332593560E0,3.268774748E-1,1.187048078E0
1.236973175E1,1.009493947E0,2.805909812E-1,1.105724096E0
1.237975475E1,8.702263832E-1,4.749306440E-1,1.100427151E0
1.238977775E1,6.725978851E-1,8.144609928E-1,9.721172452E-1
1.239980075E1,3.279826939E-1,1.187053084E0,8.245885372E-1
1.240982375E1,5.070224777E-2,1.199120164E0,8.416465521E-1
1.241984675E1,-1.589769423E-1,9.590446949E-1,8.557056785E-1
1.242986975E1,-3.279861808E-1,7.893943787E-1,7.500969768E-1
1.243989275E1,-4.846455455E-1,7.466077209E-1,5.776397586E-1
1.244991575E1,-6.577533484E-1,7.201666236E-1,3.987172246E-1
1.245993875E1,-7.979336381E-1,6.659821868E-1,2.526628077E-1
1.246996175E1,-9.672547579E-1,6.394572854E-1,1.082816049E-1
1.247998475E1,-1.120395303E0,7.505670190E-1,-2.957453020E-2
1.249000775E1,-1.166777611E0,7.261425853E-1,-1.069539934E-1
1.250003075E1,-1.178589463E0,5.032399893E-1,-9.047462046E-2
1.251005375E1,-1.111214280E0,2.630946934E-1,8.811798878E-3
1.252007675E1,-1.004855275E0,2.579770237E-2,7.147970796E-2
1.253009975E1,-9.223502874E-1,-2.288685143E-1,1.713631861E-2
1.254012275E1,-8.481308818E-1,-5.897756219E-1,-3.940045834E-2
1.255014575E1,-6.836372614E-1,-1.007392526E0,4.778644070E-2
1.256016875E1,-5.299739242E-1,-1.290726304E0,1.668547690E-1
1.257019175E1,-4.378207028E-1,-1.351573229E0,1.898851693E-1
1.258021475E1,-4.599601030E-1,-1.289265633E0,9.458076954E-2
1.259023775E1,-5.201733708E-1,-1.006454587E0,-1.474193111E-2
1.260026075E1,-5.370860100E-1,-5.493013263E-1,-7.861118764E-2
1.261028375E1,-4.978144467E-1,-2.212994695E-1,-1.650872231E-1
1.262030775E1,-3.952771425E-1,-6.361156702E-2,-2.859419882E-1
1.263033075E1,-2.334170192E-1,-9.776896238E-2,-4.257642031E-1
1.264035375E1,5.079126731E-2,-2.507284284E-1,-5.670145154E-1
1.265037675E1,2.734835744E-1,-1.688096970E-1,-6.302286386E-1
1.266039975E1,9.128233790E-2,3.023375869E-1,-5.360699296E-1
1.267042275E1,-1.292566806E-1,7.957624793E-1,-2.710649967E-1
1.268044575E1,-1.491395831E-1,8.816257119E-1,-6.546069682E-2
1.269046875E1,-1.613886952E-1,5.559775233E-1,-3.752326965E-2
1.270049175E1,-2.487707436E-1,1.013397351E-1,-2.130089141E-2
1.271051475E1,-2.899414301E-1,-2.314609438E-1,3.575317096E-3
1.272053775E1,-9.486327320E-2,-6.471801400E-1,-9.067581594E-2
1.273056075E1,1.978524029E-1,-8.946394920E-1,-3.129244149E-1
1.274058375E1,3.059423864E-1,-6.004840732E-1,-4.925549030E-1
1.275060675E1,2.697816193E-1,2.110545039E-1,-5.817893744E-1
1.276062975E1,3.948556632E-2,1.086250663E0,-5.316960812E-1
1.277065275E1,-2.452902645E-1,1.497363567E0,-3.183774054E-1
1.278067575E1,-3.804004192E-1,1.356273293E0,-4.491149634E-2
1.279069875E1,-3.675028086E-1,8.304455876E-1,8.965778351E-2
1.280072175E1,-2.631364465E-1,1.037698910E-1,3.976638615E-2
1.281074475E1,-1.938994974E-1,-7.898016572E-1,-8.841292001E-3
1.282076775E1,-1.428578943E-1,-1.470585585E0,7.021331042E-2
1.283079042E1,-4.593030736E-2,-1.615759492E0,1.443573833E-1
1.284081342E1,1.209411211E-2,-1.207440972E0,5.155953392E-2
1.285083642E1,-2.005196735E-2,-3.831728399E-1,-1.445743442E-1
1.286085942E1,-6.639123708E-2,3.518236876E-1,-3.329914212E-1
1.287088242E1,-3.780119866E-2,5.850635767E-1,-4.364147782E-1
1.288090642E1,5.990672112E-2,5.143492222E-1,-4.752694964E-1
1.289092942E1,1.559936404E-1,3.881388903E-1,-5.149452090E-1
1.290095242E1,2.944412529E-1,3.407793641E-1,-5.848428011E-1
1.291097542E1,3.931992054E-1,3.135364056E-1,-6.091270447E-1
1.292099842E1,4.709632397E-1,1.972076446E-1,-4.450707436E-1
1.293102142E1,6.796299219E-1,-8.203393221E-2,-4.976928979E-2
1.294104442E1,8.951427341E-1,-2.786428332E-1,4.053462744E-1
1.295106742E1,9.497088790E-1,-2.418325990E-1,7.302576900E-1
1.296109042E1,8.634959459E-1,-2.969077043E-2,8.419066668E-1
1.297111342E1,6.539285779E-1,4.106846750E-1,7.729458213E-1
1.298113642E1,4.801059365E-1,9.504845142E-1,6.228415370E-1
1.299115942E1,4.190494418E-1,1.410294175E0,5.008891225E-1
1.300118242E1,4.779124856E-1,1.674856544E0,4.024176300E-1
1.301120542E1,5.434426665E-1,1.846828699E0,3.157881796E-1
1.302122842E1,5.028073788E-1,1.892269969E0,1.824266762E-1
1.303125142E1,4.314649403E-1,1.803525925E0,2.100123093E-2
1.304127442E1,3.711818755E-1,1.594245076E0,-1.340783685E-1
1.305129742E1,2.783963680E-1,1.328005314E0,-2.179994434E-1
1.306132042E1,2.047341466E-1,1.030393839E0,-2.897516787E-1
1.307134342E1,9.868486226E-2,6.385347843E-1,-3.220177889E-1
1.308136642E1,1.091718860E-2,3.522372246E-1,-2.416896820E-1
1.309138942E1,1.589575969E-2,2.610395849E-1,-7.804840058E-2
1.310141242E1,9.520682693E-2,2.613000274E-1,5.563908815E-2
1.311143542E1,2.236062884E-1,3.794517219E-1,1.073499024E-1
1.312145842E1,3.427047133E-1,6.260032058E-1,8.848886192E-2
1.313148242E1,3.689028919E-1,8.689708114E-1,-1.261151209E-2
1.314150542E1,3.117775619E-1,1.097816348E0,-1.563593596E-1
1.315152842E1,1.788114756E-1,1.260471582E0,-2.604039013E-1
1.316155142E1,7.889339328E-2,1.254707932E0,-2.272805572E-1
1.317157442E1,6.610158831E-2,1.136800647E0,-8.584327996E-2
1.318159742E1,9.524136037E-2,1.027788997E0,1.141509600E-2
1.319162042E1,1.127090082E-1,8.975085616E-1,2.290811762E-2
1.320164342E1,1.147508547E-1,7.731695771E-1,7.605062798E-3
1.321166642E1,9.911075979E-2,6.553780437E-1,-3.567422926E-2
1.322168942E1,6.704310328E-2,4.922300875E-1,-8.673021942E-2
1.323171242E1,8.751837164E-2,2.813702226E-1,-4.994633794E-2
1.324173542E1,1.722042412E-1,6.998790801E-2,6.582522765E-4
1.325175842E1,2.340217382E-1,-4.870445281E-2,4.255179688E-2
1.326178142E1,2.382060885E-1,-4.079539701E-2,7.203139365E-2
1.327180442E1,2.269721478E-1,4.982662946E-2,6.488712132E-2
1.328182742E1,1.979450285E-1,1.726787686E-1,-3.025612328E-3
1.329185042E1,9.605818242E-2,2.971574664E-1,-1.190436408E-1
1.330187342E1,2.729030326E-2,4.454268217E-1,-1.704019010E-1
1.331189642E1,6.012890115E-2,4.723692536E-1,-1.124330536E-1
1.332191942E1,8.910515904E-2,3.087046742E-1,-5.233003572E-2
1.333194242E1,1.092651486E-1,7.814279944E-2,-2.982501313E-2
1.334196542E1,1.205481663E-1,-1.723605096E-1,-5.978004541E-3
1.335198842E1,1.030501276E-1,-3.580446541E-1,2.464541793E-2
1.336201142E1,7.052867115E-2,-4.202206731E-1,3.300454840E-2
1.337203442E1,3.324654698E-2,-3.994011283E-1,4.821040109E-2
1.338205742E1,-2.561463788E-2,-3.365036547E-1,9.448309243E-2
1.339208142E1,-5.799518526E-2,-2.161162645E-1,1.596410722E-1
1.340210442E1,-1.434011608E-1,-1.138809770E-1,2.197352946E-1
1.341212742E1,-1.882652938E-1,-3.278640658E-2,2.720244825E-1
1.342215042E1,-2.265791297E-1,8.625423163E-2,2.533631921E-1
1.343217342E1,-2.733277977E-1,2.980278730E-1,1.486604363E-1
1.344219642E1,-2.818789482E-1,5.069398284E-1,6.318974495E-2
1.345221942E1,-2.096818835E-1,6.038935781E-1,4.204665124E-2
1.346224242E1,-1.078900099E-1,5.774193406E-1,4.879243672E-2
1.347226542E1,-2.052944340E-2,5.130757689E-1,5.534588918E-2
1.348228842E1,-2.912633121E-3,4.683902860E-1,6.525391340E-2
1.349231142E1,2.735315263E-2,4.735333025E-1,6.120894849E-2
1.350233442E1,4.574600980E-2,4.972705543E-1,4.158278555E-2
1.351235742E1,1.614710689E-2,4.862934947E-1,4.201084375E-2
1.352238042E1,-1.472367439E-3,3.868057728E-1,7.241002470E-2
1.353240342E1,8.030911908E-3,2.656260729E-1,7.837555557E-2
1.354242642E1,2.340002684E-3,2.452158779E-1,5.279083550E-2
1.355244942E1,2.583586797E-2,3.225072324E-1,1.432401687E-2
1.356247242E1,2.690486051E-2,4.791245461E-1,-5.522310361E-2
1.357249542E1,1.065889606E-3,6.879995465E-1,-1.558471918E-1
1.358251842E1,-5.538540334E-2,9.231806397E-1,-2.162455618E-1
1.359254142E1,-9.255431592E-2,1.121386647E0,-2.247783095E-1
1.360256442E1,-9.385100752E-2,1.254171848E0,-2.223769277E-1
1.361258742E1,-9.639073908E-2,1.363176227E0,-2.355837524E-1
1.362261042E1,-9.671884030E-2,1.449711084E0,-2.512221038E-1
1.363263342E1,-9.974424541E-2,1.453310490E0,-2.656965256E-1
1.364265642E1,-1.149706021E-1,1.373114347E0,-2.538726330E-1
1.365268042E1,-8.059844375E-2,1.247358918E0,-2.162994891E-1
1.366270342E1,-3.227964416E-2,1.091603994E0,-1.959236413E-1
1.367272642E1,-4.315061495E-2,9.703252912E-1,-2.156554013E-1
1.368274942E1,-7.913817465E-2,9.078440666E-1,-2.168860435E-1
1.369277242E1,-8.770677447E-2,8.558177948E-1,-1.758520007E-1
1.370279542E1,-6.723505259E-2,6.935545802E-1,-1.379552186E-1
1.371281842E1,-6.433582306E-2,4.307693541E-1,-9.747595340E-2
1.372284142E1,-3.864324465E-2,1.485347301E-1,-1.725462452E-2
1.373286442E1,-1.090211608E-2,-1.636199057E-1,9.170229733E-2
1.374288742E1,8.059857413E-3,-4.466904998E-1,1.785833985E-1
1.375291042E1,1.768794097E-2,-6.058745980E-1,2.287772596E-1
1.376293342E1,3.731596842E-2,-6.329858899E-1,2.830245197E-1
1.377295642E1,9.799609333E-2,-6.006224155E-1,3.462467194E-1
1.378297942E1,1.303617507E-1,-5.406496525E-1,3.381371200E-1
1.379300242E1,8.541273326E-2,-2.963974178E-1,2.175062001E-1
1.380302542E1,4.223943502E-2,2.665309235E-2,1.525269300E-1
1.381304842E1,5.071313586E-3,2.313299775E-1,1.787808836E-1
1.382307142E1,-1.516015269E-3,2.870755196E-1,2.219656259E-1
1.383309417E1,1.190988999E-2,1.699389219E-1,2.560220361E-1
1.384311717E1,2.599987574E-2,-9.807787836E-2,2.817143500E-1
1.385314017E1,9.912718832E-2,-4.662535489E-1,2.965108454E-1
1.386316317E1,1.602235585E-1,-8.930035233E-1,2.808482647E-1
1.387318617E1,1.782314926E-1,-1.190401673E0,2.344483137E-1
1.388320917E1,1.556841135E-1,-1.196280837E0,2.048861682E-1
1.389323217E1,8.674573153E-2,-9.798246622E-1,2.118534744E-1
1.390325517E1,2.205993980E-2,-7.264997363E-1,2.283035517E-1
1.391327917E1,6.568795070E-3,-5.460861325E-1,2.238075882E-1
1.392330217E1,-4.850573372E-3,-4.162027240E-1,1.693840325E-1
1.393332517E1,9.589296579E-2,-2.070724517E-1,1.093843430E-1
1.394334817E1,2.084450871E-1,2.509846538E-2,4.245298356E-2
1.395337117E1,1.407680959E-1,2.957884371E-1,-6.469370425E-2
1.396339417E1,4.070973955E-3,6.894119382E-1,-8.661630750E-2
1.397341717E1,-6.825085729E-2,9.897798896E-1,-1.030263864E-2
1.398344017E1,-8.101165295E-2,9.701973796E-1,5.447262898E-2
1.399346317E1,-1.927543245E-2,5.831560493E-1,1.241918653E-1
1.400348617E1,7.505346835E-2,-4.142818972E-2,1.889114678E-1
1.401350917E1,1.504894048E-1,-6.550672054E-1,2.013889253E-1
1.402353217E1,2.799350321E-1,-1.105707407E0,2.090047598E-1
1.403355517E1,3.392912745E-1,-1.346616983E0,1.688634008E-1
1.404357817E1,1.978662312E-1,-1.293317556E0,7.088304311E-2
1.405360117E1,2.191074565E-2,-9.019150138E-1,-1.117284410E-4
1.406362417E1,-5.999557301E-2,-3.838422894E-1,2.807782963E-2
1.407364717E1,-6.627646834E-2,-1.192188729E-2,1.112491041E-1
1.408367017E1,1.642127987E-3,7.888311148E-2,1.989320964E-1
1.409369317E1,8.760941774E-2,9.898221120E-3,2.856890261E-1
1.410371617E1,1.070779189E-1,-3.233765066E-2,3.052765727E-1
1.411373917E1,9.497342259E-2,-1.749570295E-2,2.761000693E-1
1.412376217E1,6.905713677E-2,-1.096376777E-2,1.947953850E-1
1.413378517E1,-6.554170698E-2,-6.374833733E-2,5.286649242E-2
1.414380817E1,-1.708617359E-1,1.579309627E-2,-2.960974351E-2
1.415383217E1,-1.750126928E-1,1.882920414E-1,-6.300240010E-2
1.416385517E1,-1.707194149E-1,2.290402651E-1,-6.167694554E-2
1.417387817E1,-5.527614057E-2,9.382607043E-2,6.483858079E-2
1.418390117E1,1.326500922E-1,-3.302960843E-2,2.311436683E-1
1.419392417E1,2.564672828E-1,-5.540546030E-2,2.718124688E-1
1.420394717E1,2.744968832E-1,-5.685661733E-2,2.414923906E-1
1.421397017E1,1.747895926E-1,-7.705602050E-2,1.777715087E-1
1.422399317E1,8.017414063E-2,-9.941805154E-2,1.086883247E-1
1.423401617E1,9.421488643E-2,-8.348427713E-2,8.397012949E-2
1.424403917E1,6.854388118E-2,-3.127860278E-2,5.471796542E-2
1.425406217E1,-6.493081897E-2,3.394859657E-2,4.477573186E-2
1.426408517E1,-1.323181093E-1,1.570055336E-1,4.684980214E-2
1.427410817E1,-8.150565624E-2,2.523044944E-1,2.298115753E-2
1.428413117E1,8.613318205E-3,2.318900377E-1,-4.266974051E-3
1.429415417E1,1.366057098E-1,1.354795992E-1,2.814974822E-2
1.430417717E1,1.495651901E-1,-1.271746755E-1,7.063808292E-2
1.431420017E1,4.770982265E-2,-5.337958932E-1,6.221509725E-2
1.432422317E1,-1.427658089E-2,-7.460942864E-1,2.630742639E-2
1.433424617E1,-6.096723676E-2,-7.172840834E-1,-1.462074928E-2
1.434426917E1,-3.217366338E-2,-7.934787273E-1,3.184235469E-2
1.435429217E1,-3.325112537E-2,-1.138010144E0,7.730025053E-2
1.436431517E1,-4.392693937E-2,-1.258327842E0,7.481046766E-2
1.437433817E1,-8.087097853E-2,-8.627704382E-1,1.285816133E-1
1.438436117E1,-1.132502258E-1,-3.878846467E-1,2.138275355E-1
1.439438417E1,-1.326277405E-1,-2.112761140E-1,2.802771330E-1
1.440440817E1,-1.139025241E-1,-1.470451951E-1,3.071324527E-1
1.441443117E1,-1.108468231E-2,6.710399687E-2,3.011053801E-1
1.442445417E1,-2.947727032E-2,2.948801816E-1,2.142221481E-1
1.443447717E1,-4.515422136E-2,5.608717203E-1,1.132330075E-1
1.444450017E1,-6.431779265E-2,7.357510924E-1,1.458765753E-2
1.445452317E1,-1.857509315E-1,7.905139327E-1,-1.003917083E-1
1.446454617E1,-3.024823070E-1,8.951718807E-1,-1.518898010E-1
1.447456917E1,-3.695013225E-1,1.012917638E0,-1.456503272E-1
1.448459217E1,-3.220235705E-1,1.059062243E0,-8.767784387E-2
1.449461517E1,-2.865061164E-1,1.048260570E0,-3.907768056E-2
1.450463817E1,-3.270785511E-1,1.211595178E0,-3.292098641E-2
1.451466117E1,-3.896683156E-1,1.500458837E0,-4.300379381E-2
1.452468417E1,-3.703936934E-1,1.573475003E0,-1.122592911E-1
1.453470717E1,-3.223584592E-1,1.325778723E0,-2.535193563E-1
1.454473017E1,-2.718143463E-1,1.059620261E0,-3.858094811E-1
1.455475317E1,-1.821151376E-1,8.162675500E-1,-3.980031013E-1
1.456477617E1,-1.180932745E-1,5.212708116E-1,-2.829143107E-1
1.457479917E1,-7.027160376E-2,2.729473412E-1,-1.135324910E-1
1.458482217E1,-6.485165097E-3,-7.853682153E-3,6.689796224E-3
1.459484517E1,1.075820029E-1,-3.447585702E-1,1.111484598E-2
1.460486817E1,1.411468834E-1,-6.380396485E-1,-1.240751967E-1
1.461489117E1,2.421295084E-2,-6.626709104E-1,-2.774152756E-1
1.462491417E1,-6.404873729E-2,-3.521857262E-1,-3.639874458E-1
1.463493717E1,-1.059562191E-1,4.710237309E-2,-3.699230552E-1
1.464496017E1,-1.611486375E-1,3.420602679E-1,-3.077291846E-1
1.465498417E1,-2.367102504E-1,5.692132115E-1,-2.941284180E-1
1.466500717E1,-3.043635786E-1,7.913722396E-1,-3.527233005E-1
1.467503017E1,-3.432551324E-1,1.059291124E0,-4.235039353E-1
1.468505317E1,-3.487415016E-1,1.333823085E0,-4.757660627E-1
1.469507617E1,-3.385217786E-1,1.458383560E0,-4.939234853E-1
1.470509917E1,-2.865637839E-1,1.402453542E0,-4.692935050E-1
1.471512217E1,-2.286913246E-1,1.235456586E0,-4.374938905E-1
1.472514517E1,-1.961621344E-1,1.006056905E0,-4.502355158E-1
1.473516817E1,-1.451622248E-1,8.234923482E-1,-4.873050749E-1
1.474519117E1,-4.638263956E-2,6.299884319E-1,-5.264505744E-1
1.475521417E1,7.746328413E-2,4.313665628E-1,-5.482859612E-1
1.476523717E1,2.238180935E-1,2.386780679E-1,-5.759769678E-1
1.477526017E1,2.916564941E-1,2.234366238E-1,-5.852280855E-1
1.478528317E1,3.205176890E-1,4.301173687E-1,-5.816682577E-1
1.479530617E1,2.910957336E-1,6.611797810E-1,-5.409386158E-1
1.480532917E1,1.888514012E-1,7.790914774E-1,-4.642443657E-1
1.481535217E1,7.130438089E-2,6.694974899E-1,-4.138879180E-1
1.482537550E1,5.218474939E-2,2.857218385E-1,-4.251099527E-1
1.483539850E1,8.322098851E-2,-1.381020546E-1,-5.061441660E-1
1.484542150E1,1.330487281E-1,-3.888562322E-1,-6.094897389E-1
1.485544450E1,1.300291121E-1,-4.378071427E-1,-6.875442266E-1
1.486546750E1,5.028953403E-2,-3.206464350E-1,-7.389557362E-1
1.487549050E1,-1.016746182E-2,-2.660351060E-2,-7.019500136E-1
1.488551350E1,-8.725093678E-3,2.977620661E-1,-5.895446539E-1
1.489553650E1,2.254880732E-3,5.089686513E-1,-4.458296597E-1
1.490556050E1,-2.962518018E-3,5.773799419E-1,-3.426007330E-1
1.491558350E1,-2.873831615E-2,4.430209100E-1,-3.424133360E-1
1.492560650E1,-2.074270695E-2,2.551804185E-1,-3.982651532E-1
1.493562950E1,2.499372140E-2,9.529948980E-2,-4.473859668E-1
1.494565250E1,9.188993275E-2,-2.707302570E-2,-4.787324369E-1
1.495567550E1,1.412633061E-1,-1.220731139E-1,-4.794959128E-1
1.496569850E1,1.719897985E-1,-1.505684108E-1,-4.517116845E-1
1.497572150E1,1.583207399E-1,-1.433017552E-1,-4.364648163E-1
1.498574450E1,1.039366052E-1,-8.858019114E-2,-4.187601209E-1
1.499576750E1,6.739969552E-2,-5.653905682E-3,-4.189990759E-1
1.500579050E1,4.398373421E-4,6.173658744E-2,-4.517469108E-1
1.501581350E1,-6.403838843E-2,1.795742363E-1,-5.001032948E-1
1.502583650E1,-5.216149241E-2,3.473294079E-1,-5.059816837E-1
1.503585950E1,7.563050836E-3,4.760712385E-1,-4.651687145E-1
1.504588250E1,7.828968018E-2,4.552325308E-1,-4.165924191E-1
1.505590550E1,1.741292477E-1,3.275205195E-1,-4.001015127E-1
1.506592850E1,2.045731694E-1,1.089754105E-1,-4.069996476E-1
1.507595150E1,1.100776196E-1,-8.424566686E-2,-3.778290451E-1
1.508597450E1,-7.489356399E-2,-4.151604325E-2,-2.926249206E-1
1.509599750E1,-2.179871351E-1,6.314507127E-2,-2.194864750E-1
1.510602050E1,-2.777913213E-1,-1.903875172E-2,-1.981079429E-1
1.511604350E1,-2.564948797E-1,-1.884456873E-1,-1.980782002E-1
1.512606650E1,-1.798469573E-1,-2.565613687E-1,-2.177203447E-1
1.513609050E1,-1.027194113E-1,-1.347475797E-1,-2.362632453E-1
1.514611350E1,-7.341585308E-2,1.246341765E-1,-2.234174907E-1
1.515613650E1,-8.129896224E-2,2.522691488E-1,-2.079067230E-1
1.516615950E1,-1.167371199E-1,2.078444362E-1,-1.929674596E-1
1.517618250E1,-1.472089291E-1,6.768810004E-2,-1.590324640E-1
1.518620550E1,-1.555275768E-1,-1.078344509E-1,-1.062512696E-1
1.519622850E1,-1.236508116E-1,-2.183306217E-1,-6.407166272E-2
1.520625150E1,-3.283302486E-2,-2.825831175E-1,-4.128752276E-2
1.521627450E1,6.096387282E-2,-3.751727641E-1,-5.082275718E-2
1.522629750E1,6.242328510E-2,-4.986355603E-1,-9.834846109E-2
1.523632050E1,-1.953423582E-2,-5.242357254E-1,-1.195732579E-1
1.524634350E1,-6.904985756E-2,-3.306326866E-1,-3.240586072E-2
1.525636650E1,-6.783092767E-2,-1.325816512E-1,1.704850793E-2
1.526638950E1,-4.932382330E-2,-9.623242915E-2,3.447117284E-2
1.527641250E1,-3.095248528E-2,-2.307808548E-1,5.397693068E-2
1.528643550E1,-5.756518990E-2,-3.176939189E-1,9.187157452E-2
1.529645850E1,-1.007476076E-1,-2.422165275E-1,1.674013734E-1
1.530648150E1,-1.688092202E-1,-1.260022968E-1,2.115483284E-1
1.531650450E1,-1.994743347E-1,-5.002936721E-2,2.150557786E-1
1.532652750E1,-1.999076307E-1,-3.372735530E-2,2.116589248E-1
1.533655050E1,-2.054761201E-1,-5.635053664E-2,2.362790108E-1
1.534657350E1,-1.302793771E-1,-1.452495158E-1,2.554244697E-1
1.535659650E1,-3.499584645E-2,-2.753818929E-1,2.076653838E-1
1.536661950E1,-6.139842793E-2,-2.971846461E-1,9.461206198E-2
1.537664250E1,-1.439367086E-1,-1.839774251E-1,-9.328982793E-3
1.538666650E1,-1.884602308E-1,-8.333230764E-2,-4.204405099E-2
1.539668950E1,-1.117123663E-1,-1.359686553E-1,-2.150208130E-2
1.540671250E1,4.456432164E-2,-4.233948290E-1,4.160138313E-3
1.541673550E1,1.276875287E-1,-6.981352568E-1,-4.486639798E-2
1.542675850E1,1.248134598E-1,-6.984044909E-1,-1.007016972E-1
1.543678150E1,7.230380923E-2,-5.325024724E-1,-1.181378141E-1
1.544680450E1,-4.206031933E-2,-2.260277122E-1,-1.053825989E-1
1.545682750E1,-1.195984185E-1,1.779990047E-1,-3.525380418E-2
1.546685050E1,-1.779575944E-1,5.038279891E-1,5.537064001E-2
1.547687350E1,-2.761123180E-1,5.467191935E-1,9.536952525E-2
1.548689650E1,-3.006253839E-1,4.176994860E-1,7.490047067E-2
1.549691950E1,-1.761742383E-1,2.130988985E-1,-1.363484748E-2
1.550694250E1,-2.882554196E-2,-4.460053891E-2,-1.633721441E-1
1.551696550E1,1.370413229E-2,-2.057040483E-1,-3.039824069E-1
1.552698850E1,-3.560961783E-2,-2.953537703E-1,-3.839744329E-1
1.553701150E1,-1.604949087E-1,-3.389312923E-1,-3.608404100E-1
1.554703450E1,-2.720009387E-1,-2.883056700E-1,-1.979140788E-1
1.555705750E1,-3.086481690E-1,-2.554284334E-1,3.351808339E-2
1.556708050E1,-2.519457340E-1,-2.934485078E-1,1.621844471E-1
1.557710350E1,-1.943354607E-1,-2.238585949E-1,1.437059045E-1
1.558712650E1,-1.424442977E-1,-2.218327299E-2,9.409201145E-2
1.559714950E1,-1.207520887E-1,1.100994870E-1,4.887408391E-2
1.560717250E1,-1.623128355E-1,1.526192427E-1,3.912185505E-2
1.561719550E1,-1.712977588E-1,1.317171603E-1,5.083075911E-2
1.562721950E1,-1.328582168E-1,1.731973886E-2,2.638773620E-2
1.563724250E1,-1.076111048E-1,-1.608633399E-1,-4.549091309E-2
1.564726550E1,-9.994360059E-2,-3.335149884E-1,-8.967168629E-2
1.565728850E1,-9.521608800E-2,-3.456875682E-1,-6.630872190E-2
1.566731150E1,-4.505784437E-2,-2.862961590E-1,-2.123951539E-2
1.567733450E1,1.239221310E-3,-3.136469424E-1,1.235106029E-3
1.568735750E1,1.688795537E-2,-2.936186194E-1,4.208267108E-2
1.569738050E1,4.947571084E-3,-1.942048520E-1,4.218089581E-2
1.570740350E1,-6.917671859E-2,-1.165755764E-1,-2.065772004E-2
1.571742650E1,-1.898167878E-1,-4.714352265E-2,-8.483838290E-2
1.572744950E1,-2.330004722E-1,3.041518480E-2,-1.195691973E-1
1.573747250E1,-1.872086376E-1,1.299083680E-1,-1.754554361E-1
1.574749550E1,-1.018609852E-1,2.770283222E-1,-2.595191896E-1
1.575751850E1,-1.687551662E-2,4.652695954E-1,-3.128964007E-1
1.576754150E1,3.246247023E-2,6.951283216E-1,-3.172469139E-1
1.577756450E1,7.556457818E-2,9.011530280E-1,-2.581851780E-1
1.578758750E1,1.394093335E-1,9.665395021E-1,-1.975303739E-1
1.579761050E1,1.719532013E-1,8.188958764E-1,-1.512438953E-1
1.580763350E1,1.359975934E-1,5.259079337E-1,-8.724334091E-2
1.581765650E1,1.142808497E-1,9.274272621E-2,-1.492342353E-2
1.582767942E1,4.359096661E-2,-3.509013057E-1,5.724557862E-2
1.583770242E1,-2.362016961E-2,-6.448366642E-1,1.520107538E-1
1.584772542E1,-2.952546068E-2,-7.542235851E-1,1.777454168E-1
1.585774842E1,-2.897719387E-3,-6.623207331E-1,1.446664482E-1
1.586777142E1,1.258563250E-2,-4.778566658E-1,1.080999151E-1
1.587779442E1,-6.553706713E-3,-2.693737745E-1,6.017153710E-2
1.588781842E1,-1.827481203E-2,-1.000563726E-1,4.600218683E-2
1.589784142E1,-1.826131344E-2,-1.007691771E-2,7.526226342E-2
1.590786442E1,7.536423951E-2,4.143048078E-2,1.177809685E-1
1.591788742E1,2.409354150E-1,8.522757329E-3,1.531212628E-1
1.592791042E1,3.972033262E-1,-9.498587810E-3,1.207941994E-1
1.593793342E1,4.366909564E-1,1.279867813E-2,3.217325360E-2
1.594795642E1,3.495131731E-1,1.075176988E-3,2.247242071E-2
1.595797942E1,2.515781224E-1,-9.672978520E-2,7.308073342E-2
1.596800242E1,2.105574757E-1,-2.978447676E-1,1.033078730E-1
1.597802542E1,1.443029940E-1,-4.634179175E-1,1.249300316E-1
1.598804842E1,1.394950412E-2,-5.122302175E-1,1.574978232E-1
1.599807142E1,-5.170171708E-2,-4.630386829E-1,1.934314370E-1
1.600809442E1,-1.609152555E-2,-4.089685082E-1,2.255563438E-1
1.601811742E1,4.876317829E-2,-3.912447691E-1,2.293417752E-1
1.602814042E1,9.805242717E-2,-3.396140635E-1,1.770498157E-1
1.603816342E1,8.969622105E-2,-2.145106345E-1,3.352345526E-2
1.604818642E1,1.660816371E-2,-1.102337614E-1,-1.450854391E-1
1.605820942E1,-9.951411188E-2,5.821009632E-3,-2.638725936E-1
1.606823242E1,-2.133402824E-1,1.174095869E-1,-2.790640593E-1
1.607825542E1,-3.170541823E-1,2.101303935E-1,-2.100849152E-1
1.608827842E1,-3.627082407E-1,3.257709742E-1,-1.210898086E-1
1.609830142E1,-2.996420264E-1,3.955400586E-1,-9.172185510E-2
1.610832442E1,-2.010590136E-1,4.005129635E-1,-1.426079422E-1
1.611834742E1,-1.256044805E-1,4.557416439E-1,-2.009187937E-1
1.612837042E1,-9.239245951E-2,6.662511826E-1,-2.216467112E-1
1.613839442E1,-1.031885222E-1,9.051855206E-1,-2.138341814E-1
1.614841742E1,-1.393784881E-1,1.021129966E0,-1.625366360E-1
1.615844042E1,-1.663386971E-1,9.939109087E-1,-9.477869421E-2
1.616846342E1,-1.282131523E-1,8.404042125E-1,-5.780975893E-2
1.617848642E1,-5.585445464E-2,6.313123107E-1,-7.560794055E-2
1.618850942E1,-2.587871253E-2,5.033399463E-1,-1.157758683E-1
1.619853242E1,-2.401099354E-2,4.557152390E-1,-1.180522665E-1
1.620855542E1,-3.679762781E-2,3.842911422E-1,-4.925295711E-2
1.621857842E1,-5.599125475E-2,1.765373051E-1,5.586892366E-2
1.622860142E1,-7.949391752E-2,-1.495800763E-1,1.719318777E-1
1.623862442E1,-9.092415124E-2,-5.099256635E-1,2.401969135E-1
1.624864742E1,-8.910281956E-2,-8.112367988E-1,2.153751850E-1
1.625867042E1,-5.491139740E-2,-1.024604201E0,1.226131991E-1
1.626869342E1,-4.291332513E-2,-1.144211292E0,1.637703925E-2
1.627871642E1,-5.568153039E-2,-1.141626239E0,-5.644509941E-2
1.628873942E1,-1.286835670E-1,-1.033658743E0,-7.189142704E-2
1.629876242E1,-1.974899620E-1,-8.326339722E-1,-7.868382148E-3
1.630878542E1,-2.542382181E-1,-6.565931439E-1,8.754388988E-2
1.631880842E1,-3.215159178E-1,-5.650683641E-1,1.397029161E-1
1.632883142E1,-3.695364594E-1,-4.874182642E-1,1.061260402E-1
1.633885442E1,-4.249769151E-1,-3.397821188E-1,-4.927008413E-4
1.634887742E1,-4.367813766E-1,-4.226866364E-2,-1.118088439E-1
1.635890042E1,-4.261083901E-1,3.099841774E-1,-1.998213083E-1
1.636892342E1,-4.121806026E-1,6.747626066E-1,-2.650357187E-1
1.637894642E1,-4.041028023E-1,9.992600083E-1,-2.708968222E-1
1.638896942E1,-3.989953995E-1,1.226563096E0,-2.191715837E-1
1.639899342E1,-4.084657431E-1,1.276598573E0,-1.583852470E-1
1.640901642E1,-3.897410631E-1,1.148349047E0,-1.078224629E-1
1.641903942E1,-3.750935793E-1,9.432906508E-1,-9.683951735E-2
1.642906242E1,-3.411806226E-1,7.600632906E-1,-1.121012941E-1
1.643908542E1,-3.021934330E-1,6.242084503E-1,-1.222553328E-1
1.644910842E1,-2.535851300E-1,5.479069948E-1,-8.855090290E-2
1.645913142E1,-2.526307702E-1,4.965991974E-1,-1.433691941E-2
1.646915442E1,-3.094786108E-1,4.285154641E-1,8.722166717E-2
1.647917742E1,-4.032711983E-1,2.404316068E-1,1.600494981E-1
1.648920042E1,-4.737107456E-1,-6.635203212E-2,1.549607515E-1
1.649922342E1,-4.952484071E-1,-3.662326932E-1,6.400035322E-2
1.650924642E1,-5.137938261E-1,-5.977727175E-1,-4.985190928E-2
1.651926942E1,-5.206652880E-1,-7.277498245E-1,-1.074046269E-1
1.652929242E1,-4.694207907E-1,-7.592360973E-1,-8.644341677E-2
1.653931542E1,-3.646522164E-1,-6.841746569E-1,-1.545773167E-2
1.654933842E1,-2.614536583E-1,-6.083768606E-1,3.438625485E-2
1.655936142E1,-1.781651974E-1,-5.422671437E-1,5.790309981E-2
1.656938442E1,-9.980168939E-2,-4.732358754E-1,4.623312876E-2
1.657940742E1,-4.081698507E-2,-3.881790042E-1,3.946875222E-3
1.658943042E1,4.165138118E-3,-2.915792465E-1,-7.284473628E-3
1.659945342E1,2.603369765E-2,-1.941111982E-1,1.320461370E-2
1.660947642E1,4.787721112E-2,-1.400828511E-1,4.115315527E-2
1.661949942E1,4.419406131E-2,-1.552045494E-1,4.600729793E-2
1.662952242E1,2.589201741E-2,-1.704948246E-1,4.134250432E-2
1.663954542E1,2.887059562E-2,-1.475099176E-1,3.972831368E-2
1.664956942E1,4.210384190E-2,-9.334733337E-2,4.510523379E-2
1.665959242E1,2.001171745E-2,-6.633315980E-2,3.769718111E-2
1.666961542E1,-3.241180629E-2,-4.923646525E-2,4.140829667E-2
1.667963842E1,-4.021012038E-2,-4.069507495E-2,5.975242704E-2
1.668966142E1,-3.671072423E-2,-6.375325471E-2,6.073512882E-2
1.669968442E1,-4.656285420E-2,-8.973992616E-2,5.304212496E-2
1.670970742E1,-2.339734510E-2,-1.283307374E-1,5.064927414E-2
1.671973042E1,4.001292586E-2,-1.449001580E-1,2.541141398E-2
1.672975342E1,9.739924967E-2,-1.745422035E-1,-9.458419867E-3
1.673977642E1,1.168824732E-1,-2.587504089E-1,-2.865660377E-2
1.674979942E1,1.218833625E-1,-3.807993531E-1,-3.001321852E-2
1.675982242E1,1.017904282E-1,-4.970436990E-1,-2.253259532E-2
1.676984542E1,7.732663304E-2,-6.342140436E-1,-5.476686638E-4
1.677986842E1,6.411741674E-2,-8.060054779E-1,7.945524529E-3
1.678989142E1,6.905971467E-2,-8.962733150E-1,-4.327120259E-3
1.679991442E1,6.081821024E-2,-9.695915580E-1,-1.910764724E-2
1.680993742E1,2.603919432E-2,-1.118812680E0,-4.735579714E-2
1.681996042E1,3.228628263E-2,-1.345895529E0,-8.383443952E-2
1.682998437E1,5.753331631E-2,-1.597162724E0,-1.165772080E-1
1.684000737E1,6.378950179E-2,-1.839298487E0,-1.635585576E-1
1.685003037E1,5.259729922E-2,-1.929858208E0,-2.158462703E-1
1.686005337E1,5.928817019E-2,-1.844392419E0,-2.311361432E-1
1.687007637E1,4.543680325E-2,-1.631671667E0,-2.424279451E-1
1.688009937E1,4.629952461E-2,-1.383635402E0,-2.583644986E-1
1.689012237E1,1.344171260E-2,-1.213282824E0,-2.452231497E-1
1.690014537E1,-2.403236926E-2,-1.185633659E0,-1.890532225E-1
1.691016837E1,-1.139304135E-3,-1.123970866E0,-1.175915450E-1
1.692019237E1,-1.972217485E-2,-8.997747898E-1,-1.124403477E-1
1.693021537E1,-3.123981506E-2,-7.457767129E-1,-1.418932974E-1
1.694023837E1,-3.324574232E-2,-5.982644558E-1,-1.647489965E-1
1.695026137E1,-5.349588394E-2,-5.066357851E-1,-2.463354766E-1
1.696028437E1,-6.294760853E-2,-5.939562321E-1,-3.861435950E-1
1.697030737E1,-2.610730752E-2,-7.850422859E-1,-5.056555867E-1
1.698033037E1,3.273922950E-2,-1.046483755E0,-5.256868005E-1
1.699035337E1,3.123401292E-2,-1.347594976E0,-4.579370916E-1
1.700037637E1,-2.335166559E-2,-1.428519487E0,-3.572749794E-1
1.701039937E1,-5.590454862E-2,-1.269115210E0,-2.902171314E-1
1.702042237E1,-2.014544606E-2,-1.026119232E0,-2.771990597E-1
1.703044538E1,-5.617588386E-2,-7.656623125E-1,-2.768906653E-1
1.704046837E1,-1.166885644E-1,-5.956283212E-1,-2.735604942E-1
1.705049137E1,-1.740216315E-1,-5.406039357E-1,-2.738736868E-1
1.706051437E1,-2.257401347E-1,-5.279528499E-1,-2.835611999E-1
1.707053737E1,-2.117628008E-1,-5.206978917E-1,-3.257437944E-1
1.708056038E1,-1.481487751E-1,-4.466148913E-1,-3.839352131E-1
1.709058337E1,-1.083960384E-1,-3.085052371E-1,-4.455823302E-1
1.710060637E1,-9.008320421E-2,-1.733573824E-1,-4.906460345E-1
1.711062937E1,-5.271719396E-2,-1.057410687E-1,-4.893727601E-1
1.712065237E1,-3.532038629E-2,-3.030098416E-2,-4.402200580E-1
1.713067537E1,-4.112873971E-2,7.187038660E-2,-3.935819864E-1
1.714069837E1,-1.088675037E-1,1.682918817E-1,-3.357671499E-1
1.715072137E1,-1.758353561E-1,1.753290296E-1,-2.319153100E-1
1.716074437E1,-1.534627527E-1,1.431127936E-1,-1.230608076E-1
1.717076737E1,-1.036472619E-1,2.033183426E-1,-6.653228402E-2
1.718079137E1,-2.057172172E-2,3.062433600E-1,-7.147543132E-2
1.719081437E1,1.532156579E-2,3.631670773E-1,-1.140183657E-1
1.720083737E1,4.818294197E-2,3.478330374E-1,-1.674567759E-1
1.721086037E1,8.389753103E-2,3.184226751E-1,-2.240492105E-1
1.722088337E1,2.512218431E-2,2.721211910E-1,-3.020634949E-1
1.723090637E1,-6.101882458E-2,7.027834654E-2,-3.587656617E-1
1.724092937E1,-1.669887751E-1,-2.173470855E-1,-3.531455994E-1
1.725095237E1,-2.894992530E-1,-4.825816751E-1,-2.946130633E-1
1.726097537E1,-3.773567080E-1,-6.786879301E-1,-2.528491914E-1
1.727099837E1,-4.569016099E-1,-7.200129628E-1,-2.279749960E-1
1.728102137E1,-5.273960233E-1,-6.300531626E-1,-2.030449808E-1
1.729104437E1,-6.300542355E-1,-4.116523564E-1,-2.048287690E-1
1.730106737E1,-6.792640686E-1,-8.281688392E-2,-2.607540190E-1
1.731109037E1,-6.610320807E-1,3.881759346E-1,-4.031947851E-1
1.732111337E1,-5.802148581E-1,1.054727077E0,-6.102912426E-1
1.733113637E1,-5.128440261E-1,1.756144285E0,-8.305165768E-1
1.734115937E1,-5.682311058E-1,2.309793711E0,-9.688671827E-1
1.735118237E1,-6.641011834E-1,2.595848083E0,-9.582139850E-1
1.736120537E1,-7.041239142E-1,2.571612835E0,-7.928456664E-1
1.737122838E1,-7.557042837E-1,2.275854826E0,-5.708836913E-1
1.738125137E1,-8.145278692E-1,1.804673672E0,-3.873505890E-1
1.739127437E1,-7.573809624E-1,1.287629128E0,-2.798075974E-1
1.740129737E1,-6.751141548E-1,8.352631927E-1,-2.550114989E-1
1.741132037E1,-6.871114373E-1,4.689786732E-1,-3.079956174E-1
1.742134337E1,-6.772234440E-1,1.741181165E-1,-3.951493204E-1
1.743136637E1,-6.156847477E-1,-2.287937328E-2,-4.595275223E-1
1.744139037E1,-5.653051734E-1,-6.087681279E-2,-4.756449461E-1
1.745141337E1,-5.664916039E-1,8.649479598E-2,-4.850738943E-1
1.746143637E1,-5.796316266E-1,2.737128735E-1,-5.294723511E-1
1.747145937E1,-5.979642868E-1,4.373108745E-1,-5.729783177E-1
1.748148237E1,-5.974525213E-1,6.785345078E-1,-5.595563650E-1
1.749150537E1,-5.892164111E-1,9.212595224E-1,-4.944287837E-1
1.750152837E1,-6.206777692E-1,1.064226985E0,-4.304924905E-1
1.751155137E1,-6.306182742E-1,1.168011785E0,-3.654951155E-1
1.752157437E1,-6.104316711E-1,1.239974976E0,-2.808816135E-1
1.753159737E1,-6.621105671E-1,1.255491614E0,-2.219551653E-1
1.754162037E1,-6.646574736E-1,1.225209355E0,-2.244162112E-1
1.755164337E1,-6.073616743E-1,1.159202695E0,-2.508230507E-1
1.756166637E1,-5.599253178E-1,1.013376474E0,-2.823422253E-1
1.757168937E1,-4.408623278E-1,8.463450074E-1,-3.122985065E-1
1.758171237E1,-3.524397910E-1,7.252169847E-1,-3.423134089E-1
1.759173537E1,-3.133339286E-1,5.913305283E-1,-3.835596442E-1
1.760175837E1,-3.483298421E-1,4.545505345E-1,-4.221071601E-1
1.761178137E1,-3.729555607E-1,2.794437110E-1,-4.474170506E-1
1.762180437E1,-3.960921764E-1,9.345336258E-2,-4.895474613E-1
1.763182737E1,-3.591378629E-1,1.033201069E-1,-4.833255112E-1
1.764185037E1,-3.270090520E-1,3.941961825E-1,-4.008671939E-1
1.765187337E1,-2.424230725E-1,8.030529022E-1,-3.257239759E-1
1.766189638E1,-1.582583040E-1,1.141632318E0,-3.039311767E-1
1.767191937E1,-1.395610422E-1,1.235606551E0,-3.079323173E-1
1.768194237E1,-1.489313990E-1,1.050015211E0,-3.453896344E-1
1.769196537E1,-1.793132722E-1,7.538741827E-1,-4.143029153E-1
1.770198837E1,-2.647798061E-1,5.076294541E-1,-4.567786157E-1
1.771201238E1,-3.179884255E-1,3.430895209E-1,-4.283363223E-1
1.772203537E1,-3.485207558E-1,2.005920112E-1,-3.663112819E-1
1.773205837E1,-3.339351714E-1,8.195671439E-2,-3.169756830E-1
1.774208137E1,-3.292082846E-1,2.747277357E-2,-3.097045124E-1
1.775210437E1,-4.261742532E-1,9.315457940E-2,-3.258158565E-1
1.776212737E1,-4.291056991E-1,2.508065701E-1,-3.175401390E-1
1.777215037E1,-3.878594339E-1,2.931918502E-1,-3.172234893E-1
1.778217337E1,-4.141592383E-1,2.463795692E-1,-3.690962791E-1
1.779219637E1,-3.835712373E-1,2.814028263E-1,-4.339011014E-1
1.780221937E1,-3.483595252E-1,2.809929848E-1,-4.974326491E-1
1.781224237E1,-2.601990402E-1,1.297225058E-1,-5.688846707E-1
1.782226537E1,-1.935236305E-1,-4.039178044E-2,-6.407077909E-1
1.783228762E1,-3.073109388E-1,-2.269206494E-1,-7.473623753E-1
1.784231062E1,-4.172432125E-1,-4.674584568E-1,-8.007069230E-1
1.785233362E1,-4.093453288E-1,-7.748327255E-1,-7.156788111E-1
1.786235662E1,-2.895515561E-1,-1.007236481E0,-5.936093926E-1
1.787237962E1,-9.761541337E-2,-1.049048901E0,-5.903337002E-1
1.788240262E1,2.916425839E-2,-8.992184997E-1,-7.902157903E-1
1.789242562E1,6.350172311E-2,-5.605341792E-1,-1.060447812E0
1.790244862E1,1.041237935E-1,-2.166343778E-1,-1.181249976E0
1.791247162E1,9.219443053E-2,-9.272974730E-2,-1.145446658E0
1.792249462E1,1.072469205E-1,-1.285743862E-1,-9.739530087E-1
1.793251762E1,1.084408164E-1,-2.774858475E-1,-7.961614132E-1
1.794254062E1,1.657926887E-1,-4.047584534E-1,-6.866644025E-1
1.795256362E1,3.759744167E-1,-3.519381285E-1,-6.569099426E-1
1.796258663E1,4.339199066E-1,-2.320926338E-1,-8.092215061E-1
1.797261062E1,3.971123695E-1,-3.444194496E-1,-1.092311859E0
1.798263362E1,3.663264811E-1,-8.231378198E-1,-1.349760294E0
1.799265662E1,2.240606844E-1,-1.391310453E0,-1.513361692E0
1.800267962E1,2.617969811E-1,-1.562991142E0,-1.472458601E0
1.801270263E1,5.738331676E-1,-1.227742076E0,-1.292660832E0
1.802272562E1,8.999235034E-1,-6.693132520E-1,-1.246855974E0
1.803274862E1,8.971682191E-1,-3.270770907E-1,-1.376562476E0
1.804277162E1,6.678603292E-1,-4.071856439E-1,-1.418515563E0
1.805279462E1,4.817663133E-1,-7.416728139E-1,-1.223892808E0
1.806281763E1,4.462446570E-1,-9.387187362E-1,-9.612717032E-1
1.807284062E1,3.411214352E-1,-1.068650961E0,-8.918495178E-1
1.808286362E1,3.195144534E-1,-1.147889972E0,-9.553119540E-1
1.809288662E1,4.328279495E-1,-1.154711604E0,-9.394671917E-1
1.810290962E1,4.861894548E-1,-1.062071323E0,-8.670772314E-1
1.811293262E1,4.023728371E-1,-9.014871120E-1,-8.405612111E-1
1.812295562E1,3.275335431E-1,-5.485656857E-1,-9.318775535E-1
1.813297862E1,2.596349418E-1,-1.553627104E-1,-1.064432979E0
1.814300162E1,1.755871326E-1,-1.105726883E-1,-1.041760445E0
1.815302462E1,2.531272173E-1,-2.409546673E-1,-8.195101023E-1
1.816304762E1,3.085786700E-1,-4.327527285E-1,-6.034552455E-1
1.817307062E1,2.881828547E-1,-5.463533401E-1,-5.048501492E-1
1.818309362E1,3.426979780E-1,-4.740955532E-1,-5.162550807E-1
1.819311662E1,4.526676238E-1,-3.919721842E-1,-5.915945768E-1
1.820313962E1,5.506316423E-1,-2.894279361E-1,-7.853621840E-1
1.821316262E1,6.223694682E-1,-2.859207988E-1,-9.535983205E-1
1.822318662E1,5.289178491E-1,-5.318716168E-1,-9.879860282E-1
1.823320962E1,5.393555760E-1,-9.007101059E-1,-8.618467450E-1
1.824323262E1,5.112507939E-1,-1.174782991E0,-6.418996453E-1
1.825325562E1,3.147526383E-1,-1.201342940E0,-4.750398099E-1
1.826327862E1,2.507162392E-1,-9.975629449E-1,-3.848657906E-1
1.827330162E1,2.579967976E-1,-8.218521476E-1,-3.831062317E-1
1.828332462E1,2.753806114E-1,-5.856567025E-1,-4.563001692E-1
1.829334762E1,1.878260076E-1,-4.062305391E-1,-4.945769906E-1
1.830337063E1,1.256327629E-1,-3.087012768E-1,-3.833629787E-1
1.831339362E1,9.929437190E-2,-3.709542453E-1,-1.213103309E-1
1.832341662E1,-3.440056369E-2,-4.392299056E-1,1.554614007E-1
1.833343962E1,-1.268458217E-1,-3.027125299E-1,3.266510069E-1
1.834346262E1,-4.198393822E-1,-2.589871287E-1,3.564005792E-1
1.835348563E1,-5.855305791E-1,-2.320596427E-1,3.224335611E-1
1.836350862E1,-4.718840718E-1,4.653270543E-2,3.938357830E-1
1.837353162E1,-4.280247390E-1,3.816987276E-1,3.820499480E-1
1.838355462E1,-3.010236621E-1,6.805554628E-1,3.250664473E-1
1.839357762E1,-2.119981796E-1,7.781826854E-1,2.866753638E-1
1.840360062E1,-1.684725732E-1,5.275050402E-1,2.454660237E-1
1.841362362E1,-1.193862557E-1,-1.004627645E-1,2.086659372E-1
1.842364662E1,-1.728337109E-1,-7.006918788E-1,1.575175822E-1
1.843366962E1,-2.603917718E-1,-9.000889063E-1,1.019872054E-1
1.844369262E1,-3.489702344E-1,-8.061951995E-1,4.772703722E-2
1.845371562E1,-4.430269599E-1,-6.386085749E-1,-3.557557613E-2
1.846373862E1,-2.663859129E-1,-2.345172167E-1,-5.263458937E-2
1.847376262E1,-9.885337949E-2,1.157033890E-1,-1.014575213E-1
1.848378562E1,4.154056683E-2,2.890164554E-1,-1.920373291E-1
1.849380862E1,1.250490546E-1,1.696839333E-1,-2.204338163E-1
1.850383162E1,2.939624898E-2,-2.041776031E-1,-1.661464274E-1
1.851385462E1,-5.124506727E-2,-4.536441565E-1,-2.616561949E-2
1.852387762E1,-1.165615693E-1,-6.678762436E-1,1.393172890E-1
1.853390062E1,-1.512186229E-1,-8.577705622E-1,2.199146599E-1
1.854392362E1,-1.003292426E-1,-9.182359576E-1,1.720290184E-1
1.855394662E1,-1.234452203E-1,-8.314081430E-1,-3.465358913E-2
1.856396962E1,-7.020556927E-2,-4.803233147E-1,-2.953106165E-1
1.857399262E1,1.264986992E-1,-1.060088277E-1,-4.762130082E-1
1.858401562E1,1.664275229E-1,1.410051994E-2,-5.881478786E-1
1.859403863E1,1.681846678E-1,-1.857034117E-2,-6.491750479E-1
1.860406162E1,8.382631093E-2,-2.565376163E-1,-6.131570339E-1
1.861408462E1,-3.167817742E-2,-7.264428139E-1,-4.624024034E-1
1.862410762E1,8.678467013E-3,-1.086373925E0,-2.691696882E-1
1.863413062E1,1.064015627E-1,-1.231113315E0,-1.760163009E-1
1.864415363E1,2.102338821E-1,-1.199699879E0,-2.373680919E-1
1.865417662E1,3.828405440E-1,-1.072869420E0,-4.033014178E-1
1.866419962E1,3.036426008E-1,-9.511356354E-1,-6.076569557E-1
1.867422262E1,9.883674234E-2,-7.762858272E-1,-7.219382524E-1
1.868424562E1,-6.143994629E-2,-6.818611622E-1,-6.259387136E-1
1.869426862E1,-1.612530798E-1,-6.656241417E-1,-4.239885509E-1
1.870429162E1,-1.534464359E-1,-4.657770991E-1,-2.740668654E-1
1.871431462E1,-1.568949521E-1,-2.005531639E-1,-2.373916507E-1
1.872433762E1,-1.857696176E-1,5.720589310E-2,-2.302010357E-1
1.873436062E1,-2.516546547E-1,2.663204968E-1,-1.501152515E-1
1.874438462E1,-3.169820309E-1,3.204843402E-1,2.110408992E-2
1.875440762E1,-3.543736041E-1,2.556802928E-1,1.903607696E-1
1.876443062E1,-3.275817633E-1,1.744472682E-1,2.608882487E-1
1.877445362E1,-4.039471149E-1,3.418522701E-2,2.051682472E-1
1.878447662E1,-5.834208131E-1,-1.264758781E-2,3.215254843E-2
1.879449962E1,-6.198334098E-1,7.452592254E-2,-1.424365640E-1
1.880452262E1,-6.257716417E-1,1.645464301E-1,-2.467169166E-1
1.881454562E1,-5.967227221E-1,3.636885583E-1,-2.829177976E-1
1.882456862E1,-6.055967212E-1,5.313500762E-1,-2.818661034E-1
1.883459137E1,-5.785387158E-1,4.903834164E-1,-2.480402142E-1
1.884461437E1,-5.020979047E-1,2.803473175E-1,-2.073255777E-1
1.885463737E1,-5.290811062E-1,-1.821619645E-2,-1.786577106E-1
1.886466037E1,-7.233920693E-1,-2.572942376E-1,-1.760679036E-1
1.887468338E1,-9.217491150E-1,-2.105943859E-1,-3.077878356E-1
1.888470637E1,-8.715087175E-1,-8.739144355E-2,-5.059397817E-1
1.889472937E1,-7.996992469E-1,-8.419777453E-2,-6.841170192E-1
1.890475237E1,-7.182378769E-1,-2.080814093E-1,-7.832425833E-1
1.891477537E1,-7.388856411E-1,-4.965289235E-1,-7.857432365E-1
1.892479837E1,-7.840567231E-1,-8.686649203E-1,-6.896302700E-1
1.893482137E1,-7.051157951E-1,-1.184125662E0,-5.383169055E-1
1.894484437E1,-7.009349465E-1,-1.294708371E0,-4.177916348E-1
1.895486737E1,-6.624996662E-1,-1.067993164E0,-4.080964029E-1
1.896489037E1,-6.336380839E-1,-6.039612889E-1,-4.991343617E-1
1.897491337E1,-8.632569313E-1,2.981320955E-2,-6.660932899E-1
1.898493637E1,-9.155516028E-1,7.306267023E-1,-7.601948977E-1
1.899495937E1,-8.928268552E-1,1.007351995E0,-6.748267412E-1
1.900498337E1,-8.508671522E-1,7.840347290E-1,-4.418899417E-1
1.901500637E1,-8.276758194E-1,2.800733149E-1,-2.140783370E-1
1.902502937E1,-7.809647918E-1,-3.017142713E-1,-7.278159261E-2
1.903505237E1,-6.567624211E-1,-7.780930996E-1,3.824399784E-2
1.904507537E1,-5.690823793E-1,-1.111003160E0,1.486071795E-1
1.905509837E1,-5.412358642E-1,-1.073485374E0,2.402532101E-1
1.906512137E1,-4.910189807E-1,-6.431881785E-1,2.823459506E-1
1.907514437E1,-4.560436904E-1,-5.777877755E-3,2.112057209E-1
1.908516737E1,-6.592807770E-1,7.905815244E-1,2.590695769E-2
1.909519037E1,-6.662142873E-1,1.300954580E0,-1.869504452E-1
1.910521337E1,-6.357564330E-1,1.198189497E0,-3.197124898E-1
1.911523637E1,-4.708183706E-1,6.326377392E-1,-2.583063841E-1
1.912525937E1,-1.885943860E-1,-1.992466897E-1,-1.026388854E-1
1.913528237E1,9.746427834E-2,-9.265919328E-1,6.850782782E-2
1.914530537E1,3.213618994E-1,-1.239331841E0,3.125307560E-1
1.915532837E1,4.697343111E-1,-1.060126185E0,5.591136217E-1
1.916535138E1,4.874886572E-1,-3.844303787E-1,7.299484015E-1
1.917537437E1,2.840524614E-1,4.519558847E-1,8.332899809E-1
1.918539737E1,1.341766119E-2,9.792332053E-1,7.917167544E-1
1.919542037E1,-1.615243256E-1,1.055854201E0,6.166509390E-1
1.920544337E1,-1.941541731E-1,7.955391407E-1,4.177454114E-1
1.921546637E1,-1.074954495E-1,5.099774003E-1,2.523378134E-1
1.922548937E1,-4.495619796E-4,3.120279908E-1,1.765629798E-1
1.923551237E1,7.117668539E-2,1.371581554E-1,1.841979921E-1
1.924553537E1,9.393177927E-2,7.416491210E-2,3.023111820E-1
1.925555837E1,1.655758768E-1,5.366017297E-2,5.022059679E-1
1.926558137E1,2.978380620E-1,1.231735423E-1,5.563362241E-1
1.927560537E1,3.718094826E-1,2.686636150E-1,3.881496191E-1
1.928562837E1,1.947582960E-1,3.862971365E-1,8.357925713E-2
1.929565137E1,1.224553511E-1,6.259105206E-1,-1.847856194E-1
1.930567437E1,1.546874195E-1,6.489807367E-1,-3.140795827E-1
1.931569737E1,1.271692514E-1,4.676589072E-1,-3.456462920E-1
1.932572037E1,1.463689506E-1,9.107401967E-2,-2.446987629E-1
1.933574337E1,1.626475155E-1,-3.883743286E-1,-9.198431671E-2
1.934576637E1,1.758069992E-1,-4.341500700E-1,-2.801438607E-2
1.935578937E1,1.941247582E-1,-2.614310384E-1,-3.798286244E-2
1.936581237E1,1.859785616E-1,1.099324226E-2,-1.874333471E-1
1.937583537E1,3.459724784E-1,2.663754821E-1,-3.435997665E-1
1.938585837E1,4.466354251E-1,2.981037796E-1,-5.076351166E-1
1.939588137E1,4.679878354E-1,2.186419666E-1,-5.874223709E-1
1.940590437E1,4.626542330E-1,8.109477907E-2,-5.254907608E-1
1.941592737E1,5.795683265E-1,5.122103915E-2,-3.412117064E-1
1.942595037E1,5.082108378E-1,8.595051616E-2,-2.508068681E-1
1.943597337E1,4.971027970E-1,3.180423379E-1,-2.877904177E-1
1.944599637E1,4.839917123E-1,1.742936224E-1,-3.210200965E-1
1.945601938E1,4.324523807E-1,-6.373918056E-2,-3.862265348E-1
1.946604237E1,4.900816679E-1,-2.435119003E-1,-4.075818360E-1
1.947606537E1,5.401791930E-1,-3.866972923E-1,-3.962924182E-1
1.948608837E1,5.625783801E-1,-6.376913786E-1,-2.824294269E-1
1.949611137E1,6.306237578E-1,-5.790086389E-1,-2.003998160E-1
1.950613437E1,7.442836165E-1,-2.006583661E-1,-2.522022724E-1
1.951615737E1,7.171723843E-1,1.402624324E-2,-4.652655721E-1
1.952618037E1,6.303146482E-1,-2.003100067E-1,-6.393492818E-1
1.953620337E1,5.444159508E-1,-6.821016669E-1,-6.630636454E-1
1.954622637E1,5.112065673E-1,-9.433466792E-1,-6.363844275E-1
1.955625037E1,5.192117691E-1,-1.066105366E0,-5.932391286E-1
1.956627337E1,5.183378458E-1,-1.004321933E0,-5.736915469E-1
1.957629637E1,6.557279229E-1,-7.243022323E-1,-5.133994222E-1
1.958631937E1,7.472168803E-1,-4.354993999E-1,-4.739343524E-1
1.959634237E1,7.130218744E-1,-1.689579785E-1,-4.436070621E-1
1.960636537E1,6.435977817E-1,7.835663855E-4,-4.046966136E-1
1.961638837E1,6.719242334E-1,1.277023703E-1,-4.239246547E-1
1.962641137E1,7.395792007E-1,-1.604015380E-2,-4.635562003E-1
1.963643437E1,6.625105143E-1,-4.537144303E-1,-4.904112518E-1
1.964645737E1,6.656264067E-1,-7.233507037E-1,-3.827412724E-1
1.965648037E1,6.317946911E-1,-8.207432628E-1,-2.184804082E-1
1.966650337E1,6.161228418E-1,-6.198911071E-1,-1.652236134E-1
1.967652637E1,7.012773752E-1,-3.634111285E-1,-1.806595474E-1
1.968654937E1,7.309090495E-1,-2.178255916E-1,-2.313197553E-1
1.969657237E1,7.294597626E-1,-1.481130868E-1,-2.733593583E-1
1.970659537E1,7.242972255E-1,7.476781495E-3,-2.756242752E-1
1.971661837E1,6.913414001E-1,1.400747746E-1,-2.775348127E-1
1.972664137E1,7.374528050E-1,1.871748716E-1,-3.412460685E-1
1.973666437E1,8.602442145E-1,2.406889647E-1,-5.040017366E-1
1.974668738E1,9.802441001E-1,2.183195651E-1,-7.112830877E-1
1.975671037E1,8.547386527E-1,-1.278562248E-1,-8.038247228E-1
1.976673337E1,7.871787548E-1,-5.431163311E-1,-6.351100206E-1
1.977675637E1,9.100044966E-1,-9.750525951E-1,-3.219883144E-1
1.978677937E1,9.775154591E-1,-1.123814344E0,-1.743477583E-1
1.979680237E1,1.048207998E0,-9.034598470E-1,-2.419409156E-1
1.980682537E1,1.038233042E0,-4.679105878E-1,-4.315188527E-1
1.981684837E1,9.464954138E-1,1.711290032E-1,-6.286689043E-1
1.982687237E1,9.609148502E-1,4.635023773E-1,-6.396498680E-1
1.983689567E1,9.138661027E-1,4.111243784E-1,-5.300991535E-1
1.984691867E1,7.941002250E-1,2.097359002E-1,-4.125239551E-1
1.985694167E1,7.747616768E-1,-7.194345444E-2,-2.455040962E-1
1.986696467E1,8.687648177E-1,-2.843730450E-1,-5.116218701E-2
1.987698767E1,8.304746747E-1,-4.304018915E-1,3.390024230E-2
1.988701067E1,7.618506551E-1,-2.356264740E-1,1.363831572E-2
1.989703367E1,7.928211093E-1,3.619891778E-2,-1.898460835E-2
1.990705667E1,7.490334511E-1,2.751370072E-1,-1.994306892E-1
1.991707967E1,8.400571346E-1,5.181405544E-1,-4.501497447E-1
1.992710267E1,8.668040037E-1,2.900798917E-1,-5.673713684E-1
1.993712567E1,8.266198039E-1,-1.271357089E-1,-3.831455708E-1
1.994714867E1,8.276107907E-1,-4.889793992E-1,3.691867460E-3
1.995717167E1,7.818369269E-1,-4.588425457E-1,2.329045385E-1
1.996719467E1,7.256803513E-1,-1.852274835E-1,1.922631562E-1
1.997721767E1,7.472277284E-1,1.986509413E-1,-4.300607741E-2
1.998724067E1,7.472190261E-1,4.356300235E-1,-2.850212753E-1
1.999726367E1,7.260252833E-1,5.372213721E-1,-3.770712912E-1
2.000728667E1,6.857258677E-1,5.084645152E-1,-3.344516158E-1
2.001730967E1,8.061412573E-1,5.262911916E-1,-2.736822665E-1
2.002733267E1,8.427073956E-1,2.024945021E-1,-2.635436952E-1
2.003735567E1,8.368063569E-1,-1.729233265E-1,-2.162888348E-1
2.004737867E1,9.588515759E-1,-3.710753024E-1,-1.106576025E-1
2.005740167E1,1.010789633E0,-2.117559463E-1,-1.275444329E-1
2.006742467E1,9.853073955E-1,5.172726884E-2,-2.696747482E-1
2.007744767E1,9.418824315E-1,1.706491262E-1,-3.699339628E-1
2.008747167E1,9.465939403E-1,1.406364143E-1,-3.349731863E-1
2.009749467E1,9.981508851E-1,5.687522143E-2,-2.326196581E-1
2.010751767E1,1.027343512E0,6.440901011E-2,-1.912635118E-1
2.011754067E1,1.101713657E0,2.426711619E-1,-2.875168025E-1
2.012756367E1,1.146819234E0,3.035007417E-1,-4.182628989E-1
2.013758667E1,1.060471296E0,8.979402483E-2,-5.116906166E-1
2.014760967E1,1.156861067E0,-2.335324436E-1,-4.905438423E-1
2.015763267E1,1.269582272E0,-5.204198360E-1,-4.007883966E-1
2.016765567E1,1.172933817E0,-6.052121520E-1,-3.651736677E-1
2.017767867E1,1.254388452E0,-2.784055173E-1,-3.919110000E-1
2.018770167E1,1.403205514E0,-1.107404381E-1,-4.486995637E-1
2.019772467E1,1.340394855E0,-2.104111016E-1,-5.773180127E-1
2.020774767E1,1.302114606E0,-3.954908550E-1,-5.802867413E-1
2.021777067E1,1.288633347E0,-6.033308506E-1,-4.748673737E-1
2.022779367E1,1.211688876E0,-6.438105106E-1,-5.222687721E-1
2.023781667E1,1.255532265E0,-4.827843308E-1,-7.202683687E-1
2.024783967E1,1.181364775E0,-6.692870855E-1,-8.879278302E-1
2.025786267E1,1.147000194E0,-8.013812304E-1,-8.365144134E-1
2.026788567E1,1.171879172E0,-8.827176690E-1,-6.299427152E-1
2.027790867E1,1.050695419E0,-7.336009145E-1,-4.934091270E-1
2.028793167E1,1.050930262E0,-2.850376666E-1,-4.268369973E-1
2.029795467E1,1.052946329E0,2.265792638E-1,-4.792506695E-1
2.030797767E1,1.060309291E0,4.996428192E-1,-6.157016754E-1
2.031800067E1,1.025027514E0,2.456741780E-1,-6.710938215E-1
2.032802367E1,9.679183364E-1,-9.952066839E-2,-6.075302958E-1
2.033804667E1,1.072507381E0,-2.947511375E-1,-5.073112845E-1
2.034806967E1,1.070115447E0,-3.202508688E-1,-5.640739202E-1
2.035809367E1,8.298354149E-1,-2.188837528E-1,-7.869269848E-1
2.036811667E1,7.899630666E-1,-1.834141016E-1,-8.948246837E-1
2.037813967E1,7.952529192E-1,-4.094147384E-1,-8.376258612E-1
2.038816267E1,8.005247712E-1,-4.830291867E-1,-7.665211558E-1
2.039818567E1,8.028702140E-1,-4.649122357E-1,-7.478960752E-1
2.040820867E1,8.145290017E-1,-3.951704204E-1,-6.887235641E-1
2.041823167E1,1.016740322E0,-2.781756222E-1,-5.235772133E-1
2.042825467E1,1.094024897E0,-1.595670432E-1,-3.874212801E-1
2.043827767E1,9.204056859E-1,6.318028271E-2,-5.052608252E-1
2.044830067E1,7.815164924E-1,3.698194027E-1,-8.245032430E-1
2.045832367E1,6.274827123E-1,2.290282100E-1,-1.106471300E0
2.046834667E1,6.053754091E-1,-2.281749249E-1,-1.050961971E0
2.047836967E1,6.808073521E-1,-5.845924616E-1,-7.772175670E-1
2.048839267E1,6.512432694E-1,-5.094138384E-1,-5.759148598E-1
2.049841567E1,6.195092797E-1,4.202987999E-2,-5.221760273E-1
2.050843867E1,6.624099612E-1,5.314248204E-1,-5.353277326E-1
2.051846167E1,7.745692134E-1,7.367033958E-1,-5.722777247E-1
2.052848467E1,7.647699118E-1,6.703001857E-1,-7.227116227E-1
2.053850767E1,7.529696822E-1,3.330366611E-1,-9.448314905E-1
2.054853067E1,7.292087078E-1,-2.704242766E-1,-1.082678318E0
2.055855367E1,6.406551600E-1,-6.716710925E-1,-1.094524622E0
2.056857667E1,5.655136108E-1,-7.602708936E-1,-9.961265326E-1
2.057859967E1,5.692457557E-1,-6.583914161E-1,-8.193647861E-1
2.058862267E1,5.597575307E-1,-3.175725937E-1,-6.374564171E-1
2.059864567E1,4.993337989E-1,1.432230026E-1,-5.126478672E-1
2.060866867E1,4.004795849E-1,5.849631429E-1,-4.610349536E-1
2.061869167E1,3.373104632E-1,9.457322359E-1,-4.211077690E-1
2.062871467E1,1.842834353E-1,1.086064935E0,-3.034729362E-1
2.063873867E1,-1.960843801E-2,9.324011207E-1,-4.915089160E-2
2.064876167E1,-1.693698168E-1,5.634504557E-1,3.001363873E-1
2.065878467E1,-3.893046081E-1,1.926348060E-1,6.022328734E-1
2.066880767E1,-6.639309525E-1,4.194096103E-2,7.465399504E-1
2.067883067E1,-9.807323217E-1,1.879089884E-2,6.638533473E-1
2.068885367E1,-1.324213624E0,6.462248042E-3,4.429934621E-1
2.069887667E1,-1.588448167E0,-1.289909184E-1,3.243030310E-1
2.070889967E1,-1.847181916E0,-4.120161533E-1,4.268629849E-1
2.071892267E1,-2.245234489E0,-5.753691792E-1,7.125440240E-1
2.072894567E1,-2.519320488E0,-5.846190453E-1,1.055175662E0
2.073896867E1,-2.733501434E0,-6.383312345E-1,1.221677542E0
2.074899167E1,-2.903604984E0,-7.445240021E-1,1.144203424E0
2.075901467E1,-3.162758112E0,-1.099195838E0,9.562335610E-1
2.076903767E1,-3.366409063E0,-1.605292439E0,9.214805961E-1
2.077906067E1,-3.458064556E0,-2.214154482E0,1.188313842E0
2.078908367E1,-3.239735365E0,-2.975497484E0,1.681557894E0
2.079910667E1,-2.883043766E0,-3.623181581E0,2.240581751E0
2.080912967E1,-2.497545481E0,-4.009657383E0,2.749903440E0
2.081915267E1,-2.095199347E0,-4.238254070E0,3.141621351E0
2.082917567E1,-1.634198666E0,-4.415284157E0,3.417548180E0
2.083919888E1,-1.228316426E0,-4.539686680E0,3.598792553E0
2.084922187E1,-8.299633265E-1,-4.561939716E0,3.670553923E0
2.085924487E1,-3.364886045E-1,-4.308391571E0,3.671109200E0
2.086926787E1,1.586434841E-1,-3.728774309E0,3.620915413E0
2.087929087E1,6.014084220E-1,-2.924564600E0,3.539691687E0
2.088931387E1,9.178121686E-1,-1.996541619E0,3.417647123E0
2.089933787E1,9.335168004E-1,-1.053486943E0,3.161044359E0
2.090936087E1,7.227923274E-1,-1.010623276E-1,2.771362782E0
2.091938387E1,3.841527700E-1,9.479216337E-1,2.395645618E0
2.092940687E1,-8.810334653E-2,1.756145597E0,2.132847786E0
2.093942987E1,-4.936905205E-1,1.884601355E0,2.003802061E0
2.094945287E1,-6.172639132E-1,1.487888932E0,2.016454697E0
2.095947587E1,-3.966497779E-1,1.104343653E0,2.222202063E0
2.096949887E1,-1.188258305E-1,1.406186461E0,2.378038406E0
2.097952187E1,4.128100723E-2,2.333373547E0,2.086503029E0
2.098954487E1,8.840340376E-2,3.351980925E0,1.309753418E0
2.099956787E1,1.353115141E-1,4.271615982E0,3.087073863E-1
2.100959087E1,2.279322147E-1,4.942551613E0,-5.124726295E-1
2.101961387E1,1.040520817E-1,5.240796089E0,-9.854641557E-1
2.102963687E1,2.398147583E-1,5.093348980E0,-1.154461741E0
2.103965987E1,3.603888154E-1,4.672360420E0,-1.279851675E0
2.104968287E1,1.687080860E-1,4.157361507E0,-1.533676386E0
2.105970587E1,1.935854182E-2,3.632014751E0,-1.740527868E0
2.106972887E1,-2.259305418E-1,2.994337559E0,-1.775412917E0
2.107975187E1,-4.695213437E-1,2.088628292E0,-1.533436537E0
2.108977487E1,-5.529916883E-1,9.430801272E-1,-1.031285048E0
2.109979787E1,-5.128487945E-1,-2.821553648E-1,-4.562962949E-1
2.110982087E1,-3.436542749E-1,-1.390446544E0,5.808667839E-2
2.111984387E1,-1.615095139E-1,-2.247366190E0,4.646182358E-1
2.112986688E1,-1.307272613E-1,-2.639606953E0,7.599368691E-1
2.113988987E1,-2.537668943E-1,-2.318097830E0,9.774926305E-1
2.114991287E1,-4.128940403E-1,-1.612766266E0,1.132238984E0
2.115993587E1,-5.054514408E-1,-1.058418870E0,1.158978939E0
2.116995887E1,-5.529518127E-1,-5.324906111E-1,9.643924832E-1
2.117998288E1,-4.458588958E-1,2.155588418E-1,6.358143091E-1
2.119000587E1,-3.287495077E-1,1.148507357E0,3.158819377E-1
2.120002887E1,-2.799252570E-1,2.049488783E0,8.087848127E-2
2.121005187E1,-2.831464410E-1,2.429061174E0,-8.978620172E-2
2.122007487E1,-2.990436554E-1,2.239019871E0,-2.641854584E-1
2.123009787E1,-2.554227114E-1,1.663076282E0,-4.154430032E-1
2.124012087E1,-2.917849720E-1,8.932973146E-1,-4.520787895E-1
2.125014387E1,-2.434166670E-1,1.813273877E-1,-2.679198384E-1
2.126016687E1,-1.501516998E-1,-1.889542639E-1,-1.135358308E-2
2.127018987E1,-1.338500902E-2,-3.383805752E-1,1.260568798E-1
2.128021287E1,1.650133170E-3,-5.107968450E-1,9.653227031E-2
2.129023587E1,8.874040097E-3,-6.129173040E-1,-2.266124636E-2
2.130025887E1,1.000572070E-1,-5.077248216E-1,-1.381846517E-1
2.131028187E1,1.629033834E-1,-6.775414944E-1,-2.180186361E-1
2.132030487E1,1.722036749E-1,-1.174198151E0,-3.116524518E-1
2.133032787E1,1.729837656E-1,-1.499683738E0,-3.539540172E-1
2.134035087E1,1.137294844E-1,-1.461344361E0,-2.914797366E-1
2.135037387E1,9.119795263E-2,-1.326687336E0,-1.828382462E-1
2.136039687E1,9.906733036E-2,-1.235896945E0,-5.320276693E-2
2.137041987E1,2.259588540E-1,-1.012242556E0,1.121091694E-1
2.138044287E1,5.456615090E-1,-5.628092289E-1,2.450842559E-1
2.139046587E1,6.610893011E-1,5.937050283E-2,2.747860253E-1
2.140048887E1,6.350039244E-1,5.572860241E-1,2.619626224E-1
2.141051187E1,4.760263562E-1,7.256599665E-1,2.425791621E-1
2.142053488E1,2.985562384E-1,7.644023299E-1,2.778127789E-1
2.143055787E1,2.184311748E-1,6.464873552E-1,3.270442188E-1
2.144058087E1,1.778009236E-1,3.355720639E-1,2.749293447E-1
2.145060487E1,1.165748984E-1,4.905064031E-2,1.482479274E-1
2.146062787E1,7.894523442E-2,-1.492667049E-1,5.132164434E-2
2.147065088E1,5.461475998E-2,-3.053168356E-1,3.412708268E-2
2.148067387E1,-2.885350399E-2,-4.928576946E-1,8.234947175E-2
2.149069687E1,-1.342155486E-1,-7.030000687E-1,1.074643433E-1
2.150071987E1,-2.549187839E-1,-7.963401079E-1,1.059516668E-1
2.151074287E1,-3.295403719E-1,-7.140084505E-1,6.875856221E-2
2.152076588E1,-2.650969326E-1,-5.376528502E-1,-5.067196116E-2
2.153078887E1,-1.775050014E-1,-1.751586348E-1,-2.184310257E-1
2.154081187E1,-2.674318850E-2,2.060875148E-1,-3.532671034E-1
2.155083487E1,5.554459244E-2,3.407563567E-1,-4.849461317E-1
2.156085787E1,6.741083413E-2,1.908818930E-1,-6.074645519E-1
2.157088087E1,1.433742940E-1,-7.015902549E-2,-7.184591889E-1
2.158090387E1,2.339305580E-1,-3.665225208E-1,-8.315764070E-1
2.159092687E1,2.653929591E-1,-6.323830485E-1,-8.942261338E-1
2.160094987E1,2.276642174E-1,-7.535680532E-1,-8.580849171E-1
2.161097287E1,1.067561880E-1,-6.544986367E-1,-7.223004699E-1
2.162099587E1,-4.822647199E-2,-3.058389723E-1,-4.859198332E-1
2.163101887E1,-1.265986115E-1,1.142821088E-1,-2.345971912E-1
2.164104187E1,-6.253040582E-2,4.009367824E-1,-1.127626300E-1
2.165106487E1,1.114306878E-2,5.971431732E-1,-7.018148899E-2
2.166108787E1,2.387910336E-2,6.059180498E-1,-6.229053810E-2
2.167111087E1,7.699763030E-2,3.698945343E-1,-1.268926859E-1
2.168113387E1,1.739172488E-1,5.581809208E-2,-2.412043512E-1
2.169115687E1,2.514016628E-1,-2.843784541E-2,-3.300041854E-1
2.170117987E1,2.792445123E-1,2.333136052E-1,-3.634575009E-1
2.171120288E1,2.221373916E-1,5.157081485E-1,-3.402376175E-1
2.172122687E1,1.755198240E-1,4.377853870E-1,-2.858279049E-1
2.173124987E1,8.375028521E-2,1.849675030E-1,-2.011831254E-1
2.174127287E1,5.506378040E-2,1.186172292E-1,-1.189449653E-1
2.175129587E1,6.649833173E-2,1.515767872E-1,-9.136207402E-2
2.176131888E1,5.608323961E-2,1.328065544E-1,-1.050134376E-1
2.177134187E1,1.365331858E-1,-2.615739405E-2,-1.310669631E-1
2.178136487E1,1.575660259E-1,-1.503989249E-1,-1.692178100E-1
2.179138787E1,1.423043013E-1,-7.440412790E-2,-1.872470081E-1
2.180141087E1,1.539210230E-1,1.436586976E-1,-1.729056239E-1
2.181143388E1,1.216563582E-1,3.700864017E-1,-1.378434896E-1
2.182145687E1,3.234405816E-2,6.008642316E-1,-1.075500324E-1
2.183147987E1,-4.520870373E-2,7.887232900E-1,-1.065731123E-1
2.184150317E1,-1.017100662E-1,8.590395451E-1,-1.353435218E-1
2.185152617E1,-1.402929127E-1,8.266112208E-1,-1.644692570E-1
2.186154917E1,-1.723448634E-1,7.292870879E-1,-1.599703729E-1
2.187157217E1,-1.182845384E-1,6.270296574E-1,-1.235142127E-1
2.188159517E1,-1.544609200E-3,5.321971774E-1,-1.168030500E-1
2.189161817E1,8.128837496E-2,4.761857688E-1,-1.458855718E-1
2.190164117E1,1.371979862E-1,4.890842736E-1,-1.335876286E-1
2.191166417E1,1.301930249E-1,4.935108125E-1,-8.573967218E-2
2.192168717E1,6.061847508E-2,4.614932239E-1,-7.738959789E-2
2.193171017E1,2.516281605E-2,4.932900071E-1,-5.377115682E-2
2.194173317E1,4.810594767E-2,6.033400893E-1,3.415964078E-3
2.195175617E1,5.553644896E-2,7.512837052E-1,-1.963142119E-2
2.196177917E1,1.206483394E-1,8.573715091E-1,-1.630778015E-1
2.197180217E1,1.348259449E-1,8.518247008E-1,-3.294824958E-1
2.198182517E1,1.376177371E-1,6.757658124E-1,-4.362648726E-1
2.199184917E1,1.635677367E-1,3.609260619E-1,-4.197798967E-1
2.200187217E1,2.243333459E-1,1.099684015E-1,-2.859233022E-1
2.201189517E1,2.968398631E-1,2.607692592E-2,-1.097334027E-1
2.202191817E1,2.430682480E-1,1.031056643E-1,3.494654223E-2
2.203194117E1,2.480864972E-1,2.882304788E-1,1.260820925E-1
2.204196417E1,2.924321294E-1,5.080267787E-1,1.357054263E-1
2.205198717E1,3.194747269E-1,7.186426520E-1,8.120151609E-2
2.206201017E1,3.386401534E-1,8.743672967E-1,-5.257092789E-2
2.207203317E1,2.718447447E-1,8.159301281E-1,-2.035617232E-1
2.208205617E1,2.268354893E-1,5.515874028E-1,-3.062215149E-1
2.209207917E1,1.522677541E-1,2.140164822E-1,-3.388136029E-1
2.210210217E1,4.456473142E-2,-1.130141094E-1,-2.920889854E-1
2.211212517E1,-3.201221116E-3,-3.394843638E-1,-1.787551641E-1
2.212214817E1,1.890674420E-2,-3.396457434E-1,-5.000624061E-2
2.213217117E1,1.259468347E-1,-4.964495823E-2,2.981347963E-2
2.214219417E1,1.984050572E-1,3.798976243E-1,5.727493018E-2
2.215221717E1,2.550584376E-1,6.820219159E-1,3.317797929E-2
2.216224017E1,2.751961946E-1,8.371177316E-1,-2.251457423E-2
2.217226317E1,2.392503470E-1,8.578562737E-1,-6.288422644E-2
2.218228617E1,2.024771422E-1,7.953923345E-1,-9.232947230E-2
2.219230917E1,1.513301581E-1,7.258739471E-1,-9.755904973E-2
2.220233217E1,1.400364935E-1,6.744496822E-1,-1.175636500E-1
2.221235517E1,1.555617303E-1,7.198044062E-1,-1.835946143E-1
2.222237817E1,1.800636053E-1,8.806487322E-1,-2.738976181E-1
2.223240117E1,3.041072488E-1,1.079879642E0,-3.245308101E-1
2.224242417E1,3.977383971E-1,1.142519355E0,-3.729428351E-1
2.225244817E1,4.414612055E-1,1.041432738E0,-4.468000829E-1
2.226247117E1,4.603012204E-1,8.308513165E-1,-4.717722833E-1
2.227249417E1,4.288518131E-1,5.876809955E-1,-4.231595695E-1
2.228251717E1,3.609052300E-1,3.017824292E-1,-3.446506560E-1
2.229254017E1,2.932242453E-1,-1.004868373E-1,-2.587221861E-1
2.230256317E1,2.811255157E-1,-5.504537225E-1,-1.815221906E-1
2.231258617E1,3.585633636E-1,-9.200927615E-1,-9.736890346E-2
2.232260917E1,3.749625981E-1,-1.201591849E0,-3.633697331E-2
2.233263217E1,3.452426195E-1,-1.314892292E0,-1.855770871E-2
2.234265517E1,3.083269596E-1,-1.163505197E0,-2.381478995E-2
2.235267817E1,2.710262537E-1,-7.566109300E-1,-8.745604008E-2
2.236270117E1,2.466522008E-1,-1.531508416E-1,-2.109886259E-1
2.237272417E1,1.754427552E-1,3.969528377E-1,-3.345300853E-1
2.238274717E1,6.125281006E-2,6.832424402E-1,-3.785731494E-1
2.239277017E1,-3.850797936E-2,7.238520384E-1,-3.492833674E-1
2.240279317E1,-1.190600842E-1,6.628717780E-1,-2.993720174E-1
2.241281617E1,-1.879032254E-1,6.787418127E-1,-2.724881768E-1
2.242283917E1,-2.335577905E-1,7.800838947E-1,-2.570333183E-1
2.243286217E1,-2.485535294E-1,8.207306862E-1,-2.447368503E-1
2.244288517E1,-1.674413681E-1,7.309406400E-1,-2.502922118E-1
2.245290817E1,1.733732782E-2,5.158841014E-1,-2.920064926E-1
2.246293117E1,7.902412862E-2,2.702873945E-1,-3.483222425E-1
2.247295417E1,2.218805254E-2,8.899677545E-2,-3.324968517E-1
2.248297717E1,-3.795225173E-2,8.039476722E-2,-2.694017887E-1
2.249300017E1,-4.234544560E-2,2.375219911E-1,-2.215203494E-1
2.250302317E1,-6.366351992E-2,3.692957461E-1,-2.140416652E-1
2.251304617E1,-1.279583126E-1,2.450795919E-1,-2.088392377E-1
2.252307017E1,-1.829885542E-1,-1.506975591E-1,-1.866436601E-1
2.253309317E1,-1.843997836E-1,-6.497408152E-1,-1.855327040E-1
2.254311617E1,-1.090088934E-1,-1.062817812E0,-2.300844640E-1
2.255313917E1,-4.096669704E-2,-1.312424541E0,-2.702783644E-1
2.256316217E1,-1.614231151E-3,-1.385894775E0,-2.787461579E-1
2.257318517E1,1.214811057E-1,-1.300422788E0,-2.353029996E-1
2.258320817E1,1.854593009E-1,-1.140665531E0,-1.566739678E-1
2.259323117E1,5.418715253E-2,-8.683766127E-1,-7.652766258E-2
2.260325417E1,-9.959415346E-2,-3.759344816E-1,-4.262163118E-2
2.261327717E1,-2.010563314E-1,2.339467257E-1,-2.163139358E-2
2.262330017E1,-2.755564153E-1,7.326561213E-1,-5.989316851E-3
2.263332317E1,-3.525685668E-1,8.720446229E-1,-4.007213563E-2
2.264334617E1,-4.799848497E-1,7.418770194E-1,-1.245108545E-1
2.265336917E1,-5.073931813E-1,5.562142730E-1,-2.045293897E-1
2.266339217E1,-4.518039823E-1,3.401701450E-1,-1.794703752E-1
2.267341517E1,-3.848082423E-1,1.435871422E-1,-1.096035540E-1
2.268343817E1,-3.152216971E-1,-6.019181758E-2,-4.488448054E-2
2.269346117E1,-3.120229244E-1,-3.955607712E-1,-4.862328991E-3
2.270348417E1,-3.401901126E-1,-7.206488848E-1,-1.476662513E-2
2.271350717E1,-3.433723450E-1,-1.025946975E0,-9.590730816E-2
2.272353017E1,-3.358899355E-1,-1.181036115E0,-2.744232714E-1
2.273355317E1,-1.922689974E-1,-1.118808150E0,-4.715059698E-1
2.274357617E1,-1.911843121E-1,-9.402930140E-1,-5.990297794E-1
2.275359917E1,-3.953005970E-1,-7.471715212E-1,-6.545965075E-1
2.276362217E1,-5.055460930E-1,-5.896586180E-1,-6.209437251E-1
2.277364517E1,-4.744875431E-1,-1.980258375E-1,-4.865251780E-1
2.278366917E1,-4.232573807E-1,2.102793604E-1,-3.477638364E-1
2.279369217E1,-4.617051482E-1,5.253298879E-1,-3.790474534E-1
2.280371517E1,-4.572771192E-1,6.518455148E-1,-5.712746978E-1
2.281373817E1,-4.560366273E-1,5.138597488E-1,-7.633348107E-1
2.282376117E1,-3.631956577E-1,9.361585975E-2,-8.719941378E-1
2.283378379E1,-2.458216101E-1,-3.974156380E-1,-9.081315398E-1
2.284380679E1,-1.175395474E-1,-9.297437072E-1,-8.894782662E-1
2.285382979E1,-1.630084068E-1,-1.437561989E0,-9.014903307E-1
2.286385279E1,-1.774416715E-1,-1.610903621E0,-8.912587166E-1
2.287387579E1,-5.517224967E-2,-1.423471808E0,-7.085765004E-1
2.288389879E1,4.521533847E-2,-9.582191110E-1,-3.567923605E-1
2.289392179E1,1.828417927E-1,-4.475984275E-1,2.115433291E-2
2.290394479E1,2.919656038E-1,-4.050125927E-2,2.582038939E-1
2.291396779E1,3.038954437E-1,4.159001112E-1,3.110734522E-1
2.292399079E1,1.775146276E-1,8.846191168E-1,2.331978381E-1
2.293401379E1,1.849287376E-2,1.144643068E0,5.922405422E-2
2.294403679E1,-8.404362202E-2,1.227946162E0,-1.076227203E-1
2.295405979E1,-7.836034149E-2,1.117449045E0,-1.687234938E-1
2.296408279E1,-1.528337598E-1,8.586851358E-1,-1.282133609E-1
2.297410579E1,-2.145412266E-1,5.548753142E-1,-3.143029660E-2
2.298412879E1,-1.805417091E-1,2.641270757E-1,1.365469303E-3
2.299415179E1,-1.130169183E-1,1.071896330E-1,-3.414865583E-2
2.300417479E1,-4.768505320E-2,1.223649085E-2,-4.064809904E-2
2.301419779E1,-7.748329639E-2,2.559734881E-2,4.338569567E-2
2.302422079E1,-4.434798285E-2,1.034782175E-2,2.165026069E-1
2.303424479E1,9.419891052E-3,7.110490464E-3,3.787518442E-1
2.304426779E1,-6.343540549E-2,-3.590302169E-2,4.512585402E-1
2.305429079E1,-4.992946982E-2,-1.716128923E-2,4.203548133E-1
2.306431379E1,1.635814905E-1,1.019107699E-1,2.661916018E-1
2.307433679E1,2.359131128E-1,1.132159159E-1,1.331630163E-3
2.308435979E1,1.377322227E-1,3.095380217E-2,-2.292038351E-1
2.309438279E1,1.346198618E-1,1.452305354E-2,-2.633570135E-1
2.310440579E1,1.180336922E-1,-8.210415393E-2,-7.022323459E-2
2.311442879E1,9.140356630E-2,-3.611060977E-1,1.738249213E-1
2.312445179E1,1.694174111E-1,-6.215435266E-1,2.795556188E-1
2.313447479E1,1.191143543E-1,-8.210386038E-1,1.699499637E-1
2.314449779E1,1.400302947E-1,-8.661804795E-1,-7.413301617E-2
2.315452079E1,2.897670567E-1,-6.454333663E-1,-2.972776294E-1
2.316454379E1,3.262041509E-1,-2.950646877E-1,-3.872400224E-1
2.317456679E1,2.421684712E-1,2.157621551E-3,-3.056308031E-1
2.318458979E1,9.860359132E-2,-8.484370075E-3,-1.250421405E-1
2.319461279E1,6.722681224E-2,-1.417383999E-1,5.446011201E-2
2.320463579E1,8.190508932E-2,-1.949552894E-1,1.603575200E-1
2.321465879E1,1.127383187E-1,-1.926310360E-1,1.472751349E-1
2.322468179E1,1.796598136E-1,-1.396533102E-1,4.593093693E-2
2.323470479E1,1.408882141E-1,-1.127987951E-1,-8.136615157E-2
2.324472779E1,5.977471545E-2,-1.687760502E-1,-1.598002464E-1
2.325475079E1,-1.234527603E-1,-2.231422216E-1,-1.701802462E-1
2.326477379E1,-2.954159975E-1,-1.878231168E-1,-2.157706320E-1
2.327479679E1,-2.793747485E-1,-1.153497025E-2,-3.322821259E-1
2.328482079E1,-3.046830297E-1,8.780040592E-2,-4.267399311E-1
2.329484379E1,-3.031747341E-1,-3.569734842E-2,-4.873936772E-1
2.330486679E1,-3.472039998E-1,-2.215524316E-1,-4.488843679E-1
2.331488979E1,-4.286334217E-1,-4.859318435E-1,-3.223579526E-1
2.332491279E1,-4.160875380E-1,-7.225641012E-1,-1.928082108E-1
2.333493579E1,-4.038217366E-1,-8.150178790E-1,-8.168175817E-2
2.334495879E1,-2.625088096E-1,-6.976340413E-1,7.884608582E-3
2.335498179E1,-1.279460266E-3,-3.927138448E-1,8.349813521E-2
2.336500479E1,1.087138876E-1,-2.160370648E-1,9.381229430E-2
2.337502779E1,1.005668938E-1,-1.905950606E-1,3.982418776E-2
2.338505079E1,9.552292526E-3,-1.117676198E-1,7.243911922E-2
2.339507379E1,-1.523980796E-1,-9.362880141E-2,1.432828754E-1
2.340509679E1,-1.268924475E-1,-1.365341991E-1,1.680990010E-1
2.341511979E1,-5.703116208E-2,-8.656287193E-2,1.343510896E-1
2.342514279E1,-5.206996202E-2,8.605071157E-2,-6.076599006E-3
2.343516579E1,-4.793718457E-2,1.758500636E-1,-1.840385348E-1
2.344518879E1,-1.369762421E-1,2.243388817E-2,-2.865364254E-1
2.345521179E1,-1.326211840E-1,-2.961715162E-1,-2.946642637E-1
2.346523479E1,-9.069025517E-2,-5.531386137E-1,-2.189087868E-1
2.347525779E1,-5.503084138E-2,-6.597018242E-1,-2.211059630E-1
2.348528079E1,1.271054149E-1,-5.311963558E-1,-3.345446587E-1
2.349530379E1,2.742886245E-1,-1.554938108E-1,-5.242161155E-1
2.350532679E1,4.144963324E-1,1.639033556E-1,-7.725718617E-1
2.351534979E1,3.922325075E-1,4.552552477E-2,-9.644973278E-1
2.352537279E1,2.442177534E-1,-5.043277740E-1,-9.964350462E-1
2.353539679E1,2.327348739E-1,-1.193909168E0,-8.385605216E-1
2.354541979E1,1.691436470E-1,-1.847361326E0,-6.825887561E-1
2.355544279E1,8.230136335E-2,-2.101113319E0,-6.940134764E-1
2.356546579E1,-6.382788718E-2,-1.733788848E0,-8.377416134E-1
2.357548879E1,-2.925138474E-1,-1.091343760E0,-1.131111979E0
2.358551179E1,-5.708533525E-1,-6.918001175E-1,-1.440786719E0
2.359553479E1,-6.090705991E-1,-6.782281399E-1,-1.555022478E0
2.360555779E1,-6.181394458E-1,-6.025688052E-1,-1.487558007E0
2.361558079E1,-5.413501263E-1,6.035083160E-2,-1.322524428E0
2.362560379E1,-5.452143550E-1,9.274212122E-1,-1.113581300E0
2.363562679E1,-5.635631680E-1,1.450226903E0,-9.269798994E-1
2.364564979E1,-5.052705407E-1,1.690213084E0,-7.348570228E-1
2.365567279E1,-4.331729710E-1,1.817415953E0,-6.356168985E-1
2.366569579E1,-5.497701168E-1,1.742054939E0,-6.712377667E-1
2.367571879E1,-6.311144233E-1,1.651791692E0,-6.581069231E-1
2.368574179E1,-5.963562131E-1,1.533084512E0,-5.397911668E-1
2.369576479E1,-4.629201293E-1,1.398636580E0,-4.295065701E-1
2.370578779E1,-1.729719341E-1,1.166189194E0,-3.665925860E-1
2.371581079E1,-4.930635542E-2,7.455787063E-1,-3.645007908E-1
2.372583379E1,-4.742456973E-2,3.724299073E-1,-4.255396426E-1
2.373585679E1,1.004431918E-1,4.062134027E-2,-4.678364992E-1
2.374587979E1,5.326794460E-3,-2.257972956E-1,-5.049513578E-1
2.375590279E1,7.853265107E-2,-3.917612731E-1,-5.606510639E-1
2.376592679E1,9.804669768E-2,-6.513872147E-1,-5.801661611E-1
2.377594979E1,-1.428243890E-2,-9.657477140E-1,-5.447456241E-1
2.378597279E1,3.717462718E-2,-1.327429295E0,-4.344140291E-1
2.379599579E1,6.772726029E-2,-1.567241788E0,-2.737215161E-1
2.380601879E1,5.223885179E-2,-1.509888530E0,-1.307417154E-1
2.381604179E1,-3.518204391E-2,-1.298156500E0,-5.914428458E-2
2.382606479E1,-1.698828638E-1,-9.222869277E-1,-3.175660595E-2
2.383608825E1,-2.126896828E-1,-2.249953300E-1,3.961956501E-2
2.384611125E1,-3.282926977E-1,5.102797151E-1,1.562795937E-1
2.385613425E1,-3.243355155E-1,1.058442712E0,2.840158641E-1
2.386615725E1,-3.910572827E-1,1.356221318E0,4.076123536E-1
2.387618025E1,-4.311967194E-1,1.338895321E0,4.608414471E-1
2.388620325E1,-3.097230196E-1,1.059411168E0,4.527030885E-1
2.389622625E1,-1.738615334E-1,7.431967258E-1,3.872825205E-1
2.390624925E1,3.647385165E-2,4.746685326E-1,3.523999155E-1
2.391627225E1,1.839295477E-1,1.196045801E-1,4.274818599E-1
2.392629525E1,1.032280400E-1,-3.415052593E-1,5.763725638E-1
2.393631825E1,2.721043825E-1,-6.875024438E-1,7.139648199E-1
2.394634125E1,4.105477333E-1,-8.224216104E-1,8.093907237E-1
2.395636425E1,4.561949968E-1,-8.154602647E-1,7.272612453E-1
2.396638725E1,5.863769650E-1,-7.795643210E-1,5.362598896E-1
2.397641025E1,5.847418904E-1,-8.936191797E-1,3.468434811E-1
2.398643325E1,5.265563726E-1,-1.103064060E0,2.598385513E-1
2.399645625E1,4.898739755E-1,-1.342437863E0,2.779130340E-1
2.400647925E1,4.066089094E-1,-1.530575037E0,2.843410969E-1
2.401650325E1,1.204784364E-1,-1.564516425E0,1.854807138E-1
2.402652625E1,7.790140808E-2,-1.151734471E0,3.341688216E-2
2.403654925E1,-3.021970578E-2,-3.843227029E-1,-2.389707230E-2
2.404657225E1,-1.326683164E-1,5.436619520E-1,-3.254968300E-2
2.405659525E1,-1.975031197E-1,1.399466872E0,9.261513501E-2
2.406661825E1,-2.680550516E-1,2.097704887E0,2.227659374E-1
2.407664125E1,-1.972930431E-1,2.483056068E0,2.716355026E-1
2.408666425E1,-2.444874495E-1,2.360026598E0,1.863528192E-1
2.409668725E1,-3.316179514E-1,1.788828731E0,5.911884829E-2
2.410671025E1,-2.497699559E-1,9.027283192E-1,4.841614142E-2
2.411673325E1,-1.128058583E-1,-1.293144822E-1,1.396528780E-1
2.412675625E1,-1.938948482E-1,-1.040244579E0,1.425884813E-1
2.413677925E1,-3.042682707E-1,-1.646668553E0,-3.161666170E-2
2.414680225E1,-2.706905901E-1,-2.014392138E0,-4.243652523E-1
2.415682525E1,-1.078443080E-1,-1.845962167E0,-7.919082642E-1
2.416684825E1,8.504471928E-2,-1.006962061E0,-9.346950054E-1
2.417687125E1,2.922692597E-1,2.082299888E-1,-8.161736131E-1
2.418689425E1,3.414972425E-1,1.287151814E0,-4.469047189E-1
2.419691725E1,2.030890733E-1,1.758201957E0,2.503661439E-2
2.420694025E1,1.655832529E-1,1.550223708E0,4.003830552E-1
2.421696325E1,-7.798133045E-2,8.790564537E-1,4.184886813E-1
2.422698625E1,-2.475554347E-1,1.400756389E-1,5.972253159E-2
2.423700925E1,-2.037480474E-1,-5.916861892E-1,-3.558532298E-1
2.424703225E1,-7.609449327E-2,-1.157990098E0,-5.096699595E-1
2.425705625E1,-5.484413356E-2,-1.422530293E0,-4.618113637E-1
2.426707925E1,4.315833002E-2,-1.267352700E0,-2.735229433E-1
2.427710225E1,7.836511731E-2,-6.619679332E-1,2.635343000E-2
2.428712525E1,-1.693874151E-1,2.883173823E-1,2.678009570E-1
2.429714825E1,-1.295556575E-1,1.303466678E0,3.579010963E-1
2.430717125E1,-1.415989995E-1,1.866759062E0,3.452489376E-1
2.431719425E1,-1.969346702E-1,1.951161742E0,2.365474254E-1
2.432721725E1,-1.408258528E-1,1.778560638E0,1.692983508E-1
2.433724025E1,-8.570610732E-2,1.526717901E0,1.999324113E-1
2.434726325E1,-8.254546672E-2,1.227295518E0,3.080985844E-1
2.435728625E1,-2.117471844E-1,6.739196777E-1,4.291833937E-1
2.436730925E1,-2.323227674E-1,-3.697128268E-3,5.021449924E-1
2.437733225E1,-1.309012473E-1,-4.082530737E-1,5.479230881E-1
2.438735525E1,-4.382440820E-2,-4.424374104E-1,5.519540310E-1
2.439737825E1,9.833878279E-2,-2.855643928E-1,5.067275167E-1
2.440740125E1,1.781041920E-1,-1.558279991E-1,4.105072320E-1
2.441742425E1,1.623678654E-1,-7.743864506E-2,2.959887981E-1
2.442744725E1,2.003141791E-1,-1.015226766E-1,2.282531559E-1
2.443747025E1,2.605578601E-1,-2.807026505E-1,2.186110318E-1
2.444749325E1,2.283775508E-1,-5.502739549E-1,2.207093537E-1
2.445751625E1,8.676743507E-2,-8.655516505E-1,2.495330721E-1
2.446753925E1,-2.562701330E-2,-1.141774774E0,2.825213969E-1
2.447756225E1,2.858798578E-2,-1.066381931E0,3.087657392E-1
2.448758525E1,-1.144828871E-1,-5.949949622E-1,3.084331155E-1
2.449760825E1,-4.053310305E-2,1.504165530E-1,2.181442380E-1
2.450763225E1,-5.971212685E-2,8.115146160E-1,1.751416475E-1
2.451765525E1,-2.807897031E-1,9.767910838E-1,1.833799332E-1
2.452767825E1,-4.779544175E-1,5.954312086E-1,1.849607974E-1
2.453770125E1,-5.591383576E-1,-3.569255024E-2,1.409196258E-1
2.454772425E1,-5.136451721E-1,-4.665688276E-1,8.178173751E-2
2.455774725E1,-7.371519804E-1,-6.083101034E-1,3.127330169E-2
2.456777025E1,-6.855190992E-1,-1.977500021E-1,-8.786234073E-3
2.457779325E1,-5.472891927E-1,4.823992550E-1,8.812278509E-2
2.458781625E1,-4.735800624E-1,1.127165437E0,1.411716193E-1
2.459783925E1,-3.399055898E-1,1.596328974E0,8.436568081E-2
2.460786225E1,-2.497211099E-1,1.700324178E0,-5.270162970E-2
2.461788525E1,-3.199563026E-1,1.479496360E0,-2.585436702E-1
2.462790825E1,-2.369737923E-1,1.090653539E0,-4.581294656E-1
2.463793125E1,-1.757516712E-1,5.189638734E-1,-5.705165267E-1
2.464795425E1,-1.980402023E-1,-1.472096145E-1,-5.787305236E-1
2.465797725E1,-1.944464147E-1,-8.550841808E-1,-4.365554750E-1
2.466800025E1,-2.555971444E-1,-1.407777190E0,-2.351398170E-1
2.467802325E1,-1.862259507E-1,-1.398385525E0,-6.601697206E-2
2.468804625E1,-2.876388282E-2,-8.638837337E-1,-1.100565493E-2
2.469806925E1,1.242461577E-1,-1.999489814E-1,-1.942314655E-1
2.470809225E1,7.138693333E-2,1.354636401E-1,-5.288680196E-1
2.471811525E1,-9.035833925E-2,2.390915062E-3,-7.712762952E-1
2.472813825E1,-8.601792157E-2,-2.963593006E-1,-7.650623322E-1
2.473816225E1,-7.968932390E-2,-5.920664072E-1,-5.663238764E-1
2.474818525E1,-8.306674659E-2,-7.187013626E-1,-3.075751364E-1
2.475820825E1,6.653187424E-2,-5.631815195E-1,-1.349834204E-1
2.476823125E1,3.052075505E-1,-9.836796671E-3,-1.709976047E-1
2.477825425E1,3.562392592E-1,5.837075114E-1,-4.179871976E-1
2.478827725E1,3.627451062E-1,7.699133754E-1,-7.346689701E-1
2.479830025E1,4.072815776E-1,4.495371580E-1,-9.207229018E-1
2.480832325E1,3.713124096E-1,-9.017587453E-2,-9.043002725E-1
2.481834625E1,3.645383120E-1,-6.703233123E-1,-7.018977404E-1
2.482836925E1,3.719411194E-1,-1.206074953E0,-4.406418800E-1
2.483839150E1,3.344201744E-1,-1.602269530E0,-2.344665080E-1
2.484841450E1,3.137849271E-1,-1.842613459E0,-8.116376400E-2
2.485843750E1,1.440091282E-1,-1.807385921E0,-1.534620207E-2
2.486846050E1,-2.837840468E-3,-1.265375376E0,-8.919352293E-2
2.487848350E1,-7.116848230E-2,-3.194187582E-1,-2.273073196E-1
2.488850650E1,-1.639839113E-1,6.289150119E-1,-3.917143941E-1
2.489852950E1,-2.583886385E-1,1.277625918E0,-4.924004376E-1
2.490855250E1,-3.032104373E-1,1.547369242E0,-4.458121657E-1
2.491857550E1,-2.885382473E-1,1.454576492E0,-2.728913426E-1
2.492859850E1,-2.027386576E-1,1.079052210E0,-4.991735891E-2
2.493862150E1,-2.140220255E-2,5.559110045E-1,1.205674261E-1
2.494864450E1,7.556295395E-2,1.002790481E-1,1.629790664E-1
2.495866750E1,5.825792998E-2,-1.797572821E-1,7.921118289E-2
2.496869050E1,2.644540556E-2,-3.705203235E-1,-4.306120053E-2
2.497871350E1,-2.188656479E-2,-5.127640963E-1,-1.267718673E-1
2.498873650E1,-6.611048430E-2,-6.085423231E-1,-1.338859797E-1
2.499876050E1,-1.512438357E-1,-7.359982133E-1,-8.259941638E-2
2.500878350E1,-2.743551135E-1,-9.379601479E-1,2.541841008E-3
2.501880650E1,-2.789811790E-1,-1.228777289E0,1.242063716E-1
2.502882950E1,-2.679101527E-1,-1.517493486E0,2.528889775E-1
2.503885250E1,-2.733995020E-1,-1.676226377E0,3.270082176E-1
2.504887550E1,-1.766729802E-1,-1.708240151E0,3.245072365E-1
2.505889850E1,-5.873477459E-2,-1.552077651E0,2.335211337E-1
2.506892150E1,-2.716912329E-2,-1.091788054E0,1.093528494E-1
2.507894450E1,4.942872375E-2,-3.270895779E-1,2.977498807E-2
2.508896750E1,3.139488101E-1,3.755428791E-1,-5.400042050E-3
2.509899050E1,7.044597715E-2,8.248692155E-1,-8.852200210E-2
2.510901350E1,-5.646825433E-1,1.280974150E0,9.301742911E-2
2.511903650E1,-8.250264525E-1,1.762808442E0,6.912255883E-1
2.512905950E1,-7.178451419E-1,1.924823165E0,1.254042268E0
2.513908250E1,-5.083680153E-1,1.636595726E0,1.451140046E0
2.514910550E1,-3.950683475E-1,1.099118233E0,1.223882437E0
2.515912850E1,-1.585570127E-1,3.449511826E-1,8.131163120E-1
2.516915150E1,-8.671452105E-2,-4.405676126E-1,4.210907817E-1
2.517917450E1,-5.858172104E-2,-9.677362442E-1,1.298874319E-1
2.518919750E1,-1.323789805E-1,-1.095374227E0,-7.405930758E-2
2.519922050E1,-2.873270810E-1,-8.102332354E-1,-2.359429598E-1
2.520924350E1,-2.607087791E-1,-3.194843233E-1,-3.054767847E-1
2.521926650E1,-3.152165115E-1,7.382136304E-3,-2.556739748E-1
2.522928950E1,-4.766453505E-1,3.434264660E-2,-1.124204323E-1
2.523931350E1,-4.338841140E-1,6.508894265E-3,1.325635910E-1
2.524933650E1,-3.106900156E-1,6.612028927E-2,3.994717002E-1
2.525935950E1,-2.019785196E-1,4.015187323E-1,5.636050105E-1
2.526938250E1,-3.687398881E-2,8.515011072E-1,6.448886991E-1
2.527940550E1,6.282041781E-3,9.898954630E-1,6.529569626E-1
2.528942850E1,-4.972903058E-2,6.173269749E-1,5.596693754E-1
2.529945150E1,-5.660410225E-2,-9.043809772E-2,3.764619827E-1
2.530947450E1,-1.857634336E-1,-7.346096635E-1,9.931826591E-2
2.531949750E1,-1.887817234E-1,-1.173331141E0,-1.544415057E-1
2.532952050E1,-6.646566093E-2,-1.400874019E0,-2.855561078E-1
2.533954350E1,-1.168990880E-2,-1.249381661E0,-2.973150015E-1
2.534956650E1,5.901674926E-2,-8.630219102E-1,-2.727694213E-1
2.535958950E1,3.137015551E-2,-5.923562646E-1,-2.447564751E-1
2.536961250E1,-6.857924163E-3,-3.397240639E-1,-2.311804742E-1
2.537963550E1,9.064820409E-2,-3.660922125E-2,-1.846584529E-1
2.538965850E1,9.294891357E-2,1.842800081E-1,-1.774442196E-1
2.539968150E1,6.046765670E-2,3.125189543E-1,-2.057138234E-1
2.540970450E1,3.255293518E-2,2.916365862E-1,-1.782955080E-1
2.541972750E1,3.186793625E-2,8.631458133E-2,-4.619741440E-2
2.542975050E1,1.384396404E-1,-2.138124853E-1,1.624958813E-1
2.543977350E1,2.365587056E-1,-4.830764830E-1,3.731941581E-1
2.544979650E1,3.330828547E-1,-6.014457941E-1,5.230454803E-1
2.545981950E1,6.387113929E-1,-6.552588940E-1,5.819342136E-1
2.546984350E1,7.516968250E-1,-6.751311421E-1,4.390854836E-1
2.547986650E1,5.563356876E-1,-6.385145187E-1,8.162814379E-2
2.548988950E1,3.494727314E-1,-7.019800544E-1,-2.310631871E-1
2.549991250E1,1.584113687E-1,-8.120070696E-1,-3.765964210E-1
2.550993550E1,4.444086179E-2,-8.313933015E-1,-3.695409000E-1
2.551995850E1,-5.711089075E-2,-7.937064171E-1,-2.781304419E-1
2.552998150E1,-9.136527032E-2,-8.134766817E-1,-1.233531088E-1
2.554000450E1,-1.500724703E-1,-8.312722445E-1,7.365676761E-2
2.555002750E1,-2.237924933E-1,-6.394101381E-1,2.469646484E-1
2.556005050E1,-2.392972708E-1,-2.069171816E-1,3.569914699E-1
2.557007350E1,-3.715149760E-1,3.415299356E-1,3.812816441E-1
2.558009650E1,-4.324138761E-1,8.725255132E-1,3.254809082E-1
2.559011950E1,-2.571350038E-1,1.259896398E0,2.734973133E-1
2.560014250E1,-9.025678039E-2,1.336282611E0,1.866000295E-1
2.561016550E1,1.645635441E-2,1.116344094E0,5.538448691E-2
2.562018850E1,1.404972672E-1,6.475217938E-1,-9.013348818E-2
2.563021150E1,1.447388828E-1,2.364674956E-2,-1.557068974E-1
2.564023450E1,1.270496547E-1,-5.977343917E-1,-5.298553035E-2
2.565025750E1,3.732722253E-2,-9.972192049E-1,1.668296456E-1
2.566028050E1,1.783064194E-2,-8.782386184E-1,2.931295335E-1
2.567030350E1,1.307470798E-1,-3.979372084E-1,2.484952211E-1
2.568032650E1,1.413085014E-1,3.653945774E-2,2.789481357E-2
2.569034950E1,3.737704083E-2,1.123029292E-1,-2.283862382E-1
2.570037250E1,-3.696978465E-2,-1.082636639E-1,-3.470077813E-1
2.571039550E1,-3.225584514E-4,-3.459084332E-1,-2.832032144E-1
2.572041850E1,1.142911613E-2,-4.482069910E-1,-1.206394881E-1
2.573044250E1,-6.806612946E-3,-4.503132999E-1,5.183668435E-2
2.574046550E1,-6.638369709E-2,-3.283619881E-1,2.022618800E-1
2.575048850E1,3.273862600E-2,7.522408664E-2,2.776943445E-1
2.576051150E1,1.695195138E-1,5.731043220E-1,2.796379626E-1
2.577053450E1,3.476524949E-1,7.494199276E-1,1.720830053E-1
2.578055750E1,5.589960814E-1,6.195113063E-1,-5.021796748E-2
2.579058050E1,6.538326144E-1,3.453205228E-1,-3.431089520E-1
2.580060350E1,6.011308432E-1,-1.598086357E-1,-5.546415448E-1
2.581062650E1,4.371323586E-1,-9.201086164E-1,-5.789684653E-1
2.582064950E1,3.552955389E-1,-1.697963238E0,-4.650117457E-1
2.583067250E1,2.637184858E-1,-2.276073933E0,-3.264477551E-1
2.584069600E1,1.821645796E-1,-2.532627106E0,-1.607400775E-1
2.585071900E1,6.916532665E-2,-2.317837715E0,4.475635290E-2
2.586074200E1,1.613808572E-1,-1.354512691E0,1.806077510E-1
2.587076500E1,3.386914730E-1,3.746841550E-1,2.638184726E-1
2.588078800E1,4.590416849E-1,2.024681091E0,2.330743372E-1
2.589081100E1,4.214072227E-1,2.752177238E0,4.850262776E-2
2.590083400E1,1.732504815E-1,2.273110867E0,-1.840342730E-1
2.591085700E1,-3.989508376E-2,9.708262086E-1,-2.758416831E-1
2.592088000E1,-1.262219697E-1,-3.254493177E-1,-1.938329786E-1
2.593090300E1,-1.305413395E-1,-1.020911932E0,-2.298906259E-2
2.594092600E1,-1.863312125E-1,-1.062647223E0,1.601033956E-1
2.595094900E1,6.268332712E-3,-6.236528754E-1,2.492037266E-1
2.596097300E1,1.894870996E-1,2.597415745E-1,2.226925194E-1
2.597099600E1,2.200037390E-1,1.115985155E0,1.128227562E-1
2.598101900E1,2.296698242E-1,1.298491240E0,-3.826282173E-2
2.599104200E1,2.028099895E-1,8.291378617E-1,-2.302743495E-1
2.600106500E1,1.636408865E-1,8.708015829E-2,-4.149205089E-1
2.601108800E1,1.458664238E-1,-5.723432899E-1,-4.767194092E-1
2.602111100E1,1.781223565E-1,-1.029837370E0,-3.683010638E-1
2.603113400E1,2.332362086E-1,-1.290301204E0,-1.484017223E-1
2.604115700E1,2.949725389E-1,-1.369572401E0,6.406120956E-2
2.605118000E1,3.300943077E-1,-1.205833793E0,1.781984419E-1
2.606120300E1,1.969917566E-1,-7.838611007E-1,1.858558953E-1
2.607122600E1,1.283256263E-1,-2.283485830E-1,1.211072430E-1
2.608124900E1,1.784161776E-1,1.124424785E-1,4.801046848E-2
2.609127200E1,5.901575834E-2,7.523465902E-2,-3.131604195E-2
2.610129500E1,-1.082523838E-1,-1.552085727E-1,-7.530866563E-2
2.611131800E1,-1.687714010E-1,-3.112514317E-1,-3.216413036E-2
2.612134100E1,-1.223527044E-1,-3.618755639E-1,7.239118218E-2
2.613136400E1,-4.825583845E-2,-3.679411709E-1,2.098520994E-1
2.614138700E1,7.122367620E-2,-3.394443095E-1,3.164228797E-1
2.615141000E1,1.617181450E-1,-2.648566067E-1,3.433583677E-1
2.616143300E1,2.111212015E-1,-1.471970975E-1,2.946601212E-1
2.617145600E1,2.145790607E-1,5.105791986E-2,1.955654919E-1
2.618147900E1,1.624761224E-1,2.183309048E-1,7.539355755E-2
2.619150300E1,6.679408252E-2,1.713767052E-1,-3.017600998E-2
2.620152600E1,1.027612388E-2,-6.528090686E-2,-7.136657834E-2
2.621154900E1,1.995564997E-2,-4.019316137E-1,-5.869951844E-2
2.622157200E1,4.566094279E-2,-7.151168585E-1,-1.199540496E-2
2.623159500E1,9.498161823E-2,-9.242159724E-1,5.142964050E-2
2.624161800E1,1.472380012E-1,-9.675008059E-1,1.226938367E-1
2.625164100E1,1.718828827E-1,-8.150708079E-1,1.640780270E-1
2.626166400E1,1.974278241E-1,-5.307957530E-1,1.587599516E-1
2.627168700E1,1.793034226E-1,-2.695774436E-1,1.164404526E-1
2.628171000E1,1.521504372E-1,-1.534388959E-1,4.626596346E-2
2.629173300E1,1.302816123E-1,-1.864892542E-1,-4.586369917E-2
2.630175600E1,1.027757153E-1,-2.264685482E-1,-1.311939806E-1
2.631177900E1,1.645687670E-1,-2.264006436E-1,-1.518646479E-1
2.632180200E1,2.879306078E-1,-2.692960799E-1,-1.078798622E-1
2.633182500E1,3.628024459E-1,-3.374016285E-1,-1.292166021E-2
2.634184800E1,3.594517708E-1,-3.070319295E-1,1.066621244E-1
2.635187100E1,2.437216938E-1,-2.080550194E-1,1.861630678E-1
2.636189400E1,1.768360138E-1,-1.251718253E-1,1.929315180E-1
2.637191700E1,1.409094334E-1,-9.625522420E-3,1.629086286E-1
2.638194000E1,3.208674118E-2,6.716898084E-2,1.364358664E-1
2.639196300E1,-4.154433683E-2,8.647082373E-3,1.201463714E-1
2.640198600E1,-2.808599547E-2,-9.899292886E-2,8.646338433E-2
2.641200900E1,7.762815803E-3,-1.652332097E-1,5.478987098E-2
2.642203300E1,6.928312778E-2,-2.174667418E-1,7.989842445E-2
2.643205600E1,1.082624868E-1,-2.304200977E-1,1.551441848E-1
2.644207900E1,1.011074781E-1,-1.940033585E-1,2.357702404E-1
2.645210200E1,8.278066665E-2,-1.292198449E-1,2.408233285E-1
2.646212500E1,8.765123785E-2,-1.224284843E-1,1.503697783E-1
2.647214800E1,1.452109367E-1,-1.758283228E-1,1.777643804E-3
2.648217100E1,2.340090275E-1,-2.301298380E-1,-1.406784952E-1
2.649219400E1,2.914270461E-1,-3.206647933E-1,-2.248698026E-1
2.650221700E1,3.420920074E-1,-4.809784591E-1,-2.093556970E-1
2.651224000E1,2.843123376E-1,-5.881246328E-1,-1.286509931E-1
2.652226300E1,2.483023256E-1,-5.853925347E-1,-3.880192339E-2
2.653228600E1,2.160695493E-1,-4.384060204E-1,-7.250655442E-3
2.654230900E1,1.930176020E-1,-2.829186320E-1,-3.374951333E-2
2.655233200E1,1.525407434E-1,-2.996837795E-1,-6.780175865E-2
2.656235500E1,1.229578182E-1,-3.675243258E-1,-8.300787210E-2
2.657237800E1,1.651707888E-1,-3.933745921E-1,-7.677634060E-2
2.658240100E1,1.896009594E-1,-3.566935062E-1,-6.026520208E-2
2.659242400E1,2.086572051E-1,-2.897653282E-1,-2.272288688E-2
2.660244700E1,1.938035488E-1,-1.971724182E-1,4.938611016E-2
2.661247000E1,1.117539406E-1,-1.219026968E-1,1.612055898E-1
2.662249300E1,4.004722089E-2,-9.311018139E-2,2.860165834E-1
2.663251600E1,5.106284283E-3,-7.655411214E-2,3.524638116E-1
2.664254000E1,-2.982143685E-2,1.560887508E-2,3.363953829E-1
2.665256300E1,-4.824491963E-2,2.041313797E-1,2.863026559E-1
2.666258600E1,-7.999757677E-2,4.177905321E-1,2.485876232E-1
2.667260900E1,-1.069178730E-1,5.831773281E-1,2.175753862E-1
2.668263200E1,-1.255221814E-1,6.556130052E-1,1.871584207E-1
2.669265500E1,-1.295070648E-1,6.229405403E-1,1.385064721E-1
2.670267800E1,-1.227444932E-1,5.524415970E-1,7.950226963E-2
2.671270100E1,-9.604390711E-2,5.308449864E-1,3.577715904E-2
2.672272400E1,-4.488176852E-2,5.705670118E-1,4.103104025E-2
2.673274700E1,2.643821575E-2,5.780087113E-1,8.776312321E-2
2.674277000E1,7.676526159E-2,4.646481574E-1,1.359543651E-1
2.675279300E1,8.399574459E-2,2.529148757E-1,1.369333416E-1
2.676281600E1,1.060315818E-1,6.878292561E-2,9.974130988E-2
2.677283900E1,1.554822326E-1,-1.897142269E-2,5.525107682E-2
2.678286200E1,1.706347466E-1,-5.131762475E-2,9.713983163E-4
2.679288500E1,1.177912354E-1,-6.755678356E-2,-5.367320776E-2
2.680290800E1,8.569075912E-2,-5.065331981E-2,-6.712257117E-2
2.681293100E1,7.208120823E-2,-8.384563029E-2,-4.250617325E-2
2.682295400E1,1.446017772E-1,-1.842222214E-1,-2.021691203E-2
2.683297700E1,2.072944492E-1,-2.191208154E-1,-2.147978358E-2
2.684299975E1,2.544848621E-1,-1.485134810E-1,-7.125680149E-2
2.685302275E1,3.363251388E-1,1.988936216E-3,-1.695934981E-1
2.686304575E1,3.704527020E-1,2.615908720E-2,-2.991959453E-1
2.687306975E1,3.558290303E-1,-1.965443045E-1,-4.133257270E-1
2.688309275E1,3.186890185E-1,-4.979391992E-1,-4.572015703E-1
2.689311575E1,2.649128735E-1,-6.720523834E-1,-3.977126777E-1
2.690313875E1,2.931066751E-1,-7.314473987E-1,-2.774509490E-1
2.691316175E1,3.869828284E-1,-7.360383868E-1,-1.727325022E-1
2.692318475E1,4.601121843E-1,-7.551348209E-1,-1.638179570E-1
2.693320775E1,4.683592021E-1,-6.883938909E-1,-2.420333922E-1
2.694323075E1,4.279873967E-1,-4.838275611E-1,-3.262715340E-1
2.695325375E1,3.330731392E-1,-2.661961615E-1,-3.519055247E-1
2.696327675E1,1.424757242E-1,-1.404041499E-1,-3.190386593E-1
2.697329975E1,9.092012048E-2,-9.965646267E-2,-2.453745604E-1
2.698332275E1,6.245692819E-2,-1.078848690E-1,-1.878876090E-1
2.699334575E1,2.599931508E-2,-1.710100472E-1,-1.732559353E-1
2.700336875E1,4.299195111E-2,-2.121196836E-1,-1.621152014E-1
2.701339175E1,5.729579180E-2,-2.455857545E-1,-1.384378374E-1
2.702341475E1,5.733957887E-2,-2.960850000E-1,-1.024687290E-1
2.703343775E1,1.516202930E-2,-3.363549411E-1,-9.196761250E-2
2.704346075E1,3.620909154E-2,-1.933126003E-1,-1.515878588E-1
2.705348375E1,1.055740565E-1,1.512855291E-1,-2.465066463E-1
2.706350675E1,1.659139693E-1,3.643801808E-1,-3.159259558E-1
2.707352975E1,2.183002234E-1,3.063770533E-1,-3.219249845E-1
2.708355275E1,2.829513848E-1,5.586770177E-2,-2.717428505E-1
2.709357675E1,2.841351628E-1,-3.019554317E-1,-2.160649449E-1
2.710359975E1,2.635481060E-1,-6.394272447E-1,-1.909716427E-1
2.711362275E1,3.025107086E-1,-8.305591345E-1,-1.719500124E-1
2.712364575E1,3.674493432E-1,-9.288610816E-1,-1.343574077E-1
2.713366875E1,3.848562837E-1,-9.399622083E-1,-7.466425747E-2
2.714369175E1,2.897702754E-1,-8.688850999E-1,-3.371024271E-3
2.715371475E1,2.364364862E-1,-6.678203940E-1,8.574584499E-3
2.716373775E1,2.545801699E-1,-3.569965661E-1,-3.341087699E-2
2.717376075E1,2.489417046E-1,-1.127415374E-1,-1.209300756E-1
2.718378375E1,2.143290192E-1,6.146217138E-2,-1.931426376E-1
2.719380675E1,2.132693380E-1,1.889495552E-1,-1.843025386E-1
2.720382975E1,2.442536354E-1,1.309078038E-1,-1.140592545E-1
2.721385275E1,2.965661287E-1,-1.211039275E-1,-1.118186861E-2
2.722387575E1,3.885721862E-1,-4.750649929E-1,6.975951046E-2
2.723389875E1,4.695847332E-1,-8.300334811E-1,1.009874716E-1
2.724392175E1,5.442637205E-1,-1.163103461E0,7.950189710E-2
2.725394475E1,6.449437141E-1,-1.336281657E0,7.202662528E-3
2.726396775E1,7.032012343E-1,-1.229487181E0,-8.140616864E-2
2.727399075E1,7.331724763E-1,-1.009468079E0,-1.643298119E-1
2.728401375E1,7.306311131E-1,-9.226047993E-1,-2.014954835E-1
2.729403675E1,6.796784401E-1,-1.023246169E0,-1.786775291E-1
2.730405975E1,6.496222615E-1,-1.246532559E0,-1.225174591E-1
2.731408275E1,6.064699888E-1,-1.483495593E0,-6.611437351E-2
2.732410675E1,5.773926973E-1,-1.601494431E0,-3.012408689E-2
2.733412975E1,6.387950778E-1,-1.498253584E0,-4.041081294E-2
2.734415275E1,6.780306697E-1,-1.214341760E0,-8.349941671E-2
2.735417575E1,6.798685193E-1,-9.002544880E-1,-1.162389889E-1
2.736419875E1,6.497222781E-1,-6.603779793E-1,-1.102463603E-1
2.737422175E1,6.188698411E-1,-5.543830991E-1,-5.032524094E-2
2.738424475E1,6.612017751E-1,-5.869389772E-1,2.274192125E-2
2.739426775E1,6.810790896E-1,-7.091919184E-1,5.314190686E-2
2.740429075E1,6.593553424E-1,-8.432829380E-1,5.863907561E-2
2.741431375E1,6.064507961E-1,-8.422639966E-1,6.458219141E-2
2.742433675E1,5.742545128E-1,-6.797658205E-1,6.801212579E-2
2.743435975E1,5.635904074E-1,-4.217039049E-1,4.579044506E-2
2.744438275E1,5.340785384E-1,-1.589217782E-1,-4.788525403E-4
2.745440575E1,5.196199417E-1,-1.684266888E-2,-5.320464820E-2
2.746442875E1,5.011447668E-1,-3.486435115E-2,-8.551715314E-2
2.747445175E1,5.567917228E-1,-2.326724976E-1,-6.202754378E-2
2.748447475E1,6.408840418E-1,-4.151846170E-1,1.076975372E-3
2.749449775E1,6.697157025E-1,-4.679943025E-1,7.521511614E-2
2.750452075E1,6.462965608E-1,-4.539892375E-1,1.338868737E-1
2.751454375E1,5.663199425E-1,-4.752130508E-1,1.601443291E-1
2.752456675E1,4.804000556E-1,-4.833261073E-1,1.536011249E-1
2.753458975E1,4.646615684E-1,-4.199034572E-1,1.282552928E-1
2.754461275E1,4.524418116E-1,-2.560394108E-1,8.591720462E-2
2.755463675E1,4.468880892E-1,-7.748484612E-2,5.026147142E-2
2.756465975E1,4.086855948E-1,-6.730340421E-3,3.888003156E-2
2.757468275E1,3.620312810E-1,1.856223308E-2,3.296994418E-2
2.758470575E1,3.381234109E-1,3.166441619E-2,1.855822280E-2
2.759472875E1,3.226650953E-1,4.489659518E-2,1.394935511E-2
2.760475175E1,3.330148757E-1,1.070926934E-1,2.771776356E-2
2.761477475E1,3.166697323E-1,2.247772515E-1,5.907888338E-2
2.762479775E1,2.709393203E-1,2.819997072E-1,1.062536016E-1
2.763482075E1,2.303668708E-1,2.511411309E-1,1.628068835E-1
2.764484375E1,2.023675889E-1,1.934361309E-1,2.167187929E-1
2.765486675E1,1.888397932E-1,1.489735842E-1,2.575727403E-1
2.766488975E1,2.076639980E-1,8.123558760E-2,2.802845240E-1
2.767491275E1,2.188886851E-1,1.948755234E-3,2.876883745E-1
2.768493575E1,1.932940185E-1,-3.178796545E-2,2.829274237E-1
2.769495875E1,1.760990620E-1,2.261375822E-2,2.735430002E-1
2.770498175E1,1.549130976E-1,1.256488860E-1,2.545917332E-1
2.771500475E1,9.145075828E-2,2.406665534E-1,2.242242396E-1
2.772502775E1,4.510535393E-3,3.351765573E-1,1.974229813E-1
2.773505075E1,-6.589917839E-2,4.100499749E-1,1.643646359E-1
2.774507375E1,-1.315117776E-1,4.816591144E-1,1.384287030E-1
2.775509675E1,-1.897303462E-1,5.240982175E-1,1.332973242E-1
2.776511975E1,-2.283139676E-1,5.418369770E-1,1.437194645E-1
2.777514275E1,-2.572891712E-1,5.954812765E-1,1.635120809E-1
2.778516575E1,-2.913030386E-1,6.989534497E-1,1.842809469E-1
2.779518975E1,-3.209013939E-1,8.111135364E-1,2.062951624E-1
2.780521275E1,-3.441008925E-1,9.049150944E-1,2.343363315E-1
2.781523575E1,-3.622889519E-1,9.704757333E-1,2.799687982E-1
2.782525875E1,-3.688409328E-1,1.038370371E0,3.165356815E-1
2.783528175E1,-3.943785131E-1,1.181326389E0,3.256306350E-1
2.784530475E1,-4.825843275E-1,1.364212871E0,3.099996746E-1
2.785532775E1,-5.890803933E-1,1.563623667E0,2.832918763E-1
2.786535075E1,-7.074928880E-1,1.714993238E0,2.535790503E-1
2.787537375E1,-8.371246457E-1,1.793618798E0,2.276673019E-1
2.788539675E1,-9.289004803E-1,1.829913855E0,1.854891479E-1
2.789541975E1,-9.553585052E-1,1.814250946E0,1.189982742E-1
2.790544275E1,-9.101610184E-1,1.756746054E0,6.518436968E-2
2.791546575E1,-8.463023901E-1,1.690336943E0,4.083908722E-2
2.792548875E1,-8.075264692E-1,1.641675115E0,4.204716906E-2
2.793551175E1,-7.826272249E-1,1.627597570E0,5.206305161E-2
2.794553475E1,-7.143132687E-1,1.615320683E0,4.575975239E-2
2.795555775E1,-6.422968507E-1,1.561747432E0,1.468971930E-2
2.796558075E1,-6.059431434E-1,1.441326022E0,-3.302053735E-2
2.797560375E1,-6.169398427E-1,1.259052634E0,-7.019054145E-2
2.798562675E1,-6.218864918E-1,1.040278673E0,-6.469811499E-2
2.799564975E1,-5.631638169E-1,8.003382683E-1,-2.722051553E-2
2.800567275E1,-5.061598420E-1,6.068736315E-1,2.746855095E-2
2.801569575E1,-5.115729570E-1,4.748873413E-1,7.722332329E-2
2.802571975E1,-5.310264826E-1,3.303604424E-1,1.173482388E-1
2.803574275E1,-5.511650443E-1,1.250541508E-1,1.522902548E-1
2.804576575E1,-5.576203465E-1,-1.044178233E-1,2.024025619E-1
2.805578875E1,-5.000110865E-1,-2.644586265E-1,2.792185247E-1
2.806581175E1,-4.027954638E-1,-2.877685130E-1,3.789965212E-1
2.807583475E1,-2.397476733E-1,-2.296250612E-1,4.419429898E-1
2.808585775E1,-2.567994222E-2,-1.387100369E-1,4.232819080E-1
2.809588075E1,1.875590980E-1,1.036831588E-1,3.498715758E-1
2.810590375E1,3.733929098E-1,3.878332675E-1,2.726794481E-1
2.811592675E1,5.345813036E-1,5.940248370E-1,2.757058740E-1
2.812594975E1,6.765332222E-1,6.924582720E-1,3.857485354E-1
2.813597275E1,8.161254525E-1,6.885730028E-1,5.979971886E-1
2.814599575E1,9.377812743E-1,5.934066772E-1,8.808110356E-1
2.815601875E1,1.098384500E0,4.733715951E-1,1.168285728E0
2.816604175E1,1.217959166E0,3.498784900E-1,1.373388171E0
2.817606475E1,1.361875415E0,2.950213552E-1,1.462201118E0
2.818608775E1,1.527161360E0,3.218224049E-1,1.470894814E0
2.819611075E1,1.649010539E0,3.903293014E-1,1.456940174E0
2.820613375E1,1.682709098E0,4.322133064E-1,1.469613075E0
2.821615675E1,1.723196268E0,4.803012013E-1,1.524136186E0
2.822617975E1,1.748615146E0,4.470293820E-1,1.610268235E0
2.823620275E1,1.769510269E0,2.900474668E-1,1.704225183E0
2.824622575E1,1.788165569E0,1.083913594E-1,1.740217924E0
2.825624875E1,1.724199295E0,1.066373661E-2,1.724829912E0
2.826627275E1,1.732918382E0,1.145315170E-1,1.719356418E0
2.827629575E1,1.767361522E0,2.957106233E-1,1.696307302E0
2.828631875E1,1.660149932E0,4.971837997E-1,1.594185114E0
2.829634175E1,1.559428573E0,6.874376535E-1,1.426126361E0
2.830636475E1,1.147949457E0,8.519594073E-1,1.194380164E0
2.831638775E1,5.762511492E-1,1.066252232E0,9.755279422E-1
2.832641075E1,1.617519408E-1,1.041969776E0,8.843684196E-1
2.833643375E1,5.853048712E-2,6.454437375E-1,9.388460517E-1
2.834645675E1,2.363659143E-1,3.497399390E-1,9.945190549E-1
2.835647975E1,3.594129980E-1,4.578560293E-1,9.376739264E-1
2.836650275E1,2.601524293E-1,9.122455120E-1,7.854832411E-1
2.837652575E1,8.404320478E-2,1.247538090E0,6.696135998E-1
2.838654875E1,-1.000318676E-2,1.103469610E0,6.605035663E-1
2.839657175E1,2.529914305E-2,6.717389226E-1,7.554252744E-1
2.840659475E1,9.309884161E-2,3.130056858E-1,8.220577836E-1
2.841661775E1,7.267026603E-2,1.410328448E-1,7.719157934E-1
2.842664075E1,-3.023760952E-2,1.983486563E-1,6.327929497E-1
2.843666375E1,-2.474830113E-2,4.128345847E-1,4.776923060E-1
2.844668675E1,-1.534117199E-2,6.239061356E-1,3.372007906E-1
2.845670975E1,-2.371015586E-2,6.974485517E-1,2.090074122E-1
2.846673275E1,-9.986055642E-2,6.464508772E-1,1.231243610E-1
2.847675575E1,-1.670608968E-1,5.381957293E-1,1.320973486E-1
2.848677875E1,-1.431345791E-1,4.167429209E-1,2.318835706E-1
2.849680175E1,-2.889935113E-2,3.269304931E-1,3.369375765E-1
2.850682575E1,9.118195623E-2,3.017818630E-1,3.606384993E-1
2.851684875E1,1.599596888E-1,2.939543128E-1,2.757493854E-1
2.852687175E1,2.046335936E-1,2.835386992E-1,1.048452407E-1
2.853689475E1,2.804788351E-1,2.692870498E-1,-7.165149599E-2
2.854691775E1,2.902889550E-1,2.692034841E-1,-1.715065837E-1
2.855694075E1,2.873277664E-1,2.771160007E-1,-1.877385527E-1
2.856696375E1,2.789430618E-1,1.952284425E-1,-1.684336960E-1
2.857698675E1,2.721693218E-1,2.386360802E-2,-1.460279822E-1
2.858700975E1,2.447860390E-1,-1.828795969E-1,-1.324030310E-1
2.859703275E1,2.299471647E-1,-3.674414456E-1,-1.056902036E-1
2.860705575E1,1.592565477E-1,-4.490060806E-1,-7.944736630E-2
2.861707875E1,1.160858944E-1,-4.482396245E-1,-6.964400411E-2
2.862710175E1,1.266686022E-1,-4.245812893E-1,-7.892786711E-2
2.863712475E1,1.177206486E-1,-3.367159069E-1,-1.074324772E-1
2.864714775E1,5.768472329E-2,-1.697909981E-1,-1.489949524E-1
2.865717075E1,-2.769968286E-2,-9.076679125E-3,-1.880395561E-1
2.866719375E1,-7.823412120E-2,4.794750735E-2,-2.630517483E-1
2.867721675E1,-2.393359505E-2,6.266041100E-2,-3.657168746E-1
2.868723975E1,8.258803189E-2,1.656589657E-1,-4.189426899E-1
2.869726275E1,1.602381021E-1,3.867503405E-1,-3.920956254E-1
2.870728575E1,1.779084653E-1,4.833957553E-1,-3.690532148E-1
2.871730875E1,1.306605190E-1,3.841626346E-1,-3.463745415E-1
2.872733175E1,-8.908500895E-3,1.904254407E-1,-2.537852526E-1
2.873735475E1,-1.286143959E-1,9.119979292E-2,-7.783500105E-2
2.874737775E1,-7.686902583E-2,1.027739272E-1,3.142401576E-2
2.875740175E1,3.090297803E-2,2.291324139E-1,-1.731804106E-3
2.876742475E1,1.305873245E-1,4.281011224E-1,-1.149733365E-1
2.877744775E1,2.854543924E-1,6.319509745E-1,-2.395419031E-1
2.878747075E1,3.220440447E-1,7.013963461E-1,-3.574818969E-1
2.879749375E1,2.359712124E-1,6.502788067E-1,-3.709838688E-1
2.880751675E1,1.314178854E-1,4.904485047E-1,-2.153132707E-1
2.881753975E1,7.620389014E-2,2.918832004E-1,3.647422791E-2
2.882756275E1,7.381267846E-2,2.945671678E-1,2.498200983E-1
2.883758575E1,6.329664588E-2,5.269609690E-1,3.516002297E-1
2.884760862E1,5.174452811E-2,7.865367532E-1,3.392969072E-1
2.885763162E1,5.388757586E-2,1.019754767E0,2.380959839E-1
2.886765462E1,6.011211872E-2,1.255113721E0,9.727366269E-2
2.887767762E1,2.830838412E-2,1.451269627E0,-2.436408401E-2
2.888770062E1,1.938664354E-3,1.553850293E0,-8.993888646E-2
2.889772362E1,-1.674554124E-2,1.560008049E0,-1.371522099E-1
2.890774662E1,-7.747444510E-2,1.539569139E0,-1.723229736E-1
2.891776962E1,-4.969767109E-2,1.548213840E0,-1.598564535E-1
2.892779262E1,-9.532624483E-2,1.526010633E0,-1.071188748E-1
2.893781562E1,-2.193304747E-1,1.381481171E0,1.988968812E-3
2.894783862E1,-2.943500280E-1,1.183589458E0,1.609652489E-1
2.895786162E1,-3.187879920E-1,1.059994578E0,2.766745389E-1
2.896788462E1,-3.725419939E-1,1.091399908E0,2.764041126E-1
2.897790762E1,-4.386655986E-1,1.237126231E0,2.132030278E-1
2.898793062E1,-4.867955744E-1,1.382792830E0,1.642570496E-1
2.899795362E1,-5.033404827E-1,1.476020217E0,1.391367763E-1
2.900797762E1,-4.249505103E-1,1.518873215E0,1.015843302E-1
2.901800062E1,-3.198126256E-1,1.538056254E0,2.939535864E-2
2.902802362E1,-2.883379161E-1,1.439547062E0,-5.576699972E-2
2.903804662E1,-2.897501886E-1,1.197029471E0,-8.849725127E-2
2.904806962E1,-3.074039221E-1,9.165385365E-1,-7.837802917E-2
2.905809262E1,-4.437742829E-1,7.304597497E-1,-5.403380841E-2
2.906811562E1,-5.726911426E-1,6.525535583E-1,4.792347085E-3
2.907813862E1,-6.674735546E-1,6.836446524E-1,8.332337439E-2
2.908816162E1,-7.523990273E-1,8.007969260E-1,1.413089186E-1
2.909818462E1,-7.827491760E-1,9.246192575E-1,1.985250711E-1
2.910820762E1,-8.199719191E-1,1.008715510E0,2.759042680E-1
2.911823062E1,-8.084585071E-1,1.028375864E0,3.617030680E-1
2.912825363E1,-7.204934359E-1,1.013258338E0,4.422602952E-1
2.913827662E1,-6.613635421E-1,1.028686285E0,4.905042350E-1
2.914829962E1,-6.113060713E-1,1.109253287E0,4.808693528E-1
2.915832262E1,-5.868249536E-1,1.240632296E0,4.051434398E-1
2.916834562E1,-5.512907505E-1,1.404880166E0,3.248472512E-1
2.917836862E1,-4.815667868E-1,1.519008279E0,2.917790413E-1
2.918839162E1,-4.345604479E-1,1.529471278E0,3.309494555E-1
2.919841462E1,-3.985097706E-1,1.374943256E0,4.248615801E-1
2.920843762E1,-3.176037073E-1,1.068491817E0,5.302185416E-1
2.921846062E1,-2.286171019E-1,6.951912045E-1,5.895681977E-1
2.922848362E1,-1.471024156E-1,3.241793811E-1,5.552901626E-1
2.923850662E1,-4.727036133E-2,3.431106359E-2,4.369099438E-1
2.924852962E1,8.001028001E-2,-1.245563179E-1,2.508377433E-1
2.925855362E1,2.244862318E-1,-2.547207177E-1,-1.221467368E-2
2.926857662E1,2.815634310E-1,-4.730185568E-1,-3.471579254E-1
2.927859962E1,3.044847250E-1,-7.799882889E-1,-6.955395937E-1
2.928862262E1,3.211606443E-1,-1.159651995E0,-1.008345962E0
2.929864562E1,3.633483052E-1,-1.471796036E0,-1.262219548E0
2.930866862E1,4.485867918E-1,-1.648635268E0,-1.429965973E0
2.931869162E1,5.447873473E-1,-1.844460487E0,-1.498916030E0
2.932871462E1,7.276800275E-1,-2.162237406E0,-1.488991737E0
2.933873762E1,9.423118830E-1,-2.635533333E0,-1.464708447E0
2.934876062E1,1.180483341E0,-3.302690268E0,-1.421325326E0
2.935878362E1,1.484597683E0,-4.035544395E0,-1.259896755E0
2.936880662E1,1.769157648E0,-4.656706333E0,-9.174855947E-1
2.937882962E1,1.907551289E0,-5.322545528E0,-4.170770943E-1
2.938885262E1,1.925175786E0,-6.158856392E0,1.411470026E-1
2.939887562E1,1.805249929E0,-6.812002659E0,5.758800507E-1
2.940889862E1,1.640654564E0,-6.972530365E0,7.005600333E-1
2.941892163E1,1.474288464E0,-6.606949806E0,4.851784408E-1
2.942894462E1,1.456207991E0,-5.910538197E0,5.169932172E-2
2.943896762E1,1.570579052E0,-5.130362988E0,-4.675028324E-1
2.944899062E1,1.652302265E0,-4.394055843E0,-9.079202414E-1
2.945901362E1,1.585591078E0,-3.760538101E0,-1.146898746E0
2.946903662E1,1.497285604E0,-3.205675840E0,-1.122593641E0
2.947905962E1,1.423668146E0,-2.723583937E0,-8.563640714E-1
2.948908262E1,1.357773066E0,-2.344935417E0,-4.773427248E-1
2.949910562E1,1.199910760E0,-1.951582193E0,-1.491531432E-1
2.950912862E1,1.194294572E0,-1.542619705E0,5.477674305E-2
2.951915162E1,1.137252092E0,-1.174321651E0,1.218276694E-1
2.952917562E1,1.011217356E0,-9.188668132E-1,8.797871321E-2
2.953919862E1,8.369632363E-1,-7.972050905E-1,-2.876814082E-2
2.954922162E1,6.418757439E-1,-7.814831138E-1,-2.070211172E-1
2.955924462E1,3.792243898E-1,-8.432202339E-1,-4.119899869E-1
2.956926762E1,7.846502960E-2,-8.909251094E-1,-6.035198569E-1
2.957929062E1,-1.944637150E-1,-8.486176133E-1,-7.508187890E-1
2.958931362E1,-3.284202218E-1,-7.401786447E-1,-8.368432522E-1
2.959933662E1,-4.714815021E-1,-6.526421309E-1,-8.982213736E-1
2.960935962E1,-6.725094914E-1,-5.196739435E-1,-9.711329341E-1
2.961938262E1,-9.519866705E-1,-3.436347246E-1,-1.083506942E0
2.962940562E1,-1.216539741E0,-1.612680405E-1,-1.194515586E0
2.963942862E1,-1.437120914E0,1.720768213E-2,-1.271798134E0
2.964945162E1,-1.586712122E0,1.900195032E-1,-1.335510612E0
2.965947462E1,-1.645036697E0,2.734496891E-1,-1.426578999E0
2.966949762E1,-1.690903902E0,1.473855227E-1,-1.552778959E0
2.967952062E1,-1.796193361E0,-2.123361528E-1,-1.631107807E0
2.968954362E1,-1.856207013E0,-6.714234948E-1,-1.560016990E0
2.969956662E1,-1.898739576E0,-1.130000353E0,-1.372334719E0
2.970958963E1,-1.962660670E0,-1.494933367E0,-1.131414294E0
2.971961262E1,-1.942597985E0,-1.668820262E0,-8.455370069E-1
2.972963562E1,-1.917404532E0,-1.684031963E0,-6.042815447E-1
2.973965862E1,-2.006603479E0,-1.555392742E0,-4.822507501E-1
2.974968162E1,-2.112359047E0,-1.265015483E0,-4.671701789E-1
2.975970463E1,-2.115964890E0,-9.112349749E-1,-5.804954171E-1
2.976972762E1,-2.006379128E0,-5.395647883E-1,-8.098512292E-1
2.977975062E1,-1.894798875E0,-1.240698472E-1,-1.091059685E0
2.978977462E1,-1.877547979E0,2.435909063E-1,-1.380942702E0
2.979979762E1,-1.824068785E0,4.609770477E-1,-1.607019186E0
2.980982062E1,-1.693564653E0,4.662820399E-1,-1.750326991E0
2.981984362E1,-1.489485264E0,2.788783014E-1,-1.828382373E0
2.982986662E1,-1.268165588E0,-8.597096428E-3,-1.845672965E0
2.983988962E1,-1.053737760E0,-2.552100718E-1,-1.762493730E0
2.984991262E1,-8.141036034E-1,-4.784882367E-1,-1.582094312E0
2.985993562E1,-6.048638225E-1,-7.657815814E-1,-1.355617285E0
2.986995862E1,-4.994137287E-1,-1.174039721E0,-1.144502163E0
2.987998162E1,-4.851785898E-1,-1.555023313E0,-9.578780532E-1
2.989000462E1,-5.180336833E-1,-1.826881289E0,-7.973015308E-1
2.990002762E1,-5.049783587E-1,-1.971330285E0,-6.457293630E-1
2.991005062E1,-3.972619474E-1,-1.982991338E0,-4.908174276E-1
2.992007362E1,-2.445975840E-1,-1.903960466E0,-3.682417274E-1
2.993009662E1,-6.167752668E-2,-1.818534613E0,-2.959054410E-1
2.994011962E1,8.988137543E-2,-1.732402921E0,-2.911029756E-1
2.995014262E1,1.319917887E-1,-1.610061407E0,-3.572538793E-1
2.996016562E1,1.042725369E-1,-1.457438588E0,-4.518104792E-1
2.997018862E1,2.613376081E-2,-1.298874974E0,-5.521671772E-1
2.998021162E1,-1.099314019E-1,-1.118564606E0,-6.370498538E-1
2.999023462E1,-1.613932401E-1,-9.345193505E-1,-6.720974445E-1
3.000025763E1,-1.490793228E-1,-7.941686511E-1,-6.857001185E-1
3.001028062E1,-7.615910470E-2,-6.518611312E-1,-6.993367076E-1
3.002030362E1,3.049517050E-2,-4.953450561E-1,-7.064651847E-1
3.003032662E1,4.973588511E-2,-3.326446116E-1,-7.208581567E-1
3.004034962E1,-3.414756432E-2,-1.609564722E-1,-7.413157225E-1
3.005037263E1,-1.170392036E-1,-3.679715097E-2,-7.511243224E-1
3.006039662E1,-1.185263172E-1,-7.512648590E-4,-7.405627966E-1
3.007041962E1,-8.338694274E-2,-2.013500221E-2,-7.012079954E-1
3.008044262E1,-7.408452034E-2,-9.242407978E-3,-6.322052479E-1
3.009046562E1,-1.110545546E-1,8.708793670E-2,-5.318133235E-1
3.010048863E1,-1.673793346E-1,2.338182628E-1,-4.114147723E-1
3.011051162E1,-1.734494418E-1,3.411335945E-1,-2.784031034E-1
3.012053462E1,-1.165978685E-1,3.520443141E-1,-1.718015522E-1
3.013055762E1,-6.951451302E-2,2.899042368E-1,-1.546827555E-1
3.014058062E1,-7.134410739E-2,2.492561340E-1,-2.047642916E-1
3.015060362E1,-1.182168499E-1,2.360935807E-1,-2.491168380E-1
3.016062662E1,-1.438590884E-1,2.054001242E-1,-2.245419770E-1
3.017064962E1,-1.781508923E-1,1.704352647E-1,-1.402125806E-1
3.018067262E1,-2.267226875E-1,1.559599191E-1,-2.162840217E-2
3.019069562E1,-2.420731932E-1,1.855603456E-1,9.656020999E-2
3.020071862E1,-1.821605861E-1,1.960004568E-1,1.778140515E-1
3.021074162E1,-1.203177869E-1,1.664980650E-1,1.871224642E-1
3.022076462E1,-1.072824150E-1,1.581376046E-1,1.206840500E-1
3.023078762E1,-1.067556366E-1,2.043359876E-1,2.502703667E-2
3.024081062E1,-1.041313633E-1,2.665700614E-1,-2.944579348E-2
3.025083362E1,-1.305816174E-1,2.897818387E-1,-8.355104364E-4
3.026085662E1,-1.950434297E-1,2.744140625E-1,1.102726310E-1
3.027087962E1,-2.391350567E-1,2.402322441E-1,2.448654771E-1
3.028090262E1,-2.102408111E-1,1.887442917E-1,3.665487468E-1
3.029092563E1,-1.620570719E-1,1.400552988E-1,4.528776407E-1
3.030094862E1,-1.182475314E-1,9.107737988E-2,4.879634678E-1
3.031097162E1,-1.053747088E-1,8.524188399E-2,4.678422511E-1
3.032099562E1,-8.447129279E-2,1.396111101E-1,4.263163805E-1
3.033101862E1,-1.060810778E-2,1.759560257E-1,4.208374619E-1
3.034104163E1,1.023860872E-1,1.403104067E-1,4.652344882E-1
3.035106462E1,9.159396589E-2,1.719042659E-2,5.418431759E-1
3.036108762E1,4.622222111E-2,-1.106604785E-1,6.466039419E-1
3.037111062E1,8.065202087E-2,-7.761533558E-2,6.734624505E-1
3.038113362E1,1.912453771E-1,1.758893579E-1,5.537693501E-1
3.039115663E1,2.584833801E-1,2.647061050E-1,3.948465586E-1
3.040117962E1,2.592349350E-1,1.577199996E-1,3.213731349E-1
3.041120262E1,2.379271686E-1,7.637581974E-2,3.108187914E-1
3.042122562E1,1.914467514E-1,4.390016943E-2,3.206557035E-1
3.043124862E1,1.332128793E-1,6.344087422E-2,3.044550717E-1
3.044127162E1,1.170581430E-1,1.021003872E-1,2.891919613E-1
3.045129462E1,1.482699364E-1,7.229258120E-2,3.086991012E-1
3.046131762E1,1.482928395E-1,4.702371731E-2,3.235094845E-1
3.047134062E1,1.135529950E-1,8.264890313E-2,3.280309141E-1
3.048136362E1,7.056131959E-2,1.192798838E-1,3.333175480E-1
3.049138662E1,4.902275279E-2,1.432710588E-1,3.188353479E-1
3.050140962E1,4.958867654E-2,1.432255059E-1,2.947896719E-1
3.051143262E1,6.482985616E-2,1.805151254E-1,2.804212868E-1
3.052145562E1,1.015854776E-1,1.688651294E-1,2.943416238E-1
3.053147862E1,9.318677336E-2,1.656775475E-1,3.474753797E-1
3.054150162E1,4.114647210E-2,1.778668314E-1,4.029956460E-1
3.055152462E1,9.081903845E-4,2.010824382E-1,4.318022132E-1
3.056154762E1,-1.507849805E-2,2.106655538E-1,4.330842495E-1
3.057157062E1,-1.384246536E-2,2.079646289E-1,4.283036888E-1
3.058159363E1,1.515056938E-2,1.802589744E-1,4.427452385E-1
3.059161662E1,3.749689832E-2,1.560683399E-1,4.681132436E-1
3.060163962E1,2.077117935E-2,1.847058386E-1,4.667372108E-1
3.061166362E1,6.521204486E-3,2.185428739E-1,4.367672503E-1
3.062168662E1,1.963737188E-3,2.412673682E-1,3.960309923E-1
3.063170963E1,-8.433577605E-3,2.466477752E-1,3.486196399E-1
3.064173262E1,-2.204792202E-2,2.400593758E-1,2.795380354E-1
3.065175562E1,-9.542392567E-3,2.120467871E-1,1.944636852E-1
3.066177862E1,2.271461114E-2,1.686556339E-1,1.254595816E-1
3.067180162E1,5.872764438E-2,1.676108241E-1,7.481384277E-2
3.068182463E1,9.608326852E-2,1.520422399E-1,5.622151867E-2
3.069184762E1,1.246101111E-1,1.332428753E-1,6.432051957E-2
3.070187062E1,1.142903641E-1,1.640548408E-1,5.984001607E-2
3.071189362E1,9.010577202E-2,1.897265017E-1,4.894467443E-2
3.072191662E1,7.076749206E-2,1.955090314E-1,5.392957851E-2
3.073193962E1,3.788769618E-2,2.019774467E-1,5.800054595E-2
3.074196262E1,2.497481648E-3,1.896906793E-1,5.805514008E-2
3.075198562E1,-2.578333952E-2,2.044110149E-1,4.647605494E-2
3.076200862E1,-3.711828589E-2,2.182037979E-1,4.064745829E-2
3.077203162E1,-2.941580489E-2,2.154617906E-1,4.864553735E-2
3.078205462E1,-1.237317175E-2,1.969323158E-1,5.537880585E-2
3.079207762E1,-1.970636193E-3,1.837705374E-1,5.039551109E-2
3.080210062E1,4.061690066E-3,1.568920463E-1,3.880436718E-2
3.081212362E1,-3.490759060E-3,1.518904418E-1,2.368565649E-2
3.082214662E1,-3.234051913E-2,2.040588409E-1,-6.474642083E-3
3.083216962E1,-4.308057949E-2,2.658516765E-1,-5.230357498E-2
3.084219287E1,-3.045799583E-2,2.893471420E-1,-8.886291832E-2
3.085221587E1,-1.884291321E-2,2.639524937E-1,-1.046628579E-1
3.086223887E1,-2.518523112E-2,2.593998015E-1,-1.365973502E-1
3.087226187E1,-3.254032135E-2,2.548453510E-1,-1.624607146E-1
3.088228487E1,-3.967998922E-2,2.517459691E-1,-1.768156737E-1
3.089230887E1,-4.648634046E-2,2.765348852E-1,-1.929267496E-1
3.090233187E1,-4.462106526E-2,2.449764311E-1,-1.922108829E-1
3.091235487E1,-5.244632810E-2,2.036885768E-1,-1.823807508E-1
3.092237787E1,-6.763380021E-2,1.857596487E-1,-1.848628223E-1
3.093240087E1,-5.992864817E-2,1.651873142E-1,-1.957121491E-1
3.094242387E1,-7.811937481E-2,1.390153617E-1,-2.117459774E-1
3.095244687E1,-1.152145639E-1,1.130975932E-1,-2.540344298E-1
3.096246987E1,-1.583753526E-1,1.152813807E-1,-3.071982861E-1
3.097249287E1,-2.173351496E-1,1.171036288E-1,-3.763081431E-1
3.098251587E1,-2.604775429E-1,1.026796848E-1,-4.451889396E-1
3.099253887E1,-2.834311128E-1,5.731671676E-2,-5.083745718E-1
3.100256187E1,-2.946158648E-1,1.482217107E-3,-5.890979171E-1
3.101258487E1,-2.896676660E-1,-3.884238005E-2,-6.645192504E-1
3.102260787E1,-2.796970606E-1,-4.529921338E-2,-7.415415645E-1
3.103263088E1,-2.933894396E-1,-5.174637586E-2,-8.188935518E-1
3.104265387E1,-3.272454143E-1,-4.748292267E-2,-9.267811179E-1
3.105267687E1,-3.413377106E-1,5.941843148E-3,-1.049833536E0
3.106269987E1,-3.006912172E-1,1.749607027E-1,-9.549310207E-1
3.107272287E1,-1.466983557E-1,4.357855022E-1,-3.119872808E-1
3.108274587E1,-1.665033214E-2,7.850614786E-1,5.332747698E-1
3.109276887E1,-7.011677139E-3,1.117477894E0,9.294992685E-1
3.110279187E1,1.243552472E-2,1.434343219E0,8.598248363E-1
3.111281487E1,9.040211886E-2,1.718749762E0,6.071736813E-1
3.112283787E1,1.877363920E-1,1.854276419E0,4.176756442E-1
3.113286087E1,1.945141256E-1,1.728121877E0,3.946477175E-1
3.114288387E1,1.145391241E-1,1.353313088E0,5.380226970E-1
3.115290687E1,2.002169937E-2,9.067148566E-1,7.733454108E-1
3.116292987E1,-8.137070388E-2,5.876106024E-1,1.007353306E0
3.117295287E1,-1.642260402E-1,4.545037150E-1,1.202177644E0
3.118297687E1,-2.070677727E-1,4.607579112E-1,1.348098397E0
3.119299987E1,-2.519810498E-1,5.262327790E-1,1.466052175E0
3.120302287E1,-3.187020123E-1,6.105511189E-1,1.573494554E0
3.121304587E1,-3.862934411E-1,7.055917382E-1,1.701428652E0
3.122306887E1,-3.919707835E-1,8.224837184E-1,1.844773054E0
3.123309187E1,-2.843935192E-1,9.539269805E-1,1.987704158E0
3.124311487E1,-1.678831428E-1,1.106642365E0,2.084617138E0
3.125313787E1,-6.311413646E-2,1.278540015E0,2.125323057E0
3.126316087E1,-2.616171725E-2,1.477724671E0,2.114634037E0
3.127318387E1,-8.544472605E-2,1.683338523E0,2.086813927E0
3.128320687E1,-1.542669386E-1,1.843208551E0,2.096845388E0
3.129322987E1,-1.491951644E-1,1.923383474E0,2.166111946E0
3.130325287E1,-5.415892974E-2,1.973377943E0,2.264136314E0
3.131327587E1,9.396666288E-2,2.045891523E0,2.361392498E0
3.132329888E1,1.740740091E-1,2.109947920E0,2.430438995E0
3.133332187E1,1.618658602E-1,2.117744923E0,2.478302240E0
3.134334487E1,1.165119559E-1,2.103829622E0,2.535647392E0
3.135336787E1,1.457569599E-1,2.116275311E0,2.617946625E0
3.136339087E1,1.922901124E-1,2.147176504E0,2.682606936E0
3.137341388E1,1.994926631E-1,2.161898136E0,2.697116137E0
3.138343687E1,1.674330086E-1,2.190757275E0,2.681099653E0
3.139345987E1,1.545143276E-1,2.245553970E0,2.660772324E0
3.140348287E1,1.703249812E-1,2.284032583E0,2.623577118E0
3.141350587E1,1.894592643E-1,2.267218113E0,2.532618523E0
3.142352887E1,1.568555087E-1,2.230049849E0,2.372654915E0
3.143355187E1,2.346670926E-1,2.231131554E0,2.193138361E0
3.144357487E1,3.780506253E-1,2.236072063E0,2.039149761E0
3.145359787E1,4.368702471E-1,2.264950275E0,1.883495688E0
3.146362187E1,3.540145159E-1,2.308208466E0,1.741405606E0
3.147364487E1,2.896363437E-1,2.320503950E0,1.653088570E0
3.148366787E1,2.482758462E-1,2.264605999E0,1.608453274E0
3.149369087E1,2.813236415E-1,2.175070047E0,1.591033459E0
3.150371387E1,2.822336555E-1,2.091853380E0,1.532784224E0
3.151373687E1,2.026949972E-1,2.046840668E0,1.394328117E0
3.152375987E1,6.836753339E-2,1.987962961E0,1.219685793E0
3.153378287E1,-3.816751391E-2,1.880240202E0,1.090065598E0
3.154380587E1,-1.174508780E-1,1.821800828E0,1.000889182E0
3.155382887E1,-1.953017116E-1,1.848016262E0,9.362915754E-1
3.156385187E1,-1.535305679E-1,1.936594129E0,8.835157156E-1
3.157387487E1,-1.573839784E-2,2.118684292E0,8.366435766E-1
3.158389787E1,8.800499141E-3,2.318644524E0,7.758907676E-1
3.159392087E1,-3.497713804E-2,2.452728271E0,6.975259781E-1
3.160394387E1,8.435112238E-2,2.467669010E0,6.317800283E-1
3.161396688E1,9.768393636E-2,2.462046146E0,5.638346076E-1
3.162398987E1,4.009334743E-2,2.403445721E0,4.493940175E-1
3.163401287E1,-1.345257461E-1,2.211560488E0,2.797362804E-1
3.164403587E1,-2.836896777E-1,1.883972526E0,1.339495182E-1
3.165405887E1,-4.013586938E-1,1.335655332E0,1.264207363E-1
3.166408188E1,-3.882370293E-1,5.944398642E-1,2.841917276E-1
3.167410487E1,-3.187979162E-1,-9.195760638E-2,5.099352598E-1
3.168412787E1,-2.279194146E-1,-4.837693274E-1,6.669139266E-1
3.169415087E1,-1.170228496E-1,-6.471580267E-1,6.663103104E-1
3.170417387E1,2.417190522E-1,-8.389557004E-1,4.553541541E-1
3.171419687E1,5.160866976E-1,-8.040488362E-1,2.461224049E-2
3.172421987E1,4.381578267E-1,-1.146611124E-1,-4.024751484E-1
3.173424287E1,2.159640640E-1,1.063351512E0,-6.523149014E-1
3.174426587E1,4.518885911E-2,1.818769932E0,-8.220645189E-1
3.175428887E1,-1.020418182E-1,1.994386911E0,-9.487493634E-1
3.176431187E1,-7.740837336E-2,1.786538959E0,-9.734760523E-1
3.177433587E1,7.451066747E-3,1.436537623E0,-1.009260535E0
3.178435887E1,7.414460927E-2,1.054668546E0,-1.063148499E0
3.179438187E1,-5.180031061E-3,5.812459588E-1,-1.042301416E0
3.180440487E1,-2.632472813E-1,5.900996551E-2,-9.507726431E-1
3.181442787E1,-5.088749528E-1,-5.628795624E-1,-8.300835490E-1
3.182445087E1,-2.125663608E-1,-1.260644555E0,-6.652959585E-1
3.183447387E1,-2.582089007E-1,-1.968764305E0,-5.410363078E-1
3.184449650E1,-2.953248322E-1,-2.358375072E0,-4.145494998E-1
3.185451950E1,-3.187945783E-1,-2.464682102E0,-3.461353481E-1
3.186454250E1,-1.429276913E-1,-2.384999990E0,-3.630437553E-1
3.187456550E1,1.325105131E-2,-2.201679468E0,-4.966843128E-1
3.188458850E1,-7.689268887E-2,-1.854072452E0,-7.422378659E-1
3.189461150E1,-1.987776011E-1,-1.373315215E0,-9.781238437E-1
3.190463450E1,-1.537797749E-1,-8.253562450E-1,-1.063905597E0
3.191465750E1,-4.430092499E-2,-2.754320502E-1,-1.020953178E0
3.192468050E1,-3.032891825E-2,2.385867834E-1,-9.022238255E-1
3.193470350E1,8.674855344E-3,4.679598212E-1,-6.560484767E-1
3.194472650E1,2.677683020E-3,4.201334417E-1,-2.024207860E-1
3.195474950E1,-1.189412642E-2,2.848875523E-1,3.304749727E-1
3.196477250E1,5.842690915E-2,2.729091942E-1,6.852481961E-1
3.197479550E1,1.295071691E-1,4.801158309E-1,7.262911797E-1
3.198481850E1,1.498100460E-1,7.702517509E-1,5.049542785E-1
3.199484150E1,1.681983173E-1,8.912389278E-1,1.711980850E-1
3.200486450E1,1.592042893E-1,7.733820677E-1,-1.190361381E-1
3.201488750E1,1.590017378E-1,4.320304096E-1,-2.215116471E-1
3.202491050E1,1.830101311E-1,-3.208266199E-2,-1.146911830E-1
3.203493350E1,2.616467476E-1,-4.917174876E-1,4.041164368E-2
3.204495650E1,3.716062605E-1,-8.252302408E-1,1.277204603E-1
3.205497950E1,5.387281179E-1,-1.031802058E0,9.369888902E-2
3.206500250E1,6.832155585E-1,-1.228016019E0,-1.392903551E-2
3.207502550E1,6.799064875E-1,-1.495565414E0,-1.134325117E-1
3.208504950E1,6.131293178E-1,-1.653330564E0,-1.083669141E-1
3.209507250E1,6.109715104E-1,-1.567891955E0,-2.543450147E-2
3.210509550E1,6.387206316E-1,-1.310984612E0,1.788713969E-2
3.211511850E1,6.489250064E-1,-1.028666496E0,-2.687153034E-2
3.212514150E1,6.488504410E-1,-7.951368690E-1,-1.104772091E-1
3.213516450E1,6.013338566E-1,-6.300544739E-1,-1.611150205E-1
3.214518750E1,5.020970106E-1,-5.398910046E-1,-1.204176545E-1
3.215521050E1,4.256422520E-1,-4.276964962E-1,3.009285778E-3
3.216523350E1,3.791490495E-1,-1.777758598E-1,1.409397274E-1
3.217525650E1,3.168232739E-1,1.272439957E-1,2.234124243E-1
3.218527950E1,2.862890661E-1,3.674424887E-1,2.604575455E-1
3.219530250E1,2.461993992E-1,5.282747149E-1,2.396916002E-1
3.220532550E1,1.534574777E-1,6.368104815E-1,1.784583330E-1
3.221534850E1,6.914725900E-2,6.532106400E-1,9.618749470E-2
3.222537150E1,-4.067671672E-2,7.138422728E-1,9.158314206E-3
3.223539450E1,-3.848596290E-2,9.451133609E-1,-3.499314561E-2
3.224541750E1,1.525982469E-2,1.189366698E0,-5.626940355E-2
3.225544050E1,9.858353436E-2,1.360837817E0,-1.018937752E-1
3.226546350E1,1.582535207E-1,1.319105029E0,-1.717280000E-1
3.227548650E1,1.324980408E-1,9.935157895E-1,-2.688787878E-1
3.228550950E1,1.030967459E-1,5.256825686E-1,-3.323874474E-1
3.229553250E1,3.695008159E-2,5.965116993E-2,-2.941912413E-1
3.230555550E1,-1.074267998E-1,-3.070101738E-1,-1.693787426E-1
3.231557850E1,-1.765033305E-1,-4.143568277E-1,-7.824904472E-2
3.232560150E1,-2.792973518E-1,-1.324753165E-1,-1.030957997E-1
3.233562450E1,-2.965107858E-1,3.871665001E-1,-1.856545806E-1
3.234564750E1,-2.272313088E-1,8.841189742E-1,-2.212301493E-1
3.235567050E1,-1.322076619E-1,1.246034861E0,-1.827142537E-1
3.236569350E1,-6.809799466E-3,1.393841386E0,-9.042373300E-2
3.237571650E1,1.491556019E-1,1.285920143E0,-2.178929001E-2
3.238573950E1,2.324062735E-1,8.906702399E-1,-3.456687182E-2
3.239576250E1,1.693293452E-1,3.498371542E-1,-1.329055429E-1
3.240578650E1,1.146378592E-1,-1.244950145E-1,-1.994371712E-1
3.241580950E1,1.200048849E-1,-3.493001759E-1,-1.412505805E-1
3.242583250E1,2.129047364E-1,-3.389852047E-1,-5.363205820E-2
3.243585550E1,2.984987199E-1,-1.802429408E-1,-7.387679070E-4
3.244587850E1,2.721384764E-1,-5.421071127E-2,3.028173372E-2
3.245590150E1,2.176377624E-1,-9.081759304E-2,4.480783641E-2
3.246592450E1,2.119457871E-1,-2.828437686E-1,-1.880042488E-3
3.247594750E1,1.895427108E-1,-4.864283800E-1,-1.079563424E-1
3.248597050E1,1.810752004E-1,-6.517478824E-1,-1.805503964E-1
3.249599350E1,1.507953554E-1,-7.960641980E-1,-1.731189042E-1
3.250601650E1,1.094915867E-1,-8.273254037E-1,-8.556401730E-2
3.251603950E1,2.008145750E-1,-7.186661363E-1,4.739785194E-2
3.252606250E1,2.853584886E-1,-6.123865843E-1,1.485961080E-1
3.253608550E1,2.440485805E-1,-5.097835064E-1,1.925357133E-1
3.254610850E1,1.328155398E-1,-3.935807347E-1,2.202706784E-1
3.255613150E1,8.041299880E-2,-3.050257266E-1,2.196508199E-1
3.256615450E1,2.943662927E-2,-2.051063329E-1,1.258596182E-1
3.257617750E1,-2.906704508E-2,-6.723015755E-2,-7.437445223E-3
3.258620050E1,-1.082143262E-1,5.558071658E-2,-6.089001894E-2
3.259622350E1,-1.845349073E-1,1.591591090E-1,-2.709403448E-2
3.260624650E1,-2.765377760E-1,2.421402782E-1,3.663487360E-2
3.261626950E1,-3.287815750E-1,3.261771500E-1,9.796786308E-2
3.262629250E1,-3.421141505E-1,4.482370019E-1,1.252490133E-1
3.263631550E1,-3.868454397E-1,6.290425658E-1,1.094748601E-1
3.264633850E1,-3.364978433E-1,8.017978072E-1,7.709588110E-2
3.265636150E1,-2.760959566E-1,8.767746091E-1,4.770409316E-2
3.266638450E1,-2.851049006E-1,8.916563392E-1,1.431737468E-2
3.267640750E1,-3.152851462E-1,8.747594357E-1,-1.022665016E-2
3.268643050E1,-3.314558566E-1,8.613908887E-1,-2.445458807E-2
3.269645350E1,-3.229109943E-1,8.529371023E-1,-7.022840530E-2
3.270647650E1,-3.361359835E-1,8.229770660E-1,-1.501083374E-1
3.271649950E1,-3.276475668E-1,7.382081151E-1,-1.965829283E-1
3.272652350E1,-3.741183877E-1,6.398972273E-1,-1.773959249E-1
3.273654650E1,-3.990401030E-1,5.947893858E-1,-1.283432841E-1
3.274656950E1,-4.076546431E-1,6.023365259E-1,-7.151462138E-2
3.275659250E1,-3.729806244E-1,6.792925596E-1,-1.961234584E-2
3.276661550E1,-3.209195733E-1,7.383465767E-1,-5.893338937E-3
3.277663850E1,-3.577584028E-1,7.456628084E-1,-2.914709412E-2
3.278666150E1,-3.766002655E-1,6.687999964E-1,-6.932140887E-2
3.279668450E1,-3.333853483E-1,4.719581008E-1,-1.148377955E-1
3.280670750E1,-2.632379532E-1,3.068980575E-1,-1.696240902E-1
3.281673050E1,-2.035970241E-1,2.084766775E-1,-2.152864188E-1
3.282675350E1,-1.903451383E-1,1.310884058E-1,-2.222111672E-1
3.283677650E1,-1.817719191E-1,3.490079194E-3,-1.696289033E-1
3.284679975E1,-2.589082420E-1,-8.291165531E-2,-5.787653103E-2
3.285682275E1,-2.794933319E-1,-3.687068447E-2,8.557577431E-2
3.286684575E1,-2.209509313E-1,2.894108742E-2,2.038670033E-1
3.287686875E1,-1.964105815E-1,1.350722909E-1,2.261818349E-1
3.288689175E1,-1.233057603E-1,2.273609489E-1,1.480358988E-1
3.289691475E1,-3.438270837E-2,2.034195215E-1,2.583641000E-2
3.290693775E1,-1.526680402E-2,1.352867857E-2,-1.125355810E-1
3.291696075E1,-4.300057516E-2,-2.339598238E-1,-2.306051701E-1
3.292698375E1,-1.428104565E-2,-4.460119009E-1,-2.829178870E-1
3.293700675E1,-7.182355970E-2,-5.841499567E-1,-2.620766163E-1
3.294702975E1,-2.687028050E-1,-6.033617258E-1,-1.873224676E-1
3.295705275E1,-5.012657046E-1,-4.797079265E-1,-8.764647692E-2
3.296707575E1,-5.472161770E-1,-1.825974286E-1,-4.249338061E-2
3.297709875E1,-5.861957073E-1,3.056743145E-1,-1.236380041E-1
3.298712175E1,-4.808708131E-1,6.988935471E-1,-2.796654403E-1
3.299714475E1,-4.309676588E-1,9.433335662E-1,-3.776820898E-1
3.300716775E1,-5.276457071E-1,1.151276350E0,-3.457348049E-1
3.301719075E1,-6.353167892E-1,1.321562290E0,-1.627467573E-1
3.302721375E1,-6.150336266E-1,1.205718517E0,6.713251770E-2
3.303723675E1,-5.465952158E-1,8.781950474E-1,2.287065089E-1
3.304725975E1,-5.160802007E-1,5.698739886E-1,2.343212515E-1
3.305728275E1,-4.650152624E-1,3.971725702E-1,7.971691340E-2
3.306730575E1,-3.034354150E-1,3.483584225E-1,-1.699270159E-1
3.307732875E1,-1.426167488E-1,1.818076968E-1,-4.401313961E-1
3.308735275E1,-1.632288098E-1,-1.428404152E-1,-6.543489099E-1
3.309737575E1,-1.221642718E-1,-5.225579143E-1,-6.971439123E-1
3.310739875E1,2.237640135E-2,-9.385961294E-1,-4.992186129E-1
3.311742175E1,8.219594508E-2,-1.217718124E0,-2.310015559E-1
3.312744475E1,7.711011171E-2,-1.241814137E0,-1.121630520E-1
3.313746775E1,7.894733548E-2,-1.173962116E0,-1.435127854E-1
3.314749075E1,4.722429067E-2,-1.101738811E0,-2.315489054E-1
3.315751375E1,-4.946234636E-3,-9.676765203E-1,-3.105912507E-1
3.316753675E1,-1.036477759E-1,-7.832549810E-1,-3.696359396E-1
3.317755975E1,-1.859389246E-1,-5.948896408E-1,-3.973937929E-1
3.318758275E1,-2.310645878E-1,-4.406204224E-1,-4.042639434E-1
3.319760575E1,-2.229293138E-1,-2.520797849E-1,-3.527573347E-1
3.320762875E1,-2.197239250E-1,1.535540074E-2,-2.338320315E-1
3.321765175E1,-8.898934722E-2,2.594269812E-1,-9.586824477E-2
3.322767475E1,-2.914599143E-2,3.319062591E-1,-3.947767615E-2
3.323769775E1,-2.037623674E-1,3.052109480E-1,-8.151339740E-2
3.324772075E1,-2.888509035E-1,3.060525060E-1,-1.284177899E-1
3.325774375E1,-3.332895637E-1,3.586504459E-1,-1.308485866E-1
3.326776675E1,-3.217916489E-1,4.386621714E-1,-1.099233329E-1
3.327778975E1,-2.685920000E-1,5.029141307E-1,-4.643604159E-2
3.328781275E1,-1.612375677E-1,5.325910449E-1,5.282156914E-2
3.329783575E1,-1.077288315E-1,5.367103815E-1,1.467622966E-1
3.330785875E1,-1.581408456E-2,4.762553275E-1,1.836537421E-1
3.331788175E1,1.176217794E-1,1.942550540E-1,1.468166560E-1
3.332790475E1,1.654422879E-1,-2.366665155E-1,3.549918532E-2
3.333792775E1,2.267807424E-1,-6.195583344E-1,-7.434292883E-2
3.334795075E1,2.315443456E-1,-8.381460309E-1,-1.030286402E-1
3.335797375E1,2.548495233E-1,-8.826763034E-1,-6.235769391E-2
3.336799675E1,2.015617788E-1,-8.333737254E-1,-4.442316294E-2
3.337801975E1,1.783421934E-1,-7.518624663E-1,-2.495864406E-2
3.338804275E1,2.148578614E-1,-6.285197735E-1,4.712673649E-2
3.339806575E1,2.898339331E-1,-5.398691297E-1,8.258850127E-2
3.340808875E1,2.211909443E-1,-4.460332096E-1,-1.082826406E-2
3.341811175E1,1.564573497E-1,-3.309537172E-1,-1.451985836E-1
3.342813575E1,1.236176342E-1,-2.506817579E-1,-1.509017348E-1
3.343815875E1,9.504754096E-3,-9.833618999E-2,-9.662641212E-3
3.344818175E1,-3.492049873E-2,6.735236943E-2,1.272555292E-1
3.345820475E1,-5.118009821E-2,2.874966860E-1,1.633479446E-1
3.346822775E1,1.811854728E-2,5.078176260E-1,1.283327043E-1
3.347825075E1,-3.922193125E-2,6.557870507E-1,5.631421134E-2
3.348827375E1,-1.017243788E-2,6.555337906E-1,-2.212733403E-2
3.349829675E1,2.499486506E-2,6.359274983E-1,-2.672746591E-2
3.350831975E1,1.587726735E-2,5.969031453E-1,6.540273130E-2
3.351834275E1,1.663913131E-1,3.941745162E-1,2.061008662E-1
3.352836575E1,2.073912024E-1,1.699150503E-1,3.059521019E-1
3.353838875E1,1.899050176E-1,9.611159563E-2,3.326687515E-1
3.354841175E1,2.573849857E-1,1.400569528E-1,3.335872889E-1
3.355843475E1,3.268538415E-1,1.199149340E-1,3.004915416E-1
3.356845775E1,2.103586644E-1,-2.463185973E-2,1.882086843E-1
3.357848075E1,1.551943868E-1,-1.633951217E-1,4.888489470E-2
3.358850375E1,1.110485122E-1,-1.390255988E-1,-3.597699851E-2
3.359852675E1,1.627001017E-1,7.790746167E-5,-8.134436607E-2
3.360854975E1,1.386629492E-1,9.799514711E-2,-1.329998374E-1
3.361857275E1,1.331428252E-2,1.240213662E-1,-1.689676642E-1
3.362859575E1,-4.878637195E-2,8.281348646E-2,-1.396340132E-1
3.363861875E1,-1.079986691E-1,1.675558239E-1,-6.556160003E-2
3.364864175E1,-8.588191867E-2,4.658085704E-1,-1.148265600E-2
3.365866475E1,-6.545813382E-2,7.718454599E-1,2.352166735E-2
3.366868775E1,-1.094362438E-1,9.101077318E-1,6.345603615E-2
3.367871075E1,-1.810286343E-1,8.737027049E-1,9.995064884E-2
3.368873375E1,-1.922985911E-1,7.437329888E-1,1.184484363E-1
3.369875675E1,1.320505701E-2,4.937374294E-1,1.143349037E-1
3.370877975E1,9.083619714E-2,4.045943543E-2,1.042794622E-2
3.371880275E1,6.204728037E-2,-3.770163059E-1,-1.644535810E-1
3.372882575E1,1.055127308E-1,-6.160863638E-1,-2.359978110E-1
3.373884875E1,4.168341309E-2,-7.563208342E-1,-2.179714441E-1
3.374887175E1,3.759945557E-2,-7.742955685E-1,-1.806272715E-1
3.375889475E1,-2.821198199E-3,-7.053962946E-1,-1.780450344E-1
3.376891775E1,1.573544182E-2,-4.982964098E-1,-1.535053253E-1
3.377894075E1,1.760182381E-1,-2.151747197E-1,-7.306279987E-2
3.378896475E1,3.377855718E-1,5.716465041E-2,-2.976193652E-2
3.379898775E1,3.785247207E-1,1.526857018E-1,-5.088984966E-2
3.380901075E1,4.197605550E-1,-4.836219177E-2,-6.422162801E-2
3.381903375E1,4.720121026E-1,-5.427263975E-1,-5.539611354E-2
3.382905675E1,3.506191075E-1,-1.064061522E0,-9.471715242E-2
3.383907975E1,2.713541687E-1,-1.308363438E0,-1.542061716E-1
3.384910262E1,2.755374610E-1,-1.266580939E0,-1.579878628E-1
3.385912562E1,2.636485398E-1,-1.001723886E0,-1.008375213E-1
3.386914862E1,2.854361236E-1,-5.901880860E-1,6.653784774E-3
3.387917163E1,3.269276619E-1,-2.756096125E-1,1.164540574E-1
3.388919462E1,2.966786623E-1,-5.802614614E-2,2.162911743E-1
3.389921762E1,3.505356610E-1,6.670679152E-2,2.610838115E-1
3.390924062E1,5.189345479E-1,1.011156291E-1,2.190924287E-1
3.391926362E1,6.182705164E-1,-7.984299958E-2,7.393851131E-2
3.392928663E1,5.587205887E-1,-4.165911973E-1,-1.231378093E-1
3.393930962E1,5.091424584E-1,-8.101782799E-1,-2.416137308E-1
3.394933262E1,4.298641682E-1,-1.162613630E0,-2.162843943E-1
3.395935562E1,3.201738894E-1,-1.264892459E0,-6.788389385E-2
3.396937862E1,2.936344445E-1,-1.083216667E0,1.998900175E-1
3.397940162E1,3.811468780E-1,-6.265738010E-1,4.593133032E-1
3.398942462E1,5.607573986E-1,1.235009879E-1,5.327249765E-1
3.399944762E1,7.105788589E-1,7.887377739E-1,4.063781202E-1
3.400947062E1,7.641280890E-1,9.821833968E-1,2.154577225E-1
3.401949362E1,8.199942112E-1,6.687929630E-1,1.310551763E-1
3.402951662E1,7.299119830E-1,6.781927496E-2,1.885054260E-1
3.403953962E1,6.847956181E-1,-5.090142488E-1,2.666778564E-1
3.404956262E1,6.478961706E-1,-9.445784688E-1,2.557437122E-1
3.405958562E1,6.260034442E-1,-1.237364888E0,1.584374607E-1
3.406960862E1,6.142958999E-1,-1.394045353E0,4.590266198E-2
3.407963162E1,5.371051431E-1,-1.348933458E0,-3.400800005E-2
3.408965462E1,4.662216008E-1,-9.759875536E-1,-4.390883446E-2
3.409967762E1,3.089161813E-1,-5.896964073E-1,-1.149555892E-1
3.410970062E1,3.409271240E-1,-3.448022306E-1,-2.508396506E-1
3.411972362E1,3.501103818E-1,-2.293086499E-1,-3.314470947E-1
3.412974662E1,3.567171395E-1,-3.555787206E-1,-3.412725627E-1
3.413977062E1,3.510369360E-1,-4.770531356E-1,-3.188816905E-1
3.414979362E1,3.209671974E-1,-5.161864161E-1,-3.337794244E-1
3.415981662E1,3.130230904E-1,-5.922305584E-1,-3.483181894E-1
3.416983963E1,2.441582829E-1,-6.094442010E-1,-3.544756770E-1
3.417986262E1,1.912462413E-1,-6.159393191E-1,-3.646311164E-1
3.418988562E1,1.019318104E-1,-6.799132228E-1,-3.837400973E-1
3.419990862E1,8.413453400E-2,-6.716115475E-1,-4.223422408E-1
3.420993162E1,7.577380538E-2,-4.360916913E-1,-4.235337377E-1
3.421995463E1,8.493327349E-2,-1.875115037E-1,-3.886346817E-1
3.422997762E1,5.133749917E-2,-5.209268257E-2,-3.357113004E-1
3.424000062E1,-1.785063930E-2,-1.590126157E-1,-2.826090455E-1
3.425002362E1,-1.825967133E-1,-2.934689820E-1,-2.481501251E-1
3.426004662E1,-2.151213735E-1,-1.213388219E-1,-2.241178155E-1
3.427006962E1,-2.334226221E-1,1.651078463E-1,-2.644351423E-1
3.428009262E1,-1.943238676E-1,3.496316671E-1,-3.037815094E-1
3.429011562E1,-3.116265126E-2,5.102589130E-1,-2.561519444E-1
3.430013862E1,-7.689203601E-3,5.482754111E-1,-1.283806413E-1
3.431016162E1,-3.572030738E-2,4.791618586E-1,3.459949046E-2
3.432018462E1,-6.846298277E-2,4.543772340E-1,1.692847162E-1
3.433020762E1,-1.182108223E-1,3.737095296E-1,2.154474258E-1
3.434023062E1,-5.302400887E-2,2.515234649E-1,1.622490436E-1
3.435025362E1,-3.638191521E-2,1.302841455E-1,5.414601415E-2
3.436027662E1,-4.360638559E-2,-1.310636848E-2,-5.929027498E-2
3.437029962E1,6.380928308E-2,-1.294231266E-1,-1.351586729E-1
3.438032262E1,1.539760828E-2,-3.577340841E-1,-1.831875294E-1
3.439034562E1,-1.220361590E-1,-6.382147670E-1,-1.470279247E-1
3.440036862E1,-1.468560696E-1,-7.167859674E-1,2.023171633E-2
3.441039162E1,-1.563158929E-1,-5.330845714E-1,1.978994459E-1
3.442041462E1,-2.188778073E-1,-3.356324732E-1,2.956105471E-1
3.443043762E1,-2.742542326E-1,-2.162773311E-1,3.253607154E-1
3.444046062E1,-2.568513155E-1,-1.111576557E-1,3.720292151E-1
3.445048362E1,-1.366974711E-1,-1.056758016E-1,5.616612434E-1
3.446050663E1,-6.224800646E-2,-1.976009309E-1,8.492258787E-1
3.447052962E1,-1.560304314E-1,-2.136584520E-1,1.160132289E0
3.448055262E1,-2.100517303E-1,-2.259622887E-2,1.370922208E0
3.449057562E1,-1.096154079E-1,2.750759125E-1,1.384394288E0
3.450059862E1,3.758934326E-3,6.438337564E-1,1.238331914E0
3.451062263E1,1.018327698E-1,9.452332258E-1,1.078845739E0
3.452064562E1,7.869511098E-2,1.056175590E0,9.781543612E-1
3.453066862E1,3.811554518E-3,8.512460589E-1,9.885028601E-1
3.454069162E1,3.278659284E-2,4.634239972E-1,1.039708495E0
3.455071462E1,2.628022134E-1,-1.675433479E-2,1.096927881E0
3.456073762E1,6.126739383E-1,-4.411658645E-1,1.036442757E0
3.457076062E1,7.043649554E-1,-6.101109982E-1,7.029614449E-1
3.458078362E1,5.602331161E-1,-3.217643201E-1,2.345802188E-1
3.459080662E1,3.825225532E-1,9.546671063E-2,-1.380364895E-1
3.460082962E1,2.048542500E-1,4.380848110E-1,-4.655803144E-1
3.461085262E1,3.394566011E-4,7.555570602E-1,-7.883232236E-1
3.462087562E1,-1.594824046E-1,1.332305670E0,-9.551876187E-1
3.463089862E1,-3.483886719E-1,1.800814033E0,-9.210575819E-1
3.464092162E1,-4.312668741E-1,1.987660885E0,-7.493770123E-1
3.465094462E1,-2.550109029E-1,1.680321455E0,-5.565121770E-1
3.466096762E1,-2.930561826E-2,9.147050381E-1,-4.672520757E-1
3.467099062E1,3.513354659E-1,5.041971207E-1,-4.131363630E-1
3.468101362E1,6.732311845E-1,1.277402043E-1,-4.713443518E-1
3.469103662E1,7.078552246E-1,-6.029403806E-1,-7.341152430E-1
3.470105962E1,6.557833552E-1,-1.543737054E0,-9.021723270E-1
3.471108262E1,4.298421144E-1,-2.412590265E0,-6.561918259E-1
3.472110562E1,4.232699275E-1,-2.450839996E0,1.542218961E-4
3.473112862E1,4.083165526E-1,-1.950745940E0,5.372602940E-1
3.474115162E1,4.523413777E-1,-1.257385254E0,5.906702280E-1
3.475117463E1,5.754739642E-1,-5.013704896E-1,3.100726604E-1
3.476119762E1,6.003001928E-1,1.324951202E-1,-5.015995353E-2
3.477122062E1,5.474974513E-1,5.042740107E-1,-2.907621861E-1
3.478124362E1,3.592273295E-1,6.992664337E-1,-2.712989151E-1
3.479126662E1,2.541767955E-1,7.252759337E-1,3.195922077E-2
3.480128963E1,3.021190763E-1,7.553251386E-1,4.402441084E-1
3.481131262E1,3.006950915E-1,1.029996634E0,7.137669921E-1
3.482133562E1,3.520889580E-1,1.382328987E0,7.204958797E-1
3.483135862E1,4.174897969E-1,1.632759094E0,5.146505833E-1
3.484138162E1,4.645884633E-1,1.649642348E0,2.515954971E-1
3.485140442E1,5.428630114E-1,1.374489307E0,5.841886625E-2
3.486142742E1,5.807673335E-1,8.845128417E-1,-1.244457439E-2
3.487145042E1,5.107850432E-1,3.488014936E-1,5.512621626E-2
3.488147442E1,3.304914534E-1,-1.805942953E-1,2.254838794E-1
3.489149742E1,2.690922916E-1,-5.469227433E-1,3.552301526E-1
3.490152042E1,2.190277278E-1,-7.889837623E-1,3.425253928E-1
3.491154342E1,1.549123824E-1,-8.569329977E-1,2.250858694E-1
3.492156642E1,1.679009497E-1,-8.793616891E-1,9.668888152E-2
3.493158942E1,1.861566603E-1,-8.904883862E-1,5.335631967E-2
3.494161242E1,2.185225040E-1,-8.010866046E-1,9.959919751E-2
3.495163542E1,2.075345665E-1,-5.951070786E-1,1.446047723E-1
3.496165842E1,1.949437261E-1,-2.532768548E-1,1.612812430E-1
3.497168142E1,2.241980135E-1,1.838653386E-1,1.616956294E-1
3.498170442E1,2.100078613E-1,5.736428499E-1,1.317569911E-1
3.499172742E1,1.016502231E-1,8.882375360E-1,1.258040220E-1
3.500175042E1,3.340610117E-2,1.088127732E0,1.671433449E-1
3.501177342E1,-7.341862656E-3,1.205322027E0,1.848541647E-1
3.502179642E1,-7.509439439E-2,1.315451384E0,1.289546788E-1
3.503181942E1,-1.604566872E-1,1.312336206E0,2.942781709E-2
3.504184242E1,-2.644166946E-1,1.175325751E0,-8.203706145E-2
3.505186542E1,-3.556709886E-1,9.611274600E-1,-1.720276624E-1
3.506188842E1,-3.612626195E-1,6.535230279E-1,-1.777484566E-1
3.507191142E1,-2.252046466E-1,1.981928349E-1,-1.432314962E-1
3.508193442E1,-2.164883912E-1,-1.765207797E-1,-1.806985289E-1
3.509195742E1,-2.378863543E-1,-1.021862216E-2,-2.651865184E-1
3.510198042E1,-1.234937981E-1,7.140605450E-1,-2.422387749E-1
3.511200342E1,-1.824671030E-1,1.280100226E0,-1.621687114E-1
3.512202642E1,-2.555390894E-1,1.475667596E0,-2.962591127E-3
3.513204942E1,-2.191363275E-1,1.507514000E0,2.042630315E-1
3.514207242E1,-1.645995080E-1,1.532208681E0,3.262725472E-1
3.515209542E1,-1.016011015E-1,1.431630969E0,3.109947741E-1
3.516211842E1,3.822447732E-2,1.107124925E0,1.487603337E-1
3.517214142E1,2.012770474E-1,5.989069343E-1,-1.505813748E-1
3.518216442E1,3.406035602E-1,5.114816874E-2,-5.327389836E-1
3.519218742E1,4.324043393E-1,-4.244465828E-1,-8.924678564E-1
3.520221042E1,4.822167158E-1,-8.628922701E-1,-1.115573168E0
3.521223342E1,4.879947007E-1,-1.250831127E0,-1.205814481E0
3.522225642E1,3.568284214E-1,-1.452366710E0,-1.271827936E0
3.523227942E1,2.636851668E-1,-9.680230021E-1,-1.454768300E0
3.524230342E1,2.225697041E-1,-8.402146399E-2,-1.713451862E0
3.525232642E1,2.562495321E-2,1.419954151E-1,-1.810139537E0
3.526234942E1,-1.608462632E-1,-5.659050345E-1,-1.691039562E0
3.527237242E1,-2.905019820E-1,-1.646851063E0,-1.434301257E0
3.528239542E1,-2.312023491E-1,-2.091550589E0,-1.087741852E0
3.529241842E1,-1.394175738E-1,-1.608148336E0,-7.676581740E-1
3.530244142E1,-2.036272287E-1,-4.583262503E-1,-5.887832642E-1
3.531246442E1,-2.003725767E-1,5.894262791E-1,-4.949637651E-1
3.532248742E1,-2.262431830E-1,1.078506351E0,-3.780224621E-1
3.533251042E1,-2.915675938E-1,1.082183123E0,-1.895603985E-1
3.534253342E1,-2.607133687E-1,9.518887401E-1,3.831584472E-3
3.535255642E1,-3.451779485E-2,7.712081671E-1,1.064711437E-1
3.536257942E1,8.318112791E-2,4.175148606E-1,9.502851218E-2
3.537260242E1,1.308455765E-1,1.682683453E-2,4.578586295E-2
3.538262542E1,1.588582993E-1,-3.401834369E-1,3.464836255E-2
3.539264842E1,8.958201110E-2,-6.214758158E-1,3.477885947E-2
3.540267142E1,5.959928036E-2,-9.070846438E-1,1.852858998E-2
3.541269442E1,2.739568353E-1,-1.185312033E0,-2.745115198E-2
3.542271742E1,4.272166491E-1,-1.429989457E0,-9.774722904E-2
3.543274042E1,6.042507887E-1,-1.813583255E0,-2.098900229E-1
3.544276342E1,7.616103888E-1,-2.135465145E0,-2.837711275E-1
3.545278642E1,6.522439718E-1,-2.455633640E0,-3.079936206E-1
3.546280942E1,5.146267414E-1,-2.672305107E0,-4.061954021E-1
3.547283242E1,4.604935050E-1,-2.388585567E0,-5.241414905E-1
3.548285542E1,5.907827020E-1,-2.082209587E0,-5.597141385E-1
3.549287842E1,5.731992126E-1,-1.775760651E0,-5.336548090E-1
3.550290142E1,5.940478444E-1,-1.686554313E0,-4.567277133E-1
3.551292442E1,5.881015658E-1,-1.811008811E0,-2.681505978E-1
3.552294742E1,6.319931746E-1,-1.322209001E0,5.843184143E-2
3.553297042E1,5.805864334E-1,6.404706091E-2,3.787131608E-1
3.554299342E1,5.016156435E-1,1.110668302E0,4.641953111E-1
3.555301642E1,3.550906479E-1,1.185637712E0,4.658139944E-1
3.556303942E1,2.374060899E-1,6.386930346E-1,5.343377590E-1
3.557306242E1,3.849904835E-1,-8.520369977E-2,6.092058420E-1
3.558308642E1,5.266764164E-1,-2.913536429E-1,5.446277261E-1
3.559310942E1,7.517963052E-1,-3.558849692E-1,3.954195976E-1
3.560313242E1,6.609733701E-1,-6.227296591E-1,3.370314538E-1
3.561315542E1,5.452603698E-1,-8.008967638E-1,4.387764335E-1
3.562317842E1,2.855195701E-1,-6.607031226E-1,6.009370089E-1
3.563320142E1,2.822228670E-1,-7.226541042E-1,6.120077372E-1
3.564322442E1,3.684041500E-1,-4.138923287E-1,5.011416674E-1
3.565324742E1,4.768927991E-1,5.992398411E-2,2.605772913E-1
3.566327042E1,6.052888632E-1,2.932057083E-1,9.004710242E-3
3.567329342E1,6.423842907E-1,3.698658645E-1,-9.022945911E-2
3.568331642E1,5.599766970E-1,8.051679283E-2,3.164463211E-3
3.569333942E1,2.728525400E-1,-4.085178673E-1,2.320889831E-1
3.570336242E1,-1.885866746E-2,-6.781247258E-1,3.809941113E-1
3.571338542E1,-8.802548796E-2,-5.495454669E-1,3.843680620E-1
3.572340842E1,3.576820791E-1,3.363570571E-2,4.058667123E-1
3.573343142E1,7.691031694E-1,1.341017365E0,4.477670193E-1
3.574345442E1,8.495017290E-1,2.727349758E0,3.824641109E-1
3.575347742E1,7.025085688E-1,2.883527040E0,2.541900277E-1
3.576350042E1,4.077481329E-1,1.904330254E0,2.200683951E-1
3.577352342E1,6.872452796E-2,6.492698193E-1,3.590305448E-1
3.578354642E1,-8.868277818E-2,-1.398658454E-1,5.499856472E-1
3.579356942E1,-1.907870471E-1,-3.733470440E-1,3.978099525E-1
3.580359242E1,-3.846335113E-1,-2.189381719E-1,-1.161960959E-1
3.581361542E1,-1.718253642E-1,3.504171669E-1,-5.459330678E-1
3.582363842E1,3.053806126E-1,1.250410914E0,-6.251168251E-1
3.583366142E1,4.676344991E-1,2.274564266E0,-4.273497462E-1
3.584368442E1,5.776855946E-1,2.344587088E0,-1.222575083E-1
3.585370775E1,5.435699821E-1,1.162625551E0,1.497316509E-1
3.586373075E1,4.017316997E-1,-6.469138265E-1,3.353163600E-1
3.587375375E1,1.422354132E-1,-2.187329292E0,3.087449372E-1
3.588377675E1,-3.422275484E-1,-3.132226706E0,-9.117902070E-2
3.589379975E1,-5.535565615E-1,-3.499634027E0,-5.779337287E-1
3.590382275E1,-3.160457909E-1,-2.138740778E0,-6.185700297E-1
3.591384575E1,-2.947961390E-1,6.044230461E-1,-2.139341235E-1
3.592386875E1,-3.195259571E-1,3.303754091E0,3.253399134E-1
3.593389275E1,-2.888077497E-1,4.623918533E0,6.713170409E-1
3.594391575E1,-3.026339114E-1,4.616136074E0,7.141525745E-1
3.595393875E1,-3.339037001E-1,3.895959139E0,5.841514468E-1
3.596396175E1,-3.980145752E-1,2.992731094E0,3.252381384E-1
3.597398475E1,-5.119627118E-1,2.184195280E0,3.615092952E-3
3.598400775E1,-6.585839987E-1,1.454972863E0,-2.192625552E-1
3.599403075E1,-6.422383189E-1,8.634075522E-1,-1.473007500E-1
3.600405375E1,-1.788400710E-1,3.984857798E-1,1.429280043E-1
3.601407675E1,3.693071902E-1,9.095966071E-2,4.714747369E-1
3.602409975E1,5.081360340E-1,-1.197705232E-2,5.416303873E-1
3.603412275E1,6.534796357E-1,2.174469270E-2,3.132715225E-1
3.604414575E1,8.274179101E-1,-2.330228835E-1,-5.080958363E-4
3.605416875E1,7.719330788E-1,-6.816840172E-1,-2.665986419E-1
3.606419175E1,6.406096220E-1,-1.268313408E0,-4.344641864E-1
3.607421475E1,5.026530623E-1,-2.080318213E0,-4.123599529E-1
3.608423775E1,3.826313317E-1,-2.689532042E0,-2.144166827E-1
3.609426075E1,2.005488724E-1,-2.553836584E0,-3.681846336E-2
3.610428375E1,4.428346455E-2,-1.950419307E0,-1.543533709E-2
3.611430675E1,-2.970552146E-1,-1.258346915E0,-1.960940659E-1
3.612432975E1,-5.659251809E-1,-4.711997211E-1,-4.877955317E-1
3.613435275E1,-5.519677997E-1,1.902714223E-1,-7.817898393E-1
3.614437575E1,-5.405366421E-1,7.063650489E-1,-1.067190647E0
3.615439875E1,-6.950109005E-1,7.620006204E-1,-1.275094271E0
3.616442175E1,-9.953801036E-1,1.467112303E-1,-1.307841063E0
3.617444475E1,-1.251343012E0,-3.867622614E-1,-1.165572643E0
3.618446775E1,-1.446354032E0,-2.090764791E-1,-9.659898877E-1
3.619449075E1,-1.290826797E0,3.809993267E-1,-7.857133150E-1
3.620451375E1,-1.263435721E0,1.502382874E0,-6.970580220E-1
3.621453675E1,-9.879444242E-1,2.415693998E0,-8.054108620E-1
3.622455975E1,-7.767000198E-1,1.297761202E0,-1.260168076E0
3.623458275E1,-1.034216285E0,-1.544355154E0,-1.899226069E0
3.624460575E1,-1.354412317E0,-3.303119659E0,-2.198060751E0
3.625462875E1,-1.669578791E0,-2.991605997E0,-2.083129883E0
3.626465175E1,-1.918134332E0,-1.633425474E0,-1.860625505E0
3.627467475E1,-1.975015402E0,-2.414787412E-1,-1.530125976E0
3.628469875E1,-1.893505692E0,9.144300222E-1,-9.980359077E-1
3.629472175E1,-2.055795670E0,1.835455537E0,-5.169774294E-1
3.630474475E1,-1.800931334E0,2.255531073E0,-3.304355741E-1
3.631476775E1,-1.547607183E0,2.153133392E0,-3.479101956E-1
3.632479075E1,-1.374147177E0,1.902209997E0,-4.794215560E-1
3.633481375E1,-1.224326611E0,1.638948798E0,-6.236522794E-1
3.634483675E1,-1.314513087E0,1.274870276E0,-7.962244749E-1
3.635485975E1,-1.406720161E0,8.113540411E-1,-8.671849370E-1
3.636488275E1,-1.553346872E0,7.956961989E-1,-6.999117136E-1
3.637490575E1,-1.509812713E0,1.226323128E0,-4.027194679E-1
3.638492875E1,-1.343462944E0,1.501990557E0,-1.567971855E-1
3.639495175E1,-1.220751882E0,1.554095626E0,-7.033845782E-2
3.640497475E1,-1.000527024E0,1.484151006E0,-1.169392392E-1
3.641499775E1,-9.491205812E-1,1.234255433E0,-2.501103580E-1
3.642502075E1,-1.007737279E0,7.374116778E-1,-3.775007725E-1
3.643504375E1,-9.816138744E-1,2.173112184E-1,-3.485601842E-1
3.644506675E1,-1.041626573E0,5.620967224E-2,-1.419946551E-1
3.645508975E1,-1.188982129E0,2.170547545E-1,1.570048332E-1
3.646511275E1,-1.154076338E0,5.961955190E-1,4.002219737E-1
3.647513575E1,-1.043541551E0,1.090939283E0,5.190842152E-1
3.648515875E1,-8.958403468E-1,1.512243390E0,4.717640877E-1
3.649518175E1,-6.390748620E-1,1.803928494E0,4.215403199E-1
3.650520475E1,-5.959560871E-1,1.869928002E0,3.588696420E-1
3.651522775E1,-5.307847857E-1,1.682417512E0,2.584974766E-1
3.652525075E1,-5.529718399E-1,1.034631133E0,3.121712618E-2
3.653527375E1,-5.844767690E-1,2.556429505E-1,-2.878990769E-1
3.654529675E1,-4.136168063E-1,-1.812209487E-1,-4.733049870E-1
3.655531975E1,-9.780186415E-2,-2.859250009E-1,-3.903320730E-1
3.656534275E1,1.685334742E-1,-4.470235482E-2,-1.573913917E-2
3.657536575E1,2.825106382E-1,3.237363696E-1,5.488872528E-1
3.658538875E1,3.310100138E-1,4.110218287E-1,9.966012239E-1
3.659541175E1,5.526952744E-1,1.590351313E-1,1.108676791E0
3.660543475E1,7.283774018E-1,-1.206122488E-1,8.247730136E-1
3.661545775E1,8.541215062E-1,1.502893493E-2,2.677928209E-1
3.662548075E1,9.295986295E-1,5.573801398E-1,-2.527340651E-1
3.663550375E1,1.004340529E0,9.285328984E-1,-5.806884766E-1
3.664552675E1,1.172633767E0,8.211137056E-1,-5.815811157E-1
3.665555075E1,1.259642959E0,3.679768741E-1,-4.273529053E-1
3.666557375E1,1.457047105E0,-1.339437515E-1,-2.518317997E-1
3.667559675E1,1.452097654E0,-6.777902246E-1,-1.420515031E-1
3.668561975E1,1.392683387E0,-1.083895326E0,-1.041258425E-1
3.669564275E1,1.437573075E0,-1.186641932E0,-8.150282502E-2
3.670566575E1,1.451435447E0,-1.104120612E0,-2.280794084E-2
3.671568875E1,1.537954450E0,-7.764058709E-1,1.342099160E-1
3.672571175E1,1.715589881E0,-3.518813550E-1,4.396252930E-1
3.673573475E1,1.932504535E0,6.823734939E-2,7.338321805E-1
3.674575775E1,2.085160732E0,3.810087442E-1,8.067548871E-1
3.675578075E1,2.171832561E0,3.886091411E-1,6.164496541E-1
3.676580375E1,2.238253593E0,3.559775054E-1,2.785466313E-1
3.677582675E1,2.367338896E0,4.029878974E-1,-1.902220026E-2
3.678584975E1,2.482310772E0,2.012191713E-2,-3.480723500E-1
3.679587275E1,2.518391132E0,-8.389643431E-1,-6.106051803E-1
3.680589575E1,2.471738338E0,-1.582823992E0,-5.371915698E-1
3.681591875E1,2.563413143E0,-1.670600176E0,-1.045802683E-1
3.682594175E1,2.718701124E0,-1.299622655E0,2.358814329E-1
3.683596475E1,2.769167185E0,-9.587540030E-1,3.464953005E-1
3.684598775E1,2.856293201E0,-7.723001242E-1,2.260749638E-1
3.685601100E1,2.841596365E0,-2.954957485E-1,-3.426261246E-2
3.686603400E1,2.550902843E0,-6.919279695E-2,-1.904338598E-1
3.687605700E1,2.296905518E0,-3.184648603E-2,-1.565299630E-1
3.688608000E1,2.180915356E0,5.619709566E-2,4.871734977E-2
3.689610300E1,2.023012161E0,-1.498061419E-1,2.431446165E-1
3.690612600E1,1.947907686E0,-3.299812078E-1,3.833561242E-1
3.691614900E1,1.989958525E0,-3.893726468E-1,5.192005634E-1
3.692617200E1,1.927845001E0,-2.259253412E-1,5.833671689E-1
3.693619500E1,2.203809738E0,2.630419433E-1,4.749906361E-1
3.694621800E1,2.282707930E0,7.868751287E-1,3.381888568E-1
3.695624100E1,2.332461357E0,8.548083901E-1,1.650437117E-1
3.696626400E1,2.527694702E0,1.461087167E-1,-4.096735269E-2
3.697628700E1,2.583127499E0,-9.463372231E-1,-1.710119098E-1
3.698631000E1,2.524475098E0,-1.785764456E0,-1.395134032E-1
3.699633300E1,2.565529346E0,-2.250026941E0,2.697464451E-2
3.700635600E1,2.617421389E0,-1.880579829E0,2.366903722E-1
3.701638000E1,2.376299143E0,-1.034849048E0,4.829065502E-1
3.702640300E1,2.222051144E0,-4.575040638E-1,6.569020748E-1
3.703642600E1,2.171936512E0,-3.615027070E-1,6.516199112E-1
3.704644900E1,1.907513976E0,-5.718771815E-1,4.683865905E-1
3.705647200E1,1.800036311E0,-2.811439037E-1,2.878069580E-1
3.706649500E1,1.642043591E0,3.208866119E-1,2.360252738E-1
3.707651800E1,1.485314608E0,4.117398262E-1,2.263220400E-1
3.708654100E1,1.556911111E0,9.974223375E-2,2.413450032E-1
3.709656400E1,1.505985260E0,-5.661993846E-2,2.736848295E-1
3.710658700E1,1.395926476E0,1.099163890E-1,2.828938365E-1
3.711661000E1,1.419371128E0,4.619639218E-1,3.046646416E-1
3.712663300E1,1.274452567E0,6.888561249E-1,3.752630651E-1
3.713665600E1,1.039478183E0,7.583311200E-1,4.801282287E-1
3.714667900E1,8.281127214E-1,8.105773330E-1,5.636329651E-1
3.715670200E1,5.629396439E-1,7.270678282E-1,5.997337103E-1
3.716672500E1,4.386858940E-1,5.781605244E-1,6.084155440E-1
3.717674800E1,5.119052529E-1,7.180923820E-1,6.016969085E-1
3.718677100E1,4.754113257E-1,1.101399660E0,5.571617484E-1
3.719679400E1,4.033411443E-1,1.312698007E0,4.578013420E-1
3.720681700E1,3.861918151E-1,1.342850566E0,3.520308137E-1
3.721684000E1,3.023115695E-1,1.101214528E0,3.480136991E-1
3.722686300E1,2.730716169E-1,7.100383043E-1,4.884114563E-1
3.723688600E1,3.590310216E-1,4.569956660E-1,6.562297344E-1
3.724690900E1,4.154047370E-1,4.497334659E-1,6.977748275E-1
3.725693200E1,4.859801233E-1,4.859138131E-1,6.037783027E-1
3.726695500E1,5.308921337E-1,3.143273890E-1,4.791305065E-1
3.727697800E1,5.189930797E-1,-2.665230446E-2,4.336647689E-1
3.728700100E1,4.042190611E-1,-4.320106208E-1,4.699773490E-1
3.729702400E1,2.391313016E-1,-7.749804854E-1,5.702147484E-1
3.730704700E1,3.619810194E-2,-9.130086899E-1,7.388283014E-1
3.731707000E1,-3.469790891E-2,-1.019432664E0,8.528928161E-1
3.732709300E1,1.584524475E-2,-1.236375093E0,8.964986801E-1
3.733711600E1,1.206337065E-1,-1.190879822E0,8.852718472E-1
3.734713900E1,1.212399378E-1,-7.247505188E-1,8.289877176E-1
3.735716200E1,1.594983786E-1,-9.712573141E-3,7.797706127E-1
3.736718500E1,2.749918699E-1,6.360746622E-1,7.682542801E-1
3.737720800E1,3.830884993E-1,1.022209883E0,7.533882260E-1
3.738723100E1,4.446104169E-1,1.216528773E0,7.587215304E-1
3.739725400E1,5.593713522E-1,1.361599922E0,8.719623685E-1
3.740727700E1,6.749793887E-1,1.455832362E0,9.912967682E-1
3.741730100E1,7.403008342E-1,1.349234581E0,1.000304699E0
3.742732400E1,8.026657104E-1,1.063443303E0,8.844962120E-1
3.743734700E1,7.982986569E-1,6.843622923E-1,6.786218882E-1
3.744737000E1,7.505199909E-1,2.031836510E-1,4.677791595E-1
3.745739300E1,8.523371816E-1,-1.886991709E-1,3.384068012E-1
3.746741600E1,8.719205856E-1,-4.790929854E-1,2.654891908E-1
3.747743900E1,7.873154283E-1,-5.650939345E-1,2.334154397E-1
3.748746200E1,8.356174827E-1,-5.526677370E-1,2.278710455E-1
3.749748500E1,8.375051618E-1,-5.252597928E-1,1.453226507E-1
3.750750800E1,1.056486726E0,-4.464335442E-1,1.703638583E-2
3.751753100E1,1.528970480E0,-4.138468504E-1,-6.936507672E-2
3.752755400E1,1.808127165E0,-3.451592922E-1,-1.613565087E-1
3.753757700E1,1.606498241E0,-4.275518954E-1,-2.964757085E-1
3.754760000E1,1.305250764E0,-5.661079288E-1,-2.976261675E-1
3.755762300E1,1.464903355E0,-4.127545953E-1,-1.228975970E-2
3.756764600E1,1.820381403E0,-1.792793274E-1,3.094448447E-1
3.757766900E1,1.761807084E0,2.790027559E-1,5.035304427E-1
3.758769200E1,1.572377205E0,5.422083139E-1,6.434438825E-1
3.759771500E1,1.407085657E0,5.244471505E-2,7.659751177E-1
3.760773800E1,1.246270537E0,-1.127704978E0,7.986172438E-1
3.761776100E1,1.086323738E0,-2.297513723E0,7.816100717E-1
3.762778400E1,8.794837594E-1,-2.641766787E0,7.647799253E-1
3.763780700E1,7.229836583E-1,-2.092665672E0,7.077097297E-1
3.764783000E1,7.009875774E-1,-9.783682227E-1,5.978985429E-1
3.765785300E1,5.995054245E-1,2.927356660E-1,4.589326084E-1
3.766787600E1,4.894315600E-1,1.321490169E0,3.357984722E-1
3.767789900E1,3.563366234E-1,1.929053903E0,3.271453083E-1
3.768792200E1,2.220715284E-1,2.034287691E0,4.198865891E-1
3.769794500E1,2.679908276E-1,1.770954490E0,4.967773855E-1
3.770796800E1,3.234587610E-1,1.501692891E0,4.947115481E-1
3.771799100E1,3.514102399E-1,1.186808944E0,4.192761779E-1
3.772801400E1,3.896240890E-1,7.668766379E-1,2.668970227E-1
3.773803700E1,3.016737103E-1,2.334350646E-1,1.754150391E-1
3.774806000E1,2.469872683E-1,-1.895343661E-1,1.889559478E-1
3.775808300E1,2.355820239E-1,-2.774935365E-1,2.586362362E-1
3.776810600E1,9.661464393E-2,-6.995733082E-2,2.832013369E-1
3.777812900E1,-4.329798743E-2,2.805772424E-1,2.384463996E-1
3.778815200E1,-8.883377910E-2,7.402972579E-1,1.460560560E-1
3.779817500E1,-1.158424914E-1,1.324115872E0,1.809037477E-2
3.780819800E1,-1.006661505E-1,1.735408187E0,-1.296202391E-1
3.781822100E1,-8.508905768E-2,1.785812974E0,-2.199663669E-1
3.782824400E1,-1.270313263E-1,1.617129922E0,-2.263379246E-1
3.783826700E1,-1.688067317E-1,1.445329666E0,-2.422084957E-1
3.784829100E1,-2.124374509E-1,1.155121326E0,-3.251478076E-1
3.785831367E1,-2.735274434E-1,8.549806476E-1,-3.838065863E-1
3.786833667E1,-3.122323155E-1,6.321661472E-1,-3.787480891E-1
3.787835967E1,-3.438099325E-1,4.819787741E-1,-3.124846518E-1
3.788838267E1,-3.601073921E-1,3.379469216E-1,-2.050399482E-1
3.789840567E1,-3.664718270E-1,1.489972323E-1,-1.673101485E-1
3.790842867E1,-4.016332924E-1,-5.594713241E-2,-2.024592310E-1
3.791845167E1,-5.226255059E-1,-1.850308180E-1,-2.362789810E-1
3.792847467E1,-6.426544785E-1,-1.063321754E-1,-2.366298586E-1
3.793849767E1,-7.573363185E-1,2.196268179E-2,-2.272262275E-1
3.794852067E1,-8.621585369E-1,1.107881442E-1,-2.113059163E-1
3.795854367E1,-9.726884961E-1,1.752531528E-1,-1.856266409E-1
3.796856667E1,-1.099152446E0,1.990657151E-1,-1.230802536E-1
3.797858967E1,-1.272052646E0,1.927193999E-1,-6.528759841E-4
3.798861267E1,-1.280116439E0,1.570184827E-1,1.334662437E-1
3.799863567E1,-1.194228649E0,3.255270422E-1,1.574245691E-1
3.800865867E1,-1.262965202E0,6.563183665E-1,4.538050853E-3
3.801868167E1,-1.422401190E0,8.882194757E-1,-2.947573364E-1
3.802870467E1,-1.591119885E0,1.053704619E0,-6.781368256E-1
3.803872767E1,-1.441106319E0,1.239843607E0,-1.101206303E0
3.804875067E1,-1.339003563E0,1.559626579E0,-1.540332198E0
3.805877367E1,-1.598762989E0,1.869724035E0,-1.950823069E0
3.806879667E1,-2.305620193E0,1.958495259E0,-2.185739040E0
3.807881967E1,-2.755978107E0,1.854502559E0,-2.007183313E0
3.808884267E1,-2.911856413E0,1.253779173E0,-1.536612511E0
3.809886567E1,-3.034702539E0,2.569221556E-1,-1.180816054E0
3.810888867E1,-3.016934395E0,-5.768878460E-1,-1.149677992E0
3.811891167E1,-3.008790493E0,-9.712825418E-1,-1.458574533E0
3.812893467E1,-3.011350632E0,-1.056335449E0,-2.022124767E0
3.813895767E1,-2.945552111E0,-1.007290125E0,-2.651876211E0
3.814898067E1,-2.758511782E0,-9.633213878E-1,-3.129671097E0
3.815900367E1,-2.605084896E0,-9.804047942E-1,-3.340649366E0
3.816902667E1,-2.535625696E0,-8.802224398E-1,-3.228021383E0
3.817904967E1,-2.497796774E0,-7.523773909E-1,-2.874248743E0
3.818907267E1,-2.310211658E0,-6.177651882E-1,-2.538736582E0
3.819909567E1,-2.006147146E0,-4.698127210E-1,-2.369282961E0
3.820911867E1,-1.678756237E0,-6.168153286E-1,-2.298959255E0
3.821914167E1,-1.496665716E0,-8.175372481E-1,-2.156445503E0
3.822916467E1,-1.520792365E0,-8.130084276E-1,-1.900099158E0
3.823918767E1,-1.595026374E0,-6.186996698E-1,-1.586824298E0
3.824921067E1,-1.610437155E0,-4.298071861E-1,-1.347368956E0
3.825923367E1,-1.554242849E0,-2.640134394E-1,-1.298065662E0
3.826925667E1,-1.343057752E0,-9.813569486E-2,-1.370387912E0
3.827927967E1,-9.259808660E-1,9.473389387E-2,-1.435401559E0
3.828930267E1,-5.255603194E-1,2.932972014E-1,-1.427447796E0
3.829932667E1,-3.090509474E-1,2.164191902E-1,-1.341365337E0
3.830934967E1,-2.759199403E-2,-9.430786967E-2,-1.191743970E0
3.831937267E1,2.544881403E-1,-4.167974889E-1,-1.033092022E0
3.832939567E1,1.595645696E-1,-4.314281940E-1,-8.740478754E-1
3.833941867E1,1.483824998E-1,-3.556527197E-1,-6.870023012E-1
3.834944167E1,3.134730458E-1,-2.688850164E-1,-4.767692089E-1
3.835946467E1,3.897198737E-1,-2.930827737E-1,-2.799616158E-1
3.836948767E1,6.376565099E-1,-6.272096038E-1,-1.239988282E-1
3.837951067E1,1.005618572E0,-1.045343280E0,-1.036679894E-1
3.838953367E1,9.472984672E-1,-1.116836905E0,-1.820622087E-1
3.839955667E1,7.961981893E-1,-7.057313919E-1,-1.502520889E-1
3.840957967E1,7.169250846E-1,-1.208802760E-1,3.970680386E-2
3.841960267E1,5.088976026E-1,3.484422266E-1,3.441865444E-1
3.842962567E1,2.199813724E-1,5.081977844E-1,6.449852586E-1
3.843964867E1,2.356812358E-1,8.033192158E-1,8.229243159E-1
3.844967167E1,2.396927923E-1,1.227606416E0,8.087980747E-1
3.845969467E1,4.040322006E-1,1.654474139E0,5.963438749E-1
3.846971767E1,3.813562095E-1,1.859206080E0,3.124006391E-1
3.847974067E1,2.840589583E-1,1.587907553E0,1.019885242E-1
3.848976367E1,1.584209800E-1,1.034196615E0,3.312845901E-2
3.849978667E1,1.379828155E-1,5.006104708E-1,1.170457304E-1
3.850980967E1,1.652964205E-1,1.531466842E-1,1.987969726E-1
3.851983267E1,2.957628071E-1,1.095989421E-1,1.065125763E-1
3.852985567E1,2.399061471E-1,2.368770987E-1,-1.107173488E-1
3.853987867E1,2.872262299E-1,4.760457575E-1,-2.072103322E-1
3.854990167E1,2.788510025E-1,6.125620604E-1,-1.118399128E-1
3.855992467E1,3.438361287E-1,4.372381270E-1,7.976973057E-2
3.856994767E1,3.604080677E-1,1.185865477E-1,1.751594543E-1
3.857997067E1,3.784592450E-1,-5.095108226E-2,1.195180342E-1
3.858999367E1,5.485314727E-1,-1.918426305E-1,-1.553793345E-2
3.860001667E1,5.834929347E-1,-4.685812891E-1,-1.742511392E-1
3.861003967E1,4.220665693E-1,-7.867160439E-1,-2.440548688E-1
3.862006267E1,2.194793671E-1,-1.194796801E0,-8.774010092E-2
3.863008567E1,3.837776184E-2,-1.695889592E0,2.070737481E-1
3.864010867E1,-1.393165886E-1,-2.070827007E0,4.000879526E-1
3.865013167E1,-1.793268174E-1,-2.205695152E0,3.204453290E-1
3.866015467E1,6.443870813E-2,-2.149214745E0,2.121522836E-2
3.867017767E1,1.469621211E-1,-1.824198723E0,-4.321677685E-1
3.868020067E1,2.383535504E-1,-1.458406448E0,-9.185246229E-1
3.869022367E1,2.888467312E-1,-1.340697050E0,-1.226039767E0
3.870024667E1,3.407970071E-1,-1.659429312E0,-1.236354947E0
3.871026967E1,5.132615566E-1,-2.360595465E0,-1.097264767E0
3.872029267E1,7.940266728E-1,-3.052237511E0,-1.060882330E0
3.873031567E1,9.004223943E-1,-3.418339252E0,-1.186476350E0
3.874033867E1,7.619851232E-1,-3.440563917E0,-1.384714365E0
3.875036167E1,3.650352955E-1,-3.421604633E0,-1.568149447E0
3.876038467E1,2.656482458E-1,-3.343372107E0,-1.569913983E0
3.877040767E1,4.667140841E-1,-3.172188759E0,-1.291210294E0
3.878043167E1,5.744970441E-1,-2.810926914E0,-9.932100773E-1
3.879045467E1,6.814243197E-1,-2.340696335E0,-8.559529781E-1
3.880047767E1,6.934245229E-1,-2.172828913E0,-8.672376275E-1
3.881050067E1,5.467267036E-1,-2.367970943E0,-9.851813316E-1
3.882052367E1,4.124656022E-1,-2.576308966E0,-1.043727994E0
3.883054667E1,2.055143267E-1,-2.611419916E0,-1.008524776E0
3.884056967E1,1.018731445E-1,-2.027263641E0,-9.378560185E-1
3.885059300E1,9.622040391E-2,-1.234249234E0,-9.241156578E-1
3.886061600E1,1.731945947E-2,-8.489527702E-1,-1.037637472E0
3.887063900E1,-1.566321701E-1,-7.389017940E-1,-1.146173716E0
3.888066200E1,-2.566141784E-1,-5.461975932E-1,-1.170421839E0
3.889068500E1,-3.730726540E-1,-2.104889154E-1,-1.181568265E0
3.890070800E1,-6.060371399E-1,1.144082174E-1,-1.139802098E0
3.891073100E1,-7.814224362E-1,3.858708143E-1,-9.411966205E-1
3.892075400E1,-7.978913784E-1,7.020626068E-1,-6.690825224E-1
3.893077700E1,-8.446065187E-1,1.007989883E0,-5.273585916E-1
3.894080000E1,-8.799535632E-1,1.274593353E0,-5.629922152E-1
3.895082300E1,-9.350127578E-1,1.437440038E0,-6.465136409E-1
3.896084600E1,-9.839240909E-1,1.491573811E0,-6.945003271E-1
3.897086900E1,-8.992896080E-1,1.416090608E0,-8.498905301E-1
3.898089200E1,-7.357653975E-1,1.130785346E0,-1.127297640E0
3.899091500E1,-7.817763686E-1,8.187310696E-1,-1.374260068E0
3.900093800E1,-6.804817319E-1,6.583677530E-1,-1.510200500E0
3.901096100E1,-5.705308914E-1,7.016103268E-1,-1.556239128E0
3.902098400E1,-6.045586467E-1,8.507348299E-1,-1.584793806E0
3.903100700E1,-5.987297893E-1,9.535505772E-1,-1.632629514E0
3.904103000E1,-5.522807837E-1,1.058622956E0,-1.655872583E0
3.905105300E1,-4.916531444E-1,9.940201640E-1,-1.692499161E0
3.906107600E1,-3.987045586E-1,8.880841732E-1,-1.776208639E0
3.907109900E1,-4.334760606E-1,8.523962498E-1,-1.864841104E0
3.908112200E1,-3.767890930E-1,7.958549857E-1,-1.889142990E0
3.909114500E1,-3.263590038E-1,8.142117858E-1,-1.809054255E0
3.910116800E1,-3.421438038E-1,1.063322306E0,-1.715840101E0
3.911119100E1,-3.146080077E-1,1.451424599E0,-1.622898698E0
3.912121400E1,-1.445675492E-1,1.801366568E0,-1.478436112E0
3.913123700E1,-8.589823544E-2,1.855208397E0,-1.332980633E0
3.914126000E1,-1.720119640E-2,1.745479465E0,-1.146906137E0
3.915128300E1,1.027835608E-1,1.693912864E0,-9.033134580E-1
3.916130600E1,1.498488188E-1,1.832963705E0,-6.432752609E-1
3.917132900E1,2.137968987E-1,1.895062447E0,-3.832138479E-1
3.918135200E1,4.002378583E-1,1.982553482E0,-2.408188730E-1
3.919137500E1,4.986912012E-1,2.126975536E0,-2.484463900E-1
3.920139800E1,5.728616118E-1,1.978760123E0,-3.134166002E-1
3.921142100E1,7.667530179E-1,1.593315601E0,-3.274113536E-1
3.922144400E1,9.450916052E-1,1.066345215E0,-2.618936002E-1
3.923146700E1,9.969931245E-1,5.268384814E-1,-1.647778898E-1
3.924149100E1,1.017909884E0,9.140557051E-2,-8.828472346E-2
3.925151300E1,1.022867322E0,-1.447402537E-1,-7.642263174E-2
3.926153700E1,1.021318197E0,-2.866308093E-1,-1.199107245E-1
3.927156000E1,7.839853168E-1,-2.347521484E-1,-2.613194883E-1
3.928158300E1,8.117889762E-1,3.187573850E-1,-4.644686282E-1
3.929160600E1,8.759106398E-1,6.764433980E-1,-6.820062995E-1
3.930162900E1,7.324339151E-1,6.363548040E-1,-7.881343365E-1
3.931165200E1,7.890803814E-1,3.061308563E-1,-6.732667685E-1
3.932167500E1,7.432713509E-1,-1.949088275E-1,-5.048452616E-1
3.933169800E1,6.447441578E-1,-7.609155774E-1,-2.979812324E-1
3.934172100E1,7.137016654E-1,-1.167628765E0,-9.866894037E-2
3.935174400E1,7.085530162E-1,-1.270523667E0,-4.241282493E-2
3.936176700E1,8.061459064E-1,-1.068965793E0,-9.629869461E-2
3.937179000E1,8.314628601E-1,-6.706029177E-1,-2.366459668E-1
3.938181300E1,7.551580071E-1,-5.530144572E-1,-2.599291801E-1
3.939183600E1,5.914977193E-1,-5.131778121E-1,-1.590655446E-1
3.940185900E1,4.793189764E-1,-2.878440619E-1,1.969142072E-2
3.941188200E1,3.555120230E-1,-5.059530139E-1,1.874076873E-1
3.942190500E1,3.643465340E-1,-1.022120476E0,2.761165202E-1
3.943192800E1,4.071050882E-1,-1.460983872E0,3.605013192E-1
3.944195100E1,3.817786872E-1,-1.498455882E0,4.507054985E-1
3.945197400E1,4.360440075E-1,-1.056987286E0,5.924126506E-1
3.946199700E1,3.162592947E-1,-5.317292213E-1,8.462383151E-1
3.947202000E1,7.901781052E-2,-2.404568940E-1,1.194759369E0
3.948204300E1,-1.794241369E-1,-2.672941089E-1,1.483012199E0
3.949206600E1,-4.463921487E-1,-4.809922576E-1,1.590063334E0
3.950208900E1,-6.362712979E-1,-7.969533801E-1,1.670683622E0
3.951211200E1,-7.020846605E-1,-8.104673028E-1,1.760186791E0
3.952213500E1,-6.167801619E-1,-3.833394051E-1,1.806415915E0
3.953215800E1,-6.820997000E-1,-3.279847652E-2,1.778194547E0
3.954218100E1,-6.459867358E-1,-2.557012439E-2,1.743616819E0
3.955220400E1,-8.321192265E-1,-5.168011785E-1,1.680876017E0
3.956222700E1,-9.818306565E-1,-7.155587077E-1,1.659238935E0
3.957225000E1,-1.085407019E0,-6.142429709E-1,1.727312922E0
3.958227300E1,-1.197149038E0,-7.057289481E-1,1.821012974E0
3.959229600E1,-1.226376295E0,-7.069031596E-1,1.873522639E0
3.960231900E1,-1.333925962E0,-8.862351179E-1,1.799011111E0
3.961234200E1,-1.334485292E0,-1.087495208E0,1.614846945E0
3.962236500E1,-1.243944287E0,-1.295753121E0,1.463466763E0
3.963238800E1,-1.266779900E0,-1.456455469E0,1.433390737E0
3.964241100E1,-1.325945497E0,-1.137888432E0,1.558098555E0
3.965243400E1,-1.277334809E0,-5.579296350E-1,1.728624225E0
3.966245700E1,-1.293687463E0,-1.348321438E-1,1.800322294E0
3.967248000E1,-1.205875158E0,1.778760850E-1,1.807991147E0
3.968250300E1,-1.111906052E0,2.695777714E-1,1.744560838E0
3.969252600E1,-9.778154492E-1,-5.367989466E-2,1.566734552E0
3.970254900E1,-7.671751380E-1,-4.756385982E-1,1.357046843E0
3.971257200E1,-6.705953479E-1,-1.001783609E0,1.234779596E0
3.972259500E1,-4.693709612E-1,-1.238746524E0,1.151373386E0
3.973261800E1,-5.545168519E-1,-1.175953269E0,1.023176789E0
3.974264100E1,-8.814206719E-1,-1.208973289E0,9.375301003E-1
3.975266400E1,-9.434289336E-1,-1.093379736E0,1.031379819E0
3.976268700E1,-9.900746942E-1,-6.945343018E-1,1.253063202E0
3.977271100E1,-1.044740200E0,-1.278552413E-1,1.349221587E0
3.978273400E1,-8.893026114E-1,4.603449106E-1,1.291820884E0
3.979275700E1,-7.584898472E-1,7.960491776E-1,1.178502083E0
3.980278000E1,-7.858375907E-1,7.221645713E-1,1.075737715E0
3.981280300E1,-6.879454851E-1,4.618953466E-1,1.037164807E0
3.982282600E1,-5.388683677E-1,7.640118897E-2,9.956057072E-1
3.983284900E1,-4.971847534E-1,-2.890906036E-1,8.358080983E-1
3.984287200E1,-3.136447668E-1,-4.582061172E-1,6.040595174E-1
3.985289475E1,-1.152262688E-1,-5.750005841E-1,4.087040126E-1
3.986291775E1,-5.044380575E-2,-8.980332017E-1,2.616309226E-1
3.987294075E1,4.927834496E-2,-1.073650002E0,2.000627071E-1
3.988296375E1,-2.737541683E-2,-1.161843538E0,2.061469555E-1
3.989298675E1,-6.300265342E-2,-1.117761731E0,1.968912035E-1
3.990300975E1,-4.193358868E-2,-8.508094549E-1,1.969279647E-1
3.991303275E1,-1.575981975E-1,-3.432019949E-1,3.793400228E-1
3.992305575E1,-1.902956814E-1,3.215869367E-1,7.119587064E-1
3.993307875E1,-2.864840813E-2,6.132332087E-1,9.725546241E-1
3.994310175E1,1.602691598E-2,2.808278203E-1,9.567391872E-1
3.995312475E1,1.246918514E-1,-3.609369695E-1,7.215907574E-1
3.996314775E1,1.650483310E-1,-7.933426499E-1,5.457611680E-1
3.997317075E1,-3.765764460E-2,-1.165104628E0,4.145402610E-1
3.998319375E1,9.515327401E-4,-1.110645056E0,4.028455019E-1
3.999321675E1,-1.003068313E-1,-5.281221271E-1,5.841750503E-1
4.000323975E1,-2.101851255E-1,2.590826750E-1,8.204551935E-1
4.001326275E1,-1.056706682E-1,7.765965462E-1,9.670861959E-1
4.002328575E1,-1.023632884E-1,9.705172777E-1,1.041265368E0
4.003330875E1,-8.004321903E-2,8.217393756E-1,9.214189053E-1
4.004333175E1,2.482567541E-2,2.389888614E-1,6.135121584E-1
4.005335475E1,3.306288645E-2,-3.482207358E-1,3.423393667E-1
4.006337775E1,7.189212833E-3,-7.116777897E-1,2.558897138E-1
4.007340075E1,9.884231538E-2,-7.868748903E-1,3.130326271E-1
4.008342375E1,1.074224934E-1,-6.038547158E-1,5.361357331E-1
4.009344675E1,7.459504157E-2,-1.150686368E-1,8.770036697E-1
4.010346975E1,1.365281790E-1,5.494046807E-1,1.068943858E0
4.011349275E1,8.596993983E-3,1.040944457E0,1.094995141E0
4.012351575E1,-7.970117033E-2,1.181074381E0,1.012217402E0
4.013353875E1,-4.743940756E-2,9.097834229E-1,7.083004117E-1
4.014356175E1,-5.735648796E-2,3.239210546E-1,2.377885729E-1
4.015358475E1,-4.281654209E-2,-1.552809775E-1,-8.045886457E-2
4.016360775E1,4.118221998E-2,-4.304542243E-1,-1.590615362E-1
4.017363075E1,1.984729171E-1,-7.129091620E-1,-1.355132908E-1
4.018365375E1,2.249524593E-1,-8.609406948E-1,-3.012320772E-2
4.019367675E1,2.227108926E-1,-7.218828797E-1,1.447322816E-1
4.020369975E1,2.457525581E-1,-4.539552927E-1,2.870263159E-1
4.021372275E1,1.785494983E-1,-3.018851578E-1,3.538172543E-1
4.022374575E1,1.189532727E-1,-2.051961571E-1,3.878031671E-1
4.023376875E1,9.577364475E-2,-1.052310094E-1,3.659926057E-1
4.024379175E1,1.346701831E-1,-1.535358839E-2,2.921682000E-1
4.025381475E1,5.608784035E-2,1.683949083E-1,3.020280898E-1
4.026383775E1,-8.232835680E-2,4.704738259E-1,4.424195588E-1
4.027386075E1,-6.467194855E-2,6.850421429E-1,5.994578600E-1
4.028388375E1,-2.875629626E-2,7.323345542E-1,6.562330127E-1
4.029390675E1,5.633099005E-2,5.742224455E-1,5.480270386E-1
4.030392975E1,1.641080528E-1,2.484563440E-1,3.233832717E-1
4.031395275E1,1.267679334E-1,-9.435092658E-2,5.296364799E-2
4.032397575E1,7.827736437E-2,-3.465541303E-1,-1.438303739E-1
4.033399875E1,1.221545413E-1,-4.388934076E-1,-2.021812946E-1
4.034402175E1,1.100632548E-1,-4.182352424E-1,-1.678374410E-1
4.035404475E1,1.111522764E-1,-3.110421300E-1,-4.413804784E-2
4.036406775E1,8.789036423E-2,-7.937747240E-2,1.671084166E-1
4.037409175E1,-7.102693617E-2,2.236950845E-1,3.722383380E-1
4.038411475E1,-1.692294031E-1,5.081709623E-1,5.185832977E-1
4.039413775E1,-1.682798862E-1,6.924742460E-1,6.059270501E-1
4.040416075E1,-1.893127412E-1,7.135805488E-1,5.431225300E-1
4.041418375E1,-8.434114605E-2,6.498567462E-1,3.808976114E-1
4.042420675E1,6.013507769E-2,6.604172587E-1,2.647230625E-1
4.043422975E1,1.110994369E-1,7.228379250E-1,2.549687624E-1
4.044425275E1,6.597003341E-2,5.813854933E-1,2.885008752E-1
4.045427575E1,-6.421089917E-2,2.575767934E-1,2.531057298E-1
4.046429875E1,4.616274685E-2,3.807930648E-2,9.753956646E-2
4.047432175E1,2.059214860E-1,1.408229116E-3,-1.582879275E-1
4.048434475E1,3.133821487E-1,2.931990921E-1,-2.728374302E-1
4.049436775E1,3.277646899E-1,6.798495650E-1,-1.640216708E-1
4.050439075E1,3.731926680E-1,8.655030131E-1,4.040256888E-2
4.051441375E1,3.742496669E-1,8.678969145E-1,1.790521592E-1
4.052443675E1,4.454788566E-1,8.984380364E-1,2.195338160E-1
4.053445975E1,4.703923464E-1,9.848970175E-1,1.581735015E-1
4.054448275E1,5.263227224E-1,1.036298156E0,6.615196168E-2
4.055450575E1,4.900970757E-1,9.178106189E-1,1.070921496E-2
4.056452875E1,5.006288290E-1,6.413348317E-1,-5.366157740E-3
4.057455175E1,5.643835664E-1,3.371749520E-1,-2.435434610E-2
4.058457475E1,5.601784587E-1,1.173650995E-1,-9.271742404E-2
4.059459775E1,5.057334900E-1,-1.116638165E-2,-1.669396758E-1
4.060462075E1,4.958182275E-1,-1.864247620E-1,-1.984760165E-1
4.061464375E1,4.645701945E-1,-1.844063848E-1,-2.139637619E-1
4.062466675E1,3.932968080E-1,1.358933300E-1,-1.873782277E-1
4.063468975E1,4.001241326E-1,3.736695349E-1,-1.337466985E-1
4.064471275E1,3.669515252E-1,3.417358398E-1,-1.909998655E-1
4.065473575E1,3.599861264E-1,2.810030878E-1,-3.056473732E-1
4.066475875E1,3.813915551E-1,6.933905184E-2,-4.479390085E-1
4.067478175E1,3.612687588E-1,-2.290039212E-1,-6.288856864E-1
4.068480475E1,4.814092815E-1,-4.734709263E-1,-7.799332738E-1
4.069482775E1,5.633366704E-1,-8.339580894E-1,-9.100202918E-1
4.070485075E1,5.330706835E-1,-1.154723644E0,-9.736314416E-1
4.071487375E1,5.540820956E-1,-1.193559289E0,-8.964985609E-1
4.072489675E1,5.146737099E-1,-1.116413951E0,-7.282741666E-1
4.073491975E1,5.127625465E-1,-9.694654346E-1,-5.088135004E-1
4.074494275E1,6.007957458E-1,-8.224567771E-1,-3.186664581E-1
4.075496575E1,5.567317009E-1,-5.791739225E-1,-2.786645293E-1
4.076498875E1,5.221556425E-1,-1.962217391E-1,-3.352755904E-1
4.077501175E1,4.526793063E-1,3.766235709E-2,-4.022871554E-1
4.078503475E1,3.571796715E-1,7.206080854E-2,-4.225543439E-1
4.079505775E1,3.330608308E-1,-6.338977814E-2,-4.070475399E-1
4.080508075E1,3.121563494E-1,-3.100557625E-1,-4.269735813E-1
4.081510375E1,3.173582256E-1,-2.978063226E-1,-4.549813867E-1
4.082512675E1,3.678592145E-1,-3.052401915E-2,-4.116560221E-1
4.083514975E1,3.398882449E-1,1.404417008E-1,-3.548168242E-1
4.084517275E1,3.966316879E-1,2.588575780E-1,-3.390098810E-1
4.085519675E1,4.615156949E-1,2.362671494E-1,-3.117642701E-1
4.086521975E1,4.916573465E-1,9.368922561E-2,-3.018224239E-1
4.087524275E1,6.444335580E-1,6.745980680E-2,-3.656259477E-1
4.088526575E1,4.762589335E-1,-1.819817126E-1,-5.256528854E-1
4.089528875E1,3.911780715E-1,-5.687258840E-1,-6.351068020E-1
4.090531175E1,3.009829223E-1,-8.991056681E-1,-6.142705083E-1
4.091533475E1,3.104797900E-1,-1.290916681E0,-5.504803061E-1
4.092535775E1,5.901327729E-1,-1.118403435E0,-4.392637610E-1
4.093538075E1,5.827099085E-1,-5.022884011E-1,-3.157680929E-1
4.094540375E1,5.854721069E-1,1.700886488E-1,-1.056111380E-1
4.095542675E1,5.974166989E-1,5.474823117E-1,1.585566550E-1
4.096544975E1,5.142757297E-1,3.845837116E-1,3.405048847E-1
4.097547275E1,4.843699336E-1,3.114661872E-1,3.476982117E-1
4.098549575E1,4.353211820E-1,1.826147288E-1,2.432903200E-1
4.099551875E1,6.074548960E-1,-4.534371495E-1,6.337519735E-3
4.100554175E1,6.857392788E-1,-1.123538733E0,-2.288353145E-1
4.101556475E1,8.563247323E-1,-1.178151131E0,-3.120336831E-1
4.102558775E1,1.096321821E0,-8.143180609E-1,-3.027831912E-1
4.103561075E1,1.124989271E0,-6.883587241E-1,-3.010382354E-1
4.104563375E1,1.227459908E0,-5.347915292E-1,-2.397402525E-1
4.105565675E1,1.395221114E0,1.906220913E-1,3.981503099E-2
4.106567975E1,1.176573992E0,6.945451498E-1,3.814282715E-1
4.107570375E1,1.110239148E0,7.518295646E-1,5.550264716E-1
4.108572675E1,1.144773364E0,4.232794046E-1,5.154953003E-1
4.109574975E1,1.075776815E0,-1.730124950E-1,3.140622377E-1
4.110577275E1,1.143971324E0,-2.712077796E-1,1.159052029E-1
4.111579575E1,1.084407568E0,-5.031092167E-1,-9.236277081E-3
4.112581875E1,1.258697391E0,-6.951345801E-1,-7.784942538E-2
4.113584175E1,1.407017350E0,-3.973589540E-1,-6.277131289E-2
4.114586475E1,1.247642159E0,1.020204946E-1,-4.688741639E-2
4.115588775E1,1.273317456E0,8.992605209E-1,1.146660298E-1
4.116591075E1,1.197739363E0,1.268013239E0,4.178179204E-1
4.117593375E1,1.188506961E0,1.116696954E0,7.166242003E-1
4.118595675E1,1.322780132E0,9.972106814E-1,9.589247108E-1
4.119597975E1,1.256471753E0,8.065525293E-1,1.039536834E0
4.120600275E1,1.319493532E0,6.266243458E-1,9.615753889E-1
4.121602575E1,1.309000015E0,4.251086712E-1,8.726339936E-1
4.122604875E1,1.383207321E0,2.609362304E-1,7.861883044E-1
4.123607175E1,1.473320842E0,5.163550377E-1,7.833072543E-1
4.124609475E1,1.288233042E0,9.881670475E-1,8.150169849E-1
4.125611775E1,1.348907948E0,1.235418797E0,8.371107578E-1
4.126614075E1,1.396540761E0,1.085863113E0,8.952158689E-1
4.127616375E1,1.530010223E0,5.738980174E-1,9.793985486E-1
4.128618675E1,1.721795917E0,1.649363637E-1,1.067437887E0
4.129620975E1,1.769676805E0,2.555731311E-2,1.041004419E0
4.130623275E1,1.636399746E0,-3.096481785E-2,9.323073030E-1
4.131625575E1,1.373511434E0,-2.064057887E-1,8.963674307E-1
4.132627875E1,1.350085735E0,-4.714768827E-1,9.780700207E-1
4.133630175E1,1.338242292E0,-3.107893169E-1,1.126621604E0
4.134632475E1,1.443527699E0,7.593523711E-2,1.233086824E0
4.135634775E1,1.624891639E0,5.949619412E-1,1.170411348E0
4.136637075E1,1.488347054E0,1.424776077E0,1.081498504E0
4.137639375E1,1.384015799E0,1.898148417E0,1.109211683E0
4.138641675E1,1.363646865E0,1.918774128E0,1.252004266E0
4.139643975E1,1.252768993E0,1.687076688E0,1.444527388E0
4.140646275E1,1.184388399E0,1.270444036E0,1.586905479E0
4.141648575E1,1.223093152E0,1.043225288E0,1.639752030E0
4.142650875E1,1.169838190E0,1.175540924E0,1.636074543E0
4.143653175E1,1.083963633E0,1.356102109E0,1.599273205E0
4.144655475E1,1.026726127E0,1.410201073E0,1.579889417E0
4.145657775E1,9.509289265E-1,1.497339368E0,1.643927336E0
4.146660075E1,8.208598495E-1,1.935836792E0,1.682126403E0
4.147662375E1,8.021947742E-1,2.506067991E0,1.626464009E0
4.148664675E1,6.916967034E-1,2.841589928E0,1.552515745E0
4.149666975E1,4.601383805E-1,2.786075592E0,1.544615388E0
4.150669275E1,2.767030299E-1,2.634265900E0,1.638516903E0
4.151671575E1,1.734300405E-1,2.683295250E0,1.728771448E0
4.152673875E1,2.803556621E-1,3.016660929E0,1.706100583E0
4.153676175E1,3.947805166E-1,3.322223186E0,1.558213115E0
4.154678475E1,4.499974251E-1,3.648195505E0,1.337767839E0
4.155680775E1,4.456796944E-1,3.786651373E0,1.095684767E0
4.156683075E1,4.385277629E-1,3.437119246E0,9.928648472E-1
4.157685375E1,2.934499681E-1,2.647212982E0,1.023303390E0
4.158687675E1,5.260620266E-2,1.555944324E0,1.111181855E0
4.159689975E1,-1.715988815E-1,6.316238642E-1,1.214181900E0
4.160692275E1,-3.431834280E-1,1.180505678E-1,1.283615828E0
4.161694575E1,-3.791038692E-1,-1.049813852E-1,1.307880282E0
4.162696875E1,-2.248333395E-1,-9.715116024E-2,1.267598867E0
4.163699175E1,-1.081517562E-1,-3.050655872E-2,1.191305399E0
4.164701475E1,3.283332661E-2,2.025202960E-1,1.161280155E0
4.165703775E1,2.163732946E-1,7.356377244E-1,1.098091125E0
4.166706075E1,3.561239839E-1,1.140787363E0,9.326457381E-1
4.167708375E1,3.351379037E-1,1.293128490E0,7.400475144E-1
4.168710675E1,2.155987322E-1,1.138631940E0,6.849661469E-1
4.169712975E1,7.648704201E-2,8.249840736E-1,8.090241551E-1
4.170715275E1,-6.908374280E-2,6.405233741E-1,9.328989387E-1
4.171717575E1,-1.934694946E-1,6.355769634E-1,9.312875271E-1
4.172719875E1,-2.814025581E-1,8.339997530E-1,8.717600107E-1
4.173722175E1,-4.004109800E-1,1.216321588E0,7.813504934E-1
4.174724475E1,-4.270282090E-1,1.716532469E0,6.840697527E-1
4.175726775E1,-3.915543556E-1,2.194086313E0,6.098960042E-1
4.176729075E1,-3.456334472E-1,2.421560526E0,5.087736249E-1
4.177731375E1,-2.554557323E-1,2.424924612E0,4.764705002E-1
4.178733675E1,-2.493059486E-1,2.228477478E0,5.530779362E-1
4.179735975E1,-2.834332585E-1,1.731878638E0,6.445288062E-1
4.180738275E1,-3.166250288E-1,1.055071592E0,7.107922435E-1
4.181740575E1,-3.037788868E-1,4.001638889E-1,6.871804595E-1
4.182742875E1,-2.716598213E-1,-2.566517889E-2,5.854455829E-1
4.183745175E1,-2.292523533E-1,-1.821846515E-1,4.779554605E-1
4.184747475E1,-2.422573566E-1,-2.143703774E-2,3.208036721E-1
4.185749625E1,-2.842204571E-1,3.490155637E-1,1.478103846E-1
4.186751925E1,-3.156358600E-1,7.009134293E-1,7.024155557E-2
4.187754225E1,-2.846972346E-1,9.748671651E-1,1.058992967E-1
4.188756525E1,-1.983982921E-1,1.145242095E0,2.008630931E-1
4.189758825E1,-5.962760001E-2,1.230394602E0,2.332747579E-1
4.190761125E1,1.304760277E-1,1.205897212E0,2.468209267E-1
4.191763425E1,3.075256944E-1,1.006627679E0,2.738638222E-1
4.192765725E1,4.700927734E-1,6.618726850E-1,3.371922076E-1
4.193768025E1,5.742508769E-1,2.119337022E-1,4.176112413E-1
4.194770325E1,5.937151313E-1,-2.565890551E-1,5.083667040E-1
4.195772625E1,5.976729393E-1,-7.012145519E-1,6.462335587E-1
4.196774925E1,6.038810015E-1,-1.072143435E0,8.110944033E-1
4.197777225E1,6.316784024E-1,-1.363215089E0,9.110133052E-1
4.198779525E1,6.630480289E-1,-1.524016738E0,8.934695125E-1
4.199781825E1,6.718938947E-1,-1.494394183E0,8.224350214E-1
4.200784125E1,7.406098247E-1,-1.406422496E0,8.115695715E-1
4.201786425E1,8.156294227E-1,-1.366757631E0,8.527317047E-1
4.202788725E1,8.647895455E-1,-1.443666816E0,8.647580147E-1
4.203791025E1,8.397038579E-1,-1.580874681E0,8.705483079E-1
4.204793325E1,7.700096965E-1,-1.659159899E0,9.286137223E-1
4.205795625E1,7.202361822E-1,-1.606072068E0,1.017145991E0
4.206797925E1,7.962872386E-1,-1.571081877E0,1.054546356E0
4.207800225E1,8.810101748E-1,-1.592539907E0,9.490517974E-1
4.208802525E1,8.785334826E-1,-1.519130707E0,7.953029871E-1
4.209804825E1,8.430584073E-1,-1.319699168E0,7.601636052E-1
4.210807125E1,8.056207895E-1,-1.060949802E0,8.263871074E-1
4.211809525E1,7.606586218E-1,-8.092998266E-1,9.083809257E-1
4.212811725E1,7.356392741E-1,-6.250021458E-1,9.747373462E-1
4.213814025E1,7.184870839E-1,-5.263712406E-1,1.000689030E0
4.214816425E1,6.687533259E-1,-4.594992995E-1,9.568315148E-1
4.215818725E1,6.358760595E-1,-4.696327746E-1,8.638198376E-1
4.216821025E1,6.442061663E-1,-5.619552135E-1,8.312288523E-1
4.217823325E1,6.764549613E-1,-6.958515644E-1,8.675398231E-1
4.218825625E1,7.138867974E-1,-8.714628220E-1,9.120731950E-1
4.219827925E1,6.979328990E-1,-9.494335651E-1,8.993802071E-1
4.220830225E1,6.894747019E-1,-8.875571489E-1,8.281813860E-1
4.221832525E1,7.296022177E-1,-7.952248454E-1,7.787811160E-1
4.222834825E1,7.701898813E-1,-6.315722466E-1,8.107947111E-1
4.223837125E1,7.524321079E-1,-4.454666078E-1,9.056171775E-1
4.224839425E1,7.071647644E-1,-3.555960953E-1,1.008445740E0
4.225841725E1,6.262351274E-1,-3.470615745E-1,1.061147094E0
4.226844025E1,5.765304565E-1,-3.685652614E-1,1.063898921E0
4.227846325E1,6.583017707E-1,-6.312986612E-1,1.048754096E0
4.228848625E1,6.961684227E-1,-1.114320159E0,1.045820355E0
4.229850925E1,6.621716619E-1,-1.510651350E0,1.006766796E0
4.230853225E1,6.059827209E-1,-1.685396791E0,9.874809980E-1
4.231855525E1,5.749550462E-1,-1.773043156E0,1.028151751E0
4.232857825E1,5.373152494E-1,-1.959718823E0,9.891406894E-1
4.233860125E1,5.683431625E-1,-2.025677204E0,9.013935328E-1
4.234862425E1,6.467671394E-1,-1.622306824E0,8.931936622E-1
4.235864725E1,6.181781292E-1,-1.144573569E0,8.778788447E-1
4.236867025E1,5.533030033E-1,-8.721098304E-1,8.450742960E-1
4.237869325E1,5.615885854E-1,-8.269864321E-1,8.542972803E-1
4.238871625E1,5.808853507E-1,-9.624974132E-1,8.472649455E-1
4.239873925E1,5.502384901E-1,-1.038843036E0,7.665232420E-1
4.240876225E1,5.691874027E-1,-9.067320228E-1,6.976442933E-1
4.241878525E1,5.593735576E-1,-6.657252908E-1,6.951615810E-1
4.242880825E1,5.510687232E-1,-5.915759802E-1,6.523909569E-1
4.243883125E1,5.429978371E-1,-6.131364703E-1,6.142438650E-1
4.244885425E1,5.450040102E-1,-7.033904195E-1,5.970236063E-1
4.245887725E1,5.636978745E-1,-9.213394523E-1,5.828681588E-1
4.246890025E1,6.190333366E-1,-1.145023942E0,5.416371226E-1
4.247892325E1,6.865367293E-1,-1.171645045E0,5.362032652E-1
4.248894625E1,7.530329227E-1,-1.160681367E0,5.683947802E-1
4.249896925E1,7.345408201E-1,-1.292108655E0,5.478152633E-1
4.250899225E1,6.463566422E-1,-1.496504903E0,4.521287382E-1
4.251901525E1,5.620119572E-1,-1.749285936E0,3.914763927E-1
4.252903825E1,4.870157242E-1,-1.996350527E0,4.834467769E-1
4.253906125E1,4.249811471E-1,-2.063727379E0,6.356866956E-1
4.254908425E1,4.092205465E-1,-1.800629973E0,5.804777741E-1
4.255910725E1,4.494774640E-1,-1.410649300E0,3.762499690E-1
4.256913025E1,5.767204165E-1,-1.131157517E0,2.421203852E-1
4.257915325E1,5.710995197E-1,-5.773056746E-1,-9.923727065E-2
4.258917625E1,6.021983027E-1,-1.107909679E-1,-2.670872509E-1
4.259919925E1,5.624523163E-1,-3.826763947E-3,-3.130978644E-1
4.260922225E1,4.952572584E-1,-2.047867626E-1,-2.486155331E-1
4.261924525E1,4.195677042E-1,-4.573210776E-1,-1.815853864E-1
4.262926825E1,3.922306299E-1,-5.334198475E-1,-4.216464236E-2
4.263929125E1,3.528765142E-1,-4.025162458E-1,7.073206455E-2
4.264931425E1,3.591898084E-1,-1.757142544E-1,1.179528385E-1
4.265933725E1,4.561347365E-1,6.209159642E-2,1.721159816E-1
4.266936025E1,5.027731061E-1,5.566534121E-3,2.252127528E-1
4.267938325E1,4.812574089E-1,-4.135325253E-1,2.255631685E-1
4.268940625E1,4.480376840E-1,-9.155580401E-1,2.468644530E-1
4.269942925E1,4.882512093E-1,-1.210627317E0,3.489843607E-1
4.270945225E1,6.423326731E-1,-1.376263142E0,4.889651537E-1
4.271947525E1,6.681374907E-1,-1.574052572E0,5.908101797E-1
4.272949825E1,5.409843326E-1,-1.865733862E0,6.074746251E-1
4.273952125E1,3.192324936E-1,-2.140159130E0,6.058989763E-1
4.274954425E1,1.277568191E-1,-2.226722956E0,6.671985984E-1
4.275956725E1,5.569736287E-2,-2.216923237E0,7.918521762E-1
4.276959025E1,9.328015894E-2,-2.207939863E0,9.099242091E-1
4.277961325E1,1.409145296E-1,-2.227711678E0,9.151290059E-1
4.278963625E1,1.534686685E-1,-2.277249336E0,8.582790494E-1
4.279965925E1,1.253745705E-1,-2.373238564E0,9.111377597E-1
4.280968225E1,3.991878778E-2,-2.435407877E0,9.888253808E-1
4.281970525E1,-2.446123771E-2,-2.196143150E0,9.744393826E-1
4.282972825E1,-3.210051358E-2,-1.679607630E0,9.647745490E-1
4.283975125E1,-8.958514780E-2,-1.284734011E0,9.656594396E-1
4.284977425E1,-1.367726326E-1,-1.091245770E0,9.389500618E-1
4.285979762E1,-2.239827514E-1,-1.113719463E0,8.800651431E-1
4.286982062E1,-3.368869424E-1,-1.428486943E0,7.368876934E-1
4.287984363E1,-3.889504969E-1,-1.600225329E0,5.976854563E-1
4.288986662E1,-4.560341835E-1,-1.340042949E0,5.468081236E-1
4.289988962E1,-5.282666683E-1,-7.879900932E-1,4.827737808E-1
4.290991262E1,-5.592041016E-1,-2.750639319E-1,4.527713954E-1
4.291993562E1,-6.029959321E-1,-3.912005108E-3,4.072361588E-1
4.292995862E1,-6.624286175E-1,-1.163400114E-1,2.740549147E-1
4.293998162E1,-6.969061494E-1,-1.423601508E-1,7.375793904E-2
4.295000462E1,-7.220229506E-1,1.828736067E-1,-1.071766913E-1
4.296002762E1,-8.011187315E-1,8.394377828E-1,-2.679778039E-1
4.297005062E1,-9.969478846E-1,1.813196301E0,-4.407575727E-1
4.298007362E1,-1.268790245E0,3.132916927E0,-6.108254790E-1
4.299009662E1,-1.367338657E0,4.496191978E0,-6.944493055E-1
4.300011962E1,-1.610036135E0,5.509813309E0,-8.915737867E-1
4.301014262E1,-1.643826604E0,6.209182739E0,-1.142988920E0
4.302016562E1,-1.557789683E0,6.495571136E0,-1.333637238E0
4.303018862E1,-1.454375744E0,6.109414101E0,-1.361593485E0
4.304021162E1,-1.395612717E0,4.895453453E0,-1.194467306E0
4.305023462E1,-1.258257508E0,3.132697821E0,-8.449807167E-1
4.306025762E1,-1.003517628E0,1.341477513E0,-3.678743243E-1
4.307028062E1,-9.053792953E-1,-5.510494113E-1,1.753921360E-1
4.308030362E1,-1.044953585E0,-2.178119898E0,3.608479798E-1
4.309032662E1,-1.095751524E0,-2.895445585E0,2.697066367E-1
4.310034962E1,-1.026942492E0,-3.190410137E0,1.167831197E-1
4.311037262E1,-9.809073210E-1,-3.302031040E0,-1.104114205E-1
4.312039563E1,-9.918428659E-1,-2.943423510E0,-3.831229508E-1
4.313041862E1,-1.071022630E0,-2.219898462E0,-6.409605742E-1
4.314044162E1,-1.080817699E0,-1.460219145E0,-8.430783749E-1
4.315046462E1,-1.040653467E0,-8.516710997E-1,-9.828826189E-1
4.316048762E1,-9.950439334E-1,-4.412823319E-1,-1.069586635E0
4.317051063E1,-9.074956775E-1,-2.190673649E-1,-1.072550774E0
4.318053362E1,-7.818821073E-1,-1.804066598E-1,-9.885911345E-1
4.319055662E1,-6.719857454E-1,-2.864721119E-1,-8.609213233E-1
4.320057962E1,-6.292997003E-1,-4.757330120E-1,-7.375006080E-1
4.321060262E1,-6.412762403E-1,-6.887787580E-1,-6.621808410E-1
4.322062562E1,-6.505444646E-1,-9.039239287E-1,-6.191033721E-1
4.323064862E1,-5.919945836E-1,-1.111092329E0,-5.707646012E-1
4.324067162E1,-5.174023509E-1,-1.307326436E0,-5.396219492E-1
4.325069462E1,-3.863274455E-1,-1.467434049E0,-5.447602272E-1
4.326071762E1,-1.714747995E-1,-1.576513648E0,-5.847992897E-1
4.327074062E1,5.357056484E-2,-1.603540421E0,-6.631798148E-1
4.328076362E1,1.913449317E-1,-1.529157162E0,-7.960587144E-1
4.329078662E1,2.182090431E-1,-1.371807456E0,-9.488293529E-1
4.330080962E1,1.543891728E-1,-1.115572333E0,-1.070896268E0
4.331083262E1,7.502298057E-2,-7.804595232E-1,-1.141483784E0
4.332085562E1,-2.757698670E-2,-4.108934104E-1,-1.156739593E0
4.333087862E1,-2.063067853E-1,7.312756777E-2,-1.130636811E0
4.334090162E1,-3.838898540E-1,6.094479561E-1,-1.119449973E0
4.335092462E1,-4.396465719E-1,1.004831195E0,-1.133976460E0
4.336094763E1,-3.034630418E-1,1.293649912E0,-1.140879512E0
4.337097062E1,-6.200967729E-2,1.436122894E0,-1.098771811E0
4.338099362E1,2.262519449E-1,1.397473097E0,-1.074766517E0
4.339101662E1,4.902534783E-1,1.139575243E0,-1.115922451E0
4.340103962E1,6.680822968E-1,6.600797772E-1,-1.146165013E0
4.341106263E1,7.660607696E-1,7.195768505E-2,-1.071745753E0
4.342108562E1,7.899788618E-1,-4.422555566E-1,-9.353902936E-1
4.343110862E1,7.137160301E-1,-7.724212408E-1,-9.070899487E-1
4.344113162E1,4.550647736E-1,-8.608579040E-1,-1.181788921E0
4.345115462E1,-4.488884658E-2,-6.499429941E-1,-1.913278818E0
4.346117762E1,-2.463888079E-1,-5.132911801E-1,-3.019365549E0
4.347120062E1,-1.382001676E-2,-7.320517898E-1,-4.224764347E0
4.348122362E1,1.673595905E-1,-1.379889488E0,-5.198913097E0
4.349124662E1,4.526211619E-1,-2.024088144E0,-5.863932133E0
4.350126962E1,5.543996096E-1,-2.479214907E0,-6.634063721E0
4.351129262E1,3.263115585E-1,-2.615138292E0,-7.495131493E0
4.352131562E1,-1.161926389E-1,-2.259057045E0,-8.289489746E0
4.353133862E1,-2.682276964E-1,-1.427495837E0,-9.120359421E0
4.354136162E1,3.766662478E-1,1.886254251E-1,-9.833706856E0
4.355138462E1,1.257018685E0,4.131852627E0,-9.413382530E0
4.356140762E1,2.338920355E0,5.945909023E0,-9.407230377E0
4.357143062E1,3.600333691E0,5.027505398E0,-1.092092800E1
4.358145362E1,3.073491812E0,3.683637857E0,-1.179339981E1
4.359147662E1,1.856881857E0,2.348962545E0,-1.127238369E1
4.360149962E1,1.449205875E0,1.493028522E0,-9.541883469E0
4.361152262E1,1.922717690E0,9.543834627E-2,-7.713138103E0
4.362154562E1,2.073633671E0,-2.263853312E0,-6.614678860E0
4.363156862E1,1.694017172E0,-4.451638699E0,-5.877978325E0
4.364159162E1,8.582381159E-2,-5.348583698E0,-5.049950600E0
4.365161463E1,2.272579074E-1,-4.270694256E0,-4.077368736E0
4.366163762E1,7.056184411E-1,-1.023060918E0,-3.087040424E0
4.367166062E1,1.426613212E0,3.250066757E0,-2.343179703E0
4.368168362E1,2.048019409E0,6.430258751E0,-3.065414190E0
4.369170662E1,2.661271811E0,8.303374290E0,-4.270609379E0
4.370172962E1,3.182347536E0,8.937314987E0,-4.487472534E0
4.371175262E1,3.220050097E0,8.690549850E0,-3.534380198E0
4.372177562E1,2.726147652E0,7.697216034E0,-2.145646095E0
4.373179862E1,2.447545767E0,6.235286713E0,-1.680985451E0
4.374182162E1,9.094265103E-1,3.112375975E0,-4.291001797E0
4.375184462E1,-1.041024685E0,-2.994140387E0,-6.908296108E0
4.376186762E1,-1.799902081E0,-8.059572220E0,-6.198993683E0
4.377189062E1,-1.161144733E0,-6.717535019E0,-3.644627094E0
4.378191362E1,-3.678685427E-1,-3.330619574E0,-1.686113834E0
4.379193662E1,3.791652024E-1,1.009751320E0,7.194635868E-1
4.380195962E1,7.730177045E-1,4.367009163E0,4.355421066E0
4.381198262E1,4.369421899E-1,7.563545227E0,5.555409431E0
4.382200562E1,4.469054937E-1,8.498773575E0,3.495670795E0
4.383202862E1,6.142665148E-1,9.165585518E0,1.404489517E0
4.384205262E1,9.080132246E-1,1.031134224E1,1.948483288E-1
4.385207562E1,1.062080741E0,1.063543797E1,-3.744494915E-1
4.386209900E1,5.902205706E-1,9.648398399E0,-4.063980579E-1
4.387212100E1,-4.922009259E-2,7.458093166E0,-1.462410390E-1
4.388214500E1,-3.508108854E-1,5.005050182E0,1.657970697E-1
4.389216800E1,-2.756063938E-1,2.809756994E0,2.622197568E-1
4.390219100E1,-1.640672237E-1,1.204331875E0,1.599311978E-1
4.391221400E1,-1.454416066E-1,-1.329223439E-2,1.524581015E-1
4.392223700E1,-2.639062107E-1,-1.060611725E0,4.244134724E-1
4.393226000E1,-4.188204408E-1,-1.983346462E0,8.353943229E-1
4.394228300E1,-5.737987757E-1,-2.811524153E0,1.173242807E0
4.395230600E1,-6.812773347E-1,-3.568677425E0,1.334879279E0
4.396232900E1,-7.464047670E-1,-4.227222443E0,1.314903259E0
4.397235200E1,-7.083466053E-1,-4.711752892E0,1.094706774E0
4.398237500E1,-6.819924116E-1,-4.881896973E0,7.150712609E-1
4.399239800E1,-7.230945826E-1,-4.755940914E0,2.783783376E-1
4.400242100E1,-7.414407134E-1,-4.421269417E0,-1.480392814E-1
4.401244400E1,-6.989635825E-1,-3.852342367E0,-4.088514447E-1
4.402246700E1,-6.633082032E-1,-3.034895897E0,-3.921301067E-1
4.403249000E1,-6.032671928E-1,-2.116632938E0,-1.603551954E-1
4.404251300E1,-4.828814566E-1,-1.261717558E0,1.078685448E-1
4.405253600E1,-2.064567804E-1,-5.296508074E-1,2.593944371E-1
4.406255900E1,2.003331669E-2,1.084797829E-1,2.461543083E-1
4.407258200E1,1.694166809E-1,5.811567903E-1,1.246228218E-1
4.408260500E1,2.948612273E-1,8.866179585E-1,-4.001074284E-2
4.409262800E1,3.138431609E-1,1.019002080E0,-2.071448714E-1
4.410265100E1,2.826831639E-1,8.836931586E-1,-3.587155044E-1
4.411267400E1,2.608675957E-1,5.147148371E-1,-4.640182257E-1
4.412269700E1,1.958232820E-1,4.366352409E-2,-5.111611485E-1
4.413272000E1,1.309159249E-1,-4.673017561E-1,-4.849817753E-1
4.414274300E1,1.028633639E-1,-9.793707132E-1,-4.078024626E-1
4.415276600E1,8.643858880E-2,-1.454462171E0,-3.074684143E-1
4.416278900E1,5.724229291E-2,-1.847682118E0,-2.195539176E-1
4.417281200E1,3.207169101E-2,-2.147413969E0,-1.670190692E-1
4.418283500E1,7.636358030E-3,-2.334064007E0,-1.647278368E-1
4.419285800E1,-5.343888421E-3,-2.432044983E0,-2.081344426E-1
4.420288100E1,-4.909295589E-3,-2.439746141E0,-2.996541262E-1
4.421290400E1,1.875155792E-2,-2.368102074E0,-4.291923940E-1
4.422292700E1,6.608064473E-2,-2.257839203E0,-5.912758708E-1
4.423295000E1,1.329006851E-1,-2.151404619E0,-7.736653686E-1
4.424297300E1,1.868451983E-1,-2.068349361E0,-9.526231885E-1
4.425299600E1,1.480711699E-1,-2.003524542E0,-1.090215325E0
4.426301900E1,-9.601893276E-2,-1.966910005E0,-1.129929304E0
4.427304200E1,-2.515406311E-1,-2.040983438E0,-1.069832921E0
4.428306500E1,-2.987578511E-1,-2.065508127E0,-9.896680117E-1
4.429308800E1,-3.017448485E-1,-1.990377784E0,-9.498098493E-1
4.430311100E1,-2.927670181E-1,-1.868251562E0,-9.419058561E-1
4.431313400E1,-2.820485830E-1,-1.749352932E0,-9.203869700E-1
4.432315700E1,-2.875113785E-1,-1.661870718E0,-8.704975843E-1
4.433318000E1,-3.187230825E-1,-1.609816790E0,-8.117594719E-1
4.434320300E1,-3.675539196E-1,-1.582218766E0,-7.594780922E-1
4.435322600E1,-4.102446735E-1,-1.566015840E0,-7.156333923E-1
4.436324900E1,-4.303711653E-1,-1.528618574E0,-6.884292364E-1
4.437327200E1,-4.362360239E-1,-1.457920074E0,-6.662749052E-1
4.438329500E1,-4.305298328E-1,-1.383815050E0,-6.500300169E-1
4.439331800E1,-4.295748174E-1,-1.329596519E0,-6.352736950E-1
4.440334100E1,-4.112747312E-1,-1.280851007E0,-6.188277602E-1
4.441336400E1,-3.809754252E-1,-1.219077945E0,-5.996205211E-1
4.442338700E1,-3.680110872E-1,-1.145965099E0,-5.751786828E-1
4.443341000E1,-3.617800772E-1,-1.060121775E0,-5.420755744E-1
4.444343300E1,-3.472590744E-1,-9.501353502E-1,-4.881234169E-1
4.445345600E1,-3.225545287E-1,-8.503459096E-1,-4.087875783E-1
4.446347900E1,-2.882732153E-1,-7.878043652E-1,-3.036843836E-1
4.447350200E1,-2.421262115E-1,-7.398637533E-1,-1.817643344E-1
4.448352500E1,-2.129844278E-1,-6.757664680E-1,-4.839333892E-2
4.449354800E1,-2.020681351E-1,-6.390385032E-1,9.542055428E-2
4.450357100E1,-1.777105033E-1,-6.523787975E-1,2.350555360E-1
4.451359400E1,-1.514810324E-1,-6.689047813E-1,3.704423904E-1
4.452361700E1,-1.296151578E-1,-6.331993937E-1,5.006223321E-1
4.453364000E1,-6.869560480E-2,-5.384321213E-1,6.286463141E-1
4.454366300E1,3.920916468E-2,-3.797336221E-1,7.416782975E-1
4.455368600E1,1.639063656E-1,-1.413935125E-1,7.997149825E-1
4.456370900E1,3.003056347E-1,1.864588410E-1,7.704333663E-1
4.457373200E1,4.456697702E-1,5.485544801E-1,6.648310423E-1
4.458375500E1,5.930760503E-1,8.690588474E-1,5.217058659E-1
4.459377800E1,7.230441570E-1,1.101130128E0,3.916578293E-1
4.460380100E1,8.161926270E-1,1.214113355E0,2.926145792E-1
4.461382400E1,8.899813294E-1,1.194780946E0,2.044197619E-1
4.462384700E1,9.738153219E-1,1.060220122E0,9.480948746E-2
4.463387000E1,9.994493127E-1,8.632985950E-1,-4.438728839E-2
4.464389300E1,1.028136611E0,6.216607690E-1,-1.967431009E-1
4.465391600E1,1.093033314E0,3.780206144E-1,-3.315113187E-1
4.466393900E1,1.115778327E0,1.715324223E-1,-4.286119342E-1
4.467396200E1,1.049037457E0,-4.684253410E-2,-4.193001986E-1
4.468398500E1,1.047229409E0,-2.210569233E-1,-3.716798127E-1
4.469400800E1,1.032957554E0,-3.335397840E-1,-3.543580770E-1
4.470403100E1,1.030660510E0,-3.892241418E-1,-3.854446709E-1
4.471405400E1,1.031705737E0,-3.886872232E-1,-4.352976978E-1
4.472407700E1,1.029525638E0,-3.517071605E-1,-4.680483341E-1
4.473410000E1,9.757750630E-1,-2.931328118E-1,-4.643955231E-1
4.474412300E1,9.183552265E-1,-2.151997536E-1,-4.777935743E-1
4.475414600E1,8.397389650E-1,-1.578677446E-1,-5.083863735E-1
4.476416900E1,7.586241364E-1,-1.185931042E-1,-5.198169351E-1
4.477419200E1,6.714721918E-1,-8.235467970E-2,-4.817283452E-1
4.478421500E1,5.832967758E-1,-3.900389373E-2,-4.110468924E-1
4.479423800E1,4.879013002E-1,2.626938373E-2,-3.542262316E-1
4.480426100E1,3.945268989E-1,1.234725192E-1,-3.419193327E-1
4.481428400E1,3.083046675E-1,2.467643470E-1,-3.621883690E-1
4.482430700E1,2.252400368E-1,3.856638074E-1,-4.029666781E-1
4.483433000E1,1.557027698E-1,5.188777447E-1,-4.444105029E-1
4.484435300E1,9.158011526E-2,6.302080154E-1,-4.847934544E-1
4.485437600E1,2.400293574E-2,7.106117606E-1,-5.162501931E-1
4.486439867E1,-2.643925697E-2,7.729275823E-1,-5.448250175E-1
4.487442167E1,-5.729996786E-2,8.246139288E-1,-5.540727973E-1
4.488444467E1,-6.662698090E-2,8.774889708E-1,-5.378523469E-1
4.489446767E1,-5.034548044E-2,9.371991754E-1,-5.021337867E-1
4.490449067E1,-1.671390422E-2,1.008158684E0,-4.639570415E-1
4.491451367E1,2.943574823E-2,1.085500956E0,-4.374500513E-1
4.492453667E1,7.462655008E-2,1.160240531E0,-4.269335568E-1
4.493455967E1,1.215716898E-1,1.231537819E0,-4.273487329E-1
4.494458267E1,1.626203209E-1,1.298741460E0,-4.166114628E-1
4.495460567E1,1.979079992E-1,1.359493971E0,-3.854314387E-1
4.496462867E1,2.415111959E-1,1.404325008E0,-3.370363116E-1
4.497465167E1,3.000155091E-1,1.427223921E0,-2.925394177E-1
4.498467467E1,3.612700105E-1,1.414103508E0,-2.663365901E-1
4.499469767E1,4.071389735E-1,1.361502886E0,-2.511581779E-1
4.500472067E1,4.245494604E-1,1.273631930E0,-2.410179228E-1
4.501474367E1,4.204812050E-1,1.180764794E0,-2.224327922E-1
4.502476667E1,3.993332386E-1,1.104758143E0,-1.992734522E-1
4.503478967E1,3.755331039E-1,1.054917574E0,-1.775750816E-1
4.504481267E1,3.596183062E-1,1.032919765E0,-1.542593092E-1
4.505483567E1,3.559846878E-1,1.027858734E0,-1.247035414E-1
4.506485867E1,3.654000759E-1,1.039130092E0,-9.044366330E-2
4.507488167E1,3.853311837E-1,1.070583344E0,-6.414493918E-2
4.508490467E1,4.146952629E-1,1.103677988E0,-5.949983373E-2
4.509492767E1,4.508740604E-1,1.117442846E0,-6.438220292E-2
4.510495067E1,4.817959964E-1,1.122818232E0,-5.844973028E-2
4.511497367E1,5.102548003E-1,1.137015820E0,-2.771898359E-2
4.512499667E1,5.322496295E-1,1.144236684E0,1.738749072E-2
4.513501967E1,5.404865146E-1,1.130709171E0,6.444022059E-2
4.514504267E1,5.422685742E-1,1.079226971E0,9.450010955E-2
4.515506567E1,5.301455855E-1,9.912012219E-1,1.260889322E-1
4.516508867E1,5.054913163E-1,8.751237392E-1,1.688639522E-1
4.517511167E1,4.706185460E-1,7.395973206E-1,2.250854224E-1
4.518513467E1,4.295641184E-1,5.976516008E-1,2.853740156E-1
4.519515767E1,3.911794424E-1,4.657266438E-1,3.415185213E-1
4.520518067E1,3.511961401E-1,3.517314494E-1,3.874645531E-1
4.521520367E1,3.147973716E-1,2.473091930E-1,4.239304066E-1
4.522522667E1,2.831684351E-1,1.554341018E-1,4.672856629E-1
4.523524967E1,2.585693598E-1,8.901248127E-2,5.162034035E-1
4.524527267E1,2.390327007E-1,5.702991411E-2,5.514268875E-1
4.525529567E1,2.253320664E-1,4.010285810E-2,5.651853085E-1
4.526531867E1,2.162896246E-1,3.567259386E-2,5.580615401E-1
4.527534167E1,2.013705969E-1,4.174353555E-2,5.311135054E-1
4.528536467E1,2.098115683E-1,4.059156030E-2,4.830185175E-1
4.529538767E1,2.125429064E-1,2.902145684E-2,4.459310472E-1
4.530541067E1,2.056561112E-1,4.605743568E-3,4.223851860E-1
4.531543367E1,2.012536377E-1,-3.926450759E-2,3.877592981E-1
4.532545667E1,1.904811263E-1,-9.021746367E-2,3.379790783E-1
4.533547967E1,1.790244728E-1,-1.274577826E-1,2.752597630E-1
4.534550267E1,1.670466065E-1,-1.484930962E-1,2.057071179E-1
4.535552567E1,1.615655571E-1,-1.474627256E-1,1.319796294E-1
4.536554867E1,1.544825584E-1,-1.211550310E-1,6.048626080E-2
4.537557167E1,1.485524923E-1,-7.413905114E-2,6.297854707E-3
4.538559467E1,1.410184503E-1,-1.389870606E-2,-2.360986918E-2
4.539561767E1,1.313738078E-1,4.900089651E-2,-2.975884266E-2
4.540564067E1,1.101155952E-1,1.044037789E-1,-1.677592658E-2
4.541566367E1,8.469492197E-2,1.475509852E-1,-2.656378318E-3
4.542568667E1,7.253749669E-2,1.688861698E-1,3.115731757E-3
4.543570967E1,6.681995839E-2,1.590942591E-1,1.389647368E-2
4.544573267E1,5.469844118E-2,1.261472255E-1,3.154813498E-2
4.545575567E1,4.039380327E-2,8.557211608E-2,6.002957374E-2
4.546577867E1,1.977646351E-2,3.923306614E-2,8.360911906E-2
4.547580167E1,-1.196175814E-2,-1.909229346E-2,9.332113713E-2
4.548582467E1,-4.738564789E-2,-9.033857286E-2,7.213888317E-2
4.549584767E1,-7.564978302E-2,-1.694613695E-1,4.368513450E-2
4.550587067E1,-1.055824310E-1,-2.789766192E-1,2.018947713E-2
4.551589367E1,-1.408994049E-1,-3.965224326E-1,1.516755298E-2
4.552591667E1,-1.818633825E-1,-5.019605160E-1,3.769929335E-2
4.553593967E1,-2.232166827E-1,-5.708324909E-1,8.293547481E-2
4.554596267E1,-2.459341437E-1,-5.793884993E-1,1.176634431E-1
4.555598567E1,-2.429029495E-1,-5.127702951E-1,1.332727671E-1
4.556600867E1,-2.193795443E-1,-3.751876950E-1,1.242389008E-1
4.557603167E1,-1.725838035E-1,-2.059648484E-1,9.888746589E-2
4.558605467E1,-1.204715818E-1,-3.179238737E-2,7.653820515E-2
4.559607767E1,-6.927017868E-2,1.344791353E-1,7.467691600E-2
4.560610067E1,-1.509749144E-2,2.774397731E-1,9.224286675E-2
4.561612367E1,3.983579576E-2,3.902035952E-1,1.213562787E-1
4.562614667E1,8.897631615E-2,4.674969316E-1,1.491491497E-1
4.563616967E1,1.223593056E-1,5.161385536E-1,1.580899209E-1
4.564619267E1,1.407307088E-1,5.336191058E-1,1.387104988E-1
4.565621567E1,1.508983970E-1,5.064396858E-1,1.060814485E-1
4.566623867E1,1.457223892E-1,4.166244864E-1,8.540175855E-2
4.567626167E1,1.261492074E-1,2.809670568E-1,8.556394279E-2
4.568628467E1,1.001820341E-1,1.257205904E-1,9.806297719E-2
4.569630767E1,7.395549119E-2,-8.160506375E-3,9.926832467E-2
4.570633067E1,-2.379015833E-1,-1.126979709E0,-3.313008845E-1
4.571635367E1,-2.872465253E-1,-2.541021109E0,-5.991368294E-1
4.572637667E1,-1.483001374E-2,-1.225603700E0,-4.341037273E-1
4.573639967E1,7.808341086E-2,1.692458391E-1,-1.131333038E-2
4.574642267E1,2.784591913E-1,1.159157276E0,3.790952861E-1
4.575644567E1,3.973256648E-1,1.585860610E0,5.050268173E-1
4.576646867E1,3.879194260E-1,1.240816832E0,3.031164408E-1
4.577649167E1,3.177459538E-1,7.741374373E-1,-1.020022780E-1
4.578651467E1,2.720975578E-1,6.871746182E-1,-4.339515269E-1
4.579653767E1,2.414326072E-1,6.671026349E-1,-5.210773945E-1
4.580656067E1,1.869423687E-1,5.369635224E-1,-4.036850631E-1
4.581658367E1,9.968416393E-2,2.776070535E-1,-2.046944499E-1
4.582660667E1,3.602832183E-2,8.285368234E-2,-7.067809254E-2
4.583662967E1,3.019772004E-3,3.471251577E-2,-3.760056198E-2
4.584665267E1,-1.523822173E-2,1.117169932E-1,-6.873622537E-2
4.585667617E1,-2.672363631E-2,2.430558354E-1,-1.212356538E-1
4.586669917E1,-3.156706691E-2,3.280065656E-1,-1.695953161E-1
4.587672217E1,-2.777818777E-2,3.535223305E-1,-2.141846269E-1
4.588674517E1,-2.130256034E-2,3.137095571E-1,-2.411172241E-1
4.589676817E1,-1.514213532E-2,2.476927042E-1,-2.315197289E-1
4.590679117E1,-5.055358168E-3,2.193776667E-1,-1.737518460E-1
4.591681417E1,1.748723537E-2,2.296907604E-1,-1.056748033E-1
4.592683717E1,3.713038564E-2,2.558167279E-1,-8.273287117E-2
4.593686017E1,6.048444286E-2,3.033522964E-1,-1.037135199E-1
4.594688317E1,8.981316537E-2,3.588013947E-1,-1.452178955E-1
4.595690617E1,1.227671206E-1,4.130742252E-1,-1.897595376E-1
4.596692917E1,1.495126486E-1,4.704791605E-1,-2.154417783E-1
4.597695217E1,1.639619023E-1,4.972700477E-1,-1.872210503E-1
4.598697517E1,1.698046625E-1,4.855993390E-1,-1.048829556E-1
4.599699817E1,1.818935573E-1,4.748020768E-1,-1.772594824E-2
4.600702117E1,1.911332160E-1,4.761816561E-1,4.580548033E-2
4.601704417E1,1.910051107E-1,4.821591377E-1,9.009065479E-2
4.602706717E1,1.822805107E-1,4.497716129E-1,7.455822825E-2
4.603709017E1,1.686416715E-1,3.884086609E-1,-2.639359329E-3
4.604711317E1,1.410745829E-1,2.944230437E-1,-9.715221077E-2
4.605713617E1,1.086764187E-1,1.819726527E-1,-1.776787490E-1
4.606715917E1,9.452231228E-2,5.556023121E-2,-2.425604612E-1
4.607718217E1,8.180705458E-2,-2.646672726E-2,-2.854682505E-1
4.608720517E1,6.304117292E-2,-4.375539720E-2,-2.956349850E-1
4.609722817E1,4.787446931E-2,-5.037894472E-2,-2.889296710E-1
4.610725117E1,3.316225111E-2,-8.456388116E-2,-2.588950992E-1
4.611727417E1,1.293980237E-2,-1.366046965E-1,-2.275699377E-1
4.612729717E1,7.728547789E-4,-1.779333204E-1,-2.440907955E-1
4.613732017E1,-5.468529183E-3,-1.861846000E-1,-3.124525249E-1
4.614734317E1,-1.498172339E-2,-2.048630565E-1,-3.736141920E-1
4.615736617E1,-2.992179245E-2,-2.479290366E-1,-4.311286211E-1
4.616738917E1,-3.984890133E-2,-2.914471626E-1,-4.633010924E-1
4.617741217E1,-4.344683513E-2,-2.962698936E-1,-4.471644759E-1
4.618743517E1,-4.309811071E-2,-2.406946719E-1,-3.887881935E-1
4.619745817E1,-3.638241813E-2,-1.481436938E-1,-3.129549623E-1
4.620748117E1,-3.068455681E-2,-6.114213914E-2,-2.270254642E-1
4.621750417E1,-2.222129703E-2,3.032066673E-2,-1.329154670E-1
4.622752717E1,-1.024168916E-2,1.354329884E-1,-4.348793253E-2
4.623755017E1,-1.104543172E-2,2.035076469E-1,6.933695637E-3
4.624757317E1,-1.679936610E-2,2.259394377E-1,-3.841214254E-2
4.625759617E1,-9.848250076E-3,2.819678187E-1,-1.368050128E-1
4.626761917E1,8.482238278E-3,3.596170545E-1,-2.226682454E-1
4.627764217E1,3.231247142E-2,4.480502605E-1,-2.470135242E-1
4.628766517E1,4.757370427E-2,4.941853583E-1,-2.156235427E-1
4.629768717E1,5.725695938E-2,4.823457599E-1,-1.797225326E-1
4.630771017E1,6.640149653E-2,4.468053281E-1,-1.544220001E-1
4.631773417E1,8.125181496E-2,4.407333136E-1,-1.477630287E-1
4.632775617E1,9.498267621E-2,4.618045092E-1,-1.526193917E-1
4.633777917E1,9.852787852E-2,4.851511121E-1,-1.446221918E-1
4.634780217E1,9.375780821E-2,5.034059882E-1,-1.510370672E-1
4.635782517E1,8.172937483E-2,4.853446484E-1,-1.898353398E-1
4.636784817E1,6.351812184E-2,4.210550189E-1,-2.145947218E-1
4.637787117E1,4.091054574E-2,3.136806190E-1,-2.197111845E-1
4.638789417E1,1.001638360E-2,1.766662896E-1,-1.890090555E-1
4.639791717E1,-1.286043599E-2,5.436513573E-2,-1.409427226E-1
4.640794017E1,-9.126357734E-3,-3.527027322E-3,-7.355981320E-2
4.641796317E1,-3.000021912E-3,1.623575948E-2,-9.331561625E-3
4.642798617E1,-1.100237854E-2,4.391640797E-2,4.724136367E-2
4.643800917E1,-2.387583256E-2,2.166489512E-2,5.860827118E-2
4.644803217E1,-2.205780894E-2,4.152896348E-3,-2.156572044E-2
4.645805517E1,-2.565786988E-2,1.669904776E-2,-1.010134071E-1
4.646807817E1,-4.036724567E-2,5.245490000E-3,-1.164819747E-1
4.647810117E1,-4.140561447E-2,2.014241368E-2,-1.041312963E-1
4.648812417E1,-4.610336572E-2,1.639417931E-2,-5.865768343E-2
4.649814717E1,-5.168588459E-2,8.810829371E-3,-2.451409586E-2
4.650817017E1,-5.518021807E-2,3.055847064E-2,-9.733818471E-3
4.651819317E1,-5.204194784E-2,8.070792258E-2,2.638184093E-2
4.652821617E1,-7.824414223E-2,1.368820965E-1,1.300491691E-1
4.653823917E1,-1.168149710E-1,1.142281815E-1,2.375724465E-1
4.654826217E1,-1.410129666E-1,2.205255441E-4,1.721428037E-1
4.655828517E1,-9.342547506E-2,-1.447417140E-1,-7.439266890E-2
4.656830817E1,-3.756248951E-2,-7.319635898E-2,-2.000531405E-1
4.657833117E1,1.012007706E-2,7.753323019E-2,-1.586324722E-1
4.658835417E1,3.661785647E-2,1.600821763E-1,-6.325779110E-2
4.659837717E1,4.309706017E-2,1.463906020E-1,1.734117791E-2
4.660840017E1,4.141253978E-2,9.807628393E-2,5.248767138E-2
4.661842317E1,2.994736657E-2,5.853259936E-2,9.496082366E-2