"Time (s)","X (m/s^2)","Y (m/s^2)","Z (m/s^2)"
1.673120831E-2,9.722978228E-1,1.225257728E-1,9.147822708E-2
2.675420826E-2,9.111558276E-1,-8.965769649E-2,7.860923633E-2
3.677620832E-2,6.549448711E-1,-9.735906422E-2,2.234162629E-1
4.679920827E-2,3.679576796E-1,-1.801439434E-2,3.629118249E-1
5.682120833E-2,9.656208873E-2,4.193915427E-3,2.880803284E-1
6.684420828E-2,2.588153064E-2,-2.469980836E-2,1.666937394E-1
7.686720823E-2,7.228678823E-2,-8.678934485E-2,9.518565416E-2
8.688920829E-2,1.040664053E-1,-1.113774714E-1,7.305628181E-2
9.691220825E-2,7.476191461E-2,-5.307254523E-2,5.144117206E-2
1.069352083E-1,7.654590011E-3,1.123744217E-1,1.635246947E-2
1.169572083E-1,-4.157428801E-2,3.165890130E-1,-5.401365459E-4
1.269802083E-1,-2.451386690E-2,4.067989790E-1,-1.828453571E-2
1.370022083E-1,5.192678332E-2,3.599823698E-1,8.501559198E-3
1.470252083E-1,1.074607140E-1,2.221123338E-1,4.278407693E-2
1.570472083E-1,1.337819552E-1,4.929845989E-2,5.230655998E-2
1.670702082E-1,1.435128915E-1,-6.518095940E-2,3.718609884E-2
1.770932083E-1,1.279417562E-1,-9.358088583E-2,3.004650235E-2
1.871152082E-1,1.365874493E-1,-1.285188764E-2,2.551432550E-3
1.971382083E-1,1.726220852E-1,4.662072748E-2,-3.584562466E-2
2.071612083E-1,1.461131483E-1,1.146454802E-1,-4.890947387E-2
2.171832083E-1,7.132433653E-2,1.955288449E-1,4.230460525E-4
2.272062083E-1,5.222382188E-2,2.140037075E-1,5.652634934E-2
2.372282083E-1,1.654229933E-1,1.585180163E-1,1.063035500E-1
2.472512083E-1,3.396442920E-1,1.050654021E-1,1.645991206E-1
2.572742082E-1,4.614377010E-1,1.011658940E-1,2.177698991E-1
2.672962083E-1,4.675129580E-1,9.272017568E-2,2.461522838E-1
2.773192083E-1,4.346358186E-1,-4.313081682E-2,2.124196967E-1
2.873412083E-1,3.722670776E-1,-1.611361071E-1,1.228722203E-1
2.973642083E-1,3.380743146E-1,-5.407680452E-2,1.932618794E-1
3.073872083E-1,7.279707474E-1,2.575119621E-1,3.665733513E-1
3.174092083E-1,8.839481485E-1,3.130052546E-1,5.191810021E-1
3.274322082E-1,5.583740115E-2,3.743823078E-1,3.538223282E-1
3.374542083E-1,-1.468528211E-1,2.527333251E-1,2.517366672E-1
3.474772082E-1,-2.553596020E-1,1.159941405E-2,2.766037059E-1
3.575002083E-1,-3.511334860E-1,-2.447998229E-1,3.152271965E-1
3.675222083E-1,-3.492033201E-1,-4.552744433E-1,2.837992895E-1
3.775452083E-1,-2.761043537E-1,-5.629544279E-1,9.519237846E-2
3.875672083E-1,-2.208914351E-1,-5.375944689E-1,-5.494043827E-2
3.975902083E-1,-2.762435174E-1,-3.796956727E-1,-1.391002902E-1
4.076132083E-1,-4.300399071E-1,-1.545354778E-1,-1.453123721E-1
4.176352082E-1,-5.684703988E-1,6.419687301E-2,-9.225254461E-2
4.276582083E-1,-6.123069745E-1,1.856982136E-1,-6.611095905E-2
4.376802082E-1,-5.191386098E-1,2.160856086E-1,3.393723965E-3
4.477032083E-1,-3.216126484E-1,1.694990873E-1,6.921071425E-2
4.577262083E-1,-1.152404344E-1,7.241104156E-2,1.374829504E-1
4.677482083E-1,6.624018252E-2,-8.146048486E-3,2.214665088E-1
4.777712083E-1,1.662199688E-1,-3.958126456E-2,2.658826898E-1
4.877942083E-1,2.479108340E-1,-3.027425140E-2,2.715261300E-1
4.978162083E-1,3.562322581E-1,-3.606854975E-3,2.790954968E-1
5.078392082E-1,5.070851594E-1,3.088937849E-2,2.970865023E-1
5.178612083E-1,6.284768647E-1,1.709170371E-2,3.880373105E-1
5.278842082E-1,5.713291025E-1,-1.210929126E-2,5.392878225E-1
5.379072083E-1,3.654205728E-1,-5.926503897E-2,6.234134683E-1
5.479292083E-1,1.895117676E-1,-8.004078090E-2,6.065232012E-1
5.579522083E-1,2.013593960E-1,-2.594935834E-2,6.212453207E-1
5.679742083E-1,3.673717886E-1,1.595237374E-2,6.873463395E-1
5.779972083E-1,5.289835668E-1,5.196215898E-2,7.274325112E-1
5.880202083E-1,5.138667601E-1,6.365834445E-2,7.718131703E-1
5.980422082E-1,4.004465640E-1,4.058552384E-3,9.004165390E-1
6.080652083E-1,2.422969222E-1,-1.643558764E-1,1.015100026E0
6.180872082E-1,5.251033545E-2,-4.403362691E-1,1.053047286E0
6.281102083E-1,-1.505161017E-1,-7.597158659E-1,1.009920855E0
6.381332083E-1,-3.047650659E-1,-9.845322445E-1,8.906750777E-1
6.481552083E-1,-3.024729574E-1,-9.761733574E-1,7.213598853E-1
6.581782083E-1,-1.439134258E-1,-7.275526714E-1,5.692685437E-1
6.682002083E-1,6.754937410E-2,-3.709385902E-1,5.422415435E-1
6.782232083E-1,1.401244301E-1,-3.766074657E-2,5.666793966E-1
6.882462082E-1,8.260829329E-2,1.105989146E-1,6.187479749E-1
6.982682083E-1,-5.330029428E-2,1.411596796E-1,6.869484365E-1
7.082912083E-1,-1.502266645E-1,1.239527857E-1,7.676385507E-1
7.183132083E-1,-1.076185888E-1,6.025321841E-2,8.715497124E-1
7.283362083E-1,4.845002890E-3,4.794044405E-2,9.365017533E-1
7.383592083E-1,8.940918982E-2,9.495556623E-2,9.790525264E-1
7.483812083E-1,2.227771622E-1,9.114639759E-2,1.065940982E0
7.584042082E-1,4.616224730E-1,3.370802879E-2,1.140436263E0
7.684272083E-1,7.437898046E-1,3.994116068E-2,1.166817731E0
7.784492082E-1,1.001300597E0,4.048962951E-2,1.278022709E0
7.884724999E-1,1.231369822E0,-1.450208884E-1,1.299979296E0
7.984945000E-1,1.422845085E0,-3.523207632E-1,1.107759975E0
8.085174999E-1,1.440207807E0,-4.167573720E-1,7.998301041E-1
8.185404999E-1,1.242615187E0,-5.015501851E-1,4.725026795E-1
8.285625000E-1,1.021694516E0,-5.763746649E-1,1.621223862E-1
8.385854999E-1,9.388926798E-1,-4.464378387E-1,-1.477940767E-1
8.486075000E-1,8.662012643E-1,-1.932805905E-1,-3.941770332E-1
8.586304999E-1,7.791210204E-1,-9.836770892E-3,-4.773546991E-1
8.686535000E-1,6.479714817E-1,9.425068438E-2,-5.923513046E-1
8.786754999E-1,4.351632375E-1,2.030021712E-1,-6.760316849E-1
8.886985000E-1,2.219953895E-1,2.644812584E-1,-6.293673956E-1
8.987204999E-1,1.779108918E-1,2.342072994E-1,-5.916796057E-1
9.087434999E-1,2.862855256E-1,2.462975872E-1,-5.419456744E-1
9.187665000E-1,5.166324931E-1,2.901365018E-1,-4.646720883E-1
9.287884999E-1,8.023256958E-1,2.405673158E-1,-4.674685192E-1
9.388115000E-1,1.028239304E0,5.715857953E-2,-6.026482514E-1
9.488344999E-1,1.004313083E0,-2.661743197E-1,-8.507184219E-1
9.588565000E-1,5.999196482E-1,-7.452548245E-1,-1.088360230E0
9.688794999E-1,-6.625187695E-2,-1.260750911E0,-1.374269925E0
9.789015000E-1,-8.760883212E-1,-1.697450505E0,-1.696651336E0
9.889245000E-1,-1.596451256E0,-2.096660382E0,-2.069024249E0
9.989474999E-1,-2.055991536E0,-2.328150481E0,-2.372787248E0
1.008969500E0,-2.308190133E0,-2.340928109E0,-2.440967829E0
1.018992500E0,-2.430860040E0,-2.095220798E0,-2.340225273E0
1.029014500E0,-2.401794115E0,-1.416722173E0,-2.097148479E0
1.039037500E0,-2.052051682E0,-4.006485853E-1,-1.581011099E0
1.049060500E0,-1.492174351E0,5.630912527E-1,-8.455399816E-1
1.059082500E0,-9.492083377E-1,1.207164103E0,-7.331706762E-2
1.069105500E0,-3.995402455E-1,1.483396219E0,7.582824209E-1
1.079127500E0,1.975019878E-1,1.545703272E0,1.919033081E0
1.089150500E0,5.646597683E-1,1.541284238E0,3.429511263E0
1.099173500E0,4.192950636E-1,1.574472157E0,4.958797308E0
1.109195500E0,-3.950893450E-1,1.766030743E0,5.395634018E0
1.119218500E0,-1.402410235E0,2.045951867E0,3.998568138E0
1.129240500E0,-1.708896722E0,2.557953072E0,1.959129485E0
1.139263500E0,-8.199281538E-1,3.165266232E0,6.455969274E-1
1.149286500E0,6.231184763E-1,3.190417446E0,1.007289608E-1
1.159308500E0,1.527753489E0,2.009064707E0,-2.431411140E-1
1.169331500E0,1.771532096E0,1.826693559E-1,-4.116428125E-1
1.179354500E0,2.082682906E0,-1.348857634E0,-5.403960161E-1
1.189376500E0,2.732761724E0,-2.130097100E0,-6.353360872E-1
1.199399500E0,3.180792344E0,-2.144677717E0,-7.950108290E-1
1.209421500E0,2.816571035E0,-1.521324183E0,-6.957218912E-1
1.219444500E0,1.723229417E0,-6.353906125E-1,-2.430199304E-1
1.229467500E0,5.115313822E-1,9.127357453E-2,3.065896896E-1
1.239489500E0,-4.883524346E-1,3.620920452E-1,6.192112206E-1
1.249512500E0,-1.120828795E0,2.756190348E-1,4.047708723E-1
1.259534500E0,-1.353450914E0,1.344347969E-1,-1.287361005E-1
1.269557500E0,-1.381443874E0,-6.432288051E-2,-6.136372161E-1
1.279580500E0,-1.444118425E0,-3.483581051E-1,-9.505394563E-1
1.289602500E0,-1.623967084E0,-6.322948042E-1,-1.225432413E0
1.299625500E0,-1.792469221E0,-7.324143389E-1,-1.449761134E0
1.309647500E0,-1.848537002E0,-5.971729186E-1,-1.551356214E0
1.319670500E0,-1.642152509E0,-2.969549400E-1,-1.549032530E0
1.329693500E0,-1.191606417E0,1.467738837E-2,-1.420412643E0
1.339715500E0,-6.777267927E-1,1.590553755E-1,-1.205155585E0
1.349738500E0,-1.976744807E-1,1.181739825E-1,-9.600075603E-1
1.359760500E0,6.007137001E-2,-2.624668926E-2,-7.021117285E-1
1.369783500E0,1.676496130E-1,-8.108275473E-2,-4.591455925E-1
1.379806500E0,8.945655227E-2,-8.088804245E-2,-3.173868656E-1
1.389828500E0,-1.338819426E-1,-5.068308055E-2,-2.440116182E-1
1.399851500E0,-3.182183397E-1,2.128971219E-2,-2.082731438E-1
1.409873500E0,-3.530133659E-1,1.221541822E-1,-2.179350829E-1
1.419896500E0,-3.357944852E-1,2.129576406E-1,-2.564740813E-1
1.429919500E0,-3.438537025E-1,2.829020342E-1,-3.680255073E-1
1.439941500E0,-4.120550412E-1,3.041151479E-1,-5.704318473E-1
1.449964500E0,-4.000606477E-1,2.702182540E-1,-7.656257929E-1
1.459987500E0,-3.524210429E-1,2.156926757E-1,-8.373667435E-1
1.470009500E0,-2.972882313E-1,2.185005087E-1,-7.908496580E-1
1.480032500E0,-2.426360607E-1,3.524429700E-1,-6.152516323E-1
1.490054500E0,-1.985539019E-2,6.370994613E-1,-3.936693487E-1
1.500077500E0,6.016720587E-1,1.039686106E0,-8.347718954E-2
1.510100500E0,1.579511288E0,1.461886651E0,2.765724233E-1
1.520122500E0,2.553385520E0,1.674251384E0,5.098447528E-1
1.530145500E0,3.297663567E0,1.648701391E0,6.286973047E-1
1.540167500E0,3.727238621E0,1.451744948E0,7.414465329E-1
1.550190500E0,4.005283665E0,1.093496570E0,9.756181642E-1
1.560213500E0,3.952103239E0,7.734585768E-1,8.011425117E-1
1.570235500E0,3.320147281E0,5.078701481E-1,5.140068009E-1
1.580258500E0,2.306600275E0,2.648028553E-1,1.275792289E-1
1.590280500E0,1.180784975E0,1.782652330E-1,-3.240899675E-1
1.600303500E0,2.647256720E-1,2.720001930E-1,-7.701461291E-1
1.610326500E0,-4.634421265E-1,2.996215627E-1,-1.068937241E0
1.620348500E0,-1.051570280E0,2.490104029E-1,-1.134557326E0
1.630371500E0,-1.555542381E0,1.776471823E-1,-9.560884640E-1
1.640393500E0,-2.008763575E0,8.891656190E-2,-6.192796330E-1
1.650416500E0,-2.248291256E0,-8.329680294E-2,-1.937580156E-1
1.660439500E0,-2.034851512E0,-3.675396037E-1,2.125078435E-1
1.670461500E0,-1.395463158E0,-5.795532113E-1,6.440367441E-1
1.680484500E0,-7.186216342E-1,-6.270635927E-1,1.051881351E0
1.690507500E0,-3.161665517E-1,-5.027020866E-1,1.337720004E0
1.700529500E0,-2.020505369E-2,-3.038903224E-1,1.527846898E0
1.710552500E0,4.157867342E-1,-2.865945509E-1,1.551740960E0
1.720574500E0,8.899994320E-1,-5.134779203E-1,1.492565968E0
1.730597500E0,1.152741728E0,-9.105246207E-1,1.461976991E0
1.740620500E0,1.293007076E0,-1.324526492E0,1.320663676E0
1.750642500E0,1.333894317E0,-1.660467450E0,1.058418539E0
1.760665500E0,1.069608355E0,-1.811849525E0,7.686236604E-1
1.770687500E0,6.102990407E-1,-1.714229675E0,5.023706956E-1
1.780710333E0,1.355828977E-1,-1.436677258E0,2.182777297E-1
1.790733333E0,-3.633220071E-1,-1.123181130E0,-5.215117022E-2
1.800755333E0,-8.186119455E-1,-8.896506456E-1,-2.953859858E-1
1.810778333E0,-1.027149968E0,-7.930797860E-1,-4.771887843E-1
1.820800333E0,-1.131283032E0,-7.624146482E-1,-6.133249748E-1
1.830823333E0,-1.405626789E0,-7.661831787E-1,-8.540020721E-1
1.840846333E0,-1.899930519E0,-8.942655605E-1,-1.161879172E0
1.850868333E0,-2.315219656E0,-1.109668799E0,-1.392239588E0
1.860891333E0,-2.283330111E0,-1.332962270E0,-1.300614889E0
1.870913333E0,-1.747885956E0,-1.434194823E0,-9.491352475E-1
1.880936333E0,-7.416766208E-1,-1.380495748E0,-5.019529121E-1
1.890959333E0,4.900744396E-1,-1.214113519E0,-1.003990316E-1
1.900981333E0,1.583397932E0,-9.977867129E-1,2.386106913E-1
1.911004333E0,2.298097254E0,-8.022724861E-1,5.059114771E-1
1.921026333E0,2.720325281E0,-6.957017183E-1,6.678923607E-1
1.931049333E0,2.783489243E0,-8.201494709E-1,6.035332274E-1
1.941072333E0,2.503581861E0,-1.057843173E0,3.176032126E-1
1.951094333E0,2.167526590E0,-1.088840725E0,-5.634260058E-2
1.961117333E0,1.980989301E0,-9.052311364E-1,-6.497602911E-1
1.971139333E0,2.114632677E0,-7.784719795E-1,-1.306658717E0
1.981162333E0,2.503328676E0,-6.323719874E-1,-1.971838993E0
1.991185333E0,2.804052731E0,-5.883708125E-1,-2.415713997E0
2.001207333E0,2.808980765E0,-8.504354167E-1,-2.644452395E0
2.011230333E0,2.379094639E0,-9.308165056E-1,-2.413833532E0
2.021252333E0,1.714543962E0,-5.289455599E-1,-1.540742494E0
2.031275333E0,1.447349011E0,9.254329741E-2,-5.544130711E-1
2.041298333E0,1.550189840E0,6.029987919E-1,-1.336836855E-1
2.051320333E0,1.700086137E0,7.985864013E-1,-3.193187857E-1
2.061343333E0,1.648145320E0,8.854900593E-1,-7.466999638E-1
2.071365333E0,8.933966643E-1,1.467681534E0,-7.816154426E-1
2.081388333E0,-9.575675172E-1,2.115085251E0,-6.185242458E-1
2.091411333E0,-3.224388015E0,2.581684874E0,-7.497088679E-1
2.101433333E0,-4.811217678E0,2.582774211E0,-1.146177059E0
2.111456333E0,-4.968427087E0,2.067012368E0,-1.419332662E0
2.121478333E0,-3.272957911E0,1.360643574E0,-1.165735996E0
2.131501333E0,-3.869079208E-1,6.443374372E-1,-6.985984290E-1
2.141524333E0,2.419096026E0,1.928552055E-1,1.686313971E-1
2.151546333E0,4.363720323E0,7.851056457E-3,9.085865611E-1
2.161569333E0,5.459014328E0,3.979018557E-1,9.340722352E-1
2.171591333E0,6.103925377E0,1.581230369E0,9.073422736E-1
2.181614333E0,6.656081459E0,2.866916732E0,8.135932803E-1
2.191637333E0,6.969760605E0,3.728171836E0,3.834400103E-1
2.201659333E0,6.295546235E0,3.961646479E0,-9.168287963E-1
2.211682333E0,4.310206021E0,3.918046131E0,-1.774233655E0
2.221705333E0,1.106812434E0,3.775892133E0,-1.923569789E0
2.231727333E0,-2.670951977E0,3.728607454E0,-1.854071392E0
2.241750333E0,-6.009704513E0,3.688323646E0,-1.828653545E0
2.251772333E0,-7.552349691E0,3.350111922E0,-2.062860552E0
2.261795333E0,-6.920029451E0,2.222482231E0,-2.005902532E0
2.271818333E0,-4.780002902E0,6.885675305E-1,-1.011335589E0
2.281840333E0,-2.326687800E0,-6.639156693E-1,6.774174750E-2
2.291863333E0,-4.207656384E-3,-1.218346319E0,-2.004823136E-1
2.301885333E0,2.156382966E0,-1.141956539E0,-9.745609877E-1
2.311908333E0,3.771389192E0,-8.720642674E-1,-1.379603171E0
2.321931333E0,4.616776707E0,-8.510634077E-1,-1.405877634E0
2.331953333E0,4.688913807E0,-9.924543446E-1,-1.745702605E0
2.341976333E0,3.967433469E0,-1.032901874E0,-2.763208176E0
2.351998333E0,2.256203708E0,-7.911668694E-1,-3.497915500E0
2.362021333E0,-1.619339597E-1,-1.737693089E-1,-3.550813214E0
2.372044333E0,-2.920718717E0,6.288715518E-1,-3.409913151E0
2.382066333E0,-5.452102334E0,1.294364215E0,-2.933956813E0
2.392089333E0,-6.908149663E0,1.463599008E0,-2.416921739E0
2.402111333E0,-6.858616730E0,1.173377137E0,-1.727847255E0
2.412134333E0,-5.598606661E0,7.383016080E-1,-8.922950488E-1
2.422157333E0,-3.837295498E0,5.148929465E-1,-3.576578093E-1
2.432179333E0,-2.218253524E0,4.482504755E-1,-3.036961949E-1
2.442202333E0,-1.208690227E0,5.915692395E-1,-1.651826727E-1
2.452224333E0,-9.801927334E-1,1.213211294E0,2.440464091E-1
2.462247333E0,-1.374664612E0,2.288186808E0,9.493919402E-1
2.472270333E0,-2.135797843E0,3.125705141E0,1.805231938E0
2.482292333E0,-2.651626929E0,3.389678276E0,2.681162385E0
2.492315333E0,-2.634919095E0,3.263232822E0,3.555807905E0
2.502337333E0,-1.924831472E0,2.875031497E0,4.174628971E0
2.512360333E0,-7.584663159E-1,2.098835254E0,3.682064202E0
2.522383333E0,4.534591752E-1,5.954003352E-1,2.098655745E0
2.532405333E0,2.060479859E0,-1.454293749E0,7.401654080E-1
2.542428333E0,4.227062708E0,-3.678655275E0,6.694243312E-2
2.552450333E0,6.221570771E0,-4.937407023E0,-5.813871905E-1
2.562473333E0,7.039465848E0,-4.522721905E0,-1.712289861E0
2.572496333E0,6.773185401E0,-2.660135797E0,-2.688532800E0
2.582518333E0,5.893436138E0,-1.718420666E-1,-2.589346481E0
2.592541333E0,4.857379106E0,1.454242879E0,-1.398956870E0
2.602563333E0,3.928443065E0,1.551887872E0,-1.235923049E-1
2.612586333E0,2.803347557E0,1.088677295E0,4.786352393E-1
2.622609333E0,1.482907684E0,1.024776583E0,6.876085871E-1
2.632631333E0,5.594054604E-1,1.287826443E0,7.017705435E-1
2.642654333E0,2.803564489E-1,1.235783885E0,7.093786481E-1
2.652676333E0,3.271160477E-1,6.621164811E-1,9.063766059E-1
2.662699333E0,3.252671582E-1,1.367254436E-2,1.606816908E0
2.672722333E0,4.821146250E-1,-6.173531216E-1,2.136561490E0
2.682744333E0,1.029470728E0,-1.350737806E0,1.814538659E0
2.692767333E0,1.379792621E0,-2.131529961E0,1.069580581E0
2.702789333E0,1.187481791E0,-2.495761210E0,3.301837894E-1
2.712812333E0,2.802500296E-1,-1.965367295E0,-3.008977175E-2
2.722835333E0,-9.693011248E-1,-1.144983643E0,1.401913807E-1
2.732857333E0,-1.988715227E0,-7.714529818E-1,2.255405563E-1
2.742880333E0,-2.421172957E0,-6.054031670E-1,2.857183456E-1
2.752902333E0,-2.077003505E0,-5.261137533E-1,1.700919950E-1
2.762925333E0,-1.235337158E0,-4.909982997E-1,1.243653068E-1
2.772948333E0,-7.158471304E-1,-1.625420702E-1,6.394924343E-1
2.782973708E0,-7.104314393E-1,2.783549470E-1,1.199535533E0
2.792996708E0,-9.085280889E-1,3.213062543E-1,1.589952076E0
2.803018708E0,-1.095578763E0,3.268763119E-1,1.662510175E0
2.813041708E0,-1.262997411E0,6.759901696E-1,1.387226771E0
2.823064708E0,-1.258259997E0,6.821437794E-1,9.951095653E-1
2.833086708E0,-1.158351547E0,3.724822551E-1,7.001935494E-1
2.843109708E0,-1.224947825E0,-2.107389146E-1,7.017997795E-1
2.853131708E0,-1.237701187E0,-5.319820189E-1,5.735329181E-1
2.863154708E0,-1.279197707E0,-3.482204032E-1,3.704386532E-2
2.873177708E0,-1.264456292E0,-3.613111496E-1,-1.152158761E-1
2.883199708E0,-6.938095593E-1,-3.379965466E-1,4.819345307E-1
2.893222708E0,1.630507779E-1,1.959477979E-1,3.200491029E-1
2.903244708E0,6.624334002E-1,6.423125464E-1,4.499818361E-1
2.913267708E0,8.758737284E-1,2.011424643E-1,8.945877421E-1
2.923290708E0,1.227116557E0,-2.290787065E-1,8.127840257E-1
2.933312708E0,1.328600248E0,-1.892416263E-1,6.257900691E-1
2.943335708E0,1.016632581E0,-3.201642931E-2,7.544317371E-1
2.953357708E0,7.012887329E-1,-7.060103595E-2,5.830551088E-1
2.963380708E0,2.230186522E-1,1.823056591E-1,2.383874738E-1
2.973403708E0,-4.584649765E-1,2.675206411E-1,1.634843490E-1
2.983425708E0,-6.730420035E-1,-2.202973580E-1,-2.606981099E-2
2.993448708E0,-6.672234392E-1,-5.586587709E-1,-4.264052778E-2
3.003470708E0,-7.003783214E-1,-5.661958319E-1,1.805088097E-1
3.013493708E0,-6.290457988E-1,-4.328991956E-1,3.890690517E-1
3.023516708E0,-2.957088983E-1,-9.146682501E-2,5.349702385E-1
3.033538708E0,2.542351824E-1,2.689315742E-1,8.056018907E-1
3.043561708E0,9.115347272E-1,3.366715676E-1,7.628575748E-1
3.053583708E0,1.271157201E0,3.899437952E-1,5.244502205E-1
3.063606708E0,1.390360293E0,2.073106921E-1,9.068943769E-2
3.073629708E0,1.101535322E0,-5.572688878E-2,-4.395679450E-1
3.083651708E0,2.360070723E-1,-3.261354697E-1,-7.485275111E-1
3.093674708E0,-6.594349480E-1,-6.583245617E-1,-7.959265029E-1
3.103696708E0,-9.522214079E-1,-6.751820844E-1,-7.449443373E-1
3.113719708E0,-7.091415435E-1,-2.071563256E-1,-7.083726346E-1
3.123742708E0,-3.172348380E-1,3.215728873E-1,-8.448133188E-1
3.133764708E0,-1.461844844E-1,4.963140035E-1,-5.370556480E-1
3.143787708E0,-1.774653339E-1,4.354760635E-1,4.309222519E-2
3.153809708E0,7.034785151E-3,1.761859632E-1,4.281120801E-1
3.163832708E0,4.047080147E-1,-9.936173558E-2,7.502521473E-1
3.173855708E0,1.043049717E0,-2.634082943E-1,8.526579434E-1
3.183877708E0,1.973804242E0,-1.973680866E-1,-1.695090276E-1
3.193900708E0,1.981781014E0,2.946119606E-2,-1.019764935E0
3.203922708E0,1.226840569E0,-1.482427043E-1,-7.528263840E-1
3.213945708E0,1.487093121E-1,7.350359380E-2,-5.497920531E-1
3.223968708E0,-8.424411035E-1,3.602586508E-1,-6.716331169E-1
3.233990708E0,-1.109683417E0,1.183903295E-1,-1.046511561E0
3.244013708E0,-1.010307063E0,-5.717816770E-2,-1.587350650E0
3.254035708E0,-1.178495790E0,-1.176676136E-1,-1.268046482E0
3.264058708E0,-9.886255878E-1,-4.480464077E-1,-7.439392009E-1
3.274081708E0,-5.512994653E-1,-4.131285900E-1,-7.295106116E-1
3.284103708E0,-2.662798619E-1,-2.918585068E-1,-8.715175527E-1
3.294126708E0,-3.790434158E-1,-1.187212819E-1,-4.307713938E-1
3.304148708E0,-5.802127773E-1,-2.147290546E-1,-5.095339733E-1
3.314171708E0,-6.457068551E-1,-3.839778811E-1,-1.542239381E0
3.324194708E0,-1.104538452E0,-2.439774120E-1,-1.821407091E0
3.334216708E0,-1.244109151E0,4.572464168E-2,-1.672705380E0
3.344239708E0,-9.336190760E-1,4.875116050E-2,-1.535084143E0
3.354261708E0,-5.951073897E-1,-3.177055389E-1,-1.118888689E0
3.364284708E0,-2.836700660E-1,-4.318279856E-1,-7.880871409E-1
3.374307708E0,1.586525023E-2,-1.935656422E-1,-5.753250897E-1
3.384329708E0,1.613305271E-1,1.552897686E-1,-2.900809532E-1
3.394352708E0,2.356708574E-1,2.931764692E-1,-2.845208359E-1
3.404374708E0,1.279598826E-1,2.080614746E-1,-4.134700674E-1
3.414397708E0,-3.041633874E-1,-8.104825616E-3,-2.795714602E-1
3.424419708E0,-5.218055248E-1,-2.661354357E-1,-4.265087736E-1
3.434442708E0,-5.669279033E-1,-2.409672654E-1,-6.968711615E-1
3.444465708E0,-6.738185138E-1,-1.652306199E-2,-7.869481033E-1
3.454487708E0,-7.156021321E-1,9.385248899E-2,-1.363207578E0
3.464510708E0,-1.204655063E0,2.565231979E-2,-1.508015043E0
3.474532708E0,-1.761438632E0,-3.459657168E-1,-9.600239325E-1
3.484555708E0,-1.739142614E0,-6.149516702E-1,-4.132958204E-1
3.494578708E0,-1.201306363E0,-4.317817926E-1,-3.561696929E-1
3.504600708E0,-3.011263436E-1,-1.170080477E-1,-5.972065401E-1
3.514623708E0,7.955633909E-1,2.021031618E-2,-7.879000300E-1
3.524645708E0,1.643304411E0,2.453678799E-1,-5.815848264E-1
3.534668708E0,2.395307214E0,4.883050722E-1,-6.011703676E-1
3.544691708E0,2.799312394E0,5.879498130E-1,-5.716255563E-1
3.554713708E0,2.865505798E0,3.170436341E-1,-7.181386542E-1
3.564736708E0,2.735081314E0,6.106539667E-2,-1.297780159E0
3.574758708E0,2.575069335E0,-2.698109955E-1,-1.511515186E0
3.584781708E0,3.167965892E0,-7.863838470E-1,-2.690140200E0
3.594804708E0,3.682048414E0,-9.094057560E-1,-3.772404561E0
3.604826708E0,3.549297908E0,-5.771488363E-1,-3.437358227E0
3.614849708E0,3.332886609E0,2.190220803E-1,-2.155946764E0
3.624871708E0,2.970522376E0,1.228719864E0,-1.098499448E0
3.634894708E0,2.072892913E0,1.645119386E0,-3.769460195E-1
3.644917708E0,8.635793728E-1,9.597736716E-1,3.561275929E-2
3.654939708E0,-4.629989076E-1,-3.093703330E-2,5.101374060E-1
3.664962708E0,-1.592292132E0,-6.491894567E-1,9.913386959E-1
3.674984708E0,-1.762267182E0,-8.527854127E-1,1.591924927E-1
3.685007708E0,-1.715450866E0,-5.491558760E-1,-1.678080726E-1
3.695030708E0,-1.658116577E0,-2.427506661E-1,-3.305887091E-1
3.705052708E0,-1.641459614E0,1.552593631E-1,-1.229801014E-1
3.715075708E0,-1.196373652E0,1.138821262E-1,6.432600877E-1
3.725097708E0,6.119959027E-1,-7.873954153E-1,-6.096295345E-1
3.735120708E0,2.497157525E0,-1.370687336E0,-2.416845725E0
3.745143708E0,3.139557195E0,-1.197790432E0,-2.540835641E0
3.755165708E0,2.814487088E0,-6.387521768E-1,-1.409787667E0
3.765188708E0,1.935727174E0,1.896064925E-1,-6.309932140E-1
3.775210708E0,7.843279660E-1,1.104679955E0,5.592908549E-1
3.785229833E0,1.819852316E-1,1.560060525E0,2.365412155E0
3.795252833E0,9.297534817E-1,7.868984020E-1,1.673495339E0
3.805274833E0,1.401139051E0,-6.663358319E-1,6.779185814E-1
3.815297833E0,7.168551904E-1,-1.707177055E0,4.753745395E-1
3.825319833E0,1.563837826E-2,-1.883393424E0,7.465868202E-1
3.835342833E0,-1.434251833E-1,-1.455614635E0,7.994763476E-1
3.845365833E0,-1.046844560E-1,-7.341033071E-1,1.188565572E0
3.855387833E0,-3.993981582E-1,8.090382993E-2,2.249598693E0
3.865410833E0,-4.068901956E-1,3.702755159E-1,1.758765285E0
3.875432833E0,-3.022349757E-1,9.785607755E-2,1.391473311E0
3.885455833E0,-3.397407711E-2,-2.559589416E-1,1.077410880E0
3.895478833E0,1.528965032E-1,-2.303446287E-1,1.671145928E-1
3.905500833E0,-2.394569296E-1,-7.917422354E-2,3.834212261E-1
3.915523833E0,-4.142769831E-1,1.591413295E-1,8.779559219E-1
3.925545833E0,-2.403082842E-1,3.642166311E-1,1.464635135E0
3.935568833E0,2.738058132E-1,6.220852733E-1,1.913799530E0
3.945591833E0,1.090332642E0,7.558356535E-1,2.527794011E0
3.955613833E0,2.294894149E0,-8.256268501E-4,1.856611276E0
3.965636833E0,2.913898525E0,-1.128650030E0,4.726596773E-2
3.975658833E0,2.166055430E0,-1.678613992E0,-7.070770378E-1
3.985681833E0,7.741830468E-1,-1.337403815E0,4.909088373E-2
3.995703833E0,-5.086586452E-1,-5.388203377E-1,1.149018075E0
4.005726833E0,-1.345068346E0,4.391808593E-1,1.798526351E0
4.015749833E0,-1.202467035E0,1.101753423E0,1.650093028E0
4.025771833E0,-2.770855165E-1,3.107789272E-1,3.468762745E-1
4.035794833E0,1.193568742E-1,-1.033724577E0,-9.962778389E-2
4.045816833E0,-2.267146772E-1,-1.062515683E0,4.891733837E-1
4.055839833E0,-5.924784815E-1,-2.916041529E-1,1.008377628E0
4.065862833E0,-3.545231169E-1,7.988407552E-2,1.469639767E0
4.075884833E0,6.834962404E-1,4.881431043E-2,1.316805244E0
4.085907833E0,2.147636116E0,-1.653499031E-1,8.568604834E-1
4.095929833E0,3.257068688E0,-6.242773944E-1,2.163108726E-1
4.105952833E0,2.994031107E0,-9.969549465E-1,-4.082754010E-1
4.115975833E0,1.493446705E0,-1.080253211E0,3.461083889E-1
4.125997833E0,2.079334205E-1,-1.006450825E0,1.309567414E0
4.136020833E0,-9.369321084E-1,-5.965089673E-1,1.937796503E0
4.146042833E0,-2.031083567E0,1.415885729E-1,2.214648131E0
4.156065833E0,-2.807390322E0,6.009657151E-1,2.497717103E0
4.166088833E0,-2.693788862E0,3.291479552E-1,2.279803655E0
4.176110833E0,-1.997047509E0,-4.110709548E-1,1.602752801E0
4.186133833E0,-1.353188374E0,-9.784093326E-1,1.508098658E0
4.196155833E0,-8.794814605E-1,-1.341458275E0,1.565984339E0
4.206178833E0,-8.131447989E-1,-1.264508040E0,1.417495467E0
4.216201833E0,-1.209561462E0,-6.212400582E-1,1.475568259E0
4.226223833E0,-1.715961912E0,2.351565948E-1,1.280674714E0
4.236246833E0,-1.883252506E0,8.088394940E-1,8.011504054E-1
4.246268833E0,-1.657348253E0,8.088304308E-1,4.406349888E-1
4.256291833E0,-1.348656782E0,3.585997957E-1,8.756280722E-1
4.266314833E0,-1.066223402E0,-3.671384847E-1,1.722089210E0
4.276336833E0,-6.289680308E-1,-1.075509365E0,2.865525094E0
4.286359833E0,1.479064894E-1,-1.236742536E0,3.187247670E0
4.296381833E0,3.789674020E-1,-9.838007578E-1,2.220937981E0
4.306404833E0,-4.312812710E-1,-6.833550301E-1,1.326016948E0
4.316426833E0,-1.697881152E0,-3.542307562E-1,8.327756560E-1
4.326449833E0,-2.623623444E0,2.757313013E-2,8.096551806E-1
4.336472833E0,-3.319244471E0,4.088987142E-1,1.018673917E0
4.346494833E0,-3.821789852E0,6.556532612E-1,1.269823451E0
4.356517833E0,-3.634484823E0,7.821346754E-1,1.598653902E0
4.366539833E0,-2.497523561E0,6.995652661E-1,2.198008125E0
4.376562833E0,-7.505526942E-1,-3.125863016E-2,2.996830169E0
4.386585833E0,9.546778232E-1,-1.216121453E0,2.752694297E0
4.396607833E0,1.711037387E0,-2.091834383E0,2.122716452E0
4.406630833E0,7.653742164E-1,-2.173077644E0,2.191990170E0
4.416652833E0,-8.998952597E-1,-1.650806973E0,2.622151115E0
4.426675833E0,-2.007463739E0,-8.473796618E-1,2.934267300E0
4.436698833E0,-2.358721771E0,-1.283238718E-1,2.427361650E0
4.446720833E0,-2.024017791E0,2.972838458E-1,1.061634507E0
4.456743833E0,-1.545238418E0,2.039921048E-1,2.124913251E-1
4.466765833E0,-1.199334682E0,-3.848479468E-1,6.542917371E-2
4.476788833E0,-6.855959755E-1,-1.051590745E0,-3.097129067E-1
4.486811833E0,-3.718706363E-1,-1.578754073E0,-1.274084902E-1
4.496833833E0,-1.210636765E-1,-1.622162633E0,5.704484387E-1
4.506856833E0,6.666293621E-1,-1.135052732E0,1.438216245E0
4.516878833E0,1.997539260E0,-3.472626293E-1,1.202834240E0
4.526901833E0,3.450351909E0,6.491953039E-1,-1.100914859E0
4.536924833E0,3.912414678E0,1.237142193E0,-2.592026260E0
4.546946833E0,3.312172848E0,1.124351450E0,-1.817955480E0
4.556969833E0,2.212861807E0,4.244742349E-1,-3.165577304E-1
4.566991833E0,1.013468068E0,-4.089773592E-1,8.427416503E-1
4.577014833E0,3.812074703E-1,-7.085039046E-1,1.004634680E0
4.587037833E0,1.951174933E-1,-4.919706917E-1,8.937200153E-1
4.597059833E0,2.815393406E-1,3.006112039E-2,1.198306156E0
4.607082833E0,8.490870488E-1,7.921006697E-1,8.950451405E-1
4.617104833E0,1.518422502E0,1.330164378E0,-2.191181939E-2
4.627127833E0,1.859031585E0,1.183841899E0,-1.007813226E0
4.637150833E0,1.514691979E0,1.730442542E-1,-1.441947938E0
4.647172833E0,8.076191801E-1,-1.234078837E0,-1.609388806E0
4.657195833E0,3.943830013E-1,-2.335942480E0,-1.634239472E0
4.667217833E0,2.173410058E-2,-2.680276532E0,-1.542207806E0
4.677240833E0,-5.152145433E-1,-2.230988468E0,-1.606648800E0
4.687263833E0,-1.057987599E0,-1.425885052E0,-1.378750062E0
4.697285833E0,-1.451507551E0,-6.677312699E-1,-9.915427637E-1
4.707308833E0,-1.428849006E0,1.937153310E-1,-1.279750854E0
4.717330833E0,-1.230572262E0,8.147060055E-1,-1.305141949E0
4.727353833E0,-5.470257354E-1,1.184008252E0,-1.313476424E0
4.737376833E0,4.846698582E-1,1.487203048E0,-1.407180394E0
4.747398833E0,1.639736440E0,1.400922704E0,-1.473236389E0
4.757421833E0,2.253395875E0,1.279142451E0,-1.828072332E0
4.767443833E0,1.960498318E0,1.158621396E0,-1.734738053E0
4.777466833E0,1.282765093E0,8.706167892E-1,-1.409244461E0
4.787492625E0,7.104600906E-1,6.484673256E-1,-1.591972289E0
4.797515625E0,3.743884474E-1,6.226550844E-1,-1.727667453E0
4.807538625E0,2.410000098E-1,6.631260028E-1,-1.553637943E0
4.817560625E0,1.666392142E-1,6.073415190E-1,-1.401986897E0
4.827583625E0,7.531856954E-2,6.165473753E-1,-1.171048703E0
4.837605625E0,2.906592429E-2,7.144255261E-1,-1.670782670E-1
4.847628625E0,3.154835969E-1,9.446784997E-1,1.496491058E-1
4.857651625E0,6.277301753E-1,1.182562236E0,-3.509453519E-1
4.867673625E0,4.526621997E-1,1.037250156E0,-3.034892035E-1
4.877696625E0,2.290751982E-1,4.845982298E-1,-4.365545824E-2
4.887718625E0,-2.352100968E-2,-1.004855704E-1,-1.746782586E-2
4.897741625E0,-5.351494557E-1,-4.844730994E-1,-2.106728411E-1
4.907764625E0,-9.032299268E-1,-5.670275983E-1,-3.701743591E-1
4.917786625E0,-1.056526964E0,-3.602659598E-1,-7.730826008E-1
4.927809625E0,-1.408400708E0,-8.153737575E-2,-1.188467558E0
4.937831625E0,-1.945392036E0,-3.894026354E-2,-1.480764095E0
4.947854625E0,-2.332443799E0,-8.312299445E-2,-1.421156409E0
4.957877625E0,-2.506737018E0,-2.569776727E-1,-1.100423766E0
4.967899625E0,-2.482771035E0,-3.967416219E-1,-7.904382332E-1
4.977922625E0,-2.076819318E0,-1.644649270E-1,-6.502502878E-1
4.987944625E0,-1.428407541E0,5.599966139E-2,-7.139718553E-1
4.997967625E0,-1.110996702E0,5.108317629E-2,-8.736911090E-1
5.007990625E0,-1.014722296E0,-8.597365826E-2,-1.320241360E0
5.018012625E0,-8.989474261E-1,-4.985166496E-1,-1.381446798E0
5.028035625E0,-6.440023917E-1,-9.093562008E-1,-6.450051892E-1
5.038057625E0,-2.487247664E-1,-9.366806781E-1,2.863592005E-1
5.048080625E0,2.578692269E-1,-5.268035786E-1,5.837159903E-1
5.058102625E0,8.113713384E-1,-4.148160964E-3,2.810054898E-1
5.068125625E0,8.983375615E-1,1.934795420E-1,-2.083281076E-1
5.078148625E0,3.819260931E-1,1.098354144E-1,-5.404796313E-1
5.088170625E0,-2.499035650E-1,-8.797413692E-2,-6.492118223E-1
5.098193625E0,-6.260865229E-1,-3.644040343E-1,-7.257179613E-1
5.108215625E0,-9.093203866E-1,-6.014807086E-1,-9.467893445E-1
5.118238625E0,-1.118878748E0,-6.319590278E-1,-1.035494968E0
5.128261625E0,-1.205788838E0,-3.793620890E-1,-9.390933855E-1
5.138283625E0,-7.844916880E-1,1.109314750E-1,-9.010135397E-1
5.148306625E0,1.310173917E-1,6.641697308E-1,-1.143282980E0
5.158328625E0,6.371400994E-1,1.020174825E0,-1.451191217E0
5.168351625E0,4.191447902E-1,1.074863248E0,-1.518297226E0
5.178374625E0,3.647446346E-1,9.489855587E-1,-1.680342429E0
5.188396625E0,7.528582513E-1,7.696501391E-1,-1.741100554E0
5.198419625E0,1.251094235E0,7.246889976E-1,-1.471328735E0
5.208441625E0,1.885127708E0,9.567373587E-1,-1.236068498E0
5.218464625E0,2.563260882E0,1.266023492E0,-1.008944955E0
5.228487625E0,2.925607574E0,1.567181995E0,-6.114022641E-1
5.238509625E0,2.901863201E0,1.661583976E0,-2.170683794E-1
5.248532625E0,2.734504779E0,1.517001337E0,-3.574628046E-1
5.258554625E0,2.518502786E0,1.188567765E0,-7.680072176E-1
5.268577625E0,2.283361686E0,6.920084707E-1,-1.028831627E0
5.278600625E0,1.563253105E0,2.495610644E-1,-8.790563679E-1
5.288622625E0,4.012049478E-1,-6.865230516E-2,-6.823276743E-1
5.298645625E0,-5.523016781E-1,-3.361187133E-1,-9.939576638E-1
5.308667625E0,-1.106715370E0,-3.476915225E-1,-1.376331946E0
5.318690625E0,-1.389565072E0,-1.793669946E-1,-1.485859358E0
5.328713625E0,-1.532969790E0,-2.672923073E-2,-1.169128843E0
5.338735625E0,-1.543039280E0,1.503447783E-1,-4.513628022E-1
5.348758625E0,-1.134141151E0,2.509138177E-1,3.392972597E-1
5.358780625E0,-3.713519883E-1,1.094531527E-1,1.043183911E0
5.368803625E0,2.378296494E-1,-1.403628503E-1,1.228918377E0
5.378826625E0,4.966081184E-1,-4.886388020E-1,1.281724581E0
5.388848625E0,6.115526837E-1,-9.413239521E-1,1.349252028E0
5.398871625E0,5.623583043E-1,-1.313786327E0,1.259750014E0
5.408893625E0,2.398855305E-1,-1.478217194E0,9.860057428E-1
5.418916625E0,-2.166592205E-1,-1.342349683E0,5.135489640E-1
5.428939625E0,-5.950547647E-1,-9.916553226E-1,-6.902521133E-2
5.438961625E0,-8.139809507E-1,-6.593525022E-1,4.971434310E-2
5.448984625E0,-8.818256092E-1,-4.193520740E-1,6.579193497E-1
5.459006625E0,-9.079854673E-1,-3.310342669E-1,1.462144367E0
5.469029625E0,-9.790852708E-1,-5.067369577E-1,1.782103862E0
5.479052625E0,-8.783348215E-1,-5.069316700E-1,1.182121210E0
5.489074625E0,-5.297483826E-1,-3.682307446E-1,4.683071561E-1
5.499097625E0,-4.592368090E-1,-3.393539777E-1,-2.677308485E-2
5.509119625E0,-5.897875929E-1,-9.800722808E-2,-1.779999156E-1
5.519142625E0,-7.165359324E-1,1.890498376E-1,3.645348658E-1
5.529164625E0,-9.101097608E-1,-1.294430289E-1,8.099374549E-1
5.539187625E0,-1.249227803E0,-5.136919284E-1,6.406396580E-1
5.549210625E0,-1.335509902E0,-6.836663944E-1,-1.270351455E-2
5.559232625E0,-1.132567665E0,-6.145780331E-1,-4.340690772E-1
5.569255625E0,-7.761301696E-1,-5.012815055E-1,-6.871786706E-1
5.579277625E0,-5.794234031E-1,-3.510016313E-1,-1.018408235E0
5.589300625E0,-3.241427386E-1,1.904525846E-2,-1.409118161E0
5.599323625E0,-6.474621892E-3,4.163857815E-1,-1.545542181E0
5.609345625E0,7.243413806E-2,2.924578464E-1,-8.766312352E-1
5.619368625E0,2.451152802E-3,-2.758885914E-1,5.253460139E-2
5.629390625E0,8.269541681E-2,-8.120387980E-1,6.363328913E-1
5.639413625E0,4.290809637E-1,-1.236223888E0,1.262714406E0
5.649436625E0,1.163840328E0,-1.550770469E0,1.491726454E0
5.659458625E0,1.957909171E0,-1.460707853E0,1.213150044E0
5.669481625E0,2.407051347E0,-6.635604510E-1,9.170200002E-1
5.679503625E0,2.540288342E0,5.658897302E-1,9.337661335E-1
5.689526625E0,2.407406273E0,1.818322392E0,1.060471204E0
5.699549625E0,2.259388102E0,2.615185619E0,1.294759779E0
5.709571625E0,2.313590621E0,2.542176115E0,1.367156495E0
5.719594625E0,2.501779749E0,1.709818535E0,1.144870207E0
5.729616625E0,2.767080787E0,5.218134186E-1,1.167869352E0
5.739639625E0,2.554893517E0,-5.912985134E-1,1.335243269E0
5.749662625E0,1.592319614E0,-1.501813486E0,1.323467854E0
5.759684625E0,4.710715735E-1,-2.169815190E0,1.438710920E0
5.769707625E0,-2.471787626E-1,-2.300129454E0,1.168338007E0
5.779729625E0,-5.243221664E-1,-1.645063253E0,8.490323773E-1
5.789749458E0,-2.514168245E-1,-3.990335843E-1,5.060873321E-1
5.799772458E0,4.057991052E-1,8.234625033E-1,1.345447245E-1
5.809794458E0,1.269053373E0,1.506055056E0,1.005297169E-1
5.819817458E0,2.462862436E0,1.640611475E0,4.616262737E-1
5.829839458E0,3.441427304E0,1.450410906E0,1.098020853E0
5.839862458E0,4.008026009E0,1.076898956E0,1.886569339E0
5.849885458E0,4.433570577E0,6.993087195E-1,2.238522605E0
5.859907458E0,4.741660370E0,2.978557035E-1,1.568892452E0
5.869930458E0,4.451618593E0,-3.541480181E-1,3.537986469E-1
5.879952458E0,3.227074810E0,-9.839055692E-1,-6.366284680E-1
5.889975458E0,1.783463924E0,-1.272395641E0,-8.118543184E-1
5.899998458E0,9.962550348E-1,-1.233671578E0,-3.516737688E-1
5.910020458E0,5.623869556E-1,-9.906611498E-1,6.598825523E-1
5.920043458E0,1.917489123E-1,-3.257934076E-1,1.385660594E0
5.930065458E0,1.995982146E-1,3.946411559E-1,1.950375326E0
5.940088458E0,3.422767085E-1,6.236972044E-1,1.895573174E0
5.950111458E0,3.283866477E-1,2.575485072E-1,1.377392339E0
5.960133458E0,3.564907050E-1,-6.593517713E-1,1.743419268E0
5.970156458E0,1.740926600E-1,-1.825693392E0,2.423433491E0
5.980178458E0,-2.848623133E-1,-2.513606620E0,3.077509173E0
5.990201458E0,-9.151787120E-1,-2.362214313E0,3.688085665E0
6.000223458E0,-1.403735799E0,-1.693506265E0,3.748438286E0
6.010246458E0,-1.469784193E0,-1.098914819E0,3.376118291E0
6.020269458E0,-1.314315500E0,-7.614453992E-1,2.281691429E0
6.030291458E0,-1.252623281E0,-7.329791799E-1,7.332823581E-1
6.040314458E0,-1.408280255E0,-7.936715973E-1,-8.752346277E-2
6.050336458E0,-2.203065382E0,-8.786101522E-1,2.137274265E-2
6.060359458E0,-3.222748455E0,-7.749314904E-1,7.635329282E-1
6.070382458E0,-3.671524596E0,-6.476561706E-1,1.999076493E0
6.080404458E0,-3.187551726E0,-5.547143854E-1,2.541135896E0
6.090427458E0,-1.852876221E0,-3.140864047E-1,2.580685293E0
6.100449458E0,-2.642654961E-1,-5.943431586E-2,2.545711634E0
6.110472458E0,7.092280823E-1,-2.209812630E-2,2.467160724E0
6.120495458E0,1.006405216E0,-4.858978100E-1,2.476223616E0
6.130517458E0,9.685608673E-1,-1.368492438E0,2.341362264E0
6.140540458E0,2.852570003E-1,-2.133411595E0,1.847205299E0
6.150562458E0,-9.306516141E-1,-2.181644838E0,1.485395382E0
6.160585458E0,-1.606079282E0,-1.524946241E0,9.957606527E-1
6.170608458E0,-1.396912099E0,-7.768229185E-1,3.248031816E-1
6.180630458E0,-1.128164127E0,-2.002588038E-1,-4.096237689E-2
6.190653458E0,-6.897755653E-1,2.902567352E-1,2.946075752E-1
6.200675458E0,2.575102079E-1,4.610947252E-1,1.308120667E0
6.210698458E0,1.594256796E0,1.958466776E-1,1.904791017E0
6.220721458E0,3.140073504E0,-8.280775644E-2,1.975659856E0
6.230743458E0,4.195278997E0,-5.143550392E-1,1.731438907E0
6.240766458E0,4.502930249E0,-8.790841421E-1,1.150492889E0
6.250788458E0,4.334030501E0,-9.508056508E-1,3.385511550E-1
6.260811458E0,3.972652693E0,-9.145157108E-1,-7.224745108E-1
6.270834458E0,3.900522026E0,-7.155455603E-1,-1.581145877E0
6.280856458E0,3.882104466E0,-4.494135598E-1,-1.623775295E0
6.290879458E0,3.406787814E0,-2.365606575E-1,-1.135848538E0
6.300901458E0,2.624009945E0,6.260317784E-2,-5.847427614E-1
6.310924458E0,2.093115508E0,3.863080696E-1,-3.599557650E-1
6.320947458E0,2.186196749E0,4.430456496E-1,-4.125326125E-1
6.330969458E0,2.848712595E0,2.621229850E-1,-5.393212979E-1
6.340992458E0,3.559428794E0,-3.717257716E-2,-6.645288961E-1
6.351014458E0,4.157962652E0,-4.918824718E-1,-8.157756074E-1
6.361037458E0,4.386535574E0,-1.144575653E0,-1.198638278E0
6.371060458E0,3.953107206E0,-1.918304225E0,-1.651395349E0
6.381082458E0,2.659077451E0,-2.556025538E0,-1.805631888E0
6.391105458E0,7.931859130E-1,-2.628305894E0,-1.496903579E0
6.401127458E0,-1.230683359E0,-2.616658825E0,-1.526815449E0
6.411150458E0,-2.646187264E0,-2.657462158E0,-2.287192051E0
6.421173458E0,-2.766584943E0,-2.333868473E0,-2.866372941E0
6.431195458E0,-1.832489904E0,-1.996526376E0,-3.208877106E0
6.441218458E0,-7.629844594E-1,-2.235563475E0,-3.914660593E0
6.451240458E0,-5.470596492E-2,-2.677709019E0,-4.602151651E0
6.461263458E0,4.298077726E-1,-3.069964219E0,-4.663415269E0
6.471286458E0,6.589525527E-1,-3.390465896E0,-4.436125810E0
6.481308458E0,7.395763010E-1,-3.678350928E0,-4.353936177E0
6.491331458E0,9.601964253E-1,-3.658220718E0,-4.547034627E0
6.501353458E0,1.481406119E0,-3.145808161E0,-4.523015435E0
6.511376458E0,2.291167719E0,-2.281836440E0,-4.172567242E0
6.521399458E0,3.084435493E0,-1.398785693E0,-3.691160423E0
6.531421458E0,3.646310817E0,-6.234098138E-1,-3.231427478E0
6.541444458E0,3.662836803E0,3.397115350E-2,-2.896813253E0
6.551466458E0,3.076074559E0,4.773188849E-1,-2.294934203E0
6.561489458E0,2.380245371E0,5.174338540E-1,-1.256006773E0
6.571512458E0,2.042706077E0,2.140154019E-1,-1.222938137E0
6.581534458E0,1.588483840E0,-8.135698915E-2,-2.560436093E0
6.591557458E0,8.821822894E-1,-1.817022264E-3,-4.046001921E0
6.601579458E0,2.717025697E-2,4.532518914E-1,-4.834625251E0
6.611602458E0,-6.693512410E-1,1.235786809E0,-5.341293504E0
6.621624458E0,-1.314036587E0,2.347747132E0,-5.441410700E0
6.631647458E0,-2.164894173E0,3.488738295E0,-5.001950344E0
6.641670458E0,-3.208388863E0,4.679758236E0,-4.249286220E0
6.651692458E0,-4.244989686E0,5.505897303E0,-3.524300476E0
6.661715458E0,-5.098557456E0,5.656169575E0,-3.123856251E0
6.671737458E0,-5.916161926E0,5.096710321E0,-3.470541176E0
6.681760458E0,-6.404332513E0,4.123371109E0,-3.512777368E0
6.691783458E0,-6.295809360E0,3.084047530E0,-3.194282455E0
6.701805458E0,-5.392453718E0,2.438998779E0,-2.713247226E0
6.711828458E0,-3.786070381E0,2.322512011E0,-2.122736918E0
6.721850458E0,-2.095685359E0,2.322847933E0,-1.792862738E0
6.731873458E0,-9.229432297E-1,2.328112766E0,-1.902839509E0
6.741896458E0,-5.578173566E-1,2.198742535E0,-2.400116549E0
6.751918458E0,-1.031337744E0,1.981292771E0,-2.124559495E0
6.761941458E0,-1.583265785E0,1.840956672E0,-1.512147855E0
6.771963458E0,-1.485169972E0,2.099069728E0,-1.747738606E0
6.781986458E0,-8.819536632E-1,2.772126934E0,-2.622890203E0
6.792009583E0,-5.508369505E-2,3.993422588E0,-2.947675551E0
6.802031583E0,7.325836158E-1,4.732162737E0,-2.356820841E0
6.812054583E0,9.010489154E-1,4.874324922E0,-1.050695536E0
6.822076583E0,5.644141853E-2,4.806475586E0,6.775624859E-1
6.832099583E0,-1.134683188E0,4.535479360E0,1.834118353E0
6.842122583E0,-1.357139922E0,4.204525200E0,1.632802227E0
6.852144583E0,-1.227441663E-1,4.094094685E0,9.795898855E-1
6.862167583E0,1.665146100E0,4.361260985E0,7.161693851E-1
6.872189583E0,3.087762558E0,4.791942916E0,4.885138909E-1
6.882212583E0,3.555685406E0,5.017275311E0,-2.221941217E-1
6.892235583E0,2.953441490E0,4.826788813E0,-5.977689692E-1
6.902257583E0,1.657420174E0,3.697393262E0,-8.265413547E-1
6.912280583E0,-1.653551656E-1,1.631995896E0,-1.267410890E0
6.922302583E0,-2.170927915E0,-8.216478199E-1,-1.876587850E0
6.932325583E0,-3.761415596E0,-3.451337165E0,-2.759826146E0
6.942348583E0,-4.673722156E0,-5.786920334E0,-3.365322869E0
6.952370583E0,-4.933046755E0,-6.996443789E0,-3.096935670E0
6.962393583E0,-3.975530108E0,-6.364491924E0,-2.086755491E0
6.972415583E0,-1.581089451E0,-3.609244148E0,-1.129452780E0
6.982438583E0,8.208432430E-1,-3.374626958E-1,-8.389853990E-1
6.992461583E0,2.144492068E0,1.923389549E0,-8.042679946E-1
7.002483583E0,2.249485842E0,2.709272289E0,-3.858742793E-1
7.012506583E0,1.237950279E0,2.061308409E0,3.768518794E-1
7.022528583E0,-3.264389402E-1,4.640823966E-1,1.245764498E0
7.032551583E0,-1.425099186E0,-1.053000509E0,1.361070713E0
7.042574583E0,-1.516180095E0,-1.973302551E0,1.039403393E0
7.052596583E0,-9.264983368E-1,-2.566696706E0,1.072337105E0
7.062619583E0,-3.766776323E-1,-3.064405271E0,1.479947823E0
7.072641583E0,-2.685234386E-1,-3.282040976E0,1.365779622E0
7.082664583E0,-6.747751182E-1,-2.741469398E0,9.280827861E-1
7.092686583E0,-1.414143258E0,-1.729387119E0,4.162166508E-1
7.102709583E0,-1.935439491E0,-6.475528210E-1,-3.245403492E-1
7.112732583E0,-1.676152314E0,1.914343321E-1,-1.286442115E0
7.122754583E0,-2.675153786E-1,5.565748233E-1,-2.648185258E0
7.132777583E0,1.732523566E0,7.336735368E-1,-3.848703124E0
7.142799583E0,3.306012222E0,7.372613883E-1,-4.119896693E0
7.152822583E0,4.137882729E0,4.166562152E-1,-2.984282044E0
7.162845583E0,4.391499276E0,-4.151230752E-2,-9.410777843E-1
7.172867583E0,4.758645946E0,-5.308330411E-1,6.802674079E-1
7.182890583E0,5.334227729E0,-1.012120870E0,1.674721500E0
7.192912583E0,5.682935790E0,-1.557854370E0,1.842600324E0
7.202935583E0,5.589695504E0,-1.830931621E0,9.249081865E-1
7.212958583E0,4.774477283E0,-1.323184556E0,-1.157739928E-1
7.222980583E0,3.171301144E0,-3.821804470E-1,-7.076063570E-1
7.233003583E0,1.239011548E0,3.030149943E-1,-1.253883064E0
7.243025583E0,-1.130149841E-1,2.866948307E-1,-1.621008977E0
7.253048583E0,-2.646952665E-1,-4.288733876E-1,-1.306341359E0
7.263071583E0,2.990371335E-1,-1.391451969E0,-7.571065459E-1
7.273093583E0,9.454813224E-1,-2.070827676E0,-8.028876132E-1
7.283116583E0,1.349080705E0,-2.161930220E0,-1.265135446E0
7.293138583E0,1.501112405E0,-1.880256978E0,-1.433786102E0
7.303161583E0,1.526577029E0,-1.518681534E0,-1.447402221E0
7.313184583E0,1.439200332E0,-1.217701955E0,-1.393198532E0
7.323206583E0,1.687024042E0,-7.315641537E-1,-1.120482640E0
7.333229583E0,2.261148698E0,-6.174893618E-2,-2.402246690E-1
7.343251583E0,2.724582639E0,2.361120299E-1,1.184064678E0
7.353274583E0,2.733383868E0,-2.730851439E-1,2.148188386E0
7.363296583E0,2.357283356E0,-1.388485968E0,2.207799287E0
7.373319583E0,2.141322293E0,-2.628456168E0,2.140808907E0
7.383342583E0,1.737004872E0,-3.683574245E0,1.902931018E0
7.393364583E0,6.039021868E-1,-4.088091641E0,1.400356109E0
7.403387583E0,-5.198046076E-1,-3.755290638E0,1.293994671E0
7.413409583E0,-1.213860335E0,-2.917993914E0,1.719024684E0
7.423432583E0,-1.462320807E0,-1.976763810E0,2.408199740E0
7.433455583E0,-1.255502450E0,-1.145363712E0,3.401198460E0
7.443477583E0,-7.206418473E-1,-1.064882928E0,4.860058300E0
7.453500583E0,2.190366983E-2,-1.818165541E0,6.197608296E0
7.463522583E0,7.114751673E-1,-2.813538085E0,6.719598593E0
7.473545583E0,1.185147582E0,-3.184277285E0,5.629281154E0
7.483568583E0,1.363249678E0,-2.811805555E0,3.731148654E0
7.493590583E0,1.612088465E0,-1.438427330E0,1.536484551E0
7.503613583E0,9.880081218E-1,1.928937972E-1,-2.843512666E-1
7.513635583E0,-5.645679671E-1,1.205542524E0,-1.703521961E-1
7.523658583E0,-2.309528561E0,8.863691881E-1,1.383184006E0
7.533681583E0,-3.304801848E0,-5.574941517E-1,3.200955298E0
7.543703583E0,-2.840528832E0,-1.957530271E0,3.871197070E0
7.553726583E0,-1.543597105E0,-2.619281009E0,3.265004529E0
7.563748583E0,-1.451045036E-1,-2.370121795E0,2.486201597E0
7.573771583E0,6.276015365E-1,-1.434869299E0,1.624215006E0
7.583794583E0,3.307085770E-1,-4.181199194E-1,1.639565116E0
7.593816583E0,-4.049489200E-1,1.630958015E-1,2.833253142E0
7.603839583E0,-6.915852785E-1,1.690847390E-1,3.718249111E0
7.613861583E0,9.896997213E-3,8.675872006E-2,3.866448546E0
7.623884583E0,1.125564455E0,-7.262461111E-3,3.519037398E0
7.633907583E0,2.007390064E0,-1.147724379E-1,2.678359230E0
7.643929583E0,2.625491629E0,-3.204683483E-2,1.464776638E0
7.653952583E0,3.098616745E0,3.953598518E-1,5.959914887E-1
7.663974583E0,3.553831254E0,6.984034974E-1,-3.222985268E-3
7.673997583E0,3.222546726E0,8.385867651E-1,1.888562948E-1
7.684020583E0,1.551798994E0,5.226475239E-1,1.860027950E0
7.694042583E0,-5.462702751E-1,-4.483553600E-1,4.527263437E0
7.704065583E0,-2.272605148E0,-2.077489263E0,6.723192877E0
7.714087583E0,-2.574589278E0,-3.659507398E0,6.862733755E0
7.724110583E0,-9.997920156E-1,-4.026022570E0,4.395843757E0
7.734133583E0,1.032763295E0,-2.939095931E0,1.288281357E0
7.744155583E0,1.993184254E0,-1.051414013E0,-7.132410264E-1
7.754178583E0,1.439323708E0,7.053686276E-1,-1.073240646E0
7.764200583E0,2.000917196E-1,1.567735873E0,4.050904226E-1
7.774223583E0,-8.089552689E-1,1.461700417E0,2.548727043E0
7.784245583E0,-8.085892332E-1,8.481643581E-1,4.068651695E0
7.794268333E0,8.086260706E-1,1.019478494E-1,3.922111700E0
7.804291333E0,2.747182127E0,-5.703895281E-1,2.295582367E0
7.814313333E0,3.863533709E0,-1.093069431E0,1.332317615E0
7.824336333E0,3.948076846E0,-1.280178870E0,1.173860702E0
7.834358333E0,2.751480415E0,-1.021404933E0,9.703699958E-1
7.844381333E0,1.341823726E0,-5.620019165E-1,1.614209543E0
7.854404333E0,6.223916674E-1,-2.680112773E-1,2.952754150E0
7.864426333E0,7.783690685E-1,-2.805609735E-1,2.972557792E0
7.874449333E0,1.916250098E0,-4.772723630E-1,1.809615596E0
7.884471333E0,3.241785235E0,-5.573975630E-1,-4.591479313E-1
7.894494333E0,3.109377961E0,-6.684263577E-1,-2.881856368E0
7.904517333E0,1.749362962E0,-1.012363602E0,-3.342519605E0
7.914539333E0,1.693646014E-1,-1.653531629E0,-2.038533504E0
7.924562333E0,-1.638657044E0,-2.561702015E0,-2.522792888E-1
7.934584333E0,-2.900027760E0,-3.282922444E0,1.355648005E0
7.944607333E0,-2.722041439E0,-3.478955904E0,2.403470804E0
7.954630333E0,-1.287198452E0,-3.007921752E0,2.426348328E0
7.964652333E0,3.478362411E-1,-2.220759933E0,1.461425891E0
7.974675333E0,1.311505913E0,-1.504613718E0,4.639730537E-1
7.984697333E0,1.621746896E0,-1.108196251E0,-2.500702107E-1
7.994720333E0,1.493906881E0,-1.144148441E0,-1.013749027E0
8.004743333E0,1.046900693E0,-1.551760987E0,-1.613507292E0
8.014765333E0,4.744056559E-1,-2.083558526E0,-1.761512307E0
8.024788333E0,-3.450441957E-1,-2.432331199E0,-1.380405701E0
8.034810333E0,-1.390961387E0,-2.659426822E0,-7.616884241E-1
8.044833333E0,-2.284011896E0,-2.520356353E0,-7.751148006E-1
8.054856333E0,-2.920369638E0,-2.138526154E0,-1.266159878E0
8.064878333E0,-3.274236113E0,-1.582257286E0,-1.360478390E0
8.074901333E0,-3.452975555E0,-9.948834242E-1,-1.214057386E0
8.084923333E0,-3.188875535E0,-4.944955194E-1,-1.707620859E0
8.094946333E0,-2.250291588E0,2.717581183E-2,-1.953194853E0
8.104969333E0,-1.048753091E0,5.700415456E-1,-1.350414747E0
8.114991333E0,-1.591039073E-1,7.794524114E-1,-1.077714058E0
8.125014333E0,2.804342169E-1,6.837348068E-1,-9.559393600E-1
8.135036333E0,4.083783120E-1,5.571466810E-1,-1.065399237E0
8.145059333E0,2.280636299E-1,4.586702138E-1,-1.114980702E0
8.155081333E0,2.201184332E-2,2.945017406E-1,-1.626708258E0
8.165104333E0,-2.305861187E-1,1.690412503E-1,-2.167720425E0
8.175127333E0,-4.346288019E-1,5.578477621E-2,-2.394393879E0
8.185149333E0,-9.030147493E-1,-8.349590063E-2,-2.268613254E0
8.195172333E0,-1.513416701E0,-2.075200224E-1,-1.829242945E0
8.205194333E0,-1.962645416E0,-2.086105281E-1,-1.656010118E0
8.215217333E0,-2.224128222E0,1.647298059E-1,-1.471078474E0
8.225240333E0,-2.090269083E0,7.042357296E-1,-1.422751237E0
8.235262333E0,-1.541132503E0,1.005806462E0,-1.840847329E0
8.245285333E0,-9.873427087E-1,9.770138946E-1,-1.684407413E0
8.255307333E0,-8.015310591E-1,7.925435963E-1,-1.216108589E0
8.265330333E0,-1.146302190E0,5.008242533E-1,-5.102908954E-1
8.275353333E0,-1.413345698E0,2.022876415E-1,-4.418123987E-1
8.285375333E0,-9.541702849E-1,2.357468712E-1,-1.357032334E0
8.295398333E0,2.641538143E-2,4.356848091E-1,-2.137621882E0
8.305420333E0,6.826308525E-1,4.062572345E-1,-1.927540487E0
8.315443333E0,7.689187986E-1,3.751901007E-1,-1.085326256E0
8.325466333E0,3.552247828E-1,4.484644836E-1,-5.548001933E-1
8.335488333E0,-5.155712235E-1,5.520973179E-1,-7.135860121E-1
8.345511333E0,-1.217846966E0,5.225957760E-1,-7.187780473E-1
8.355533333E0,-1.524146342E0,2.787449563E-1,-5.548221204E-1
8.365556333E0,-1.623490536E0,1.462181059E-1,-7.484982750E-1
8.375579333E0,-1.964628206E0,2.286448431E-1,-1.281088112E0
8.385601333E0,-2.327031031E0,4.539842552E-1,-1.251283100E0
8.395624333E0,-1.965502950E0,5.666396356E-1,-1.100110356E0
8.405646333E0,-1.300172254E0,7.654654330E-1,-1.526673801E0
8.415669333E0,-7.557093537E-1,9.385359997E-1,-1.582320875E0
8.425692333E0,-1.831295317E-1,8.975712839E-1,-1.509092393E0
8.435714333E0,2.077498180E-1,6.940256140E-1,-1.872722840E0
8.445737333E0,2.507443947E-1,4.491576710E-1,-2.093878862E0
8.455759333E0,6.608113825E-2,3.085794970E-1,-1.456609539E0
8.465782333E0,-2.698226899E-1,2.140428838E-1,-7.530754754E-1
8.475805333E0,-1.063354758E0,2.401316983E-1,-3.977495357E-1
8.485827333E0,-1.823192831E0,2.834700912E-1,-4.707309732E-1
8.495850333E0,-2.229814054E0,3.652235216E-1,-8.666517922E-1
8.505872333E0,-2.106844770E0,3.702337083E-1,-1.200571368E0
8.515895333E0,-1.578640053E0,3.110981852E-1,-9.215624097E-1
8.525918333E0,-1.077820770E0,-1.592307919E-1,-1.597497323E-1
8.535940333E0,-5.225639087E-1,-7.290049736E-1,-1.930809081E-1
8.545963333E0,-7.062325537E-2,-6.609840216E-1,-5.989273757E-2
8.555985333E0,6.137880743E-2,-4.681609757E-1,1.449934065E-1
8.566008333E0,1.149615222E-1,-3.394763307E-1,-3.685865477E-1
8.576030333E0,1.873681784E-2,7.639372632E-2,-1.077383105E0
8.586053333E0,-5.650620568E-1,7.550301996E-1,-1.657597052E0
8.596076333E0,-1.490249448E0,1.114834376E0,-1.894634696E0
8.606098333E0,-1.964254569E0,9.795308286E-1,-2.089286166E0
8.616121333E0,-1.743482417E0,5.673239060E-1,-1.801599648E0
8.626143333E0,-1.211258909E0,-1.302185158E-1,-1.015591485E0
8.636166333E0,-8.674344420E-1,-7.286472702E-1,-6.257444608E-1
8.646189333E0,-7.807132173E-1,-6.709364212E-1,-3.396942857E-1
8.656211333E0,-8.067754269E-1,-2.303652401E-1,-1.872243369E-1
8.666234333E0,-8.439058310E-1,2.514836289E-1,-1.060928164E0
8.676256333E0,-3.208349687E-1,5.876761633E-1,-1.599725112E0
8.686279333E0,4.041273862E-1,5.341929974E-1,-1.048173924E0
8.696302333E0,5.069892651E-1,1.353206500E-1,-4.214708126E-1
8.706324333E0,2.185034323E-1,-2.889877432E-1,-3.021908292E-1
8.716347333E0,1.271167141E-1,-2.952148086E-1,-3.940432781E-1
8.726369333E0,2.268696284E-1,7.011988319E-2,-5.211386499E-1
8.736392333E0,3.313693124E-1,2.647539579E-1,-7.976441225E-1
8.746415333E0,3.583243918E-1,3.277226964E-1,-1.085346136E0
8.756437333E0,1.450682509E-1,1.914792826E-1,-5.117652708E-1
8.766460333E0,-4.443737715E-1,-3.191234521E-1,-2.395656878E-1
8.776482333E0,-7.581926662E-1,-4.629154386E-1,-6.216090176E-1
8.786506083E0,-5.759191668E-1,-3.668673932E-1,-6.487743044E-1
8.796529083E0,-2.268468243E-1,-2.940810152E-1,-8.123922622E-1
8.806551083E0,3.091715276E-1,-7.689199132E-2,-1.015027521E0
8.816574083E0,7.155424905E-1,6.940779740E-2,-8.438988143E-1
8.826596083E0,6.633479047E-1,1.391075262E-1,-5.422356963E-1
8.836619083E0,5.376754528E-1,9.104887700E-2,-2.167951682E-1
8.846642083E0,4.949451703E-1,-5.646528248E-3,-2.519784495E-1
8.856664083E0,3.136475712E-1,-5.219385490E-2,-1.125188479E-1
8.866687083E0,-6.335867465E-2,-3.092826247E-1,2.941792667E-1
8.876709083E0,-6.207760817E-1,-5.474486353E-1,-1.314459926E-1
8.886732083E0,-8.662620753E-1,-4.401360751E-1,-5.082528484E-1
8.896755083E0,-8.133857042E-1,-4.157963090E-1,-7.869521964E-1
8.906777083E0,-6.329113930E-1,-4.090336387E-1,-1.600115122E0
8.916800083E0,5.713372886E-2,-3.500410069E-1,-2.233102528E0
8.926822083E0,1.102643954E0,-3.520379772E-1,-2.067200648E0
8.936845083E0,1.793655036E0,-5.003105023E-1,-1.721244872E0
8.946867083E0,1.828229038E0,-7.213613471E-1,-1.264240530E0
8.956890083E0,1.535158403E0,-7.553911190E-1,-7.424730116E-1
8.966913083E0,1.105706141E0,-5.065518934E-1,-2.875400457E-1
8.976935083E0,6.678064066E-1,-3.049510074E-1,-9.621593356E-3
8.986958083E0,5.435571671E-1,3.505668908E-2,1.579347566E-1
8.996980083E0,5.457750160E-1,1.583845536E-1,2.641701865E-1
9.007003083E0,4.657231253E-1,-2.054169251E-1,2.143843612E-1
9.017026083E0,4.163088906E-1,-7.003739360E-1,-3.566675833E-1
9.027048083E0,2.353346425E-1,-1.119784336E0,-8.488280171E-1
9.037071083E0,-4.089425683E-2,-1.395226346E0,-1.356613088E0
9.047093083E0,-1.723589605E-1,-1.408369571E0,-2.028875073E0
9.057116083E0,-2.292319036E-1,-1.125471046E0,-2.567172085E0
9.067139083E0,-1.597120178E-1,-7.429042438E-1,-2.564194683E0
9.077161083E0,-1.171062809E-1,-3.727453798E-1,-1.953688066E0
9.087184083E0,-1.223336917E-1,-1.807891837E-1,-8.521913356E-1
9.097206083E0,1.084699434E-1,-2.855044837E-1,7.689772707E-1
9.107229083E0,9.458257234E-1,-6.735537811E-1,2.228623561E0
9.117252083E0,2.422262294E0,-9.748130026E-1,3.260113333E0
9.127274083E0,4.056570763E0,-1.000005293E0,3.451459957E0
9.137297083E0,5.268954091E0,-7.185668166E-1,2.844663983E0
9.147319083E0,5.931800889E0,-1.382119520E-1,1.996409578E0
9.157342083E0,6.448801172E0,8.003453900E-1,1.355752378E0
9.167365083E0,6.582490742E0,1.715174439E0,3.194538563E-1
9.177387083E0,6.113456923E0,2.301717996E0,-1.561919940E0
9.187410083E0,4.236572619E0,2.002604703E0,-2.139209694E0
9.197432083E0,8.411541313E-1,8.132395238E-1,-1.143241172E0
9.207455083E0,-2.275967882E0,-6.176538147E-1,7.668588245E-1
9.217477083E0,-4.149066113E0,-1.887938903E0,1.995459990E0
9.227500083E0,-4.791523086E0,-2.873082036E0,1.890237005E0
9.237523083E0,-4.561672547E0,-3.292798099E0,9.026253247E-1
9.247545083E0,-4.013570339E0,-2.921146148E0,3.216319442E-1
9.257568083E0,-3.463174853E0,-1.986157362E0,9.571745843E-1
9.267590083E0,-2.780953891E0,-1.043758546E0,2.201005992E0
9.277613083E0,-1.227020078E0,-2.494379805E-1,3.442799061E0
9.287636083E0,1.133152971E0,2.754794325E-1,3.960222682E0
9.297658083E0,3.279719047E0,1.252150534E-1,3.500019913E0
9.307681083E0,4.206552429E0,-2.064624073E-1,3.108911353E0
9.317703083E0,3.711141821E0,-5.107800150E-1,2.928604272E0
9.327726083E0,2.752899535E0,-6.793325843E-1,2.833295242E0
9.337749083E0,1.908663921E0,-2.839597955E-1,2.999072576E0
9.347771083E0,1.105903192E0,2.731056091E-1,3.196673967E0
9.357794083E0,5.547680336E-1,4.637080286E-1,3.531097280E0
9.367816083E0,3.211881405E-1,1.843074533E-1,3.698314784E0
9.377839083E0,4.337797862E-1,-3.061099255E-1,2.850342799E0
9.387862083E0,2.888565463E-1,-5.024066560E-1,1.877481889E0
9.397884083E0,-3.935901189E-1,-2.316732623E-1,1.572147304E0
9.407907083E0,-8.787792099E-1,1.828577824E-1,1.518928871E0
9.417929083E0,-4.234325534E-1,4.968110168E-1,2.086060258E0
9.427952083E0,7.842309022E-1,3.184513512E-1,2.577622814E0
9.437974083E0,1.830288427E0,-1.255037597E-1,3.215323369E0
9.447997083E0,2.308029919E0,-3.352870931E-1,4.259891023E0
9.458020083E0,2.585899547E0,-1.605888078E-1,5.162888523E0
9.468042083E0,2.692383192E0,-5.319241315E-2,5.221079428E0
9.478065083E0,3.169405476E0,-3.415918534E-1,4.305473577E0
9.488087083E0,3.807167135E0,-8.746981457E-1,2.738502520E0
9.498110083E0,3.436237900E0,-1.468797037E0,1.408544257E0
9.508133083E0,2.421678742E0,-1.544816688E0,9.979539433E-1
9.518155083E0,1.111861505E0,-9.543679208E-1,1.483497083E0
9.528178083E0,1.030396342E-2,-1.804386431E-1,2.293092915E0
9.538200083E0,2.497170389E-2,4.907935010E-1,2.734125879E0
9.548223083E0,8.679250234E-1,7.747005254E-1,2.868672066E0
9.558246083E0,2.063723894E0,6.533323552E-1,3.294862166E0
9.568268083E0,3.163814369E0,3.190546377E-1,3.916120058E0
9.578291083E0,4.048174746E0,-1.390695924E-1,4.564339170E0
9.588313083E0,5.034825729E0,-6.751986028E-1,5.112034703E0
9.598336083E0,5.683923385E0,-1.208164416E0,4.803856910E0
9.608359083E0,5.615682285E0,-1.726832763E0,3.827954571E0
9.618381083E0,4.794695200E0,-2.152073860E0,2.439646651E0
9.628404083E0,3.370392405E0,-2.381156368E0,1.128889474E0
9.638426083E0,1.899727036E0,-2.363676994E0,4.174517289E-1
9.648449083E0,5.282941800E-1,-2.490881124E0,-6.857322156E-3
9.658472083E0,-8.034805208E-1,-2.792910862E0,3.135347199E-1
9.668494083E0,-1.698291042E0,-3.173299722E0,9.383871880E-1
9.678517083E0,-1.727635878E0,-3.334821453E0,1.398952192E0
9.688539083E0,-6.686156613E-1,-3.069430953E0,1.557240998E0
9.698562083E0,1.004489669E0,-2.604372363E0,9.654346535E-1
9.708585083E0,2.677252352E0,-2.150946225E0,4.604656014E-1
9.718607083E0,3.949398317E0,-1.908436610E0,5.530892980E-1
9.728630083E0,4.750247591E0,-1.903601401E0,8.600225115E-1
9.738652083E0,5.300858839E0,-1.992428209E0,1.211244290E0
9.748675083E0,5.829053031E0,-2.175465647E0,1.460707560E0
9.758697083E0,6.302668144E0,-2.398136097E0,1.234484341E0
9.768720083E0,6.553689111E0,-2.618112735E0,6.921378404E-1
9.778743083E0,6.502325415E0,-2.835837026E0,2.893290013E-2
9.788764083E0,5.949507428E0,-2.976841170E0,-5.600647339E-1
9.798787083E0,5.163327064E0,-2.943855272E0,-9.895479861E-1
9.808809083E0,4.298227415E0,-2.459305867E0,-9.325797334E-1
9.818832083E0,2.806008040E0,-1.945305059E0,-7.947640765E-1
9.828855083E0,1.370828254E0,-1.500974703E0,-1.378139466E0
9.838877083E0,1.302432788E0,-7.006546754E-1,-1.361063404E0
9.848900083E0,1.891648523E0,-7.541143794E-1,-2.403741238E0
9.858922083E0,3.226664920E0,-1.219981273E0,-3.543865260E0
9.868945083E0,5.129207976E0,-1.749197048E0,-4.611598413E0
9.878968083E0,6.978249008E0,-2.295787311E0,-5.356386337E0
9.888990083E0,7.989075889E0,-2.611876972E0,-5.473087406E0
9.899013083E0,6.762131824E0,-3.222226884E0,-5.482255840E0
9.909035083E0,3.675297219E0,-3.621182408E0,-4.885469130E0
9.919058083E0,8.033729321E-1,-3.293514090E0,-4.052945782E0
9.929081083E0,-9.287267107E-1,-2.378038340E0,-4.056137484E0
9.939103083E0,-1.070564375E0,-2.028486087E0,-5.347395658E0
9.949126083E0,5.007181263E-1,-2.243153892E0,-7.232108799E0
9.959148083E0,3.876098791E0,-2.338964029E0,-9.196411901E0
9.969171083E0,7.655618536E0,-2.164326701E0,-1.150895178E1
9.979193083E0,9.605711734E0,-1.710022749E0,-1.365328246E1
9.989216083E0,8.714363349E0,-7.233302508E-1,-1.433587355E1
9.999239083E0,6.328459627E0,5.750211807E-1,-1.275781179E1
1.000926108E1,4.713879079E0,1.692963790E0,-9.781270875E0
1.001928408E1,4.135946131E0,2.623895924E0,-6.828367329E0
1.002930608E1,4.095522575E0,3.516664013E0,-4.825752394E0
1.003932908E1,4.185706521E0,4.399320511E0,-4.175501668E0
1.004935208E1,4.044899721E0,5.475408751E0,-4.319482336E0
1.005937408E1,3.571953530E0,6.837862623E0,-4.273349851E0
1.006939708E1,2.772995830E0,8.130456301E0,-3.665434428E0
1.007941908E1,1.617177882E0,8.818394086E0,-2.275246628E0
1.008944208E1,4.039858836E-1,8.995491630E0,-6.973798692E-1
1.009946508E1,-4.199704170E-1,9.076031179E0,-1.038550723E0
1.010948708E1,-1.418217013E0,9.349475049E0,-4.038364288E0
1.011951008E1,-3.377516652E0,9.672768772E0,-7.343933290E0
1.012953208E1,-6.758109525E0,1.012995028E1,-9.573480127E0
1.013955508E1,-1.037588067E1,1.095392237E1,-1.010338171E1
1.014957808E1,-1.261150627E1,1.123515123E1,-6.420833940E0
1.015960008E1,-1.281483033E1,1.034335845E1,-1.285655372E0
1.016962308E1,-1.105244211E1,8.456047980E0,2.131117732E0
1.017964508E1,-8.144741634E0,6.315796897E0,3.399034406E0
1.018966808E1,-5.335791859E0,4.758602677E0,3.037723256E0
1.019969008E1,-3.384809300E0,4.125694792E0,1.729201178E0
1.020971308E1,-1.510733998E0,4.361991886E0,-1.175700565E-2
1.021973608E1,1.470446098E-1,5.557110726E0,-1.236511863E0
1.022975808E1,9.455123127E-2,7.123568689E0,-2.364640907E0
1.023978108E1,-1.584735775E0,8.727028418E0,-2.306571039E0
1.024980308E1,-3.313054023E0,1.017611054E1,-3.044428843E-1
1.025982608E1,-4.199500687E0,9.754808716E0,1.536038994E0
1.026984908E1,-2.960572169E0,6.946941846E0,4.122841790E-1
1.027987108E1,-1.119367576E0,4.311585379E0,-1.061480798E0
1.028989408E1,4.098091257E-1,3.255168927E0,-9.954680727E-1
1.029991608E1,1.188764670E0,3.778973030E0,-2.135210198E-1
1.030993908E1,3.743036628E-2,5.795011711E0,-3.287702981E-1
1.031996208E1,-2.903037906E0,8.204325346E0,1.968472751E0
1.032998408E1,-3.818026584E0,7.911977427E0,5.781319286E0
1.034000708E1,-2.946061134E0,4.654498850E0,5.762101827E0
1.035002908E1,-1.334830456E0,2.408185707E0,2.114090640E0
1.036005208E1,6.421108174E-1,2.343946441E0,-9.503760266E-1
1.037007508E1,1.832806238E0,3.105829285E0,-2.825709064E0
1.038009708E1,2.090436314E0,4.208555101E0,-3.377083958E0
1.039012008E1,1.941501884E0,4.866063391E0,-3.252791449E0
1.040014208E1,1.139465625E0,4.393263381E0,-2.641146380E0
1.041016508E1,-3.807624972E-1,3.025304940E0,-1.802870833E0
1.042018708E1,-1.545016224E0,9.657062566E-1,-1.533173273E0
1.043021008E1,-1.765224704E0,-2.402241427E0,-2.636922351E0
1.044023308E1,-1.555137169E0,-7.189131764E0,-6.402982391E0
1.045025508E1,-9.258428639E-1,-1.370229850E1,-1.210087126E1
1.046027808E1,-7.898021293E-1,-2.135484082E1,-1.494856586E1
1.047030008E1,1.894965649E-1,-2.037886100E1,-7.559719521E0
1.048032308E1,3.840191624E0,-5.903023818E0,6.547631396E0
1.049034608E1,4.846302726E0,5.772743175E0,1.335586150E1
1.050036808E1,7.068850445E0,1.202648065E1,1.039313697E1
1.051039108E1,1.206809528E1,1.347286428E1,3.998103869E0
1.052041308E1,1.400180341E1,7.594198213E0,5.281639333E-1
1.053043608E1,1.038316513E1,-2.502193147E-1,2.751429545E0
1.054045908E1,3.966123108E0,-4.756028733E0,4.532625334E0
1.055048108E1,-1.780059090E0,-6.581918884E0,1.883263031E0
1.056050408E1,-4.973158069E0,-6.329546624E0,-3.369284942E0
1.057052608E1,-6.335059964E0,-4.580783002E0,-6.674549305E0
1.058054908E1,-7.605020240E0,-2.339687330E0,-6.430613993E0
1.059057108E1,-9.224703653E0,-1.004542294E0,-4.267600284E0
1.060059408E1,-9.781366185E0,-1.098952022E0,-1.892810657E0
1.061061708E1,-8.473836379E0,-1.587019697E0,-8.112859690E-1
1.062063908E1,-5.926219137E0,-1.464645660E0,-4.951773047E-1
1.063066208E1,-2.928945165E0,-5.922141874E-1,8.206046766E-1
1.064068408E1,1.557388347E-1,7.702168804E-1,2.894420280E0
1.065070708E1,2.792201595E0,2.092019740E0,4.455208198E0
1.066073008E1,4.343020011E0,2.461712873E0,4.521955335E0
1.067075208E1,4.653246376E0,1.847540637E0,3.452302541E0
1.068077508E1,3.730358695E0,1.195173218E0,2.353239421E0
1.069079708E1,1.950860353E0,6.886055374E-1,1.629866632E0
1.070082008E1,4.362946737E-1,7.382285178E-2,6.644097590E-1
1.071084308E1,-4.926741117E-1,-5.607877421E-1,-4.435422975E-1
1.072086508E1,-1.025538476E0,-1.153166236E0,-5.152756467E-1
1.073088808E1,-9.947493768E-1,-1.329811791E0,-5.368591815E-2
1.074091008E1,-8.647991019E-1,-9.070393878E-1,3.551832676E-1
1.075093308E1,-1.008860462E0,-4.905217516E-1,4.655740213E-1
1.076095608E1,-1.400828564E0,-1.680787987E-1,7.244913617E-1
1.077097808E1,-1.871427097E0,-4.555331826E-2,9.036626208E-1
1.078100108E1,-2.415971274E0,-3.671414083E-1,9.404638267E-1
1.079102308E1,-2.652511613E0,-7.944793171E-1,9.887384391E-1
1.080104608E1,-2.527220984E0,-8.358875442E-1,8.804170150E-1
1.081106808E1,-2.516511224E0,-4.260456741E-1,1.081339916E0
1.082109108E1,-2.333683993E0,3.650124371E-2,1.424586678E0
1.083111408E1,-1.223449184E0,1.017444760E-1,1.226582999E0
1.084113608E1,4.148751533E-1,2.477447730E-1,1.164471243E0
1.085115908E1,1.526974055E0,4.839249229E-1,1.066242113E0
1.086118108E1,1.532456989E0,4.419810909E-1,1.172405330E0
1.087120408E1,8.814174736E-1,2.884010482E-1,1.353771341E0
1.088122708E1,5.180843568E-1,1.243550742E-1,1.205856666E0
1.089124908E1,5.380479205E-1,-1.117122245E-1,9.546810392E-1
1.090127208E1,6.938545829E-1,-1.681840485E-1,7.879877383E-1
1.091129408E1,7.595924896E-1,2.756500250E-1,4.687905747E-1
1.092131708E1,2.773638439E-1,5.768558908E-1,2.230437952E-1
1.093134008E1,-4.852814770E-1,2.558186084E-1,2.350358498E-1
1.094136208E1,-9.085655111E-1,-3.610176194E-1,3.853987545E-1
1.095138508E1,-1.111420040E0,-6.511886197E-1,4.185267395E-1
1.096140708E1,-1.360958154E0,-5.526232749E-1,2.219468576E-1
1.097143008E1,-1.677246913E0,-2.215907621E-1,9.123118222E-2
1.098145208E1,-1.943024499E0,1.229084730E-3,7.570623994E-2
1.099147508E1,-1.897572337E0,-1.676501977E-1,-3.653632700E-3
1.100149808E1,-1.507605738E0,-5.086305785E-1,-2.014634764E-1
1.101152008E1,-1.170767525E0,-6.539221931E-1,-2.185399774E-1
1.102154308E1,-9.311182219E-1,-4.559190989E-1,1.966944873E-2
1.103156508E1,-6.709761822E-1,-1.937866670E-1,5.571019498E-1
1.104158808E1,-5.554562509E-2,1.293550283E-1,5.472707337E-1
1.105161108E1,4.661447096E-1,2.696004957E-1,1.531694220E-1
1.106163308E1,4.396761185E-1,1.348139888E-1,1.209723137E-1
1.107165608E1,-1.068333077E-1,3.340221941E-2,2.664523548E-1
1.108167808E1,-8.910788280E-1,-1.424668247E-1,2.173234642E-1
1.109170108E1,-1.563525585E0,-9.992540717E-2,-1.198240668E-1
1.110172408E1,-2.238740999E0,-8.600669503E-3,-5.289028752E-1
1.111174608E1,-2.634468275E0,-3.455447173E-1,-4.472272128E-1
1.112176908E1,-2.260530648E0,-5.672079849E-1,-1.466306269E-2
1.113179108E1,-1.236975548E0,-2.770200276E-1,1.143098500E-1
1.114181408E1,-1.222635251E-1,-1.491390824E-2,5.050181687E-2
1.115183608E1,6.476428682E-1,-2.283396184E-2,2.331137238E-1
1.116185908E1,1.024711094E0,-4.067323208E-2,5.564302509E-1
1.117188208E1,1.162704214E0,-2.397317487E-1,8.558072537E-1
1.118190408E1,1.072368826E0,-3.034915423E-1,1.109012157E0
1.119192708E1,7.470034343E-1,1.968523622E-1,1.182423949E0
1.120194908E1,4.633380461E-1,4.603524578E-1,9.403053671E-1
1.121197208E1,5.043293667E-1,1.206578797E-1,4.876026754E-1
1.122199508E1,5.551978040E-1,-4.165831250E-1,1.067836064E-1
1.123201708E1,2.501707828E-1,-2.540287757E-1,6.174367368E-3
1.124204008E1,-2.663453507E-1,1.863747364E-1,-2.298367980E-1
1.125206208E1,-6.459916145E-1,-2.422033668E-2,-4.069512990E-1
1.126208508E1,-6.952093828E-1,3.863840103E-3,-5.250799656E-1
1.127210808E1,-6.759504086E-1,2.918930054E-3,-8.079039395E-1
1.128213008E1,-6.774572361E-1,-5.454540038E-1,-7.501498210E-1
1.129215308E1,-3.827324241E-1,-6.855626464E-1,-6.058934560E-1
1.130217508E1,-2.034562075E-1,-2.251721817E-1,-7.981686178E-1
1.131219808E1,-3.915903711E-1,-2.172299087E-2,-8.241659233E-1
1.132222108E1,-3.785978580E-1,-3.411265612E-3,-3.767898989E-1
1.133224308E1,-8.446770787E-2,4.142886776E-1,3.149368823E-1
1.134226608E1,4.135086590E-1,5.034359121E-1,5.485843107E-1
1.135228808E1,1.125379098E0,-1.599856675E-2,3.570339113E-1
1.136231108E1,1.662961580E0,-1.688097006E-1,1.651037353E-1
1.137233308E1,1.562684755E0,3.003591889E-1,4.104672298E-2
1.138235608E1,9.389037895E-1,6.041957170E-1,-1.029957801E-1
1.139237908E1,3.765981102E-1,4.060429341E-1,-2.764493394E-1
1.140240108E1,5.900074482E-2,1.444525391E-1,-1.588363972E-1
1.141242408E1,-1.073285669E-1,4.225139558E-2,-1.519887230E-1
1.142244608E1,-1.116426426E-1,-1.036506683E-1,-4.961915043E-1
1.143246908E1,-1.250777900E-2,-3.219278133E-1,-7.506009337E-1
1.144249208E1,5.895689070E-2,-2.908095163E-1,-7.152542228E-1
1.145251408E1,5.930187643E-2,2.333331406E-2,-8.198395684E-1
1.146253708E1,-2.085234046E-2,4.835822761E-2,-9.632822934E-1
1.147255908E1,-2.293073326E-1,-2.568787086E-1,-8.775062710E-1
1.148258208E1,-3.425006568E-1,-4.314198500E-1,-8.324561056E-1
1.149260508E1,-2.179543787E-1,-4.450906402E-1,-5.784264529E-1
1.150262708E1,1.970342106E-1,-1.239451844E-1,-4.265891728E-1
1.151265008E1,6.658294630E-1,2.106658244E-1,-4.577685732E-1
1.152267208E1,9.542118001E-1,-1.294047296E-2,-2.607960507E-1
1.153269508E1,1.298627420E0,-3.251507986E-1,-3.019750670E-1
1.154271708E1,1.356387970E0,-2.122416490E-1,-5.560798565E-1
1.155274008E1,7.804547703E-1,-2.620371222E-2,-6.394669989E-1
1.156276308E1,1.298461944E-1,1.755743444E-2,-8.393432486E-1
1.157278508E1,-3.556083602E-1,-5.247291327E-2,-1.064920642E0
1.158280808E1,-6.848960638E-1,-2.078848886E-1,-1.076847793E0
1.159283008E1,-9.026972455E-1,-4.659856653E-1,-1.099140887E0
1.160285308E1,-1.037688405E0,-3.551242107E-1,-1.001091267E0
1.161287608E1,-1.190027084E0,8.454489112E-2,-6.358203828E-1
1.162289808E1,-1.295652941E0,4.597998959E-1,-2.406363130E-1
1.163292108E1,-1.125876696E0,5.386911142E-1,2.764866154E-1
1.164294308E1,-4.505168563E-1,6.490046847E-1,8.593177758E-1
1.165296608E1,4.008114302E-1,8.244077057E-1,6.550571376E-1
1.166298808E1,9.657004094E-1,7.357832122E-1,1.220489323E-1
1.167301108E1,1.299709740E0,3.353863496E-1,-1.194556922E-1
1.168303408E1,1.446483623E0,-5.107045859E-1,-1.072560614E-1
1.169305608E1,1.391975879E0,-1.222442293E0,-1.515101284E-1
1.170307908E1,1.164187068E0,-9.872626019E-1,-5.375535384E-1
1.171310108E1,7.864633691E-1,-4.159130341E-1,-1.250694870E0
1.172312408E1,2.067967218E-1,-5.806080490E-1,-1.543676919E0
1.173314708E1,-2.014932972E-1,-8.249357092E-1,-1.093151730E0
1.174316908E1,-5.213161129E-1,-4.274835044E-1,-4.294429064E-1
1.175319208E1,-9.175456649E-1,1.178985786E-1,-3.194538563E-2
1.176321408E1,-1.182821560E0,3.404178786E-1,2.690518807E-1
1.177323708E1,-1.135154473E0,1.257724392E-1,6.829963034E-1
1.178326008E1,-7.365813571E-1,-1.964880806E-1,1.014120033E0
1.179328258E1,-3.887369299E-1,-6.035028219E-2,1.173296299E0
1.180330558E1,-2.634527332E-1,4.164427918E-1,9.532174811E-1
1.181332758E1,-3.927709240E-1,5.690902036E-1,5.072266620E-1
1.182335058E1,-6.676918012E-1,3.637190330E-1,4.795821959E-1
1.183337358E1,-5.445593798E-1,-4.438329041E-2,8.692108262E-1
1.184339558E1,2.273286349E-1,-3.337929833E-1,9.524646521E-1
1.185341858E1,1.101803125E0,-2.596742624E-1,5.154876083E-1
1.186344058E1,1.253600936E0,-1.633443081E-1,3.298887974E-1
1.187346358E1,9.980056912E-1,-1.287749845E-1,9.055179423E-1
1.188348558E1,1.226143581E0,-3.359634697E-2,1.669395272E0
1.189350858E1,1.777095721E0,-4.801499605E-2,2.086209215E0
1.190353158E1,2.034328187E0,-1.592728919E-1,2.349684899E0
1.191355358E1,2.123588272E0,1.167759132E-1,2.205193768E0
1.192357658E1,1.627078387E0,3.778909296E-1,1.770744914E0
1.193359858E1,4.055570304E-1,3.026834571E-1,1.564399744E0
1.194362158E1,-6.801370150E-1,4.044051290E-1,1.448236619E0
1.195364458E1,-1.510749201E0,6.125893950E-1,1.357177198E0
1.196366658E1,-1.827871188E0,6.277839696E-1,1.072770383E0
1.197368958E1,-1.300906665E0,6.049546856E-1,6.192872344E-1
1.198371158E1,-4.166942221E-1,8.947736835E-1,1.405085921E-1
1.199373458E1,2.873029411E-1,1.177741499E0,-3.825330341E-1
1.200375658E1,9.412151939E-1,1.121976019E0,-7.540681864E-1
1.201377958E1,1.907776898E0,7.266674030E-1,-9.997557628E-1
1.202380258E1,2.630676940E0,2.938869059E-2,-4.402881758E-1
1.203382458E1,3.103866960E0,-6.455828941E-1,-6.671363157E-1
1.204384758E1,3.153451349E0,-5.262301129E-1,-1.823370586E0
1.205386958E1,1.876428221E0,-1.911741310E-1,-2.260951209E0
1.206389258E1,1.901561308E-1,-5.413463348E-1,-1.804884029E0
1.207391558E1,-7.836947125E-1,-1.174522022E0,-6.197756231E-1
1.208393758E1,-1.285750097E0,-1.502736762E0,3.657768144E-1
1.209396058E1,-1.997065051E0,-1.643792068E0,6.562710196E-1
1.210398258E1,-3.106643803E0,-1.019688921E0,8.329142350E-1
1.211400558E1,-4.323697302E0,3.117138970E-1,6.329353666E-1
1.212402858E1,-5.334887295E0,-5.452820957E-2,1.241200161E-1
1.213405058E1,-5.097768667E0,-1.008540035E0,2.538533592E-1
1.214407358E1,-4.096000877E0,-7.019991696E-1,1.144734259E-1
1.215409558E1,-3.736273153E0,-7.841174662E-2,-1.289878231E-1
1.216411858E1,-3.310368397E0,-4.006687582E-2,6.508228764E-2
1.217414158E1,-2.202625671E0,1.785879993E-1,1.036611933E-1
1.218416358E1,-1.400291789E0,4.196751326E-1,2.239030436E-1
1.219418658E1,-9.041374147E-1,-1.149094820E-2,6.185124783E-1
1.220420858E1,-4.007681608E-3,-6.068532765E-2,1.010550161E0
1.221423158E1,1.209329912E0,1.022008511E0,6.413629586E-1
1.222425358E1,2.336725715E0,1.719519358E0,8.980314597E-2
1.223427658E1,3.871597019E0,1.235599113E0,3.204456903E-1
1.224429958E1,5.973979195E0,5.964791465E-1,8.146450482E-2
1.225432158E1,7.475589783E0,1.555844682E-1,-7.354845656E-1
1.226434458E1,7.782131817E0,-3.710333151E-1,-9.691842536E-1
1.227436658E1,7.028573654E0,-5.882842737E-1,-6.467804039E-1
1.228438958E1,5.296841801E0,-7.700157362E-1,-1.076531605E-1
1.229441258E1,3.077831647E0,-9.254066616E-1,1.495138890E-1
1.230443458E1,7.787544000E-1,-6.597045046E-1,-7.218212306E-2
1.231445758E1,-1.477479129E0,-6.144897401E-2,-3.795806287E-1
1.232447958E1,-3.317241215E0,5.504375857E-1,-7.429308486E-1
1.233450258E1,-4.391464777E0,1.063210332E0,-1.303436170E0
1.234452458E1,-4.744643619E0,9.391253990E-1,-1.866778999E0
1.235454758E1,-4.498489873E0,2.918117291E-1,-2.009464656E0
1.236457058E1,-3.517211897E0,-1.866606653E-1,-1.656146066E0
1.237459258E1,-2.045010465E0,-6.494350398E-1,-1.031661680E0
1.238461558E1,9.024183333E-2,-7.805097342E-1,-6.492204469E-1
1.239463758E1,2.821563973E0,8.828886330E-2,-6.746582470E-1
1.240466058E1,4.954981415E0,9.689339197E-1,-9.826245904E-1
1.241468358E1,5.891581986E0,1.063136072E0,-1.116735744E0
1.242470558E1,5.797357029E0,5.768634921E-1,-9.264106286E-1
1.243472858E1,4.774187261E0,-2.359772515E-1,-6.999502321E-1
1.244475058E1,3.072506588E0,-8.814046097E-1,-3.834628145E-1
1.245477358E1,1.301253405E0,-4.930167586E-1,2.951779711E-1
1.246479658E1,-6.868197978E-2,7.613501626E-1,5.452704012E-1
1.247481858E1,-8.355811501E-1,1.824876244E0,2.533778344E-1
1.248484158E1,-6.230816388E-1,2.056577427E0,2.464069301E-1
1.249486358E1,7.839508206E-1,1.449345835E0,4.622217395E-1
1.250488658E1,2.853164080E0,6.478352416E-1,7.430208957E-1
1.251490858E1,4.910470070E0,2.983424842E-1,4.998843864E-1
1.252493158E1,6.211225292E0,2.635685080E-1,-3.898473161E-1
1.253495458E1,6.252600775E0,-5.820143044E-2,-8.403594947E-1
1.254497658E1,5.503296461E0,-6.566931885E-1,-6.055423307E-1
1.255499958E1,4.475513824E0,-1.045509641E0,-7.309709537E-1
1.256502158E1,3.491557238E0,-1.101490299E0,-1.598322950E0
1.257504458E1,2.372610662E0,-1.019546249E0,-2.627566221E0
1.258506758E1,1.019039880E0,-6.987106955E-1,-2.815009829E0
1.259508958E1,-2.715856254E-1,-1.626467353E-1,-2.249076098E0
1.260511258E1,-1.237846783E0,3.113759279E-1,-1.618816856E0
1.261513458E1,-1.834481465E0,3.481075519E-1,-1.193196275E0
1.262515758E1,-1.902998554E0,2.654869795E-2,-1.236720609E0
1.263518058E1,-1.580774871E0,-2.713663548E-1,-1.195330508E0
1.264520258E1,-1.023066273E0,-7.187163591E-1,-9.030597728E-1
1.265522558E1,-3.914319116E-1,-9.722989923E-1,-1.051421322E0
1.266524758E1,1.090762997E-1,-8.856549507E-1,-1.163403395E0
1.267527058E1,1.214145094E-1,-1.301087344E0,-1.235203841E0
1.268529258E1,-3.734295040E-1,-1.950228269E0,-1.415752997E0
1.269531558E1,-1.425652333E0,-1.835882458E0,-1.378051320E0
1.270533858E1,-2.506064004E0,-1.124904889E0,-7.882690624E-1
1.271536058E1,-2.810882279E0,-3.066122013E-1,3.484525377E-1
1.272538358E1,-2.374129769E0,2.895915413E-1,1.228652621E0
1.273540558E1,-1.419978195E0,8.979674327E-1,1.742922985E0
1.274542858E1,-4.596367586E-1,1.703578094E0,1.987941055E0
1.275545158E1,1.391654867E-1,2.025721085E0,2.297384478E0
1.276547358E1,9.915123582E-1,1.812428691E0,2.362227761E0
1.277549658E1,2.150853839E0,1.558287064E0,2.278930081E0
1.278551858E1,3.334484653E0,1.184700270E0,2.256345211E0
1.279554137E1,4.362722788E0,4.123795617E-1,1.727759255E0
1.280556338E1,4.769262151E0,-5.798274457E-1,5.753397443E-1
1.281558637E1,3.755033945E0,-1.677444549E0,-2.718364710E-1
1.282560937E1,1.460656105E0,-2.616291620E0,-7.714131477E-1
1.283563137E1,-1.267865219E0,-3.073585399E0,-7.926637566E-1
1.284565437E1,-3.767336487E0,-2.988252304E0,-2.234988548E-2
1.285567637E1,-5.620675222E0,-2.332568929E0,8.054598033E-1
1.286569937E1,-6.742113297E0,-1.406531353E0,1.470679986E0
1.287572237E1,-7.076757635E0,-5.375450599E-1,2.089077421E0
1.288574437E1,-6.665758016E0,-2.411917984E-2,2.514184032E0
1.289576737E1,-5.744268404E0,-1.505663878E-1,2.423975528E0
1.290578937E1,-4.429174640E0,-7.296746260E-1,1.933241522E0
1.291581237E1,-2.880352464E0,-1.442582361E0,1.137329053E0
1.292583537E1,-1.442110491E0,-1.928053873E0,4.069919372E-1
1.293585737E1,-4.807791209E-1,-2.161096991E0,1.661100229E-1
1.294588037E1,-1.719666123E-3,-2.170195259E0,4.025515616E-1
1.295590237E1,5.991232574E-2,-1.962502159E0,1.040627800E0
1.296592537E1,-1.232932198E-1,-1.629835349E0,1.842123191E0
1.297594837E1,-1.252046746E-1,-1.590513994E0,2.753005954E0
1.298597037E1,5.274363935E-2,-2.019142383E0,2.790458540E0
1.299599337E1,3.666350394E-1,-2.334810752E0,2.143302745E0
1.300601537E1,6.207246262E-1,-2.547442995E0,1.255182900E0
1.301603837E1,5.965504825E-1,-2.806534874E0,1.245480323E-1
1.302606137E1,2.742917168E-1,-3.008025833E0,-5.768314786E-1
1.303608337E1,-3.823827606E-1,-3.085200893E0,-1.021142539E0
1.304610637E1,-1.408358023E0,-2.926268602E0,-1.280893254E0
1.305612837E1,-2.476832603E0,-2.693937089E0,-1.128275078E0
1.306615137E1,-3.281711778E0,-2.406965393E0,-7.164055395E-1
1.307617337E1,-3.690002382E0,-1.922236478E0,-1.013790250E-1
1.308619637E1,-3.646869226E0,-1.441773399E0,1.354929967E-1
1.309621937E1,-2.773073013E0,-9.857972896E-1,6.551923545E-1
1.310624137E1,-1.102686639E0,-8.750407925E-1,1.213489183E0
1.311626437E1,7.642334247E-1,-1.330308219E0,1.790120102E0
1.312628637E1,2.356805638E0,-2.100587372E0,2.311060239E0
1.313630937E1,3.371889877E0,-2.715399294E0,2.525261874E0
1.314633238E1,3.671094825E0,-2.974330083E0,2.619000343E0
1.315635437E1,3.637603143E0,-2.896394885E0,2.275498643E0
1.316637737E1,4.093140419E0,-2.277582298E0,1.751548359E0
1.317639937E1,5.214231169E0,-1.235555551E0,1.096675701E0
1.318642237E1,6.173530632E0,-2.598040706E-1,3.607334447E-1
1.319644537E1,6.492050688E0,4.124345255E-1,2.229847383E-1
1.320646737E1,5.777489360E0,5.773014486E-1,3.939336428E-1
1.321649037E1,4.017287999E0,3.698545164E-1,5.313180676E-1
1.322651237E1,2.272168946E0,2.342762965E-1,6.366626742E-1
1.323653538E1,1.297819335E0,-6.920179725E-2,1.114198637E-1
1.324655737E1,9.614155698E-1,-3.909559482E-1,-1.432525443E0
1.325658037E1,1.142884492E0,-3.667628011E-1,-3.561922631E0
1.326660337E1,1.625632371E0,-2.759581733E-1,-5.262339721E0
1.327662537E1,2.028759883E0,-1.336658880E-1,-5.721420994E0
1.328664837E1,2.015811224E0,-1.536999106E-2,-5.167253469E0
1.329667037E1,1.503027368E0,-8.326405853E-2,-4.563462964E0
1.330669337E1,5.301383919E-1,-9.567331195E-2,-4.334110316E0
1.331671637E1,-4.144021136E-1,-3.541529882E-1,-4.423222175E0
1.332673838E1,-6.417009276E-1,-3.231718084E-1,-5.286445452E0
1.333676137E1,1.671537691E-1,-2.398060083E-2,-6.051255412E0
1.334678337E1,1.139399552E0,2.732228458E-1,-6.099691408E0
1.335680637E1,1.939139024E0,4.816100103E-1,-5.490775234E0
1.336682937E1,2.583430853E0,7.984396362E-1,-5.068592230E0
1.337685137E1,3.147613488E0,1.428224523E0,-4.910106958E0
1.338687437E1,3.676158514E0,2.088073454E0,-4.694729447E0
1.339689637E1,4.184583271E0,2.713160688E0,-4.498088462E0
1.340691937E1,4.561771950E0,3.185747859E0,-3.924693246E0
1.341694237E1,4.573906091E0,3.244917004E0,-3.204990169E0
1.342696437E1,4.155381106E0,3.051873518E0,-2.608370397E0
1.343698737E1,3.413419726E0,2.690978690E0,-1.856768128E0
1.344700937E1,2.607572837E0,2.296710294E0,-1.061954935E0
1.345703237E1,2.172862174E0,2.146080172E0,-7.303277600E-1
1.346705437E1,1.680141284E0,2.410707611E0,-1.337466527E0
1.347707737E1,5.645995420E-1,2.932885603E0,-2.604756818E0
1.348710038E1,-6.332657343E-1,3.814679053E0,-3.498544661E0
1.349712237E1,-1.315719416E0,4.736127734E0,-2.935959485E0
1.350714537E1,-1.271372378E0,5.477716062E0,-1.409725102E0
1.351716737E1,-1.650390651E0,5.805357774E0,-2.809856093E-1
1.352719037E1,-2.779046529E0,5.819081190E0,4.106335831E-1
1.353721337E1,-3.673567028E0,5.772996359E0,1.354998672E0
1.354723537E1,-3.781637899E0,5.596460733E0,1.142182242E0
1.355725837E1,-2.775584685E0,5.434236751E0,1.182662516E0
1.356728037E1,-6.284014356E-1,5.363485442E0,2.506712460E0
1.357730338E1,1.531508863E0,5.006178465E0,3.438151109E0
1.358732637E1,2.851638542E0,3.997201644E0,1.782542403E0
1.359734837E1,3.045528997E0,2.899289256E0,-3.659894338E-1
1.360737137E1,1.888366773E0,1.983596574E0,-1.450528142E0
1.361739337E1,8.182125807E-2,2.001090859E0,-1.685485640E0
1.362741637E1,-1.561003096E0,2.525024770E0,-1.420619196E0
1.363743837E1,-2.625372054E0,2.613476186E0,-1.347505173E0
1.364746137E1,-3.573638113E0,1.911057771E0,-1.511561964E0
1.365748437E1,-4.294874329E0,7.584253854E-1,-9.738042118E-1
1.366750638E1,-3.748787072E0,5.333479285E-1,-3.073935355E-1
1.367752937E1,-1.725857155E0,2.328688132E0,2.839627191E-2
1.368755137E1,-3.442539445E-1,4.997586567E0,4.981827736E-2
1.369757437E1,1.839855641E-2,6.820837285E0,1.111213195E0
1.370759737E1,6.065553609E-1,7.355319573E0,1.855933730E0
1.371761937E1,1.884235423E0,6.686643686E0,3.184433405E0
1.372764237E1,4.464656422E0,5.212032616E0,4.457768694E0
1.373766437E1,8.115700852E0,3.491630913E0,4.060406536E0
1.374768737E1,1.018834526E1,2.955296811E0,3.731994746E0
1.375771038E1,9.482319111E0,3.403278900E0,4.781551244E0
1.376773237E1,6.903064924E0,3.552793373E0,4.688129695E0
1.377775537E1,4.140119289E0,2.706911768E0,3.450307471E0
1.378777737E1,1.936943687E0,1.608452082E0,2.574629624E0
1.379780075E1,-9.744735718E-2,2.093385065E-1,2.750966445E0
1.380782275E1,-1.928287761E0,-2.161037934E0,2.513815073E0
1.381784575E1,-2.675359900E0,-5.199345912E0,-3.190387040E-3
1.382786875E1,-1.986676303E0,-7.704821686E0,-3.355004872E0
1.383789075E1,-1.289880570E0,-8.445013114E0,-5.226315610E0
1.384791375E1,-1.820220691E0,-6.245202878E0,-5.834414928E0
1.385793575E1,-2.552051185E0,-2.378162009E0,-6.783486441E0
1.386795875E1,-3.608749473E0,1.022090957E0,-6.680204147E0
1.387798175E1,-4.599778559E0,2.883412312E0,-4.343032290E0
1.388800375E1,-4.702946832E0,2.374129769E0,-1.172826329E0
1.389802675E1,-3.580937484E0,4.041846889E-1,1.966761709E0
1.390804875E1,-1.435887592E0,-8.692763150E-1,4.924125073E0
1.391807175E1,5.622132933E-1,-8.142060685E-1,6.547416803E0
1.392809475E1,1.693528192E0,2.289173234E-1,6.739240560E0
1.393811675E1,2.499554006E0,1.302587155E0,6.133564913E0
1.394813975E1,3.259660174E0,1.747200662E0,4.623782256E0
1.395816175E1,3.515643674E0,1.456887574E0,2.588761175E0
1.396818475E1,3.039176582E0,7.698093295E-1,7.470285773E-1
1.397820775E1,1.876027687E0,-1.313091677E-1,-6.930570227E-1
1.398822975E1,3.267359787E-1,-8.452273017E-1,-1.500919447E0
1.399825275E1,-1.245274501E0,-1.167253933E0,-1.732607620E0
1.400827475E1,-2.841063852E0,-1.357918772E0,-1.733718737E0
1.401829775E1,-4.219500211E0,-1.471116189E0,-1.231269835E0
1.402831975E1,-4.872069066E0,-1.261776513E0,-6.335044469E-1
1.403834275E1,-4.902145682E0,-7.443797886E-1,-4.233764201E-1
1.404836575E1,-4.796767161E0,-4.111048687E-1,-1.956402344E-1
1.405838775E1,-4.437120714E0,-4.055424124E-1,-5.171803772E-2
1.406841075E1,-3.546869852E0,-2.327723926E-1,-7.684235394E-2
1.407843275E1,-2.300347847E0,4.078871459E-1,-8.416072905E-2
1.408845575E1,-1.182369278E0,9.680901664E-1,3.322142351E-1
1.409847875E1,-2.504532033E-1,9.530587292E-1,9.012800266E-1
1.410850075E1,4.542225292E-1,4.353392386E-1,1.416838825E0
1.411852375E1,1.047479275E0,-2.317087841E-1,1.582302164E0
1.412854575E1,1.492977759E0,-8.474837422E-1,1.393789685E0
1.413856875E1,1.496731086E0,-1.171996025E0,1.168476586E0
1.414859175E1,1.006693484E0,-1.212238317E0,8.741019490E-1
1.415861375E1,6.026771951E-1,-8.376183200E-1,8.339123547E-1
1.416863675E1,5.433875978E-1,-1.123261821E-1,9.017704618E-1
1.417865875E1,4.620481503E-1,5.955582100E-1,9.206452739E-1
1.418868175E1,3.767735267E-1,9.234028208E-1,9.062687248E-1
1.419870475E1,4.085975826E-1,8.191446269E-1,9.327659672E-1
1.420872675E1,1.470603973E-1,2.369338560E-1,1.137283444E0
1.421874975E1,-3.763042876E-1,-3.555732769E-1,1.411394482E0
1.422877175E1,-8.373551953E-1,-6.198060286E-1,1.399840384E0
1.423879475E1,-1.111439044E0,-5.256857371E-1,1.319255227E0
1.424881675E1,-1.028017987E0,-2.441955131E-1,1.119506155E0
1.425883975E1,-5.666782272E-1,8.537928879E-2,7.442896684E-1
1.426886275E1,2.137391210E-2,1.749744201E-1,2.995557815E-1
1.427888475E1,3.826765832E-1,-3.349519014E-2,-3.050843239E-2
1.428890775E1,4.712472823E-1,-2.588369411E-1,-1.907683343E-1
1.429892975E1,2.916421598E-1,-3.876803380E-1,-1.962354809E-1
1.430895275E1,8.404173821E-2,-2.203809732E-1,-1.115268677E-1
1.431897575E1,-1.286709040E-2,1.069356340E-1,-3.386146704E-1
1.432899775E1,1.689243060E-1,3.162975293E-1,-6.326921225E-1
1.433902075E1,5.666188779E-1,3.334246087E-1,-8.611884463E-1
1.434904275E1,1.004674148E0,1.978592527E-1,-9.839728852E-1
1.435906575E1,1.476722207E0,1.597798455E-1,-8.643406802E-1
1.436908875E1,1.765156584E0,8.759655297E-2,-6.648009378E-1
1.437911075E1,1.709473842E0,-1.959121299E-1,-3.865992609E-1
1.438913375E1,1.415344276E0,-4.579439896E-1,-8.680257417E-2
1.439915575E1,1.022108206E0,-5.359388298E-1,4.013528824E-3
1.440917875E1,6.531816432E-1,-4.193704927E-1,-1.469528085E-1
1.441920075E1,4.072381049E-1,-1.108105838E-1,-4.127075905E-1
1.442922375E1,2.716391274E-1,1.089798206E-1,-5.780019450E-1
1.443924675E1,1.617111808E-1,1.146972281E-1,-7.843590293E-1
1.444926875E1,1.077179915E-1,1.353332216E-1,-1.197622617E0
1.445929175E1,1.857075691E-2,1.090686983E-1,-1.516312827E0
1.446931375E1,-3.394706297E-1,-1.034746671E-1,-1.606469437E0
1.447933675E1,-8.167013678E-1,-2.640140659E-1,-1.488218710E0
1.448935975E1,-9.766700783E-1,-6.922167778E-2,-1.318211938E0
1.449938175E1,-8.068245435E-1,1.356296754E-1,-8.996461684E-1
1.450940475E1,-5.790944973E-1,2.997224271E-2,-3.429976702E-2
1.451942675E1,-3.740966713E-1,-4.703500271E-2,9.449534650E-1
1.452944975E1,-2.142451975E-1,1.021251297E-1,1.586315108E0
1.453947275E1,3.733078820E-1,3.235983628E-1,1.989057289E0
1.454949475E1,1.171647238E0,3.588751996E-1,1.722109090E0
1.455951775E1,1.443945639E0,-7.817610383E-2,1.307915722E0
1.456953975E1,1.122635877E0,-5.205378485E-1,7.049787645E-1
1.457956275E1,8.751884347E-1,-2.145840436E-1,-2.704883954E-1
1.458958575E1,8.955899549E-1,5.841239798E-1,-1.630233691E0
1.459960775E1,9.350788334E-1,8.432018262E-1,-2.758836797E0
1.460963075E1,6.306508595E-1,2.148243642E-1,-2.885321428E0
1.461965275E1,1.323137194E-2,-5.438226306E-1,-1.900160900E0
1.462967575E1,-4.429622537E-1,-7.935841084E-1,-6.166362530E-1
1.463969775E1,-4.669791073E-1,-4.411963946E-1,2.799297483E-1
1.464972075E1,-1.041818878E-1,2.600227565E-1,4.949966258E-1
1.465974375E1,3.244248667E-1,4.934710872E-1,5.385554588E-1
1.466976575E1,2.969745281E-1,8.634875715E-2,9.694284479E-1
1.467978875E1,-2.178961989E-1,-3.534758806E-1,1.569564443E0
1.468981075E1,-5.458305645E-1,-5.295934314E-1,1.786928399E0
1.469983375E1,-1.491826442E-1,-3.488852316E-1,1.597906044E0
1.470985675E1,6.587724584E-1,1.877856696E-1,1.073930032E0
1.471987875E1,1.066195628E0,5.443243217E-1,1.817658149E-1
1.472990175E1,8.394330034E-1,4.840611631E-1,-6.195699473E-1
1.473992375E1,4.458691970E-1,1.600049633E-1,-1.273471675E0
1.474994675E1,1.097484371E-1,-3.319452631E-1,-1.627893050E0
1.475996975E1,-1.218384326E-1,-6.428808957E-1,-1.505364646E0
1.476999175E1,-1.398329464E-1,-6.144172347E-1,-1.046713875E0
1.478001475E1,-1.192311591E-1,-5.013601506E-1,-3.276291409E-1
1.479003675E1,-1.190610051E-2,-3.652018869E-1,3.965018861E-1
1.480005933E1,2.904034272E-1,-2.761955702E-1,6.278474119E-1
1.481008133E1,5.159629869E-1,-7.791999578E-2,1.722051787E-1
1.482010433E1,5.276524481E-1,3.505896950E-1,-5.789491940E-1
1.483012733E1,6.494075578E-1,8.695195591E-1,-1.057975612E0
1.484014933E1,7.917419431E-1,1.020454322E0,-9.391376781E-1
1.485017233E1,6.877340099E-1,6.154627168E-1,-2.442253339E-1
1.486019433E1,2.947341675E-1,-3.643809378E-2,2.468250060E-1
1.487021733E1,-3.364262769E-1,-5.543967354E-1,4.240405177E-1
1.488024033E1,-1.001378658E0,-7.752612734E-1,2.912987821E-1
1.489026233E1,-1.445546899E0,-6.943521810E-1,-1.909408271E-2
1.490028533E1,-1.606343283E0,-5.228474987E-1,-3.742647788E-1
1.491030733E1,-1.520348867E0,-3.493647033E-1,-6.239821100E-1
1.492033033E1,-1.366507454E0,-2.601695216E-1,-6.959072480E-1
1.493035333E1,-1.241427325E0,-1.256759602E-1,-4.017184795E-1
1.494037533E1,-1.069107249E0,9.181999683E-2,1.279692382E-2
1.495039833E1,-6.959408695E-1,1.048177725E-1,8.136444435E-2
1.496042033E1,-5.341723859E-2,5.665191829E-2,-6.367617846E-2
1.497044333E1,5.927801979E-1,1.105568147E-1,-1.418446809E-1
1.498046633E1,9.824959517E-1,2.151623333E-1,3.644072503E-2
1.499048833E1,1.145549068E0,2.263351929E-1,-2.823752001E-2
1.500051133E1,1.137301278E0,2.045420355E-1,-8.239457756E-2
1.501053333E1,9.641400799E-1,2.282834852E-1,-2.030504107E-2
1.502055633E1,6.433159286E-1,3.511650610E-1,-5.902778819E-2
1.503057833E1,2.801298693E-1,4.784928596E-1,-1.095300436E-2
1.504060133E1,8.178208172E-3,4.313005668E-1,-6.747160614E-2
1.505062433E1,-8.174144357E-2,2.649695009E-1,-5.213435948E-2
1.506064633E1,-7.966743618E-2,8.092604935E-2,2.833268344E-3
1.507066933E1,-1.000388432E-1,-2.732696235E-2,2.652706325E-2
1.508069133E1,-2.156289411E-1,2.435833097E-2,4.672144577E-2
1.509071433E1,-2.763285944E-1,2.200465125E-1,7.511654824E-2
1.510073733E1,-2.470504162E-1,5.177779627E-1,4.695431113E-2
1.511075933E1,-2.149915946E-1,7.548691088E-1,1.163999373E-1
1.512078233E1,-2.547184548E-1,9.209136611E-1,2.687462175E-1
1.513080433E1,-4.053012148E-1,1.059790295E0,4.291370970E-1
1.514082733E1,-4.843915308E-1,1.105609662E0,6.081203681E-1
1.515085033E1,-3.677413327E-1,9.091350299E-1,8.794990021E-1
1.516087233E1,-1.632963610E-1,4.878940129E-1,1.114043101E0
1.517089533E1,3.788732618E-2,-1.156240118E-1,1.252245990E0
1.518091733E1,1.933533883E-1,-7.692129135E-1,1.266717849E0
1.519094033E1,2.479564422E-1,-1.310637016E0,1.315920560E0
1.520096233E1,2.342242563E-1,-1.579044095E0,1.431591057E0
1.521098533E1,2.572666714E-1,-1.450162107E0,1.356901064E0
1.522100833E1,4.786024949E-1,-9.992493939E-1,8.843711945E-1
1.523103033E1,8.940188080E-1,-4.068141818E-1,3.681211093E-1
1.524105333E1,1.341784549E0,2.098817128E-1,-6.892668575E-2
1.525107533E1,1.576430975E0,6.700137305E-1,-3.764630395E-1
1.526109833E1,1.490019652E0,8.098241651E-1,-6.503483748E-1
1.527112133E1,1.106687011E0,7.048678136E-1,-9.225429878E-1
1.528114333E1,6.150659832E-1,3.264260763E-1,-1.227302645E0
1.529116633E1,1.625005549E-1,-2.819930845E-1,-1.531049564E0
1.530118833E1,-1.427723417E-1,-8.278505462E-1,-1.684509885E0
1.531121133E1,-3.603361264E-1,-8.820764548E-1,-1.647278178E0
1.532123433E1,-4.629272792E-1,-4.171485507E-1,-1.540401016E0
1.533125633E1,-4.658888939E-1,2.337436152E-1,-1.371756792E0
1.534127933E1,-4.015452558E-1,7.088474286E-1,-1.143025995E0
1.535130133E1,-2.843699777E-1,8.256917542E-1,-7.662939835E-1
1.536132433E1,-2.520892543E-1,7.473466659E-1,-1.412856871E-1
1.537134733E1,-3.730324781E-1,7.219410986E-1,4.842685930E-1
1.538136933E1,-5.832352030E-1,7.718804133E-1,9.228599069E-1
1.539139233E1,-8.159102395E-1,9.544521207E-1,1.418924527E0
1.540141433E1,-1.122263702E0,1.700434631E0,2.159000618E0
1.541143733E1,-1.624066779E0,3.381841838E0,3.142984248E0
1.542145933E1,-2.067836241E0,5.406144973E0,3.814645724E0
1.543148233E1,-2.601715096E0,6.846525273E0,4.036970311E0
1.544150533E1,-3.158192563E0,7.242878786E0,3.929654024E0
1.545152733E1,-3.499130259E0,6.846143450E0,3.738617302E0
1.546155033E1,-3.496449603E0,5.896763204E0,3.708797087E0
1.547157233E1,-3.402380767E0,4.683835500E0,3.994164015E0
1.548159533E1,-3.288619679E0,3.576465241E0,4.420931236E0
1.549161833E1,-3.108045965E0,2.898117474E0,4.613774747E0
1.550164033E1,-2.655182036E0,2.672079320E0,4.090531392E0
1.551166333E1,-2.034487231E0,2.368764364E0,3.120691153E0
1.552168533E1,-1.450957328E0,2.036800974E0,1.480798593E0
1.553170833E1,-1.043361958E0,2.167235983E0,-2.056489499E-1
1.554173133E1,-6.189804018E-1,2.267364873E0,-1.264185566E0
1.555175333E1,-4.097670257E-2,2.210766165E0,-1.882474827E0
1.556177633E1,4.662715942E-1,2.208132579E0,-2.224439732E0
1.557179833E1,7.439359850E-1,2.184251381E0,-2.377125882E0
1.558182133E1,6.917577714E-1,2.030657889E0,-2.393865437E0
1.559184433E1,3.653299409E-1,1.799481786E0,-2.205684203E0
1.560186633E1,-7.189151645E-2,1.438782256E0,-1.753592838E0
1.561188933E1,-3.571806765E-1,8.382580054E-1,-1.351466954E0
1.562191133E1,-3.361833251E-1,-2.791636169E-2,-1.101173233E0
1.563193433E1,-3.331158757E-2,-8.680647719E-1,-1.072018870E0
1.564195633E1,6.099464536E-1,-1.493813326E0,-1.632798718E0
1.565197933E1,1.562378946E0,-1.881112425E0,-2.426806165E0
1.566200233E1,2.562017180E0,-1.949602032E0,-3.171575086E0
1.567202433E1,3.375195308E0,-1.793785429E0,-3.638664998E0
1.568204733E1,3.826126147E0,-1.566804119E0,-3.768348055E0
1.569206933E1,3.768794197E0,-1.435976177E0,-3.553344766E0
1.570209233E1,3.263453262E0,-1.402870411E0,-3.087612285E0
1.571211533E1,2.595986579E0,-1.427207108E0,-2.651686278E0
1.572213733E1,2.087612109E0,-1.361665667E0,-2.368397743E0
1.573216033E1,1.694938248E0,-1.296264560E0,-2.215343950E0
1.574218233E1,1.638187512E0,-1.484999525E0,-2.223024268E0
1.575220533E1,2.023635968E0,-1.928934756E0,-2.379334375E0
1.576222833E1,2.271104752E0,-2.219466822E0,-2.697130546E0
1.577225033E1,2.054996924E0,-1.862916475E0,-3.010961135E0
1.578227333E1,1.601131368E0,-9.095814648E-1,-2.998560360E0
1.579229533E1,1.245011376E0,2.816375738E-1,-2.577188950E0
1.580231846E1,1.092891383E0,1.355112693E0,-1.853908839E0
1.581234146E1,1.154050335E0,1.756138716E0,-9.269971043E-1
1.582236346E1,1.477141160E0,1.182856643E0,9.671996355E-2
1.583238646E1,1.992441072E0,-3.843550265E-2,7.463789517E-1
1.584240846E1,2.569011619E0,-1.093037564E0,8.961021709E-1
1.585243146E1,2.971300641E0,-1.566141629E0,9.177000314E-1
1.586245446E1,3.027663122E0,-1.434474612E0,7.400487560E-1
1.587247646E1,2.759167750E0,-8.510166299E-1,3.006772774E-1
1.588249946E1,1.933597033E0,-4.523549286E-1,-3.198672545E-1
1.589252146E1,1.007425556E0,-1.176696894E0,-1.958750293E0
1.590254446E1,8.629683387E-1,-1.253987437E0,-5.072035071E0
1.591256646E1,3.575747788E-2,1.037890134E0,-6.132265077E0
1.592258946E1,-1.563754796E0,3.113548195E0,-2.090654415E0
1.593261246E1,-2.921230933E0,3.282646748E0,2.367633512E0
1.594263446E1,-4.404849638E0,2.932721589E0,3.890048786E0
1.595265746E1,-4.731597311E0,2.271219358E0,4.199628156E0
1.596267946E1,-3.466375034E0,2.066825257E0,4.341528971E0
1.597270246E1,-1.978908861E0,1.976241069E0,4.092295496E0
1.598272546E1,-9.302469867E-1,1.446981806E0,2.748222347E0
1.599274746E1,3.552394009E-1,7.856184465E-1,9.681156018E-1
1.600277046E1,2.372912378E0,1.675101569E-1,-9.623844534E-1
1.601279246E1,4.909388920E0,-4.877978262E-1,-3.429095526E0
1.602281546E1,7.339311651E0,-1.024543572E0,-6.235865459E0
1.603283846E1,8.633168328E0,-1.815093121E0,-9.023623170E0
1.604286046E1,7.963869712E0,-3.196219346E0,-1.097809710E1
1.605288346E1,5.829009177E0,-4.092751579E0,-1.070427316E1
1.606290546E1,2.353179195E0,-4.188709066E0,-7.843962615E0
1.607292846E1,-2.306266984E0,-4.138728528E0,-3.386704967E0
1.608295146E1,-6.726769618E0,-3.939396654E0,6.145619532E-1
1.609297346E1,-9.578124570E0,-3.616054984E0,2.618903571E0
1.610299646E1,-1.005830084E1,-3.642538193E0,2.279674139E0
1.611301846E1,-8.016594055E0,-3.508739281E0,5.595200658E-1
1.612304146E1,-4.820290217E0,-2.978511719E0,-1.662509883E0
1.613306346E1,-1.285812662E0,-2.265857607E0,-2.656400304E0
1.614308646E1,2.227210289E0,-1.612712948E0,-2.510521629E0
1.615310946E1,4.834013633E0,-7.179556364E-1,-2.069764068E0
1.616313146E1,5.391324036E0,5.189468211E-1,-8.124609670E-1
1.617315446E1,3.905312065E0,1.244706005E0,1.297756185E0
1.618317646E1,2.318981169E0,1.122298419E0,2.889083526E0
1.619319946E1,1.867519988E0,7.304866581E-1,3.461865369E0
1.620322246E1,2.381000832E0,3.984222579E-1,3.281182020E0
1.621324446E1,2.759024493E0,1.368375640E-1,2.417458221E0
1.622326746E1,2.326089630E0,-2.464674488E-3,1.523126587E0
1.623328946E1,1.131813959E0,-1.847840014E-1,7.808284074E-1
1.624331246E1,-2.522652555E-1,-3.297771156E-1,5.864640355E-1
1.625333546E1,-1.611534149E0,-2.784786887E-1,9.509619176E-1
1.626335746E1,-2.811009749E0,1.320220895E-1,1.501295715E0
1.627338046E1,-3.582001385E0,8.194545293E-1,1.853624957E0
1.628340246E1,-3.617401013E0,1.549919114E0,1.718502820E0
1.629342546E1,-2.719600226E0,2.394925099E0,1.124857819E0
1.630344846E1,-7.970977002E-1,2.993847212E0,8.752509999E-1
1.631347046E1,1.075120525E0,2.786411097E0,5.111536521E-1
1.632349346E1,1.918974316E0,2.094223848E0,4.049132520E-1
1.633351546E1,1.563265384E0,9.126375121E-1,8.345801067E-1
1.634353846E1,6.076397270E-1,-6.028973427E-1,1.358837077E0
1.635356146E1,1.776325643E-1,-1.643954913E0,2.000396794E0
1.636358346E1,5.505562842E-2,-1.985070072E0,2.316423013E0
1.637360646E1,2.549637455E-1,-1.232103648E0,2.298138769E0
1.638362846E1,8.441537529E-1,8.134427145E-2,1.864570360E0
1.639365146E1,1.596564692E0,9.471485829E-1,1.226928569E0
1.640367446E1,1.859792892E0,1.033016407E0,7.041790116E-1
1.641369646E1,1.104239659E0,6.587163252E-1,1.119484520E-1
1.642371946E1,-2.446276224E-1,4.079505151E-1,-4.741235277E-1
1.643374146E1,-1.560752251E0,2.823942035E-1,-6.894805732E-1
1.644376446E1,-2.359581896E0,1.097176661E-1,-9.447124135E-1
1.645378746E1,-2.432025974E0,1.885908312E-1,-1.004392897E0
1.646380946E1,-2.165708106E0,2.988729729E-1,-1.057141214E0
1.647383246E1,-1.698538379E0,1.762640235E-1,-1.110992901E0
1.648385446E1,-1.538714679E0,-1.432921591E-1,-8.103337499E-1
1.649387746E1,-2.029613577E0,-2.901017109E-1,-5.125347644E-2
1.650390046E1,-2.423429983E0,-8.280037433E-2,6.377958646E-1
1.651392246E1,-1.967821956E0,1.708249435E-1,9.953115866E-1
1.652394546E1,-8.736921322E-1,7.863262519E-2,4.884006742E-1
1.653396746E1,6.118415362E-1,-3.344491871E-1,6.288048935E-1
1.654399046E1,1.001322232E0,-9.909827466E-1,7.641565338E-1
1.655401346E1,6.970758140E-1,-1.111711670E0,1.227483763E0
1.656403546E1,-1.102387261E-1,-1.175268127E0,1.836062552E0
1.657405846E1,-1.602171587E0,-1.166461343E0,1.842243936E0
1.658408046E1,-1.958848819E0,-9.436979216E-1,1.799599900E0
1.659410346E1,-1.001519283E0,-7.924551572E-1,6.551357827E-1
1.660412646E1,9.980688411E-1,-2.403894143E-1,-4.475982186E-1
1.661414846E1,2.489368449E0,3.934948093E-1,-1.128498588E0
1.662417146E1,1.653154045E0,1.157369507E0,-8.857233632E-1
1.663419346E1,-4.206750065E-1,1.488332000E0,1.715830350E-1
1.664421646E1,-2.236634247E0,6.443204802E-1,1.141039111E0
1.665423846E1,-2.784559869E0,-7.577041313E-1,1.303658072E0
1.666426146E1,-2.134220265E0,-1.631427546E0,8.137947169E-1
1.667428446E1,-7.015863562E-1,-1.630838439E0,3.009541431E-1
1.668430646E1,7.697970504E-1,-1.136904252E0,-2.027463555E-2
1.669432946E1,1.443251283E0,-3.643619344E-1,4.184577423E-1
1.670435146E1,9.944090688E-1,5.766021216E-1,9.040684175E-1
1.671437446E1,5.123581785E-1,1.029373957E0,1.051524671E0
1.672439746E1,1.878353709E-1,9.732406864E-1,5.004202107E-1
1.673441946E1,-1.317681742E-1,5.663841122E-1,9.381611931E-1
1.674444246E1,-1.026920173E0,-2.922806758E-1,4.457882130E-1
1.675446446E1,-1.238150253E0,-2.327221066E-1,-8.950479180E-2
1.676448746E1,-2.988839364E-1,-4.171666771E-1,-4.504506366E-1
1.677451046E1,8.839130652E-1,-4.720103440E-1,-1.357401731E0
1.678453246E1,1.957067757E0,6.911560929E-1,-1.081512702E0
1.679455496E1,2.236130217E0,1.602529437E0,-3.130096400E-1
1.680457696E1,1.606596175E0,1.914489209E0,2.876900268E-1
1.681459996E1,1.360328409E0,2.315856125E0,8.130892503E-1
1.682462296E1,1.666952890E0,2.755873429E0,1.389217894E0
1.683464496E1,2.096766509E0,2.266726065E0,1.534874228E0
1.684466796E1,2.266870784E0,1.185968531E0,5.962592912E-1
1.685468996E1,2.464158763E0,6.264510968E-1,-1.358413446E-1
1.686471296E1,2.406861312E0,4.916631281E-3,-3.733529055E-1
1.687473596E1,1.744076495E0,-8.798980746E-1,-8.115958714E-1
1.688475796E1,5.867879713E-1,-1.663907952E0,-1.153950348E0
1.689478096E1,-7.821756059E-1,-1.941614735E0,-1.973649145E0
1.690480296E1,-1.924015785E0,-1.337802303E0,-3.090380942E0
1.691482596E1,-2.414656236E0,-4.039964086E-1,-3.639061439E0
1.692484796E1,-2.540538602E0,3.525298011E-1,-4.079459689E0
1.693487096E1,-2.764793941E0,6.883435822E-1,-4.313675174E0
1.694489396E1,-3.228440720E0,3.449120486E-1,-4.731400260E0
1.695491596E1,-3.693193207E0,-1.182213449E-1,-4.546307818E0
1.696493896E1,-3.950855443E0,-8.346906191E-1,-3.941022180E0
1.697496096E1,-4.220790984E0,-1.774008976E0,-3.531894255E0
1.698498396E1,-4.229768799E0,-2.140593730E0,-2.708971742E0
1.699500696E1,-3.523067883E0,-1.971991020E0,-1.502506381E0
1.700502896E1,-2.111055350E0,-1.543833332E0,-5.405961370E-1
1.701505196E1,-4.630819380E-2,-1.121014736E0,3.452360209E-1
1.702507396E1,2.565971652E0,-1.059472792E0,9.924712285E-1
1.703509696E1,4.744841255E0,-1.376224065E0,1.456920319E0
1.704511996E1,5.660898803E0,-1.974838614E0,2.227154302E0
1.705514196E1,5.105641943E0,-2.685975228E0,2.247636952E0
1.706516496E1,3.912115300E0,-2.772407016E0,1.713737047E0
1.707518696E1,3.360911145E0,-2.358339363E0,9.490546290E-1
1.708520996E1,3.322434127E0,-1.918308903E0,1.903409028E-1
1.709523296E1,3.018119881E0,-1.825863254E0,-2.950691764E-1
1.710525496E1,2.328540782E0,-1.895089025E0,-5.570443547E-1
1.711527796E1,1.342409032E0,-1.807435169E0,-6.881330824E-1
1.712529996E1,2.200348181E-1,-1.504335975E0,-6.171781437E-1
1.713532296E1,-5.106607318E-1,-1.068240691E0,-2.408726136E-1
1.714534596E1,-3.419966269E-1,-6.513751459E-1,7.727607116E-3
1.715536796E1,3.615935701E-1,-3.456031895E-1,2.628323436E-2
1.716539096E1,1.204122382E0,-1.834827036E-1,3.252221346E-3
1.717541296E1,1.857992535E0,-2.062774891E-1,-3.545846589E-1
1.718543596E1,2.252434008E0,-1.799562478E-1,-6.847628935E-1
1.719545796E1,2.500119140E0,9.747016132E-2,-1.016407464E0
1.720548096E1,2.643180041E0,4.975226229E-1,-1.046236449E0
1.721550396E1,2.668336517E0,7.004046339E-1,-9.232999098E-1
1.722552596E1,2.358069806E0,5.764462933E-1,-7.207991374E-1
1.723554896E1,1.895771395E0,3.420992455E-1,-3.829246514E-1
1.724557096E1,1.280118644E0,2.139005041E-1,-2.436227784E-1
1.725559396E1,4.840032756E-1,3.073740935E-1,-2.353163700E-1
1.726561696E1,-2.576540494E-1,4.481855714E-1,-2.394458199E-1
1.727563896E1,-8.881803632E-1,4.089492926E-1,-8.440923572E-2
1.728566196E1,-1.334533417E0,1.551105514E-1,5.166453570E-2
1.729568396E1,-1.423604638E0,-2.383658391E-1,3.402907017E-1
1.730570696E1,-9.491188753E-1,-6.280722374E-1,7.552404070E-1
1.731572996E1,-3.698761511E-1,-1.080625971E0,8.753178044E-1
1.732575196E1,-2.298265654E-1,-1.317046734E0,9.834209812E-1
1.733577496E1,-6.152340907E-1,-1.245973828E0,1.321344145E0
1.734579696E1,-1.115276864E0,-1.057796687E0,1.572395811E0
1.735581996E1,-1.230331357E0,-7.557377127E-1,1.750782959E0
1.736584296E1,-1.149932726E0,-4.070150337E-1,1.674569180E0
1.737586496E1,-1.284194738E0,-9.346423388E-2,1.376130217E0
1.738588796E1,-1.351702012E0,3.717823434E-1,1.323025220E0
1.739590996E1,-1.358201777E0,6.138225728E-1,1.083997183E0
1.740593296E1,-1.361933470E0,6.523718038E-1,8.642921484E-1
1.741595596E1,-1.309426058E0,6.593402231E-1,8.377305865E-1
1.742597796E1,-1.343091987E0,6.130741292E-1,1.094923583E0
1.743600096E1,-1.722103243E0,4.394086084E-1,1.171336751E0
1.744602296E1,-2.167021390E0,1.773767486E-1,1.194173637E0
1.745604596E1,-2.381645195E0,-1.467235976E-1,1.281694468E0
1.746606896E1,-2.549830413E0,-2.792285210E-1,1.526111591E0
1.747609096E1,-2.765962214E0,-1.114818442E-1,1.866199687E0
1.748611396E1,-2.702835090E0,2.982346031E-1,2.191411588E0
1.749613596E1,-2.124684041E0,7.026172203E-1,2.700357624E0
1.750615896E1,-1.300457599E0,7.206611431E-1,3.395249796E0
1.751618096E1,-9.028913730E-1,3.066192180E-1,3.863097799E0
1.752620396E1,-1.113244371E0,-8.503313363E-2,4.119190350E0
1.753622696E1,-1.775210579E0,-1.212002090E-1,4.585496442E0
1.754624896E1,-3.061992125E0,-2.570845306E-1,5.669293066E0
1.755627196E1,-4.856378063E0,-9.225076121E-1,6.643578358E0
1.756629396E1,-6.326101445E0,-1.536371993E0,6.543854095E0
1.757631696E1,-7.265274206E0,-1.775079017E0,4.775459615E0
1.758633996E1,-7.963331183E0,-1.459824631E0,2.503411414E0
1.759636196E1,-8.738373771E0,-4.916762844E-1,1.240101031E0
1.760638496E1,-9.762473831E0,8.290167734E-1,6.692644098E-1
1.761640696E1,-1.065957237E1,2.437318874E0,3.828034678E-1
1.762642996E1,-1.146267340E1,3.899749901E0,4.112415473E-1
1.763645296E1,-1.189572287E1,4.829668567E0,3.226338646E-1
1.764647496E1,-1.158760501E1,5.308003551E0,6.415923156E-1
1.765649796E1,-1.060212464E1,5.153372179E0,7.513566864E-1
1.766651996E1,-9.158793254E0,4.797374395E0,3.472944966E-1
1.767654296E1,-7.649834470E0,4.953657020E0,1.514151111E-1
1.768656596E1,-6.257555705E0,5.394756936E0,2.591711095E-1
1.769658796E1,-5.082484630E0,5.867975607E0,2.492077464E-1
1.770661096E1,-4.058465846E0,6.545908222E0,1.027428880E-1
1.771663296E1,-2.860512861E0,7.315380167E0,-1.419160169E-1
1.772665596E1,-1.251952606E0,7.833042355E0,-4.709996527E-1
1.773667896E1,6.649453640E-1,7.748021500E0,-6.660197899E-1
1.774670096E1,2.586157410E0,6.849492735E0,-6.899577060E-1
1.775672396E1,3.961450598E0,5.178498250E0,-7.662165079E-1
1.776674596E1,4.755921144E0,3.109511569E0,-1.013459297E0
1.777676896E1,5.436720064E0,1.187909222E0,-1.582149844E0
1.778679196E1,6.183255136E0,-1.439011467E-1,-2.336109711E0
1.779681483E1,6.784761719E0,-6.206512436E-1,-3.040996235E0
1.780683783E1,8.112731051E0,-8.941632342E-1,-3.462173810E0
1.781685983E1,9.106924358E0,-1.335358167E0,-4.152106081E0
1.782688283E1,9.168021330E0,-2.011968434E0,-5.211695817E0
1.783690583E1,8.259377466E0,-3.094161167E0,-6.354385597E0
1.784692783E1,6.949183668E0,-4.104088161E0,-7.162924544E0
1.785695083E1,5.804220491E0,-4.612536306E0,-7.391634876E0
1.786697283E1,4.793764908E0,-4.504861000E0,-7.237940812E0
1.787699583E1,3.845814307E0,-3.819971368E0,-6.735624642E0
1.788701883E1,3.140139577E0,-2.726389428E0,-6.017425761E0
1.789704083E1,2.794018909E0,-1.496247522E0,-5.422209613E0
1.790706383E1,2.639544827E0,-5.083838260E-1,-4.990016177E0
1.791708583E1,2.331233425E0,7.594772995E-2,-4.383465786E0
1.792710883E1,1.707119168E0,4.957959402E-1,-3.416103306E0
1.793713183E1,9.760026187E-1,9.965140665E-1,-2.311046498E0
1.794715383E1,4.151189822E-1,1.595500499E0,-1.502493517E0
1.795717683E1,-1.308624405E-1,2.143268538E0,-1.134914153E0
1.796719883E1,-6.079005128E-1,2.777152031E0,-1.201756598E0
1.797722183E1,-9.280688989E-1,3.238354966E0,-1.547821133E0
1.798724383E1,-9.849833572E-1,3.200427879E0,-1.598401595E0
1.799726683E1,-5.792140728E-1,2.912191722E0,-1.181510614E0
1.800728983E1,2.546579361E-1,2.496000361E0,-5.000632381E-1
1.801731183E1,8.452770030E-1,2.524503491E0,1.119583923E-1
1.802733483E1,8.004785603E-1,2.828536193E0,2.575514308E-1
1.803735683E1,9.551070088E-1,3.257133592E0,6.265095690E-1
1.804737983E1,2.461393615E0,4.241682501E0,2.837009978E0
1.805740283E1,5.014827082E0,5.219091960E0,6.947418394E0
1.806742483E1,7.116584190E0,4.421815919E0,6.802606251E0
1.807744783E1,6.550043373E0,4.137182525E0,1.969146935E0
1.808746983E1,4.164913822E0,4.118570252E0,-8.375218409E-1
1.809749283E1,2.936370544E0,3.675488423E0,2.564202869E-1
1.810751583E1,3.236129808E0,3.265984230E0,2.771152495E0
1.811753783E1,3.178284473E0,3.225732290E0,3.046825617E0
1.812756083E1,1.595697550E0,1.795809443E0,1.321103825E0
1.813758283E1,-1.412250515E0,-9.045338559E-1,-3.342351497E0
1.814760583E1,-3.635502239E0,-5.040159559E0,-9.424560315E0
1.815762883E1,-2.908405066E0,-7.684620141E0,-1.337005620E1
1.816765083E1,-6.720889074E-1,-7.226811807E0,-9.405210709E0
1.817767383E1,1.029095337E0,-7.582707850E0,2.163419505E0
1.818769583E1,1.071041508E0,-8.039845508E0,7.608057284E0
1.819771883E1,1.963497940E0,-5.345754930E0,3.817638329E0
1.820774183E1,4.862132893E0,-2.413815406E-1,4.972238302E-1
1.821776383E1,6.095755647E0,4.128038356E0,1.280230618E0
1.822778683E1,4.373442489E0,4.477087018E0,3.510436143E0
1.823780883E1,2.043282028E0,1.571916047E0,3.942297166E0
1.824783183E1,7.939396191E-1,-6.604719517E-1,1.682355625E0
1.825785483E1,1.267968714E0,-8.859145671E-1,-4.078324744E-1
1.826787683E1,2.690850052E0,4.555980867E-1,-1.305770379E0
1.827789983E1,3.619404269E0,2.241309388E0,-8.451132810E-1
1.828792183E1,3.933741812E0,3.034332164E0,3.397086114E-1
1.829794483E1,3.453312355E0,2.577807586E0,5.993700099E-1
1.830796783E1,2.399850501E0,1.275043260E0,7.861575598E-1
1.831798983E1,1.614305729E0,1.449132997E-1,9.115189397E-1
1.832801283E1,1.448940623E0,-1.675654131E-1,9.391180900E-1
1.833803483E1,1.853342244E0,3.965798002E-1,3.952358177E-1
1.834805783E1,2.100882365E0,1.087871549E0,-4.576203462E-1
1.835808083E1,1.758891585E0,1.390468759E0,-7.234824246E-1
1.836810283E1,1.106781444E0,1.107444518E0,7.906546533E-2
1.837812583E1,6.851638663E-1,2.983889696E-1,5.946858054E-1
1.838814783E1,6.280593735E-1,-4.392378697E-1,6.727052039E-1
1.839817083E1,8.269068056E-1,-9.743849865E-1,6.749441028E-1
1.840819383E1,7.662401891E-1,-1.065637511E0,2.239892900E-1
1.841821583E1,5.376187348E-1,-4.834135839E-1,9.734853923E-2
1.842823883E1,4.687315178E-1,3.432871073E-1,-1.593892515E-1
1.843826083E1,8.393034875E-2,8.339067999E-1,4.993171334E-1
1.844828383E1,-7.091737032E-2,9.041991028E-1,6.383449182E-1
1.845830683E1,4.819742918E-2,7.023625740E-1,8.521468967E-2
1.846832883E1,-1.376013565E-1,5.509325525E-1,-4.083660328E-1
1.847835183E1,-1.700440478E-1,4.496318802E-1,-1.215413940E-1
1.848837383E1,3.858332026E-1,5.742784381E-2,6.208667135E-1
1.849839683E1,7.588136405E-1,-2.791606933E-1,1.784675467E-1
1.850841883E1,5.668325937E-1,-2.187680188E-1,7.366322279E-2
1.851844183E1,3.622367638E-1,-1.988892397E-1,4.046472037E-1
1.852846483E1,2.105342621E-1,-1.735772279E-1,3.445188233E-1
1.853848683E1,1.275956011E-1,-7.256394625E-2,-1.085380635E-1
1.854850983E1,2.658442444E-1,-2.457114038E-1,-2.694990465E-1
1.855853183E1,5.454516649E-1,-6.663671145E-1,-2.051472223E-1
1.856855483E1,6.592454982E-1,-1.087295013E0,-1.217097938E-1
1.857857783E1,4.424085224E-1,-1.470543162E0,3.647332326E-1
1.858859983E1,7.707799673E-3,-1.831001202E0,9.399659362E-1
1.859862283E1,-6.253626376E-1,-2.042084226E0,4.394609410E-1
1.860864483E1,-1.271469442E0,-1.984639425E0,-2.840372711E-2
1.861866783E1,-1.314780938E0,-1.732403698E0,-2.201511776E-1
1.862869083E1,-1.140953157E0,-1.590630645E0,-5.891233492E-1
1.863871283E1,-1.135698264E0,-1.380241979E0,-4.764334702E-1
1.864873583E1,-9.306960529E-1,-9.829280609E-1,-6.933327189E-1
1.865875783E1,-1.024043927E0,-5.872051701E-1,-1.370291480E0
1.866878083E1,-1.222009599E0,-2.014745861E-1,-1.385420858E0
1.867880383E1,-7.718371439E-1,1.373092881E-1,-8.450945699E-1
1.868882583E1,-1.823506826E-1,5.176130712E-2,-9.045268393E-1
1.869884883E1,-5.737580359E-2,-2.346426246E-1,-8.144361565E-1
1.870887083E1,4.265953124E-1,-1.423022255E-1,-2.212688729E-1
1.871889383E1,1.309021431E0,-5.651155588E-1,-1.937433976E-1
1.872891683E1,8.114374119E-1,-1.099370683E0,-3.477815697E-1
1.873893883E1,-1.308489919E-1,-9.376209104E-1,-5.779469812E-1
1.874896183E1,-6.434626937E-2,-2.005065796E-1,-5.363721085E-1
1.875898383E1,1.893468761E-1,6.399128491E-1,-3.146284416E-1
1.876900683E1,5.081300569E-1,1.297208008E0,9.237021983E-2
1.877902983E1,9.327455020E-1,1.767254857E0,-7.635259116E-1
1.878905183E1,6.664305568E-1,1.878978776E0,-1.332603544E0
1.879907383E1,-2.561899066E-2,1.269928409E0,-4.970855436E-1
1.880909583E1,-3.190913290E-1,2.901479039E-1,-2.037883294E-1
1.881911883E1,-6.038004452E-1,-4.192462394E-1,-3.308167505E-1
1.882914183E1,-1.135164413E0,-6.801384768E-1,-7.041480213E-2
1.883916383E1,-1.494377582E0,-5.556942326E-1,-1.652072310E-2
1.884918683E1,-1.545192810E0,-1.025604549E-1,-4.392276371E-1
1.885920883E1,-1.315704213E0,6.861906374E-1,-6.821779856E-1
1.886923183E1,-9.419607139E-1,1.657828602E0,-7.667424649E-1
1.887925483E1,-7.864698011E-1,2.194392207E0,-6.123037586E-1
1.888927683E1,-8.986275834E-1,2.185752653E0,-2.672759351E-1
1.889929983E1,-1.139646304E0,1.593018064E0,-2.911562562E-2
1.890932183E1,-1.261337972E0,8.026297510E-1,-1.009401914E-1
1.891934483E1,-1.023063349E0,6.907119969E-1,-3.741931504E-1
1.892936783E1,-4.149067283E-1,1.165162676E0,-1.563273570E0
1.893938983E1,6.489239931E-3,1.832061595E0,-1.920022722E0
1.894941283E1,6.445900369E-1,2.080017745E0,-1.308089677E0
1.895943483E1,1.158118243E0,1.417734326E0,-6.910122514E-2
1.896945783E1,6.069672972E-1,3.203157359E-1,7.526764029E-1
1.897947983E1,-6.287113380E-1,-5.729806486E-1,2.132216424E-1
1.898950283E1,-1.660930257E0,-8.608075002E-1,-2.628270811E-1
1.899952583E1,-1.585673668E0,-2.837361395E-1,-3.327065706E-2
1.900954783E1,-8.756339926E-1,8.410617453E-1,-8.033904737E-1
1.901957083E1,-6.822759265E-1,1.811780528E0,-1.903720685E0
1.902959283E1,-1.883388162E-1,2.246485343E0,-1.370632372E0
1.903961583E1,1.828827792E-1,1.567275404E0,-5.546996212E-1
1.904963883E1,-5.810629624E-1,6.406270865E-1,-5.225890517E-2
1.905966083E1,-1.161272231E0,5.290309292E-1,7.902804315E-2
1.906968383E1,-1.131349105E0,1.192470635E0,-5.469263327E-1
1.907970583E1,-6.934230584E-1,2.586243071E0,-7.769253910E-1
1.908972883E1,7.214294672E-2,4.213937755E0,-4.816766685E-1
1.909975183E1,2.293149340E-1,5.348089138E0,-1.878090584E-1
1.910977383E1,2.182829922E-1,5.509344821E0,6.390655875E-2
1.911979683E1,5.672483307E-1,4.605233426E0,1.762561297E-1
1.912981883E1,9.293482697E-1,3.198663774E0,1.486455774E-1
1.913984183E1,1.035373492E0,2.055623015E0,1.704679710E-1
1.914986483E1,1.240007329E0,1.272243467E0,-3.360219419E-2
1.915988683E1,1.514680869E0,1.157294809E0,-3.794977444E-1
1.916990983E1,1.644745165E0,1.418292443E0,-3.248052281E-1
1.917993183E1,1.839038200E0,1.552470839E0,5.333713174E-1
1.918995483E1,1.753274165E0,1.608766077E0,9.132409447E-1
1.919997783E1,1.526412138E0,1.471418490E0,7.379115987E-1
1.920999983E1,1.584162748E0,1.290667313E0,6.522574908E-1
1.922002283E1,1.374720746E0,9.435289371E-1,4.503326690E-1
1.923004483E1,7.772417253E-1,2.241193905E-1,1.429658845E-1
1.924006783E1,6.238745213E-2,-3.711797878E-1,-3.039321300E-1
1.925009083E1,-4.062013936E-1,-1.026206958E0,-3.929820085E-1
1.926011283E1,-4.985973412E-1,-1.644702772E0,-4.779250950E-1
1.927013583E1,-5.571507740E-1,-1.702516094E0,-7.223746696E-1
1.928015783E1,-7.743303967E-1,-1.634918042E0,-5.810559458E-1
1.929018083E1,-1.105116742E0,-1.425884029E0,-7.767447120E-1
1.930020383E1,-1.027203763E0,-1.237325065E0,-1.054597383E0
1.931022583E1,-9.667260110E-1,-1.166031719E0,-1.293949940E0
1.932024883E1,-1.702483495E0,-7.661763082E-1,-1.749179067E0
1.933027083E1,-2.689380646E0,-6.987307222E-1,-2.131104283E0
1.934029383E1,-2.558933358E0,-1.478504877E0,-1.876509790E0
1.935031683E1,-1.647074695E0,-2.608731755E0,-1.286699100E0
1.936033883E1,-9.213907939E-1,-3.764154432E0,-5.019504270E-1
1.937036183E1,-5.938771355E-1,-4.222578770E0,3.921534580E-1
1.938038383E1,-9.560495800E-1,-3.683699668E0,1.211372929E0
1.939040683E1,-1.283671412E0,-2.447175379E0,1.433395216E0
1.940042983E1,-8.171670985E-1,-1.134707161E0,1.271713271E0
1.941045183E1,1.515551519E-1,-6.102816452E-1,1.708404678E0
1.942047483E1,1.252468330E0,-7.574212722E-1,2.700516669E0
1.943049683E1,2.000969821E0,-1.017871899E0,3.357676465E0
1.944051983E1,2.947086736E0,-7.136963783E-1,3.529578758E0
1.945054283E1,4.107180169E0,-2.485329777E-2,3.246157199E0
1.946056483E1,4.914149723E0,6.359050213E-1,2.711691282E0
1.947058783E1,4.888642999E0,4.992937446E-1,2.623988018E0
1.948060983E1,3.844526750E0,-2.054069848E-1,3.005912357E0
1.949063283E1,2.314166572E0,-9.586499099E-1,3.471403055E0
1.950065483E1,7.190268463E-1,-1.736347645E0,2.832384245E0
1.951067783E1,-2.799997687E-1,-2.216119291E0,1.569088041E0
1.952070083E1,-7.225468701E-1,-2.151650668E0,2.029282039E-1
1.953072283E1,-1.149656153E0,-1.317627655E0,-1.046955657E0
1.954074583E1,-1.229983447E0,-6.743650091E-1,-1.698038442E0
1.955076783E1,-6.404677498E-1,7.969630681E-2,-1.771720084E0
1.956079083E1,3.254618704E-1,7.543654443E-1,-1.191983562E0
1.957081383E1,9.628259182E-1,9.150679804E-1,-3.662880072E-1
1.958083583E1,1.071475956E0,8.724225555E-1,-2.513419801E-1
1.959085883E1,1.136092951E0,9.286990095E-1,-7.081159419E-1
1.960088083E1,1.467705508E0,7.591755100E-1,-1.355213557E0
1.961090383E1,1.766866602E0,3.225096112E-1,-1.404964592E0
1.962092683E1,1.630586132E0,-2.953855473E-1,-4.306591272E-1
1.963094883E1,1.023429970E0,-8.792458908E-1,6.543604419E-1
1.964097183E1,1.897199285E-1,-1.277231289E0,1.332436898E0
1.965099383E1,-6.203620988E-1,-1.101828268E0,1.315294908E0
1.966101683E1,-8.778190970E-1,-4.502353129E-1,8.771992922E-1
1.967103983E1,-1.217255813E-1,1.714083494E-1,4.611318916E-2
1.968106183E1,1.152713662E0,4.608451588E-1,-5.838971078E-1
1.969108483E1,1.942024625E0,6.407510474E-1,-8.530505839E-1
1.970110683E1,2.153692077E0,6.531841283E-1,-4.858717534E-1
1.971112983E1,1.715875958E0,1.656687225E-1,2.852844822E-1
1.972115283E1,7.692444885E-1,-2.237966242E-1,8.392613876E-1
1.973117483E1,3.529771131E-1,-3.275369011E-1,5.635827112E-1
1.974119783E1,5.232755148E-1,-4.781567909E-1,-1.605575252E-1
1.975121983E1,5.266014111E-1,-2.949651325E-1,-9.475576687E-1
1.976124283E1,2.949785811E-1,1.455612443E-1,-1.172255641E0
1.977126583E1,2.785672009E-2,2.318880013E-1,-9.235525095E-1
1.978128783E1,-5.650240499E-1,1.690758951E-1,-1.031474276E0
1.979131083E1,-9.934571421E-1,1.551951899E-1,-1.021344852E0
1.980133350E1,-9.413911951E-1,4.437554285E-2,-8.524667394E-1
1.981135650E1,-2.335489029E-1,1.160376292E-1,-3.083613959E-1
1.982137950E1,7.920071143E-1,3.181533625E-1,-4.358365443E-1
1.983140150E1,1.538704739E0,4.658764686E-1,-9.722317493E-1
1.984142450E1,1.603056856E0,7.001018943E-1,-1.191408196E0
1.985144650E1,9.384979928E-1,7.411905710E-1,-9.062818810E-1
1.986146950E1,3.319879478E-1,1.366362736E-1,-1.665503365E-1
1.987149250E1,1.142820758E-1,-5.860041520E-1,3.779771760E-1
1.988151450E1,-8.793744564E-2,-8.183770336E-1,5.333143070E-1
1.989153750E1,-3.554662728E-1,-6.255709447E-1,-2.992458791E-2
1.990155950E1,-2.023031366E-1,-3.582030621E-1,-3.522263306E-1
1.991158250E1,-3.512188554E-2,-1.331295522E-1,-9.416268378E-2
1.992160550E1,-2.310305071E-1,-1.514444934E-1,4.552244496E-1
1.993162750E1,-2.876613754E-1,-4.389585190E-1,7.039927778E-1
1.994165050E1,-3.704743212E-1,-5.175028512E-1,6.957388481E-1
1.995167250E1,-7.282724637E-1,-4.922943351E-1,5.227597904E-1
1.996169550E1,-1.056976030E0,-3.253510657E-1,3.531221241E-2
1.997171750E1,-1.148238203E0,-4.662929365E-1,-3.664578688E-1
1.998174050E1,-9.780386192E-1,-7.430289356E-1,-3.535735291E-1
1.999176350E1,-1.138600237E0,-1.183685194E0,-4.175789058E-1
2.000178550E1,-1.343048133E0,-1.547495005E0,-2.514636022E-1
2.001180850E1,-1.275991094E0,-1.346462760E0,-3.766016185E-2
2.002183050E1,-1.262402165E0,-6.593242894E-1,2.676139042E-1
2.003185350E1,-8.803684831E-1,2.121026315E-1,4.445661449E-1
2.004187650E1,-6.010054761E-1,7.191550465E-1,-2.166431406E-1
2.005189850E1,-7.118049502E-1,6.866443813E-1,-6.180039167E-1
2.006192150E1,-1.083444037E0,2.885845046E-1,-7.212458646E-1
2.007194350E1,-1.414148521E0,-6.854961343E-1,-5.778838313E-1
2.008196650E1,-8.006990004E-1,-1.398029940E0,-1.134652197E-1
2.009198950E1,-5.017057210E-1,-1.604256558E0,3.003548035E-1
2.010201150E1,-7.132515514E-1,-1.271664301E0,1.139388734E0
2.011203450E1,-1.062429144E0,-3.003393084E-1,1.936938132E0
2.012205650E1,-1.421630618E0,3.615609719E-1,2.150481664E0
2.013207950E1,-1.125172107E0,7.021870114E-1,1.401145775E0
2.014210250E1,-7.113295716E-1,5.306801364E-1,-1.145025158E-1
2.015212450E1,-7.289197505E-1,-2.152667060E-1,-1.339381636E0
2.016214750E1,-1.688856559E0,-5.302490504E-1,-1.489576726E0
2.017216950E1,-3.072694284E0,-7.713199577E-1,-7.657902458E-1
2.018219250E1,-3.321000974E0,-6.646636744E-1,-1.241784883E-1
2.019221550E1,-3.205488060E0,3.545941606E-2,-1.694604957E-1
2.020223750E1,-2.511335269E0,7.978090140E-1,-3.842684877E-1
2.021226050E1,-1.790436144E0,1.198429094E0,-4.755622351E-1
2.022228250E1,-1.386664853E0,9.333534662E-1,-6.490505853E-1
2.023230550E1,-1.220717365E-1,1.059025772E-1,-1.945394960E-1
2.024232850E1,8.225430286E-1,-6.986351202E-1,8.886139342E-1
2.025235050E1,1.421069870E0,-1.050175499E0,1.752673656E0
2.026237350E1,2.351692833E0,-8.923380259E-1,2.176827463E0
2.027239550E1,3.053056995E0,-1.744871277E-1,1.751615017E0
2.028241850E1,3.542885851E0,9.189249500E-1,7.802688289E-1
2.029244150E1,3.288637805E0,1.737885463E0,1.036299984E0
2.030246350E1,1.806913598E0,1.726589811E0,2.122511508E0
2.031248650E1,2.068879384E-1,1.295163822E0,1.634634744E0
2.032250850E1,-4.863772452E-1,3.336157030E-1,2.741975766E-1
2.033253150E1,-5.062560242E-1,-2.619257511E-1,-1.398092651E-1
2.034255450E1,-5.421292770E-1,-6.707922873E-1,-6.470683792E-1
2.035257650E1,-8.128898603E-1,-8.978081692E-1,-1.703763451E0
2.036259950E1,-7.388056380E-1,-1.012414400E0,-2.256094365E0
2.037262150E1,-2.687608355E-1,-5.965460971E-1,-2.589405538E0
2.038264450E1,2.014599681E-2,-6.286140550E-3,-2.092246027E0
2.039266750E1,-8.393479264E-1,8.984239541E-1,-8.771241555E-1
2.040268950E1,-2.425889906E0,1.499857446E0,-3.964458990E-1
2.041271250E1,-3.371926714E0,1.158716779E0,-9.844158849E-1
2.042273450E1,-1.919568393E0,3.866548095E-1,-2.028896123E-1
2.043275750E1,6.371336675E-1,-5.507442356E-1,6.639235631E-1
2.044277950E1,2.763840260E0,-1.201109604E0,1.116245162E0
2.045280250E1,4.742678370E0,-1.157848175E0,1.822023095E0
2.046282550E1,6.021388419E0,1.432147566E-1,2.978762273E0
2.047284750E1,5.686305540E0,1.401639572E0,3.309498039E0
2.048287050E1,4.308219722E0,2.141453563E0,2.198747213E0
2.049289250E1,3.115843812E0,2.292292723E0,1.288583365E0
2.050291550E1,2.666384717E0,1.345550449E0,1.574854858E0
2.051293850E1,1.788635201E0,1.209098947E-1,1.177099913E0
2.052296050E1,6.068562001E-1,-9.300498625E-1,-2.478649333E-1
2.053298350E1,-6.232605636E-2,-1.046972760E0,-1.539358750E0
2.054300550E1,-1.050600227E0,-4.772987120E-1,-1.238927056E0
2.055302850E1,-2.722185865E0,-7.904206185E-1,-7.358603954E-1
2.056305150E1,-3.757106198E0,-1.424976541E0,-6.772734873E-1
2.057307350E1,-3.789883935E0,-2.145428500E0,-1.499508221E-1
2.058309650E1,-2.981749030E0,-2.527073634E0,1.091090441E-3
2.059311850E1,-1.489817339E0,-2.054950878E0,-4.021890342E-1
2.060314150E1,4.742852032E-1,-1.300783581E0,-2.857181995E-1
2.061316450E1,2.255102677E0,-4.372208726E-1,-3.301399353E-1
2.062318650E1,3.287601678E0,-1.645494193E-1,4.079089268E-1
2.063320950E1,3.606050983E0,-7.084531800E-1,1.493757923E0
2.064323150E1,3.077464442E0,-9.543462861E-1,2.042362261E0
2.065325450E1,1.570583174E0,-1.040887563E0,2.559900488E0
2.066327750E1,4.302276027E-1,-1.200732751E0,3.176961541E0
2.067329950E1,3.157285953E-1,-1.695856115E0,3.652512374E0
2.068332250E1,6.020094430E-1,-2.288542173E0,3.735353386E0
2.069334450E1,9.842460233E-1,-2.434591440E0,3.941841960E0
2.070336750E1,5.270352745E-1,-2.204210120E0,3.984732456E0
2.071339050E1,-4.563564706E-1,-1.226900210E0,4.262260022E0
2.072341250E1,-1.169407462E0,5.637476027E-2,4.158577194E0
2.073343550E1,-1.507897514E0,1.461797627E0,3.495535684E0
2.074345750E1,-2.125750573E0,2.527439670E0,1.922576055E0
2.075348050E1,-2.860628636E0,3.246763847E0,8.523883867E-1
2.076350350E1,-3.750796468E0,3.515083803E0,7.002509252E-1
2.077352550E1,-5.061372088E0,3.349213205E0,5.441993375E-1
2.078354850E1,-5.778137816E0,3.422651310E0,1.286603644E0
2.079357050E1,-5.566605434E0,3.957838188E0,3.173198565E0
2.080359333E1,-5.180294514E0,4.301957646E0,4.168782924E0
2.081361633E1,-4.623409789E0,4.487466410E0,3.388729273E0
2.082363833E1,-3.628517155E0,4.591180521E0,2.418019993E0
2.083366133E1,-2.242513037E0,4.468753273E0,1.752693536E0
2.084368333E1,-7.879193258E-1,4.049478967E0,1.124618229E0
2.085370633E1,2.561437136E-1,3.355618537E0,2.273641567E-1
2.086372833E1,1.067348406E0,2.657199033E0,-9.703055303E-1
2.087375133E1,1.640694214E0,2.047447730E0,-2.077760135E0
2.088377433E1,1.612601266E0,1.588011678E0,-2.864994167E0
2.089379633E1,1.609991654E0,9.826792619E-1,-3.697347654E0
2.090381933E1,2.037833592E0,2.642426920E-1,-4.649649754E0
2.091384133E1,2.305219747E0,-1.359670597E-1,-5.303815191E0
2.092386433E1,1.760902442E0,-2.758751428E-1,-5.571733443E0
2.093388733E1,9.864627028E-1,-3.327893087E-1,-5.905977831E0
2.094390933E1,1.082937668E0,-8.418888339E-1,-6.298732967E0
2.095393233E1,2.134746514E0,-1.798722233E0,-6.365938525E0
2.096395433E1,3.377573370E0,-2.551663515E0,-5.782398098E0
2.097397733E1,4.277216615E0,-2.710096162E0,-4.485898479E0
2.098400033E1,4.325054440E0,-2.600788020E0,-3.407868379E0
2.099402233E1,3.423228430E0,-2.321585519E0,-2.906148040E0
2.100404533E1,2.075236477E0,-1.890398681E0,-2.819685262E0
2.101406733E1,5.355698705E-1,-1.104485242E0,-2.745826743E0
2.102409033E1,-6.133623970E-1,-1.463189703E-1,-2.352940629E0
2.103411333E1,-8.827635026E-1,1.118470613E0,-1.300634769E0
2.104413533E1,-8.952753747E-1,2.423505412E0,-3.394694968E-1
2.105415833E1,-1.915375355E0,4.348274319E0,-1.669888777E0
2.106418033E1,-3.396516010E0,6.774779352E0,-5.035294091E0
2.107420333E1,-3.959339168E0,8.197361897E0,-7.918823347E0
2.108422633E1,-4.511245574E0,7.565024700E0,-6.938853977E0
2.109424833E1,-7.739734826E0,5.335290753E0,-3.215782667E0
2.110427133E1,-1.129137571E1,2.668646712E0,-6.433732313E-1
2.111429333E1,-1.211505661E1,-2.740970045E-1,-1.005125334E0
2.112431633E1,-1.168429574E1,-3.040920514E0,-2.257163821E0
2.113433933E1,-9.463230876E0,-5.612184480E0,-2.145938085E0
2.114436133E1,-5.131608258E0,-6.525097396E0,-2.317439843E0
2.115438433E1,-2.049390614E-2,-4.770067897E0,-3.249622843E0
2.116440633E1,5.912848894E0,-1.586468890E0,-2.946996689E0
2.117442933E1,1.143379985E1,1.538319700E0,-2.086512394E0
2.118445233E1,1.248404281E1,3.002864788E0,9.881807609E-1
2.119447433E1,9.313923393E0,1.501818749E0,4.792270360E0
2.120449733E1,6.311402714E0,-1.342856636E0,4.790478773E0
2.121451933E1,5.901200656E0,-2.875619435E0,2.131189799E0
2.122454233E1,5.680483468E0,-2.833555735E0,-3.847782187E-1
2.123456533E1,3.479054137E0,-1.559108891E0,-1.144056786E0
2.124458733E1,8.586279505E-1,1.961609289E-1,-5.739626884E-1
2.125461033E1,-1.172315868E0,1.548960755E0,3.474298596E-2
2.126463233E1,-2.420229802E0,2.213975994E0,2.477932318E-1
2.127465533E1,-2.460206046E0,1.837262401E0,-2.595706936E-1
2.128467833E1,-1.705005400E0,6.790561572E-1,-1.345208094E0
2.129470033E1,-1.146141391E0,-2.410029334E-1,-2.119440258E0
2.130472333E1,-1.072499219E0,-5.819836065E-1,-1.834062220E0
2.131474533E1,-1.073705499E0,-4.465278858E-1,-5.421876030E-1
2.132476833E1,-5.862564594E-1,-3.185294116E-1,1.050686181E-1
2.133479033E1,8.651972973E-1,-4.392466405E-1,-4.814011916E-1
2.134481333E1,2.624582387E0,-6.108805463E-1,-1.471994294E0
2.135483633E1,3.479655231E0,-5.693498200E-1,-1.556054159E0
2.136485833E1,2.809536835E0,-5.709554654E-1,4.760006301E-1
2.137488133E1,1.150606910E0,-7.276250307E-1,2.567063327E0
2.138490333E1,-8.358068526E-2,-5.548316221E-1,2.442588823E0
2.139492633E1,1.685114926E-1,3.188128553E-1,7.301150675E-1
2.140494933E1,1.129399059E0,1.162740467E0,-1.334674774E0
2.141497133E1,1.524371459E0,1.243708178E0,-1.857302417E0
2.142499433E1,9.115633786E-1,6.950209562E-1,-9.401349208E-1
2.143501633E1,-2.256083840E-1,-1.682588929E-1,2.168637268E-1
2.144503933E1,-8.402519059E-1,-8.122783877E-1,7.968211269E-1
2.145506233E1,-5.972088790E-1,-8.385198145E-1,7.573629463E-1
2.146508433E1,1.805357069E-1,-3.730212222E-1,-5.602825427E-1
2.147510733E1,1.148509514E0,3.680801788E-1,-1.566375518E0
2.148512933E1,1.767227960E0,8.831709073E-1,-1.631934500E0
2.149515233E1,1.435078629E0,5.804279548E-1,-1.442888170E0
2.150517533E1,6.413132572E-1,-9.194790468E-2,-6.870922780E-1
2.151519733E1,1.236738735E-1,-4.719775996E-1,-4.654953763E-2
2.152522033E1,8.294860125E-3,-5.039965870E-1,7.647207901E-2
2.153524233E1,2.620599264E-1,-3.813255110E-1,1.927229123E-1
2.154526533E1,4.214655501E-1,-2.672543004E-2,4.008602545E-2
2.155528833E1,5.368743843E-1,4.629149269E-1,2.520487623E-1
2.156531033E1,7.207967985E-1,6.301411285E-1,4.411654043E-1
2.157533333E1,5.968007433E-1,5.935950805E-1,2.491754405E-1
2.158535533E1,9.098501444E-2,2.870069989E-1,6.232985705E-3
2.159537833E1,-1.889130127E-1,-2.630003779E-1,-3.749854481E-1
2.160540133E1,-2.148693877E-1,-3.926427238E-1,-8.489468618E-1
2.161542333E1,-3.452049941E-1,-2.446211173E-1,-1.135765800E0
2.162544633E1,-5.248858380E-1,-1.360652199E-1,-1.330396951E0
2.163546833E1,-1.095786340E0,1.165640979E-1,-1.832160559E0
2.164549133E1,-2.163906578E0,3.572925045E-1,-1.756091646E0
2.165551433E1,-3.158375874E0,1.637450617E-1,-1.320347195E0
2.166553633E1,-3.928732502E0,-4.248940650E-1,-1.049259460E0
2.167555933E1,-4.155976353E0,-8.934147175E-1,2.462847233E-1
2.168558133E1,-3.410470975E0,-1.234096086E0,1.046655987E0
2.169560433E1,-2.059818538E0,-1.059329754E0,7.245869637E-3
2.170562733E1,-7.381092346E-1,-6.131801831E-1,-2.812136507E-1
2.171564933E1,3.876902783E-1,-6.109903643E-1,4.756481892E-1
2.172567233E1,1.282264572E0,-8.607485164E-1,1.346574004E0
2.173569433E1,1.734611607E0,-9.376013953E-1,2.397917119E0
2.174571733E1,1.896752558E0,-5.591742030E-1,3.024556789E0
2.175574033E1,2.281536770E0,2.091016577E-1,3.268695291E0
2.176576233E1,2.844496753E0,8.615215914E-1,3.514963350E0
2.177578533E1,2.641428216E0,1.195352947E0,3.515436974E0
2.178580733E1,1.736481546E0,1.327020476E0,3.325448074E0
2.179583033E1,1.411748239E0,1.455218779E0,2.792478460E0
2.180585408E1,1.924859539E0,1.759239202E0,2.621736255E0
2.181587608E1,1.973778514E0,2.027032031E0,2.783077892E0
2.182589908E1,1.263094475E0,2.637261782E0,3.148480046E0
2.183592108E1,3.480256909E-1,3.484261667E0,3.234387046E0
2.184594408E1,-3.220026577E-1,4.051432815E0,2.654829741E0
2.185596608E1,-2.933594871E-1,3.815579232E0,1.370699908E0
2.186598908E1,4.346235394E-1,2.950223475E0,-9.132736892E-2
2.187601208E1,1.533458033E0,2.231048548E0,-5.766231716E-1
2.188603408E1,2.429281291E0,1.595189427E0,-8.308868591E-1
2.189605708E1,3.650206817E0,7.722441101E-1,-1.738163205E0
2.190607908E1,4.825643343E0,-2.138095799E-1,-2.086881938E0
2.191610208E1,4.901298712E0,-1.259756592E0,-1.088580377E0
2.192612508E1,3.855100855E0,-2.251175103E0,3.799627443E-1
2.193614708E1,2.319278793E0,-2.472643366E0,1.573475353E0
2.194617008E1,8.825196737E-1,-1.545599191E0,1.898816771E0
2.195619208E1,3.540606022E-2,9.773562491E-2,1.154317626E0
2.196621508E1,-2.455052894E-1,1.840057955E0,2.040199156E-1
2.197623808E1,-5.330614150E-1,3.433436499E0,-2.783086809E-1
2.198626008E1,-1.536827198E0,4.372209896E0,-1.600780352E-1
2.199628308E1,-3.492930164E0,4.266302495E0,-9.356709919E-3
2.200630508E1,-5.705821792E0,3.391315497E0,7.870118380E-1
2.201632808E1,-7.244164588E0,1.732033569E0,1.686460370E0
2.202635108E1,-6.742489273E0,-4.442062488E-1,9.490428615E-1
2.203637308E1,-3.506279942E0,-2.305781665E0,-8.856146049E-1
2.204639608E1,8.743095982E-1,-3.500616329E0,-1.941026505E0
2.205641808E1,4.508096264E0,-3.945909576E0,-1.650999931E0
2.206644108E1,6.566475803E0,-3.584703968E0,-4.630608881E-1
2.207646408E1,6.964380582E0,-2.678144344E0,7.146711092E-1
2.208648608E1,6.217050288E0,-1.436081134E0,1.576183784E0
2.209650908E1,4.871881371E0,-1.624830133E-1,2.360906875E0
2.210653108E1,3.504383106E0,6.661645085E-1,3.008349184E0
2.211655408E1,2.172880300E0,1.080580071E0,3.336635259E0
2.212657708E1,7.904763132E-1,1.229311602E0,3.307892686E0
2.213659908E1,-6.502004403E-1,1.391625631E0,2.944630905E0
2.214662208E1,-2.126631748E0,1.678022838E0,2.636312194E0
2.215664408E1,-3.591138244E0,2.094591345E0,2.447008295E0
2.216666708E1,-4.887233820E0,2.657510690E0,2.135590267E0
2.217669008E1,-5.865766529E0,3.281753293E0,1.639132422E0
2.218671208E1,-6.480634584E0,3.970062669E0,1.107765457E0
2.219673508E1,-6.899733181E0,4.624888549E0,7.878678703E-1
2.220675708E1,-7.220645333E0,4.938129739E0,6.353444195E-1
2.221678008E1,-7.269914557E0,4.926224223E0,6.569300008E-1
2.222680308E1,-6.801304076E0,4.666772155E0,7.179725933E-1
2.223682508E1,-5.911640859E0,4.412372958E0,9.290816367E-1
2.224684808E1,-4.759099106E0,4.172615190E0,1.158906594E0
2.225687008E1,-3.528072515E0,3.976003733E0,1.264214802E0
2.226689308E1,-2.327611075E0,3.929440308E0,1.159527715E0
2.227691608E1,-1.166514260E0,3.914320578E0,8.339205408E-1
2.228693808E1,-4.717942894E-2,3.872449543E0,3.298709634E-1
2.229696108E1,1.052081326E0,3.676315219E0,-3.900060681E-1
2.230698308E1,2.073406298E0,3.439738628E0,-1.249954905E0
2.231700608E1,3.056984569E0,3.478895093E0,-2.268541041E0
2.232702908E1,4.113416224E0,3.837016878E0,-3.325799492E0
2.233705108E1,5.237966187E0,4.271265611E0,-4.277530611E0
2.234707408E1,6.089746463E0,4.458569470E0,-4.910664783E0
2.235709608E1,6.143068977E0,4.078873505E0,-5.237486715E0
2.236711908E1,5.317056211E0,3.263136343E0,-5.278783261E0
2.237714208E1,4.117477115E0,2.352372864E0,-5.261072044E0
2.238716408E1,2.861347843E0,1.792548158E0,-5.311344066E0
2.239718708E1,2.042826530E0,1.822204651E0,-5.122560861E0
2.240720908E1,1.781602755E0,2.270793681E0,-4.752643780E0
2.241723208E1,1.943977010E0,2.858051183E0,-4.504945199E0
2.242725408E1,2.301282232E0,2.838489908E0,-4.745120752E0
2.243727708E1,2.465601271E0,1.240019023E0,-4.666196204E0
2.244730008E1,1.980983453E0,-1.179138983E0,-3.782324070E0
2.245732208E1,1.143872087E0,-3.299021875E0,-2.728934137E0
2.246734508E1,2.350218165E-1,-4.570449218E0,-1.832508615E0
2.247736708E1,-5.516339260E-1,-4.348324605E0,-8.708983326E-1
2.248739008E1,-6.173618925E-1,-2.571372725E0,-1.213601212E-1
2.249741308E1,4.364829540E-1,-1.305285645E-1,-1.428591820E-1
2.250743508E1,2.247597776E0,1.256617514E0,-9.176053065E-1
2.251745808E1,3.288443677E0,1.475082355E0,-1.595261348E0
2.252748008E1,3.453129922E0,7.370795399E-1,-1.496632268E0
2.253750308E1,3.203013518E0,-1.864016336E-1,-1.027139443E0
2.254752608E1,2.904787978E0,-2.405620533E-1,-7.439441711E-1
2.255754808E1,3.083398197E0,5.744632101E-1,-8.428072122E-1
2.256757108E1,3.717767301E0,1.690344091E0,-1.320460339E0
2.257759308E1,4.479412163E0,2.718181107E0,-1.891066725E0
2.258761608E1,5.009572774E0,3.222614554E0,-2.345708207E0
2.259763908E1,4.911292773E0,2.835399655E0,-2.576277369E0
2.260766108E1,4.139227003E0,2.028154696E0,-2.453920289E0
2.261768408E1,2.982329367E0,1.593140563E0,-2.263938405E0
2.262770608E1,1.642780208E0,1.624686291E0,-2.231394557E0
2.263772908E1,4.512348944E-1,1.761053885E0,-2.245426851E0
2.264775208E1,-3.223882815E-1,1.804671775E0,-2.224319426E0
2.265777408E1,-7.145432013E-1,1.695283819E0,-1.992584914E0
2.266779708E1,-5.274586129E-1,1.611128937E0,-1.742045172E0
2.267781908E1,-1.557651472E-1,1.654135208E0,-1.376796507E0
2.268784208E1,2.523526713E-1,1.699537668E0,-9.159061787E-1
2.269786508E1,4.947013414E-1,1.540582865E0,-2.489007676E-1
2.270788708E1,7.372865313E-1,9.698659658E-1,4.900223994E-1
2.271791008E1,7.658305916E-1,2.779245919E-1,8.811344683E-1
2.272793208E1,3.426816282E-1,-2.272684085E-1,1.164124503E0
2.273795508E1,-2.137704036E-1,-5.897946095E-1,1.274524466E0
2.274797808E1,-7.984323272E-1,-8.033524668E-1,1.462704969E0
2.275800008E1,-1.194442024E0,-9.141472632E-1,1.249972592E0
2.276802308E1,-1.580264994E0,-1.084158567E0,6.764326577E-1
2.277804508E1,-1.506149489E0,-9.014073497E-1,2.972320980E-1
2.278806808E1,-1.121926463E0,-5.648293376E-1,-2.899246864E-1
2.279809108E1,-6.538396011E-1,-2.471050876E-1,-7.220849401E-1
2.280811271E1,-1.399639240E-1,-1.078261650E-1,-1.258186761E0
2.281813571E1,3.596379688E-1,-3.277785373E-1,-1.960445108E0
2.282815771E1,6.387463295E-1,-5.932696098E-1,-2.151603452E0
2.283818071E1,6.174912621E-1,-8.460716397E-1,-2.042578462E0
2.284820371E1,6.345380884E-1,-1.160661197E0,-1.870777033E0
2.285822571E1,7.813780457E-1,-1.243574715E0,-1.637933889E0
2.286824871E1,1.262797144E0,-1.116626986E0,-1.355977057E0
2.287827071E1,1.948333478E0,-1.144777821E0,-9.903008151E-1
2.288829371E1,2.581788955E0,-1.166893160E0,-3.565322202E-1
2.289831671E1,3.156928688E0,-1.148968520E0,-6.903222799E-2
2.290833871E1,3.488915758E0,-1.076922637E0,-1.685815130E-1
2.291836171E1,3.523485374E0,-9.793711996E-1,-2.978941490E-1
2.292838371E1,3.458958426E0,-8.947918099E-1,3.158709750E-2
2.293840671E1,3.067693453E0,-9.131713629E-1,2.850405072E-1
2.294842971E1,2.156962717E0,-9.115399897E-1,2.399839099E-1
2.295845171E1,1.012390280E0,-8.943392354E-1,8.471270621E-2
2.296847471E1,7.507766426E-2,-8.643892121E-1,-4.033467829E-2
2.297849671E1,-5.314854442E-1,-7.781369340E-1,-1.113828801E-1
2.298851971E1,-9.411804029E-1,-5.591312259E-1,5.993907675E-2
2.299854271E1,-1.202046913E0,-3.190194082E-1,2.156913601E-1
2.300856471E1,-1.258766074E0,-1.875178671E-1,1.870196843E-1
2.301858771E1,-1.174424374E0,-1.929347277E-2,4.227292795E-1
2.302860971E1,-1.049529894E0,9.142589450E-2,3.289504655E-1
2.303863271E1,-9.590103176E-1,1.993216413E-1,1.207221991E-1
2.304865571E1,-7.497868551E-1,3.343636715E-1,1.596114457E-1
2.305867771E1,-4.540171458E-1,4.311824530E-1,2.308469045E-1
2.306870071E1,-1.036497912E-1,5.197502285E-1,4.035279004E-1
2.307872271E1,1.434436020E-1,4.942972988E-1,4.099155450E-1
2.308874571E1,2.173627867E-1,4.110054660E-1,4.411098558E-1
2.309876871E1,3.444160585E-1,2.220111769E-1,4.717913657E-1
2.310879071E1,4.807517852E-1,5.384525478E-2,5.131229943E-1
2.311881371E1,6.728335503E-1,5.175370574E-3,6.032396241E-1
2.312883571E1,9.444520663E-1,-1.604505211E-1,5.100198770E-1
2.313885871E1,1.078902504E0,-2.996335495E-1,4.730795074E-1
2.314888171E1,1.147653774E0,-4.335453129E-1,3.546102405E-1
2.315890371E1,1.069465683E0,-5.243870705E-1,2.445165253E-1
2.316892671E1,8.362111875E-1,-4.256042093E-1,3.086376768E-1
2.317894871E1,5.420738746E-1,-3.123997754E-1,2.701600011E-1
2.318897171E1,1.820866808E-1,-1.813689351E-1,1.935188645E-1
2.319899471E1,-1.115628281E-1,-3.324200571E-2,2.005050447E-1
2.320901671E1,-2.684664282E-1,9.816481054E-2,1.077554137E-1
2.321903971E1,-4.402887605E-1,1.962577003E-1,-1.025921760E-1
2.322906171E1,-7.767686856E-1,1.735523772E-1,1.759082204E-1
2.323908471E1,-1.604231561E0,1.108006436E-1,1.539829159E-1
2.324910771E1,-1.123375696E0,1.198234820E-1,-8.075631199E-1
2.325912971E1,3.839312495E-1,7.154945433E-1,-3.632472358E-1
2.326915271E1,-1.433503389E-2,7.790169400E-1,3.924550281E-1
2.327917471E1,-8.247982997E-1,7.552164334E-1,5.109870064E-1
2.328919771E1,-7.781524292E-1,7.786345321E-1,2.913117921E-1
2.329921971E1,-5.230157523E-1,7.856184465E-1,3.419480950E-1
2.330924271E1,-4.855029403E-1,8.564159489E-1,5.616098607E-1
2.331926571E1,-3.270414957E-1,9.706413066E-1,8.748749509E-1
2.332928771E1,-1.218705922E-3,8.490589821E-1,8.626560243E-1
2.333931071E1,2.979197305E-1,7.307639623E-1,8.347514302E-1
2.334933371E1,8.293038717E-1,3.493372214E-1,6.880640852E-1
2.335935571E1,1.219734886E0,-2.580200851E-2,5.149240829E-1
2.336937871E1,1.497715027E0,-3.644867724E-1,1.887094565E-1
2.337940071E1,1.537057579E0,-5.320206106E-1,-3.087914586E-3
2.338942371E1,1.431424558E0,-4.775526273E-1,-1.506682024E-1
2.339944571E1,1.394953720E0,-4.194371510E-1,-4.700313538E-1
2.340946871E1,1.351450874E0,-1.747194815E-1,-1.040690365E0
2.341949171E1,2.100172220E-1,-2.407655364E-1,-7.418964761E-1
2.342951371E1,-4.476935282E-1,-8.095587015E-1,8.633684345E-2
2.343953671E1,-3.595768654E-1,-1.164187653E0,3.449746138E-1
2.344955971E1,2.744282493E-1,-1.021843035E0,2.682633837E-1
2.345958171E1,7.101231448E-1,-5.047848648E-1,1.560440594E-1
2.346960471E1,8.216849497E-1,-1.728010100E-1,2.048933800E-1
2.347962671E1,7.959895067E-1,-5.140696585E-2,1.768993235E-1
2.348964971E1,5.483014517E-1,1.220933712E-1,2.098529153E-1
2.349967271E1,2.018865225E-1,2.821866274E-1,2.568172397E-1
2.350969471E1,-6.949459657E-2,4.464805233E-1,2.492194408E-1
2.351971771E1,-2.725283428E-1,3.568169796E-1,5.505402043E-2
2.352973971E1,-4.710990554E-1,2.220263797E-1,-1.760404406E-1
2.353976271E1,-6.402780077E-1,1.444876224E-1,-2.353527689E-1
2.354978471E1,-7.687961532E-1,1.709293163E-1,-1.563406594E-1
2.355980771E1,-8.716628560E-1,2.478406674E-1,-1.170945865E-1
2.356983071E1,-7.340691009E-1,2.948025799E-1,-1.364699934E-1
2.357985271E1,-4.860227577E-1,5.131463832E-1,-3.992449611E-1
2.358987571E1,-7.721678039E-1,4.416706038E-1,-1.776218931E-1
2.359989771E1,-7.665857595E-1,4.269461453E-2,1.896807522E-1
2.360992071E1,-4.736092651E-1,-1.594839764E-1,1.623601487E-1
2.361994371E1,-9.748039395E-2,-1.925751239E-1,5.780089617E-2
2.362996571E1,2.111008573E-1,-2.066078568E-1,-7.240022421E-3
2.363998871E1,3.460401227E-1,-2.465314758E-1,-5.551821627E-2
2.365001071E1,2.450283028E-1,-2.294833338E-1,3.605912112E-2
2.366003371E1,2.197097129E-1,-2.133695769E-1,4.381369852E-2
2.367005671E1,4.322286661E-1,-1.740505600E-1,1.381623968E-2
2.368007871E1,6.970601727E-1,-1.679378808E-1,-1.439533331E-2
2.369010171E1,7.395910652E-1,-2.085964948E-1,-1.977455243E-2
2.370012371E1,5.591614853E-1,-1.761163813E-1,7.140035033E-3
2.371014671E1,3.326026364E-1,-6.407028079E-2,6.613895260E-2
2.372016971E1,9.479462162E-2,-2.717902780E-2,1.211408597E-1
2.373019171E1,-7.350417852E-2,-1.237797081E-2,1.355602397E-1
2.374021471E1,-5.905117705E-2,2.759768844E-2,9.167805567E-2
2.375023671E1,2.556314975E-1,2.569792807E-2,7.932215810E-2
2.376025971E1,5.523335454E-1,3.459446669E-2,1.691196030E-1
2.377028271E1,6.621467404E-1,1.540600991E-1,1.565779102E-1
2.378030471E1,5.491209389E-1,2.055775774E-1,5.330862656E-2
2.379032771E1,3.578973989E-1,1.540092283E-1,-2.733646408E-3
2.380034921E1,2.281517766E-1,1.262519109E-1,-1.111228251E-1
2.381037221E1,8.022394493E-2,1.913647503E-1,-2.150781333E-1
2.382039521E1,-8.231841758E-2,2.168059856E-1,-2.254924630E-1
2.383041721E1,-2.840089121E-1,2.275999457E-1,-8.227222458E-2
2.384044021E1,-3.328726315E-1,2.586258566E-1,5.411415361E-2
2.385046221E1,-1.482571761E-1,2.535838026E-1,1.401302042E-1
2.386048521E1,1.204552737E-1,1.822588813E-1,3.940730989E-2
2.387050821E1,3.253221220E-1,1.255139923E-1,-1.006820369E-1
2.388053021E1,3.505698144E-1,1.264302510E-1,-1.328399688E-1
2.389055321E1,2.388064268E-1,1.640529907E-1,-8.221082881E-2
2.390057521E1,1.820077434E-1,9.371858776E-2,-1.778138280E-3
2.391059821E1,2.248163787E-1,-3.470322490E-3,3.004350565E-2
2.392062121E1,3.199134475E-1,-1.004241747E-1,-1.693477175E-1
2.393064321E1,2.235555728E-1,-2.178064442E-1,-4.891967726E-1
2.394066621E1,-7.433082864E-2,-1.048417461E-1,-2.053482203E-1
2.395068921E1,-1.937331650E-1,2.693110585E-2,2.116603627E-1
2.396071121E1,-7.735968634E-2,1.139417678E-1,1.522766984E-1
2.397073421E1,1.437897572E-1,1.918611789E-1,6.149502084E-2
2.398075621E1,2.501153804E-1,1.946590716E-1,1.224254930E-1